scenario_id,run_id,run,seed,cache_key,cache_hit,randomized_params,x0_hash,before,after,delta,duration,method_cl_total_before,method_cl_total_after,method_q_total_before,method_q_total_after,I_cl,I_q,delta_R,before_vec_q,after_vec_q,delta_vec_q,before_vec_cl,after_vec_cl,delta_vec_cl,theta_classical,delta_sector_threshold,theta_node,peak_after_q,final_after_recovery_q,recovery_trajectory_q,cl_activated_sectors,cl_first_activation_step,matrix_version,theta_bin,theta_cascade
S3_transport_load,1,1,8890827646628305625,scenario=S3_transport_load|method=both|duration=0|theta=0.300000|delta_threshold=0.100000|A=v1.0|w=na|run_id=1|seed=8890827646628305625,False,"{""step_1_amount"": 0.16448926468715752}",5222c37788a096d3910624247b4a1e76a3afcfe0df2ea7ddd6490cebc16a26a9,0.44666666666666677,0.6336239731908312,0.18695730652416442,21,0.0,0.0,0.44666666666666677,0.6336239731908312,0,1,0.18695730652416442,"{""energy"": 0.6666666666666667, ""water"": 0.2666666666666667, ""transport"": 0.33333333333333337}","{""energy"": 0.7835149832442696, ""water"": 0.3445655443850686, ""transport"": 0.7228277219253427}","{""energy"": 0.11684831657760286, ""water"": 0.07789887771840187, ""transport"": 0.38949438859200936}","{""energy"": 0.0, ""water"": 0.0, ""transport"": 0.0}","{""energy"": 0.0, ""water"": 0.0, ""transport"": 0.0}","{""energy"": 0.0, ""water"": 0.0, ""transport"": 0.0}",0.3,0.1,,0.6336239731908312,,,[],,v1.0,0.7,0.3
S3_transport_load,2,2,15064064706037321761,scenario=S3_transport_load|method=both|duration=0|theta=0.300000|delta_threshold=0.100000|A=v1.0|w=na|run_id=2|seed=15064064706037321761,False,"{""step_1_amount"": 0.4069245996807116}",5222c37788a096d3910624247b4a1e76a3afcfe0df2ea7ddd6490cebc16a26a9,0.44666666666666677,0.7735663414915546,0.3268996748248878,21,0.0,0.0,0.44666666666666677,0.7735663414915546,0,1,0.3268996748248878,"{""energy"": 0.6666666666666667, ""water"": 0.2666666666666667, ""transport"": 0.33333333333333337}","{""energy"": 0.8781661247081464, ""water"": 0.40766630536098647, ""transport"": 1.0}","{""energy"": 0.21149945804147963, ""water"": 0.14099963869431975, ""transport"": 0.6666666666666666}","{""energy"": 0.0, ""water"": 0.0, ""transport"": 0.0}","{""energy"": 0.0, ""water"": 0.0, ""transport"": 0.0}","{""energy"": 0.0, ""water"": 0.0, ""transport"": 0.0}",0.3,0.1,,0.7735663414915546,,,[],,v1.0,0.7,0.3
S3_transport_load,3,3,5736000442184912993,scenario=S3_transport_load|method=both|duration=0|theta=0.300000|delta_threshold=0.100000|A=v1.0|w=na|run_id=3|seed=5736000442184912993,False,"{""step_1_amount"": 0.6397562889089384}",5222c37788a096d3910624247b4a1e76a3afcfe0df2ea7ddd6490cebc16a26a9,0.44666666666666677,0.800258112358603,0.35359144569193623,8,0.0,1.0,0.44666666666666677,0.800258112358603,1,1,0.35359144569193623,"{""energy"": 0.6666666666666667, ""water"": 0.2666666666666667, ""transport"": 0.33333333333333337}","{""energy"": 0.9226524094865607, ""water"": 0.43732382854659607, ""transport"": 1.0}","{""energy"": 0.25598574281989395, ""water"": 0.17065716187992935, ""transport"": 0.6666666666666666}","{""energy"": 0.0, ""water"": 0.0, ""transport"": 0.0}","{""energy"": 1.0, ""water"": 1.0, ""transport"": 1.0}","{""energy"": 1.0, ""water"": 1.0, ""transport"": 1.0}",0.3,0.1,,0.800258112358603,,,"[""energy"", ""water""]",1,v1.0,0.7,0.3
S3_transport_load,4,4,7352399632207347592,scenario=S3_transport_load|method=both|duration=0|theta=0.300000|delta_threshold=0.100000|A=v1.0|w=na|run_id=4|seed=7352399632207347592,False,"{""step_1_amount"": 0.3016806379667568}",5222c37788a096d3910624247b4a1e76a3afcfe0df2ea7ddd6490cebc16a26a9,0.44666666666666677,0.7324947004625271,0.2858280337958603,17,0.0,0.0,0.44666666666666677,0.7324947004625271,0,1,0.2858280337958603,"{""energy"": 0.6666666666666667, ""water"": 0.2666666666666667, ""transport"": 0.33333333333333337}","{""energy"": 0.8453091877890795, ""water"": 0.3857616807482752, ""transport"": 0.9288084037413759}","{""energy"": 0.17864252112241275, ""water"": 0.1190950140816085, ""transport"": 0.5954750704080425}","{""energy"": 0.0, ""water"": 0.0, ""transport"": 0.0}","{""energy"": 0.0, ""water"": 0.0, ""transport"": 0.0}","{""energy"": 0.0, ""water"": 0.0, ""transport"": 0.0}",0.3,0.1,,0.7324947004625271,,,[],,v1.0,0.7,0.3
S3_transport_load,5,5,16687246383841892249,scenario=S3_transport_load|method=both|duration=0|theta=0.300000|delta_threshold=0.100000|A=v1.0|w=na|run_id=5|seed=16687246383841892249,False,"{""step_1_amount"": 0.27496282020792073}",5222c37788a096d3910624247b4a1e76a3afcfe0df2ea7ddd6490cebc16a26a9,0.44666666666666677,0.7162904063259353,0.26962373965926856,20,0.0,0.0,0.44666666666666677,0.7162904063259353,0,1,0.26962373965926856,"{""energy"": 0.6666666666666667, ""water"": 0.2666666666666667, ""transport"": 0.33333333333333337}","{""energy"": 0.8351815039537096, ""water"": 0.3790098915246953, ""transport"": 0.8950494576234761}","{""energy"": 0.16851483728704286, ""water"": 0.11234322485802856, ""transport"": 0.5617161242901427}","{""energy"": 0.0, ""water"": 0.0, ""transport"": 0.0}","{""energy"": 0.0, ""water"": 0.0, ""transport"": 0.0}","{""energy"": 0.0, ""water"": 0.0, ""transport"": 0.0}",0.3,0.1,,0.7162904063259353,,,[],,v1.0,0.7,0.3
S3_transport_load,6,6,5722309517077894813,scenario=S3_transport_load|method=both|duration=0|theta=0.300000|delta_threshold=0.100000|A=v1.0|w=na|run_id=6|seed=5722309517077894813,False,"{""step_1_amount"": 0.21799268420297813}",5222c37788a096d3910624247b4a1e76a3afcfe0df2ea7ddd6490cebc16a26a9,0.44666666666666677,0.677079541973498,0.2304128753068312,16,0.0,0.0,0.44666666666666677,0.677079541973498,0,1,0.2304128753068312,"{""energy"": 0.6666666666666667, ""water"": 0.2666666666666667, ""transport"": 0.33333333333333337}","{""energy"": 0.8106747137334362, ""water"": 0.36267203137784637, ""transport"": 0.8133601568892317}","{""energy"": 0.1440080470667695, ""water"": 0.09600536471117965, ""transport"": 0.4800268235558983}","{""energy"": 0.0, ""water"": 0.0, ""transport"": 0.0}","{""energy"": 0.0, ""water"": 0.0, ""transport"": 0.0}","{""energy"": 0.0, ""water"": 0.0, ""transport"": 0.0}",0.3,0.1,,0.677079541973498,,,[],,v1.0,0.7,0.3
S3_transport_load,7,7,14093114895253656616,scenario=S3_transport_load|method=both|duration=0|theta=0.300000|delta_threshold=0.100000|A=v1.0|w=na|run_id=7|seed=14093114895253656616,False,"{""step_1_amount"": 0.3013913324035048}",5222c37788a096d3910624247b4a1e76a3afcfe0df2ea7ddd6490cebc16a26a9,0.44666666666666677,0.7323261022183728,0.28565943555170603,15,0.0,0.0,0.44666666666666677,0.7323261022183728,0,1,0.28565943555170603,"{""energy"": 0.6666666666666667, ""water"": 0.2666666666666667, ""transport"": 0.33333333333333337}","{""energy"": 0.845203813886483, ""water"": 0.38569143147987756, ""transport"": 0.9284571573993876}","{""energy"": 0.17853714721981628, ""water"": 0.11902476481321084, ""transport"": 0.5951238240660542}","{""energy"": 0.0, ""water"": 0.0, ""transport"": 0.0}","{""energy"": 0.0, ""water"": 0.0, ""transport"": 0.0}","{""energy"": 0.0, ""water"": 0.0, ""transport"": 0.0}",0.3,0.1,,0.7323261022183728,,,[],,v1.0,0.7,0.3
S3_transport_load,8,8,7099181496046430618,scenario=S3_transport_load|method=both|duration=0|theta=0.300000|delta_threshold=0.100000|A=v1.0|w=na|run_id=8|seed=7099181496046430618,False,"{""step_1_amount"": 0.4802300141705774}",5222c37788a096d3910624247b4a1e76a3afcfe0df2ea7ddd6490cebc16a26a9,0.44666666666666677,0.8547106480011262,0.4080439813344594,16,0.0,1.0,0.44666666666666677,0.8547106480011262,1,1,0.4080439813344594,"{""energy"": 0.6666666666666667, ""water"": 0.2666666666666667, ""transport"": 0.33333333333333337}","{""energy"": 0.9596813165015936, ""water"": 0.5694604046682954, ""transport"": 1.0}","{""energy"": 0.29301464983492687, ""water"": 0.3027937380016287, ""transport"": 0.6666666666666666}","{""energy"": 0.0, ""water"": 0.0, ""transport"": 0.0}","{""energy"": 1.0, ""water"": 1.0, ""transport"": 1.0}","{""energy"": 1.0, ""water"": 1.0, ""transport"": 1.0}",0.3,0.1,,0.8547106480011262,,,"[""energy"", ""water""]",2,v1.0,0.7,0.3
S3_transport_load,9,9,16933441105734861115,scenario=S3_transport_load|method=both|duration=0|theta=0.300000|delta_threshold=0.100000|A=v1.0|w=na|run_id=9|seed=16933441105734861115,False,"{""step_1_amount"": 0.22028588560507475}",5222c37788a096d3910624247b4a1e76a3afcfe0df2ea7ddd6490cebc16a26a9,0.44666666666666677,0.678790709778493,0.23212404311182622,8,0.0,0.0,0.44666666666666677,0.678790709778493,0,1,0.23212404311182622,"{""energy"": 0.6666666666666667, ""water"": 0.2666666666666667, ""transport"": 0.33333333333333337}","{""energy"": 0.8117441936115581, ""water"": 0.36338501796326095, ""transport"": 0.8169250898163045}","{""energy"": 0.1450775269448914, ""water"": 0.09671835129659423, ""transport"": 0.48359175648297115}","{""energy"": 0.0, ""water"": 0.0, ""transport"": 0.0}","{""energy"": 0.0, ""water"": 0.0, ""transport"": 0.0}","{""energy"": 0.0, ""water"": 0.0, ""transport"": 0.0}",0.3,0.1,,0.678790709778493,,,[],,v1.0,0.7,0.3
S3_transport_load,10,10,13585426720487505899,scenario=S3_transport_load|method=both|duration=0|theta=0.300000|delta_threshold=0.100000|A=v1.0|w=na|run_id=10|seed=13585426720487505899,False,"{""step_1_amount"": 0.36172338631294504}",5222c37788a096d3910624247b4a1e76a3afcfe0df2ea7ddd6490cebc16a26a9,0.44666666666666677,0.7645014056240215,0.3178347389573547,11,0.0,0.0,0.44666666666666677,0.7645014056240215,0,1,0.3178347389573547,"{""energy"": 0.6666666666666667, ""water"": 0.2666666666666667, ""transport"": 0.33333333333333337}","{""energy"": 0.8653133785150134, ""water"": 0.3990978078988978, ""transport"": 0.995489039494489}","{""energy"": 0.1986467118483467, ""water"": 0.1324311412322311, ""transport"": 0.6621557061611556}","{""energy"": 0.0, ""water"": 0.0, ""transport"": 0.0}","{""energy"": 0.0, ""water"": 0.0, ""transport"": 0.0}","{""energy"": 0.0, ""water"": 0.0, ""transport"": 0.0}",0.3,0.1,,0.7645014056240215,,,[],,v1.0,0.7,0.3
S3_transport_load,11,11,15366264700698212262,scenario=S3_transport_load|method=both|duration=0|theta=0.300000|delta_threshold=0.100000|A=v1.0|w=na|run_id=11|seed=15366264700698212262,False,"{""step_1_amount"": 0.3648046773618723}",5222c37788a096d3910624247b4a1e76a3afcfe0df2ea7ddd6490cebc16a26a9,0.44666666666666677,0.7659935335798127,0.31932686691314593,8,0.0,0.0,0.44666666666666677,0.7659935335798127,0,1,0.31932686691314593,"{""energy"": 0.6666666666666667, ""water"": 0.2666666666666667, ""transport"": 0.33333333333333337}","{""energy"": 0.866245958487383, ""water"": 0.3997195278804775, ""transport"": 0.9985976394023873}","{""energy"": 0.1995792918207162, ""water"": 0.13305286121381077, ""transport"": 0.665264306069054}","{""energy"": 0.0, ""water"": 0.0, ""transport"": 0.0}","{""energy"": 0.0, ""water"": 0.0, ""transport"": 0.0}","{""energy"": 0.0, ""water"": 0.0, ""transport"": 0.0}",0.3,0.1,,0.7659935335798127,,,[],,v1.0,0.7,0.3
S3_transport_load,12,12,6256907488579367365,scenario=S3_transport_load|method=both|duration=0|theta=0.300000|delta_threshold=0.100000|A=v1.0|w=na|run_id=12|seed=6256907488579367365,False,"{""step_1_amount"": 0.25962451065221687}",5222c37788a096d3910624247b4a1e76a3afcfe0df2ea7ddd6490cebc16a26a9,0.44666666666666677,0.7063837792874343,0.2597171126207676,24,0.0,0.0,0.44666666666666677,0.7063837792874343,0,1,0.2597171126207676,"{""energy"": 0.6666666666666667, ""water"": 0.2666666666666667, ""transport"": 0.33333333333333337}","{""energy"": 0.8289898620546464, ""water"": 0.3748821302586532, ""transport"": 0.8744106512932658}","{""energy"": 0.16232319538797968, ""water"": 0.10821546359198647, ""transport"": 0.5410773179599324}","{""energy"": 0.0, ""water"": 0.0, ""transport"": 0.0}","{""energy"": 0.0, ""water"": 0.0, ""transport"": 0.0}","{""energy"": 0.0, ""water"": 0.0, ""transport"": 0.0}",0.3,0.1,,0.7063837792874343,,,[],,v1.0,0.7,0.3
S3_transport_load,13,13,5724359574337817711,scenario=S3_transport_load|method=both|duration=0|theta=0.300000|delta_threshold=0.100000|A=v1.0|w=na|run_id=13|seed=5724359574337817711,False,"{""step_1_amount"": 0.5346713530562834}",5222c37788a096d3910624247b4a1e76a3afcfe0df2ea7ddd6490cebc16a26a9,0.44666666666666677,0.7904708774533378,0.343804210786671,11,0.0,0.0,0.44666666666666677,0.7904708774533378,0,1,0.343804210786671,"{""energy"": 0.6666666666666667, ""water"": 0.2666666666666667, ""transport"": 0.33333333333333337}","{""energy"": 0.9063403513111185, ""water"": 0.42644912309630123, ""transport"": 1.0}","{""energy"": 0.2396736846444517, ""water"": 0.1597824564296345, ""transport"": 0.6666666666666666}","{""energy"": 0.0, ""water"": 0.0, ""transport"": 0.0}","{""energy"": 0.0, ""water"": 0.0, ""transport"": 0.0}","{""energy"": 0.0, ""water"": 0.0, ""transport"": 0.0}",0.3,0.1,,0.7904708774533378,,,[],,v1.0,0.7,0.3
S3_transport_load,14,14,16009105258324448555,scenario=S3_transport_load|method=both|duration=0|theta=0.300000|delta_threshold=0.100000|A=v1.0|w=na|run_id=14|seed=16009105258324448555,False,"{""step_1_amount"": 0.3485657155627191}",5222c37788a096d3910624247b4a1e76a3afcfe0df2ea7ddd6490cebc16a26a9,0.44666666666666677,0.7579722391002854,0.31130557243361867,28,0.0,0.0,0.44666666666666677,0.7579722391002854,0,1,0.31130557243361867,"{""energy"": 0.6666666666666667, ""water"": 0.2666666666666667, ""transport"": 0.33333333333333337}","{""energy"": 0.8612326494376784, ""water"": 0.3963773218473412, ""transport"": 0.9818866092367057}","{""energy"": 0.19456598277101167, ""water"": 0.12971065518067448, ""transport"": 0.6485532759033723}","{""energy"": 0.0, ""water"": 0.0, ""transport"": 0.0}","{""energy"": 0.0, ""water"": 0.0, ""transport"": 0.0}","{""energy"": 0.0, ""water"": 0.0, ""transport"": 0.0}",0.3,0.1,,0.7579722391002854,,,[],,v1.0,0.7,0.3
S3_transport_load,15,15,13361959329272287971,scenario=S3_transport_load|method=both|duration=0|theta=0.300000|delta_threshold=0.100000|A=v1.0|w=na|run_id=15|seed=13361959329272287971,False,"{""step_1_amount"": 0.43573518612923134}",5222c37788a096d3910624247b4a1e76a3afcfe0df2ea7ddd6490cebc16a26a9,0.44666666666666677,0.7883551214380011,0.34168845477133436,25,0.0,0.0,0.44666666666666677,0.7883551214380011,0,1,0.34168845477133436,"{""energy"": 0.6666666666666667, ""water"": 0.2666666666666667, ""transport"": 0.33333333333333337}","{""energy"": 0.9028140912855576, ""water"": 0.4240982830792607, ""transport"": 1.0}","{""energy"": 0.23614742461889082, ""water"": 0.15743161641259396, ""transport"": 0.6666666666666666}","{""energy"": 0.0, ""water"": 0.0, ""transport"": 0.0}","{""energy"": 0.0, ""water"": 0.0, ""transport"": 0.0}","{""energy"": 0.0, ""water"": 0.0, ""transport"": 0.0}",0.3,0.1,,0.7883551214380011,,,[],,v1.0,0.7,0.3
S3_transport_load,16,16,8417414299755024503,scenario=S3_transport_load|method=both|duration=0|theta=0.300000|delta_threshold=0.100000|A=v1.0|w=na|run_id=16|seed=8417414299755024503,False,"{""step_1_amount"": 0.5665510099153586}",5222c37788a096d3910624247b4a1e76a3afcfe0df2ea7ddd6490cebc16a26a9,0.44666666666666677,0.7937722209133655,0.34710555424669876,8,0.0,0.0,0.44666666666666677,0.7937722209133655,0,1,0.34710555424669876,"{""energy"": 0.6666666666666667, ""water"": 0.2666666666666667, ""transport"": 0.33333333333333337}","{""energy"": 0.9118425904111649, ""water"": 0.4301172824963322, ""transport"": 1.0}","{""energy"": 0.24517592374449815, ""water"": 0.16345061582966547, ""transport"": 0.6666666666666666}","{""energy"": 0.0, ""water"": 0.0, ""transport"": 0.0}","{""energy"": 0.0, ""water"": 0.0, ""transport"": 0.0}","{""energy"": 0.0, ""water"": 0.0, ""transport"": 0.0}",0.3,0.1,,0.7937722209133655,,,[],,v1.0,0.7,0.3
S3_transport_load,17,17,3036334066948276230,scenario=S3_transport_load|method=both|duration=0|theta=0.300000|delta_threshold=0.100000|A=v1.0|w=na|run_id=17|seed=3036334066948276230,False,"{""step_1_amount"": 0.7215460568336938}",5222c37788a096d3910624247b4a1e76a3afcfe0df2ea7ddd6490cebc16a26a9,0.44666666666666677,0.8060042034953181,0.3593375368286513,5,0.0,1.0,0.44666666666666677,0.8060042034953181,1,1,0.3593375368286513,"{""energy"": 0.6666666666666667, ""water"": 0.2666666666666667, ""transport"": 0.33333333333333337}","{""energy"": 0.9322292280477524, ""water"": 0.44370837425405724, ""transport"": 1.0}","{""energy"": 0.2655625613810857, ""water"": 0.17704170758739052, ""transport"": 0.6666666666666666}","{""energy"": 0.0, ""water"": 0.0, ""transport"": 0.0}","{""energy"": 1.0, ""water"": 1.0, ""transport"": 1.0}","{""energy"": 1.0, ""water"": 1.0, ""transport"": 1.0}",0.3,0.1,,0.8060042034953181,,,"[""energy"", ""water""]",1,v1.0,0.7,0.3
S3_transport_load,18,18,7150244649693364022,scenario=S3_transport_load|method=both|duration=0|theta=0.300000|delta_threshold=0.100000|A=v1.0|w=na|run_id=18|seed=7150244649693364022,False,"{""step_1_amount"": 0.21739299023810577}",5222c37788a096d3910624247b4a1e76a3afcfe0df2ea7ddd6490cebc16a26a9,0.44666666666666677,0.7343927641740933,0.2877260975074265,29,0.0,0.0,0.44666666666666677,0.7343927641740933,0,1,0.2877260975074265,"{""energy"": 0.6666666666666667, ""water"": 0.2666666666666667, ""transport"": 0.33333333333333337}","{""energy"": 0.8464954776088083, ""water"": 0.38655254062809447, ""transport"": 0.932762703140472}","{""energy"": 0.17982881094214154, ""water"": 0.11988587396142775, ""transport"": 0.5994293698071387}","{""energy"": 0.0, ""water"": 0.0, ""transport"": 0.0}","{""energy"": 0.0, ""water"": 0.0, ""transport"": 0.0}","{""energy"": 0.0, ""water"": 0.0, ""transport"": 0.0}",0.3,0.1,,0.7343927641740933,,,[],,v1.0,0.7,0.3
S3_transport_load,19,19,9401572442365823527,scenario=S3_transport_load|method=both|duration=0|theta=0.300000|delta_threshold=0.100000|A=v1.0|w=na|run_id=19|seed=9401572442365823527,False,"{""step_1_amount"": 0.12898884031515234}",5222c37788a096d3910624247b4a1e76a3afcfe0df2ea7ddd6490cebc16a26a9,0.44666666666666677,0.6006920279405522,0.15402536127388544,16,0.0,0.0,0.44666666666666677,0.6006920279405522,0,0,0.15402536127388544,"{""energy"": 0.6666666666666667, ""water"": 0.2666666666666667, ""transport"": 0.33333333333333337}","{""energy"": 0.7629325174628452, ""water"": 0.33084390053078566, ""transport"": 0.654219502653928}","{""energy"": 0.09626585079617844, ""water"": 0.06417723386411894, ""transport"": 0.32088616932059466}","{""energy"": 0.0, ""water"": 0.0, ""transport"": 0.0}","{""energy"": 0.0, ""water"": 0.0, ""transport"": 0.0}","{""energy"": 0.0, ""water"": 0.0, ""transport"": 0.0}",0.3,0.1,,0.6006920279405522,,,[],,v1.0,0.7,0.3
S3_transport_load,20,20,4504664692610417991,scenario=S3_transport_load|method=both|duration=0|theta=0.300000|delta_threshold=0.100000|A=v1.0|w=na|run_id=20|seed=4504664692610417991,False,"{""step_1_amount"": 0.3708545415453991}",5222c37788a096d3910624247b4a1e76a3afcfe0df2ea7ddd6490cebc16a26a9,0.44666666666666677,0.7674979346807774,0.32083126801411066,7,0.0,0.0,0.44666666666666677,0.7674979346807774,0,1,0.32083126801411066,"{""energy"": 0.6666666666666667, ""water"": 0.2666666666666667, ""transport"": 0.33333333333333337}","{""energy"": 0.8680521133568512, ""water"": 0.40092363112678975, ""transport"": 1.0}","{""energy"": 0.20138544669018443, ""water"": 0.13425696446012303, ""transport"": 0.6666666666666666}","{""energy"": 0.0, ""water"": 0.0, ""transport"": 0.0}","{""energy"": 0.0, ""water"": 0.0, ""transport"": 0.0}","{""energy"": 0.0, ""water"": 0.0, ""transport"": 0.0}",0.3,0.1,,0.7674979346807774,,,[],,v1.0,0.7,0.3
S3_transport_load,21,21,13451080246356810447,scenario=S3_transport_load|method=both|duration=0|theta=0.300000|delta_threshold=0.100000|A=v1.0|w=na|run_id=21|seed=13451080246356810447,False,"{""step_1_amount"": 0.7791368082025691}",5222c37788a096d3910624247b4a1e76a3afcfe0df2ea7ddd6490cebc16a26a9,0.44666666666666677,0.8092827330086978,0.36261606634203103,9,0.0,1.0,0.44666666666666677,0.8092827330086978,1,1,0.36261606634203103,"{""energy"": 0.6666666666666667, ""water"": 0.2666666666666667, ""transport"": 0.33333333333333337}","{""energy"": 0.937693443903385, ""water"": 0.447351184824479, ""transport"": 1.0}","{""energy"": 0.2710267772367183, ""water"": 0.18068451815781228, ""transport"": 0.6666666666666666}","{""energy"": 0.0, ""water"": 0.0, ""transport"": 0.0}","{""energy"": 1.0, ""water"": 1.0, ""transport"": 1.0}","{""energy"": 1.0, ""water"": 1.0, ""transport"": 1.0}",0.3,0.1,,0.8092827330086978,,,"[""energy"", ""water""]",1,v1.0,0.7,0.3
S3_transport_load,22,22,175124498767938981,scenario=S3_transport_load|method=both|duration=0|theta=0.300000|delta_threshold=0.100000|A=v1.0|w=na|run_id=22|seed=175124498767938981,False,"{""step_1_amount"": 0.2655338216359576}",5222c37788a096d3910624247b4a1e76a3afcfe0df2ea7ddd6490cebc16a26a9,0.44666666666666677,0.7102545279836123,0.26358786131694556,30,0.0,0.0,0.44666666666666677,0.7102545279836123,0,1,0.26358786131694556,"{""energy"": 0.6666666666666667, ""water"": 0.2666666666666667, ""transport"": 0.33333333333333337}","{""energy"": 0.8314090799897578, ""water"": 0.37649494221539404, ""transport"": 0.8824747110769701}","{""energy"": 0.16474241332309103, ""water"": 0.10982827554872732, ""transport"": 0.5491413777436367}","{""energy"": 0.0, ""water"": 0.0, ""transport"": 0.0}","{""energy"": 0.0, ""water"": 0.0, ""transport"": 0.0}","{""energy"": 0.0, ""water"": 0.0, ""transport"": 0.0}",0.3,0.1,,0.7102545279836123,,,[],,v1.0,0.7,0.3
S3_transport_load,23,23,17003949108129404438,scenario=S3_transport_load|method=both|duration=0|theta=0.300000|delta_threshold=0.100000|A=v1.0|w=na|run_id=23|seed=17003949108129404438,False,"{""step_1_amount"": 0.3955790166111843}",5222c37788a096d3910624247b4a1e76a3afcfe0df2ea7ddd6490cebc16a26a9,0.44666666666666677,0.7717278687083056,0.3250612020416388,8,0.0,0.0,0.44666666666666677,0.7717278687083056,0,1,0.3250612020416388,"{""energy"": 0.6666666666666667, ""water"": 0.2666666666666667, ""transport"": 0.33333333333333337}","{""energy"": 0.8751020034027314, ""water"": 0.40562355782404313, ""transport"": 1.0}","{""energy"": 0.20843533673606462, ""water"": 0.13895689115737642, ""transport"": 0.6666666666666666}","{""energy"": 0.0, ""water"": 0.0, ""transport"": 0.0}","{""energy"": 0.0, ""water"": 0.0, ""transport"": 0.0}","{""energy"": 0.0, ""water"": 0.0, ""transport"": 0.0}",0.3,0.1,,0.7717278687083056,,,[],,v1.0,0.7,0.3
S3_transport_load,24,24,11040116348213503842,scenario=S3_transport_load|method=both|duration=0|theta=0.300000|delta_threshold=0.100000|A=v1.0|w=na|run_id=24|seed=11040116348213503842,False,"{""step_1_amount"": 0.39433548215357506}",5222c37788a096d3910624247b4a1e76a3afcfe0df2ea7ddd6490cebc16a26a9,0.44666666666666677,0.7715225310648721,0.32485586439820535,23,0.0,0.0,0.44666666666666677,0.7715225310648721,0,1,0.32485586439820535,"{""energy"": 0.6666666666666667, ""water"": 0.2666666666666667, ""transport"": 0.33333333333333337}","{""energy"": 0.8747597739970092, ""water"": 0.405395404886895, ""transport"": 1.0}","{""energy"": 0.20809310733034247, ""water"": 0.1387287382202283, ""transport"": 0.6666666666666666}","{""energy"": 0.0, ""water"": 0.0, ""transport"": 0.0}","{""energy"": 0.0, ""water"": 0.0, ""transport"": 0.0}","{""energy"": 0.0, ""water"": 0.0, ""transport"": 0.0}",0.3,0.1,,0.7715225310648721,,,[],,v1.0,0.7,0.3
S3_transport_load,25,25,4546238076976720157,scenario=S3_transport_load|method=both|duration=0|theta=0.300000|delta_threshold=0.100000|A=v1.0|w=na|run_id=25|seed=4546238076976720157,False,"{""step_1_amount"": 0.47513107026095747}",5222c37788a096d3910624247b4a1e76a3afcfe0df2ea7ddd6490cebc16a26a9,0.44666666666666677,0.7833921626262328,0.336725495959566,11,0.0,0.0,0.44666666666666677,0.7833921626262328,0,1,0.336725495959566,"{""energy"": 0.6666666666666667, ""water"": 0.2666666666666667, ""transport"": 0.33333333333333337}","{""energy"": 0.8945424932659434, ""water"": 0.4185838843995179, ""transport"": 1.0}","{""energy"": 0.22787582659927663, ""water"": 0.15191721773285116, ""transport"": 0.6666666666666666}","{""energy"": 0.0, ""water"": 0.0, ""transport"": 0.0}","{""energy"": 0.0, ""water"": 0.0, ""transport"": 0.0}","{""energy"": 0.0, ""water"": 0.0, ""transport"": 0.0}",0.3,0.1,,0.7833921626262328,,,[],,v1.0,0.7,0.3
S3_transport_load,26,26,4949935012460106905,scenario=S3_transport_load|method=both|duration=0|theta=0.300000|delta_threshold=0.100000|A=v1.0|w=na|run_id=26|seed=4949935012460106905,False,"{""step_1_amount"": 0.40945315842809205}",5222c37788a096d3910624247b4a1e76a3afcfe0df2ea7ddd6490cebc16a26a9,0.44666666666666677,0.8333910187700866,0.3867243521034198,12,0.0,0.0,0.44666666666666677,0.8333910187700866,0,1,0.3867243521034198,"{""energy"": 0.6666666666666667, ""water"": 0.2666666666666667, ""transport"": 0.33333333333333337}","{""energy"": 0.9101103946433574, ""water"": 0.564489536375812, ""transport"": 1.0}","{""energy"": 0.24344372797669067, ""water"": 0.2978228697091453, ""transport"": 0.6666666666666666}","{""energy"": 0.0, ""water"": 0.0, ""transport"": 0.0}","{""energy"": 0.0, ""water"": 0.0, ""transport"": 0.0}","{""energy"": 0.0, ""water"": 0.0, ""transport"": 0.0}",0.3,0.1,,0.8333910187700866,,,[],,v1.0,0.7,0.3
S3_transport_load,27,27,7640283237503766578,scenario=S3_transport_load|method=both|duration=0|theta=0.300000|delta_threshold=0.100000|A=v1.0|w=na|run_id=27|seed=7640283237503766578,False,"{""step_1_amount"": 0.1244989675177957}",5222c37788a096d3910624247b4a1e76a3afcfe0df2ea7ddd6490cebc16a26a9,0.44666666666666677,0.5962715698439945,0.14960490317732777,22,0.0,0.0,0.44666666666666677,0.5962715698439945,0,0,0.14960490317732777,"{""energy"": 0.6666666666666667, ""water"": 0.2666666666666667, ""transport"": 0.33333333333333337}","{""energy"": 0.7601697311524966, ""water"": 0.3290020429905533, ""transport"": 0.6450102149527662}","{""energy"": 0.0935030644858299, ""water"": 0.06233537632388658, ""transport"": 0.31167688161943286}","{""energy"": 0.0, ""water"": 0.0, ""transport"": 0.0}","{""energy"": 0.0, ""water"": 0.0, ""transport"": 0.0}","{""energy"": 0.0, ""water"": 0.0, ""transport"": 0.0}",0.3,0.1,,0.5962715698439945,,,[],,v1.0,0.7,0.3
S3_transport_load,28,28,4401661243634622307,scenario=S3_transport_load|method=both|duration=0|theta=0.300000|delta_threshold=0.100000|A=v1.0|w=na|run_id=28|seed=4401661243634622307,False,"{""step_1_amount"": 0.5656881213083913}",5222c37788a096d3910624247b4a1e76a3afcfe0df2ea7ddd6490cebc16a26a9,0.44666666666666677,0.8157917801915029,0.3691251135248361,5,0.0,1.0,0.44666666666666677,0.8157917801915029,1,1,0.3691251135248361,"{""energy"": 0.6666666666666667, ""water"": 0.2666666666666667, ""transport"": 0.33333333333333337}","{""energy"": 0.948541855874727, ""water"": 0.4545834594720402, ""transport"": 1.0}","{""energy"": 0.2818751892080602, ""water"": 0.1879167928053735, ""transport"": 0.6666666666666666}","{""energy"": 0.0, ""water"": 0.0, ""transport"": 0.0}","{""energy"": 1.0, ""water"": 1.0, ""transport"": 1.0}","{""energy"": 1.0, ""water"": 1.0, ""transport"": 1.0}",0.3,0.1,,0.8157917801915029,,,"[""energy"", ""water""]",2,v1.0,0.7,0.3
S3_transport_load,29,29,10518337584195250457,scenario=S3_transport_load|method=both|duration=0|theta=0.300000|delta_threshold=0.100000|A=v1.0|w=na|run_id=29|seed=10518337584195250457,False,"{""step_1_amount"": 0.3531843496725026}",5222c37788a096d3910624247b4a1e76a3afcfe0df2ea7ddd6490cebc16a26a9,0.44666666666666677,0.7602935336585288,0.31362686699186204,30,0.0,0.0,0.44666666666666677,0.7602935336585288,0,1,0.31362686699186204,"{""energy"": 0.6666666666666667, ""water"": 0.2666666666666667, ""transport"": 0.33333333333333337}","{""energy"": 0.8626834585365806, ""water"": 0.397344527913276, ""transport"": 0.9867226395663796}","{""energy"": 0.19601679186991383, ""water"": 0.1306778612466093, ""transport"": 0.6533893062330463}","{""energy"": 0.0, ""water"": 0.0, ""transport"": 0.0}","{""energy"": 0.0, ""water"": 0.0, ""transport"": 0.0}","{""energy"": 0.0, ""water"": 0.0, ""transport"": 0.0}",0.3,0.1,,0.7602935336585288,,,[],,v1.0,0.7,0.3
S3_transport_load,30,30,3035379247479952198,scenario=S3_transport_load|method=both|duration=0|theta=0.300000|delta_threshold=0.100000|A=v1.0|w=na|run_id=30|seed=3035379247479952198,False,"{""step_1_amount"": 0.5135249248724459}",5222c37788a096d3910624247b4a1e76a3afcfe0df2ea7ddd6490cebc16a26a9,0.44666666666666677,0.829688371561959,0.3830217048952922,19,0.0,1.0,0.44666666666666677,0.829688371561959,1,1,0.3830217048952922,"{""energy"": 0.6666666666666667, ""water"": 0.2666666666666667, ""transport"": 0.33333333333333337}","{""energy"": 0.9537440517897037, ""water"": 0.49396916948692515, ""transport"": 1.0}","{""energy"": 0.28707738512303693, ""water"": 0.22730250282025843, ""transport"": 0.6666666666666666}","{""energy"": 0.0, ""water"": 0.0, ""transport"": 0.0}","{""energy"": 1.0, ""water"": 1.0, ""transport"": 1.0}","{""energy"": 1.0, ""water"": 1.0, ""transport"": 1.0}",0.3,0.1,,0.829688371561959,,,"[""energy"", ""water""]",2,v1.0,0.7,0.3
S3_transport_load,31,31,15326341186512808866,scenario=S3_transport_load|method=both|duration=0|theta=0.300000|delta_threshold=0.100000|A=v1.0|w=na|run_id=31|seed=15326341186512808866,False,"{""step_1_amount"": 0.498168347775863}",5222c37788a096d3910624247b4a1e76a3afcfe0df2ea7ddd6490cebc16a26a9,0.44666666666666677,0.7862819340580673,0.3396152673914006,11,0.0,0.0,0.44666666666666677,0.7862819340580673,0,1,0.3396152673914006,"{""energy"": 0.6666666666666667, ""water"": 0.2666666666666667, ""transport"": 0.33333333333333337}","{""energy"": 0.8993587789856676, ""water"": 0.4217947415460007, ""transport"": 1.0}","{""energy"": 0.2326921123190009, ""water"": 0.155128074879334, ""transport"": 0.6666666666666666}","{""energy"": 0.0, ""water"": 0.0, ""transport"": 0.0}","{""energy"": 0.0, ""water"": 0.0, ""transport"": 0.0}","{""energy"": 0.0, ""water"": 0.0, ""transport"": 0.0}",0.3,0.1,,0.7862819340580673,,,[],,v1.0,0.7,0.3
S3_transport_load,32,32,7380478080297004380,scenario=S3_transport_load|method=both|duration=0|theta=0.300000|delta_threshold=0.100000|A=v1.0|w=na|run_id=32|seed=7380478080297004380,False,"{""step_1_amount"": 0.18604945462913755}",5222c37788a096d3910624247b4a1e76a3afcfe0df2ea7ddd6490cebc16a26a9,0.44666666666666677,0.6519781634431032,0.20531149677643645,22,0.0,0.0,0.44666666666666677,0.6519781634431032,0,1,0.20531149677643645,"{""energy"": 0.6666666666666667, ""water"": 0.2666666666666667, ""transport"": 0.33333333333333337}","{""energy"": 0.7949863521519396, ""water"": 0.3522131236568486, ""transport"": 0.7610656182842427}","{""energy"": 0.12831968548527284, ""water"": 0.08554645699018187, ""transport"": 0.4277322849509093}","{""energy"": 0.0, ""water"": 0.0, ""transport"": 0.0}","{""energy"": 0.0, ""water"": 0.0, ""transport"": 0.0}","{""energy"": 0.0, ""water"": 0.0, ""transport"": 0.0}",0.3,0.1,,0.6519781634431032,,,[],,v1.0,0.7,0.3
S3_transport_load,33,33,341885810885497397,scenario=S3_transport_load|method=both|duration=0|theta=0.300000|delta_threshold=0.100000|A=v1.0|w=na|run_id=33|seed=341885810885497397,False,"{""step_1_amount"": 0.15175892342493194}",5222c37788a096d3910624247b4a1e76a3afcfe0df2ea7ddd6490cebc16a26a9,0.44666666666666677,0.6222159166076703,0.17554924994100352,17,0.0,0.0,0.44666666666666677,0.6222159166076703,0,1,0.17554924994100352,"{""energy"": 0.6666666666666667, ""water"": 0.2666666666666667, ""transport"": 0.33333333333333337}","{""energy"": 0.776384947879794, ""water"": 0.3398121874754182, ""transport"": 0.6990609373770906}","{""energy"": 0.10971828121312721, ""water"": 0.07314552080875147, ""transport"": 0.36572760404375726}","{""energy"": 0.0, ""water"": 0.0, ""transport"": 0.0}","{""energy"": 0.0, ""water"": 0.0, ""transport"": 0.0}","{""energy"": 0.0, ""water"": 0.0, ""transport"": 0.0}",0.3,0.1,,0.6222159166076703,,,[],,v1.0,0.7,0.3
S3_transport_load,34,34,17103422991207695056,scenario=S3_transport_load|method=both|duration=0|theta=0.300000|delta_threshold=0.100000|A=v1.0|w=na|run_id=34|seed=17103422991207695056,False,"{""step_1_amount"": 0.25857316981207623}",5222c37788a096d3910624247b4a1e76a3afcfe0df2ea7ddd6490cebc16a26a9,0.44666666666666677,0.705687905275613,0.2590212386089462,18,0.0,0.0,0.44666666666666677,0.705687905275613,0,1,0.2590212386089462,"{""energy"": 0.6666666666666667, ""water"": 0.2666666666666667, ""transport"": 0.33333333333333337}","{""energy"": 0.8285549407972581, ""water"": 0.3745921827537277, ""transport"": 0.8729609137686382}","{""energy"": 0.16188827413059137, ""water"": 0.10792551608706097, ""transport"": 0.5396275804353048}","{""energy"": 0.0, ""water"": 0.0, ""transport"": 0.0}","{""energy"": 0.0, ""water"": 0.0, ""transport"": 0.0}","{""energy"": 0.0, ""water"": 0.0, ""transport"": 0.0}",0.3,0.1,,0.705687905275613,,,[],,v1.0,0.7,0.3
S3_transport_load,35,35,9152197164544394606,scenario=S3_transport_load|method=both|duration=0|theta=0.300000|delta_threshold=0.100000|A=v1.0|w=na|run_id=35|seed=9152197164544394606,False,"{""step_1_amount"": 0.23510220515261443}",5222c37788a096d3910624247b4a1e76a3afcfe0df2ea7ddd6490cebc16a26a9,0.44666666666666677,0.6895672604848077,0.2429005938181409,16,0.0,0.0,0.44666666666666677,0.6895672604848077,0,1,0.2429005938181409,"{""energy"": 0.6666666666666667, ""water"": 0.2666666666666667, ""transport"": 0.33333333333333337}","{""energy"": 0.8184795378030048, ""water"": 0.36787524742422545, ""transport"": 0.839376237121127}","{""energy"": 0.151812871136338, ""water"": 0.10120858075755873, ""transport"": 0.5060429037877936}","{""energy"": 0.0, ""water"": 0.0, ""transport"": 0.0}","{""energy"": 0.0, ""water"": 0.0, ""transport"": 0.0}","{""energy"": 0.0, ""water"": 0.0, ""transport"": 0.0}",0.3,0.1,,0.6895672604848077,,,[],,v1.0,0.7,0.3
S3_transport_load,36,36,5795491704971180843,scenario=S3_transport_load|method=both|duration=0|theta=0.300000|delta_threshold=0.100000|A=v1.0|w=na|run_id=36|seed=5795491704971180843,False,"{""step_1_amount"": 0.5133561807864545}",5222c37788a096d3910624247b4a1e76a3afcfe0df2ea7ddd6490cebc16a26a9,0.44666666666666677,0.7880807132627008,0.341414046596034,8,0.0,0.0,0.44666666666666677,0.7880807132627008,0,1,0.341414046596034,"{""energy"": 0.6666666666666667, ""water"": 0.2666666666666667, ""transport"": 0.33333333333333337}","{""energy"": 0.9023567443267235, ""water"": 0.4237933851067046, ""transport"": 1.0}","{""energy"": 0.23569007766005678, ""water"": 0.1571267184400379, ""transport"": 0.6666666666666666}","{""energy"": 0.0, ""water"": 0.0, ""transport"": 0.0}","{""energy"": 0.0, ""water"": 0.0, ""transport"": 0.0}","{""energy"": 0.0, ""water"": 0.0, ""transport"": 0.0}",0.3,0.1,,0.7880807132627008,,,[],,v1.0,0.7,0.3
S3_transport_load,37,37,2875966844219020543,scenario=S3_transport_load|method=both|duration=0|theta=0.300000|delta_threshold=0.100000|A=v1.0|w=na|run_id=37|seed=2875966844219020543,False,"{""step_1_amount"": 0.4222006288328064}",5222c37788a096d3910624247b4a1e76a3afcfe0df2ea7ddd6490cebc16a26a9,0.44666666666666677,0.7759449089611516,0.3292782422944849,13,0.0,0.0,0.44666666666666677,0.7759449089611516,0,1,0.3292782422944849,"{""energy"": 0.6666666666666667, ""water"": 0.2666666666666667, ""transport"": 0.33333333333333337}","{""energy"": 0.8821304038241417, ""water"": 0.41030915810498336, ""transport"": 1.0}","{""energy"": 0.2154637371574749, ""water"": 0.14364249143831664, ""transport"": 0.6666666666666666}","{""energy"": 0.0, ""water"": 0.0, ""transport"": 0.0}","{""energy"": 0.0, ""water"": 0.0, ""transport"": 0.0}","{""energy"": 0.0, ""water"": 0.0, ""transport"": 0.0}",0.3,0.1,,0.7759449089611516,,,[],,v1.0,0.7,0.3
S3_transport_load,38,38,9537033078799593423,scenario=S3_transport_load|method=both|duration=0|theta=0.300000|delta_threshold=0.100000|A=v1.0|w=na|run_id=38|seed=9537033078799593423,False,"{""step_1_amount"": 0.246716220306629}",5222c37788a096d3910624247b4a1e76a3afcfe0df2ea7ddd6490cebc16a26a9,0.44666666666666677,0.7905816981724993,0.3439150315058326,29,0.0,0.0,0.44666666666666677,0.7905816981724993,0,1,0.3439150315058326,"{""energy"": 0.6666666666666667, ""water"": 0.2666666666666667, ""transport"": 0.33333333333333337}","{""energy"": 0.906525052509721, ""water"": 0.42657225722870296, ""transport"": 1.0}","{""energy"": 0.2398583858430543, ""water"": 0.15990559056203624, ""transport"": 0.6666666666666666}","{""energy"": 0.0, ""water"": 0.0, ""transport"": 0.0}","{""energy"": 0.0, ""water"": 0.0, ""transport"": 0.0}","{""energy"": 0.0, ""water"": 0.0, ""transport"": 0.0}",0.3,0.1,,0.7905816981724993,,,[],,v1.0,0.7,0.3
S3_transport_load,39,39,16766224098216360880,scenario=S3_transport_load|method=both|duration=0|theta=0.300000|delta_threshold=0.100000|A=v1.0|w=na|run_id=39|seed=16766224098216360880,False,"{""step_1_amount"": 0.15721704907217057}",5222c37788a096d3910624247b4a1e76a3afcfe0df2ea7ddd6490cebc16a26a9,0.44666666666666677,0.6271605151102266,0.18049384844355987,17,0.0,0.0,0.44666666666666677,0.6271605151102266,0,1,0.18049384844355987,"{""energy"": 0.6666666666666667, ""water"": 0.2666666666666667, ""transport"": 0.33333333333333337}","{""energy"": 0.7794753219438917, ""water"": 0.34187243685148333, ""transport"": 0.7093621842574165}","{""energy"": 0.11280865527722495, ""water"": 0.07520577018481661, ""transport"": 0.3760288509240831}","{""energy"": 0.0, ""water"": 0.0, ""transport"": 0.0}","{""energy"": 0.0, ""water"": 0.0, ""transport"": 0.0}","{""energy"": 0.0, ""water"": 0.0, ""transport"": 0.0}",0.3,0.1,,0.6271605151102266,,,[],,v1.0,0.7,0.3
S3_transport_load,40,40,6474050726416507053,scenario=S3_transport_load|method=both|duration=0|theta=0.300000|delta_threshold=0.100000|A=v1.0|w=na|run_id=40|seed=6474050726416507053,False,"{""step_1_amount"": 0.5442185091584052}",5222c37788a096d3910624247b4a1e76a3afcfe0df2ea7ddd6490cebc16a26a9,0.44666666666666677,0.8418131136125957,0.39514644694592893,11,0.0,1.0,0.44666666666666677,0.8418131136125957,1,1,0.39514644694592893,"{""energy"": 0.6666666666666667, ""water"": 0.2666666666666667, ""transport"": 0.33333333333333337}","{""energy"": 0.9632994173516916, ""water"": 0.5216444889063965, ""transport"": 1.0}","{""energy"": 0.2966327506850248, ""water"": 0.25497782223972976, ""transport"": 0.6666666666666666}","{""energy"": 0.0, ""water"": 0.0, ""transport"": 0.0}","{""energy"": 1.0, ""water"": 1.0, ""transport"": 1.0}","{""energy"": 1.0, ""water"": 1.0, ""transport"": 1.0}",0.3,0.1,,0.8418131136125957,,,"[""energy"", ""water""]",2,v1.0,0.7,0.3
S3_transport_load,41,41,13548828647178168546,scenario=S3_transport_load|method=both|duration=0|theta=0.300000|delta_threshold=0.100000|A=v1.0|w=na|run_id=41|seed=13548828647178168546,False,"{""step_1_amount"": 0.38215982376115065}",5222c37788a096d3910624247b4a1e76a3afcfe0df2ea7ddd6490cebc16a26a9,0.44666666666666677,0.7694710433622993,0.32280437669563256,14,0.0,0.0,0.44666666666666677,0.7694710433622993,0,1,0.32280437669563256,"{""energy"": 0.6666666666666667, ""water"": 0.2666666666666667, ""transport"": 0.33333333333333337}","{""energy"": 0.8713406278260544, ""water"": 0.40311597410625843, ""transport"": 1.0}","{""energy"": 0.20467396115938763, ""water"": 0.13644930743959172, ""transport"": 0.6666666666666666}","{""energy"": 0.0, ""water"": 0.0, ""transport"": 0.0}","{""energy"": 0.0, ""water"": 0.0, ""transport"": 0.0}","{""energy"": 0.0, ""water"": 0.0, ""transport"": 0.0}",0.3,0.1,,0.7694710433622993,,,[],,v1.0,0.7,0.3
S3_transport_load,42,42,8102322032445934021,scenario=S3_transport_load|method=both|duration=0|theta=0.300000|delta_threshold=0.100000|A=v1.0|w=na|run_id=42|seed=8102322032445934021,False,"{""step_1_amount"": 0.4638050869979353}",5222c37788a096d3910624247b4a1e76a3afcfe0df2ea7ddd6490cebc16a26a9,0.44666666666666677,0.7818965181249997,0.33522985145833295,28,0.0,0.0,0.44666666666666677,0.7818965181249997,0,1,0.33522985145833295,"{""energy"": 0.6666666666666667, ""water"": 0.2666666666666667, ""transport"": 0.33333333333333337}","{""energy"": 0.8920497524305551, ""water"": 0.41692205717592556, ""transport"": 1.0}","{""energy"": 0.22538308576388832, ""water"": 0.15025539050925885, ""transport"": 0.6666666666666666}","{""energy"": 0.0, ""water"": 0.0, ""transport"": 0.0}","{""energy"": 0.0, ""water"": 0.0, ""transport"": 0.0}","{""energy"": 0.0, ""water"": 0.0, ""transport"": 0.0}",0.3,0.1,,0.7818965181249997,,,[],,v1.0,0.7,0.3
S3_transport_load,43,43,6954951661001857303,scenario=S3_transport_load|method=both|duration=0|theta=0.300000|delta_threshold=0.100000|A=v1.0|w=na|run_id=43|seed=6954951661001857303,False,"{""step_1_amount"": 0.23146897829915314}",5222c37788a096d3910624247b4a1e76a3afcfe0df2ea7ddd6490cebc16a26a9,0.44666666666666677,0.7912787917667004,0.3446121251000336,21,0.0,0.0,0.44666666666666677,0.7912787917667004,0,1,0.3446121251000336,"{""energy"": 0.6666666666666667, ""water"": 0.2666666666666667, ""transport"": 0.33333333333333337}","{""energy"": 0.9076868751667226, ""water"": 0.427346805666704, ""transport"": 1.0}","{""energy"": 0.2410202085000559, ""water"": 0.1606801390000373, ""transport"": 0.6666666666666666}","{""energy"": 0.0, ""water"": 0.0, ""transport"": 0.0}","{""energy"": 0.0, ""water"": 0.0, ""transport"": 0.0}","{""energy"": 0.0, ""water"": 0.0, ""transport"": 0.0}",0.3,0.1,,0.7912787917667004,,,[],,v1.0,0.7,0.3
S3_transport_load,44,44,14710134947916348776,scenario=S3_transport_load|method=both|duration=0|theta=0.300000|delta_threshold=0.100000|A=v1.0|w=na|run_id=44|seed=14710134947916348776,False,"{""step_1_amount"": 0.010108758144863278}",5222c37788a096d3910624247b4a1e76a3afcfe0df2ea7ddd6490cebc16a26a9,0.44666666666666677,0.5163206059547327,0.06965393928806596,21,0.0,0.0,0.44666666666666677,0.5163206059547327,0,1,0.06965393928806596,"{""energy"": 0.6666666666666667, ""water"": 0.2666666666666667, ""transport"": 0.33333333333333337}","{""energy"": 0.699166634632754, ""water"": 0.39033414622194423, ""transport"": 0.39851236078349295}","{""energy"": 0.03249996796608723, ""water"": 0.12366747955527752, ""transport"": 0.06517902745015958}","{""energy"": 0.0, ""water"": 0.0, ""transport"": 0.0}","{""energy"": 0.0, ""water"": 0.0, ""transport"": 0.0}","{""energy"": 0.0, ""water"": 0.0, ""transport"": 0.0}",0.3,0.1,,0.5163206059547327,,,[],,v1.0,0.7,0.3
S3_transport_load,45,45,14533527275950514094,scenario=S3_transport_load|method=both|duration=0|theta=0.300000|delta_threshold=0.100000|A=v1.0|w=na|run_id=45|seed=14533527275950514094,False,"{""step_1_amount"": 0.4454481110282179}",5222c37788a096d3910624247b4a1e76a3afcfe0df2ea7ddd6490cebc16a26a9,0.44666666666666677,0.7793618312937018,0.3326951646270351,29,0.0,0.0,0.44666666666666677,0.7793618312937018,0,1,0.3326951646270351,"{""energy"": 0.6666666666666667, ""water"": 0.2666666666666667, ""transport"": 0.33333333333333337}","{""energy"": 0.8878252743783919, ""water"": 0.4141057384744835, ""transport"": 1.0}","{""energy"": 0.22115860771172513, ""water"": 0.1474390718078168, ""transport"": 0.6666666666666666}","{""energy"": 0.0, ""water"": 0.0, ""transport"": 0.0}","{""energy"": 0.0, ""water"": 0.0, ""transport"": 0.0}","{""energy"": 0.0, ""water"": 0.0, ""transport"": 0.0}",0.3,0.1,,0.7793618312937018,,,[],,v1.0,0.7,0.3
S3_transport_load,46,46,14114700733617504374,scenario=S3_transport_load|method=both|duration=0|theta=0.300000|delta_threshold=0.100000|A=v1.0|w=na|run_id=46|seed=14114700733617504374,False,"{""step_1_amount"": 0.5283658680751323}",5222c37788a096d3910624247b4a1e76a3afcfe0df2ea7ddd6490cebc16a26a9,0.44666666666666677,0.7897796643987611,0.34311299773209436,17,0.0,0.0,0.44666666666666677,0.7897796643987611,0,1,0.34311299773209436,"{""energy"": 0.6666666666666667, ""water"": 0.2666666666666667, ""transport"": 0.33333333333333337}","{""energy"": 0.9051883295534908, ""water"": 0.4256811085912161, ""transport"": 1.0}","{""energy"": 0.23852166288682408, ""water"": 0.1590144419245494, ""transport"": 0.6666666666666666}","{""energy"": 0.0, ""water"": 0.0, ""transport"": 0.0}","{""energy"": 0.0, ""water"": 0.0, ""transport"": 0.0}","{""energy"": 0.0, ""water"": 0.0, ""transport"": 0.0}",0.3,0.1,,0.7897796643987611,,,[],,v1.0,0.7,0.3
S3_transport_load,47,47,15114467867139512117,scenario=S3_transport_load|method=both|duration=0|theta=0.300000|delta_threshold=0.100000|A=v1.0|w=na|run_id=47|seed=15114467867139512117,False,"{""step_1_amount"": 0.24349967647378104}",5222c37788a096d3910624247b4a1e76a3afcfe0df2ea7ddd6490cebc16a26a9,0.44666666666666677,0.6954657562441886,0.24879908957752184,18,0.0,0.0,0.44666666666666677,0.6954657562441886,0,1,0.24879908957752184,"{""energy"": 0.6666666666666667, ""water"": 0.2666666666666667, ""transport"": 0.33333333333333337}","{""energy"": 0.8221660976526179, ""water"": 0.3703329539906342, ""transport"": 0.8516647699531709}","{""energy"": 0.1554994309859512, ""water"": 0.10366628732396749, ""transport"": 0.5183314366198375}","{""energy"": 0.0, ""water"": 0.0, ""transport"": 0.0}","{""energy"": 0.0, ""water"": 0.0, ""transport"": 0.0}","{""energy"": 0.0, ""water"": 0.0, ""transport"": 0.0}",0.3,0.1,,0.6954657562441886,,,[],,v1.0,0.7,0.3
S3_transport_load,48,48,9087828319327491264,scenario=S3_transport_load|method=both|duration=0|theta=0.300000|delta_threshold=0.100000|A=v1.0|w=na|run_id=48|seed=9087828319327491264,False,"{""step_1_amount"": 0.48128237483011055}",5222c37788a096d3910624247b4a1e76a3afcfe0df2ea7ddd6490cebc16a26a9,0.44666666666666677,0.7841834232071678,0.33751675654050106,7,0.0,0.0,0.44666666666666677,0.7841834232071678,0,1,0.33751675654050106,"{""energy"": 0.6666666666666667, ""water"": 0.2666666666666667, ""transport"": 0.33333333333333337}","{""energy"": 0.8958612609008354, ""water"": 0.41946306282277923, ""transport"": 1.0}","{""energy"": 0.22919459423416866, ""water"": 0.1527963961561125, ""transport"": 0.6666666666666666}","{""energy"": 0.0, ""water"": 0.0, ""transport"": 0.0}","{""energy"": 0.0, ""water"": 0.0, ""transport"": 0.0}","{""energy"": 0.0, ""water"": 0.0, ""transport"": 0.0}",0.3,0.1,,0.7841834232071678,,,[],,v1.0,0.7,0.3
S3_transport_load,49,49,13784796035759046326,scenario=S3_transport_load|method=both|duration=0|theta=0.300000|delta_threshold=0.100000|A=v1.0|w=na|run_id=49|seed=13784796035759046326,False,"{""step_1_amount"": 0.7721957552043777}",5222c37788a096d3910624247b4a1e76a3afcfe0df2ea7ddd6490cebc16a26a9,0.44666666666666677,0.8089169494264077,0.3622502827597409,6,0.0,1.0,0.44666666666666677,0.8089169494264077,1,1,0.3622502827597409,"{""energy"": 0.6666666666666667, ""water"": 0.2666666666666667, ""transport"": 0.33333333333333337}","{""energy"": 0.9370838045995684, ""water"": 0.4469447586219345, ""transport"": 1.0}","{""energy"": 0.2704171379329017, ""water"": 0.18027809195526778, ""transport"": 0.6666666666666666}","{""energy"": 0.0, ""water"": 0.0, ""transport"": 0.0}","{""energy"": 1.0, ""water"": 1.0, ""transport"": 1.0}","{""energy"": 1.0, ""water"": 1.0, ""transport"": 1.0}",0.3,0.1,,0.8089169494264077,,,"[""energy"", ""water""]",1,v1.0,0.7,0.3
S3_transport_load,50,50,14142361206657072350,scenario=S3_transport_load|method=both|duration=0|theta=0.300000|delta_threshold=0.100000|A=v1.0|w=na|run_id=50|seed=14142361206657072350,False,"{""step_1_amount"": 0.28240817180059874}",5222c37788a096d3910624247b4a1e76a3afcfe0df2ea7ddd6490cebc16a26a9,0.44666666666666677,0.7209372922583306,0.2742706255916638,10,0.0,0.0,0.44666666666666677,0.7209372922583306,0,1,0.2742706255916638,"{""energy"": 0.6666666666666667, ""water"": 0.2666666666666667, ""transport"": 0.33333333333333337}","{""energy"": 0.8380858076614567, ""water"": 0.3809460939965267, ""transport"": 0.9047304699826331}","{""energy"": 0.17141914099478994, ""water"": 0.11427942732985996, ""transport"": 0.5713971366492997}","{""energy"": 0.0, ""water"": 0.0, ""transport"": 0.0}","{""energy"": 0.0, ""water"": 0.0, ""transport"": 0.0}","{""energy"": 0.0, ""water"": 0.0, ""transport"": 0.0}",0.3,0.1,,0.7209372922583306,,,[],,v1.0,0.7,0.3
S3_transport_load,51,51,16547310904293415223,scenario=S3_transport_load|method=both|duration=0|theta=0.300000|delta_threshold=0.100000|A=v1.0|w=na|run_id=51|seed=16547310904293415223,False,"{""step_1_amount"": 0.37202876192377826}",5222c37788a096d3910624247b4a1e76a3afcfe0df2ea7ddd6490cebc16a26a9,0.44666666666666677,0.7677059993874378,0.321039332720771,16,0.0,0.0,0.44666666666666677,0.7677059993874378,0,1,0.321039332720771,"{""energy"": 0.6666666666666667, ""water"": 0.2666666666666667, ""transport"": 0.33333333333333337}","{""energy"": 0.8683988878679518, ""water"": 0.4011548141341902, ""transport"": 1.0}","{""energy"": 0.2017322212012851, ""water"": 0.13448814746752347, ""transport"": 0.6666666666666666}","{""energy"": 0.0, ""water"": 0.0, ""transport"": 0.0}","{""energy"": 0.0, ""water"": 0.0, ""transport"": 0.0}","{""energy"": 0.0, ""water"": 0.0, ""transport"": 0.0}",0.3,0.1,,0.7677059993874378,,,[],,v1.0,0.7,0.3
S3_transport_load,52,52,13070184402977852700,scenario=S3_transport_load|method=both|duration=0|theta=0.300000|delta_threshold=0.100000|A=v1.0|w=na|run_id=52|seed=13070184402977852700,False,"{""step_1_amount"": 0.5068362635562085}",5222c37788a096d3910624247b4a1e76a3afcfe0df2ea7ddd6490cebc16a26a9,0.44666666666666677,0.7873185520525496,0.34065188538588287,26,0.0,0.0,0.44666666666666677,0.7873185520525496,0,1,0.34065188538588287,"{""energy"": 0.6666666666666667, ""water"": 0.2666666666666667, ""transport"": 0.33333333333333337}","{""energy"": 0.9010864756431383, ""water"": 0.4229465393176478, ""transport"": 1.0}","{""energy"": 0.23441980897647152, ""water"": 0.1562798726509811, ""transport"": 0.6666666666666666}","{""energy"": 0.0, ""water"": 0.0, ""transport"": 0.0}","{""energy"": 0.0, ""water"": 0.0, ""transport"": 0.0}","{""energy"": 0.0, ""water"": 0.0, ""transport"": 0.0}",0.3,0.1,,0.7873185520525496,,,[],,v1.0,0.7,0.3
S3_transport_load,53,53,3377870681463300587,scenario=S3_transport_load|method=both|duration=0|theta=0.300000|delta_threshold=0.100000|A=v1.0|w=na|run_id=53|seed=3377870681463300587,False,"{""step_1_amount"": 0.35230247001277004}",5222c37788a096d3910624247b4a1e76a3afcfe0df2ea7ddd6490cebc16a26a9,0.44666666666666677,0.8060236786656056,0.3593570119989389,17,0.0,1.0,0.44666666666666677,0.8060236786656056,1,1,0.3593570119989389,"{""energy"": 0.6666666666666667, ""water"": 0.2666666666666667, ""transport"": 0.33333333333333337}","{""energy"": 0.9322616866648983, ""water"": 0.4437300133321544, ""transport"": 1.0}","{""energy"": 0.26559501999823154, ""water"": 0.17706334666548768, ""transport"": 0.6666666666666666}","{""energy"": 0.0, ""water"": 0.0, ""transport"": 0.0}","{""energy"": 1.0, ""water"": 1.0, ""transport"": 1.0}","{""energy"": 1.0, ""water"": 1.0, ""transport"": 1.0}",0.3,0.1,,0.8060236786656056,,,"[""energy"", ""water""]",2,v1.0,0.7,0.3
S3_transport_load,54,54,3946472892230901394,scenario=S3_transport_load|method=both|duration=0|theta=0.300000|delta_threshold=0.100000|A=v1.0|w=na|run_id=54|seed=3946472892230901394,False,"{""step_1_amount"": 0.3457904618500076}",5222c37788a096d3910624247b4a1e76a3afcfe0df2ea7ddd6490cebc16a26a9,0.44666666666666677,0.7565618665257287,0.3098951998590619,20,0.0,0.0,0.44666666666666677,0.7565618665257287,0,1,0.3098951998590619,"{""energy"": 0.6666666666666667, ""water"": 0.2666666666666667, ""transport"": 0.33333333333333337}","{""energy"": 0.8603511665785805, ""water"": 0.39578966660794257, ""transport"": 0.9789483330397124}","{""energy"": 0.19368449991191372, ""water"": 0.12912299994127585, ""transport"": 0.645614999706379}","{""energy"": 0.0, ""water"": 0.0, ""transport"": 0.0}","{""energy"": 0.0, ""water"": 0.0, ""transport"": 0.0}","{""energy"": 0.0, ""water"": 0.0, ""transport"": 0.0}",0.3,0.1,,0.7565618665257287,,,[],,v1.0,0.7,0.3
S3_transport_load,55,55,7028552605511348582,scenario=S3_transport_load|method=both|duration=0|theta=0.300000|delta_threshold=0.100000|A=v1.0|w=na|run_id=55|seed=7028552605511348582,False,"{""step_1_amount"": 0.19273251714961298}",5222c37788a096d3910624247b4a1e76a3afcfe0df2ea7ddd6490cebc16a26a9,0.44666666666666677,0.7196087965926878,0.27294212992602107,22,0.0,0.0,0.44666666666666677,0.7196087965926878,0,1,0.27294212992602107,"{""energy"": 0.6666666666666667, ""water"": 0.2666666666666667, ""transport"": 0.33333333333333337}","{""energy"": 0.83725549787043, ""water"": 0.3803925541358422, ""transport"": 0.9019627706792109}","{""energy"": 0.17058883120376322, ""water"": 0.1137258874691755, ""transport"": 0.5686294373458776}","{""energy"": 0.0, ""water"": 0.0, ""transport"": 0.0}","{""energy"": 0.0, ""water"": 0.0, ""transport"": 0.0}","{""energy"": 0.0, ""water"": 0.0, ""transport"": 0.0}",0.3,0.1,,0.7196087965926878,,,[],,v1.0,0.7,0.3
S3_transport_load,56,56,12307181361380352301,scenario=S3_transport_load|method=both|duration=0|theta=0.300000|delta_threshold=0.100000|A=v1.0|w=na|run_id=56|seed=12307181361380352301,False,"{""step_1_amount"": 0.3075578904443607}",5222c37788a096d3910624247b4a1e76a3afcfe0df2ea7ddd6490cebc16a26a9,0.44666666666666677,0.735888288097545,0.28922162143087826,30,0.0,0.0,0.44666666666666677,0.735888288097545,0,1,0.28922162143087826,"{""energy"": 0.6666666666666667, ""water"": 0.2666666666666667, ""transport"": 0.33333333333333337}","{""energy"": 0.8474301800609657, ""water"": 0.38717567559619936, ""transport"": 0.9358783779809966}","{""energy"": 0.18076351339429897, ""water"": 0.12050900892953265, ""transport"": 0.6025450446476632}","{""energy"": 0.0, ""water"": 0.0, ""transport"": 0.0}","{""energy"": 0.0, ""water"": 0.0, ""transport"": 0.0}","{""energy"": 0.0, ""water"": 0.0, ""transport"": 0.0}",0.3,0.1,,0.735888288097545,,,[],,v1.0,0.7,0.3
S3_transport_load,57,57,9704838868303648438,scenario=S3_transport_load|method=both|duration=0|theta=0.300000|delta_threshold=0.100000|A=v1.0|w=na|run_id=57|seed=9704838868303648438,False,"{""step_1_amount"": 0.47601313923260385}",5222c37788a096d3910624247b4a1e76a3afcfe0df2ea7ddd6490cebc16a26a9,0.44666666666666677,0.8095763483563863,0.3629096816897195,28,0.0,1.0,0.44666666666666677,0.8095763483563863,1,1,0.3629096816897195,"{""energy"": 0.6666666666666667, ""water"": 0.2666666666666667, ""transport"": 0.33333333333333337}","{""energy"": 0.9381828028161991, ""water"": 0.44767742409968836, ""transport"": 1.0}","{""energy"": 0.2715161361495324, ""water"": 0.18101075743302164, ""transport"": 0.6666666666666666}","{""energy"": 0.0, ""water"": 0.0, ""transport"": 0.0}","{""energy"": 1.0, ""water"": 1.0, ""transport"": 1.0}","{""energy"": 1.0, ""water"": 1.0, ""transport"": 1.0}",0.3,0.1,,0.8095763483563863,,,"[""energy"", ""water""]",2,v1.0,0.7,0.3
S3_transport_load,58,58,3064978711700541878,scenario=S3_transport_load|method=both|duration=0|theta=0.300000|delta_threshold=0.100000|A=v1.0|w=na|run_id=58|seed=3064978711700541878,False,"{""step_1_amount"": 0.8997126973033333}",5222c37788a096d3910624247b4a1e76a3afcfe0df2ea7ddd6490cebc16a26a9,0.44666666666666677,0.8145592433778392,0.3678925767111725,27,0.0,1.0,0.44666666666666677,0.8145592433778392,1,1,0.3678925767111725,"{""energy"": 0.6666666666666667, ""water"": 0.2666666666666667, ""transport"": 0.33333333333333337}","{""energy"": 0.9464876278519543, ""water"": 0.4532139741235251, ""transport"": 1.0}","{""energy"": 0.27982096118528754, ""water"": 0.18654730745685838, ""transport"": 0.6666666666666666}","{""energy"": 0.0, ""water"": 0.0, ""transport"": 0.0}","{""energy"": 1.0, ""water"": 1.0, ""transport"": 1.0}","{""energy"": 1.0, ""water"": 1.0, ""transport"": 1.0}",0.3,0.1,,0.8145592433778392,,,"[""energy"", ""water""]",1,v1.0,0.7,0.3
S3_transport_load,59,59,1427140081835728258,scenario=S3_transport_load|method=both|duration=0|theta=0.300000|delta_threshold=0.100000|A=v1.0|w=na|run_id=59|seed=1427140081835728258,False,"{""step_1_amount"": 0.8155567987247943}",5222c37788a096d3910624247b4a1e76a3afcfe0df2ea7ddd6490cebc16a26a9,0.44666666666666677,0.8289430488733183,0.3822763822066515,7,0.0,1.0,0.44666666666666677,0.8289430488733183,1,1,0.3822763822066515,"{""energy"": 0.6666666666666667, ""water"": 0.2666666666666667, ""transport"": 0.33333333333333337}","{""energy"": 0.9576453116842181, ""water"": 0.4862830806654367, ""transport"": 1.0}","{""energy"": 0.29097864501755133, ""water"": 0.21961641399876997, ""transport"": 0.6666666666666666}","{""energy"": 0.0, ""water"": 0.0, ""transport"": 0.0}","{""energy"": 1.0, ""water"": 1.0, ""transport"": 1.0}","{""energy"": 1.0, ""water"": 1.0, ""transport"": 1.0}",0.3,0.1,,0.8289430488733183,,,"[""energy"", ""water""]",1,v1.0,0.7,0.3
S3_transport_load,60,60,14629378938094824395,scenario=S3_transport_load|method=both|duration=0|theta=0.300000|delta_threshold=0.100000|A=v1.0|w=na|run_id=60|seed=14629378938094824395,False,"{""step_1_amount"": 0.2614931798568539}",5222c37788a096d3910624247b4a1e76a3afcfe0df2ea7ddd6490cebc16a26a9,0.44666666666666677,0.7076152318397932,0.2609485651731265,23,0.0,0.0,0.44666666666666677,0.7076152318397932,0,1,0.2609485651731265,"{""energy"": 0.6666666666666667, ""water"": 0.2666666666666667, ""transport"": 0.33333333333333337}","{""energy"": 0.8297595198998708, ""water"": 0.3753952354888028, ""transport"": 0.8769761774440138}","{""energy"": 0.1630928532332041, ""water"": 0.1087285688221361, ""transport"": 0.5436428441106804}","{""energy"": 0.0, ""water"": 0.0, ""transport"": 0.0}","{""energy"": 0.0, ""water"": 0.0, ""transport"": 0.0}","{""energy"": 0.0, ""water"": 0.0, ""transport"": 0.0}",0.3,0.1,,0.7076152318397932,,,[],,v1.0,0.7,0.3
S3_transport_load,61,61,3370057095382879468,scenario=S3_transport_load|method=both|duration=0|theta=0.300000|delta_threshold=0.100000|A=v1.0|w=na|run_id=61|seed=3370057095382879468,False,"{""step_1_amount"": 0.40823959533945237}",5222c37788a096d3910624247b4a1e76a3afcfe0df2ea7ddd6490cebc16a26a9,0.44666666666666677,0.7737754089274707,0.3271087422608039,30,0.0,0.0,0.44666666666666677,0.7737754089274707,0,1,0.3271087422608039,"{""energy"": 0.6666666666666667, ""water"": 0.2666666666666667, ""transport"": 0.33333333333333337}","{""energy"": 0.8785145704346733, ""water"": 0.4078986025120044, ""transport"": 1.0}","{""energy"": 0.21184790376800655, ""water"": 0.14123193584533766, ""transport"": 0.6666666666666666}","{""energy"": 0.0, ""water"": 0.0, ""transport"": 0.0}","{""energy"": 0.0, ""water"": 0.0, ""transport"": 0.0}","{""energy"": 0.0, ""water"": 0.0, ""transport"": 0.0}",0.3,0.1,,0.7737754089274707,,,[],,v1.0,0.7,0.3
S3_transport_load,62,62,17883115582044246318,scenario=S3_transport_load|method=both|duration=0|theta=0.300000|delta_threshold=0.100000|A=v1.0|w=na|run_id=62|seed=17883115582044246318,False,"{""step_1_amount"": 0.5119909260733135}",5222c37788a096d3910624247b4a1e76a3afcfe0df2ea7ddd6490cebc16a26a9,0.44666666666666677,0.7879223502110182,0.34125568354435143,11,0.0,0.0,0.44666666666666677,0.7879223502110182,0,1,0.34125568354435143,"{""energy"": 0.6666666666666667, ""water"": 0.2666666666666667, ""transport"": 0.33333333333333337}","{""energy"": 0.9020928059072524, ""water"": 0.42361742616039055, ""transport"": 1.0}","{""energy"": 0.23542613924058564, ""water"": 0.15695075949372383, ""transport"": 0.6666666666666666}","{""energy"": 0.0, ""water"": 0.0, ""transport"": 0.0}","{""energy"": 0.0, ""water"": 0.0, ""transport"": 0.0}","{""energy"": 0.0, ""water"": 0.0, ""transport"": 0.0}",0.3,0.1,,0.7879223502110182,,,[],,v1.0,0.7,0.3
S3_transport_load,63,63,6263301735003985734,scenario=S3_transport_load|method=both|duration=0|theta=0.300000|delta_threshold=0.100000|A=v1.0|w=na|run_id=63|seed=6263301735003985734,False,"{""step_1_amount"": 0.2993359279095463}",5222c37788a096d3910624247b4a1e76a3afcfe0df2ea7ddd6490cebc16a26a9,0.44666666666666677,0.7311240545775194,0.2844573879108526,17,0.0,0.0,0.44666666666666677,0.7311240545775194,0,1,0.2844573879108526,"{""energy"": 0.6666666666666667, ""water"": 0.2666666666666667, ""transport"": 0.33333333333333337}","{""energy"": 0.8444525341109497, ""water"": 0.38519057829618863, ""transport"": 0.9259528914809431}","{""energy"": 0.17778586744428293, ""water"": 0.11852391162952192, ""transport"": 0.5926195581476097}","{""energy"": 0.0, ""water"": 0.0, ""transport"": 0.0}","{""energy"": 0.0, ""water"": 0.0, ""transport"": 0.0}","{""energy"": 0.0, ""water"": 0.0, ""transport"": 0.0}",0.3,0.1,,0.7311240545775194,,,[],,v1.0,0.7,0.3
S3_transport_load,64,64,17783660201457000081,scenario=S3_transport_load|method=both|duration=0|theta=0.300000|delta_threshold=0.100000|A=v1.0|w=na|run_id=64|seed=17783660201457000081,False,"{""step_1_amount"": 0.4384040317109398}",5222c37788a096d3910624247b4a1e76a3afcfe0df2ea7ddd6490cebc16a26a9,0.44666666666666677,0.7783515369635114,0.3316848702968447,9,0.0,0.0,0.44666666666666677,0.7783515369635114,0,1,0.3316848702968447,"{""energy"": 0.6666666666666667, ""water"": 0.2666666666666667, ""transport"": 0.33333333333333337}","{""energy"": 0.8861414504947414, ""water"": 0.41298318921871646, ""transport"": 1.0}","{""energy"": 0.21947478382807462, ""water"": 0.14631652255204974, ""transport"": 0.6666666666666666}","{""energy"": 0.0, ""water"": 0.0, ""transport"": 0.0}","{""energy"": 0.0, ""water"": 0.0, ""transport"": 0.0}","{""energy"": 0.0, ""water"": 0.0, ""transport"": 0.0}",0.3,0.1,,0.7783515369635114,,,[],,v1.0,0.7,0.3
S3_transport_load,65,65,13293808346710686042,scenario=S3_transport_load|method=both|duration=0|theta=0.300000|delta_threshold=0.100000|A=v1.0|w=na|run_id=65|seed=13293808346710686042,False,"{""step_1_amount"": 0.03968063550216136}",5222c37788a096d3910624247b4a1e76a3afcfe0df2ea7ddd6490cebc16a26a9,0.44666666666666677,0.500536780281391,0.05387011361472427,19,0.0,0.0,0.44666666666666677,0.500536780281391,0,0,0.05387011361472427,"{""energy"": 0.6666666666666667, ""water"": 0.2666666666666667, ""transport"": 0.33333333333333337}","{""energy"": 0.7003354876758694, ""water"": 0.2891125473394685, ""transport"": 0.44556273669734237}","{""energy"": 0.033668821009202654, ""water"": 0.022445880672801788, ""transport"": 0.112229403364009}","{""energy"": 0.0, ""water"": 0.0, ""transport"": 0.0}","{""energy"": 0.0, ""water"": 0.0, ""transport"": 0.0}","{""energy"": 0.0, ""water"": 0.0, ""transport"": 0.0}",0.3,0.1,,0.500536780281391,,,[],,v1.0,0.7,0.3
S3_transport_load,66,66,8828136742452539615,scenario=S3_transport_load|method=both|duration=0|theta=0.300000|delta_threshold=0.100000|A=v1.0|w=na|run_id=66|seed=8828136742452539615,False,"{""step_1_amount"": 0.35384213752409244}",5222c37788a096d3910624247b4a1e76a3afcfe0df2ea7ddd6490cebc16a26a9,0.44666666666666677,0.8388271925948856,0.3921605259282188,12,0.0,0.0,0.44666666666666677,0.8388271925948856,0,1,0.3921605259282188,"{""energy"": 0.6666666666666667, ""water"": 0.2666666666666667, ""transport"": 0.33333333333333337}","{""energy"": 0.941676909884529, ""water"": 0.5405214288035801, ""transport"": 1.0}","{""energy"": 0.27501024321786227, ""water"": 0.2738547621369134, ""transport"": 0.6666666666666666}","{""energy"": 0.0, ""water"": 0.0, ""transport"": 0.0}","{""energy"": 0.0, ""water"": 0.0, ""transport"": 0.0}","{""energy"": 0.0, ""water"": 0.0, ""transport"": 0.0}",0.3,0.1,,0.8388271925948856,,,[],,v1.0,0.7,0.3
S3_transport_load,67,67,6341279296879737447,scenario=S3_transport_load|method=both|duration=0|theta=0.300000|delta_threshold=0.100000|A=v1.0|w=na|run_id=67|seed=6341279296879737447,False,"{""step_1_amount"": 0.4589590521185048}",5222c37788a096d3910624247b4a1e76a3afcfe0df2ea7ddd6490cebc16a26a9,0.44666666666666677,0.7812408907790103,0.3345742241123435,20,0.0,0.0,0.44666666666666677,0.7812408907790103,0,1,0.3345742241123435,"{""energy"": 0.6666666666666667, ""water"": 0.2666666666666667, ""transport"": 0.33333333333333337}","{""energy"": 0.8909570401872393, ""water"": 0.4161935823470485, ""transport"": 1.0}","{""energy"": 0.22429037352057257, ""water"": 0.1495269156803818, ""transport"": 0.6666666666666666}","{""energy"": 0.0, ""water"": 0.0, ""transport"": 0.0}","{""energy"": 0.0, ""water"": 0.0, ""transport"": 0.0}","{""energy"": 0.0, ""water"": 0.0, ""transport"": 0.0}",0.3,0.1,,0.7812408907790103,,,[],,v1.0,0.7,0.3
S3_transport_load,68,68,2796880666480280477,scenario=S3_transport_load|method=both|duration=0|theta=0.300000|delta_threshold=0.100000|A=v1.0|w=na|run_id=68|seed=2796880666480280477,False,"{""step_1_amount"": 0.3513080210887539}",5222c37788a096d3910624247b4a1e76a3afcfe0df2ea7ddd6490cebc16a26a9,0.44666666666666677,0.7593543809046506,0.3126877142379838,16,0.0,0.0,0.44666666666666677,0.7593543809046506,0,1,0.3126877142379838,"{""energy"": 0.6666666666666667, ""water"": 0.2666666666666667, ""transport"": 0.33333333333333337}","{""energy"": 0.8620964880654066, ""water"": 0.39695321426582664, ""transport"": 0.9847660713291331}","{""energy"": 0.19542982139873988, ""water"": 0.13028654759915992, ""transport"": 0.6514327379957997}","{""energy"": 0.0, ""water"": 0.0, ""transport"": 0.0}","{""energy"": 0.0, ""water"": 0.0, ""transport"": 0.0}","{""energy"": 0.0, ""water"": 0.0, ""transport"": 0.0}",0.3,0.1,,0.7593543809046506,,,[],,v1.0,0.7,0.3
S3_transport_load,69,69,13703029104163410303,scenario=S3_transport_load|method=both|duration=0|theta=0.300000|delta_threshold=0.100000|A=v1.0|w=na|run_id=69|seed=13703029104163410303,False,"{""step_1_amount"": 0.30354915866409354}",5222c37788a096d3910624247b4a1e76a3afcfe0df2ea7ddd6490cebc16a26a9,0.44666666666666677,0.7491228650722219,0.30245619840555515,14,0.0,0.0,0.44666666666666677,0.7491228650722219,0,1,0.30245619840555515,"{""energy"": 0.6666666666666667, ""water"": 0.2666666666666667, ""transport"": 0.33333333333333337}","{""energy"": 0.8526015047847697, ""water"": 0.4192836460412578, ""transport"": 0.9409905644864556}","{""energy"": 0.18593483811810296, ""water"": 0.15261697937459107, ""transport"": 0.6076572311531222}","{""energy"": 0.0, ""water"": 0.0, ""transport"": 0.0}","{""energy"": 0.0, ""water"": 0.0, ""transport"": 0.0}","{""energy"": 0.0, ""water"": 0.0, ""transport"": 0.0}",0.3,0.1,,0.7491228650722219,,,[],,v1.0,0.7,0.3
S3_transport_load,70,70,3458444422037962768,scenario=S3_transport_load|method=both|duration=0|theta=0.300000|delta_threshold=0.100000|A=v1.0|w=na|run_id=70|seed=3458444422037962768,False,"{""step_1_amount"": 0.374530737738291}",5222c37788a096d3910624247b4a1e76a3afcfe0df2ea7ddd6490cebc16a26a9,0.44666666666666677,0.7681468971347589,0.32148023046809215,13,0.0,0.0,0.44666666666666677,0.7681468971347589,0,1,0.32148023046809215,"{""energy"": 0.6666666666666667, ""water"": 0.2666666666666667, ""transport"": 0.33333333333333337}","{""energy"": 0.8691337174468203, ""water"": 0.4016447005201024, ""transport"": 1.0}","{""energy"": 0.2024670507801536, ""water"": 0.1349780338534357, ""transport"": 0.6666666666666666}","{""energy"": 0.0, ""water"": 0.0, ""transport"": 0.0}","{""energy"": 0.0, ""water"": 0.0, ""transport"": 0.0}","{""energy"": 0.0, ""water"": 0.0, ""transport"": 0.0}",0.3,0.1,,0.7681468971347589,,,[],,v1.0,0.7,0.3
S3_transport_load,71,71,9195586368077327883,scenario=S3_transport_load|method=both|duration=0|theta=0.300000|delta_threshold=0.100000|A=v1.0|w=na|run_id=71|seed=9195586368077327883,False,"{""step_1_amount"": 0.25647948267787135}",5222c37788a096d3910624247b4a1e76a3afcfe0df2ea7ddd6490cebc16a26a9,0.44666666666666677,0.7042955559686782,0.25762888930201144,16,0.0,0.0,0.44666666666666677,0.7042955559686782,0,1,0.25762888930201144,"{""energy"": 0.6666666666666667, ""water"": 0.2666666666666667, ""transport"": 0.33333333333333337}","{""energy"": 0.8276847224804239, ""water"": 0.3740120372091715, ""transport"": 0.8700601860458572}","{""energy"": 0.16101805581375717, ""water"": 0.10734537054250476, ""transport"": 0.5367268527125238}","{""energy"": 0.0, ""water"": 0.0, ""transport"": 0.0}","{""energy"": 0.0, ""water"": 0.0, ""transport"": 0.0}","{""energy"": 0.0, ""water"": 0.0, ""transport"": 0.0}",0.3,0.1,,0.7042955559686782,,,[],,v1.0,0.7,0.3
S3_transport_load,72,72,12431553931124822002,scenario=S3_transport_load|method=both|duration=0|theta=0.300000|delta_threshold=0.100000|A=v1.0|w=na|run_id=72|seed=12431553931124822002,False,"{""step_1_amount"": 0.4468819106329341}",5222c37788a096d3910624247b4a1e76a3afcfe0df2ea7ddd6490cebc16a26a9,0.44666666666666677,0.7795648712654433,0.3328982045987765,9,0.0,0.0,0.44666666666666677,0.7795648712654433,0,1,0.3328982045987765,"{""energy"": 0.6666666666666667, ""water"": 0.2666666666666667, ""transport"": 0.33333333333333337}","{""energy"": 0.8881636743312942, ""water"": 0.41433133844308506, ""transport"": 1.0}","{""energy"": 0.22149700766462743, ""water"": 0.14766467177641834, ""transport"": 0.6666666666666666}","{""energy"": 0.0, ""water"": 0.0, ""transport"": 0.0}","{""energy"": 0.0, ""water"": 0.0, ""transport"": 0.0}","{""energy"": 0.0, ""water"": 0.0, ""transport"": 0.0}",0.3,0.1,,0.7795648712654433,,,[],,v1.0,0.7,0.3
S3_transport_load,73,73,14578681191090969637,scenario=S3_transport_load|method=both|duration=0|theta=0.300000|delta_threshold=0.100000|A=v1.0|w=na|run_id=73|seed=14578681191090969637,False,"{""step_1_amount"": 0.2594335521345856}",5222c37788a096d3910624247b4a1e76a3afcfe0df2ea7ddd6490cebc16a26a9,0.44666666666666677,0.7062575484527278,0.25959088178606105,6,0.0,0.0,0.44666666666666677,0.7062575484527278,0,1,0.25959088178606105,"{""energy"": 0.6666666666666667, ""water"": 0.2666666666666667, ""transport"": 0.33333333333333337}","{""energy"": 0.8289109677829549, ""water"": 0.3748295340775255, ""transport"": 0.8741476703876273}","{""energy"": 0.16224430111628818, ""water"": 0.10816286741085879, ""transport"": 0.5408143370542939}","{""energy"": 0.0, ""water"": 0.0, ""transport"": 0.0}","{""energy"": 0.0, ""water"": 0.0, ""transport"": 0.0}","{""energy"": 0.0, ""water"": 0.0, ""transport"": 0.0}",0.3,0.1,,0.7062575484527278,,,[],,v1.0,0.7,0.3
S3_transport_load,74,74,1244781795176152607,scenario=S3_transport_load|method=both|duration=0|theta=0.300000|delta_threshold=0.100000|A=v1.0|w=na|run_id=74|seed=1244781795176152607,False,"{""step_1_amount"": 0.43407667264130806}",5222c37788a096d3910624247b4a1e76a3afcfe0df2ea7ddd6490cebc16a26a9,0.44666666666666677,0.7777202171648323,0.33105355049816554,12,0.0,0.0,0.44666666666666677,0.7777202171648323,0,1,0.33105355049816554,"{""energy"": 0.6666666666666667, ""water"": 0.2666666666666667, ""transport"": 0.33333333333333337}","{""energy"": 0.885089250830276, ""water"": 0.4122817227757396, ""transport"": 1.0}","{""energy"": 0.21842258416360927, ""water"": 0.14561505610907288, ""transport"": 0.6666666666666666}","{""energy"": 0.0, ""water"": 0.0, ""transport"": 0.0}","{""energy"": 0.0, ""water"": 0.0, ""transport"": 0.0}","{""energy"": 0.0, ""water"": 0.0, ""transport"": 0.0}",0.3,0.1,,0.7777202171648323,,,[],,v1.0,0.7,0.3
S3_transport_load,75,75,5428470119931192713,scenario=S3_transport_load|method=both|duration=0|theta=0.300000|delta_threshold=0.100000|A=v1.0|w=na|run_id=75|seed=5428470119931192713,False,"{""step_1_amount"": 0.3698829690013715}",5222c37788a096d3910624247b4a1e76a3afcfe0df2ea7ddd6490cebc16a26a9,0.44666666666666677,0.7852606434386042,0.3385939767719375,16,0.0,0.0,0.44666666666666677,0.7852606434386042,0,1,0.3385939767719375,"{""energy"": 0.6666666666666667, ""water"": 0.2666666666666667, ""transport"": 0.33333333333333337}","{""energy"": 0.8976566279532294, ""water"": 0.42065997419104184, ""transport"": 1.0}","{""energy"": 0.23098996128656268, ""water"": 0.15399330752437512, ""transport"": 0.6666666666666666}","{""energy"": 0.0, ""water"": 0.0, ""transport"": 0.0}","{""energy"": 0.0, ""water"": 0.0, ""transport"": 0.0}","{""energy"": 0.0, ""water"": 0.0, ""transport"": 0.0}",0.3,0.1,,0.7852606434386042,,,[],,v1.0,0.7,0.3
S3_transport_load,76,76,12320210584015313568,scenario=S3_transport_load|method=both|duration=0|theta=0.300000|delta_threshold=0.100000|A=v1.0|w=na|run_id=76|seed=12320210584015313568,False,"{""step_1_amount"": 0.3043011990921897}",5222c37788a096d3910624247b4a1e76a3afcfe0df2ea7ddd6490cebc16a26a9,0.44666666666666677,0.734015234172317,0.2873485675056502,22,0.0,0.0,0.44666666666666677,0.734015234172317,0,1,0.2873485675056502,"{""energy"": 0.6666666666666667, ""water"": 0.2666666666666667, ""transport"": 0.33333333333333337}","{""energy"": 0.8462595213576981, ""water"": 0.38639523646068763, ""transport"": 0.9319761823034378}","{""energy"": 0.17959285469103137, ""water"": 0.11972856979402091, ""transport"": 0.5986428489701044}","{""energy"": 0.0, ""water"": 0.0, ""transport"": 0.0}","{""energy"": 0.0, ""water"": 0.0, ""transport"": 0.0}","{""energy"": 0.0, ""water"": 0.0, ""transport"": 0.0}",0.3,0.1,,0.734015234172317,,,[],,v1.0,0.7,0.3
S3_transport_load,77,77,9011100481232643931,scenario=S3_transport_load|method=both|duration=0|theta=0.300000|delta_threshold=0.100000|A=v1.0|w=na|run_id=77|seed=9011100481232643931,False,"{""step_1_amount"": 0.16117155486500376}",5222c37788a096d3910624247b4a1e76a3afcfe0df2ea7ddd6490cebc16a26a9,0.44666666666666677,0.6306927179411019,0.18402605127443517,14,0.0,0.0,0.44666666666666677,0.6306927179411019,0,1,0.18402605127443517,"{""energy"": 0.6666666666666667, ""water"": 0.2666666666666667, ""transport"": 0.33333333333333337}","{""energy"": 0.7816829487131888, ""water"": 0.34334418803101474, ""transport"": 0.7167209401550736}","{""energy"": 0.11501628204652203, ""water"": 0.07667752136434802, ""transport"": 0.3833876068217402}","{""energy"": 0.0, ""water"": 0.0, ""transport"": 0.0}","{""energy"": 0.0, ""water"": 0.0, ""transport"": 0.0}","{""energy"": 0.0, ""water"": 0.0, ""transport"": 0.0}",0.3,0.1,,0.6306927179411019,,,[],,v1.0,0.7,0.3
S3_transport_load,78,78,7132272864970580114,scenario=S3_transport_load|method=both|duration=0|theta=0.300000|delta_threshold=0.100000|A=v1.0|w=na|run_id=78|seed=7132272864970580114,False,"{""step_1_amount"": 0.35430310872785997}",5222c37788a096d3910624247b4a1e76a3afcfe0df2ea7ddd6490cebc16a26a9,0.44666666666666677,0.8039424752316904,0.3572758085650236,6,0.0,1.0,0.44666666666666677,0.8039424752316904,1,1,0.3572758085650236,"{""energy"": 0.6666666666666667, ""water"": 0.2666666666666667, ""transport"": 0.33333333333333337}","{""energy"": 0.9287930142750396, ""water"": 0.44141756507224866, ""transport"": 1.0}","{""energy"": 0.26212634760837283, ""water"": 0.17475089840558194, ""transport"": 0.6666666666666666}","{""energy"": 0.0, ""water"": 0.0, ""transport"": 0.0}","{""energy"": 1.0, ""water"": 1.0, ""transport"": 1.0}","{""energy"": 1.0, ""water"": 1.0, ""transport"": 1.0}",0.3,0.1,,0.8039424752316904,,,"[""energy"", ""water""]",2,v1.0,0.7,0.3
S3_transport_load,79,79,7570320247820597051,scenario=S3_transport_load|method=both|duration=0|theta=0.300000|delta_threshold=0.100000|A=v1.0|w=na|run_id=79|seed=7570320247820597051,False,"{""step_1_amount"": 0.4846860360787924}",5222c37788a096d3910624247b4a1e76a3afcfe0df2ea7ddd6490cebc16a26a9,0.44666666666666677,0.784615011694098,0.3379483450274312,5,0.0,0.0,0.44666666666666677,0.784615011694098,0,1,0.3379483450274312,"{""energy"": 0.6666666666666667, ""water"": 0.2666666666666667, ""transport"": 0.33333333333333337}","{""energy"": 0.8965805750457189, ""water"": 0.4199426055860348, ""transport"": 1.0}","{""energy"": 0.22991390837905212, ""water"": 0.15327593891936808, ""transport"": 0.6666666666666666}","{""energy"": 0.0, ""water"": 0.0, ""transport"": 0.0}","{""energy"": 0.0, ""water"": 0.0, ""transport"": 0.0}","{""energy"": 0.0, ""water"": 0.0, ""transport"": 0.0}",0.3,0.1,,0.784615011694098,,,[],,v1.0,0.7,0.3
S3_transport_load,80,80,6912133186202259221,scenario=S3_transport_load|method=both|duration=0|theta=0.300000|delta_threshold=0.100000|A=v1.0|w=na|run_id=80|seed=6912133186202259221,False,"{""step_1_amount"": 0.17143296129915514}",5222c37788a096d3910624247b4a1e76a3afcfe0df2ea7ddd6490cebc16a26a9,0.44666666666666677,0.6721540160436366,0.2254873493769698,25,0.0,0.0,0.44666666666666677,0.6721540160436366,0,1,0.2254873493769698,"{""energy"": 0.6666666666666667, ""water"": 0.2666666666666667, ""transport"": 0.33333333333333337}","{""energy"": 0.8011157841714693, ""water"": 0.4162078106924079, ""transport"": 0.7561511972244213}","{""energy"": 0.1344491175048026, ""water"": 0.1495411440257412, ""transport"": 0.4228178638910879}","{""energy"": 0.0, ""water"": 0.0, ""transport"": 0.0}","{""energy"": 0.0, ""water"": 0.0, ""transport"": 0.0}","{""energy"": 0.0, ""water"": 0.0, ""transport"": 0.0}",0.3,0.1,,0.6721540160436366,,,[],,v1.0,0.7,0.3
S3_transport_load,81,81,7011206626025804733,scenario=S3_transport_load|method=both|duration=0|theta=0.300000|delta_threshold=0.100000|A=v1.0|w=na|run_id=81|seed=7011206626025804733,False,"{""step_1_amount"": 0.08266002384086957}",5222c37788a096d3910624247b4a1e76a3afcfe0df2ea7ddd6490cebc16a26a9,0.44666666666666677,0.55208642913811,0.10541976247144325,21,0.0,0.0,0.44666666666666677,0.55208642913811,0,0,0.10541976247144325,"{""energy"": 0.6666666666666667, ""water"": 0.2666666666666667, ""transport"": 0.33333333333333337}","{""energy"": 0.7325540182113188, ""water"": 0.3105915676964348, ""transport"": 0.5529578384821737}","{""energy"": 0.06588735154465208, ""water"": 0.04392490102976809, ""transport"": 0.21962450514884035}","{""energy"": 0.0, ""water"": 0.0, ""transport"": 0.0}","{""energy"": 0.0, ""water"": 0.0, ""transport"": 0.0}","{""energy"": 0.0, ""water"": 0.0, ""transport"": 0.0}",0.3,0.1,,0.55208642913811,,,[],,v1.0,0.7,0.3
S3_transport_load,82,82,14293243736906690689,scenario=S3_transport_load|method=both|duration=0|theta=0.300000|delta_threshold=0.100000|A=v1.0|w=na|run_id=82|seed=14293243736906690689,False,"{""step_1_amount"": 0.1113181408464823}",5222c37788a096d3910624247b4a1e76a3afcfe0df2ea7ddd6490cebc16a26a9,0.44666666666666677,0.7986902792737416,0.3520236126070748,22,0.0,0.0,0.44666666666666677,0.7986902792737416,0,1,0.3520236126070748,"{""energy"": 0.6666666666666667, ""water"": 0.2666666666666667, ""transport"": 0.33333333333333337}","{""energy"": 0.8824163429151082, ""water"": 0.48574580702566117, ""transport"": 1.0}","{""energy"": 0.21574967624844144, ""water"": 0.21907914035899445, ""transport"": 0.6666666666666666}","{""energy"": 0.0, ""water"": 0.0, ""transport"": 0.0}","{""energy"": 0.0, ""water"": 0.0, ""transport"": 0.0}","{""energy"": 0.0, ""water"": 0.0, ""transport"": 0.0}",0.3,0.1,,0.7986902792737416,,,[],,v1.0,0.7,0.3
S3_transport_load,83,83,3228965552339798957,scenario=S3_transport_load|method=both|duration=0|theta=0.300000|delta_threshold=0.100000|A=v1.0|w=na|run_id=83|seed=3228965552339798957,False,"{""step_1_amount"": 0.43862557700523064}",5222c37788a096d3910624247b4a1e76a3afcfe0df2ea7ddd6490cebc16a26a9,0.44666666666666677,0.7783836382633729,0.3317169715967061,30,0.0,0.0,0.44666666666666677,0.7783836382633729,0,1,0.3317169715967061,"{""energy"": 0.6666666666666667, ""water"": 0.2666666666666667, ""transport"": 0.33333333333333337}","{""energy"": 0.886194952661177, ""water"": 0.4130188573296735, ""transport"": 1.0}","{""energy"": 0.21952828599451024, ""water"": 0.1463521906630068, ""transport"": 0.6666666666666666}","{""energy"": 0.0, ""water"": 0.0, ""transport"": 0.0}","{""energy"": 0.0, ""water"": 0.0, ""transport"": 0.0}","{""energy"": 0.0, ""water"": 0.0, ""transport"": 0.0}",0.3,0.1,,0.7783836382633729,,,[],,v1.0,0.7,0.3
S3_transport_load,84,84,8489888865141892216,scenario=S3_transport_load|method=both|duration=0|theta=0.300000|delta_threshold=0.100000|A=v1.0|w=na|run_id=84|seed=8489888865141892216,False,"{""step_1_amount"": 0.3073105717154378}",5222c37788a096d3910624247b4a1e76a3afcfe0df2ea7ddd6490cebc16a26a9,0.44666666666666677,0.7357466863746467,0.2890800197079799,26,0.0,0.0,0.44666666666666677,0.7357466863746467,0,1,0.2890800197079799,"{""energy"": 0.6666666666666667, ""water"": 0.2666666666666667, ""transport"": 0.33333333333333337}","{""energy"": 0.8473416789841542, ""water"": 0.387116674878325, ""transport"": 0.935583374391625}","{""energy"": 0.1806750123174875, ""water"": 0.1204500082116583, ""transport"": 0.6022500410582916}","{""energy"": 0.0, ""water"": 0.0, ""transport"": 0.0}","{""energy"": 0.0, ""water"": 0.0, ""transport"": 0.0}","{""energy"": 0.0, ""water"": 0.0, ""transport"": 0.0}",0.3,0.1,,0.7357466863746467,,,[],,v1.0,0.7,0.3
S3_transport_load,85,85,6847496216321507292,scenario=S3_transport_load|method=both|duration=0|theta=0.300000|delta_threshold=0.100000|A=v1.0|w=na|run_id=85|seed=6847496216321507292,False,"{""step_1_amount"": 0.5164294946763038}",5222c37788a096d3910624247b4a1e76a3afcfe0df2ea7ddd6490cebc16a26a9,0.44666666666666677,0.7884348384867352,0.34176817182006847,8,0.0,0.0,0.44666666666666677,0.7884348384867352,0,1,0.34176817182006847,"{""energy"": 0.6666666666666667, ""water"": 0.2666666666666667, ""transport"": 0.33333333333333337}","{""energy"": 0.9029469530334475, ""water"": 0.42418685757785396, ""transport"": 1.0}","{""energy"": 0.23628028636678078, ""water"": 0.15752019091118724, ""transport"": 0.6666666666666666}","{""energy"": 0.0, ""water"": 0.0, ""transport"": 0.0}","{""energy"": 0.0, ""water"": 0.0, ""transport"": 0.0}","{""energy"": 0.0, ""water"": 0.0, ""transport"": 0.0}",0.3,0.1,,0.7884348384867352,,,[],,v1.0,0.7,0.3
S3_transport_load,86,86,6853721116919065020,scenario=S3_transport_load|method=both|duration=0|theta=0.300000|delta_threshold=0.100000|A=v1.0|w=na|run_id=86|seed=6853721116919065020,False,"{""step_1_amount"": 0.3519049926243849}",5222c37788a096d3910624247b4a1e76a3afcfe0df2ea7ddd6490cebc16a26a9,0.44666666666666677,0.7596537547645575,0.3129870880978908,29,0.0,0.0,0.44666666666666677,0.7596537547645575,0,1,0.3129870880978908,"{""energy"": 0.6666666666666667, ""water"": 0.2666666666666667, ""transport"": 0.33333333333333337}","{""energy"": 0.8622835967278485, ""water"": 0.3970779533741212, ""transport"": 0.9853897668706059}","{""energy"": 0.19561693006118175, ""water"": 0.1304112867074545, ""transport"": 0.6520564335372725}","{""energy"": 0.0, ""water"": 0.0, ""transport"": 0.0}","{""energy"": 0.0, ""water"": 0.0, ""transport"": 0.0}","{""energy"": 0.0, ""water"": 0.0, ""transport"": 0.0}",0.3,0.1,,0.7596537547645575,,,[],,v1.0,0.7,0.3
S3_transport_load,87,87,10682380790361524332,scenario=S3_transport_load|method=both|duration=0|theta=0.300000|delta_threshold=0.100000|A=v1.0|w=na|run_id=87|seed=10682380790361524332,False,"{""step_1_amount"": 0.35104039914093227}",5222c37788a096d3910624247b4a1e76a3afcfe0df2ea7ddd6490cebc16a26a9,0.44666666666666677,0.8024177631650795,0.35575109649841274,5,0.0,1.0,0.44666666666666677,0.8024177631650795,1,1,0.35575109649841274,"{""energy"": 0.6666666666666667, ""water"": 0.2666666666666667, ""transport"": 0.33333333333333337}","{""energy"": 0.9262518274973548, ""water"": 0.4397234405537921, ""transport"": 1.0}","{""energy"": 0.25958516083068806, ""water"": 0.17305677388712537, ""transport"": 0.6666666666666666}","{""energy"": 0.0, ""water"": 0.0, ""transport"": 0.0}","{""energy"": 1.0, ""water"": 1.0, ""transport"": 1.0}","{""energy"": 1.0, ""water"": 1.0, ""transport"": 1.0}",0.3,0.1,,0.8024177631650795,,,"[""energy"", ""water""]",2,v1.0,0.7,0.3
S3_transport_load,88,88,3634760778312322807,scenario=S3_transport_load|method=both|duration=0|theta=0.300000|delta_threshold=0.100000|A=v1.0|w=na|run_id=88|seed=3634760778312322807,False,"{""step_1_amount"": 0.4906433100103719}",5222c37788a096d3910624247b4a1e76a3afcfe0df2ea7ddd6490cebc16a26a9,0.44666666666666677,0.8289713269740056,0.3823046603073388,27,0.0,0.0,0.44666666666666677,0.8289713269740056,0,1,0.3823046603073388,"{""energy"": 0.6666666666666667, ""water"": 0.2666666666666667, ""transport"": 0.33333333333333337}","{""energy"": 0.9207754102522672, ""water"": 0.5355372095769956, ""transport"": 1.0}","{""energy"": 0.2541087435856004, ""water"": 0.26887054291032886, ""transport"": 0.6666666666666666}","{""energy"": 0.0, ""water"": 0.0, ""transport"": 0.0}","{""energy"": 0.0, ""water"": 0.0, ""transport"": 0.0}","{""energy"": 0.0, ""water"": 0.0, ""transport"": 0.0}",0.3,0.1,,0.8289713269740056,,,[],,v1.0,0.7,0.3
S3_transport_load,89,89,15599441393092841948,scenario=S3_transport_load|method=both|duration=0|theta=0.300000|delta_threshold=0.100000|A=v1.0|w=na|run_id=89|seed=15599441393092841948,False,"{""step_1_amount"": 0.06428293194751437}",5222c37788a096d3910624247b4a1e76a3afcfe0df2ea7ddd6490cebc16a26a9,0.44666666666666677,0.5308554752937304,0.08418880862706368,21,0.0,0.0,0.44666666666666677,0.5308554752937304,0,0,0.08418880862706368,"{""energy"": 0.6666666666666667, ""water"": 0.2666666666666667, ""transport"": 0.33333333333333337}","{""energy"": 0.7192846720585816, ""water"": 0.30174533692794325, ""transport"": 0.5087266846397162}","{""energy"": 0.05261800539191486, ""water"": 0.035078670261276534, ""transport"": 0.17539335130638278}","{""energy"": 0.0, ""water"": 0.0, ""transport"": 0.0}","{""energy"": 0.0, ""water"": 0.0, ""transport"": 0.0}","{""energy"": 0.0, ""water"": 0.0, ""transport"": 0.0}",0.3,0.1,,0.5308554752937304,,,[],,v1.0,0.7,0.3
S3_transport_load,90,90,15793723896452033373,scenario=S3_transport_load|method=both|duration=0|theta=0.300000|delta_threshold=0.100000|A=v1.0|w=na|run_id=90|seed=15793723896452033373,False,"{""step_1_amount"": 0.207487605168667}",5222c37788a096d3910624247b4a1e76a3afcfe0df2ea7ddd6490cebc16a26a9,0.44666666666666677,0.669088485938373,0.22242181927170623,16,0.0,0.0,0.44666666666666677,0.669088485938373,0,1,0.22242181927170623,"{""energy"": 0.6666666666666667, ""water"": 0.2666666666666667, ""transport"": 0.33333333333333337}","{""energy"": 0.8056803037114831, ""water"": 0.3593424246965443, ""transport"": 0.7967121234827212}","{""energy"": 0.1390136370448164, ""water"": 0.0926757580298776, ""transport"": 0.4633787901493879}","{""energy"": 0.0, ""water"": 0.0, ""transport"": 0.0}","{""energy"": 0.0, ""water"": 0.0, ""transport"": 0.0}","{""energy"": 0.0, ""water"": 0.0, ""transport"": 0.0}",0.3,0.1,,0.669088485938373,,,[],,v1.0,0.7,0.3
S3_transport_load,91,91,9689721048339751950,scenario=S3_transport_load|method=both|duration=0|theta=0.300000|delta_threshold=0.100000|A=v1.0|w=na|run_id=91|seed=9689721048339751950,False,"{""step_1_amount"": 0.7523219627550866}",5222c37788a096d3910624247b4a1e76a3afcfe0df2ea7ddd6490cebc16a26a9,0.44666666666666677,0.8078265028736724,0.36115983620700565,24,0.0,1.0,0.44666666666666677,0.8078265028736724,1,1,0.36115983620700565,"{""energy"": 0.6666666666666667, ""water"": 0.2666666666666667, ""transport"": 0.33333333333333337}","{""energy"": 0.9352663936783427, ""water"": 0.44573315134111746, ""transport"": 1.0}","{""energy"": 0.268599727011676, ""water"": 0.17906648467445074, ""transport"": 0.6666666666666666}","{""energy"": 0.0, ""water"": 0.0, ""transport"": 0.0}","{""energy"": 1.0, ""water"": 1.0, ""transport"": 1.0}","{""energy"": 1.0, ""water"": 1.0, ""transport"": 1.0}",0.3,0.1,,0.8078265028736724,,,"[""energy"", ""water""]",1,v1.0,0.7,0.3
S3_transport_load,92,92,15764053567246779340,scenario=S3_transport_load|method=both|duration=0|theta=0.300000|delta_threshold=0.100000|A=v1.0|w=na|run_id=92|seed=15764053567246779340,False,"{""step_1_amount"": 0.43898395448250227}",5222c37788a096d3910624247b4a1e76a3afcfe0df2ea7ddd6490cebc16a26a9,0.44666666666666677,0.7784355210176932,0.33176885435102643,29,0.0,0.0,0.44666666666666677,0.7784355210176932,0,1,0.33176885435102643,"{""energy"": 0.6666666666666667, ""water"": 0.2666666666666667, ""transport"": 0.33333333333333337}","{""energy"": 0.8862814239183775, ""water"": 0.4130765048344739, ""transport"": 1.0}","{""energy"": 0.21961475725171076, ""water"": 0.14640983816780717, ""transport"": 0.6666666666666666}","{""energy"": 0.0, ""water"": 0.0, ""transport"": 0.0}","{""energy"": 0.0, ""water"": 0.0, ""transport"": 0.0}","{""energy"": 0.0, ""water"": 0.0, ""transport"": 0.0}",0.3,0.1,,0.7784355210176932,,,[],,v1.0,0.7,0.3
S3_transport_load,93,93,6047789127205465359,scenario=S3_transport_load|method=both|duration=0|theta=0.300000|delta_threshold=0.100000|A=v1.0|w=na|run_id=93|seed=6047789127205465359,False,"{""step_1_amount"": 0.4702644659018901}",5222c37788a096d3910624247b4a1e76a3afcfe0df2ea7ddd6490cebc16a26a9,0.44666666666666677,0.7827557283504747,0.3360890616838079,16,0.0,0.0,0.44666666666666677,0.7827557283504747,0,1,0.3360890616838079,"{""energy"": 0.6666666666666667, ""water"": 0.2666666666666667, ""transport"": 0.33333333333333337}","{""energy"": 0.8934817694730135, ""water"": 0.4178767352042313, ""transport"": 1.0}","{""energy"": 0.22681510280634676, ""water"": 0.15121006853756458, ""transport"": 0.6666666666666666}","{""energy"": 0.0, ""water"": 0.0, ""transport"": 0.0}","{""energy"": 0.0, ""water"": 0.0, ""transport"": 0.0}","{""energy"": 0.0, ""water"": 0.0, ""transport"": 0.0}",0.3,0.1,,0.7827557283504747,,,[],,v1.0,0.7,0.3
S3_transport_load,94,94,12950486580316299111,scenario=S3_transport_load|method=both|duration=0|theta=0.300000|delta_threshold=0.100000|A=v1.0|w=na|run_id=94|seed=12950486580316299111,False,"{""step_1_amount"": 0.494457469446578}",5222c37788a096d3910624247b4a1e76a3afcfe0df2ea7ddd6490cebc16a26a9,0.44666666666666677,0.785829833706098,0.3391631670394313,5,0.0,0.0,0.44666666666666677,0.785829833706098,0,1,0.3391631670394313,"{""energy"": 0.6666666666666667, ""water"": 0.2666666666666667, ""transport"": 0.33333333333333337}","{""energy"": 0.8986052783990524, ""water"": 0.42129240782159044, ""transport"": 1.0}","{""energy"": 0.2319386117323856, ""water"": 0.15462574115492372, ""transport"": 0.6666666666666666}","{""energy"": 0.0, ""water"": 0.0, ""transport"": 0.0}","{""energy"": 0.0, ""water"": 0.0, ""transport"": 0.0}","{""energy"": 0.0, ""water"": 0.0, ""transport"": 0.0}",0.3,0.1,,0.785829833706098,,,[],,v1.0,0.7,0.3
S3_transport_load,95,95,4631728191499945232,scenario=S3_transport_load|method=both|duration=0|theta=0.300000|delta_threshold=0.100000|A=v1.0|w=na|run_id=95|seed=4631728191499945232,False,"{""step_1_amount"": 0.412454825548473}",5222c37788a096d3910624247b4a1e76a3afcfe0df2ea7ddd6490cebc16a26a9,0.44666666666666677,0.774440044166808,0.32777337750014124,23,0.0,0.0,0.44666666666666677,0.774440044166808,0,1,0.32777337750014124,"{""energy"": 0.6666666666666667, ""water"": 0.2666666666666667, ""transport"": 0.33333333333333337}","{""energy"": 0.8796222958335689, ""water"": 0.40863708611126814, ""transport"": 1.0}","{""energy"": 0.21295562916690214, ""water"": 0.14197041944460143, ""transport"": 0.6666666666666666}","{""energy"": 0.0, ""water"": 0.0, ""transport"": 0.0}","{""energy"": 0.0, ""water"": 0.0, ""transport"": 0.0}","{""energy"": 0.0, ""water"": 0.0, ""transport"": 0.0}",0.3,0.1,,0.774440044166808,,,[],,v1.0,0.7,0.3
S3_transport_load,96,96,5029051501949555396,scenario=S3_transport_load|method=both|duration=0|theta=0.300000|delta_threshold=0.100000|A=v1.0|w=na|run_id=96|seed=5029051501949555396,False,"{""step_1_amount"": 0.5363501838968857}",5222c37788a096d3910624247b4a1e76a3afcfe0df2ea7ddd6490cebc16a26a9,0.44666666666666677,0.7906527189688979,0.3439860523022311,16,0.0,0.0,0.44666666666666677,0.7906527189688979,0,1,0.3439860523022311,"{""energy"": 0.6666666666666667, ""water"": 0.2666666666666667, ""transport"": 0.33333333333333337}","{""energy"": 0.9066434205037186, ""water"": 0.42665116922470137, ""transport"": 1.0}","{""energy"": 0.23997675383705186, ""water"": 0.15998450255803465, ""transport"": 0.6666666666666666}","{""energy"": 0.0, ""water"": 0.0, ""transport"": 0.0}","{""energy"": 0.0, ""water"": 0.0, ""transport"": 0.0}","{""energy"": 0.0, ""water"": 0.0, ""transport"": 0.0}",0.3,0.1,,0.7906527189688979,,,[],,v1.0,0.7,0.3
S3_transport_load,97,97,5459606772682946712,scenario=S3_transport_load|method=both|duration=0|theta=0.300000|delta_threshold=0.100000|A=v1.0|w=na|run_id=97|seed=5459606772682946712,False,"{""step_1_amount"": 0.24877847439556283}",5222c37788a096d3910624247b4a1e76a3afcfe0df2ea7ddd6490cebc16a26a9,0.44666666666666677,0.6990983057404803,0.2524316390738135,15,0.0,0.0,0.44666666666666677,0.6990983057404803,0,1,0.2524316390738135,"{""energy"": 0.6666666666666667, ""water"": 0.2666666666666667, ""transport"": 0.33333333333333337}","{""energy"": 0.8244364410878002, ""water"": 0.3718465162807557, ""transport"": 0.8592325814037785}","{""energy"": 0.1577697744211335, ""water"": 0.105179849614089, ""transport"": 0.5258992480704451}","{""energy"": 0.0, ""water"": 0.0, ""transport"": 0.0}","{""energy"": 0.0, ""water"": 0.0, ""transport"": 0.0}","{""energy"": 0.0, ""water"": 0.0, ""transport"": 0.0}",0.3,0.1,,0.6990983057404803,,,[],,v1.0,0.7,0.3
S3_transport_load,98,98,1496592330219819879,scenario=S3_transport_load|method=both|duration=0|theta=0.300000|delta_threshold=0.100000|A=v1.0|w=na|run_id=98|seed=1496592330219819879,False,"{""step_1_amount"": 0.19745630691884816}",5222c37788a096d3910624247b4a1e76a3afcfe0df2ea7ddd6490cebc16a26a9,0.44666666666666677,0.7240259863409316,0.27735931967426486,27,0.0,0.0,0.44666666666666677,0.7240259863409316,0,1,0.27735931967426486,"{""energy"": 0.6666666666666667, ""water"": 0.2666666666666667, ""transport"": 0.33333333333333337}","{""energy"": 0.8400162414630823, ""water"": 0.3822330498642771, ""transport"": 0.9111652493213852}","{""energy"": 0.17334957479641555, ""water"": 0.11556638319761037, ""transport"": 0.5778319159880518}","{""energy"": 0.0, ""water"": 0.0, ""transport"": 0.0}","{""energy"": 0.0, ""water"": 0.0, ""transport"": 0.0}","{""energy"": 0.0, ""water"": 0.0, ""transport"": 0.0}",0.3,0.1,,0.7240259863409316,,,[],,v1.0,0.7,0.3
S3_transport_load,99,99,11276710964437414624,scenario=S3_transport_load|method=both|duration=0|theta=0.300000|delta_threshold=0.100000|A=v1.0|w=na|run_id=99|seed=11276710964437414624,False,"{""step_1_amount"": 0.1707843591085762}",5222c37788a096d3910624247b4a1e76a3afcfe0df2ea7ddd6490cebc16a26a9,0.44666666666666677,0.6391062374695138,0.19243957080284702,19,0.0,0.0,0.44666666666666677,0.6391062374695138,0,1,0.19243957080284702,"{""energy"": 0.6666666666666667, ""water"": 0.2666666666666667, ""transport"": 0.33333333333333337}","{""energy"": 0.7869413984184461, ""water"": 0.346849821167853, ""transport"": 0.7342491058392648}","{""energy"": 0.12027473175177938, ""water"": 0.0801831545011863, ""transport"": 0.40091577250593147}","{""energy"": 0.0, ""water"": 0.0, ""transport"": 0.0}","{""energy"": 0.0, ""water"": 0.0, ""transport"": 0.0}","{""energy"": 0.0, ""water"": 0.0, ""transport"": 0.0}",0.3,0.1,,0.6391062374695138,,,[],,v1.0,0.7,0.3
S3_transport_load,100,100,17969905077286119396,scenario=S3_transport_load|method=both|duration=0|theta=0.300000|delta_threshold=0.100000|A=v1.0|w=na|run_id=100|seed=17969905077286119396,False,"{""step_1_amount"": 0.2597188764191052}",5222c37788a096d3910624247b4a1e76a3afcfe0df2ea7ddd6490cebc16a26a9,0.44666666666666677,0.7064461319518716,0.2597794652852048,23,0.0,0.0,0.44666666666666677,0.7064461319518716,0,1,0.2597794652852048,"{""energy"": 0.6666666666666667, ""water"": 0.2666666666666667, ""transport"": 0.33333333333333337}","{""energy"": 0.8290288324699198, ""water"": 0.37490811053550205, ""transport"": 0.8745405526775101}","{""energy"": 0.16236216580325302, ""water"": 0.10824144386883533, ""transport"": 0.5412072193441767}","{""energy"": 0.0, ""water"": 0.0, ""transport"": 0.0}","{""energy"": 0.0, ""water"": 0.0, ""transport"": 0.0}","{""energy"": 0.0, ""water"": 0.0, ""transport"": 0.0}",0.3,0.1,,0.7064461319518716,,,[],,v1.0,0.7,0.3
S3_transport_load,101,101,16043331535959389005,scenario=S3_transport_load|method=both|duration=0|theta=0.300000|delta_threshold=0.100000|A=v1.0|w=na|run_id=101|seed=16043331535959389005,False,"{""step_1_amount"": 0.1544731397743675}",5222c37788a096d3910624247b4a1e76a3afcfe0df2ea7ddd6490cebc16a26a9,0.44666666666666677,0.6246848865978007,0.17801821993113398,28,0.0,0.0,0.44666666666666677,0.6246848865978007,0,1,0.17801821993113398,"{""energy"": 0.6666666666666667, ""water"": 0.2666666666666667, ""transport"": 0.33333333333333337}","{""energy"": 0.7779280541236254, ""water"": 0.34084092497130586, ""transport"": 0.7042046248565291}","{""energy"": 0.11126138745695868, ""water"": 0.07417425830463914, ""transport"": 0.37087129152319576}","{""energy"": 0.0, ""water"": 0.0, ""transport"": 0.0}","{""energy"": 0.0, ""water"": 0.0, ""transport"": 0.0}","{""energy"": 0.0, ""water"": 0.0, ""transport"": 0.0}",0.3,0.1,,0.6246848865978007,,,[],,v1.0,0.7,0.3
S3_transport_load,102,102,14232634029176194813,scenario=S3_transport_load|method=both|duration=0|theta=0.300000|delta_threshold=0.100000|A=v1.0|w=na|run_id=102|seed=14232634029176194813,False,"{""step_1_amount"": 0.41032396461804016}",5222c37788a096d3910624247b4a1e76a3afcfe0df2ea7ddd6490cebc16a26a9,0.44666666666666677,0.808269021410555,0.36160235474388824,28,0.0,1.0,0.44666666666666677,0.808269021410555,1,1,0.36160235474388824,"{""energy"": 0.6666666666666667, ""water"": 0.2666666666666667, ""transport"": 0.33333333333333337}","{""energy"": 0.9360039245731473, ""water"": 0.4462248386043205, ""transport"": 1.0}","{""energy"": 0.26933725790648055, ""water"": 0.17955817193765378, ""transport"": 0.6666666666666666}","{""energy"": 0.0, ""water"": 0.0, ""transport"": 0.0}","{""energy"": 1.0, ""water"": 1.0, ""transport"": 1.0}","{""energy"": 1.0, ""water"": 1.0, ""transport"": 1.0}",0.3,0.1,,0.808269021410555,,,"[""energy"", ""water""]",2,v1.0,0.7,0.3
S3_transport_load,103,103,17639067693155744982,scenario=S3_transport_load|method=both|duration=0|theta=0.300000|delta_threshold=0.100000|A=v1.0|w=na|run_id=103|seed=17639067693155744982,False,"{""step_1_amount"": 0.22642629131011857}",5222c37788a096d3910624247b4a1e76a3afcfe0df2ea7ddd6490cebc16a26a9,0.44666666666666677,0.6833150863936437,0.23664841972697692,5,0.0,0.0,0.44666666666666677,0.6833150863936437,0,1,0.23664841972697692,"{""energy"": 0.6666666666666667, ""water"": 0.2666666666666667, ""transport"": 0.33333333333333337}","{""energy"": 0.8145719289960274, ""water"": 0.3652701748862405, ""transport"": 0.8263508744312021}","{""energy"": 0.14790526232936063, ""water"": 0.09860350821957375, ""transport"": 0.49301754109786877}","{""energy"": 0.0, ""water"": 0.0, ""transport"": 0.0}","{""energy"": 0.0, ""water"": 0.0, ""transport"": 0.0}","{""energy"": 0.0, ""water"": 0.0, ""transport"": 0.0}",0.3,0.1,,0.6833150863936437,,,[],,v1.0,0.7,0.3
S3_transport_load,104,104,4950087628732418808,scenario=S3_transport_load|method=both|duration=0|theta=0.300000|delta_threshold=0.100000|A=v1.0|w=na|run_id=104|seed=4950087628732418808,False,"{""step_1_amount"": 0.25519926809077786}",5222c37788a096d3910624247b4a1e76a3afcfe0df2ea7ddd6490cebc16a26a9,0.44666666666666677,0.7034398656007195,0.2567731989340527,28,0.0,0.0,0.44666666666666677,0.7034398656007195,0,1,0.2567731989340527,"{""energy"": 0.6666666666666667, ""water"": 0.2666666666666667, ""transport"": 0.33333333333333337}","{""energy"": 0.8271499160004496, ""water"": 0.37365549955585536, ""transport"": 0.8682774977792765}","{""energy"": 0.16048324933378288, ""water"": 0.10698883288918865, ""transport"": 0.5349441644459432}","{""energy"": 0.0, ""water"": 0.0, ""transport"": 0.0}","{""energy"": 0.0, ""water"": 0.0, ""transport"": 0.0}","{""energy"": 0.0, ""water"": 0.0, ""transport"": 0.0}",0.3,0.1,,0.7034398656007195,,,[],,v1.0,0.7,0.3
S3_transport_load,105,105,2532789916793784181,scenario=S3_transport_load|method=both|duration=0|theta=0.300000|delta_threshold=0.100000|A=v1.0|w=na|run_id=105|seed=2532789916793784181,False,"{""step_1_amount"": 0.5591243060203396}",5222c37788a096d3910624247b4a1e76a3afcfe0df2ea7ddd6490cebc16a26a9,0.44666666666666677,0.7930311035570636,0.34636443689039687,13,0.0,0.0,0.44666666666666677,0.7930311035570636,0,1,0.34636443689039687,"{""energy"": 0.6666666666666667, ""water"": 0.2666666666666667, ""transport"": 0.33333333333333337}","{""energy"": 0.9106073948173283, ""water"": 0.42929381876710776, ""transport"": 1.0}","{""energy"": 0.2439407281506616, ""water"": 0.16262715210044104, ""transport"": 0.6666666666666666}","{""energy"": 0.0, ""water"": 0.0, ""transport"": 0.0}","{""energy"": 0.0, ""water"": 0.0, ""transport"": 0.0}","{""energy"": 0.0, ""water"": 0.0, ""transport"": 0.0}",0.3,0.1,,0.7930311035570636,,,[],,v1.0,0.7,0.3
S3_transport_load,106,106,6080368982997141563,scenario=S3_transport_load|method=both|duration=0|theta=0.300000|delta_threshold=0.100000|A=v1.0|w=na|run_id=106|seed=6080368982997141563,False,"{""step_1_amount"": 0.45175019010145917}",5222c37788a096d3910624247b4a1e76a3afcfe0df2ea7ddd6490cebc16a26a9,0.44666666666666677,0.7802477863050303,0.33358111963836357,13,0.0,0.0,0.44666666666666677,0.7802477863050303,0,1,0.33358111963836357,"{""energy"": 0.6666666666666667, ""water"": 0.2666666666666667, ""transport"": 0.33333333333333337}","{""energy"": 0.8893018660639395, ""water"": 0.4150901329315152, ""transport"": 1.0}","{""energy"": 0.22263519939727272, ""water"": 0.14842346626484848, ""transport"": 0.6666666666666666}","{""energy"": 0.0, ""water"": 0.0, ""transport"": 0.0}","{""energy"": 0.0, ""water"": 0.0, ""transport"": 0.0}","{""energy"": 0.0, ""water"": 0.0, ""transport"": 0.0}",0.3,0.1,,0.7802477863050303,,,[],,v1.0,0.7,0.3
S3_transport_load,107,107,12882454406446914932,scenario=S3_transport_load|method=both|duration=0|theta=0.300000|delta_threshold=0.100000|A=v1.0|w=na|run_id=107|seed=12882454406446914932,False,"{""step_1_amount"": 0.39269897596723097}",5222c37788a096d3910624247b4a1e76a3afcfe0df2ea7ddd6490cebc16a26a9,0.44666666666666677,0.7712511342390138,0.32458446757234705,12,0.0,0.0,0.44666666666666677,0.7712511342390138,0,1,0.32458446757234705,"{""energy"": 0.6666666666666667, ""water"": 0.2666666666666667, ""transport"": 0.33333333333333337}","{""energy"": 0.874307445953912, ""water"": 0.4050938528581636, ""transport"": 1.0}","{""energy"": 0.20764077928724523, ""water"": 0.13842718619149685, ""transport"": 0.6666666666666666}","{""energy"": 0.0, ""water"": 0.0, ""transport"": 0.0}","{""energy"": 0.0, ""water"": 0.0, ""transport"": 0.0}","{""energy"": 0.0, ""water"": 0.0, ""transport"": 0.0}",0.3,0.1,,0.7712511342390138,,,[],,v1.0,0.7,0.3
S3_transport_load,108,108,10060332030295652613,scenario=S3_transport_load|method=both|duration=0|theta=0.300000|delta_threshold=0.100000|A=v1.0|w=na|run_id=108|seed=10060332030295652613,False,"{""step_1_amount"": 0.10798904911111429}",5222c37788a096d3910624247b4a1e76a3afcfe0df2ea7ddd6490cebc16a26a9,0.44666666666666677,0.5794951449824234,0.13282847831575662,23,0.0,0.0,0.44666666666666677,0.5794951449824234,0,0,0.13282847831575662,"{""energy"": 0.6666666666666667, ""water"": 0.2666666666666667, ""transport"": 0.33333333333333337}","{""energy"": 0.7496844656140147, ""water"": 0.32201186596489867, ""transport"": 0.6100593298244931}","{""energy"": 0.08301779894734795, ""water"": 0.05534519929823195, ""transport"": 0.2767259964911597}","{""energy"": 0.0, ""water"": 0.0, ""transport"": 0.0}","{""energy"": 0.0, ""water"": 0.0, ""transport"": 0.0}","{""energy"": 0.0, ""water"": 0.0, ""transport"": 0.0}",0.3,0.1,,0.5794951449824234,,,[],,v1.0,0.7,0.3
S3_transport_load,109,109,6803683137498201517,scenario=S3_transport_load|method=both|duration=0|theta=0.300000|delta_threshold=0.100000|A=v1.0|w=na|run_id=109|seed=6803683137498201517,False,"{""step_1_amount"": 0.19142417033383505}",5222c37788a096d3910624247b4a1e76a3afcfe0df2ea7ddd6490cebc16a26a9,0.44666666666666677,0.6563717645536258,0.209705097886959,22,0.0,0.0,0.44666666666666677,0.6563717645536258,0,1,0.209705097886959,"{""energy"": 0.6666666666666667, ""water"": 0.2666666666666667, ""transport"": 0.33333333333333337}","{""energy"": 0.7977323528460162, ""water"": 0.35404379078623305, ""transport"": 0.7702189539311649}","{""energy"": 0.13106568617934944, ""water"": 0.08737712411956633, ""transport"": 0.43688562059783154}","{""energy"": 0.0, ""water"": 0.0, ""transport"": 0.0}","{""energy"": 0.0, ""water"": 0.0, ""transport"": 0.0}","{""energy"": 0.0, ""water"": 0.0, ""transport"": 0.0}",0.3,0.1,,0.6563717645536258,,,[],,v1.0,0.7,0.3
S3_transport_load,110,110,17434844536448825729,scenario=S3_transport_load|method=both|duration=0|theta=0.300000|delta_threshold=0.100000|A=v1.0|w=na|run_id=110|seed=17434844536448825729,False,"{""step_1_amount"": 0.49789235465566006}",5222c37788a096d3910624247b4a1e76a3afcfe0df2ea7ddd6490cebc16a26a9,0.44666666666666677,0.8635374482672367,0.4168707816005699,11,0.0,1.0,0.44666666666666677,0.8635374482672367,1,1,0.4168707816005699,"{""energy"": 0.6666666666666667, ""water"": 0.2666666666666667, ""transport"": 0.33333333333333337}","{""energy"": 0.9694070606835442, ""water"": 0.5859154133127299, ""transport"": 1.0}","{""energy"": 0.30274039401687747, ""water"": 0.3192487466460632, ""transport"": 0.6666666666666666}","{""energy"": 0.0, ""water"": 0.0, ""transport"": 0.0}","{""energy"": 1.0, ""water"": 1.0, ""transport"": 1.0}","{""energy"": 1.0, ""water"": 1.0, ""transport"": 1.0}",0.3,0.1,,0.8635374482672367,,,"[""energy"", ""water""]",2,v1.0,0.7,0.3
S3_transport_load,111,111,3790416238922143994,scenario=S3_transport_load|method=both|duration=0|theta=0.300000|delta_threshold=0.100000|A=v1.0|w=na|run_id=111|seed=3790416238922143994,False,"{""step_1_amount"": 0.3956186207023287}",5222c37788a096d3910624247b4a1e76a3afcfe0df2ea7ddd6490cebc16a26a9,0.44666666666666677,0.771734395724037,0.32506772905737025,28,0.0,0.0,0.44666666666666677,0.771734395724037,0,1,0.32506772905737025,"{""energy"": 0.6666666666666667, ""water"": 0.2666666666666667, ""transport"": 0.33333333333333337}","{""energy"": 0.875112881762284, ""water"": 0.4056308100637449, ""transport"": 1.0}","{""energy"": 0.20844621509561723, ""water"": 0.1389641433970782, ""transport"": 0.6666666666666666}","{""energy"": 0.0, ""water"": 0.0, ""transport"": 0.0}","{""energy"": 0.0, ""water"": 0.0, ""transport"": 0.0}","{""energy"": 0.0, ""water"": 0.0, ""transport"": 0.0}",0.3,0.1,,0.771734395724037,,,[],,v1.0,0.7,0.3
S3_transport_load,112,112,12303983791077347621,scenario=S3_transport_load|method=both|duration=0|theta=0.300000|delta_threshold=0.100000|A=v1.0|w=na|run_id=112|seed=12303983791077347621,False,"{""step_1_amount"": 0.5206158361366117}",5222c37788a096d3910624247b4a1e76a3afcfe0df2ea7ddd6490cebc16a26a9,0.44666666666666677,0.7889119903959514,0.3422453237292846,9,0.0,0.0,0.44666666666666677,0.7889119903959514,0,1,0.3422453237292846,"{""energy"": 0.6666666666666667, ""water"": 0.2666666666666667, ""transport"": 0.33333333333333337}","{""energy"": 0.9037422062154745, ""water"": 0.42471702636587194, ""transport"": 1.0}","{""energy"": 0.23707553954880778, ""water"": 0.15805035969920522, ""transport"": 0.6666666666666666}","{""energy"": 0.0, ""water"": 0.0, ""transport"": 0.0}","{""energy"": 0.0, ""water"": 0.0, ""transport"": 0.0}","{""energy"": 0.0, ""water"": 0.0, ""transport"": 0.0}",0.3,0.1,,0.7889119903959514,,,[],,v1.0,0.7,0.3
S3_transport_load,113,113,8523957955968629137,scenario=S3_transport_load|method=both|duration=0|theta=0.300000|delta_threshold=0.100000|A=v1.0|w=na|run_id=113|seed=8523957955968629137,False,"{""step_1_amount"": 0.4699377679619863}",5222c37788a096d3910624247b4a1e76a3afcfe0df2ea7ddd6490cebc16a26a9,0.44666666666666677,0.8108165283865958,0.364149861719929,25,0.0,1.0,0.44666666666666677,0.8108165283865958,1,1,0.364149861719929,"{""energy"": 0.6666666666666667, ""water"": 0.2666666666666667, ""transport"": 0.33333333333333337}","{""energy"": 0.9402497695332153, ""water"": 0.44905540191103244, ""transport"": 1.0}","{""energy"": 0.2735831028665485, ""water"": 0.18238873524436572, ""transport"": 0.6666666666666666}","{""energy"": 0.0, ""water"": 0.0, ""transport"": 0.0}","{""energy"": 1.0, ""water"": 1.0, ""transport"": 1.0}","{""energy"": 1.0, ""water"": 1.0, ""transport"": 1.0}",0.3,0.1,,0.8108165283865958,,,"[""energy"", ""water""]",2,v1.0,0.7,0.3
S3_transport_load,114,114,8642593801831660753,scenario=S3_transport_load|method=both|duration=0|theta=0.300000|delta_threshold=0.100000|A=v1.0|w=na|run_id=114|seed=8642593801831660753,False,"{""step_1_amount"": 0.21587788670621405}",5222c37788a096d3910624247b4a1e76a3afcfe0df2ea7ddd6490cebc16a26a9,0.44666666666666677,0.6754910295493479,0.22882436288268115,25,0.0,0.0,0.44666666666666677,0.6754910295493479,0,1,0.22882436288268115,"{""energy"": 0.6666666666666667, ""water"": 0.2666666666666667, ""transport"": 0.33333333333333337}","{""energy"": 0.8096818934683425, ""water"": 0.36201015120111724, ""transport"": 0.8100507560055861}","{""energy"": 0.14301522680167578, ""water"": 0.09534348453445052, ""transport"": 0.4767174226722527}","{""energy"": 0.0, ""water"": 0.0, ""transport"": 0.0}","{""energy"": 0.0, ""water"": 0.0, ""transport"": 0.0}","{""energy"": 0.0, ""water"": 0.0, ""transport"": 0.0}",0.3,0.1,,0.6754910295493479,,,[],,v1.0,0.7,0.3
S3_transport_load,115,115,11716276184025385900,scenario=S3_transport_load|method=both|duration=0|theta=0.300000|delta_threshold=0.100000|A=v1.0|w=na|run_id=115|seed=11716276184025385900,False,"{""step_1_amount"": 0.21284687926332999}",5222c37788a096d3910624247b4a1e76a3afcfe0df2ea7ddd6490cebc16a26a9,0.44666666666666677,0.673196668342885,0.22653000167621828,16,0.0,0.0,0.44666666666666677,0.673196668342885,0,1,0.22653000167621828,"{""energy"": 0.6666666666666667, ""water"": 0.2666666666666667, ""transport"": 0.33333333333333337}","{""energy"": 0.8082479177143032, ""water"": 0.36105416736509105, ""transport"": 0.805270836825455}","{""energy"": 0.14158125104763641, ""water"": 0.09438750069842433, ""transport"": 0.4719375034921216}","{""energy"": 0.0, ""water"": 0.0, ""transport"": 0.0}","{""energy"": 0.0, ""water"": 0.0, ""transport"": 0.0}","{""energy"": 0.0, ""water"": 0.0, ""transport"": 0.0}",0.3,0.1,,0.673196668342885,,,[],,v1.0,0.7,0.3
S3_transport_load,116,116,11294403814935170810,scenario=S3_transport_load|method=both|duration=0|theta=0.300000|delta_threshold=0.100000|A=v1.0|w=na|run_id=116|seed=11294403814935170810,False,"{""step_1_amount"": 0.5268324147110403}",5222c37788a096d3910624247b4a1e76a3afcfe0df2ea7ddd6490cebc16a26a9,0.44666666666666677,0.7896095799808109,0.34294291331414417,14,0.0,0.0,0.44666666666666677,0.7896095799808109,0,1,0.34294291331414417,"{""energy"": 0.6666666666666667, ""water"": 0.2666666666666667, ""transport"": 0.33333333333333337}","{""energy"": 0.9049048555235738, ""water"": 0.4254921259046048, ""transport"": 1.0}","{""energy"": 0.23823818885690706, ""water"": 0.15882545923793806, ""transport"": 0.6666666666666666}","{""energy"": 0.0, ""water"": 0.0, ""transport"": 0.0}","{""energy"": 0.0, ""water"": 0.0, ""transport"": 0.0}","{""energy"": 0.0, ""water"": 0.0, ""transport"": 0.0}",0.3,0.1,,0.7896095799808109,,,[],,v1.0,0.7,0.3
S3_transport_load,117,117,2674131513757208729,scenario=S3_transport_load|method=both|duration=0|theta=0.300000|delta_threshold=0.100000|A=v1.0|w=na|run_id=117|seed=2674131513757208729,False,"{""step_1_amount"": 0.08762471275875947}",5222c37788a096d3910624247b4a1e76a3afcfe0df2ea7ddd6490cebc16a26a9,0.44666666666666677,0.5576241105315983,0.11095744386493156,21,0.0,0.0,0.44666666666666677,0.5576241105315983,0,0,0.11095744386493156,"{""energy"": 0.6666666666666667, ""water"": 0.2666666666666667, ""transport"": 0.33333333333333337}","{""energy"": 0.736015069082249, ""water"": 0.31289893494372156, ""transport"": 0.5644946747186075}","{""energy"": 0.06934840241558227, ""water"": 0.046232268277054844, ""transport"": 0.2311613413852741}","{""energy"": 0.0, ""water"": 0.0, ""transport"": 0.0}","{""energy"": 0.0, ""water"": 0.0, ""transport"": 0.0}","{""energy"": 0.0, ""water"": 0.0, ""transport"": 0.0}",0.3,0.1,,0.5576241105315983,,,[],,v1.0,0.7,0.3
S3_transport_load,118,118,2047121141560909935,scenario=S3_transport_load|method=both|duration=0|theta=0.300000|delta_threshold=0.100000|A=v1.0|w=na|run_id=118|seed=2047121141560909935,False,"{""step_1_amount"": 0.5239456411106393}",5222c37788a096d3910624247b4a1e76a3afcfe0df2ea7ddd6490cebc16a26a9,0.44666666666666677,0.7892872600396907,0.342620593373024,10,0.0,0.0,0.44666666666666677,0.7892872600396907,0,1,0.342620593373024,"{""energy"": 0.6666666666666667, ""water"": 0.2666666666666667, ""transport"": 0.33333333333333337}","{""energy"": 0.9043676556217067, ""water"": 0.4251339926366934, ""transport"": 1.0}","{""energy"": 0.23770098895504, ""water"": 0.15846732597002666, ""transport"": 0.6666666666666666}","{""energy"": 0.0, ""water"": 0.0, ""transport"": 0.0}","{""energy"": 0.0, ""water"": 0.0, ""transport"": 0.0}","{""energy"": 0.0, ""water"": 0.0, ""transport"": 0.0}",0.3,0.1,,0.7892872600396907,,,[],,v1.0,0.7,0.3
S3_transport_load,119,119,16637275886154040993,scenario=S3_transport_load|method=both|duration=0|theta=0.300000|delta_threshold=0.100000|A=v1.0|w=na|run_id=119|seed=16637275886154040993,False,"{""step_1_amount"": 0.6675996184335323}",5222c37788a096d3910624247b4a1e76a3afcfe0df2ea7ddd6490cebc16a26a9,0.44666666666666677,0.8023744014477743,0.3557077347811075,5,0.0,1.0,0.44666666666666677,0.8023744014477743,1,1,0.3557077347811075,"{""energy"": 0.6666666666666667, ""water"": 0.2666666666666667, ""transport"": 0.33333333333333337}","{""energy"": 0.9261795579685126, ""water"": 0.43967526086789727, ""transport"": 1.0}","{""energy"": 0.25951289130184585, ""water"": 0.17300859420123055, ""transport"": 0.6666666666666666}","{""energy"": 0.0, ""water"": 0.0, ""transport"": 0.0}","{""energy"": 1.0, ""water"": 1.0, ""transport"": 1.0}","{""energy"": 1.0, ""water"": 1.0, ""transport"": 1.0}",0.3,0.1,,0.8023744014477743,,,"[""energy"", ""water""]",1,v1.0,0.7,0.3
S3_transport_load,120,120,18305088452317617450,scenario=S3_transport_load|method=both|duration=0|theta=0.300000|delta_threshold=0.100000|A=v1.0|w=na|run_id=120|seed=18305088452317617450,False,"{""step_1_amount"": 0.24510728941944968}",5222c37788a096d3910624247b4a1e76a3afcfe0df2ea7ddd6490cebc16a26a9,0.44666666666666677,0.6965781164508318,0.24991144978416502,8,0.0,0.0,0.44666666666666677,0.6965781164508318,0,1,0.24991144978416502,"{""energy"": 0.6666666666666667, ""water"": 0.2666666666666667, ""transport"": 0.33333333333333337}","{""energy"": 0.8228613227817698, ""water"": 0.3707964374100688, ""transport"": 0.8539821870503438}","{""energy"": 0.15619465611510308, ""water"": 0.10412977074340207, ""transport"": 0.5206488537170104}","{""energy"": 0.0, ""water"": 0.0, ""transport"": 0.0}","{""energy"": 0.0, ""water"": 0.0, ""transport"": 0.0}","{""energy"": 0.0, ""water"": 0.0, ""transport"": 0.0}",0.3,0.1,,0.6965781164508318,,,[],,v1.0,0.7,0.3
S3_transport_load,121,121,6404025511960004871,scenario=S3_transport_load|method=both|duration=0|theta=0.300000|delta_threshold=0.100000|A=v1.0|w=na|run_id=121|seed=6404025511960004871,False,"{""step_1_amount"": 0.2970824918404487}",5222c37788a096d3910624247b4a1e76a3afcfe0df2ea7ddd6490cebc16a26a9,0.44666666666666677,0.7297976478447914,0.28313098117812463,26,0.0,0.0,0.44666666666666677,0.7297976478447914,0,1,0.28313098117812463,"{""energy"": 0.6666666666666667, ""water"": 0.2666666666666667, ""transport"": 0.33333333333333337}","{""energy"": 0.8436235299029946, ""water"": 0.38463790882421867, ""transport"": 0.923189544121093}","{""energy"": 0.17695686323632787, ""water"": 0.11797124215755195, ""transport"": 0.5898562107877596}","{""energy"": 0.0, ""water"": 0.0, ""transport"": 0.0}","{""energy"": 0.0, ""water"": 0.0, ""transport"": 0.0}","{""energy"": 0.0, ""water"": 0.0, ""transport"": 0.0}",0.3,0.1,,0.7297976478447914,,,[],,v1.0,0.7,0.3
S3_transport_load,122,122,2551773737616831589,scenario=S3_transport_load|method=both|duration=0|theta=0.300000|delta_threshold=0.100000|A=v1.0|w=na|run_id=122|seed=2551773737616831589,False,"{""step_1_amount"": 0.37968740494891423}",5222c37788a096d3910624247b4a1e76a3afcfe0df2ea7ddd6490cebc16a26a9,0.44666666666666677,0.8230191784197602,0.3763525117530935,28,0.0,1.0,0.44666666666666677,0.8230191784197602,1,1,0.3763525117530935,"{""energy"": 0.6666666666666667, ""water"": 0.2666666666666667, ""transport"": 0.33333333333333337}","{""energy"": 0.9450579647876459, ""water"": 0.48331997501567314, ""transport"": 1.0}","{""energy"": 0.2783912981209792, ""water"": 0.21665330834900642, ""transport"": 0.6666666666666666}","{""energy"": 0.0, ""water"": 0.0, ""transport"": 0.0}","{""energy"": 1.0, ""water"": 1.0, ""transport"": 1.0}","{""energy"": 1.0, ""water"": 1.0, ""transport"": 1.0}",0.3,0.1,,0.8230191784197602,,,"[""energy"", ""water""]",2,v1.0,0.7,0.3
S3_transport_load,123,123,1805018540560618682,scenario=S3_transport_load|method=both|duration=0|theta=0.300000|delta_threshold=0.100000|A=v1.0|w=na|run_id=123|seed=1805018540560618682,False,"{""step_1_amount"": 0.18238435113846907}",5222c37788a096d3910624247b4a1e76a3afcfe0df2ea7ddd6490cebc16a26a9,0.44666666666666677,0.6489412125550533,0.20227454588838656,20,0.0,0.0,0.44666666666666677,0.6489412125550533,0,1,0.20227454588838656,"{""energy"": 0.6666666666666667, ""water"": 0.2666666666666667, ""transport"": 0.33333333333333337}","{""energy"": 0.7930882578469083, ""water"": 0.35094772745349445, ""transport"": 0.754738637267472}","{""energy"": 0.12642159118024154, ""water"": 0.08428106078682773, ""transport"": 0.42140530393413866}","{""energy"": 0.0, ""water"": 0.0, ""transport"": 0.0}","{""energy"": 0.0, ""water"": 0.0, ""transport"": 0.0}","{""energy"": 0.0, ""water"": 0.0, ""transport"": 0.0}",0.3,0.1,,0.6489412125550533,,,[],,v1.0,0.7,0.3
S3_transport_load,124,124,3395974916029450070,scenario=S3_transport_load|method=both|duration=0|theta=0.300000|delta_threshold=0.100000|A=v1.0|w=na|run_id=124|seed=3395974916029450070,False,"{""step_1_amount"": 0.321406721585175}",5222c37788a096d3910624247b4a1e76a3afcfe0df2ea7ddd6490cebc16a26a9,0.44666666666666677,0.7436520651605618,0.29698539849389505,26,0.0,0.0,0.44666666666666677,0.7436520651605618,0,1,0.29698539849389505,"{""energy"": 0.6666666666666667, ""water"": 0.2666666666666667, ""transport"": 0.33333333333333337}","{""energy"": 0.8522825407253511, ""water"": 0.39041058270578965, ""transport"": 0.952052913528948}","{""energy"": 0.1856158740586844, ""water"": 0.12374391603912294, ""transport"": 0.6187195801956147}","{""energy"": 0.0, ""water"": 0.0, ""transport"": 0.0}","{""energy"": 0.0, ""water"": 0.0, ""transport"": 0.0}","{""energy"": 0.0, ""water"": 0.0, ""transport"": 0.0}",0.3,0.1,,0.7436520651605618,,,[],,v1.0,0.7,0.3
S3_transport_load,125,125,17932696053223554205,scenario=S3_transport_load|method=both|duration=0|theta=0.300000|delta_threshold=0.100000|A=v1.0|w=na|run_id=125|seed=17932696053223554205,False,"{""step_1_amount"": 0.0}",5222c37788a096d3910624247b4a1e76a3afcfe0df2ea7ddd6490cebc16a26a9,0.44666666666666677,0.44666666666666677,0.0,30,0.0,0.0,0.44666666666666677,0.44666666666666677,0,0,0.0,"{""energy"": 0.6666666666666667, ""water"": 0.2666666666666667, ""transport"": 0.33333333333333337}","{""energy"": 0.6666666666666667, ""water"": 0.2666666666666667, ""transport"": 0.33333333333333337}","{""energy"": 0.0, ""water"": 0.0, ""transport"": 0.0}","{""energy"": 0.0, ""water"": 0.0, ""transport"": 0.0}","{""energy"": 0.0, ""water"": 0.0, ""transport"": 0.0}","{""energy"": 0.0, ""water"": 0.0, ""transport"": 0.0}",0.3,0.1,,0.44666666666666677,,,[],,v1.0,0.7,0.3
S3_transport_load,126,126,2861672153992993273,scenario=S3_transport_load|method=both|duration=0|theta=0.300000|delta_threshold=0.100000|A=v1.0|w=na|run_id=126|seed=2861672153992993273,False,"{""step_1_amount"": 0.13297748284828592}",5222c37788a096d3910624247b4a1e76a3afcfe0df2ea7ddd6490cebc16a26a9,0.44666666666666677,0.6045693725892829,0.15790270592261613,26,0.0,0.0,0.44666666666666677,0.6045693725892829,0,0,0.15790270592261613,"{""energy"": 0.6666666666666667, ""water"": 0.2666666666666667, ""transport"": 0.33333333333333337}","{""energy"": 0.7653558578683018, ""water"": 0.3324594608010901, ""transport"": 0.6622973040054505}","{""energy"": 0.09868919120163511, ""water"": 0.0657927941344234, ""transport"": 0.32896397067211713}","{""energy"": 0.0, ""water"": 0.0, ""transport"": 0.0}","{""energy"": 0.0, ""water"": 0.0, ""transport"": 0.0}","{""energy"": 0.0, ""water"": 0.0, ""transport"": 0.0}",0.3,0.1,,0.6045693725892829,,,[],,v1.0,0.7,0.3
S3_transport_load,127,127,6720274283503635060,scenario=S3_transport_load|method=both|duration=0|theta=0.300000|delta_threshold=0.100000|A=v1.0|w=na|run_id=127|seed=6720274283503635060,False,"{""step_1_amount"": 0.17243476466820512}",5222c37788a096d3910624247b4a1e76a3afcfe0df2ea7ddd6490cebc16a26a9,0.44666666666666677,0.6405264925657345,0.1938598258990677,24,0.0,0.0,0.44666666666666677,0.6405264925657345,0,1,0.1938598258990677,"{""energy"": 0.6666666666666667, ""water"": 0.2666666666666667, ""transport"": 0.33333333333333337}","{""energy"": 0.787829057853584, ""water"": 0.3474415941246116, ""transport"": 0.7372079706230579}","{""energy"": 0.1211623911869173, ""water"": 0.0807749274579449, ""transport"": 0.4038746372897245}","{""energy"": 0.0, ""water"": 0.0, ""transport"": 0.0}","{""energy"": 0.0, ""water"": 0.0, ""transport"": 0.0}","{""energy"": 0.0, ""water"": 0.0, ""transport"": 0.0}",0.3,0.1,,0.6405264925657345,,,[],,v1.0,0.7,0.3
S3_transport_load,128,128,6314286292780352905,scenario=S3_transport_load|method=both|duration=0|theta=0.300000|delta_threshold=0.100000|A=v1.0|w=na|run_id=128|seed=6314286292780352905,False,"{""step_1_amount"": 0.3757445415455585}",5222c37788a096d3910624247b4a1e76a3afcfe0df2ea7ddd6490cebc16a26a9,0.44666666666666677,0.7683596041799268,0.32169293751326,20,0.0,0.0,0.44666666666666677,0.7683596041799268,0,1,0.32169293751326,"{""energy"": 0.6666666666666667, ""water"": 0.2666666666666667, ""transport"": 0.33333333333333337}","{""energy"": 0.8694882291887668, ""water"": 0.40188104168140004, ""transport"": 1.0}","{""energy"": 0.20282156252210004, ""water"": 0.13521437501473332, ""transport"": 0.6666666666666666}","{""energy"": 0.0, ""water"": 0.0, ""transport"": 0.0}","{""energy"": 0.0, ""water"": 0.0, ""transport"": 0.0}","{""energy"": 0.0, ""water"": 0.0, ""transport"": 0.0}",0.3,0.1,,0.7683596041799268,,,[],,v1.0,0.7,0.3
S3_transport_load,129,129,6539735751376943753,scenario=S3_transport_load|method=both|duration=0|theta=0.300000|delta_threshold=0.100000|A=v1.0|w=na|run_id=129|seed=6539735751376943753,False,"{""step_1_amount"": 0.20170908869470755}",5222c37788a096d3910624247b4a1e76a3afcfe0df2ea7ddd6490cebc16a26a9,0.44666666666666677,0.6645842981720955,0.21791763150542875,15,0.0,0.0,0.44666666666666677,0.6645842981720955,0,1,0.21791763150542875,"{""energy"": 0.6666666666666667, ""water"": 0.2666666666666667, ""transport"": 0.33333333333333337}","{""energy"": 0.8028651863575598, ""water"": 0.35746567979392874, ""transport"": 0.7873283989696435}","{""energy"": 0.13619851969089303, ""water"": 0.09079901312726202, ""transport"": 0.4539950656363101}","{""energy"": 0.0, ""water"": 0.0, ""transport"": 0.0}","{""energy"": 0.0, ""water"": 0.0, ""transport"": 0.0}","{""energy"": 0.0, ""water"": 0.0, ""transport"": 0.0}",0.3,0.1,,0.6645842981720955,,,[],,v1.0,0.7,0.3
S3_transport_load,130,130,12895200765190815305,scenario=S3_transport_load|method=both|duration=0|theta=0.300000|delta_threshold=0.100000|A=v1.0|w=na|run_id=130|seed=12895200765190815305,False,"{""step_1_amount"": 0.37708510629352726}",5222c37788a096d3910624247b4a1e76a3afcfe0df2ea7ddd6490cebc16a26a9,0.44666666666666677,0.7685936264590194,0.32192695979235264,8,0.0,0.0,0.44666666666666677,0.7685936264590194,0,1,0.32192695979235264,"{""energy"": 0.6666666666666667, ""water"": 0.2666666666666667, ""transport"": 0.33333333333333337}","{""energy"": 0.8698782663205878, ""water"": 0.4021410664359475, ""transport"": 1.0}","{""energy"": 0.2032115996539211, ""water"": 0.13547439976928077, ""transport"": 0.6666666666666666}","{""energy"": 0.0, ""water"": 0.0, ""transport"": 0.0}","{""energy"": 0.0, ""water"": 0.0, ""transport"": 0.0}","{""energy"": 0.0, ""water"": 0.0, ""transport"": 0.0}",0.3,0.1,,0.7685936264590194,,,[],,v1.0,0.7,0.3
S3_transport_load,131,131,17073957369481217874,scenario=S3_transport_load|method=both|duration=0|theta=0.300000|delta_threshold=0.100000|A=v1.0|w=na|run_id=131|seed=17073957369481217874,False,"{""step_1_amount"": 0.43829502697954426}",5222c37788a096d3910624247b4a1e76a3afcfe0df2ea7ddd6490cebc16a26a9,0.44666666666666677,0.7783357346466572,0.3316690679799904,22,0.0,0.0,0.44666666666666677,0.7783357346466572,0,1,0.3316690679799904,"{""energy"": 0.6666666666666667, ""water"": 0.2666666666666667, ""transport"": 0.33333333333333337}","{""energy"": 0.8861151132999842, ""water"": 0.4129656310888783, ""transport"": 1.0}","{""energy"": 0.21944844663331742, ""water"": 0.14629896442221157, ""transport"": 0.6666666666666666}","{""energy"": 0.0, ""water"": 0.0, ""transport"": 0.0}","{""energy"": 0.0, ""water"": 0.0, ""transport"": 0.0}","{""energy"": 0.0, ""water"": 0.0, ""transport"": 0.0}",0.3,0.1,,0.7783357346466572,,,[],,v1.0,0.7,0.3
S3_transport_load,132,132,12906422044339227615,scenario=S3_transport_load|method=both|duration=0|theta=0.300000|delta_threshold=0.100000|A=v1.0|w=na|run_id=132|seed=12906422044339227615,False,"{""step_1_amount"": 0.3111532353732808}",5222c37788a096d3910624247b4a1e76a3afcfe0df2ea7ddd6490cebc16a26a9,0.44666666666666677,0.7379349726771505,0.2912683060104837,20,0.0,0.0,0.44666666666666677,0.7379349726771505,0,1,0.2912683060104837,"{""energy"": 0.6666666666666667, ""water"": 0.2666666666666667, ""transport"": 0.33333333333333337}","{""energy"": 0.8487093579232191, ""water"": 0.38802846083770165, ""transport"": 0.9401423041885081}","{""energy"": 0.18204269125655237, ""water"": 0.12136179417103493, ""transport"": 0.6068089708551747}","{""energy"": 0.0, ""water"": 0.0, ""transport"": 0.0}","{""energy"": 0.0, ""water"": 0.0, ""transport"": 0.0}","{""energy"": 0.0, ""water"": 0.0, ""transport"": 0.0}",0.3,0.1,,0.7379349726771505,,,[],,v1.0,0.7,0.3
S3_transport_load,133,133,5253111785346548841,scenario=S3_transport_load|method=both|duration=0|theta=0.300000|delta_threshold=0.100000|A=v1.0|w=na|run_id=133|seed=5253111785346548841,False,"{""step_1_amount"": 0.3868008427895579}",5222c37788a096d3910624247b4a1e76a3afcfe0df2ea7ddd6490cebc16a26a9,0.44666666666666677,0.8386631266017637,0.3919964599350969,17,0.0,1.0,0.44666666666666677,0.8386631266017637,1,1,0.3919964599350969,"{""energy"": 0.6666666666666667, ""water"": 0.2666666666666667, ""transport"": 0.33333333333333337}","{""energy"": 0.9511157772788268, ""water"": 0.5273893856341098, ""transport"": 1.0}","{""energy"": 0.28444911061216005, ""water"": 0.26072271896744303, ""transport"": 0.6666666666666666}","{""energy"": 0.0, ""water"": 0.0, ""transport"": 0.0}","{""energy"": 1.0, ""water"": 1.0, ""transport"": 1.0}","{""energy"": 1.0, ""water"": 1.0, ""transport"": 1.0}",0.3,0.1,,0.8386631266017637,,,"[""energy"", ""water""]",2,v1.0,0.7,0.3
S3_transport_load,134,134,9290091259094819139,scenario=S3_transport_load|method=both|duration=0|theta=0.300000|delta_threshold=0.100000|A=v1.0|w=na|run_id=134|seed=9290091259094819139,False,"{""step_1_amount"": 0.13845947237524328}",5222c37788a096d3910624247b4a1e76a3afcfe0df2ea7ddd6490cebc16a26a9,0.44666666666666677,0.6098232535685065,0.16315658690183976,16,0.0,0.0,0.44666666666666677,0.6098232535685065,0,1,0.16315658690183976,"{""energy"": 0.6666666666666667, ""water"": 0.2666666666666667, ""transport"": 0.33333333333333337}","{""energy"": 0.7686395334803167, ""water"": 0.33464857787576663, ""transport"": 0.6732428893788329}","{""energy"": 0.10197286681364992, ""water"": 0.06798191120909991, ""transport"": 0.33990955604549955}","{""energy"": 0.0, ""water"": 0.0, ""transport"": 0.0}","{""energy"": 0.0, ""water"": 0.0, ""transport"": 0.0}","{""energy"": 0.0, ""water"": 0.0, ""transport"": 0.0}",0.3,0.1,,0.6098232535685065,,,[],,v1.0,0.7,0.3
S3_transport_load,135,135,5617122797535474220,scenario=S3_transport_load|method=both|duration=0|theta=0.300000|delta_threshold=0.100000|A=v1.0|w=na|run_id=135|seed=5617122797535474220,False,"{""step_1_amount"": 0.7466039260183076}",5222c37788a096d3910624247b4a1e76a3afcfe0df2ea7ddd6490cebc16a26a9,0.44666666666666677,0.8177049943559112,0.3710383276892444,29,0.0,1.0,0.44666666666666677,0.8177049943559112,1,1,0.3710383276892444,"{""energy"": 0.6666666666666667, ""water"": 0.2666666666666667, ""transport"": 0.33333333333333337}","{""energy"": 0.9517305461487406, ""water"": 0.4567092529880493, ""transport"": 1.0}","{""energy"": 0.2850638794820739, ""water"": 0.1900425863213826, ""transport"": 0.6666666666666666}","{""energy"": 0.0, ""water"": 0.0, ""transport"": 0.0}","{""energy"": 1.0, ""water"": 1.0, ""transport"": 1.0}","{""energy"": 1.0, ""water"": 1.0, ""transport"": 1.0}",0.3,0.1,,0.8177049943559112,,,"[""energy"", ""water""]",1,v1.0,0.7,0.3
S3_transport_load,136,136,9529114409638807484,scenario=S3_transport_load|method=both|duration=0|theta=0.300000|delta_threshold=0.100000|A=v1.0|w=na|run_id=136|seed=9529114409638807484,False,"{""step_1_amount"": 0.5594175712007557}",5222c37788a096d3910624247b4a1e76a3afcfe0df2ea7ddd6490cebc16a26a9,0.44666666666666677,0.7930606829616877,0.346394016295021,28,0.0,0.0,0.44666666666666677,0.7930606829616877,0,1,0.346394016295021,"{""energy"": 0.6666666666666667, ""water"": 0.2666666666666667, ""transport"": 0.33333333333333337}","{""energy"": 0.9106566938250351, ""water"": 0.42932668477224567, ""transport"": 1.0}","{""energy"": 0.24399002715836837, ""water"": 0.16266001810557895, ""transport"": 0.6666666666666666}","{""energy"": 0.0, ""water"": 0.0, ""transport"": 0.0}","{""energy"": 0.0, ""water"": 0.0, ""transport"": 0.0}","{""energy"": 0.0, ""water"": 0.0, ""transport"": 0.0}",0.3,0.1,,0.7930606829616877,,,[],,v1.0,0.7,0.3
S3_transport_load,137,137,4242517866120363355,scenario=S3_transport_load|method=both|duration=0|theta=0.300000|delta_threshold=0.100000|A=v1.0|w=na|run_id=137|seed=4242517866120363355,False,"{""step_1_amount"": 0.2773876878258026}",5222c37788a096d3910624247b4a1e76a3afcfe0df2ea7ddd6490cebc16a26a9,0.44666666666666677,0.8309693386262287,0.3843026719595619,21,0.0,0.0,0.44666666666666677,0.8309693386262287,0,1,0.3843026719595619,"{""energy"": 0.6666666666666667, ""water"": 0.2666666666666667, ""transport"": 0.33333333333333337}","{""energy"": 0.9363656354398024, ""water"": 0.5214102815010259, ""transport"": 1.0}","{""energy"": 0.2696989687731357, ""water"": 0.25474361483435914, ""transport"": 0.6666666666666666}","{""energy"": 0.0, ""water"": 0.0, ""transport"": 0.0}","{""energy"": 0.0, ""water"": 0.0, ""transport"": 0.0}","{""energy"": 0.0, ""water"": 0.0, ""transport"": 0.0}",0.3,0.1,,0.8309693386262287,,,[],,v1.0,0.7,0.3
S3_transport_load,138,138,10868454832624658229,scenario=S3_transport_load|method=both|duration=0|theta=0.300000|delta_threshold=0.100000|A=v1.0|w=na|run_id=138|seed=10868454832624658229,False,"{""step_1_amount"": 0.38082203576409157}",5222c37788a096d3910624247b4a1e76a3afcfe0df2ea7ddd6490cebc16a26a9,0.44666666666666677,0.803972150356888,0.3573054836902212,13,0.0,1.0,0.44666666666666677,0.803972150356888,1,1,0.3573054836902212,"{""energy"": 0.6666666666666667, ""water"": 0.2666666666666667, ""transport"": 0.33333333333333337}","{""energy"": 0.9288424728170355, ""water"": 0.4414505374335792, ""transport"": 1.0}","{""energy"": 0.26217580615036873, ""water"": 0.17478387076691249, ""transport"": 0.6666666666666666}","{""energy"": 0.0, ""water"": 0.0, ""transport"": 0.0}","{""energy"": 1.0, ""water"": 1.0, ""transport"": 1.0}","{""energy"": 1.0, ""water"": 1.0, ""transport"": 1.0}",0.3,0.1,,0.803972150356888,,,"[""energy"", ""water""]",2,v1.0,0.7,0.3
S3_transport_load,139,139,11880541712627950546,scenario=S3_transport_load|method=both|duration=0|theta=0.300000|delta_threshold=0.100000|A=v1.0|w=na|run_id=139|seed=11880541712627950546,False,"{""step_1_amount"": 0.46543444885352364}",5222c37788a096d3910624247b4a1e76a3afcfe0df2ea7ddd6490cebc16a26a9,0.44666666666666677,0.7821148244571827,0.33544815779051596,28,0.0,0.0,0.44666666666666677,0.7821148244571827,0,1,0.33544815779051596,"{""energy"": 0.6666666666666667, ""water"": 0.2666666666666667, ""transport"": 0.33333333333333337}","{""energy"": 0.8924135963175267, ""water"": 0.41716461976724006, ""transport"": 1.0}","{""energy"": 0.22574692965085996, ""water"": 0.15049795310057335, ""transport"": 0.6666666666666666}","{""energy"": 0.0, ""water"": 0.0, ""transport"": 0.0}","{""energy"": 0.0, ""water"": 0.0, ""transport"": 0.0}","{""energy"": 0.0, ""water"": 0.0, ""transport"": 0.0}",0.3,0.1,,0.7821148244571827,,,[],,v1.0,0.7,0.3
S3_transport_load,140,140,6974476557065461499,scenario=S3_transport_load|method=both|duration=0|theta=0.300000|delta_threshold=0.100000|A=v1.0|w=na|run_id=140|seed=6974476557065461499,False,"{""step_1_amount"": 0.09997623811991437}",5222c37788a096d3910624247b4a1e76a3afcfe0df2ea7ddd6490cebc16a26a9,0.44666666666666677,0.5710485711613469,0.12438190449468012,19,0.0,0.0,0.44666666666666677,0.5710485711613469,0,0,0.12438190449468012,"{""energy"": 0.6666666666666667, ""water"": 0.2666666666666667, ""transport"": 0.33333333333333337}","{""energy"": 0.7444053569758419, ""water"": 0.31849246020611677, ""transport"": 0.5924623010305837}","{""energy"": 0.07773869030917513, ""water"": 0.05182579353945005, ""transport"": 0.25912896769725036}","{""energy"": 0.0, ""water"": 0.0, ""transport"": 0.0}","{""energy"": 0.0, ""water"": 0.0, ""transport"": 0.0}","{""energy"": 0.0, ""water"": 0.0, ""transport"": 0.0}",0.3,0.1,,0.5710485711613469,,,[],,v1.0,0.7,0.3
S3_transport_load,141,141,7543303625991116674,scenario=S3_transport_load|method=both|duration=0|theta=0.300000|delta_threshold=0.100000|A=v1.0|w=na|run_id=141|seed=7543303625991116674,False,"{""step_1_amount"": 0.17002216526907832}",5222c37788a096d3910624247b4a1e76a3afcfe0df2ea7ddd6490cebc16a26a9,0.44666666666666677,0.6384479547850793,0.19178128811841255,26,0.0,0.0,0.44666666666666677,0.6384479547850793,0,1,0.19178128811841255,"{""energy"": 0.6666666666666667, ""water"": 0.2666666666666667, ""transport"": 0.33333333333333337}","{""energy"": 0.7865299717406746, ""water"": 0.34657553671600533, ""transport"": 0.7328776835800264}","{""energy"": 0.11986330507400789, ""water"": 0.07990887004933861, ""transport"": 0.399544350246693}","{""energy"": 0.0, ""water"": 0.0, ""transport"": 0.0}","{""energy"": 0.0, ""water"": 0.0, ""transport"": 0.0}","{""energy"": 0.0, ""water"": 0.0, ""transport"": 0.0}",0.3,0.1,,0.6384479547850793,,,[],,v1.0,0.7,0.3
S3_transport_load,142,142,13782636755777256443,scenario=S3_transport_load|method=both|duration=0|theta=0.300000|delta_threshold=0.100000|A=v1.0|w=na|run_id=142|seed=13782636755777256443,False,"{""step_1_amount"": 0.21311133780344557}",5222c37788a096d3910624247b4a1e76a3afcfe0df2ea7ddd6490cebc16a26a9,0.44666666666666677,0.6733976855084073,0.22673101884174052,28,0.0,0.0,0.44666666666666677,0.6733976855084073,0,1,0.22673101884174052,"{""energy"": 0.6666666666666667, ""water"": 0.2666666666666667, ""transport"": 0.33333333333333337}","{""energy"": 0.8083735534427545, ""water"": 0.36113792451739196, ""transport"": 0.8056896225869595}","{""energy"": 0.14170688677608778, ""water"": 0.09447125785072524, ""transport"": 0.47235628925362616}","{""energy"": 0.0, ""water"": 0.0, ""transport"": 0.0}","{""energy"": 0.0, ""water"": 0.0, ""transport"": 0.0}","{""energy"": 0.0, ""water"": 0.0, ""transport"": 0.0}",0.3,0.1,,0.6733976855084073,,,[],,v1.0,0.7,0.3
S3_transport_load,143,143,8522547787619946052,scenario=S3_transport_load|method=both|duration=0|theta=0.300000|delta_threshold=0.100000|A=v1.0|w=na|run_id=143|seed=8522547787619946052,False,"{""step_1_amount"": 0.4659616948061398}",5222c37788a096d3910624247b4a1e76a3afcfe0df2ea7ddd6490cebc16a26a9,0.44666666666666677,0.7821852380899954,0.33551857142332864,11,0.0,0.0,0.44666666666666677,0.7821852380899954,0,1,0.33551857142332864,"{""energy"": 0.6666666666666667, ""water"": 0.2666666666666667, ""transport"": 0.33333333333333337}","{""energy"": 0.8925309523722146, ""water"": 0.417242857137032, ""transport"": 1.0}","{""energy"": 0.22586428570554784, ""water"": 0.1505761904703653, ""transport"": 0.6666666666666666}","{""energy"": 0.0, ""water"": 0.0, ""transport"": 0.0}","{""energy"": 0.0, ""water"": 0.0, ""transport"": 0.0}","{""energy"": 0.0, ""water"": 0.0, ""transport"": 0.0}",0.3,0.1,,0.7821852380899954,,,[],,v1.0,0.7,0.3
S3_transport_load,144,144,14892624692242988369,scenario=S3_transport_load|method=both|duration=0|theta=0.300000|delta_threshold=0.100000|A=v1.0|w=na|run_id=144|seed=14892624692242988369,False,"{""step_1_amount"": 0.6021893676198292}",5222c37788a096d3910624247b4a1e76a3afcfe0df2ea7ddd6490cebc16a26a9,0.44666666666666677,0.8096739851459425,0.3630073184792757,30,0.0,0.0,0.44666666666666677,0.8096739851459425,0,1,0.3630073184792757,"{""energy"": 0.6666666666666667, ""water"": 0.2666666666666667, ""transport"": 0.33333333333333337}","{""energy"": 0.9240155022397477, ""water"": 0.4668926141668111, ""transport"": 1.0}","{""energy"": 0.25734883557308097, ""water"": 0.20022594750014439, ""transport"": 0.6666666666666666}","{""energy"": 0.0, ""water"": 0.0, ""transport"": 0.0}","{""energy"": 0.0, ""water"": 0.0, ""transport"": 0.0}","{""energy"": 0.0, ""water"": 0.0, ""transport"": 0.0}",0.3,0.1,,0.8096739851459425,,,[],,v1.0,0.7,0.3
S3_transport_load,145,145,11960542098866524501,scenario=S3_transport_load|method=both|duration=0|theta=0.300000|delta_threshold=0.100000|A=v1.0|w=na|run_id=145|seed=11960542098866524501,False,"{""step_1_amount"": 0.12239898485627654}",5222c37788a096d3910624247b4a1e76a3afcfe0df2ea7ddd6490cebc16a26a9,0.44666666666666677,0.594183527547163,0.1475168608804962,22,0.0,0.0,0.44666666666666677,0.594183527547163,0,0,0.1475168608804962,"{""energy"": 0.6666666666666667, ""water"": 0.2666666666666667, ""transport"": 0.33333333333333337}","{""energy"": 0.7588647047169769, ""water"": 0.32813202536687347, ""transport"": 0.6406601268343671}","{""energy"": 0.09219803805031013, ""water"": 0.06146535870020675, ""transport"": 0.30732679350103376}","{""energy"": 0.0, ""water"": 0.0, ""transport"": 0.0}","{""energy"": 0.0, ""water"": 0.0, ""transport"": 0.0}","{""energy"": 0.0, ""water"": 0.0, ""transport"": 0.0}",0.3,0.1,,0.594183527547163,,,[],,v1.0,0.7,0.3
S3_transport_load,146,146,10267361631927983869,scenario=S3_transport_load|method=both|duration=0|theta=0.300000|delta_threshold=0.100000|A=v1.0|w=na|run_id=146|seed=10267361631927983869,False,"{""step_1_amount"": 0.5946153534615233}",5222c37788a096d3910624247b4a1e76a3afcfe0df2ea7ddd6490cebc16a26a9,0.44666666666666677,0.7964283225789814,0.3497616559123147,9,0.0,0.0,0.44666666666666677,0.7964283225789814,0,1,0.3497616559123147,"{""energy"": 0.6666666666666667, ""water"": 0.2666666666666667, ""transport"": 0.33333333333333337}","{""energy"": 0.9162694265205247, ""water"": 0.4330685065692387, ""transport"": 1.0}","{""energy"": 0.24960275985385794, ""water"": 0.16640183990257196, ""transport"": 0.6666666666666666}","{""energy"": 0.0, ""water"": 0.0, ""transport"": 0.0}","{""energy"": 0.0, ""water"": 0.0, ""transport"": 0.0}","{""energy"": 0.0, ""water"": 0.0, ""transport"": 0.0}",0.3,0.1,,0.7964283225789814,,,[],,v1.0,0.7,0.3
S3_transport_load,147,147,6658878380545348868,scenario=S3_transport_load|method=both|duration=0|theta=0.300000|delta_threshold=0.100000|A=v1.0|w=na|run_id=147|seed=6658878380545348868,False,"{""step_1_amount"": 0.4707155830595359}",5222c37788a096d3910624247b4a1e76a3afcfe0df2ea7ddd6490cebc16a26a9,0.44666666666666677,0.7926167443055254,0.34595007763885866,28,0.0,0.0,0.44666666666666677,0.7926167443055254,0,1,0.34595007763885866,"{""energy"": 0.6666666666666667, ""water"": 0.2666666666666667, ""transport"": 0.33333333333333337}","{""energy"": 0.9099167960647647, ""water"": 0.4288334195987321, ""transport"": 1.0}","{""energy"": 0.24325012939809798, ""water"": 0.1621667529320654, ""transport"": 0.6666666666666666}","{""energy"": 0.0, ""water"": 0.0, ""transport"": 0.0}","{""energy"": 0.0, ""water"": 0.0, ""transport"": 0.0}","{""energy"": 0.0, ""water"": 0.0, ""transport"": 0.0}",0.3,0.1,,0.7926167443055254,,,[],,v1.0,0.7,0.3
S3_transport_load,148,148,7427784917278950805,scenario=S3_transport_load|method=both|duration=0|theta=0.300000|delta_threshold=0.100000|A=v1.0|w=na|run_id=148|seed=7427784917278950805,False,"{""step_1_amount"": 0.40698017344490495}",5222c37788a096d3910624247b4a1e76a3afcfe0df2ea7ddd6490cebc16a26a9,0.44666666666666677,0.7735751937084556,0.32690852704178885,22,0.0,0.0,0.44666666666666677,0.7735751937084556,0,1,0.32690852704178885,"{""energy"": 0.6666666666666667, ""water"": 0.2666666666666667, ""transport"": 0.33333333333333337}","{""energy"": 0.8781808784029815, ""water"": 0.40767614115754325, ""transport"": 1.0}","{""energy"": 0.2115142117363148, ""water"": 0.14100947449087653, ""transport"": 0.6666666666666666}","{""energy"": 0.0, ""water"": 0.0, ""transport"": 0.0}","{""energy"": 0.0, ""water"": 0.0, ""transport"": 0.0}","{""energy"": 0.0, ""water"": 0.0, ""transport"": 0.0}",0.3,0.1,,0.7735751937084556,,,[],,v1.0,0.7,0.3
S3_transport_load,149,149,7633290307820487839,scenario=S3_transport_load|method=both|duration=0|theta=0.300000|delta_threshold=0.100000|A=v1.0|w=na|run_id=149|seed=7633290307820487839,False,"{""step_1_amount"": 0.8479086362623056}",5222c37788a096d3910624247b4a1e76a3afcfe0df2ea7ddd6490cebc16a26a9,0.44666666666666677,0.8125235091057754,0.36585684243910865,18,0.0,1.0,0.44666666666666677,0.8125235091057754,1,1,0.36585684243910865,"{""energy"": 0.6666666666666667, ""water"": 0.2666666666666667, ""transport"": 0.33333333333333337}","{""energy"": 0.9430947373985146, ""water"": 0.45095204715456527, ""transport"": 1.0}","{""energy"": 0.27642807073184783, ""water"": 0.18428538048789855, ""transport"": 0.6666666666666666}","{""energy"": 0.0, ""water"": 0.0, ""transport"": 0.0}","{""energy"": 1.0, ""water"": 1.0, ""transport"": 1.0}","{""energy"": 1.0, ""water"": 1.0, ""transport"": 1.0}",0.3,0.1,,0.8125235091057754,,,"[""energy"", ""water""]",1,v1.0,0.7,0.3
S3_transport_load,150,150,16408004366448247370,scenario=S3_transport_load|method=both|duration=0|theta=0.300000|delta_threshold=0.100000|A=v1.0|w=na|run_id=150|seed=16408004366448247370,False,"{""step_1_amount"": 0.39955952324610955}",5222c37788a096d3910624247b4a1e76a3afcfe0df2ea7ddd6490cebc16a26a9,0.44666666666666677,0.7854981216465806,0.33883145497991385,10,0.0,0.0,0.44666666666666677,0.7854981216465806,0,1,0.33883145497991385,"{""energy"": 0.6666666666666667, ""water"": 0.2666666666666667, ""transport"": 0.33333333333333337}","{""energy"": 0.8980524249665234, ""water"": 0.42092383886657114, ""transport"": 1.0}","{""energy"": 0.23138575829985664, ""water"": 0.15425717219990442, ""transport"": 0.6666666666666666}","{""energy"": 0.0, ""water"": 0.0, ""transport"": 0.0}","{""energy"": 0.0, ""water"": 0.0, ""transport"": 0.0}","{""energy"": 0.0, ""water"": 0.0, ""transport"": 0.0}",0.3,0.1,,0.7854981216465806,,,[],,v1.0,0.7,0.3
S3_transport_load,151,151,1656311163130283309,scenario=S3_transport_load|method=both|duration=0|theta=0.300000|delta_threshold=0.100000|A=v1.0|w=na|run_id=151|seed=1656311163130283309,False,"{""step_1_amount"": 0.1868413915861447}",5222c37788a096d3910624247b4a1e76a3afcfe0df2ea7ddd6490cebc16a26a9,0.44666666666666677,0.6526299967521606,0.20596333008549383,22,0.0,0.0,0.44666666666666677,0.6526299967521606,0,1,0.20596333008549383,"{""energy"": 0.6666666666666667, ""water"": 0.2666666666666667, ""transport"": 0.33333333333333337}","{""energy"": 0.7953937479701004, ""water"": 0.3524847208689558, ""transport"": 0.762423604344779}","{""energy"": 0.1287270813034337, ""water"": 0.0858180542022891, ""transport"": 0.4290902710114456}","{""energy"": 0.0, ""water"": 0.0, ""transport"": 0.0}","{""energy"": 0.0, ""water"": 0.0, ""transport"": 0.0}","{""energy"": 0.0, ""water"": 0.0, ""transport"": 0.0}",0.3,0.1,,0.6526299967521606,,,[],,v1.0,0.7,0.3
S3_transport_load,152,152,52943369938224900,scenario=S3_transport_load|method=both|duration=0|theta=0.300000|delta_threshold=0.100000|A=v1.0|w=na|run_id=152|seed=52943369938224900,False,"{""step_1_amount"": 0.5153339066675974}",5222c37788a096d3910624247b4a1e76a3afcfe0df2ea7ddd6490cebc16a26a9,0.44666666666666677,0.7883089727570745,0.3416423060904077,26,0.0,0.0,0.44666666666666677,0.7883089727570745,0,1,0.3416423060904077,"{""energy"": 0.6666666666666667, ""water"": 0.2666666666666667, ""transport"": 0.33333333333333337}","{""energy"": 0.9027371768173462, ""water"": 0.4240470067671197, ""transport"": 1.0}","{""energy"": 0.23607051015067948, ""water"": 0.157380340100453, ""transport"": 0.6666666666666666}","{""energy"": 0.0, ""water"": 0.0, ""transport"": 0.0}","{""energy"": 0.0, ""water"": 0.0, ""transport"": 0.0}","{""energy"": 0.0, ""water"": 0.0, ""transport"": 0.0}",0.3,0.1,,0.7883089727570745,,,[],,v1.0,0.7,0.3
S3_transport_load,153,153,4351335322082934303,scenario=S3_transport_load|method=both|duration=0|theta=0.300000|delta_threshold=0.100000|A=v1.0|w=na|run_id=153|seed=4351335322082934303,False,"{""step_1_amount"": 0.37038967372076786}",5222c37788a096d3910624247b4a1e76a3afcfe0df2ea7ddd6490cebc16a26a9,0.44666666666666677,0.7674153601956695,0.3207486935290027,15,0.0,0.0,0.44666666666666677,0.7674153601956695,0,1,0.3207486935290027,"{""energy"": 0.6666666666666667, ""water"": 0.2666666666666667, ""transport"": 0.33333333333333337}","{""energy"": 0.8679144892150046, ""water"": 0.40083188169889195, ""transport"": 1.0}","{""energy"": 0.20124782254833784, ""water"": 0.13416521503222523, ""transport"": 0.6666666666666666}","{""energy"": 0.0, ""water"": 0.0, ""transport"": 0.0}","{""energy"": 0.0, ""water"": 0.0, ""transport"": 0.0}","{""energy"": 0.0, ""water"": 0.0, ""transport"": 0.0}",0.3,0.1,,0.7674153601956695,,,[],,v1.0,0.7,0.3
S3_transport_load,154,154,17705428766776965560,scenario=S3_transport_load|method=both|duration=0|theta=0.300000|delta_threshold=0.100000|A=v1.0|w=na|run_id=154|seed=17705428766776965560,False,"{""step_1_amount"": 0.41342017817632754}",5222c37788a096d3910624247b4a1e76a3afcfe0df2ea7ddd6490cebc16a26a9,0.44666666666666677,0.7745910766835886,0.32792441001692185,13,0.0,0.0,0.44666666666666677,0.7745910766835886,0,1,0.32792441001692185,"{""energy"": 0.6666666666666667, ""water"": 0.2666666666666667, ""transport"": 0.33333333333333337}","{""energy"": 0.8798740166948699, ""water"": 0.4088049000188022, ""transport"": 1.0}","{""energy"": 0.21320735002820312, ""water"": 0.1421382333521355, ""transport"": 0.6666666666666666}","{""energy"": 0.0, ""water"": 0.0, ""transport"": 0.0}","{""energy"": 0.0, ""water"": 0.0, ""transport"": 0.0}","{""energy"": 0.0, ""water"": 0.0, ""transport"": 0.0}",0.3,0.1,,0.7745910766835886,,,[],,v1.0,0.7,0.3
S3_transport_load,155,155,16747867125501387175,scenario=S3_transport_load|method=both|duration=0|theta=0.300000|delta_threshold=0.100000|A=v1.0|w=na|run_id=155|seed=16747867125501387175,False,"{""step_1_amount"": 0.4378446273418288}",5222c37788a096d3910624247b4a1e76a3afcfe0df2ea7ddd6490cebc16a26a9,0.44666666666666677,0.7782703858041513,0.33160371913748454,11,0.0,0.0,0.44666666666666677,0.7782703858041513,0,1,0.33160371913748454,"{""energy"": 0.6666666666666667, ""water"": 0.2666666666666667, ""transport"": 0.33333333333333337}","{""energy"": 0.8860061985624745, ""water"": 0.41289302126387195, ""transport"": 1.0}","{""energy"": 0.2193395318958078, ""water"": 0.14622635459720523, ""transport"": 0.6666666666666666}","{""energy"": 0.0, ""water"": 0.0, ""transport"": 0.0}","{""energy"": 0.0, ""water"": 0.0, ""transport"": 0.0}","{""energy"": 0.0, ""water"": 0.0, ""transport"": 0.0}",0.3,0.1,,0.7782703858041513,,,[],,v1.0,0.7,0.3
S3_transport_load,156,156,14239812884941149583,scenario=S3_transport_load|method=both|duration=0|theta=0.300000|delta_threshold=0.100000|A=v1.0|w=na|run_id=156|seed=14239812884941149583,False,"{""step_1_amount"": 0.41351415589991747}",5222c37788a096d3910624247b4a1e76a3afcfe0df2ea7ddd6490cebc16a26a9,0.44666666666666677,0.7746057564503359,0.32793908978366915,24,0.0,0.0,0.44666666666666677,0.7746057564503359,0,1,0.32793908978366915,"{""energy"": 0.6666666666666667, ""water"": 0.2666666666666667, ""transport"": 0.33333333333333337}","{""energy"": 0.8798984829727822, ""water"": 0.40882121087074363, ""transport"": 1.0}","{""energy"": 0.21323181630611543, ""water"": 0.14215454420407692, ""transport"": 0.6666666666666666}","{""energy"": 0.0, ""water"": 0.0, ""transport"": 0.0}","{""energy"": 0.0, ""water"": 0.0, ""transport"": 0.0}","{""energy"": 0.0, ""water"": 0.0, ""transport"": 0.0}",0.3,0.1,,0.7746057564503359,,,[],,v1.0,0.7,0.3
S3_transport_load,157,157,6984743523887485525,scenario=S3_transport_load|method=both|duration=0|theta=0.300000|delta_threshold=0.100000|A=v1.0|w=na|run_id=157|seed=6984743523887485525,False,"{""step_1_amount"": 0.2787944924971267}",5222c37788a096d3910624247b4a1e76a3afcfe0df2ea7ddd6490cebc16a26a9,0.44666666666666677,0.8037951932136793,0.35712852654701255,24,0.0,1.0,0.44666666666666677,0.8037951932136793,1,1,0.35712852654701255,"{""energy"": 0.6666666666666667, ""water"": 0.2666666666666667, ""transport"": 0.33333333333333337}","{""energy"": 0.928547544245021, ""water"": 0.44125391838556954, ""transport"": 1.0}","{""energy"": 0.2618808775783542, ""water"": 0.17458725171890283, ""transport"": 0.6666666666666666}","{""energy"": 0.0, ""water"": 0.0, ""transport"": 0.0}","{""energy"": 1.0, ""water"": 1.0, ""transport"": 1.0}","{""energy"": 1.0, ""water"": 1.0, ""transport"": 1.0}",0.3,0.1,,0.8037951932136793,,,"[""energy"", ""water""]",2,v1.0,0.7,0.3
S3_transport_load,158,158,9663627237975547760,scenario=S3_transport_load|method=both|duration=0|theta=0.300000|delta_threshold=0.100000|A=v1.0|w=na|run_id=158|seed=9663627237975547760,False,"{""step_1_amount"": 0.21491909620579613}",5222c37788a096d3910624247b4a1e76a3afcfe0df2ea7ddd6490cebc16a26a9,0.44666666666666677,0.7869388548913496,0.34027218822468286,22,0.0,0.0,0.44666666666666677,0.7869388548913496,0,1,0.34027218822468286,"{""energy"": 0.6666666666666667, ""water"": 0.2666666666666667, ""transport"": 0.33333333333333337}","{""energy"": 0.9004536470411384, ""water"": 0.42252465358298114, ""transport"": 1.0}","{""energy"": 0.23378698037447165, ""water"": 0.15585798691631442, ""transport"": 0.6666666666666666}","{""energy"": 0.0, ""water"": 0.0, ""transport"": 0.0}","{""energy"": 0.0, ""water"": 0.0, ""transport"": 0.0}","{""energy"": 0.0, ""water"": 0.0, ""transport"": 0.0}",0.3,0.1,,0.7869388548913496,,,[],,v1.0,0.7,0.3
S3_transport_load,159,159,18116079821651197820,scenario=S3_transport_load|method=both|duration=0|theta=0.300000|delta_threshold=0.100000|A=v1.0|w=na|run_id=159|seed=18116079821651197820,False,"{""step_1_amount"": 0.2890768204889611}",5222c37788a096d3910624247b4a1e76a3afcfe0df2ea7ddd6490cebc16a26a9,0.44666666666666677,0.7250122058648194,0.27834553919815264,25,0.0,0.0,0.44666666666666677,0.7250122058648194,0,1,0.27834553919815264,"{""energy"": 0.6666666666666667, ""water"": 0.2666666666666667, ""transport"": 0.33333333333333337}","{""energy"": 0.8406326286655121, ""water"": 0.382643974665897, ""transport"": 0.9132198733294848}","{""energy"": 0.1739659619988454, ""water"": 0.11597730799923028, ""transport"": 0.5798865399961515}","{""energy"": 0.0, ""water"": 0.0, ""transport"": 0.0}","{""energy"": 0.0, ""water"": 0.0, ""transport"": 0.0}","{""energy"": 0.0, ""water"": 0.0, ""transport"": 0.0}",0.3,0.1,,0.7250122058648194,,,[],,v1.0,0.7,0.3
S3_transport_load,160,160,6167593894028556862,scenario=S3_transport_load|method=both|duration=0|theta=0.300000|delta_threshold=0.100000|A=v1.0|w=na|run_id=160|seed=6167593894028556862,False,"{""step_1_amount"": 0.2721111746821635}",5222c37788a096d3910624247b4a1e76a3afcfe0df2ea7ddd6490cebc16a26a9,0.44666666666666677,0.7144829303641758,0.267816263697509,20,0.0,0.0,0.44666666666666677,0.7144829303641758,0,1,0.267816263697509,"{""energy"": 0.6666666666666667, ""water"": 0.2666666666666667, ""transport"": 0.33333333333333337}","{""energy"": 0.8340518314776099, ""water"": 0.37825677654062884, ""transport"": 0.8912838827031438}","{""energy"": 0.16738516481094312, ""water"": 0.11159010987396212, ""transport"": 0.5579505493698105}","{""energy"": 0.0, ""water"": 0.0, ""transport"": 0.0}","{""energy"": 0.0, ""water"": 0.0, ""transport"": 0.0}","{""energy"": 0.0, ""water"": 0.0, ""transport"": 0.0}",0.3,0.1,,0.7144829303641758,,,[],,v1.0,0.7,0.3
S3_transport_load,161,161,7300822481901787168,scenario=S3_transport_load|method=both|duration=0|theta=0.300000|delta_threshold=0.100000|A=v1.0|w=na|run_id=161|seed=7300822481901787168,False,"{""step_1_amount"": 0.4165528937621391}",5222c37788a096d3910624247b4a1e76a3afcfe0df2ea7ddd6490cebc16a26a9,0.44666666666666677,0.8050325371516756,0.3583658704850088,21,0.0,1.0,0.44666666666666677,0.8050325371516756,1,1,0.3583658704850088,"{""energy"": 0.6666666666666667, ""water"": 0.2666666666666667, ""transport"": 0.33333333333333337}","{""energy"": 0.9306097841416815, ""water"": 0.44262874498334326, ""transport"": 1.0}","{""energy"": 0.26394311747501475, ""water"": 0.17596207831667654, ""transport"": 0.6666666666666666}","{""energy"": 0.0, ""water"": 0.0, ""transport"": 0.0}","{""energy"": 1.0, ""water"": 1.0, ""transport"": 1.0}","{""energy"": 1.0, ""water"": 1.0, ""transport"": 1.0}",0.3,0.1,,0.8050325371516756,,,"[""energy"", ""water""]",2,v1.0,0.7,0.3
S3_transport_load,162,162,6620320351165170891,scenario=S3_transport_load|method=both|duration=0|theta=0.300000|delta_threshold=0.100000|A=v1.0|w=na|run_id=162|seed=6620320351165170891,False,"{""step_1_amount"": 0.8033940191961448}",5222c37788a096d3910624247b4a1e76a3afcfe0df2ea7ddd6490cebc16a26a9,0.44666666666666677,0.8105028566492445,0.3638361899825777,10,0.0,1.0,0.44666666666666677,0.8105028566492445,1,1,0.3638361899825777,"{""energy"": 0.6666666666666667, ""water"": 0.2666666666666667, ""transport"": 0.33333333333333337}","{""energy"": 0.9397269833042963, ""water"": 0.4487068777584198, ""transport"": 1.0}","{""energy"": 0.27306031663762953, ""water"": 0.18204021109175306, ""transport"": 0.6666666666666666}","{""energy"": 0.0, ""water"": 0.0, ""transport"": 0.0}","{""energy"": 1.0, ""water"": 1.0, ""transport"": 1.0}","{""energy"": 1.0, ""water"": 1.0, ""transport"": 1.0}",0.3,0.1,,0.8105028566492445,,,"[""energy"", ""water""]",1,v1.0,0.7,0.3
S3_transport_load,163,163,5888882994059890950,scenario=S3_transport_load|method=both|duration=0|theta=0.300000|delta_threshold=0.100000|A=v1.0|w=na|run_id=163|seed=5888882994059890950,False,"{""step_1_amount"": 0.28877976125256755}",5222c37788a096d3910624247b4a1e76a3afcfe0df2ea7ddd6490cebc16a26a9,0.44666666666666677,0.7248324158038781,0.27816574913721137,23,0.0,0.0,0.44666666666666677,0.7248324158038781,0,1,0.27816574913721137,"{""energy"": 0.6666666666666667, ""water"": 0.2666666666666667, ""transport"": 0.33333333333333337}","{""energy"": 0.8405202598774238, ""water"": 0.3825690621405048, ""transport"": 0.9128453107025237}","{""energy"": 0.1738535932107571, ""water"": 0.11590239547383807, ""transport"": 0.5795119773691904}","{""energy"": 0.0, ""water"": 0.0, ""transport"": 0.0}","{""energy"": 0.0, ""water"": 0.0, ""transport"": 0.0}","{""energy"": 0.0, ""water"": 0.0, ""transport"": 0.0}",0.3,0.1,,0.7248324158038781,,,[],,v1.0,0.7,0.3
S3_transport_load,164,164,12457503236333421248,scenario=S3_transport_load|method=both|duration=0|theta=0.300000|delta_threshold=0.100000|A=v1.0|w=na|run_id=164|seed=12457503236333421248,False,"{""step_1_amount"": 0.3601925891045881}",5222c37788a096d3910624247b4a1e76a3afcfe0df2ea7ddd6490cebc16a26a9,0.44666666666666677,0.7637549665791186,0.3170882999124518,12,0.0,0.0,0.44666666666666677,0.7637549665791186,0,1,0.3170882999124518,"{""energy"": 0.6666666666666667, ""water"": 0.2666666666666667, ""transport"": 0.33333333333333337}","{""energy"": 0.8648468541119492, ""water"": 0.3987867916301883, ""transport"": 0.9939339581509413}","{""energy"": 0.19818018744528243, ""water"": 0.1321201249635216, ""transport"": 0.660600624817608}","{""energy"": 0.0, ""water"": 0.0, ""transport"": 0.0}","{""energy"": 0.0, ""water"": 0.0, ""transport"": 0.0}","{""energy"": 0.0, ""water"": 0.0, ""transport"": 0.0}",0.3,0.1,,0.7637549665791186,,,[],,v1.0,0.7,0.3
S3_transport_load,165,165,14397338389802474452,scenario=S3_transport_load|method=both|duration=0|theta=0.300000|delta_threshold=0.100000|A=v1.0|w=na|run_id=165|seed=14397338389802474452,False,"{""step_1_amount"": 0.18343663577077912}",5222c37788a096d3910624247b4a1e76a3afcfe0df2ea7ddd6490cebc16a26a9,0.44666666666666677,0.6498165688241064,0.20314990215743967,16,0.0,0.0,0.44666666666666677,0.6498165688241064,0,1,0.20314990215743967,"{""energy"": 0.6666666666666667, ""water"": 0.2666666666666667, ""transport"": 0.33333333333333337}","{""energy"": 0.7936353555150666, ""water"": 0.3513124592322666, ""transport"": 0.756562296161333}","{""energy"": 0.12696868884839985, ""water"": 0.0846457925655999, ""transport"": 0.4232289628279996}","{""energy"": 0.0, ""water"": 0.0, ""transport"": 0.0}","{""energy"": 0.0, ""water"": 0.0, ""transport"": 0.0}","{""energy"": 0.0, ""water"": 0.0, ""transport"": 0.0}",0.3,0.1,,0.6498165688241064,,,[],,v1.0,0.7,0.3
S3_transport_load,166,166,17061831856440301161,scenario=S3_transport_load|method=both|duration=0|theta=0.300000|delta_threshold=0.100000|A=v1.0|w=na|run_id=166|seed=17061831856440301161,False,"{""step_1_amount"": 0.12764457451295375}",5222c37788a096d3910624247b4a1e76a3afcfe0df2ea7ddd6490cebc16a26a9,0.44666666666666677,0.5993747839592927,0.1527081172926259,28,0.0,0.0,0.44666666666666677,0.5993747839592927,0,0,0.1527081172926259,"{""energy"": 0.6666666666666667, ""water"": 0.2666666666666667, ""transport"": 0.33333333333333337}","{""energy"": 0.7621092399745579, ""water"": 0.3302950488719275, ""transport"": 0.6514752443596372}","{""energy"": 0.09544257330789119, ""water"": 0.06362838220526079, ""transport"": 0.31814191102630385}","{""energy"": 0.0, ""water"": 0.0, ""transport"": 0.0}","{""energy"": 0.0, ""water"": 0.0, ""transport"": 0.0}","{""energy"": 0.0, ""water"": 0.0, ""transport"": 0.0}",0.3,0.1,,0.5993747839592927,,,[],,v1.0,0.7,0.3
S3_transport_load,167,167,14969577487802748074,scenario=S3_transport_load|method=both|duration=0|theta=0.300000|delta_threshold=0.100000|A=v1.0|w=na|run_id=167|seed=14969577487802748074,False,"{""step_1_amount"": 0.4601855607220573}",5222c37788a096d3910624247b4a1e76a3afcfe0df2ea7ddd6490cebc16a26a9,0.44666666666666677,0.8080996222197743,0.3614329555531075,9,0.0,1.0,0.44666666666666677,0.8080996222197743,1,1,0.3614329555531075,"{""energy"": 0.6666666666666667, ""water"": 0.2666666666666667, ""transport"": 0.33333333333333337}","{""energy"": 0.9357215925885125, ""water"": 0.44603661728123056, ""transport"": 1.0}","{""energy"": 0.26905492592184577, ""water"": 0.17936995061456384, ""transport"": 0.6666666666666666}","{""energy"": 0.0, ""water"": 0.0, ""transport"": 0.0}","{""energy"": 1.0, ""water"": 1.0, ""transport"": 1.0}","{""energy"": 1.0, ""water"": 1.0, ""transport"": 1.0}",0.3,0.1,,0.8080996222197743,,,"[""energy"", ""water""]",2,v1.0,0.7,0.3
S3_transport_load,168,168,15275049408361206798,scenario=S3_transport_load|method=both|duration=0|theta=0.300000|delta_threshold=0.100000|A=v1.0|w=na|run_id=168|seed=15275049408361206798,False,"{""step_1_amount"": 0.3496371504737494}",5222c37788a096d3910624247b4a1e76a3afcfe0df2ea7ddd6490cebc16a26a9,0.44666666666666677,0.7585136038753832,0.3118469372087165,16,0.0,0.0,0.44666666666666677,0.7585136038753832,0,1,0.3118469372087165,"{""energy"": 0.6666666666666667, ""water"": 0.2666666666666667, ""transport"": 0.33333333333333337}","{""energy"": 0.8615710024221146, ""water"": 0.39660289050363196, ""transport"": 0.9830144525181596}","{""energy"": 0.19490433575544786, ""water"": 0.12993622383696524, ""transport"": 0.6496811191848262}","{""energy"": 0.0, ""water"": 0.0, ""transport"": 0.0}","{""energy"": 0.0, ""water"": 0.0, ""transport"": 0.0}","{""energy"": 0.0, ""water"": 0.0, ""transport"": 0.0}",0.3,0.1,,0.7585136038753832,,,[],,v1.0,0.7,0.3
S3_transport_load,169,169,747022172319582173,scenario=S3_transport_load|method=both|duration=0|theta=0.300000|delta_threshold=0.100000|A=v1.0|w=na|run_id=169|seed=747022172319582173,False,"{""step_1_amount"": 0.24088017832951086}",5222c37788a096d3910624247b4a1e76a3afcfe0df2ea7ddd6490cebc16a26a9,0.44666666666666677,0.6936417074254811,0.24697504075881438,29,0.0,0.0,0.44666666666666677,0.6936417074254811,0,1,0.24697504075881438,"{""energy"": 0.6666666666666667, ""water"": 0.2666666666666667, ""transport"": 0.33333333333333337}","{""energy"": 0.8210260671409257, ""water"": 0.36957293364950605, ""transport"": 0.84786466824753}","{""energy"": 0.154359400474259, ""water"": 0.10290626698283933, ""transport"": 0.5145313349141967}","{""energy"": 0.0, ""water"": 0.0, ""transport"": 0.0}","{""energy"": 0.0, ""water"": 0.0, ""transport"": 0.0}","{""energy"": 0.0, ""water"": 0.0, ""transport"": 0.0}",0.3,0.1,,0.6936417074254811,,,[],,v1.0,0.7,0.3
S3_transport_load,170,170,1009646448390956774,scenario=S3_transport_load|method=both|duration=0|theta=0.300000|delta_threshold=0.100000|A=v1.0|w=na|run_id=170|seed=1009646448390956774,False,"{""step_1_amount"": 0.24053227481037226}",5222c37788a096d3910624247b4a1e76a3afcfe0df2ea7ddd6490cebc16a26a9,0.44666666666666677,0.6933983698505124,0.24673170318384563,26,0.0,0.0,0.44666666666666677,0.6933983698505124,0,1,0.24673170318384563,"{""energy"": 0.6666666666666667, ""water"": 0.2666666666666667, ""transport"": 0.33333333333333337}","{""energy"": 0.8208739811565703, ""water"": 0.3694715429932691, ""transport"": 0.8473577149663453}","{""energy"": 0.15420731448990355, ""water"": 0.1028048763266024, ""transport"": 0.5140243816330119}","{""energy"": 0.0, ""water"": 0.0, ""transport"": 0.0}","{""energy"": 0.0, ""water"": 0.0, ""transport"": 0.0}","{""energy"": 0.0, ""water"": 0.0, ""transport"": 0.0}",0.3,0.1,,0.6933983698505124,,,[],,v1.0,0.7,0.3
S3_transport_load,171,171,4304485283956891996,scenario=S3_transport_load|method=both|duration=0|theta=0.300000|delta_threshold=0.100000|A=v1.0|w=na|run_id=171|seed=4304485283956891996,False,"{""step_1_amount"": 0.7085216029419913}",5222c37788a096d3910624247b4a1e76a3afcfe0df2ea7ddd6490cebc16a26a9,0.44666666666666677,0.805180871165599,0.35851420449893223,13,0.0,1.0,0.44666666666666677,0.805180871165599,1,1,0.35851420449893223,"{""energy"": 0.6666666666666667, ""water"": 0.2666666666666667, ""transport"": 0.33333333333333337}","{""energy"": 0.9308570074982205, ""water"": 0.4427935605543693, ""transport"": 1.0}","{""energy"": 0.2641903408315538, ""water"": 0.17612689388770258, ""transport"": 0.6666666666666666}","{""energy"": 0.0, ""water"": 0.0, ""transport"": 0.0}","{""energy"": 1.0, ""water"": 1.0, ""transport"": 1.0}","{""energy"": 1.0, ""water"": 1.0, ""transport"": 1.0}",0.3,0.1,,0.805180871165599,,,"[""energy"", ""water""]",1,v1.0,0.7,0.3
S3_transport_load,172,172,2721880017815554606,scenario=S3_transport_load|method=both|duration=0|theta=0.300000|delta_threshold=0.100000|A=v1.0|w=na|run_id=172|seed=2721880017815554606,False,"{""step_1_amount"": 0.12727409454971375}",5222c37788a096d3910624247b4a1e76a3afcfe0df2ea7ddd6490cebc16a26a9,0.44666666666666677,0.5990108164788106,0.15234414981214384,25,0.0,0.0,0.44666666666666677,0.5990108164788106,0,0,0.15234414981214384,"{""energy"": 0.6666666666666667, ""water"": 0.2666666666666667, ""transport"": 0.33333333333333337}","{""energy"": 0.7618817602992567, ""water"": 0.33014339575506, ""transport"": 0.6507169787753}","{""energy"": 0.09521509363258995, ""water"": 0.0634767290883933, ""transport"": 0.3173836454419666}","{""energy"": 0.0, ""water"": 0.0, ""transport"": 0.0}","{""energy"": 0.0, ""water"": 0.0, ""transport"": 0.0}","{""energy"": 0.0, ""water"": 0.0, ""transport"": 0.0}",0.3,0.1,,0.5990108164788106,,,[],,v1.0,0.7,0.3
S3_transport_load,173,173,13660447632847322004,scenario=S3_transport_load|method=both|duration=0|theta=0.300000|delta_threshold=0.100000|A=v1.0|w=na|run_id=173|seed=13660447632847322004,False,"{""step_1_amount"": 0.3266914440758435}",5222c37788a096d3910624247b4a1e76a3afcfe0df2ea7ddd6490cebc16a26a9,0.44666666666666677,0.7465307295913028,0.2998640629246361,18,0.0,0.0,0.44666666666666677,0.7465307295913028,0,1,0.2998640629246361,"{""energy"": 0.6666666666666667, ""water"": 0.2666666666666667, ""transport"": 0.33333333333333337}","{""energy"": 0.8540817059945643, ""water"": 0.3916100262185984, ""transport"": 0.958050131092992}","{""energy"": 0.1874150393278976, ""water"": 0.1249433595519317, ""transport"": 0.6247167977596586}","{""energy"": 0.0, ""water"": 0.0, ""transport"": 0.0}","{""energy"": 0.0, ""water"": 0.0, ""transport"": 0.0}","{""energy"": 0.0, ""water"": 0.0, ""transport"": 0.0}",0.3,0.1,,0.7465307295913028,,,[],,v1.0,0.7,0.3
S3_transport_load,174,174,13804931013166282607,scenario=S3_transport_load|method=both|duration=0|theta=0.300000|delta_threshold=0.100000|A=v1.0|w=na|run_id=174|seed=13804931013166282607,False,"{""step_1_amount"": 0.2497243218057009}",5222c37788a096d3910624247b4a1e76a3afcfe0df2ea7ddd6490cebc16a26a9,0.44666666666666677,0.6997431252907984,0.25307645862413164,7,0.0,0.0,0.44666666666666677,0.6997431252907984,0,1,0.25307645862413164,"{""energy"": 0.6666666666666667, ""water"": 0.2666666666666667, ""transport"": 0.33333333333333337}","{""energy"": 0.824839453306749, ""water"": 0.3721151910933882, ""transport"": 0.8605759554669409}","{""energy"": 0.15817278664008227, ""water"": 0.10544852442672148, ""transport"": 0.5272426221336075}","{""energy"": 0.0, ""water"": 0.0, ""transport"": 0.0}","{""energy"": 0.0, ""water"": 0.0, ""transport"": 0.0}","{""energy"": 0.0, ""water"": 0.0, ""transport"": 0.0}",0.3,0.1,,0.6997431252907984,,,[],,v1.0,0.7,0.3
S3_transport_load,175,175,16661498391097065048,scenario=S3_transport_load|method=both|duration=0|theta=0.300000|delta_threshold=0.100000|A=v1.0|w=na|run_id=175|seed=16661498391097065048,False,"{""step_1_amount"": 0.23148183174395467}",5222c37788a096d3910624247b4a1e76a3afcfe0df2ea7ddd6490cebc16a26a9,0.44666666666666677,0.6869780599728099,0.24031139330614315,7,0.0,0.0,0.44666666666666677,0.6869780599728099,0,1,0.24031139330614315,"{""energy"": 0.6666666666666667, ""water"": 0.2666666666666667, ""transport"": 0.33333333333333337}","{""energy"": 0.8168612874830062, ""water"": 0.3667964138775597, ""transport"": 0.8339820693877983}","{""energy"": 0.1501946208163395, ""water"": 0.10012974721089296, ""transport"": 0.5006487360544649}","{""energy"": 0.0, ""water"": 0.0, ""transport"": 0.0}","{""energy"": 0.0, ""water"": 0.0, ""transport"": 0.0}","{""energy"": 0.0, ""water"": 0.0, ""transport"": 0.0}",0.3,0.1,,0.6869780599728099,,,[],,v1.0,0.7,0.3
S3_transport_load,176,176,13540204190186444763,scenario=S3_transport_load|method=both|duration=0|theta=0.300000|delta_threshold=0.100000|A=v1.0|w=na|run_id=176|seed=13540204190186444763,False,"{""step_1_amount"": 0.5485009194549718}",5222c37788a096d3910624247b4a1e76a3afcfe0df2ea7ddd6490cebc16a26a9,0.44666666666666677,0.8043733113495346,0.35770664468286784,22,0.0,0.0,0.44666666666666677,0.8043733113495346,0,1,0.35770664468286784,"{""energy"": 0.6666666666666667, ""water"": 0.2666666666666667, ""transport"": 0.33333333333333337}","{""energy"": 0.9153348670592498, ""water"": 0.460797881752782, ""transport"": 1.0}","{""energy"": 0.24866820039258308, ""water"": 0.1941312150861153, ""transport"": 0.6666666666666666}","{""energy"": 0.0, ""water"": 0.0, ""transport"": 0.0}","{""energy"": 0.0, ""water"": 0.0, ""transport"": 0.0}","{""energy"": 0.0, ""water"": 0.0, ""transport"": 0.0}",0.3,0.1,,0.8043733113495346,,,[],,v1.0,0.7,0.3
S3_transport_load,177,177,5581398225465300149,scenario=S3_transport_load|method=both|duration=0|theta=0.300000|delta_threshold=0.100000|A=v1.0|w=na|run_id=177|seed=5581398225465300149,False,"{""step_1_amount"": 0.8195878240800175}",5222c37788a096d3910624247b4a1e76a3afcfe0df2ea7ddd6490cebc16a26a9,0.44666666666666677,0.8112693480406605,0.36460268137399376,10,0.0,1.0,0.44666666666666677,0.8112693480406605,1,1,0.36460268137399376,"{""energy"": 0.6666666666666667, ""water"": 0.2666666666666667, ""transport"": 0.33333333333333337}","{""energy"": 0.9410044689566562, ""water"": 0.4495585348599931, ""transport"": 1.0}","{""energy"": 0.2743378022899895, ""water"": 0.18289186819332637, ""transport"": 0.6666666666666666}","{""energy"": 0.0, ""water"": 0.0, ""transport"": 0.0}","{""energy"": 1.0, ""water"": 1.0, ""transport"": 1.0}","{""energy"": 1.0, ""water"": 1.0, ""transport"": 1.0}",0.3,0.1,,0.8112693480406605,,,"[""energy"", ""water""]",1,v1.0,0.7,0.3
S3_transport_load,178,178,11687845321502987198,scenario=S3_transport_load|method=both|duration=0|theta=0.300000|delta_threshold=0.100000|A=v1.0|w=na|run_id=178|seed=11687845321502987198,False,"{""step_1_amount"": 0.5402161408696401}",5222c37788a096d3910624247b4a1e76a3afcfe0df2ea7ddd6490cebc16a26a9,0.44666666666666677,0.8202780967208447,0.37361143005417796,10,0.0,0.0,0.44666666666666677,0.8202780967208447,0,1,0.37361143005417796,"{""energy"": 0.6666666666666667, ""water"": 0.2666666666666667, ""transport"": 0.33333333333333337}","{""energy"": 0.9227092807429935, ""water"": 0.5039812814121578, ""transport"": 1.0}","{""energy"": 0.2560426140763268, ""water"": 0.2373146147454911, ""transport"": 0.6666666666666666}","{""energy"": 0.0, ""water"": 0.0, ""transport"": 0.0}","{""energy"": 0.0, ""water"": 0.0, ""transport"": 0.0}","{""energy"": 0.0, ""water"": 0.0, ""transport"": 0.0}",0.3,0.1,,0.8202780967208447,,,[],,v1.0,0.7,0.3
S3_transport_load,179,179,16587298641975512174,scenario=S3_transport_load|method=both|duration=0|theta=0.300000|delta_threshold=0.100000|A=v1.0|w=na|run_id=179|seed=16587298641975512174,False,"{""step_1_amount"": 0.4097727508962389}",5222c37788a096d3910624247b4a1e76a3afcfe0df2ea7ddd6490cebc16a26a9,0.44666666666666677,0.7740181219015526,0.32735145523488585,8,0.0,0.0,0.44666666666666677,0.7740181219015526,0,1,0.32735145523488585,"{""energy"": 0.6666666666666667, ""water"": 0.2666666666666667, ""transport"": 0.33333333333333337}","{""energy"": 0.8789190920581432, ""water"": 0.40816828359431767, ""transport"": 1.0}","{""energy"": 0.21225242539147648, ""water"": 0.14150161692765095, ""transport"": 0.6666666666666666}","{""energy"": 0.0, ""water"": 0.0, ""transport"": 0.0}","{""energy"": 0.0, ""water"": 0.0, ""transport"": 0.0}","{""energy"": 0.0, ""water"": 0.0, ""transport"": 0.0}",0.3,0.1,,0.7740181219015526,,,[],,v1.0,0.7,0.3
S3_transport_load,180,180,5726463918590040942,scenario=S3_transport_load|method=both|duration=0|theta=0.300000|delta_threshold=0.100000|A=v1.0|w=na|run_id=180|seed=5726463918590040942,False,"{""step_1_amount"": 0.547170866531468}",5222c37788a096d3910624247b4a1e76a3afcfe0df2ea7ddd6490cebc16a26a9,0.44666666666666677,0.7918030336651372,0.3451363669984704,9,0.0,0.0,0.44666666666666677,0.7918030336651372,0,1,0.3451363669984704,"{""energy"": 0.6666666666666667, ""water"": 0.2666666666666667, ""transport"": 0.33333333333333337}","{""energy"": 0.9085606116641176, ""water"": 0.4279292966649674, ""transport"": 1.0}","{""energy"": 0.24189394499745087, ""water"": 0.16126262999830066, ""transport"": 0.6666666666666666}","{""energy"": 0.0, ""water"": 0.0, ""transport"": 0.0}","{""energy"": 0.0, ""water"": 0.0, ""transport"": 0.0}","{""energy"": 0.0, ""water"": 0.0, ""transport"": 0.0}",0.3,0.1,,0.7918030336651372,,,[],,v1.0,0.7,0.3
S3_transport_load,181,181,678305549518646135,scenario=S3_transport_load|method=both|duration=0|theta=0.300000|delta_threshold=0.100000|A=v1.0|w=na|run_id=181|seed=678305549518646135,False,"{""step_1_amount"": 0.668581488415111}",5222c37788a096d3910624247b4a1e76a3afcfe0df2ea7ddd6490cebc16a26a9,0.44666666666666677,0.8024458517018194,0.3557791850351526,24,0.0,1.0,0.44666666666666677,0.8024458517018194,1,1,0.3557791850351526,"{""energy"": 0.6666666666666667, ""water"": 0.2666666666666667, ""transport"": 0.33333333333333337}","{""energy"": 0.9262986417252546, ""water"": 0.43975465003905867, ""transport"": 1.0}","{""energy"": 0.2596319750585878, ""water"": 0.17308798337239195, ""transport"": 0.6666666666666666}","{""energy"": 0.0, ""water"": 0.0, ""transport"": 0.0}","{""energy"": 1.0, ""water"": 1.0, ""transport"": 1.0}","{""energy"": 1.0, ""water"": 1.0, ""transport"": 1.0}",0.3,0.1,,0.8024458517018194,,,"[""energy"", ""water""]",1,v1.0,0.7,0.3
S3_transport_load,182,182,5609706113166570845,scenario=S3_transport_load|method=both|duration=0|theta=0.300000|delta_threshold=0.100000|A=v1.0|w=na|run_id=182|seed=5609706113166570845,False,"{""step_1_amount"": 0.10821577943957679}",5222c37788a096d3910624247b4a1e76a3afcfe0df2ea7ddd6490cebc16a26a9,0.44666666666666677,0.579731207628873,0.1330645409622062,18,0.0,0.0,0.44666666666666677,0.579731207628873,0,0,0.1330645409622062,"{""energy"": 0.6666666666666667, ""water"": 0.2666666666666667, ""transport"": 0.33333333333333337}","{""energy"": 0.7498320047680457, ""water"": 0.3221102254009193, ""transport"": 0.6105511270045964}","{""energy"": 0.08316533810137894, ""water"": 0.05544355873425261, ""transport"": 0.277217793671263}","{""energy"": 0.0, ""water"": 0.0, ""transport"": 0.0}","{""energy"": 0.0, ""water"": 0.0, ""transport"": 0.0}","{""energy"": 0.0, ""water"": 0.0, ""transport"": 0.0}",0.3,0.1,,0.579731207628873,,,[],,v1.0,0.7,0.3
S3_transport_load,183,183,2453493107653118331,scenario=S3_transport_load|method=both|duration=0|theta=0.300000|delta_threshold=0.100000|A=v1.0|w=na|run_id=183|seed=2453493107653118331,False,"{""step_1_amount"": 0.32376405338716857}",5222c37788a096d3910624247b4a1e76a3afcfe0df2ea7ddd6490cebc16a26a9,0.44666666666666677,0.7449417777853358,0.298275111118669,10,0.0,0.0,0.44666666666666677,0.7449417777853358,0,1,0.298275111118669,"{""energy"": 0.6666666666666667, ""water"": 0.2666666666666667, ""transport"": 0.33333333333333337}","{""energy"": 0.8530886111158349, ""water"": 0.3909479629661121, ""transport"": 0.9547398148305605}","{""energy"": 0.18642194444916815, ""water"": 0.1242812962994454, ""transport"": 0.6214064814972271}","{""energy"": 0.0, ""water"": 0.0, ""transport"": 0.0}","{""energy"": 0.0, ""water"": 0.0, ""transport"": 0.0}","{""energy"": 0.0, ""water"": 0.0, ""transport"": 0.0}",0.3,0.1,,0.7449417777853358,,,[],,v1.0,0.7,0.3
S3_transport_load,184,184,15077273549476286415,scenario=S3_transport_load|method=both|duration=0|theta=0.300000|delta_threshold=0.100000|A=v1.0|w=na|run_id=184|seed=15077273549476286415,False,"{""step_1_amount"": 0.5817142374522658}",5222c37788a096d3910624247b4a1e76a3afcfe0df2ea7ddd6490cebc16a26a9,0.44666666666666677,0.7952350546429023,0.34856838797623557,8,0.0,0.0,0.44666666666666677,0.7952350546429023,0,1,0.34856838797623557,"{""energy"": 0.6666666666666667, ""water"": 0.2666666666666667, ""transport"": 0.33333333333333337}","{""energy"": 0.9142806466270594, ""water"": 0.4317426533069285, ""transport"": 1.0}","{""energy"": 0.2476139799603927, ""water"": 0.1650759866402618, ""transport"": 0.6666666666666666}","{""energy"": 0.0, ""water"": 0.0, ""transport"": 0.0}","{""energy"": 0.0, ""water"": 0.0, ""transport"": 0.0}","{""energy"": 0.0, ""water"": 0.0, ""transport"": 0.0}",0.3,0.1,,0.7952350546429023,,,[],,v1.0,0.7,0.3
S3_transport_load,185,185,17040478238114589594,scenario=S3_transport_load|method=both|duration=0|theta=0.300000|delta_threshold=0.100000|A=v1.0|w=na|run_id=185|seed=17040478238114589594,False,"{""step_1_amount"": 0.31009701408439183}",5222c37788a096d3910624247b4a1e76a3afcfe0df2ea7ddd6490cebc16a26a9,0.44666666666666677,0.73733599690273,0.29066933023606323,9,0.0,0.0,0.44666666666666677,0.73733599690273,0,1,0.29066933023606323,"{""energy"": 0.6666666666666667, ""water"": 0.2666666666666667, ""transport"": 0.33333333333333337}","{""energy"": 0.8483349980642063, ""water"": 0.38777888759835977, ""transport"": 0.9388944379917986}","{""energy"": 0.18166833139753957, ""water"": 0.12111222093169305, ""transport"": 0.6055611046584652}","{""energy"": 0.0, ""water"": 0.0, ""transport"": 0.0}","{""energy"": 0.0, ""water"": 0.0, ""transport"": 0.0}","{""energy"": 0.0, ""water"": 0.0, ""transport"": 0.0}",0.3,0.1,,0.73733599690273,,,[],,v1.0,0.7,0.3
S3_transport_load,186,186,15343044504981417690,scenario=S3_transport_load|method=both|duration=0|theta=0.300000|delta_threshold=0.100000|A=v1.0|w=na|run_id=186|seed=15343044504981417690,False,"{""step_1_amount"": 0.34722119868323564}",5222c37788a096d3910624247b4a1e76a3afcfe0df2ea7ddd6490cebc16a26a9,0.44666666666666677,0.7572904274478702,0.31062376078120346,9,0.0,0.0,0.44666666666666677,0.7572904274478702,0,1,0.31062376078120346,"{""energy"": 0.6666666666666667, ""water"": 0.2666666666666667, ""transport"": 0.33333333333333337}","{""energy"": 0.860806517154919, ""water"": 0.39609323365883486, ""transport"": 0.9804661682941741}","{""energy"": 0.19413985048825222, ""water"": 0.12942656699216815, ""transport"": 0.6471328349608407}","{""energy"": 0.0, ""water"": 0.0, ""transport"": 0.0}","{""energy"": 0.0, ""water"": 0.0, ""transport"": 0.0}","{""energy"": 0.0, ""water"": 0.0, ""transport"": 0.0}",0.3,0.1,,0.7572904274478702,,,[],,v1.0,0.7,0.3
S3_transport_load,187,187,967425607332318647,scenario=S3_transport_load|method=both|duration=0|theta=0.300000|delta_threshold=0.100000|A=v1.0|w=na|run_id=187|seed=967425607332318647,False,"{""step_1_amount"": 0.43786687193107154}",5222c37788a096d3910624247b4a1e76a3afcfe0df2ea7ddd6490cebc16a26a9,0.44666666666666677,0.7889988125589749,0.3423321458923081,27,0.0,0.0,0.44666666666666677,0.7889988125589749,0,1,0.3423321458923081,"{""energy"": 0.6666666666666667, ""water"": 0.2666666666666667, ""transport"": 0.33333333333333337}","{""energy"": 0.9038869098205138, ""water"": 0.4248134954358981, ""transport"": 1.0}","{""energy"": 0.23722024315384704, ""water"": 0.15814682876923136, ""transport"": 0.6666666666666666}","{""energy"": 0.0, ""water"": 0.0, ""transport"": 0.0}","{""energy"": 0.0, ""water"": 0.0, ""transport"": 0.0}","{""energy"": 0.0, ""water"": 0.0, ""transport"": 0.0}",0.3,0.1,,0.7889988125589749,,,[],,v1.0,0.7,0.3
S3_transport_load,188,188,4010276834767339645,scenario=S3_transport_load|method=both|duration=0|theta=0.300000|delta_threshold=0.100000|A=v1.0|w=na|run_id=188|seed=4010276834767339645,False,"{""step_1_amount"": 0.6901364218427668}",5222c37788a096d3910624247b4a1e76a3afcfe0df2ea7ddd6490cebc16a26a9,0.44666666666666677,0.8039625198781604,0.3572958532114936,12,0.0,1.0,0.44666666666666677,0.8039625198781604,1,1,0.3572958532114936,"{""energy"": 0.6666666666666667, ""water"": 0.2666666666666667, ""transport"": 0.33333333333333337}","{""energy"": 0.9288264220191562, ""water"": 0.4414398369016597, ""transport"": 1.0}","{""energy"": 0.2621597553524895, ""water"": 0.174773170234993, ""transport"": 0.6666666666666666}","{""energy"": 0.0, ""water"": 0.0, ""transport"": 0.0}","{""energy"": 1.0, ""water"": 1.0, ""transport"": 1.0}","{""energy"": 1.0, ""water"": 1.0, ""transport"": 1.0}",0.3,0.1,,0.8039625198781604,,,"[""energy"", ""water""]",1,v1.0,0.7,0.3
S3_transport_load,189,189,3932814879352254850,scenario=S3_transport_load|method=both|duration=0|theta=0.300000|delta_threshold=0.100000|A=v1.0|w=na|run_id=189|seed=3932814879352254850,False,"{""step_1_amount"": 0.33930392513080043}",5222c37788a096d3910624247b4a1e76a3afcfe0df2ea7ddd6490cebc16a26a9,0.44666666666666677,0.7532192761562059,0.3065526094895391,12,0.0,0.0,0.44666666666666677,0.7532192761562059,0,1,0.3065526094895391,"{""energy"": 0.6666666666666667, ""water"": 0.2666666666666667, ""transport"": 0.33333333333333337}","{""energy"": 0.8582620475976287, ""water"": 0.39439692062064136, ""transport"": 0.9719846031032066}","{""energy"": 0.19159538093096196, ""water"": 0.12773025395397464, ""transport"": 0.6386512697698732}","{""energy"": 0.0, ""water"": 0.0, ""transport"": 0.0}","{""energy"": 0.0, ""water"": 0.0, ""transport"": 0.0}","{""energy"": 0.0, ""water"": 0.0, ""transport"": 0.0}",0.3,0.1,,0.7532192761562059,,,[],,v1.0,0.7,0.3
S3_transport_load,190,190,13331163212156025782,scenario=S3_transport_load|method=both|duration=0|theta=0.300000|delta_threshold=0.100000|A=v1.0|w=na|run_id=190|seed=13331163212156025782,False,"{""step_1_amount"": 0.3035846855274157}",5222c37788a096d3910624247b4a1e76a3afcfe0df2ea7ddd6490cebc16a26a9,0.44666666666666677,0.7697150091350575,0.32304834246839076,23,0.0,0.0,0.44666666666666677,0.7697150091350575,0,1,0.32304834246839076,"{""energy"": 0.6666666666666667, ""water"": 0.2666666666666667, ""transport"": 0.33333333333333337}","{""energy"": 0.871747237447318, ""water"": 0.40338704718710094, ""transport"": 1.0}","{""energy"": 0.20508057078065123, ""water"": 0.13672038052043423, ""transport"": 0.6666666666666666}","{""energy"": 0.0, ""water"": 0.0, ""transport"": 0.0}","{""energy"": 0.0, ""water"": 0.0, ""transport"": 0.0}","{""energy"": 0.0, ""water"": 0.0, ""transport"": 0.0}",0.3,0.1,,0.7697150091350575,,,[],,v1.0,0.7,0.3
S3_transport_load,191,191,5790353083162617286,scenario=S3_transport_load|method=both|duration=0|theta=0.300000|delta_threshold=0.100000|A=v1.0|w=na|run_id=191|seed=5790353083162617286,False,"{""step_1_amount"": 0.2585299337444235}",5222c37788a096d3910624247b4a1e76a3afcfe0df2ea7ddd6490cebc16a26a9,0.44666666666666677,0.7056592406586081,0.2589925739919413,26,0.0,0.0,0.44666666666666677,0.7056592406586081,0,1,0.2589925739919413,"{""energy"": 0.6666666666666667, ""water"": 0.2666666666666667, ""transport"": 0.33333333333333337}","{""energy"": 0.8285370254116301, ""water"": 0.37458023916330896, ""transport"": 0.8729011958165446}","{""energy"": 0.16187035874496336, ""water"": 0.10791357249664224, ""transport"": 0.5395678624832112}","{""energy"": 0.0, ""water"": 0.0, ""transport"": 0.0}","{""energy"": 0.0, ""water"": 0.0, ""transport"": 0.0}","{""energy"": 0.0, ""water"": 0.0, ""transport"": 0.0}",0.3,0.1,,0.7056592406586081,,,[],,v1.0,0.7,0.3
S3_transport_load,192,192,12189403004882718780,scenario=S3_transport_load|method=both|duration=0|theta=0.300000|delta_threshold=0.100000|A=v1.0|w=na|run_id=192|seed=12189403004882718780,False,"{""step_1_amount"": 0.6517159470849457}",5222c37788a096d3910624247b4a1e76a3afcfe0df2ea7ddd6490cebc16a26a9,0.44666666666666677,0.8011888278074255,0.35452216114075874,11,0.0,1.0,0.44666666666666677,0.8011888278074255,1,1,0.35452216114075874,"{""energy"": 0.6666666666666667, ""water"": 0.2666666666666667, ""transport"": 0.33333333333333337}","{""energy"": 0.9242036019012647, ""water"": 0.4383579568230654, ""transport"": 1.0}","{""energy"": 0.257536935234598, ""water"": 0.17169129015639867, ""transport"": 0.6666666666666666}","{""energy"": 0.0, ""water"": 0.0, ""transport"": 0.0}","{""energy"": 1.0, ""water"": 1.0, ""transport"": 1.0}","{""energy"": 1.0, ""water"": 1.0, ""transport"": 1.0}",0.3,0.1,,0.8011888278074255,,,"[""energy"", ""water""]",1,v1.0,0.7,0.3
S3_transport_load,193,193,8064933630412917897,scenario=S3_transport_load|method=both|duration=0|theta=0.300000|delta_threshold=0.100000|A=v1.0|w=na|run_id=193|seed=8064933630412917897,False,"{""step_1_amount"": 0.539303608066352}",5222c37788a096d3910624247b4a1e76a3afcfe0df2ea7ddd6490cebc16a26a9,0.44666666666666677,0.7909704028981603,0.3443037362314936,5,0.0,0.0,0.44666666666666677,0.7909704028981603,0,1,0.3443037362314936,"{""energy"": 0.6666666666666667, ""water"": 0.2666666666666667, ""transport"": 0.33333333333333337}","{""energy"": 0.9071728937191561, ""water"": 0.42700415136832637, ""transport"": 1.0}","{""energy"": 0.24050622705248936, ""water"": 0.16033748470165965, ""transport"": 0.6666666666666666}","{""energy"": 0.0, ""water"": 0.0, ""transport"": 0.0}","{""energy"": 0.0, ""water"": 0.0, ""transport"": 0.0}","{""energy"": 0.0, ""water"": 0.0, ""transport"": 0.0}",0.3,0.1,,0.7909704028981603,,,[],,v1.0,0.7,0.3
S3_transport_load,194,194,18120363508393940927,scenario=S3_transport_load|method=both|duration=0|theta=0.300000|delta_threshold=0.100000|A=v1.0|w=na|run_id=194|seed=18120363508393940927,False,"{""step_1_amount"": 0.4297962928835834}",5222c37788a096d3910624247b4a1e76a3afcfe0df2ea7ddd6490cebc16a26a9,0.44666666666666677,0.777087636151937,0.3304209694852702,10,0.0,0.0,0.44666666666666677,0.777087636151937,0,1,0.3304209694852702,"{""energy"": 0.6666666666666667, ""water"": 0.2666666666666667, ""transport"": 0.33333333333333337}","{""energy"": 0.8840349491421173, ""water"": 0.4115788549836338, ""transport"": 1.0}","{""energy"": 0.2173682824754506, ""water"": 0.14491218831696706, ""transport"": 0.6666666666666666}","{""energy"": 0.0, ""water"": 0.0, ""transport"": 0.0}","{""energy"": 0.0, ""water"": 0.0, ""transport"": 0.0}","{""energy"": 0.0, ""water"": 0.0, ""transport"": 0.0}",0.3,0.1,,0.777087636151937,,,[],,v1.0,0.7,0.3
S3_transport_load,195,195,6289394344837322147,scenario=S3_transport_load|method=both|duration=0|theta=0.300000|delta_threshold=0.100000|A=v1.0|w=na|run_id=195|seed=6289394344837322147,False,"{""step_1_amount"": 0.27395582642874505}",5222c37788a096d3910624247b4a1e76a3afcfe0df2ea7ddd6490cebc16a26a9,0.44666666666666677,0.7156539026208659,0.26898723595419916,7,0.0,0.0,0.44666666666666677,0.7156539026208659,0,1,0.26898723595419916,"{""energy"": 0.6666666666666667, ""water"": 0.2666666666666667, ""transport"": 0.33333333333333337}","{""energy"": 0.8347836891380412, ""water"": 0.378744681647583, ""transport"": 0.893723408237915}","{""energy"": 0.1681170224713745, ""water"": 0.1120780149809163, ""transport"": 0.5603900749045816}","{""energy"": 0.0, ""water"": 0.0, ""transport"": 0.0}","{""energy"": 0.0, ""water"": 0.0, ""transport"": 0.0}","{""energy"": 0.0, ""water"": 0.0, ""transport"": 0.0}",0.3,0.1,,0.7156539026208659,,,[],,v1.0,0.7,0.3
S3_transport_load,196,196,16303563128837369259,scenario=S3_transport_load|method=both|duration=0|theta=0.300000|delta_threshold=0.100000|A=v1.0|w=na|run_id=196|seed=16303563128837369259,False,"{""step_1_amount"": 0.4376078701119345}",5222c37788a096d3910624247b4a1e76a3afcfe0df2ea7ddd6490cebc16a26a9,0.44666666666666677,0.8398937599383676,0.3932270932717008,21,0.0,1.0,0.44666666666666677,0.8398937599383676,1,1,0.3932270932717008,"{""energy"": 0.6666666666666667, ""water"": 0.2666666666666667, ""transport"": 0.33333333333333337}","{""energy"": 0.9513608156581588, ""water"": 0.5311647789170134, ""transport"": 1.0}","{""energy"": 0.28469414899149204, ""water"": 0.2644981122503467, ""transport"": 0.6666666666666666}","{""energy"": 0.0, ""water"": 0.0, ""transport"": 0.0}","{""energy"": 1.0, ""water"": 1.0, ""transport"": 1.0}","{""energy"": 1.0, ""water"": 1.0, ""transport"": 1.0}",0.3,0.1,,0.8398937599383676,,,"[""energy"", ""water""]",2,v1.0,0.7,0.3
S3_transport_load,197,197,12708163059396736815,scenario=S3_transport_load|method=both|duration=0|theta=0.300000|delta_threshold=0.100000|A=v1.0|w=na|run_id=197|seed=12708163059396736815,False,"{""step_1_amount"": 0.5841063548074316}",5222c37788a096d3910624247b4a1e76a3afcfe0df2ea7ddd6490cebc16a26a9,0.44666666666666677,0.8394029005092771,0.39273623384261036,15,0.0,0.0,0.44666666666666677,0.8394029005092771,0,1,0.39273623384261036,"{""energy"": 0.6666666666666667, ""water"": 0.2666666666666667, ""transport"": 0.33333333333333337}","{""energy"": 0.9377831830011074, ""water"": 0.5476320910294473, ""transport"": 1.0}","{""energy"": 0.27111651633444067, ""water"": 0.2809654243627806, ""transport"": 0.6666666666666666}","{""energy"": 0.0, ""water"": 0.0, ""transport"": 0.0}","{""energy"": 0.0, ""water"": 0.0, ""transport"": 0.0}","{""energy"": 0.0, ""water"": 0.0, ""transport"": 0.0}",0.3,0.1,,0.8394029005092771,,,[],,v1.0,0.7,0.3
S3_transport_load,198,198,8280787145063015524,scenario=S3_transport_load|method=both|duration=0|theta=0.300000|delta_threshold=0.100000|A=v1.0|w=na|run_id=198|seed=8280787145063015524,False,"{""step_1_amount"": 0.3323106246848163}",5222c37788a096d3910624247b4a1e76a3afcfe0df2ea7ddd6490cebc16a26a9,0.44666666666666677,0.7495419266850905,0.3028752600184237,17,0.0,0.0,0.44666666666666677,0.7495419266850905,0,1,0.3028752600184237,"{""energy"": 0.6666666666666667, ""water"": 0.2666666666666667, ""transport"": 0.33333333333333337}","{""energy"": 0.8559637041781816, ""water"": 0.39286469167434335, ""transport"": 0.9643234583717163}","{""energy"": 0.18929703751151483, ""water"": 0.12619802500767663, ""transport"": 0.6309901250383829}","{""energy"": 0.0, ""water"": 0.0, ""transport"": 0.0}","{""energy"": 0.0, ""water"": 0.0, ""transport"": 0.0}","{""energy"": 0.0, ""water"": 0.0, ""transport"": 0.0}",0.3,0.1,,0.7495419266850905,,,[],,v1.0,0.7,0.3
S3_transport_load,199,199,11934274063863987352,scenario=S3_transport_load|method=both|duration=0|theta=0.300000|delta_threshold=0.100000|A=v1.0|w=na|run_id=199|seed=11934274063863987352,False,"{""step_1_amount"": 0.7458296983552761}",5222c37788a096d3910624247b4a1e76a3afcfe0df2ea7ddd6490cebc16a26a9,0.44666666666666677,0.8074559601209814,0.36078929345431465,7,0.0,1.0,0.44666666666666677,0.8074559601209814,1,1,0.36078929345431465,"{""energy"": 0.6666666666666667, ""water"": 0.2666666666666667, ""transport"": 0.33333333333333337}","{""energy"": 0.9346488224238579, ""water"": 0.4453214371714609, ""transport"": 1.0}","{""energy"": 0.2679821557571912, ""water"": 0.17865477050479417, ""transport"": 0.6666666666666666}","{""energy"": 0.0, ""water"": 0.0, ""transport"": 0.0}","{""energy"": 1.0, ""water"": 1.0, ""transport"": 1.0}","{""energy"": 1.0, ""water"": 1.0, ""transport"": 1.0}",0.3,0.1,,0.8074559601209814,,,"[""energy"", ""water""]",1,v1.0,0.7,0.3
S3_transport_load,200,200,4061938115003722509,scenario=S3_transport_load|method=both|duration=0|theta=0.300000|delta_threshold=0.100000|A=v1.0|w=na|run_id=200|seed=4061938115003722509,False,"{""step_1_amount"": 0.8590801352091041}",5222c37788a096d3910624247b4a1e76a3afcfe0df2ea7ddd6490cebc16a26a9,0.44666666666666677,0.8648137676160186,0.4181471009493518,19,0.0,1.0,0.44666666666666677,0.8648137676160186,1,1,0.4181471009493518,"{""energy"": 0.6666666666666667, ""water"": 0.2666666666666667, ""transport"": 0.33333333333333337}","{""energy"": 0.9711474959240509, ""water"": 0.5878492308213277, ""transport"": 1.0}","{""energy"": 0.3044808292573842, ""water"": 0.32118256415466095, ""transport"": 0.6666666666666666}","{""energy"": 0.0, ""water"": 0.0, ""transport"": 0.0}","{""energy"": 1.0, ""water"": 1.0, ""transport"": 1.0}","{""energy"": 1.0, ""water"": 1.0, ""transport"": 1.0}",0.3,0.1,,0.8648137676160186,,,"[""energy"", ""water""]",1,v1.0,0.7,0.3
S3_transport_load,201,201,6073668966561402592,scenario=S3_transport_load|method=both|duration=0|theta=0.300000|delta_threshold=0.100000|A=v1.0|w=na|run_id=201|seed=6073668966561402592,False,"{""step_1_amount"": 0.4770894048195194}",5222c37788a096d3910624247b4a1e76a3afcfe0df2ea7ddd6490cebc16a26a9,0.44666666666666677,0.7836456551326658,0.33697898846599905,13,0.0,0.0,0.44666666666666677,0.7836456551326658,0,1,0.33697898846599905,"{""energy"": 0.6666666666666667, ""water"": 0.2666666666666667, ""transport"": 0.33333333333333337}","{""energy"": 0.8949649807766653, ""water"": 0.41886554273999915, ""transport"": 1.0}","{""energy"": 0.22829831410999857, ""water"": 0.15219887607333243, ""transport"": 0.6666666666666666}","{""energy"": 0.0, ""water"": 0.0, ""transport"": 0.0}","{""energy"": 0.0, ""water"": 0.0, ""transport"": 0.0}","{""energy"": 0.0, ""water"": 0.0, ""transport"": 0.0}",0.3,0.1,,0.7836456551326658,,,[],,v1.0,0.7,0.3
S3_transport_load,202,202,5739984461850551627,scenario=S3_transport_load|method=both|duration=0|theta=0.300000|delta_threshold=0.100000|A=v1.0|w=na|run_id=202|seed=5739984461850551627,False,"{""step_1_amount"": 0.16798234375977525}",5222c37788a096d3910624247b4a1e76a3afcfe0df2ea7ddd6490cebc16a26a9,0.44666666666666677,0.6366788029918243,0.19001213632515757,21,0.0,0.0,0.44666666666666677,0.6366788029918243,0,1,0.19001213632515757,"{""energy"": 0.6666666666666667, ""water"": 0.2666666666666667, ""transport"": 0.33333333333333337}","{""energy"": 0.7854242518698902, ""water"": 0.3458383901354824, ""transport"": 0.7291919506774117}","{""energy"": 0.11875758520322344, ""water"": 0.07917172346881568, ""transport"": 0.39585861734407835}","{""energy"": 0.0, ""water"": 0.0, ""transport"": 0.0}","{""energy"": 0.0, ""water"": 0.0, ""transport"": 0.0}","{""energy"": 0.0, ""water"": 0.0, ""transport"": 0.0}",0.3,0.1,,0.6366788029918243,,,[],,v1.0,0.7,0.3
S3_transport_load,203,203,4536663420203156144,scenario=S3_transport_load|method=both|duration=0|theta=0.300000|delta_threshold=0.100000|A=v1.0|w=na|run_id=203|seed=4536663420203156144,False,"{""step_1_amount"": 0.35182026736486965}",5222c37788a096d3910624247b4a1e76a3afcfe0df2ea7ddd6490cebc16a26a9,0.44666666666666677,0.7596112987322359,0.3129446320655691,5,0.0,0.0,0.44666666666666677,0.7596112987322359,0,1,0.3129446320655691,"{""energy"": 0.6666666666666667, ""water"": 0.2666666666666667, ""transport"": 0.33333333333333337}","{""energy"": 0.8622570617076475, ""water"": 0.39706026336065386, ""transport"": 0.985301316803269}","{""energy"": 0.19559039504098075, ""water"": 0.13039359669398715, ""transport"": 0.6519679834699357}","{""energy"": 0.0, ""water"": 0.0, ""transport"": 0.0}","{""energy"": 0.0, ""water"": 0.0, ""transport"": 0.0}","{""energy"": 0.0, ""water"": 0.0, ""transport"": 0.0}",0.3,0.1,,0.7596112987322359,,,[],,v1.0,0.7,0.3
S3_transport_load,204,204,16281421624142479455,scenario=S3_transport_load|method=both|duration=0|theta=0.300000|delta_threshold=0.100000|A=v1.0|w=na|run_id=204|seed=16281421624142479455,False,"{""step_1_amount"": 0.3612649742543802}",5222c37788a096d3910624247b4a1e76a3afcfe0df2ea7ddd6490cebc16a26a9,0.44666666666666677,0.7979095832809782,0.3512429166143114,18,0.0,0.0,0.44666666666666677,0.7979095832809782,0,1,0.3512429166143114,"{""energy"": 0.6666666666666667, ""water"": 0.2666666666666667, ""transport"": 0.33333333333333337}","{""energy"": 0.918738194357186, ""water"": 0.43471435179367957, ""transport"": 1.0}","{""energy"": 0.2520715276905192, ""water"": 0.16804768512701285, ""transport"": 0.6666666666666666}","{""energy"": 0.0, ""water"": 0.0, ""transport"": 0.0}","{""energy"": 0.0, ""water"": 0.0, ""transport"": 0.0}","{""energy"": 0.0, ""water"": 0.0, ""transport"": 0.0}",0.3,0.1,,0.7979095832809782,,,[],,v1.0,0.7,0.3
S3_transport_load,205,205,2562836663160094325,scenario=S3_transport_load|method=both|duration=0|theta=0.300000|delta_threshold=0.100000|A=v1.0|w=na|run_id=205|seed=2562836663160094325,False,"{""step_1_amount"": 0.697704199677658}",5222c37788a096d3910624247b4a1e76a3afcfe0df2ea7ddd6490cebc16a26a9,0.44666666666666677,0.8044721723978461,0.3578055057311793,6,0.0,1.0,0.44666666666666677,0.8044721723978461,1,1,0.3578055057311793,"{""energy"": 0.6666666666666667, ""water"": 0.2666666666666667, ""transport"": 0.33333333333333337}","{""energy"": 0.9296758428852988, ""water"": 0.44200611747908813, ""transport"": 1.0}","{""energy"": 0.26300917621863207, ""water"": 0.17533945081242142, ""transport"": 0.6666666666666666}","{""energy"": 0.0, ""water"": 0.0, ""transport"": 0.0}","{""energy"": 1.0, ""water"": 1.0, ""transport"": 1.0}","{""energy"": 1.0, ""water"": 1.0, ""transport"": 1.0}",0.3,0.1,,0.8044721723978461,,,"[""energy"", ""water""]",1,v1.0,0.7,0.3
S3_transport_load,206,206,7531248459774219172,scenario=S3_transport_load|method=both|duration=0|theta=0.300000|delta_threshold=0.100000|A=v1.0|w=na|run_id=206|seed=7531248459774219172,False,"{""step_1_amount"": 0.5733665759349245}",5222c37788a096d3910624247b4a1e76a3afcfe0df2ea7ddd6490cebc16a26a9,0.44666666666666677,0.7944379742902494,0.34777130762358266,14,0.0,0.0,0.44666666666666677,0.7944379742902494,0,1,0.34777130762358266,"{""energy"": 0.6666666666666667, ""water"": 0.2666666666666667, ""transport"": 0.33333333333333337}","{""energy"": 0.9129521793726378, ""water"": 0.43085700847064745, ""transport"": 1.0}","{""energy"": 0.2462855127059711, ""water"": 0.16419034180398073, ""transport"": 0.6666666666666666}","{""energy"": 0.0, ""water"": 0.0, ""transport"": 0.0}","{""energy"": 0.0, ""water"": 0.0, ""transport"": 0.0}","{""energy"": 0.0, ""water"": 0.0, ""transport"": 0.0}",0.3,0.1,,0.7944379742902494,,,[],,v1.0,0.7,0.3
S3_transport_load,207,207,755848377568324281,scenario=S3_transport_load|method=both|duration=0|theta=0.300000|delta_threshold=0.100000|A=v1.0|w=na|run_id=207|seed=755848377568324281,False,"{""step_1_amount"": 0.5905025235789294}",5222c37788a096d3910624247b4a1e76a3afcfe0df2ea7ddd6490cebc16a26a9,0.44666666666666677,0.7960529158702536,0.34938624920358685,12,0.0,0.0,0.44666666666666677,0.7960529158702536,0,1,0.34938624920358685,"{""energy"": 0.6666666666666667, ""water"": 0.2666666666666667, ""transport"": 0.33333333333333337}","{""energy"": 0.9156437486726449, ""water"": 0.4326513880039855, ""transport"": 1.0}","{""energy"": 0.24897708200597812, ""water"": 0.16598472133731879, ""transport"": 0.6666666666666666}","{""energy"": 0.0, ""water"": 0.0, ""transport"": 0.0}","{""energy"": 0.0, ""water"": 0.0, ""transport"": 0.0}","{""energy"": 0.0, ""water"": 0.0, ""transport"": 0.0}",0.3,0.1,,0.7960529158702536,,,[],,v1.0,0.7,0.3
S3_transport_load,208,208,6763672713986325627,scenario=S3_transport_load|method=both|duration=0|theta=0.300000|delta_threshold=0.100000|A=v1.0|w=na|run_id=208|seed=6763672713986325627,False,"{""step_1_amount"": 0.16531388735317706}",5222c37788a096d3910624247b4a1e76a3afcfe0df2ea7ddd6490cebc16a26a9,0.44666666666666677,0.63549236753965,0.18882570087298323,24,0.0,0.0,0.44666666666666677,0.63549236753965,0,1,0.18882570087298323,"{""energy"": 0.6666666666666667, ""water"": 0.2666666666666667, ""transport"": 0.33333333333333337}","{""energy"": 0.7844544701280088, ""water"": 0.3473020020199467, ""transport"": 0.7250665962748749}","{""energy"": 0.1177878034613421, ""water"": 0.08063533535327999, ""transport"": 0.39173326294154154}","{""energy"": 0.0, ""water"": 0.0, ""transport"": 0.0}","{""energy"": 0.0, ""water"": 0.0, ""transport"": 0.0}","{""energy"": 0.0, ""water"": 0.0, ""transport"": 0.0}",0.3,0.1,,0.63549236753965,,,[],,v1.0,0.7,0.3
S3_transport_load,209,209,6887024973343668647,scenario=S3_transport_load|method=both|duration=0|theta=0.300000|delta_threshold=0.100000|A=v1.0|w=na|run_id=209|seed=6887024973343668647,False,"{""step_1_amount"": 0.44653126595473563}",5222c37788a096d3910624247b4a1e76a3afcfe0df2ea7ddd6490cebc16a26a9,0.44666666666666677,0.779515297214034,0.33284863054736724,29,0.0,0.0,0.44666666666666677,0.779515297214034,0,1,0.33284863054736724,"{""energy"": 0.6666666666666667, ""water"": 0.2666666666666667, ""transport"": 0.33333333333333337}","{""energy"": 0.8880810509122787, ""water"": 0.4142762561637414, ""transport"": 1.0}","{""energy"": 0.221414384245612, ""water"": 0.1476095894970747, ""transport"": 0.6666666666666666}","{""energy"": 0.0, ""water"": 0.0, ""transport"": 0.0}","{""energy"": 0.0, ""water"": 0.0, ""transport"": 0.0}","{""energy"": 0.0, ""water"": 0.0, ""transport"": 0.0}",0.3,0.1,,0.779515297214034,,,[],,v1.0,0.7,0.3
S3_transport_load,210,210,915793366017459352,scenario=S3_transport_load|method=both|duration=0|theta=0.300000|delta_threshold=0.100000|A=v1.0|w=na|run_id=210|seed=915793366017459352,False,"{""step_1_amount"": 0.28551208935856537}",5222c37788a096d3910624247b4a1e76a3afcfe0df2ea7ddd6490cebc16a26a9,0.44666666666666677,0.7228441016634005,0.27617743499673375,26,0.0,0.0,0.44666666666666677,0.7228441016634005,0,1,0.27617743499673375,"{""energy"": 0.6666666666666667, ""water"": 0.2666666666666667, ""transport"": 0.33333333333333337}","{""energy"": 0.8392775635396253, ""water"": 0.3817405979153058, ""transport"": 0.9087029895765287}","{""energy"": 0.1726108968729586, ""water"": 0.11507393124863907, ""transport"": 0.5753696562431954}","{""energy"": 0.0, ""water"": 0.0, ""transport"": 0.0}","{""energy"": 0.0, ""water"": 0.0, ""transport"": 0.0}","{""energy"": 0.0, ""water"": 0.0, ""transport"": 0.0}",0.3,0.1,,0.7228441016634005,,,[],,v1.0,0.7,0.3
S3_transport_load,211,211,4725530046482715071,scenario=S3_transport_load|method=both|duration=0|theta=0.300000|delta_threshold=0.100000|A=v1.0|w=na|run_id=211|seed=4725530046482715071,False,"{""step_1_amount"": 0.09955636903081229}",5222c37788a096d3910624247b4a1e76a3afcfe0df2ea7ddd6490cebc16a26a9,0.44666666666666677,0.570600349791754,0.12393368312508724,13,0.0,0.0,0.44666666666666677,0.570600349791754,0,0,0.12393368312508724,"{""energy"": 0.6666666666666667, ""water"": 0.2666666666666667, ""transport"": 0.33333333333333337}","{""energy"": 0.7441252186198463, ""water"": 0.3183057013021197, ""transport"": 0.5915285065105984}","{""energy"": 0.07745855195317952, ""water"": 0.051639034635452996, ""transport"": 0.25819517317726504}","{""energy"": 0.0, ""water"": 0.0, ""transport"": 0.0}","{""energy"": 0.0, ""water"": 0.0, ""transport"": 0.0}","{""energy"": 0.0, ""water"": 0.0, ""transport"": 0.0}",0.3,0.1,,0.570600349791754,,,[],,v1.0,0.7,0.3
S3_transport_load,212,212,987747274465086728,scenario=S3_transport_load|method=both|duration=0|theta=0.300000|delta_threshold=0.100000|A=v1.0|w=na|run_id=212|seed=987747274465086728,False,"{""step_1_amount"": 0.14830988896284247}",5222c37788a096d3910624247b4a1e76a3afcfe0df2ea7ddd6490cebc16a26a9,0.44666666666666677,0.8143421295402176,0.3676754628735508,17,0.0,0.0,0.44666666666666677,0.8143421295402176,0,1,0.3676754628735508,"{""energy"": 0.6666666666666667, ""water"": 0.2666666666666667, ""transport"": 0.33333333333333337}","{""energy"": 0.913312943726992, ""water"": 0.4967231734980694, ""transport"": 1.0}","{""energy"": 0.24664627706032527, ""water"": 0.23005650683140266, ""transport"": 0.6666666666666666}","{""energy"": 0.0, ""water"": 0.0, ""transport"": 0.0}","{""energy"": 0.0, ""water"": 0.0, ""transport"": 0.0}","{""energy"": 0.0, ""water"": 0.0, ""transport"": 0.0}",0.3,0.1,,0.8143421295402176,,,[],,v1.0,0.7,0.3
S3_transport_load,213,213,12954849707163925874,scenario=S3_transport_load|method=both|duration=0|theta=0.300000|delta_threshold=0.100000|A=v1.0|w=na|run_id=213|seed=12954849707163925874,False,"{""step_1_amount"": 0.5023721504216029}",5222c37788a096d3910624247b4a1e76a3afcfe0df2ea7ddd6490cebc16a26a9,0.44666666666666677,0.7867880443059945,0.3401213776393277,10,0.0,0.0,0.44666666666666677,0.7867880443059945,0,1,0.3401213776393277,"{""energy"": 0.6666666666666667, ""water"": 0.2666666666666667, ""transport"": 0.33333333333333337}","{""energy"": 0.9002022960655462, ""water"": 0.4223570862659198, ""transport"": 1.0}","{""energy"": 0.2335356293988795, ""water"": 0.15569041959925306, ""transport"": 0.6666666666666666}","{""energy"": 0.0, ""water"": 0.0, ""transport"": 0.0}","{""energy"": 0.0, ""water"": 0.0, ""transport"": 0.0}","{""energy"": 0.0, ""water"": 0.0, ""transport"": 0.0}",0.3,0.1,,0.7867880443059945,,,[],,v1.0,0.7,0.3
S3_transport_load,214,214,11726991800809070561,scenario=S3_transport_load|method=both|duration=0|theta=0.300000|delta_threshold=0.100000|A=v1.0|w=na|run_id=214|seed=11726991800809070561,False,"{""step_1_amount"": 0.2558804501349194}",5222c37788a096d3910624247b4a1e76a3afcfe0df2ea7ddd6490cebc16a26a9,0.44666666666666677,0.7038955740773771,0.25722890741071036,9,0.0,0.0,0.44666666666666677,0.7038955740773771,0,1,0.25722890741071036,"{""energy"": 0.6666666666666667, ""water"": 0.2666666666666667, ""transport"": 0.33333333333333337}","{""energy"": 0.8274347337983607, ""water"": 0.37384537808779605, ""transport"": 0.8692268904389802}","{""energy"": 0.160768067131694, ""water"": 0.10717871142112934, ""transport"": 0.5358935571056468}","{""energy"": 0.0, ""water"": 0.0, ""transport"": 0.0}","{""energy"": 0.0, ""water"": 0.0, ""transport"": 0.0}","{""energy"": 0.0, ""water"": 0.0, ""transport"": 0.0}",0.3,0.1,,0.7038955740773771,,,[],,v1.0,0.7,0.3
S3_transport_load,215,215,8343605827753417840,scenario=S3_transport_load|method=both|duration=0|theta=0.300000|delta_threshold=0.100000|A=v1.0|w=na|run_id=215|seed=8343605827753417840,False,"{""step_1_amount"": 0.33536449226378084}",5222c37788a096d3910624247b4a1e76a3afcfe0df2ea7ddd6490cebc16a26a9,0.44666666666666677,0.7511572623569689,0.3044905956903021,7,0.0,0.0,0.44666666666666677,0.7511572623569689,0,1,0.3044905956903021,"{""energy"": 0.6666666666666667, ""water"": 0.2666666666666667, ""transport"": 0.33333333333333337}","{""energy"": 0.8569732889731055, ""water"": 0.39353774820429266, ""transport"": 0.9676887410214629}","{""energy"": 0.1903066223064388, ""water"": 0.12687108153762594, ""transport"": 0.6343554076881295}","{""energy"": 0.0, ""water"": 0.0, ""transport"": 0.0}","{""energy"": 0.0, ""water"": 0.0, ""transport"": 0.0}","{""energy"": 0.0, ""water"": 0.0, ""transport"": 0.0}",0.3,0.1,,0.7511572623569689,,,[],,v1.0,0.7,0.3
S3_transport_load,216,216,9872711467777050767,scenario=S3_transport_load|method=both|duration=0|theta=0.300000|delta_threshold=0.100000|A=v1.0|w=na|run_id=216|seed=9872711467777050767,False,"{""step_1_amount"": 0.2443123774519788}",5222c37788a096d3910624247b4a1e76a3afcfe0df2ea7ddd6490cebc16a26a9,0.44666666666666677,0.6960287612513041,0.24936209458463732,12,0.0,0.0,0.44666666666666677,0.6960287612513041,0,1,0.24936209458463732,"{""energy"": 0.6666666666666667, ""water"": 0.2666666666666667, ""transport"": 0.33333333333333337}","{""energy"": 0.8225179757820651, ""water"": 0.3705675394102656, ""transport"": 0.8528376970513277}","{""energy"": 0.15585130911539835, ""water"": 0.10390087274359888, ""transport"": 0.5195043637179944}","{""energy"": 0.0, ""water"": 0.0, ""transport"": 0.0}","{""energy"": 0.0, ""water"": 0.0, ""transport"": 0.0}","{""energy"": 0.0, ""water"": 0.0, ""transport"": 0.0}",0.3,0.1,,0.6960287612513041,,,[],,v1.0,0.7,0.3
S3_transport_load,217,217,2073786261119117143,scenario=S3_transport_load|method=both|duration=0|theta=0.300000|delta_threshold=0.100000|A=v1.0|w=na|run_id=217|seed=2073786261119117143,False,"{""step_1_amount"": 0.5604030624440219}",5222c37788a096d3910624247b4a1e76a3afcfe0df2ea7ddd6490cebc16a26a9,0.44666666666666677,0.8487183031066579,0.4020516364399911,21,0.0,1.0,0.44666666666666677,0.8487183031066579,1,1,0.4020516364399911,"{""energy"": 0.6666666666666667, ""water"": 0.2666666666666667, ""transport"": 0.33333333333333337}","{""energy"": 0.961996762562289, ""water"": 0.5463986602724741, ""transport"": 1.0}","{""energy"": 0.2953300958956223, ""water"": 0.27973199360580736, ""transport"": 0.6666666666666666}","{""energy"": 0.0, ""water"": 0.0, ""transport"": 0.0}","{""energy"": 1.0, ""water"": 1.0, ""transport"": 1.0}","{""energy"": 1.0, ""water"": 1.0, ""transport"": 1.0}",0.3,0.1,,0.8487183031066579,,,"[""energy"", ""water""]",2,v1.0,0.7,0.3
S3_transport_load,218,218,16608403195536182180,scenario=S3_transport_load|method=both|duration=0|theta=0.300000|delta_threshold=0.100000|A=v1.0|w=na|run_id=218|seed=16608403195536182180,False,"{""step_1_amount"": 0.2831045846752354}",5222c37788a096d3910624247b4a1e76a3afcfe0df2ea7ddd6490cebc16a26a9,0.44666666666666677,0.7450576820960545,0.29839101542938773,24,0.0,0.0,0.44666666666666677,0.7450576820960545,0,1,0.29839101542938773,"{""energy"": 0.6666666666666667, ""water"": 0.2666666666666667, ""transport"": 0.33333333333333337}","{""energy"": 0.8484354487636018, ""water"": 0.43153142493830854, ""transport"": 0.9207469170304039}","{""energy"": 0.18176878209693503, ""water"": 0.16486475827164182, ""transport"": 0.5874135836970705}","{""energy"": 0.0, ""water"": 0.0, ""transport"": 0.0}","{""energy"": 0.0, ""water"": 0.0, ""transport"": 0.0}","{""energy"": 0.0, ""water"": 0.0, ""transport"": 0.0}",0.3,0.1,,0.7450576820960545,,,[],,v1.0,0.7,0.3
S3_transport_load,219,219,6854392867040430889,scenario=S3_transport_load|method=both|duration=0|theta=0.300000|delta_threshold=0.100000|A=v1.0|w=na|run_id=219|seed=6854392867040430889,False,"{""step_1_amount"": 0.2899487077026208}",5222c37788a096d3910624247b4a1e76a3afcfe0df2ea7ddd6490cebc16a26a9,0.44666666666666677,0.7255389764754092,0.27887230980874245,24,0.0,0.0,0.44666666666666677,0.7255389764754092,0,1,0.27887230980874245,"{""energy"": 0.6666666666666667, ""water"": 0.2666666666666667, ""transport"": 0.33333333333333337}","{""energy"": 0.8409618602971307, ""water"": 0.3828634624203094, ""transport"": 0.9143173121015468}","{""energy"": 0.17429519363046397, ""water"": 0.11619679575364267, ""transport"": 0.5809839787682134}","{""energy"": 0.0, ""water"": 0.0, ""transport"": 0.0}","{""energy"": 0.0, ""water"": 0.0, ""transport"": 0.0}","{""energy"": 0.0, ""water"": 0.0, ""transport"": 0.0}",0.3,0.1,,0.7255389764754092,,,[],,v1.0,0.7,0.3
S3_transport_load,220,220,2761144013062717221,scenario=S3_transport_load|method=both|duration=0|theta=0.300000|delta_threshold=0.100000|A=v1.0|w=na|run_id=220|seed=2761144013062717221,False,"{""step_1_amount"": 0.3384129188665292}",5222c37788a096d3910624247b4a1e76a3afcfe0df2ea7ddd6490cebc16a26a9,0.44666666666666677,0.8027193676192266,0.3560527009525598,18,0.0,1.0,0.44666666666666677,0.8027193676192266,1,1,0.3560527009525598,"{""energy"": 0.6666666666666667, ""water"": 0.2666666666666667, ""transport"": 0.33333333333333337}","{""energy"": 0.9267545015875998, ""water"": 0.44005855661395543, ""transport"": 1.0}","{""energy"": 0.260087834920933, ""water"": 0.1733918899472887, ""transport"": 0.6666666666666666}","{""energy"": 0.0, ""water"": 0.0, ""transport"": 0.0}","{""energy"": 1.0, ""water"": 1.0, ""transport"": 1.0}","{""energy"": 1.0, ""water"": 1.0, ""transport"": 1.0}",0.3,0.1,,0.8027193676192266,,,"[""energy"", ""water""]",2,v1.0,0.7,0.3
S3_transport_load,221,221,2299597946776917687,scenario=S3_transport_load|method=both|duration=0|theta=0.300000|delta_threshold=0.100000|A=v1.0|w=na|run_id=221|seed=2299597946776917687,False,"{""step_1_amount"": 0.7568127153239005}",5222c37788a096d3910624247b4a1e76a3afcfe0df2ea7ddd6490cebc16a26a9,0.44666666666666677,0.8080786203066648,0.361411953639998,27,0.0,1.0,0.44666666666666677,0.8080786203066648,1,1,0.361411953639998,"{""energy"": 0.6666666666666667, ""water"": 0.2666666666666667, ""transport"": 0.33333333333333337}","{""energy"": 0.9356865893999969, ""water"": 0.4460132818222202, ""transport"": 1.0}","{""energy"": 0.2690199227333302, ""water"": 0.1793466151555535, ""transport"": 0.6666666666666666}","{""energy"": 0.0, ""water"": 0.0, ""transport"": 0.0}","{""energy"": 1.0, ""water"": 1.0, ""transport"": 1.0}","{""energy"": 1.0, ""water"": 1.0, ""transport"": 1.0}",0.3,0.1,,0.8080786203066648,,,"[""energy"", ""water""]",1,v1.0,0.7,0.3
S3_transport_load,222,222,16412188789920188860,scenario=S3_transport_load|method=both|duration=0|theta=0.300000|delta_threshold=0.100000|A=v1.0|w=na|run_id=222|seed=16412188789920188860,False,"{""step_1_amount"": 0.658497334116348}",5222c37788a096d3910624247b4a1e76a3afcfe0df2ea7ddd6490cebc16a26a9,0.44666666666666677,0.801701916192537,0.3550352495258702,8,0.0,1.0,0.44666666666666677,0.801701916192537,1,1,0.3550352495258702,"{""energy"": 0.6666666666666667, ""water"": 0.2666666666666667, ""transport"": 0.33333333333333337}","{""energy"": 0.9250587492097837, ""water"": 0.43892805502874477, ""transport"": 1.0}","{""energy"": 0.25839208254311696, ""water"": 0.17226138836207805, ""transport"": 0.6666666666666666}","{""energy"": 0.0, ""water"": 0.0, ""transport"": 0.0}","{""energy"": 1.0, ""water"": 1.0, ""transport"": 1.0}","{""energy"": 1.0, ""water"": 1.0, ""transport"": 1.0}",0.3,0.1,,0.801701916192537,,,"[""energy"", ""water""]",1,v1.0,0.7,0.3
S3_transport_load,223,223,7648405082535341971,scenario=S3_transport_load|method=both|duration=0|theta=0.300000|delta_threshold=0.100000|A=v1.0|w=na|run_id=223|seed=7648405082535341971,False,"{""step_1_amount"": 0.5156145720709987}",5222c37788a096d3910624247b4a1e76a3afcfe0df2ea7ddd6490cebc16a26a9,0.44666666666666677,0.7883412561967988,0.3416745895301321,30,0.0,0.0,0.44666666666666677,0.7883412561967988,0,1,0.3416745895301321,"{""energy"": 0.6666666666666667, ""water"": 0.2666666666666667, ""transport"": 0.33333333333333337}","{""energy"": 0.9027909825502202, ""water"": 0.4240828772557024, ""transport"": 1.0}","{""energy"": 0.23612431588355343, ""water"": 0.15741621058903565, ""transport"": 0.6666666666666666}","{""energy"": 0.0, ""water"": 0.0, ""transport"": 0.0}","{""energy"": 0.0, ""water"": 0.0, ""transport"": 0.0}","{""energy"": 0.0, ""water"": 0.0, ""transport"": 0.0}",0.3,0.1,,0.7883412561967988,,,[],,v1.0,0.7,0.3
S3_transport_load,224,224,17177694328026995220,scenario=S3_transport_load|method=both|duration=0|theta=0.300000|delta_threshold=0.100000|A=v1.0|w=na|run_id=224|seed=17177694328026995220,False,"{""step_1_amount"": 0.17598467437891913}",5222c37788a096d3910624247b4a1e76a3afcfe0df2ea7ddd6490cebc16a26a9,0.44666666666666677,0.6761767113810306,0.22951004471436387,27,0.0,0.0,0.44666666666666677,0.6761767113810306,0,1,0.22951004471436387,"{""energy"": 0.6666666666666667, ""water"": 0.2666666666666667, ""transport"": 0.33333333333333337}","{""energy"": 0.8036039806717337, ""water"": 0.4181068537728618, ""transport"": 0.764343543268262}","{""energy"": 0.13693731400506692, ""water"": 0.15144018710619506, ""transport"": 0.43101020993492867}","{""energy"": 0.0, ""water"": 0.0, ""transport"": 0.0}","{""energy"": 0.0, ""water"": 0.0, ""transport"": 0.0}","{""energy"": 0.0, ""water"": 0.0, ""transport"": 0.0}",0.3,0.1,,0.6761767113810306,,,[],,v1.0,0.7,0.3
S3_transport_load,225,225,6232107489489963829,scenario=S3_transport_load|method=both|duration=0|theta=0.300000|delta_threshold=0.100000|A=v1.0|w=na|run_id=225|seed=6232107489489963829,False,"{""step_1_amount"": 0.3154147959521806}",5222c37788a096d3910624247b4a1e76a3afcfe0df2ea7ddd6490cebc16a26a9,0.44666666666666677,0.7717007957831403,0.32503412911647356,28,0.0,0.0,0.44666666666666677,0.7717007957831403,0,1,0.32503412911647356,"{""energy"": 0.6666666666666667, ""water"": 0.2666666666666667, ""transport"": 0.33333333333333337}","{""energy"": 0.8750568818607896, ""water"": 0.405593476796082, ""transport"": 1.0}","{""energy"": 0.20839021519412282, ""water"": 0.13892681012941527, ""transport"": 0.6666666666666666}","{""energy"": 0.0, ""water"": 0.0, ""transport"": 0.0}","{""energy"": 0.0, ""water"": 0.0, ""transport"": 0.0}","{""energy"": 0.0, ""water"": 0.0, ""transport"": 0.0}",0.3,0.1,,0.7717007957831403,,,[],,v1.0,0.7,0.3
S3_transport_load,226,226,18145995982920182448,scenario=S3_transport_load|method=both|duration=0|theta=0.300000|delta_threshold=0.100000|A=v1.0|w=na|run_id=226|seed=18145995982920182448,False,"{""step_1_amount"": 0.28630629835051635}",5222c37788a096d3910624247b4a1e76a3afcfe0df2ea7ddd6490cebc16a26a9,0.44666666666666677,0.8075979167031084,0.36093125003644166,30,0.0,1.0,0.44666666666666677,0.8075979167031084,1,1,0.36093125003644166,"{""energy"": 0.6666666666666667, ""water"": 0.2666666666666667, ""transport"": 0.33333333333333337}","{""energy"": 0.9348854167274028, ""water"": 0.44547916670715737, ""transport"": 1.0}","{""energy"": 0.26821875006073603, ""water"": 0.17881250004049065, ""transport"": 0.6666666666666666}","{""energy"": 0.0, ""water"": 0.0, ""transport"": 0.0}","{""energy"": 1.0, ""water"": 1.0, ""transport"": 1.0}","{""energy"": 1.0, ""water"": 1.0, ""transport"": 1.0}",0.3,0.1,,0.8075979167031084,,,"[""energy"", ""water""]",2,v1.0,0.7,0.3
S3_transport_load,227,227,2469420838935060618,scenario=S3_transport_load|method=both|duration=0|theta=0.300000|delta_threshold=0.100000|A=v1.0|w=na|run_id=227|seed=2469420838935060618,False,"{""step_1_amount"": 0.8064662459884792}",5222c37788a096d3910624247b4a1e76a3afcfe0df2ea7ddd6490cebc16a26a9,0.44666666666666677,0.8106511488889871,0.3639844822223204,10,0.0,1.0,0.44666666666666677,0.8106511488889871,1,1,0.3639844822223204,"{""energy"": 0.6666666666666667, ""water"": 0.2666666666666667, ""transport"": 0.33333333333333337}","{""energy"": 0.9399741370372008, ""water"": 0.4488716469136894, ""transport"": 1.0}","{""energy"": 0.27330747037053404, ""water"": 0.1822049802470227, ""transport"": 0.6666666666666666}","{""energy"": 0.0, ""water"": 0.0, ""transport"": 0.0}","{""energy"": 1.0, ""water"": 1.0, ""transport"": 1.0}","{""energy"": 1.0, ""water"": 1.0, ""transport"": 1.0}",0.3,0.1,,0.8106511488889871,,,"[""energy"", ""water""]",1,v1.0,0.7,0.3
S3_transport_load,228,228,335817252420202936,scenario=S3_transport_load|method=both|duration=0|theta=0.300000|delta_threshold=0.100000|A=v1.0|w=na|run_id=228|seed=335817252420202936,False,"{""step_1_amount"": 0.33743665756210556}",5222c37788a096d3910624247b4a1e76a3afcfe0df2ea7ddd6490cebc16a26a9,0.44666666666666677,0.7522449315997846,0.3055782649331178,27,0.0,0.0,0.44666666666666677,0.7522449315997846,0,1,0.3055782649331178,"{""energy"": 0.6666666666666667, ""water"": 0.2666666666666667, ""transport"": 0.33333333333333337}","{""energy"": 0.8576530822498654, ""water"": 0.3939909437221325, ""transport"": 0.9699547186106622}","{""energy"": 0.19098641558319862, ""water"": 0.12732427705546578, ""transport"": 0.6366213852773288}","{""energy"": 0.0, ""water"": 0.0, ""transport"": 0.0}","{""energy"": 0.0, ""water"": 0.0, ""transport"": 0.0}","{""energy"": 0.0, ""water"": 0.0, ""transport"": 0.0}",0.3,0.1,,0.7522449315997846,,,[],,v1.0,0.7,0.3
S3_transport_load,229,229,9862333192735902994,scenario=S3_transport_load|method=both|duration=0|theta=0.300000|delta_threshold=0.100000|A=v1.0|w=na|run_id=229|seed=9862333192735902994,False,"{""step_1_amount"": 0.33269903239565307}",5222c37788a096d3910624247b4a1e76a3afcfe0df2ea7ddd6490cebc16a26a9,0.44666666666666677,0.7497481963310021,0.3030815296643353,10,0.0,0.0,0.44666666666666677,0.7497481963310021,0,1,0.3030815296643353,"{""energy"": 0.6666666666666667, ""water"": 0.2666666666666667, ""transport"": 0.33333333333333337}","{""energy"": 0.8560926227068764, ""water"": 0.3929506373601398, ""transport"": 0.9647531868006988}","{""energy"": 0.18942595604020962, ""water"": 0.12628397069347308, ""transport"": 0.6314198534673654}","{""energy"": 0.0, ""water"": 0.0, ""transport"": 0.0}","{""energy"": 0.0, ""water"": 0.0, ""transport"": 0.0}","{""energy"": 0.0, ""water"": 0.0, ""transport"": 0.0}",0.3,0.1,,0.7497481963310021,,,[],,v1.0,0.7,0.3
S3_transport_load,230,230,8063718910042540534,scenario=S3_transport_load|method=both|duration=0|theta=0.300000|delta_threshold=0.100000|A=v1.0|w=na|run_id=230|seed=8063718910042540534,False,"{""step_1_amount"": 0.3919923641164718}",5222c37788a096d3910624247b4a1e76a3afcfe0df2ea7ddd6490cebc16a26a9,0.44666666666666677,0.8095476212668196,0.3628809546001528,14,0.0,1.0,0.44666666666666677,0.8095476212668196,1,1,0.3628809546001528,"{""energy"": 0.6666666666666667, ""water"": 0.2666666666666667, ""transport"": 0.33333333333333337}","{""energy"": 0.9381349243335882, ""water"": 0.4476455051112811, ""transport"": 1.0}","{""energy"": 0.2714682576669215, ""water"": 0.18097883844461438, ""transport"": 0.6666666666666666}","{""energy"": 0.0, ""water"": 0.0, ""transport"": 0.0}","{""energy"": 1.0, ""water"": 1.0, ""transport"": 1.0}","{""energy"": 1.0, ""water"": 1.0, ""transport"": 1.0}",0.3,0.1,,0.8095476212668196,,,"[""energy"", ""water""]",2,v1.0,0.7,0.3
S3_transport_load,231,231,6329857954521857365,scenario=S3_transport_load|method=both|duration=0|theta=0.300000|delta_threshold=0.100000|A=v1.0|w=na|run_id=231|seed=6329857954521857365,False,"{""step_1_amount"": 0.3142895613512443}",5222c37788a096d3910624247b4a1e76a3afcfe0df2ea7ddd6490cebc16a26a9,0.44666666666666677,0.7397024170592951,0.2930357503926283,29,0.0,0.0,0.44666666666666677,0.7397024170592951,0,1,0.2930357503926283,"{""energy"": 0.6666666666666667, ""water"": 0.2666666666666667, ""transport"": 0.33333333333333337}","{""energy"": 0.8498140106620595, ""water"": 0.38876489599692854, ""transport"": 0.9438244799846425}","{""energy"": 0.1831473439953928, ""water"": 0.12209822933026182, ""transport"": 0.6104911466513091}","{""energy"": 0.0, ""water"": 0.0, ""transport"": 0.0}","{""energy"": 0.0, ""water"": 0.0, ""transport"": 0.0}","{""energy"": 0.0, ""water"": 0.0, ""transport"": 0.0}",0.3,0.1,,0.7397024170592951,,,[],,v1.0,0.7,0.3
S3_transport_load,232,232,12763733229554799967,scenario=S3_transport_load|method=both|duration=0|theta=0.300000|delta_threshold=0.100000|A=v1.0|w=na|run_id=232|seed=12763733229554799967,False,"{""step_1_amount"": 0.35958221655460304}",5222c37788a096d3910624247b4a1e76a3afcfe0df2ea7ddd6490cebc16a26a9,0.44666666666666677,0.7634563828021715,0.3167897161355048,6,0.0,0.0,0.44666666666666677,0.7634563828021715,0,1,0.3167897161355048,"{""energy"": 0.6666666666666667, ""water"": 0.2666666666666667, ""transport"": 0.33333333333333337}","{""energy"": 0.8646602392513573, ""water"": 0.39866238172312707, ""transport"": 0.9933119086156351}","{""energy"": 0.19799357258469052, ""water"": 0.13199571505646035, ""transport"": 0.6599785752823017}","{""energy"": 0.0, ""water"": 0.0, ""transport"": 0.0}","{""energy"": 0.0, ""water"": 0.0, ""transport"": 0.0}","{""energy"": 0.0, ""water"": 0.0, ""transport"": 0.0}",0.3,0.1,,0.7634563828021715,,,[],,v1.0,0.7,0.3
S3_transport_load,233,233,2764701708435644294,scenario=S3_transport_load|method=both|duration=0|theta=0.300000|delta_threshold=0.100000|A=v1.0|w=na|run_id=233|seed=2764701708435644294,False,"{""step_1_amount"": 0.4511997297464148}",5222c37788a096d3910624247b4a1e76a3afcfe0df2ea7ddd6490cebc16a26a9,0.44666666666666677,0.7801710677165719,0.3335044010499051,16,0.0,0.0,0.44666666666666677,0.7801710677165719,0,1,0.3335044010499051,"{""energy"": 0.6666666666666667, ""water"": 0.2666666666666667, ""transport"": 0.33333333333333337}","{""energy"": 0.8891740017498421, ""water"": 0.41500489005545027, ""transport"": 1.0}","{""energy"": 0.22250733508317533, ""water"": 0.14833822338878355, ""transport"": 0.6666666666666666}","{""energy"": 0.0, ""water"": 0.0, ""transport"": 0.0}","{""energy"": 0.0, ""water"": 0.0, ""transport"": 0.0}","{""energy"": 0.0, ""water"": 0.0, ""transport"": 0.0}",0.3,0.1,,0.7801710677165719,,,[],,v1.0,0.7,0.3
S3_transport_load,234,234,17521132242322284772,scenario=S3_transport_load|method=both|duration=0|theta=0.300000|delta_threshold=0.100000|A=v1.0|w=na|run_id=234|seed=17521132242322284772,False,"{""step_1_amount"": 0.34882606750197115}",5222c37788a096d3910624247b4a1e76a3afcfe0df2ea7ddd6490cebc16a26a9,0.44666666666666677,0.8050625642929194,0.3583958976262527,26,0.0,1.0,0.44666666666666677,0.8050625642929194,1,1,0.3583958976262527,"{""energy"": 0.6666666666666667, ""water"": 0.2666666666666667, ""transport"": 0.33333333333333337}","{""energy"": 0.930659829377088, ""water"": 0.4426621084736142, ""transport"": 1.0}","{""energy"": 0.2639931627104213, ""water"": 0.17599544180694748, ""transport"": 0.6666666666666666}","{""energy"": 0.0, ""water"": 0.0, ""transport"": 0.0}","{""energy"": 1.0, ""water"": 1.0, ""transport"": 1.0}","{""energy"": 1.0, ""water"": 1.0, ""transport"": 1.0}",0.3,0.1,,0.8050625642929194,,,"[""energy"", ""water""]",2,v1.0,0.7,0.3
S3_transport_load,235,235,5181125985248399296,scenario=S3_transport_load|method=both|duration=0|theta=0.300000|delta_threshold=0.100000|A=v1.0|w=na|run_id=235|seed=5181125985248399296,False,"{""step_1_amount"": 0.13941060123951252}",5222c37788a096d3910624247b4a1e76a3afcfe0df2ea7ddd6490cebc16a26a9,0.44666666666666677,0.6107260417010033,0.16405937503433654,25,0.0,0.0,0.44666666666666677,0.6107260417010033,0,1,0.16405937503433654,"{""energy"": 0.6666666666666667, ""water"": 0.2666666666666667, ""transport"": 0.33333333333333337}","{""energy"": 0.7692037760631271, ""water"": 0.3350247395976403, ""transport"": 0.6751236979882013}","{""energy"": 0.10253710939646032, ""water"": 0.06835807293097357, ""transport"": 0.3417903646548679}","{""energy"": 0.0, ""water"": 0.0, ""transport"": 0.0}","{""energy"": 0.0, ""water"": 0.0, ""transport"": 0.0}","{""energy"": 0.0, ""water"": 0.0, ""transport"": 0.0}",0.3,0.1,,0.6107260417010033,,,[],,v1.0,0.7,0.3
S3_transport_load,236,236,10350382464441412892,scenario=S3_transport_load|method=both|duration=0|theta=0.300000|delta_threshold=0.100000|A=v1.0|w=na|run_id=236|seed=10350382464441412892,False,"{""step_1_amount"": 0.08746016571025537}",5222c37788a096d3910624247b4a1e76a3afcfe0df2ea7ddd6490cebc16a26a9,0.44666666666666677,0.5574418909696395,0.11077522430297271,16,0.0,0.0,0.44666666666666677,0.5574418909696395,0,0,0.11077522430297271,"{""energy"": 0.6666666666666667, ""water"": 0.2666666666666667, ""transport"": 0.33333333333333337}","{""energy"": 0.7359011818560247, ""water"": 0.3128230101262387, ""transport"": 0.5641150506311932}","{""energy"": 0.06923451518935797, ""water"": 0.04615634345957198, ""transport"": 0.2307817172978598}","{""energy"": 0.0, ""water"": 0.0, ""transport"": 0.0}","{""energy"": 0.0, ""water"": 0.0, ""transport"": 0.0}","{""energy"": 0.0, ""water"": 0.0, ""transport"": 0.0}",0.3,0.1,,0.5574418909696395,,,[],,v1.0,0.7,0.3
S3_transport_load,237,237,7500896527475212306,scenario=S3_transport_load|method=both|duration=0|theta=0.300000|delta_threshold=0.100000|A=v1.0|w=na|run_id=237|seed=7500896527475212306,False,"{""step_1_amount"": 0.2745887068689047}",5222c37788a096d3910624247b4a1e76a3afcfe0df2ea7ddd6490cebc16a26a9,0.44666666666666677,0.7160541600808493,0.26938749341418256,18,0.0,0.0,0.44666666666666677,0.7160541600808493,0,1,0.26938749341418256,"{""energy"": 0.6666666666666667, ""water"": 0.2666666666666667, ""transport"": 0.33333333333333337}","{""energy"": 0.8350338500505309, ""water"": 0.3789114555892428, ""transport"": 0.8945572779462138}","{""energy"": 0.16836718338386414, ""water"": 0.11224478892257606, ""transport"": 0.5612239446128804}","{""energy"": 0.0, ""water"": 0.0, ""transport"": 0.0}","{""energy"": 0.0, ""water"": 0.0, ""transport"": 0.0}","{""energy"": 0.0, ""water"": 0.0, ""transport"": 0.0}",0.3,0.1,,0.7160541600808493,,,[],,v1.0,0.7,0.3
S3_transport_load,238,238,2868492058159077680,scenario=S3_transport_load|method=both|duration=0|theta=0.300000|delta_threshold=0.100000|A=v1.0|w=na|run_id=238|seed=2868492058159077680,False,"{""step_1_amount"": 0.11998571093905747}",5222c37788a096d3910624247b4a1e76a3afcfe0df2ea7ddd6490cebc16a26a9,0.44666666666666677,0.591767674263579,0.14510100759691225,28,0.0,0.0,0.44666666666666677,0.591767674263579,0,0,0.14510100759691225,"{""energy"": 0.6666666666666667, ""water"": 0.2666666666666667, ""transport"": 0.33333333333333337}","{""energy"": 0.7573547964147369, ""water"": 0.32712541983204685, ""transport"": 0.635627099160234}","{""energy"": 0.09068812974807017, ""water"": 0.06045875316538013, ""transport"": 0.3022937658269006}","{""energy"": 0.0, ""water"": 0.0, ""transport"": 0.0}","{""energy"": 0.0, ""water"": 0.0, ""transport"": 0.0}","{""energy"": 0.0, ""water"": 0.0, ""transport"": 0.0}",0.3,0.1,,0.591767674263579,,,[],,v1.0,0.7,0.3
S3_transport_load,239,239,4950125614210258087,scenario=S3_transport_load|method=both|duration=0|theta=0.300000|delta_threshold=0.100000|A=v1.0|w=na|run_id=239|seed=4950125614210258087,False,"{""step_1_amount"": 0.3317338047750932}",5222c37788a096d3910624247b4a1e76a3afcfe0df2ea7ddd6490cebc16a26a9,0.44666666666666677,0.7492351541033175,0.30256848743665077,29,0.0,0.0,0.44666666666666677,0.7492351541033175,0,1,0.30256848743665077,"{""energy"": 0.6666666666666667, ""water"": 0.2666666666666667, ""transport"": 0.33333333333333337}","{""energy"": 0.8557719713145735, ""water"": 0.3927368697652712, ""transport"": 0.9636843488263559}","{""energy"": 0.18910530464790676, ""water"": 0.1260702030986045, ""transport"": 0.6303510154930225}","{""energy"": 0.0, ""water"": 0.0, ""transport"": 0.0}","{""energy"": 0.0, ""water"": 0.0, ""transport"": 0.0}","{""energy"": 0.0, ""water"": 0.0, ""transport"": 0.0}",0.3,0.1,,0.7492351541033175,,,[],,v1.0,0.7,0.3
S3_transport_load,240,240,5497040455750480769,scenario=S3_transport_load|method=both|duration=0|theta=0.300000|delta_threshold=0.100000|A=v1.0|w=na|run_id=240|seed=5497040455750480769,False,"{""step_1_amount"": 0.3328452578349105}",5222c37788a096d3910624247b4a1e76a3afcfe0df2ea7ddd6490cebc16a26a9,0.44666666666666677,0.7498257892537686,0.30315912258710187,10,0.0,0.0,0.44666666666666677,0.7498257892537686,0,1,0.30315912258710187,"{""energy"": 0.6666666666666667, ""water"": 0.2666666666666667, ""transport"": 0.33333333333333337}","{""energy"": 0.8561411182836054, ""water"": 0.3929829677446259, ""transport"": 0.9649148387231291}","{""energy"": 0.18947445161693866, ""water"": 0.12631630107795916, ""transport"": 0.6315815053897957}","{""energy"": 0.0, ""water"": 0.0, ""transport"": 0.0}","{""energy"": 0.0, ""water"": 0.0, ""transport"": 0.0}","{""energy"": 0.0, ""water"": 0.0, ""transport"": 0.0}",0.3,0.1,,0.7498257892537686,,,[],,v1.0,0.7,0.3
S3_transport_load,241,241,3733924430308033009,scenario=S3_transport_load|method=both|duration=0|theta=0.300000|delta_threshold=0.100000|A=v1.0|w=na|run_id=241|seed=3733924430308033009,False,"{""step_1_amount"": 0.4685480389976942}",5222c37788a096d3910624247b4a1e76a3afcfe0df2ea7ddd6490cebc16a26a9,0.44666666666666677,0.7825290354509806,0.33586236878431386,16,0.0,0.0,0.44666666666666677,0.7825290354509806,0,1,0.33586236878431386,"{""energy"": 0.6666666666666667, ""water"": 0.2666666666666667, ""transport"": 0.33333333333333337}","{""energy"": 0.8931039479738567, ""water"": 0.41762485420479345, ""transport"": 1.0}","{""energy"": 0.22643728130718999, ""water"": 0.15095818753812673, ""transport"": 0.6666666666666666}","{""energy"": 0.0, ""water"": 0.0, ""transport"": 0.0}","{""energy"": 0.0, ""water"": 0.0, ""transport"": 0.0}","{""energy"": 0.0, ""water"": 0.0, ""transport"": 0.0}",0.3,0.1,,0.7825290354509806,,,[],,v1.0,0.7,0.3
S3_transport_load,242,242,11596297202131652553,scenario=S3_transport_load|method=both|duration=0|theta=0.300000|delta_threshold=0.100000|A=v1.0|w=na|run_id=242|seed=11596297202131652553,False,"{""step_1_amount"": 0.29236090136429654}",5222c37788a096d3910624247b4a1e76a3afcfe0df2ea7ddd6490cebc16a26a9,0.44666666666666677,0.7965174114835594,0.3498507448168926,16,0.0,0.0,0.44666666666666677,0.7965174114835594,0,1,0.3498507448168926,"{""energy"": 0.6666666666666667, ""water"": 0.2666666666666667, ""transport"": 0.33333333333333337}","{""energy"": 0.9164179080281545, ""water"": 0.43316749424099193, ""transport"": 1.0}","{""energy"": 0.24975124136148774, ""water"": 0.16650082757432522, ""transport"": 0.6666666666666666}","{""energy"": 0.0, ""water"": 0.0, ""transport"": 0.0}","{""energy"": 0.0, ""water"": 0.0, ""transport"": 0.0}","{""energy"": 0.0, ""water"": 0.0, ""transport"": 0.0}",0.3,0.1,,0.7965174114835594,,,[],,v1.0,0.7,0.3
S3_transport_load,243,243,10962738759851510590,scenario=S3_transport_load|method=both|duration=0|theta=0.300000|delta_threshold=0.100000|A=v1.0|w=na|run_id=243|seed=10962738759851510590,False,"{""step_1_amount"": 0.35444007777160935}",5222c37788a096d3910624247b4a1e76a3afcfe0df2ea7ddd6490cebc16a26a9,0.44666666666666677,0.7609191128367243,0.31425244617005754,17,0.0,0.0,0.44666666666666677,0.7609191128367243,0,1,0.31425244617005754,"{""energy"": 0.6666666666666667, ""water"": 0.2666666666666667, ""transport"": 0.33333333333333337}","{""energy"": 0.8630744455229528, ""water"": 0.3976051859041908, ""transport"": 0.9880259295209536}","{""energy"": 0.19640777885628602, ""water"": 0.1309385192375241, ""transport"": 0.6546925961876202}","{""energy"": 0.0, ""water"": 0.0, ""transport"": 0.0}","{""energy"": 0.0, ""water"": 0.0, ""transport"": 0.0}","{""energy"": 0.0, ""water"": 0.0, ""transport"": 0.0}",0.3,0.1,,0.7609191128367243,,,[],,v1.0,0.7,0.3
S3_transport_load,244,244,6999133405379603135,scenario=S3_transport_load|method=both|duration=0|theta=0.300000|delta_threshold=0.100000|A=v1.0|w=na|run_id=244|seed=6999133405379603135,False,"{""step_1_amount"": 0.21626466528225635}",5222c37788a096d3910624247b4a1e76a3afcfe0df2ea7ddd6490cebc16a26a9,0.44666666666666677,0.6757823085916602,0.22911564192499345,12,0.0,0.0,0.44666666666666677,0.6757823085916602,0,1,0.22911564192499345,"{""energy"": 0.6666666666666667, ""water"": 0.2666666666666667, ""transport"": 0.33333333333333337}","{""energy"": 0.8098639428697877, ""water"": 0.36213151746874733, ""transport"": 0.8106575873437365}","{""energy"": 0.14319727620312095, ""water"": 0.09546485080208061, ""transport"": 0.4773242540104031}","{""energy"": 0.0, ""water"": 0.0, ""transport"": 0.0}","{""energy"": 0.0, ""water"": 0.0, ""transport"": 0.0}","{""energy"": 0.0, ""water"": 0.0, ""transport"": 0.0}",0.3,0.1,,0.6757823085916602,,,[],,v1.0,0.7,0.3
S3_transport_load,245,245,12824600195840367309,scenario=S3_transport_load|method=both|duration=0|theta=0.300000|delta_threshold=0.100000|A=v1.0|w=na|run_id=245|seed=12824600195840367309,False,"{""step_1_amount"": 1.121289524062903}",5222c37788a096d3910624247b4a1e76a3afcfe0df2ea7ddd6490cebc16a26a9,0.44666666666666677,0.8204384609817155,0.3737717943150487,29,0.0,1.0,0.44666666666666677,0.8204384609817155,1,1,0.3737717943150487,"{""energy"": 0.6666666666666667, ""water"": 0.2666666666666667, ""transport"": 0.33333333333333337}","{""energy"": 0.9562863238584147, ""water"": 0.4597464381278321, ""transport"": 1.0}","{""energy"": 0.289619657191748, ""water"": 0.1930797714611654, ""transport"": 0.6666666666666666}","{""energy"": 0.0, ""water"": 0.0, ""transport"": 0.0}","{""energy"": 1.0, ""water"": 1.0, ""transport"": 1.0}","{""energy"": 1.0, ""water"": 1.0, ""transport"": 1.0}",0.3,0.1,,0.8204384609817155,,,"[""energy"", ""water""]",1,v1.0,0.7,0.3
S3_transport_load,246,246,18289104259936180197,scenario=S3_transport_load|method=both|duration=0|theta=0.300000|delta_threshold=0.100000|A=v1.0|w=na|run_id=246|seed=18289104259936180197,False,"{""step_1_amount"": 0.18387544001329634}",5222c37788a096d3910624247b4a1e76a3afcfe0df2ea7ddd6490cebc16a26a9,0.44666666666666677,0.7937667537893638,0.347100087122697,10,0.0,0.0,0.44666666666666677,0.7937667537893638,0,1,0.347100087122697,"{""energy"": 0.6666666666666667, ""water"": 0.2666666666666667, ""transport"": 0.33333333333333337}","{""energy"": 0.9118334785378284, ""water"": 0.43011120791410784, ""transport"": 1.0}","{""energy"": 0.24516681187116163, ""water"": 0.16344454124744112, ""transport"": 0.6666666666666666}","{""energy"": 0.0, ""water"": 0.0, ""transport"": 0.0}","{""energy"": 0.0, ""water"": 0.0, ""transport"": 0.0}","{""energy"": 0.0, ""water"": 0.0, ""transport"": 0.0}",0.3,0.1,,0.7937667537893638,,,[],,v1.0,0.7,0.3
S3_transport_load,247,247,16458046247033179232,scenario=S3_transport_load|method=both|duration=0|theta=0.300000|delta_threshold=0.100000|A=v1.0|w=na|run_id=247|seed=16458046247033179232,False,"{""step_1_amount"": 0.46133513693695744}",5222c37788a096d3910624247b4a1e76a3afcfe0df2ea7ddd6490cebc16a26a9,0.44666666666666677,0.78156354591812,0.3348968792514533,21,0.0,0.0,0.44666666666666677,0.78156354591812,0,1,0.3348968792514533,"{""energy"": 0.6666666666666667, ""water"": 0.2666666666666667, ""transport"": 0.33333333333333337}","{""energy"": 0.8914947987524223, ""water"": 0.4165520880571705, ""transport"": 1.0}","{""energy"": 0.22482813208575558, ""water"": 0.14988542139050376, ""transport"": 0.6666666666666666}","{""energy"": 0.0, ""water"": 0.0, ""transport"": 0.0}","{""energy"": 0.0, ""water"": 0.0, ""transport"": 0.0}","{""energy"": 0.0, ""water"": 0.0, ""transport"": 0.0}",0.3,0.1,,0.78156354591812,,,[],,v1.0,0.7,0.3
S3_transport_load,248,248,3357539639399280280,scenario=S3_transport_load|method=both|duration=0|theta=0.300000|delta_threshold=0.100000|A=v1.0|w=na|run_id=248|seed=3357539639399280280,False,"{""step_1_amount"": 0.3569119718417911}",5222c37788a096d3910624247b4a1e76a3afcfe0df2ea7ddd6490cebc16a26a9,0.44666666666666677,0.7621436978443727,0.315477031177706,6,0.0,0.0,0.44666666666666677,0.7621436978443727,0,1,0.315477031177706,"{""energy"": 0.6666666666666667, ""water"": 0.2666666666666667, ""transport"": 0.33333333333333337}","{""energy"": 0.863839811152733, ""water"": 0.39811542965737756, ""transport"": 0.9905771482868877}","{""energy"": 0.19717314448606627, ""water"": 0.13144876299071084, ""transport"": 0.6572438149535543}","{""energy"": 0.0, ""water"": 0.0, ""transport"": 0.0}","{""energy"": 0.0, ""water"": 0.0, ""transport"": 0.0}","{""energy"": 0.0, ""water"": 0.0, ""transport"": 0.0}",0.3,0.1,,0.7621436978443727,,,[],,v1.0,0.7,0.3
S3_transport_load,249,249,1558043172267000861,scenario=S3_transport_load|method=both|duration=0|theta=0.300000|delta_threshold=0.100000|A=v1.0|w=na|run_id=249|seed=1558043172267000861,False,"{""step_1_amount"": 0.19618884223048846}",5222c37788a096d3910624247b4a1e76a3afcfe0df2ea7ddd6490cebc16a26a9,0.44666666666666677,0.6602078820471627,0.21354121538049597,26,0.0,0.0,0.44666666666666677,0.6602078820471627,0,1,0.21354121538049597,"{""energy"": 0.6666666666666667, ""water"": 0.2666666666666667, ""transport"": 0.33333333333333337}","{""energy"": 0.8001299262794768, ""water"": 0.35564217307520674, ""transport"": 0.7782108653760333}","{""energy"": 0.13346325961281003, ""water"": 0.08897550640854002, ""transport"": 0.4448775320427}","{""energy"": 0.0, ""water"": 0.0, ""transport"": 0.0}","{""energy"": 0.0, ""water"": 0.0, ""transport"": 0.0}","{""energy"": 0.0, ""water"": 0.0, ""transport"": 0.0}",0.3,0.1,,0.6602078820471627,,,[],,v1.0,0.7,0.3
S3_transport_load,250,250,3258968994162788307,scenario=S3_transport_load|method=both|duration=0|theta=0.300000|delta_threshold=0.100000|A=v1.0|w=na|run_id=250|seed=3258968994162788307,False,"{""step_1_amount"": 0.3377330135651131}",5222c37788a096d3910624247b4a1e76a3afcfe0df2ea7ddd6490cebc16a26a9,0.44666666666666677,0.8005218946471682,0.3538552279805014,9,0.0,0.0,0.44666666666666677,0.8005218946471682,0,1,0.3538552279805014,"{""energy"": 0.6666666666666667, ""water"": 0.2666666666666667, ""transport"": 0.33333333333333337}","{""energy"": 0.878384302920895, ""water"": 0.4972272449293669, ""transport"": 1.0}","{""energy"": 0.21171763625422824, ""water"": 0.23056057826270016, ""transport"": 0.6666666666666666}","{""energy"": 0.0, ""water"": 0.0, ""transport"": 0.0}","{""energy"": 0.0, ""water"": 0.0, ""transport"": 0.0}","{""energy"": 0.0, ""water"": 0.0, ""transport"": 0.0}",0.3,0.1,,0.8005218946471682,,,[],,v1.0,0.7,0.3
S3_transport_load,251,251,18108953127618740562,scenario=S3_transport_load|method=both|duration=0|theta=0.300000|delta_threshold=0.100000|A=v1.0|w=na|run_id=251|seed=18108953127618740562,False,"{""step_1_amount"": 0.5796870718633959}",5222c37788a096d3910624247b4a1e76a3afcfe0df2ea7ddd6490cebc16a26a9,0.44666666666666677,0.7950433209731289,0.34837665430646214,18,0.0,0.0,0.44666666666666677,0.7950433209731289,0,1,0.34837665430646214,"{""energy"": 0.6666666666666667, ""water"": 0.2666666666666667, ""transport"": 0.33333333333333337}","{""energy"": 0.9139610905107703, ""water"": 0.4315296158960691, ""transport"": 1.0}","{""energy"": 0.2472944238441036, ""water"": 0.16486294922940237, ""transport"": 0.6666666666666666}","{""energy"": 0.0, ""water"": 0.0, ""transport"": 0.0}","{""energy"": 0.0, ""water"": 0.0, ""transport"": 0.0}","{""energy"": 0.0, ""water"": 0.0, ""transport"": 0.0}",0.3,0.1,,0.7950433209731289,,,[],,v1.0,0.7,0.3
S3_transport_load,252,252,7182581504600137163,scenario=S3_transport_load|method=both|duration=0|theta=0.300000|delta_threshold=0.100000|A=v1.0|w=na|run_id=252|seed=7182581504600137163,False,"{""step_1_amount"": 1.187609987804044}",5222c37788a096d3910624247b4a1e76a3afcfe0df2ea7ddd6490cebc16a26a9,0.44666666666666677,0.8215621442861782,0.3748954776195115,14,0.0,1.0,0.44666666666666677,0.8215621442861782,1,1,0.3748954776195115,"{""energy"": 0.6666666666666667, ""water"": 0.2666666666666667, ""transport"": 0.33333333333333337}","{""energy"": 0.9581591293658527, ""water"": 0.46099497513279064, ""transport"": 1.0}","{""energy"": 0.29149246269918594, ""water"": 0.19432830846612392, ""transport"": 0.6666666666666666}","{""energy"": 0.0, ""water"": 0.0, ""transport"": 0.0}","{""energy"": 1.0, ""water"": 1.0, ""transport"": 1.0}","{""energy"": 1.0, ""water"": 1.0, ""transport"": 1.0}",0.3,0.1,,0.8215621442861782,,,"[""energy"", ""water""]",1,v1.0,0.7,0.3
S3_transport_load,253,253,11634170775269880699,scenario=S3_transport_load|method=both|duration=0|theta=0.300000|delta_threshold=0.100000|A=v1.0|w=na|run_id=253|seed=11634170775269880699,False,"{""step_1_amount"": 0.4718329608956691}",5222c37788a096d3910624247b4a1e76a3afcfe0df2ea7ddd6490cebc16a26a9,0.44666666666666677,0.7829618652438257,0.33629519857715895,22,0.0,0.0,0.44666666666666677,0.7829618652438257,0,1,0.33629519857715895,"{""energy"": 0.6666666666666667, ""water"": 0.2666666666666667, ""transport"": 0.33333333333333337}","{""energy"": 0.8938253309619316, ""water"": 0.4181057761968433, ""transport"": 1.0}","{""energy"": 0.22715866429526488, ""water"": 0.15143910953017659, ""transport"": 0.6666666666666666}","{""energy"": 0.0, ""water"": 0.0, ""transport"": 0.0}","{""energy"": 0.0, ""water"": 0.0, ""transport"": 0.0}","{""energy"": 0.0, ""water"": 0.0, ""transport"": 0.0}",0.3,0.1,,0.7829618652438257,,,[],,v1.0,0.7,0.3
S3_transport_load,254,254,4943299953193462476,scenario=S3_transport_load|method=both|duration=0|theta=0.300000|delta_threshold=0.100000|A=v1.0|w=na|run_id=254|seed=4943299953193462476,False,"{""step_1_amount"": 0.2695663975238455}",5222c37788a096d3910624247b4a1e76a3afcfe0df2ea7ddd6490cebc16a26a9,0.44666666666666677,0.7128568502684252,0.2661901836017584,13,0.0,0.0,0.44666666666666677,0.7128568502684252,0,1,0.2661901836017584,"{""energy"": 0.6666666666666667, ""water"": 0.2666666666666667, ""transport"": 0.33333333333333337}","{""energy"": 0.8330355314177658, ""water"": 0.37757924316739944, ""transport"": 0.8878962158369968}","{""energy"": 0.16636886475109902, ""water"": 0.11091257650073272, ""transport"": 0.5545628825036635}","{""energy"": 0.0, ""water"": 0.0, ""transport"": 0.0}","{""energy"": 0.0, ""water"": 0.0, ""transport"": 0.0}","{""energy"": 0.0, ""water"": 0.0, ""transport"": 0.0}",0.3,0.1,,0.7128568502684252,,,[],,v1.0,0.7,0.3
S3_transport_load,255,255,15722157948271724482,scenario=S3_transport_load|method=both|duration=0|theta=0.300000|delta_threshold=0.100000|A=v1.0|w=na|run_id=255|seed=15722157948271724482,False,"{""step_1_amount"": 0.3893206871345465}",5222c37788a096d3910624247b4a1e76a3afcfe0df2ea7ddd6490cebc16a26a9,0.44666666666666677,0.770686649559372,0.3240199828927053,26,0.0,0.0,0.44666666666666677,0.770686649559372,0,1,0.3240199828927053,"{""energy"": 0.6666666666666667, ""water"": 0.2666666666666667, ""transport"": 0.33333333333333337}","{""energy"": 0.8733666381545089, ""water"": 0.40446664765856144, ""transport"": 1.0}","{""energy"": 0.20669997148784214, ""water"": 0.13779998099189472, ""transport"": 0.6666666666666666}","{""energy"": 0.0, ""water"": 0.0, ""transport"": 0.0}","{""energy"": 0.0, ""water"": 0.0, ""transport"": 0.0}","{""energy"": 0.0, ""water"": 0.0, ""transport"": 0.0}",0.3,0.1,,0.770686649559372,,,[],,v1.0,0.7,0.3
S3_transport_load,256,256,17142297683479822592,scenario=S3_transport_load|method=both|duration=0|theta=0.300000|delta_threshold=0.100000|A=v1.0|w=na|run_id=256|seed=17142297683479822592,False,"{""step_1_amount"": 0.49548621667286513}",5222c37788a096d3910624247b4a1e76a3afcfe0df2ea7ddd6490cebc16a26a9,0.44666666666666677,0.8260425141329422,0.3793758474662754,21,0.0,0.0,0.44666666666666677,0.8260425141329422,0,1,0.3793758474662754,"{""energy"": 0.6666666666666667, ""water"": 0.2666666666666667, ""transport"": 0.33333333333333337}","{""energy"": 0.9199133465785291, ""water"": 0.5269239183384347, ""transport"": 1.0}","{""energy"": 0.25324667991186234, ""water"": 0.26025725167176794, ""transport"": 0.6666666666666666}","{""energy"": 0.0, ""water"": 0.0, ""transport"": 0.0}","{""energy"": 0.0, ""water"": 0.0, ""transport"": 0.0}","{""energy"": 0.0, ""water"": 0.0, ""transport"": 0.0}",0.3,0.1,,0.8260425141329422,,,[],,v1.0,0.7,0.3
S3_transport_load,257,257,15334055607752562493,scenario=S3_transport_load|method=both|duration=0|theta=0.300000|delta_threshold=0.100000|A=v1.0|w=na|run_id=257|seed=15334055607752562493,False,"{""step_1_amount"": 0.28094744487520246}",5222c37788a096d3910624247b4a1e76a3afcfe0df2ea7ddd6490cebc16a26a9,0.44666666666666677,0.7200337706973441,0.2733671040306773,12,0.0,0.0,0.44666666666666677,0.7200337706973441,0,1,0.2733671040306773,"{""energy"": 0.6666666666666667, ""water"": 0.2666666666666667, ""transport"": 0.33333333333333337}","{""energy"": 0.8375211066858401, ""water"": 0.38056962667944894, ""transport"": 0.9028481333972445}","{""energy"": 0.17085444001917338, ""water"": 0.11390296001278222, ""transport"": 0.5695148000639111}","{""energy"": 0.0, ""water"": 0.0, ""transport"": 0.0}","{""energy"": 0.0, ""water"": 0.0, ""transport"": 0.0}","{""energy"": 0.0, ""water"": 0.0, ""transport"": 0.0}",0.3,0.1,,0.7200337706973441,,,[],,v1.0,0.7,0.3
S3_transport_load,258,258,9629940962739973934,scenario=S3_transport_load|method=both|duration=0|theta=0.300000|delta_threshold=0.100000|A=v1.0|w=na|run_id=258|seed=9629940962739973934,False,"{""step_1_amount"": 0.49990219115070395}",5222c37788a096d3910624247b4a1e76a3afcfe0df2ea7ddd6490cebc16a26a9,0.44666666666666677,0.7864914510843151,0.3398247844176483,27,0.0,0.0,0.44666666666666677,0.7864914510843151,0,1,0.3398247844176483,"{""energy"": 0.6666666666666667, ""water"": 0.2666666666666667, ""transport"": 0.33333333333333337}","{""energy"": 0.899707974029414, ""water"": 0.4220275382418316, ""transport"": 1.0}","{""energy"": 0.2330413073627473, ""water"": 0.15536087157516487, ""transport"": 0.6666666666666666}","{""energy"": 0.0, ""water"": 0.0, ""transport"": 0.0}","{""energy"": 0.0, ""water"": 0.0, ""transport"": 0.0}","{""energy"": 0.0, ""water"": 0.0, ""transport"": 0.0}",0.3,0.1,,0.7864914510843151,,,[],,v1.0,0.7,0.3
S3_transport_load,259,259,2107869322124940117,scenario=S3_transport_load|method=both|duration=0|theta=0.300000|delta_threshold=0.100000|A=v1.0|w=na|run_id=259|seed=2107869322124940117,False,"{""step_1_amount"": 0.07506481602363027}",5222c37788a096d3910624247b4a1e76a3afcfe0df2ea7ddd6490cebc16a26a9,0.44666666666666677,0.5434534039723866,0.09678673730571985,24,0.0,0.0,0.44666666666666677,0.5434534039723866,0,0,0.09678673730571985,"{""energy"": 0.6666666666666667, ""water"": 0.2666666666666667, ""transport"": 0.33333333333333337}","{""energy"": 0.7271583774827417, ""water"": 0.3069944738773833, ""transport"": 0.5349723693869164}","{""energy"": 0.06049171081607496, ""water"": 0.040327807210716604, ""transport"": 0.20163903605358302}","{""energy"": 0.0, ""water"": 0.0, ""transport"": 0.0}","{""energy"": 0.0, ""water"": 0.0, ""transport"": 0.0}","{""energy"": 0.0, ""water"": 0.0, ""transport"": 0.0}",0.3,0.1,,0.5434534039723866,,,[],,v1.0,0.7,0.3
S3_transport_load,260,260,14346793859672090018,scenario=S3_transport_load|method=both|duration=0|theta=0.300000|delta_threshold=0.100000|A=v1.0|w=na|run_id=260|seed=14346793859672090018,False,"{""step_1_amount"": 0.42361531108487904}",5222c37788a096d3910624247b4a1e76a3afcfe0df2ea7ddd6490cebc16a26a9,0.44666666666666677,0.7761597183194675,0.32949305165280074,24,0.0,0.0,0.44666666666666677,0.7761597183194675,0,1,0.32949305165280074,"{""energy"": 0.6666666666666667, ""water"": 0.2666666666666667, ""transport"": 0.33333333333333337}","{""energy"": 0.8824884194213346, ""water"": 0.41054783516977866, ""transport"": 1.0}","{""energy"": 0.21582175275466786, ""water"": 0.14388116850311194, ""transport"": 0.6666666666666666}","{""energy"": 0.0, ""water"": 0.0, ""transport"": 0.0}","{""energy"": 0.0, ""water"": 0.0, ""transport"": 0.0}","{""energy"": 0.0, ""water"": 0.0, ""transport"": 0.0}",0.3,0.1,,0.7761597183194675,,,[],,v1.0,0.7,0.3
S3_transport_load,261,261,5076072000121332044,scenario=S3_transport_load|method=both|duration=0|theta=0.300000|delta_threshold=0.100000|A=v1.0|w=na|run_id=261|seed=5076072000121332044,False,"{""step_1_amount"": 0.1846517024530966}",5222c37788a096d3910624247b4a1e76a3afcfe0df2ea7ddd6490cebc16a26a9,0.44666666666666677,0.7229283058664361,0.2762616391997693,22,0.0,0.0,0.44666666666666677,0.7229283058664361,0,1,0.2762616391997693,"{""energy"": 0.6666666666666667, ""water"": 0.2666666666666667, ""transport"": 0.33333333333333337}","{""energy"": 0.8249476645427486, ""water"": 0.5051458002616096, ""transport"": 0.8046849999028458}","{""energy"": 0.15828099787608185, ""water"": 0.23847913359494288, ""transport"": 0.47135166656951244}","{""energy"": 0.0, ""water"": 0.0, ""transport"": 0.0}","{""energy"": 0.0, ""water"": 0.0, ""transport"": 0.0}","{""energy"": 0.0, ""water"": 0.0, ""transport"": 0.0}",0.3,0.1,,0.7229283058664361,,,[],,v1.0,0.7,0.3
S3_transport_load,262,262,8789871680984754429,scenario=S3_transport_load|method=both|duration=0|theta=0.300000|delta_threshold=0.100000|A=v1.0|w=na|run_id=262|seed=8789871680984754429,False,"{""step_1_amount"": 0.3984396411940887}",5222c37788a096d3910624247b4a1e76a3afcfe0df2ea7ddd6490cebc16a26a9,0.44666666666666677,0.7721973292294955,0.3255306625628287,29,0.0,0.0,0.44666666666666677,0.7721973292294955,0,1,0.3255306625628287,"{""energy"": 0.6666666666666667, ""water"": 0.2666666666666667, ""transport"": 0.33333333333333337}","{""energy"": 0.8758844376047148, ""water"": 0.4061451806253654, ""transport"": 1.0}","{""energy"": 0.20921777093804805, ""water"": 0.1394785139586987, ""transport"": 0.6666666666666666}","{""energy"": 0.0, ""water"": 0.0, ""transport"": 0.0}","{""energy"": 0.0, ""water"": 0.0, ""transport"": 0.0}","{""energy"": 0.0, ""water"": 0.0, ""transport"": 0.0}",0.3,0.1,,0.7721973292294955,,,[],,v1.0,0.7,0.3
S3_transport_load,263,263,17946666361133411100,scenario=S3_transport_load|method=both|duration=0|theta=0.300000|delta_threshold=0.100000|A=v1.0|w=na|run_id=263|seed=17946666361133411100,False,"{""step_1_amount"": 0.46478943005916606}",5222c37788a096d3910624247b4a1e76a3afcfe0df2ea7ddd6490cebc16a26a9,0.44666666666666677,0.8444825990226612,0.39781593235599444,14,0.0,1.0,0.44666666666666677,0.8444825990226612,1,1,0.39781593235599444,"{""energy"": 0.6666666666666667, ""water"": 0.2666666666666667, ""transport"": 0.33333333333333337}","{""energy"": 0.9607545770950504, ""water"": 0.5339358939488033, ""transport"": 1.0}","{""energy"": 0.29408791042838367, ""water"": 0.26726922728213653, ""transport"": 0.6666666666666666}","{""energy"": 0.0, ""water"": 0.0, ""transport"": 0.0}","{""energy"": 1.0, ""water"": 1.0, ""transport"": 1.0}","{""energy"": 1.0, ""water"": 1.0, ""transport"": 1.0}",0.3,0.1,,0.8444825990226612,,,"[""energy"", ""water""]",2,v1.0,0.7,0.3
S3_transport_load,264,264,15051312173309016794,scenario=S3_transport_load|method=both|duration=0|theta=0.300000|delta_threshold=0.100000|A=v1.0|w=na|run_id=264|seed=15051312173309016794,False,"{""step_1_amount"": 0.4977067323282077}",5222c37788a096d3910624247b4a1e76a3afcfe0df2ea7ddd6490cebc16a26a9,0.44666666666666677,0.786225968666022,0.33955930199935525,27,0.0,0.0,0.44666666666666677,0.786225968666022,0,1,0.33955930199935525,"{""energy"": 0.6666666666666667, ""water"": 0.2666666666666667, ""transport"": 0.33333333333333337}","{""energy"": 0.8992655033322589, ""water"": 0.4217325577770615, ""transport"": 1.0}","{""energy"": 0.2325988366655921, ""water"": 0.15506589111039476, ""transport"": 0.6666666666666666}","{""energy"": 0.0, ""water"": 0.0, ""transport"": 0.0}","{""energy"": 0.0, ""water"": 0.0, ""transport"": 0.0}","{""energy"": 0.0, ""water"": 0.0, ""transport"": 0.0}",0.3,0.1,,0.786225968666022,,,[],,v1.0,0.7,0.3
S3_transport_load,265,265,11406656086723806338,scenario=S3_transport_load|method=both|duration=0|theta=0.300000|delta_threshold=0.100000|A=v1.0|w=na|run_id=265|seed=11406656086723806338,False,"{""step_1_amount"": 0.5769648264493935}",5222c37788a096d3910624247b4a1e76a3afcfe0df2ea7ddd6490cebc16a26a9,0.44666666666666677,0.7947840040044336,0.34811733733776684,10,0.0,0.0,0.44666666666666677,0.7947840040044336,0,1,0.34811733733776684,"{""energy"": 0.6666666666666667, ""water"": 0.2666666666666667, ""transport"": 0.33333333333333337}","{""energy"": 0.9135288955629448, ""water"": 0.4312414859308521, ""transport"": 1.0}","{""energy"": 0.24686222889627807, ""water"": 0.16457481926418538, ""transport"": 0.6666666666666666}","{""energy"": 0.0, ""water"": 0.0, ""transport"": 0.0}","{""energy"": 0.0, ""water"": 0.0, ""transport"": 0.0}","{""energy"": 0.0, ""water"": 0.0, ""transport"": 0.0}",0.3,0.1,,0.7947840040044336,,,[],,v1.0,0.7,0.3
S3_transport_load,266,266,4557511720674173068,scenario=S3_transport_load|method=both|duration=0|theta=0.300000|delta_threshold=0.100000|A=v1.0|w=na|run_id=266|seed=4557511720674173068,False,"{""step_1_amount"": 0.4281502693650612}",5222c37788a096d3910624247b4a1e76a3afcfe0df2ea7ddd6490cebc16a26a9,0.44666666666666677,0.7768422059240545,0.33017553925738774,30,0.0,0.0,0.44666666666666677,0.7768422059240545,0,1,0.33017553925738774,"{""energy"": 0.6666666666666667, ""water"": 0.2666666666666667, ""transport"": 0.33333333333333337}","{""energy"": 0.8836258987623129, ""water"": 0.4113061547304308, ""transport"": 1.0}","{""energy"": 0.21695923209564616, ""water"": 0.1446394880637641, ""transport"": 0.6666666666666666}","{""energy"": 0.0, ""water"": 0.0, ""transport"": 0.0}","{""energy"": 0.0, ""water"": 0.0, ""transport"": 0.0}","{""energy"": 0.0, ""water"": 0.0, ""transport"": 0.0}",0.3,0.1,,0.7768422059240545,,,[],,v1.0,0.7,0.3
S3_transport_load,267,267,142874700496605348,scenario=S3_transport_load|method=both|duration=0|theta=0.300000|delta_threshold=0.100000|A=v1.0|w=na|run_id=267|seed=142874700496605348,False,"{""step_1_amount"": 0.19145681155039831}",5222c37788a096d3910624247b4a1e76a3afcfe0df2ea7ddd6490cebc16a26a9,0.44666666666666677,0.7898361492476488,0.343169482580982,30,0.0,0.0,0.44666666666666677,0.7898361492476488,0,1,0.343169482580982,"{""energy"": 0.6666666666666667, ""water"": 0.2666666666666667, ""transport"": 0.33333333333333337}","{""energy"": 0.9052824709683035, ""water"": 0.42574386953442456, ""transport"": 1.0}","{""energy"": 0.23861580430163676, ""water"": 0.15907720286775784, ""transport"": 0.6666666666666666}","{""energy"": 0.0, ""water"": 0.0, ""transport"": 0.0}","{""energy"": 0.0, ""water"": 0.0, ""transport"": 0.0}","{""energy"": 0.0, ""water"": 0.0, ""transport"": 0.0}",0.3,0.1,,0.7898361492476488,,,[],,v1.0,0.7,0.3
S3_transport_load,268,268,14728645698349157162,scenario=S3_transport_load|method=both|duration=0|theta=0.300000|delta_threshold=0.100000|A=v1.0|w=na|run_id=268|seed=14728645698349157162,False,"{""step_1_amount"": 0.13281616884042904}",5222c37788a096d3910624247b4a1e76a3afcfe0df2ea7ddd6490cebc16a26a9,0.44666666666666677,0.6044134584493676,0.1577467917827008,22,0.0,0.0,0.44666666666666677,0.6044134584493676,0,0,0.1577467917827008,"{""energy"": 0.6666666666666667, ""water"": 0.2666666666666667, ""transport"": 0.33333333333333337}","{""energy"": 0.7652584115308547, ""water"": 0.3323944965761254, ""transport"": 0.6619724828806268}","{""energy"": 0.09859174486418798, ""water"": 0.06572782990945869, ""transport"": 0.32863914954729345}","{""energy"": 0.0, ""water"": 0.0, ""transport"": 0.0}","{""energy"": 0.0, ""water"": 0.0, ""transport"": 0.0}","{""energy"": 0.0, ""water"": 0.0, ""transport"": 0.0}",0.3,0.1,,0.6044134584493676,,,[],,v1.0,0.7,0.3
S3_transport_load,269,269,7843578312274110778,scenario=S3_transport_load|method=both|duration=0|theta=0.300000|delta_threshold=0.100000|A=v1.0|w=na|run_id=269|seed=7843578312274110778,False,"{""step_1_amount"": 0.525090816890033}",5222c37788a096d3910624247b4a1e76a3afcfe0df2ea7ddd6490cebc16a26a9,0.44666666666666677,0.7894154576736914,0.3427487910070246,30,0.0,0.0,0.44666666666666677,0.7894154576736914,0,1,0.3427487910070246,"{""energy"": 0.6666666666666667, ""water"": 0.2666666666666667, ""transport"": 0.33333333333333337}","{""energy"": 0.9045813183450413, ""water"": 0.42527643445224983, ""transport"": 1.0}","{""energy"": 0.23791465167837456, ""water"": 0.1586097677855831, ""transport"": 0.6666666666666666}","{""energy"": 0.0, ""water"": 0.0, ""transport"": 0.0}","{""energy"": 0.0, ""water"": 0.0, ""transport"": 0.0}","{""energy"": 0.0, ""water"": 0.0, ""transport"": 0.0}",0.3,0.1,,0.7894154576736914,,,[],,v1.0,0.7,0.3
S3_transport_load,270,270,7796781368398396758,scenario=S3_transport_load|method=both|duration=0|theta=0.300000|delta_threshold=0.100000|A=v1.0|w=na|run_id=270|seed=7796781368398396758,False,"{""step_1_amount"": 0.45272981093165576}",5222c37788a096d3910624247b4a1e76a3afcfe0df2ea7ddd6490cebc16a26a9,0.44666666666666677,0.7803840047496764,0.33371733808300963,8,0.0,0.0,0.44666666666666677,0.7803840047496764,0,1,0.33371733808300963,"{""energy"": 0.6666666666666667, ""water"": 0.2666666666666667, ""transport"": 0.33333333333333337}","{""energy"": 0.8895288968050161, ""water"": 0.4152414867588996, ""transport"": 1.0}","{""energy"": 0.22286223013834938, ""water"": 0.14857482009223288, ""transport"": 0.6666666666666666}","{""energy"": 0.0, ""water"": 0.0, ""transport"": 0.0}","{""energy"": 0.0, ""water"": 0.0, ""transport"": 0.0}","{""energy"": 0.0, ""water"": 0.0, ""transport"": 0.0}",0.3,0.1,,0.7803840047496764,,,[],,v1.0,0.7,0.3
S3_transport_load,271,271,3974648786170778565,scenario=S3_transport_load|method=both|duration=0|theta=0.300000|delta_threshold=0.100000|A=v1.0|w=na|run_id=271|seed=3974648786170778565,False,"{""step_1_amount"": 0.22951577793270117}",5222c37788a096d3910624247b4a1e76a3afcfe0df2ea7ddd6490cebc16a26a9,0.44666666666666677,0.6855601604874297,0.23889349382076297,18,0.0,0.0,0.44666666666666677,0.6855601604874297,0,1,0.23889349382076297,"{""energy"": 0.6666666666666667, ""water"": 0.2666666666666667, ""transport"": 0.33333333333333337}","{""energy"": 0.8159751003046436, ""water"": 0.36620562242531796, ""transport"": 0.8310281121265896}","{""energy"": 0.14930843363797686, ""water"": 0.09953895575865124, ""transport"": 0.4976947787932562}","{""energy"": 0.0, ""water"": 0.0, ""transport"": 0.0}","{""energy"": 0.0, ""water"": 0.0, ""transport"": 0.0}","{""energy"": 0.0, ""water"": 0.0, ""transport"": 0.0}",0.3,0.1,,0.6855601604874297,,,[],,v1.0,0.7,0.3
S3_transport_load,272,272,5817076045857366616,scenario=S3_transport_load|method=both|duration=0|theta=0.300000|delta_threshold=0.100000|A=v1.0|w=na|run_id=272|seed=5817076045857366616,False,"{""step_1_amount"": 0.5100585962804581}",5222c37788a096d3910624247b4a1e76a3afcfe0df2ea7ddd6490cebc16a26a9,0.44666666666666677,0.8746161208143819,0.4279494541477151,10,0.0,1.0,0.44666666666666677,0.8746161208143819,1,1,0.4279494541477151,"{""energy"": 0.6666666666666667, ""water"": 0.2666666666666667, ""transport"": 0.33333333333333337}","{""energy"": 0.9772528194073623, ""water"": 0.6123833101714565, ""transport"": 1.0}","{""energy"": 0.31058615274069556, ""water"": 0.3457166435047898, ""transport"": 0.6666666666666666}","{""energy"": 0.0, ""water"": 0.0, ""transport"": 0.0}","{""energy"": 1.0, ""water"": 1.0, ""transport"": 1.0}","{""energy"": 1.0, ""water"": 1.0, ""transport"": 1.0}",0.3,0.1,,0.8746161208143819,,,"[""energy"", ""water""]",2,v1.0,0.7,0.3
S3_transport_load,273,273,5308037151396722009,scenario=S3_transport_load|method=both|duration=0|theta=0.300000|delta_threshold=0.100000|A=v1.0|w=na|run_id=273|seed=5308037151396722009,False,"{""step_1_amount"": 0.3745769001252572}",5222c37788a096d3910624247b4a1e76a3afcfe0df2ea7ddd6490cebc16a26a9,0.44666666666666677,0.7681550008103559,0.32148833414368916,5,0.0,0.0,0.44666666666666677,0.7681550008103559,0,1,0.32148833414368916,"{""energy"": 0.6666666666666667, ""water"": 0.2666666666666667, ""transport"": 0.33333333333333337}","{""energy"": 0.8691472235728154, ""water"": 0.4016537046040992, ""transport"": 1.0}","{""energy"": 0.20248055690614863, ""water"": 0.1349870379374325, ""transport"": 0.6666666666666666}","{""energy"": 0.0, ""water"": 0.0, ""transport"": 0.0}","{""energy"": 0.0, ""water"": 0.0, ""transport"": 0.0}","{""energy"": 0.0, ""water"": 0.0, ""transport"": 0.0}",0.3,0.1,,0.7681550008103559,,,[],,v1.0,0.7,0.3
S3_transport_load,274,274,12587586092312954796,scenario=S3_transport_load|method=both|duration=0|theta=0.300000|delta_threshold=0.100000|A=v1.0|w=na|run_id=274|seed=12587586092312954796,False,"{""step_1_amount"": 0.3841664442797035}",5222c37788a096d3910624247b4a1e76a3afcfe0df2ea7ddd6490cebc16a26a9,0.44666666666666677,0.8026320690464492,0.35596540237978247,13,0.0,0.0,0.44666666666666677,0.8026320690464492,0,1,0.35596540237978247,"{""energy"": 0.6666666666666667, ""water"": 0.2666666666666667, ""transport"": 0.33333333333333337}","{""energy"": 0.8891852537127372, ""water"": 0.4898598918711811, ""transport"": 1.0}","{""energy"": 0.22251858704607042, ""water"": 0.2231932252045144, ""transport"": 0.6666666666666666}","{""energy"": 0.0, ""water"": 0.0, ""transport"": 0.0}","{""energy"": 0.0, ""water"": 0.0, ""transport"": 0.0}","{""energy"": 0.0, ""water"": 0.0, ""transport"": 0.0}",0.3,0.1,,0.8026320690464492,,,[],,v1.0,0.7,0.3
S3_transport_load,275,275,14813775628189517216,scenario=S3_transport_load|method=both|duration=0|theta=0.300000|delta_threshold=0.100000|A=v1.0|w=na|run_id=275|seed=14813775628189517216,False,"{""step_1_amount"": 0.4991131358883892}",5222c37788a096d3910624247b4a1e76a3afcfe0df2ea7ddd6490cebc16a26a9,0.44666666666666677,0.7863962370392674,0.33972957037260065,29,0.0,0.0,0.44666666666666677,0.7863962370392674,0,1,0.33972957037260065,"{""energy"": 0.6666666666666667, ""water"": 0.2666666666666667, ""transport"": 0.33333333333333337}","{""energy"": 0.8995492839543345, ""water"": 0.42192174485844525, ""transport"": 1.0}","{""energy"": 0.2328826172876678, ""water"": 0.15525507819177853, ""transport"": 0.6666666666666666}","{""energy"": 0.0, ""water"": 0.0, ""transport"": 0.0}","{""energy"": 0.0, ""water"": 0.0, ""transport"": 0.0}","{""energy"": 0.0, ""water"": 0.0, ""transport"": 0.0}",0.3,0.1,,0.7863962370392674,,,[],,v1.0,0.7,0.3
S3_transport_load,276,276,15782508554116207099,scenario=S3_transport_load|method=both|duration=0|theta=0.300000|delta_threshold=0.100000|A=v1.0|w=na|run_id=276|seed=15782508554116207099,False,"{""step_1_amount"": 0.5578567347092928}",5222c37788a096d3910624247b4a1e76a3afcfe0df2ea7ddd6490cebc16a26a9,0.44666666666666677,0.792902953628267,0.34623628696160025,28,0.0,0.0,0.44666666666666677,0.792902953628267,0,1,0.34623628696160025,"{""energy"": 0.6666666666666667, ""water"": 0.2666666666666667, ""transport"": 0.33333333333333337}","{""energy"": 0.9103938116026671, ""water"": 0.4291514299573336, ""transport"": 1.0}","{""energy"": 0.24372714493600034, ""water"": 0.16248476329066686, ""transport"": 0.6666666666666666}","{""energy"": 0.0, ""water"": 0.0, ""transport"": 0.0}","{""energy"": 0.0, ""water"": 0.0, ""transport"": 0.0}","{""energy"": 0.0, ""water"": 0.0, ""transport"": 0.0}",0.3,0.1,,0.792902953628267,,,[],,v1.0,0.7,0.3
S3_transport_load,277,277,9937461684401905662,scenario=S3_transport_load|method=both|duration=0|theta=0.300000|delta_threshold=0.100000|A=v1.0|w=na|run_id=277|seed=9937461684401905662,False,"{""step_1_amount"": 0.32345910678181305}",5222c37788a096d3910624247b4a1e76a3afcfe0df2ea7ddd6490cebc16a26a9,0.44666666666666677,0.7447754525525725,0.2981087858859057,24,0.0,0.0,0.44666666666666677,0.7447754525525725,0,1,0.2981087858859057,"{""energy"": 0.6666666666666667, ""water"": 0.2666666666666667, ""transport"": 0.33333333333333337}","{""energy"": 0.8529846578453578, ""water"": 0.39087866078579414, ""transport"": 0.9543933039289704}","{""energy"": 0.18631799117869108, ""water"": 0.12421199411912742, ""transport"": 0.621059970595637}","{""energy"": 0.0, ""water"": 0.0, ""transport"": 0.0}","{""energy"": 0.0, ""water"": 0.0, ""transport"": 0.0}","{""energy"": 0.0, ""water"": 0.0, ""transport"": 0.0}",0.3,0.1,,0.7447754525525725,,,[],,v1.0,0.7,0.3
S3_transport_load,278,278,11311188448476524757,scenario=S3_transport_load|method=both|duration=0|theta=0.300000|delta_threshold=0.100000|A=v1.0|w=na|run_id=278|seed=11311188448476524757,False,"{""step_1_amount"": 0.08956697518684724}",5222c37788a096d3910624247b4a1e76a3afcfe0df2ea7ddd6490cebc16a26a9,0.44666666666666677,0.5597681903898339,0.11310152372316717,20,0.0,0.0,0.44666666666666677,0.5597681903898339,0,0,0.11310152372316717,"{""energy"": 0.6666666666666667, ""water"": 0.2666666666666667, ""transport"": 0.33333333333333337}","{""energy"": 0.7373551189936463, ""water"": 0.3137923015513197, ""transport"": 0.5689615077565984}","{""energy"": 0.07068845232697951, ""water"": 0.04712563488465299, ""transport"": 0.235628174423265}","{""energy"": 0.0, ""water"": 0.0, ""transport"": 0.0}","{""energy"": 0.0, ""water"": 0.0, ""transport"": 0.0}","{""energy"": 0.0, ""water"": 0.0, ""transport"": 0.0}",0.3,0.1,,0.5597681903898339,,,[],,v1.0,0.7,0.3
S3_transport_load,279,279,17420220175893220338,scenario=S3_transport_load|method=both|duration=0|theta=0.300000|delta_threshold=0.100000|A=v1.0|w=na|run_id=279|seed=17420220175893220338,False,"{""step_1_amount"": 0.2853020234699235}",5222c37788a096d3910624247b4a1e76a3afcfe0df2ea7ddd6490cebc16a26a9,0.44666666666666677,0.7227156126762166,0.2760489460095499,18,0.0,0.0,0.44666666666666677,0.7227156126762166,0,1,0.2760489460095499,"{""energy"": 0.6666666666666667, ""water"": 0.2666666666666667, ""transport"": 0.33333333333333337}","{""energy"": 0.8391972579226354, ""water"": 0.3816870608373125, ""transport"": 0.9084353041865625}","{""energy"": 0.1725305912559687, ""water"": 0.1150203941706458, ""transport"": 0.5751019708532291}","{""energy"": 0.0, ""water"": 0.0, ""transport"": 0.0}","{""energy"": 0.0, ""water"": 0.0, ""transport"": 0.0}","{""energy"": 0.0, ""water"": 0.0, ""transport"": 0.0}",0.3,0.1,,0.7227156126762166,,,[],,v1.0,0.7,0.3
S3_transport_load,280,280,8940578437530290000,scenario=S3_transport_load|method=both|duration=0|theta=0.300000|delta_threshold=0.100000|A=v1.0|w=na|run_id=280|seed=8940578437530290000,False,"{""step_1_amount"": 0.20411201627589393}",5222c37788a096d3910624247b4a1e76a3afcfe0df2ea7ddd6490cebc16a26a9,0.44666666666666677,0.666466799603006,0.21980013293633927,10,0.0,0.0,0.44666666666666677,0.666466799603006,0,1,0.21980013293633927,"{""energy"": 0.6666666666666667, ""water"": 0.2666666666666667, ""transport"": 0.33333333333333337}","{""energy"": 0.8040417497518788, ""water"": 0.35825005539014143, ""transport"": 0.7912502769507069}","{""energy"": 0.13737508308521207, ""water"": 0.09158338872347471, ""transport"": 0.45791694361737356}","{""energy"": 0.0, ""water"": 0.0, ""transport"": 0.0}","{""energy"": 0.0, ""water"": 0.0, ""transport"": 0.0}","{""energy"": 0.0, ""water"": 0.0, ""transport"": 0.0}",0.3,0.1,,0.666466799603006,,,[],,v1.0,0.7,0.3
S3_transport_load,281,281,7130936128618989072,scenario=S3_transport_load|method=both|duration=0|theta=0.300000|delta_threshold=0.100000|A=v1.0|w=na|run_id=281|seed=7130936128618989072,False,"{""step_1_amount"": 0.493069205605056}",5222c37788a096d3910624247b4a1e76a3afcfe0df2ea7ddd6490cebc16a26a9,0.44666666666666677,0.8133000001424739,0.3666333334758072,8,0.0,1.0,0.44666666666666677,0.8133000001424739,1,1,0.3666333334758072,"{""energy"": 0.6666666666666667, ""water"": 0.2666666666666667, ""transport"": 0.33333333333333337}","{""energy"": 0.9443888891263453, ""water"": 0.45181481497311915, ""transport"": 1.0}","{""energy"": 0.2777222224596786, ""water"": 0.18514814830645243, ""transport"": 0.6666666666666666}","{""energy"": 0.0, ""water"": 0.0, ""transport"": 0.0}","{""energy"": 1.0, ""water"": 1.0, ""transport"": 1.0}","{""energy"": 1.0, ""water"": 1.0, ""transport"": 1.0}",0.3,0.1,,0.8133000001424739,,,"[""energy"", ""water""]",2,v1.0,0.7,0.3
S3_transport_load,282,282,1694225625793453812,scenario=S3_transport_load|method=both|duration=0|theta=0.300000|delta_threshold=0.100000|A=v1.0|w=na|run_id=282|seed=1694225625793453812,False,"{""step_1_amount"": 0.3758370028239755}",5222c37788a096d3910624247b4a1e76a3afcfe0df2ea7ddd6490cebc16a26a9,0.44666666666666677,0.8328868749283069,0.38622020826164016,25,0.0,1.0,0.44666666666666677,0.8328868749283069,1,1,0.38622020826164016,"{""energy"": 0.6666666666666667, ""water"": 0.2666666666666667, ""transport"": 0.33333333333333337}","{""energy"": 0.9420473634985222, ""water"": 0.5202264317629932, ""transport"": 1.0}","{""energy"": 0.2753806968318555, ""water"": 0.2535597650963265, ""transport"": 0.6666666666666666}","{""energy"": 0.0, ""water"": 0.0, ""transport"": 0.0}","{""energy"": 1.0, ""water"": 1.0, ""transport"": 1.0}","{""energy"": 1.0, ""water"": 1.0, ""transport"": 1.0}",0.3,0.1,,0.8328868749283069,,,"[""energy"", ""water""]",2,v1.0,0.7,0.3
S3_transport_load,283,283,2210181424967782904,scenario=S3_transport_load|method=both|duration=0|theta=0.300000|delta_threshold=0.100000|A=v1.0|w=na|run_id=283|seed=2210181424967782904,False,"{""step_1_amount"": 0.3056531150993034}",5222c37788a096d3910624247b4a1e76a3afcfe0df2ea7ddd6490cebc16a26a9,0.44666666666666677,0.7347949975076641,0.2881283308409973,15,0.0,0.0,0.44666666666666677,0.7347949975076641,0,1,0.2881283308409973,"{""energy"": 0.6666666666666667, ""water"": 0.2666666666666667, ""transport"": 0.33333333333333337}","{""energy"": 0.84674687344229, ""water"": 0.38672013785041565, ""transport"": 0.933600689252078}","{""energy"": 0.1800802067756233, ""water"": 0.12005347118374893, ""transport"": 0.6002673559187446}","{""energy"": 0.0, ""water"": 0.0, ""transport"": 0.0}","{""energy"": 0.0, ""water"": 0.0, ""transport"": 0.0}","{""energy"": 0.0, ""water"": 0.0, ""transport"": 0.0}",0.3,0.1,,0.7347949975076641,,,[],,v1.0,0.7,0.3
S3_transport_load,284,284,5349238728249378533,scenario=S3_transport_load|method=both|duration=0|theta=0.300000|delta_threshold=0.100000|A=v1.0|w=na|run_id=284|seed=5349238728249378533,False,"{""step_1_amount"": 0.263903671518702}",5222c37788a096d3910624247b4a1e76a3afcfe0df2ea7ddd6490cebc16a26a9,0.44666666666666677,0.7091935830292369,0.2625269163625701,14,0.0,0.0,0.44666666666666677,0.7091935830292369,0,1,0.2625269163625701,"{""energy"": 0.6666666666666667, ""water"": 0.2666666666666667, ""transport"": 0.33333333333333337}","{""energy"": 0.830745989393273, ""water"": 0.37605288181773755, ""transport"": 0.8802644090886876}","{""energy"": 0.1640793227266063, ""water"": 0.10938621515107083, ""transport"": 0.5469310757553543}","{""energy"": 0.0, ""water"": 0.0, ""transport"": 0.0}","{""energy"": 0.0, ""water"": 0.0, ""transport"": 0.0}","{""energy"": 0.0, ""water"": 0.0, ""transport"": 0.0}",0.3,0.1,,0.7091935830292369,,,[],,v1.0,0.7,0.3
S3_transport_load,285,285,7663874058192066313,scenario=S3_transport_load|method=both|duration=0|theta=0.300000|delta_threshold=0.100000|A=v1.0|w=na|run_id=285|seed=7663874058192066313,False,"{""step_1_amount"": 0.32108144078456397}",5222c37788a096d3910624247b4a1e76a3afcfe0df2ea7ddd6490cebc16a26a9,0.44666666666666677,0.7434733845844259,0.29680671791775914,17,0.0,0.0,0.44666666666666677,0.7434733845844259,0,1,0.29680671791775914,"{""energy"": 0.6666666666666667, ""water"": 0.2666666666666667, ""transport"": 0.33333333333333337}","{""energy"": 0.8521708653652662, ""water"": 0.390336132465733, ""transport"": 0.9516806623286648}","{""energy"": 0.18550419869859947, ""water"": 0.12366946579906629, ""transport"": 0.6183473289953314}","{""energy"": 0.0, ""water"": 0.0, ""transport"": 0.0}","{""energy"": 0.0, ""water"": 0.0, ""transport"": 0.0}","{""energy"": 0.0, ""water"": 0.0, ""transport"": 0.0}",0.3,0.1,,0.7434733845844259,,,[],,v1.0,0.7,0.3
S3_transport_load,286,286,189582422443406937,scenario=S3_transport_load|method=both|duration=0|theta=0.300000|delta_threshold=0.100000|A=v1.0|w=na|run_id=286|seed=189582422443406937,False,"{""step_1_amount"": 0.055617801516188885}",5222c37788a096d3910624247b4a1e76a3afcfe0df2ea7ddd6490cebc16a26a9,0.44666666666666677,0.5204313053220186,0.07376463865535188,20,0.0,0.0,0.44666666666666677,0.5204313053220186,0,0,0.07376463865535188,"{""energy"": 0.6666666666666667, ""water"": 0.2666666666666667, ""transport"": 0.33333333333333337}","{""energy"": 0.7127695658262617, ""water"": 0.29740193277306337, ""transport"": 0.4870096638653165}","{""energy"": 0.04610289915959498, ""water"": 0.030735266106396653, ""transport"": 0.15367633053198315}","{""energy"": 0.0, ""water"": 0.0, ""transport"": 0.0}","{""energy"": 0.0, ""water"": 0.0, ""transport"": 0.0}","{""energy"": 0.0, ""water"": 0.0, ""transport"": 0.0}",0.3,0.1,,0.5204313053220186,,,[],,v1.0,0.7,0.3
S3_transport_load,287,287,14902872778022586494,scenario=S3_transport_load|method=both|duration=0|theta=0.300000|delta_threshold=0.100000|A=v1.0|w=na|run_id=287|seed=14902872778022586494,False,"{""step_1_amount"": 0.14044308630396296}",5222c37788a096d3910624247b4a1e76a3afcfe0df2ea7ddd6490cebc16a26a9,0.44666666666666677,0.6117031395907541,0.1650364729240873,18,0.0,0.0,0.44666666666666677,0.6117031395907541,0,1,0.1650364729240873,"{""energy"": 0.6666666666666667, ""water"": 0.2666666666666667, ""transport"": 0.33333333333333337}","{""energy"": 0.7698144622442213, ""water"": 0.3354318637183698, ""transport"": 0.6771593185918487}","{""energy"": 0.1031477955775546, ""water"": 0.06876519705170309, ""transport"": 0.3438259852585154}","{""energy"": 0.0, ""water"": 0.0, ""transport"": 0.0}","{""energy"": 0.0, ""water"": 0.0, ""transport"": 0.0}","{""energy"": 0.0, ""water"": 0.0, ""transport"": 0.0}",0.3,0.1,,0.6117031395907541,,,[],,v1.0,0.7,0.3
S3_transport_load,288,288,4275069255062640173,scenario=S3_transport_load|method=both|duration=0|theta=0.300000|delta_threshold=0.100000|A=v1.0|w=na|run_id=288|seed=4275069255062640173,False,"{""step_1_amount"": 0.1314468644560886}",5222c37788a096d3910624247b4a1e76a3afcfe0df2ea7ddd6490cebc16a26a9,0.44666666666666677,0.6960718445991256,0.24940517793245887,12,0.0,0.0,0.44666666666666677,0.6960718445991256,0,1,0.24940517793245887,"{""energy"": 0.6666666666666667, ""water"": 0.2666666666666667, ""transport"": 0.33333333333333337}","{""energy"": 0.8225449028744536, ""water"": 0.3705854908051913, ""transport"": 0.8529274540259563}","{""energy"": 0.15587823620778685, ""water"": 0.1039188241385246, ""transport"": 0.5195941206926229}","{""energy"": 0.0, ""water"": 0.0, ""transport"": 0.0}","{""energy"": 0.0, ""water"": 0.0, ""transport"": 0.0}","{""energy"": 0.0, ""water"": 0.0, ""transport"": 0.0}",0.3,0.1,,0.6960718445991256,,,[],,v1.0,0.7,0.3
S3_transport_load,289,289,15281448456798716422,scenario=S3_transport_load|method=both|duration=0|theta=0.300000|delta_threshold=0.100000|A=v1.0|w=na|run_id=289|seed=15281448456798716422,False,"{""step_1_amount"": 0.37306657222998163}",5222c37788a096d3910624247b4a1e76a3afcfe0df2ea7ddd6490cebc16a26a9,0.44666666666666677,0.7678892838820348,0.32122261721536804,13,0.0,0.0,0.44666666666666677,0.7678892838820348,0,1,0.32122261721536804,"{""energy"": 0.6666666666666667, ""water"": 0.2666666666666667, ""transport"": 0.33333333333333337}","{""energy"": 0.8687043620256134, ""water"": 0.4013584635726312, ""transport"": 1.0}","{""energy"": 0.20203769535894667, ""water"": 0.1346917969059645, ""transport"": 0.6666666666666666}","{""energy"": 0.0, ""water"": 0.0, ""transport"": 0.0}","{""energy"": 0.0, ""water"": 0.0, ""transport"": 0.0}","{""energy"": 0.0, ""water"": 0.0, ""transport"": 0.0}",0.3,0.1,,0.7678892838820348,,,[],,v1.0,0.7,0.3
S3_transport_load,290,290,11117110852051854545,scenario=S3_transport_load|method=both|duration=0|theta=0.300000|delta_threshold=0.100000|A=v1.0|w=na|run_id=290|seed=11117110852051854545,False,"{""step_1_amount"": 0.29288263252025}",5222c37788a096d3910624247b4a1e76a3afcfe0df2ea7ddd6490cebc16a26a9,0.44666666666666677,0.7273014890427074,0.28063482237604065,22,0.0,0.0,0.44666666666666677,0.7273014890427074,0,1,0.28063482237604065,"{""energy"": 0.6666666666666667, ""water"": 0.2666666666666667, ""transport"": 0.33333333333333337}","{""energy"": 0.8420634306516922, ""water"": 0.3835978426566837, ""transport"": 0.9179892132834182}","{""energy"": 0.17539676398502546, ""water"": 0.11693117599001696, ""transport"": 0.5846558799500848}","{""energy"": 0.0, ""water"": 0.0, ""transport"": 0.0}","{""energy"": 0.0, ""water"": 0.0, ""transport"": 0.0}","{""energy"": 0.0, ""water"": 0.0, ""transport"": 0.0}",0.3,0.1,,0.7273014890427074,,,[],,v1.0,0.7,0.3
S3_transport_load,291,291,2251443859356814068,scenario=S3_transport_load|method=both|duration=0|theta=0.300000|delta_threshold=0.100000|A=v1.0|w=na|run_id=291|seed=2251443859356814068,False,"{""step_1_amount"": 0.2465770968243025}",5222c37788a096d3910624247b4a1e76a3afcfe0df2ea7ddd6490cebc16a26a9,0.44666666666666677,0.6975904404930202,0.25092377382635345,17,0.0,0.0,0.44666666666666677,0.6975904404930202,0,1,0.25092377382635345,"{""energy"": 0.6666666666666667, ""water"": 0.2666666666666667, ""transport"": 0.33333333333333337}","{""energy"": 0.8234940253081376, ""water"": 0.371218239094314, ""transport"": 0.8560911954715699}","{""energy"": 0.1568273586414709, ""water"": 0.10455157242764729, ""transport"": 0.5227578621382365}","{""energy"": 0.0, ""water"": 0.0, ""transport"": 0.0}","{""energy"": 0.0, ""water"": 0.0, ""transport"": 0.0}","{""energy"": 0.0, ""water"": 0.0, ""transport"": 0.0}",0.3,0.1,,0.6975904404930202,,,[],,v1.0,0.7,0.3
S3_transport_load,292,292,5892430234820799210,scenario=S3_transport_load|method=both|duration=0|theta=0.300000|delta_threshold=0.100000|A=v1.0|w=na|run_id=292|seed=5892430234820799210,False,"{""step_1_amount"": 0.26982624698236013}",5222c37788a096d3910624247b4a1e76a3afcfe0df2ea7ddd6490cebc16a26a9,0.44666666666666677,0.7130234604146739,0.26635679374800714,26,0.0,0.0,0.44666666666666677,0.7130234604146739,0,1,0.26635679374800714,"{""energy"": 0.6666666666666667, ""water"": 0.2666666666666667, ""transport"": 0.33333333333333337}","{""energy"": 0.8331396627591712, ""water"": 0.3776486640616697, ""transport"": 0.8882433203083483}","{""energy"": 0.16647299609250443, ""water"": 0.11098199739500297, ""transport"": 0.5549099869750149}","{""energy"": 0.0, ""water"": 0.0, ""transport"": 0.0}","{""energy"": 0.0, ""water"": 0.0, ""transport"": 0.0}","{""energy"": 0.0, ""water"": 0.0, ""transport"": 0.0}",0.3,0.1,,0.7130234604146739,,,[],,v1.0,0.7,0.3
S3_transport_load,293,293,2552596285509955389,scenario=S3_transport_load|method=both|duration=0|theta=0.300000|delta_threshold=0.100000|A=v1.0|w=na|run_id=293|seed=2552596285509955389,False,"{""step_1_amount"": 0.31041921444761367}",5222c37788a096d3910624247b4a1e76a3afcfe0df2ea7ddd6490cebc16a26a9,0.44666666666666677,0.8481226571167522,0.4014559904500854,14,0.0,0.0,0.44666666666666677,0.8481226571167522,0,1,0.4014559904500854,"{""energy"": 0.6666666666666667, ""water"": 0.2666666666666667, ""transport"": 0.33333333333333337}","{""energy"": 0.9468814053258644, ""water"": 0.5645669832880209, ""transport"": 1.0}","{""energy"": 0.28021473865919766, ""water"": 0.2979003166213542, ""transport"": 0.6666666666666666}","{""energy"": 0.0, ""water"": 0.0, ""transport"": 0.0}","{""energy"": 0.0, ""water"": 0.0, ""transport"": 0.0}","{""energy"": 0.0, ""water"": 0.0, ""transport"": 0.0}",0.3,0.1,,0.8481226571167522,,,[],,v1.0,0.7,0.3
S3_transport_load,294,294,12443733688427345139,scenario=S3_transport_load|method=both|duration=0|theta=0.300000|delta_threshold=0.100000|A=v1.0|w=na|run_id=294|seed=12443733688427345139,False,"{""step_1_amount"": 0.7584188294564586}",5222c37788a096d3910624247b4a1e76a3afcfe0df2ea7ddd6490cebc16a26a9,0.44666666666666677,0.8081679684506788,0.3615013017840121,5,0.0,1.0,0.44666666666666677,0.8081679684506788,1,1,0.3615013017840121,"{""energy"": 0.6666666666666667, ""water"": 0.2666666666666667, ""transport"": 0.33333333333333337}","{""energy"": 0.9358355029733537, ""water"": 0.4461125575377914, ""transport"": 1.0}","{""energy"": 0.269168836306687, ""water"": 0.17944589087112467, ""transport"": 0.6666666666666666}","{""energy"": 0.0, ""water"": 0.0, ""transport"": 0.0}","{""energy"": 1.0, ""water"": 1.0, ""transport"": 1.0}","{""energy"": 1.0, ""water"": 1.0, ""transport"": 1.0}",0.3,0.1,,0.8081679684506788,,,"[""energy"", ""water""]",1,v1.0,0.7,0.3
S3_transport_load,295,295,10185648810199879730,scenario=S3_transport_load|method=both|duration=0|theta=0.300000|delta_threshold=0.100000|A=v1.0|w=na|run_id=295|seed=10185648810199879730,False,"{""step_1_amount"": 0.193013856029459}",5222c37788a096d3910624247b4a1e76a3afcfe0df2ea7ddd6490cebc16a26a9,0.44666666666666677,0.6576577474715469,0.21099108080488016,18,0.0,0.0,0.44666666666666677,0.6576577474715469,0,1,0.21099108080488016,"{""energy"": 0.6666666666666667, ""water"": 0.2666666666666667, ""transport"": 0.33333333333333337}","{""energy"": 0.7985360921697169, ""water"": 0.35457961700203344, ""transport"": 0.772898085010167}","{""energy"": 0.13186942550305014, ""water"": 0.08791295033536672, ""transport"": 0.4395647516768336}","{""energy"": 0.0, ""water"": 0.0, ""transport"": 0.0}","{""energy"": 0.0, ""water"": 0.0, ""transport"": 0.0}","{""energy"": 0.0, ""water"": 0.0, ""transport"": 0.0}",0.3,0.1,,0.6576577474715469,,,[],,v1.0,0.7,0.3
S3_transport_load,296,296,9274010743895878238,scenario=S3_transport_load|method=both|duration=0|theta=0.300000|delta_threshold=0.100000|A=v1.0|w=na|run_id=296|seed=9274010743895878238,False,"{""step_1_amount"": 0.15298693485177797}",5222c37788a096d3910624247b4a1e76a3afcfe0df2ea7ddd6490cebc16a26a9,0.44666666666666677,0.6233354601228762,0.17666879345620945,24,0.0,0.0,0.44666666666666677,0.6233354601228762,0,1,0.17666879345620945,"{""energy"": 0.6666666666666667, ""water"": 0.2666666666666667, ""transport"": 0.33333333333333337}","{""energy"": 0.7770846625767976, ""water"": 0.3402786639400873, ""transport"": 0.7013933197004364}","{""energy"": 0.1104179959101309, ""water"": 0.0736119972734206, ""transport"": 0.368059986367103}","{""energy"": 0.0, ""water"": 0.0, ""transport"": 0.0}","{""energy"": 0.0, ""water"": 0.0, ""transport"": 0.0}","{""energy"": 0.0, ""water"": 0.0, ""transport"": 0.0}",0.3,0.1,,0.6233354601228762,,,[],,v1.0,0.7,0.3
S3_transport_load,297,297,10822125642399753120,scenario=S3_transport_load|method=both|duration=0|theta=0.300000|delta_threshold=0.100000|A=v1.0|w=na|run_id=297|seed=10822125642399753120,False,"{""step_1_amount"": 0.1482041989867509}",5222c37788a096d3910624247b4a1e76a3afcfe0df2ea7ddd6490cebc16a26a9,0.44666666666666677,0.6189518275721295,0.17228516090546275,22,0.0,0.0,0.44666666666666677,0.6189518275721295,0,1,0.17228516090546275,"{""energy"": 0.6666666666666667, ""water"": 0.2666666666666667, ""transport"": 0.33333333333333337}","{""energy"": 0.774344892232581, ""water"": 0.33845215037727616, ""transport"": 0.6922607518863807}","{""energy"": 0.10767822556591422, ""water"": 0.07178548371060944, ""transport"": 0.35892741855304733}","{""energy"": 0.0, ""water"": 0.0, ""transport"": 0.0}","{""energy"": 0.0, ""water"": 0.0, ""transport"": 0.0}","{""energy"": 0.0, ""water"": 0.0, ""transport"": 0.0}",0.3,0.1,,0.6189518275721295,,,[],,v1.0,0.7,0.3
S3_transport_load,298,298,12232572663737585631,scenario=S3_transport_load|method=both|duration=0|theta=0.300000|delta_threshold=0.100000|A=v1.0|w=na|run_id=298|seed=12232572663737585631,False,"{""step_1_amount"": 0.5481649482957515}",5222c37788a096d3910624247b4a1e76a3afcfe0df2ea7ddd6490cebc16a26a9,0.44666666666666677,0.79190685068967,0.34524018402300327,8,0.0,0.0,0.44666666666666677,0.79190685068967,0,1,0.34524018402300327,"{""energy"": 0.6666666666666667, ""water"": 0.2666666666666667, ""transport"": 0.33333333333333337}","{""energy"": 0.9087336400383388, ""water"": 0.42804464891444816, ""transport"": 1.0}","{""energy"": 0.24206697337167205, ""water"": 0.16137798224778144, ""transport"": 0.6666666666666666}","{""energy"": 0.0, ""water"": 0.0, ""transport"": 0.0}","{""energy"": 0.0, ""water"": 0.0, ""transport"": 0.0}","{""energy"": 0.0, ""water"": 0.0, ""transport"": 0.0}",0.3,0.1,,0.79190685068967,,,[],,v1.0,0.7,0.3
S3_transport_load,299,299,14661486617552286553,scenario=S3_transport_load|method=both|duration=0|theta=0.300000|delta_threshold=0.100000|A=v1.0|w=na|run_id=299|seed=14661486617552286553,False,"{""step_1_amount"": 0.524791590600866}",5222c37788a096d3910624247b4a1e76a3afcfe0df2ea7ddd6490cebc16a26a9,0.44666666666666677,0.7893820030370817,0.34271533637041496,6,0.0,0.0,0.44666666666666677,0.7893820030370817,0,1,0.34271533637041496,"{""energy"": 0.6666666666666667, ""water"": 0.2666666666666667, ""transport"": 0.33333333333333337}","{""energy"": 0.9045255606173583, ""water"": 0.4252392626337944, ""transport"": 1.0}","{""energy"": 0.2378588939506916, ""water"": 0.1585725959671277, ""transport"": 0.6666666666666666}","{""energy"": 0.0, ""water"": 0.0, ""transport"": 0.0}","{""energy"": 0.0, ""water"": 0.0, ""transport"": 0.0}","{""energy"": 0.0, ""water"": 0.0, ""transport"": 0.0}",0.3,0.1,,0.7893820030370817,,,[],,v1.0,0.7,0.3
S3_transport_load,300,300,14524575855218079576,scenario=S3_transport_load|method=both|duration=0|theta=0.300000|delta_threshold=0.100000|A=v1.0|w=na|run_id=300|seed=14524575855218079576,False,"{""step_1_amount"": 0.7732576568947269}",5222c37788a096d3910624247b4a1e76a3afcfe0df2ea7ddd6490cebc16a26a9,0.44666666666666677,0.808973404817761,0.36230673815109427,10,0.0,1.0,0.44666666666666677,0.808973404817761,1,1,0.36230673815109427,"{""energy"": 0.6666666666666667, ""water"": 0.2666666666666667, ""transport"": 0.33333333333333337}","{""energy"": 0.9371778969184905, ""water"": 0.4470074868345493, ""transport"": 1.0}","{""energy"": 0.2705112302518238, ""water"": 0.18034082016788255, ""transport"": 0.6666666666666666}","{""energy"": 0.0, ""water"": 0.0, ""transport"": 0.0}","{""energy"": 1.0, ""water"": 1.0, ""transport"": 1.0}","{""energy"": 1.0, ""water"": 1.0, ""transport"": 1.0}",0.3,0.1,,0.808973404817761,,,"[""energy"", ""water""]",1,v1.0,0.7,0.3
S3_transport_load,301,301,608378501693245968,scenario=S3_transport_load|method=both|duration=0|theta=0.300000|delta_threshold=0.100000|A=v1.0|w=na|run_id=301|seed=608378501693245968,False,"{""step_1_amount"": 0.3355274624006843}",5222c37788a096d3910624247b4a1e76a3afcfe0df2ea7ddd6490cebc16a26a9,0.44666666666666677,0.7512430497590132,0.30457638309234647,25,0.0,0.0,0.44666666666666677,0.7512430497590132,0,1,0.30457638309234647,"{""energy"": 0.6666666666666667, ""water"": 0.2666666666666667, ""transport"": 0.33333333333333337}","{""energy"": 0.8570269060993833, ""water"": 0.39357349295514443, ""transport"": 0.9678674647757218}","{""energy"": 0.19036023943271652, ""water"": 0.12690682628847771, ""transport"": 0.6345341314423885}","{""energy"": 0.0, ""water"": 0.0, ""transport"": 0.0}","{""energy"": 0.0, ""water"": 0.0, ""transport"": 0.0}","{""energy"": 0.0, ""water"": 0.0, ""transport"": 0.0}",0.3,0.1,,0.7512430497590132,,,[],,v1.0,0.7,0.3
S3_transport_load,302,302,2093244655999190528,scenario=S3_transport_load|method=both|duration=0|theta=0.300000|delta_threshold=0.100000|A=v1.0|w=na|run_id=302|seed=2093244655999190528,False,"{""step_1_amount"": 0.43888442306655895}",5222c37788a096d3910624247b4a1e76a3afcfe0df2ea7ddd6490cebc16a26a9,0.44666666666666677,0.8235966865532665,0.3769300198865997,24,0.0,1.0,0.44666666666666677,0.8235966865532665,1,1,0.3769300198865997,"{""energy"": 0.6666666666666667, ""water"": 0.2666666666666667, ""transport"": 0.33333333333333337}","{""energy"": 0.9466787923449561, ""water"": 0.48308389871761315, ""transport"": 1.0}","{""energy"": 0.28001212567828937, ""water"": 0.21641723205094643, ""transport"": 0.6666666666666666}","{""energy"": 0.0, ""water"": 0.0, ""transport"": 0.0}","{""energy"": 1.0, ""water"": 1.0, ""transport"": 1.0}","{""energy"": 1.0, ""water"": 1.0, ""transport"": 1.0}",0.3,0.1,,0.8235966865532665,,,"[""energy"", ""water""]",2,v1.0,0.7,0.3
S3_transport_load,303,303,17029856339209714661,scenario=S3_transport_load|method=both|duration=0|theta=0.300000|delta_threshold=0.100000|A=v1.0|w=na|run_id=303|seed=17029856339209714661,False,"{""step_1_amount"": 0.46631601602258715}",5222c37788a096d3910624247b4a1e76a3afcfe0df2ea7ddd6490cebc16a26a9,0.44666666666666677,0.8208868106023579,0.37422014393569114,27,0.0,0.0,0.44666666666666677,0.8208868106023579,0,1,0.37422014393569114,"{""energy"": 0.6666666666666667, ""water"": 0.2666666666666667, ""transport"": 0.33333333333333337}","{""energy"": 0.912954090648217, ""water"": 0.519017247810237, ""transport"": 1.0}","{""energy"": 0.24628742398155024, ""water"": 0.25235058114357023, ""transport"": 0.6666666666666666}","{""energy"": 0.0, ""water"": 0.0, ""transport"": 0.0}","{""energy"": 0.0, ""water"": 0.0, ""transport"": 0.0}","{""energy"": 0.0, ""water"": 0.0, ""transport"": 0.0}",0.3,0.1,,0.8208868106023579,,,[],,v1.0,0.7,0.3
S3_transport_load,304,304,4877801650533378744,scenario=S3_transport_load|method=both|duration=0|theta=0.300000|delta_threshold=0.100000|A=v1.0|w=na|run_id=304|seed=4877801650533378744,False,"{""step_1_amount"": 0.3535150565930274}",5222c37788a096d3910624247b4a1e76a3afcfe0df2ea7ddd6490cebc16a26a9,0.44666666666666677,0.7604585140441611,0.3137918473774943,21,0.0,0.0,0.44666666666666677,0.7604585140441611,0,1,0.3137918473774943,"{""energy"": 0.6666666666666667, ""water"": 0.2666666666666667, ""transport"": 0.33333333333333337}","{""energy"": 0.8627865712776007, ""water"": 0.39741326974062274, ""transport"": 0.9870663487031134}","{""energy"": 0.19611990461093398, ""water"": 0.13074660307395602, ""transport"": 0.65373301536978}","{""energy"": 0.0, ""water"": 0.0, ""transport"": 0.0}","{""energy"": 0.0, ""water"": 0.0, ""transport"": 0.0}","{""energy"": 0.0, ""water"": 0.0, ""transport"": 0.0}",0.3,0.1,,0.7604585140441611,,,[],,v1.0,0.7,0.3
S3_transport_load,305,305,11120816393554572748,scenario=S3_transport_load|method=both|duration=0|theta=0.300000|delta_threshold=0.100000|A=v1.0|w=na|run_id=305|seed=11120816393554572748,False,"{""step_1_amount"": 1.2218017664901641}",5222c37788a096d3910624247b4a1e76a3afcfe0df2ea7ddd6490cebc16a26a9,0.44666666666666677,0.8795212659783691,0.43285459931170234,25,0.0,1.0,0.44666666666666677,0.8795212659783691,1,1,0.43285459931170234,"{""energy"": 0.6666666666666667, ""water"": 0.2666666666666667, ""transport"": 0.33333333333333337}","{""energy"": 0.989231413431974, ""water"": 0.6127623353519316, ""transport"": 1.0}","{""energy"": 0.3225647467653072, ""water"": 0.34609566868526487, ""transport"": 0.6666666666666666}","{""energy"": 0.0, ""water"": 0.0, ""transport"": 0.0}","{""energy"": 1.0, ""water"": 1.0, ""transport"": 1.0}","{""energy"": 1.0, ""water"": 1.0, ""transport"": 1.0}",0.3,0.1,,0.8795212659783691,,,"[""energy"", ""water""]",1,v1.0,0.7,0.3
S3_transport_load,306,306,14876700790301754137,scenario=S3_transport_load|method=both|duration=0|theta=0.300000|delta_threshold=0.100000|A=v1.0|w=na|run_id=306|seed=14876700790301754137,False,"{""step_1_amount"": 0.5686174366273691}",5222c37788a096d3910624247b4a1e76a3afcfe0df2ea7ddd6490cebc16a26a9,0.44666666666666677,0.7939755120171672,0.34730884535050044,13,0.0,0.0,0.44666666666666677,0.7939755120171672,0,1,0.34730884535050044,"{""energy"": 0.6666666666666667, ""water"": 0.2666666666666667, ""transport"": 0.33333333333333337}","{""energy"": 0.9121814089175008, ""water"": 0.43034316150055607, ""transport"": 1.0}","{""energy"": 0.24551474225083403, ""water"": 0.16367649483388935, ""transport"": 0.6666666666666666}","{""energy"": 0.0, ""water"": 0.0, ""transport"": 0.0}","{""energy"": 0.0, ""water"": 0.0, ""transport"": 0.0}","{""energy"": 0.0, ""water"": 0.0, ""transport"": 0.0}",0.3,0.1,,0.7939755120171672,,,[],,v1.0,0.7,0.3
S3_transport_load,307,307,3375112686114483222,scenario=S3_transport_load|method=both|duration=0|theta=0.300000|delta_threshold=0.100000|A=v1.0|w=na|run_id=307|seed=3375112686114483222,False,"{""step_1_amount"": 0.36358560665842377}",5222c37788a096d3910624247b4a1e76a3afcfe0df2ea7ddd6490cebc16a26a9,0.44666666666666677,0.7654048420229898,0.318738175356323,25,0.0,0.0,0.44666666666666677,0.7654048420229898,0,1,0.318738175356323,"{""energy"": 0.6666666666666667, ""water"": 0.2666666666666667, ""transport"": 0.33333333333333337}","{""energy"": 0.8658780262643686, ""water"": 0.3994742397318013, ""transport"": 0.9973711986590063}","{""energy"": 0.19921135959770186, ""water"": 0.13280757306513458, ""transport"": 0.6640378653256729}","{""energy"": 0.0, ""water"": 0.0, ""transport"": 0.0}","{""energy"": 0.0, ""water"": 0.0, ""transport"": 0.0}","{""energy"": 0.0, ""water"": 0.0, ""transport"": 0.0}",0.3,0.1,,0.7654048420229898,,,[],,v1.0,0.7,0.3
S3_transport_load,308,308,4403105108492818940,scenario=S3_transport_load|method=both|duration=0|theta=0.300000|delta_threshold=0.100000|A=v1.0|w=na|run_id=308|seed=4403105108492818940,False,"{""step_1_amount"": 0.3418937173797326}",5222c37788a096d3910624247b4a1e76a3afcfe0df2ea7ddd6490cebc16a26a9,0.44666666666666677,0.7545616328886051,0.30789496622193835,19,0.0,0.0,0.44666666666666677,0.7545616328886051,0,1,0.30789496622193835,"{""energy"": 0.6666666666666667, ""water"": 0.2666666666666667, ""transport"": 0.33333333333333337}","{""energy"": 0.8591010205553782, ""water"": 0.39495623592580775, ""transport"": 0.9747811796290383}","{""energy"": 0.19243435388871144, ""water"": 0.12828956925914103, ""transport"": 0.641447846295705}","{""energy"": 0.0, ""water"": 0.0, ""transport"": 0.0}","{""energy"": 0.0, ""water"": 0.0, ""transport"": 0.0}","{""energy"": 0.0, ""water"": 0.0, ""transport"": 0.0}",0.3,0.1,,0.7545616328886051,,,[],,v1.0,0.7,0.3
S3_transport_load,309,309,2948494636019298673,scenario=S3_transport_load|method=both|duration=0|theta=0.300000|delta_threshold=0.100000|A=v1.0|w=na|run_id=309|seed=2948494636019298673,False,"{""step_1_amount"": 0.28857209392601957}",5222c37788a096d3910624247b4a1e76a3afcfe0df2ea7ddd6490cebc16a26a9,0.44666666666666677,0.7247066334888046,0.27803996682213783,10,0.0,0.0,0.44666666666666677,0.7247066334888046,0,1,0.27803996682213783,"{""energy"": 0.6666666666666667, ""water"": 0.2666666666666667, ""transport"": 0.33333333333333337}","{""energy"": 0.8404416459305029, ""water"": 0.3825166528425575, ""transport"": 0.9125832642127872}","{""energy"": 0.17377497926383612, ""water"": 0.11584998617589076, ""transport"": 0.5792499308794539}","{""energy"": 0.0, ""water"": 0.0, ""transport"": 0.0}","{""energy"": 0.0, ""water"": 0.0, ""transport"": 0.0}","{""energy"": 0.0, ""water"": 0.0, ""transport"": 0.0}",0.3,0.1,,0.7247066334888046,,,[],,v1.0,0.7,0.3
S3_transport_load,310,310,11386258838422188706,scenario=S3_transport_load|method=both|duration=0|theta=0.300000|delta_threshold=0.100000|A=v1.0|w=na|run_id=310|seed=11386258838422188706,False,"{""step_1_amount"": 0.8677454659980556}",5222c37788a096d3910624247b4a1e76a3afcfe0df2ea7ddd6490cebc16a26a9,0.44666666666666677,0.8133406208358711,0.36667395416920434,5,0.0,1.0,0.44666666666666677,0.8133406208358711,1,1,0.36667395416920434,"{""energy"": 0.6666666666666667, ""water"": 0.2666666666666667, ""transport"": 0.33333333333333337}","{""energy"": 0.9444565902820075, ""water"": 0.45185994907689386, ""transport"": 1.0}","{""energy"": 0.2777899236153407, ""water"": 0.18519328241022714, ""transport"": 0.6666666666666666}","{""energy"": 0.0, ""water"": 0.0, ""transport"": 0.0}","{""energy"": 1.0, ""water"": 1.0, ""transport"": 1.0}","{""energy"": 1.0, ""water"": 1.0, ""transport"": 1.0}",0.3,0.1,,0.8133406208358711,,,"[""energy"", ""water""]",1,v1.0,0.7,0.3
S3_transport_load,311,311,11149075177990136727,scenario=S3_transport_load|method=both|duration=0|theta=0.300000|delta_threshold=0.100000|A=v1.0|w=na|run_id=311|seed=11149075177990136727,False,"{""step_1_amount"": 0.5539822279822235}",5222c37788a096d3910624247b4a1e76a3afcfe0df2ea7ddd6490cebc16a26a9,0.44666666666666677,0.7925082107217107,0.34584154405504397,6,0.0,0.0,0.44666666666666677,0.7925082107217107,0,1,0.34584154405504397,"{""energy"": 0.6666666666666667, ""water"": 0.2666666666666667, ""transport"": 0.33333333333333337}","{""energy"": 0.9097359067584067, ""water"": 0.42871282672782673, ""transport"": 1.0}","{""energy"": 0.2430692400917399, ""water"": 0.16204616006116002, ""transport"": 0.6666666666666666}","{""energy"": 0.0, ""water"": 0.0, ""transport"": 0.0}","{""energy"": 0.0, ""water"": 0.0, ""transport"": 0.0}","{""energy"": 0.0, ""water"": 0.0, ""transport"": 0.0}",0.3,0.1,,0.7925082107217107,,,[],,v1.0,0.7,0.3
S3_transport_load,312,312,12269709544401438212,scenario=S3_transport_load|method=both|duration=0|theta=0.300000|delta_threshold=0.100000|A=v1.0|w=na|run_id=312|seed=12269709544401438212,False,"{""step_1_amount"": 0.30388220951565476}",5222c37788a096d3910624247b4a1e76a3afcfe0df2ea7ddd6490cebc16a26a9,0.44666666666666677,0.7337729250904328,0.287106258423766,25,0.0,0.0,0.44666666666666677,0.7337729250904328,0,1,0.287106258423766,"{""energy"": 0.6666666666666667, ""water"": 0.2666666666666667, ""transport"": 0.33333333333333337}","{""energy"": 0.8461080781815206, ""water"": 0.38629427434323593, ""transport"": 0.9314713717161794}","{""energy"": 0.17944141151485382, ""water"": 0.11962760767656921, ""transport"": 0.5981380383828461}","{""energy"": 0.0, ""water"": 0.0, ""transport"": 0.0}","{""energy"": 0.0, ""water"": 0.0, ""transport"": 0.0}","{""energy"": 0.0, ""water"": 0.0, ""transport"": 0.0}",0.3,0.1,,0.7337729250904328,,,[],,v1.0,0.7,0.3
S3_transport_load,313,313,220462426912680240,scenario=S3_transport_load|method=both|duration=0|theta=0.300000|delta_threshold=0.100000|A=v1.0|w=na|run_id=313|seed=220462426912680240,False,"{""step_1_amount"": 0.5405827775839727}",5222c37788a096d3910624247b4a1e76a3afcfe0df2ea7ddd6490cebc16a26a9,0.44666666666666677,0.8003128600490299,0.35364619338236314,29,0.0,1.0,0.44666666666666677,0.8003128600490299,1,1,0.35364619338236314,"{""energy"": 0.6666666666666667, ""water"": 0.2666666666666667, ""transport"": 0.33333333333333337}","{""energy"": 0.9227436556372719, ""water"": 0.4373846593137368, ""transport"": 1.0}","{""energy"": 0.25607698897060516, ""water"": 0.1707179926470701, ""transport"": 0.6666666666666666}","{""energy"": 0.0, ""water"": 0.0, ""transport"": 0.0}","{""energy"": 1.0, ""water"": 1.0, ""transport"": 1.0}","{""energy"": 1.0, ""water"": 1.0, ""transport"": 1.0}",0.3,0.1,,0.8003128600490299,,,"[""energy"", ""water""]",2,v1.0,0.7,0.3
S3_transport_load,314,314,7196430833585909876,scenario=S3_transport_load|method=both|duration=0|theta=0.300000|delta_threshold=0.100000|A=v1.0|w=na|run_id=314|seed=7196430833585909876,False,"{""step_1_amount"": 0.7334335362943242}",5222c37788a096d3910624247b4a1e76a3afcfe0df2ea7ddd6490cebc16a26a9,0.44666666666666677,0.8067280927674356,0.36006142610076886,7,0.0,1.0,0.44666666666666677,0.8067280927674356,1,1,0.36006142610076886,"{""energy"": 0.6666666666666667, ""water"": 0.2666666666666667, ""transport"": 0.33333333333333337}","{""energy"": 0.9334357101679481, ""water"": 0.444512695667521, ""transport"": 1.0}","{""energy"": 0.2667690435012814, ""water"": 0.17784602900085428, ""transport"": 0.6666666666666666}","{""energy"": 0.0, ""water"": 0.0, ""transport"": 0.0}","{""energy"": 1.0, ""water"": 1.0, ""transport"": 1.0}","{""energy"": 1.0, ""water"": 1.0, ""transport"": 1.0}",0.3,0.1,,0.8067280927674356,,,"[""energy"", ""water""]",1,v1.0,0.7,0.3
S3_transport_load,315,315,10613859044236487440,scenario=S3_transport_load|method=both|duration=0|theta=0.300000|delta_threshold=0.100000|A=v1.0|w=na|run_id=315|seed=10613859044236487440,False,"{""step_1_amount"": 0.47310493069470966}",5222c37788a096d3910624247b4a1e76a3afcfe0df2ea7ddd6490cebc16a26a9,0.44666666666666677,0.7831283210141946,0.33646165434752784,9,0.0,0.0,0.44666666666666677,0.7831283210141946,0,1,0.33646165434752784,"{""energy"": 0.6666666666666667, ""water"": 0.2666666666666667, ""transport"": 0.33333333333333337}","{""energy"": 0.89410275724588, ""water"": 0.4182907270528089, ""transport"": 1.0}","{""energy"": 0.2274360905792132, ""water"": 0.15162406038614218, ""transport"": 0.6666666666666666}","{""energy"": 0.0, ""water"": 0.0, ""transport"": 0.0}","{""energy"": 0.0, ""water"": 0.0, ""transport"": 0.0}","{""energy"": 0.0, ""water"": 0.0, ""transport"": 0.0}",0.3,0.1,,0.7831283210141946,,,[],,v1.0,0.7,0.3
S3_transport_load,316,316,7945368646492070653,scenario=S3_transport_load|method=both|duration=0|theta=0.300000|delta_threshold=0.100000|A=v1.0|w=na|run_id=316|seed=7945368646492070653,False,"{""step_1_amount"": 0.40309617147840615}",5222c37788a096d3910624247b4a1e76a3afcfe0df2ea7ddd6490cebc16a26a9,0.44666666666666677,0.8067295059512385,0.3600628392845717,11,0.0,1.0,0.44666666666666677,0.8067295059512385,1,1,0.3600628392845717,"{""energy"": 0.6666666666666667, ""water"": 0.2666666666666667, ""transport"": 0.33333333333333337}","{""energy"": 0.9334380654742862, ""water"": 0.44451426587174636, ""transport"": 1.0}","{""energy"": 0.26677139880761946, ""water"": 0.17784759920507964, ""transport"": 0.6666666666666666}","{""energy"": 0.0, ""water"": 0.0, ""transport"": 0.0}","{""energy"": 1.0, ""water"": 1.0, ""transport"": 1.0}","{""energy"": 1.0, ""water"": 1.0, ""transport"": 1.0}",0.3,0.1,,0.8067295059512385,,,"[""energy"", ""water""]",2,v1.0,0.7,0.3
S3_transport_load,317,317,2097211671446410251,scenario=S3_transport_load|method=both|duration=0|theta=0.300000|delta_threshold=0.100000|A=v1.0|w=na|run_id=317|seed=2097211671446410251,False,"{""step_1_amount"": 0.20952533314641936}",5222c37788a096d3910624247b4a1e76a3afcfe0df2ea7ddd6490cebc16a26a9,0.44666666666666677,0.8095845042385357,0.3629178375718689,13,0.0,0.0,0.44666666666666677,0.8095845042385357,0,1,0.3629178375718689,"{""energy"": 0.6666666666666667, ""water"": 0.2666666666666667, ""transport"": 0.33333333333333337}","{""energy"": 0.9184195842829264, ""water"": 0.4740555684178839, ""transport"": 1.0}","{""energy"": 0.2517529176162596, ""water"": 0.20738890175121716, ""transport"": 0.6666666666666666}","{""energy"": 0.0, ""water"": 0.0, ""transport"": 0.0}","{""energy"": 0.0, ""water"": 0.0, ""transport"": 0.0}","{""energy"": 0.0, ""water"": 0.0, ""transport"": 0.0}",0.3,0.1,,0.8095845042385357,,,[],,v1.0,0.7,0.3
S3_transport_load,318,318,578575423870180930,scenario=S3_transport_load|method=both|duration=0|theta=0.300000|delta_threshold=0.100000|A=v1.0|w=na|run_id=318|seed=578575423870180930,False,"{""step_1_amount"": 0.10603269256224383}",5222c37788a096d3910624247b4a1e76a3afcfe0df2ea7ddd6490cebc16a26a9,0.44666666666666677,0.5774515800964078,0.13078491342974108,19,0.0,0.0,0.44666666666666677,0.5774515800964078,0,0,0.13078491342974108,"{""energy"": 0.6666666666666667, ""water"": 0.2666666666666667, ""transport"": 0.33333333333333337}","{""energy"": 0.748407237560255, ""water"": 0.3211603805957255, ""transport"": 0.6058019029786273}","{""energy"": 0.08174057089358822, ""water"": 0.054493713929058774, ""transport"": 0.272468569645294}","{""energy"": 0.0, ""water"": 0.0, ""transport"": 0.0}","{""energy"": 0.0, ""water"": 0.0, ""transport"": 0.0}","{""energy"": 0.0, ""water"": 0.0, ""transport"": 0.0}",0.3,0.1,,0.5774515800964078,,,[],,v1.0,0.7,0.3
S3_transport_load,319,319,17702898912119102932,scenario=S3_transport_load|method=both|duration=0|theta=0.300000|delta_threshold=0.100000|A=v1.0|w=na|run_id=319|seed=17702898912119102932,False,"{""step_1_amount"": 0.07596239440892075}",5222c37788a096d3910624247b4a1e76a3afcfe0df2ea7ddd6490cebc16a26a9,0.44666666666666677,0.5444839077373409,0.09781724107067413,20,0.0,0.0,0.44666666666666677,0.5444839077373409,0,0,0.09781724107067413,"{""energy"": 0.6666666666666667, ""water"": 0.2666666666666667, ""transport"": 0.33333333333333337}","{""energy"": 0.7278024423358381, ""water"": 0.3074238504461143, ""transport"": 0.5371192522305713}","{""energy"": 0.06113577566917139, ""water"": 0.04075718377944759, ""transport"": 0.20378591889723796}","{""energy"": 0.0, ""water"": 0.0, ""transport"": 0.0}","{""energy"": 0.0, ""water"": 0.0, ""transport"": 0.0}","{""energy"": 0.0, ""water"": 0.0, ""transport"": 0.0}",0.3,0.1,,0.5444839077373409,,,[],,v1.0,0.7,0.3
S3_transport_load,320,320,4884344590288723072,scenario=S3_transport_load|method=both|duration=0|theta=0.300000|delta_threshold=0.100000|A=v1.0|w=na|run_id=320|seed=4884344590288723072,False,"{""step_1_amount"": 0.4797547845866059}",5222c37788a096d3910624247b4a1e76a3afcfe0df2ea7ddd6490cebc16a26a9,0.44666666666666677,0.8105675363408555,0.3639008696741888,24,0.0,1.0,0.44666666666666677,0.8105675363408555,1,1,0.3639008696741888,"{""energy"": 0.6666666666666667, ""water"": 0.2666666666666667, ""transport"": 0.33333333333333337}","{""energy"": 0.9398347827903148, ""water"": 0.4487787440824321, ""transport"": 1.0}","{""energy"": 0.2731681161236481, ""water"": 0.1821120774157654, ""transport"": 0.6666666666666666}","{""energy"": 0.0, ""water"": 0.0, ""transport"": 0.0}","{""energy"": 1.0, ""water"": 1.0, ""transport"": 1.0}","{""energy"": 1.0, ""water"": 1.0, ""transport"": 1.0}",0.3,0.1,,0.8105675363408555,,,"[""energy"", ""water""]",2,v1.0,0.7,0.3
S3_transport_load,321,321,12264668967901424144,scenario=S3_transport_load|method=both|duration=0|theta=0.300000|delta_threshold=0.100000|A=v1.0|w=na|run_id=321|seed=12264668967901424144,False,"{""step_1_amount"": 0.44084520501294433}",5222c37788a096d3910624247b4a1e76a3afcfe0df2ea7ddd6490cebc16a26a9,0.44666666666666677,0.7787040812692805,0.3320374146026137,12,0.0,0.0,0.44666666666666677,0.7787040812692805,0,1,0.3320374146026137,"{""energy"": 0.6666666666666667, ""water"": 0.2666666666666667, ""transport"": 0.33333333333333337}","{""energy"": 0.8867290243376895, ""water"": 0.4133749051140153, ""transport"": 1.0}","{""energy"": 0.22006235767102278, ""water"": 0.1467082384473486, ""transport"": 0.6666666666666666}","{""energy"": 0.0, ""water"": 0.0, ""transport"": 0.0}","{""energy"": 0.0, ""water"": 0.0, ""transport"": 0.0}","{""energy"": 0.0, ""water"": 0.0, ""transport"": 0.0}",0.3,0.1,,0.7787040812692805,,,[],,v1.0,0.7,0.3
S3_transport_load,322,322,592915323720419222,scenario=S3_transport_load|method=both|duration=0|theta=0.300000|delta_threshold=0.100000|A=v1.0|w=na|run_id=322|seed=592915323720419222,False,"{""step_1_amount"": 0.3963983130041345}",5222c37788a096d3910624247b4a1e76a3afcfe0df2ea7ddd6490cebc16a26a9,0.44666666666666677,0.7718627363725004,0.3251960697058336,15,0.0,0.0,0.44666666666666677,0.7718627363725004,0,1,0.3251960697058336,"{""energy"": 0.6666666666666667, ""water"": 0.2666666666666667, ""transport"": 0.33333333333333337}","{""energy"": 0.8753267828430561, ""water"": 0.40577341078425966, ""transport"": 1.0}","{""energy"": 0.20866011617638935, ""water"": 0.13910674411759294, ""transport"": 0.6666666666666666}","{""energy"": 0.0, ""water"": 0.0, ""transport"": 0.0}","{""energy"": 0.0, ""water"": 0.0, ""transport"": 0.0}","{""energy"": 0.0, ""water"": 0.0, ""transport"": 0.0}",0.3,0.1,,0.7718627363725004,,,[],,v1.0,0.7,0.3
S3_transport_load,323,323,4486800324163680657,scenario=S3_transport_load|method=both|duration=0|theta=0.300000|delta_threshold=0.100000|A=v1.0|w=na|run_id=323|seed=4486800324163680657,False,"{""step_1_amount"": 0.3124250748891181}",5222c37788a096d3910624247b4a1e76a3afcfe0df2ea7ddd6490cebc16a26a9,0.44666666666666677,0.7386537099063764,0.2919870432397096,12,0.0,0.0,0.44666666666666677,0.7386537099063764,0,1,0.2919870432397096,"{""energy"": 0.6666666666666667, ""water"": 0.2666666666666667, ""transport"": 0.33333333333333337}","{""energy"": 0.8491585686914852, ""water"": 0.38832793468321236, ""transport"": 0.9416396734160617}","{""energy"": 0.18249190202481846, ""water"": 0.12166126801654564, ""transport"": 0.6083063400827283}","{""energy"": 0.0, ""water"": 0.0, ""transport"": 0.0}","{""energy"": 0.0, ""water"": 0.0, ""transport"": 0.0}","{""energy"": 0.0, ""water"": 0.0, ""transport"": 0.0}",0.3,0.1,,0.7386537099063764,,,[],,v1.0,0.7,0.3
S3_transport_load,324,324,4362893291887829268,scenario=S3_transport_load|method=both|duration=0|theta=0.300000|delta_threshold=0.100000|A=v1.0|w=na|run_id=324|seed=4362893291887829268,False,"{""step_1_amount"": 0.5604719796165516}",5222c37788a096d3910624247b4a1e76a3afcfe0df2ea7ddd6490cebc16a26a9,0.44666666666666677,0.7931668183042919,0.34650015163762515,10,0.0,0.0,0.44666666666666677,0.7931668183042919,0,1,0.34650015163762515,"{""energy"": 0.6666666666666667, ""water"": 0.2666666666666667, ""transport"": 0.33333333333333337}","{""energy"": 0.9108335860627087, ""water"": 0.4294446129306947, ""transport"": 1.0}","{""energy"": 0.24416691939604196, ""water"": 0.16277794626402797, ""transport"": 0.6666666666666666}","{""energy"": 0.0, ""water"": 0.0, ""transport"": 0.0}","{""energy"": 0.0, ""water"": 0.0, ""transport"": 0.0}","{""energy"": 0.0, ""water"": 0.0, ""transport"": 0.0}",0.3,0.1,,0.7931668183042919,,,[],,v1.0,0.7,0.3
S3_transport_load,325,325,11759755665414368745,scenario=S3_transport_load|method=both|duration=0|theta=0.300000|delta_threshold=0.100000|A=v1.0|w=na|run_id=325|seed=11759755665414368745,False,"{""step_1_amount"": 0.14725541796319389}",5222c37788a096d3910624247b4a1e76a3afcfe0df2ea7ddd6490cebc16a26a9,0.44666666666666677,0.6180747178869117,0.17140805122024494,20,0.0,0.0,0.44666666666666677,0.6180747178869117,0,1,0.17140805122024494,"{""energy"": 0.6666666666666667, ""water"": 0.2666666666666667, ""transport"": 0.33333333333333337}","{""energy"": 0.7737966986793199, ""water"": 0.33808668800843544, ""transport"": 0.6904334400421771}","{""energy"": 0.10713003201265314, ""water"": 0.07142002134176872, ""transport"": 0.35710010670884373}","{""energy"": 0.0, ""water"": 0.0, ""transport"": 0.0}","{""energy"": 0.0, ""water"": 0.0, ""transport"": 0.0}","{""energy"": 0.0, ""water"": 0.0, ""transport"": 0.0}",0.3,0.1,,0.6180747178869117,,,[],,v1.0,0.7,0.3
S3_transport_load,326,326,15920538447693976788,scenario=S3_transport_load|method=both|duration=0|theta=0.300000|delta_threshold=0.100000|A=v1.0|w=na|run_id=326|seed=15920538447693976788,False,"{""step_1_amount"": 0.343219861962249}",5222c37788a096d3910624247b4a1e76a3afcfe0df2ea7ddd6490cebc16a26a9,0.44666666666666677,0.7969524890407353,0.3502858223740686,27,0.0,0.0,0.44666666666666677,0.7969524890407353,0,1,0.3502858223740686,"{""energy"": 0.6666666666666667, ""water"": 0.2666666666666667, ""transport"": 0.33333333333333337}","{""energy"": 0.9171430372901144, ""water"": 0.43365091374896514, ""transport"": 1.0}","{""energy"": 0.25047637062344763, ""water"": 0.16698424708229842, ""transport"": 0.6666666666666666}","{""energy"": 0.0, ""water"": 0.0, ""transport"": 0.0}","{""energy"": 0.0, ""water"": 0.0, ""transport"": 0.0}","{""energy"": 0.0, ""water"": 0.0, ""transport"": 0.0}",0.3,0.1,,0.7969524890407353,,,[],,v1.0,0.7,0.3
S3_transport_load,327,327,15697755904530382664,scenario=S3_transport_load|method=both|duration=0|theta=0.300000|delta_threshold=0.100000|A=v1.0|w=na|run_id=327|seed=15697755904530382664,False,"{""step_1_amount"": 0.5121318049229271}",5222c37788a096d3910624247b4a1e76a3afcfe0df2ea7ddd6490cebc16a26a9,0.44666666666666677,0.7879387215154099,0.3412720548487431,30,0.0,0.0,0.44666666666666677,0.7879387215154099,0,1,0.3412720548487431,"{""energy"": 0.6666666666666667, ""water"": 0.2666666666666667, ""transport"": 0.33333333333333337}","{""energy"": 0.9021200914145721, ""water"": 0.4236356164986036, ""transport"": 1.0}","{""energy"": 0.23545342474790532, ""water"": 0.15696894983193688, ""transport"": 0.6666666666666666}","{""energy"": 0.0, ""water"": 0.0, ""transport"": 0.0}","{""energy"": 0.0, ""water"": 0.0, ""transport"": 0.0}","{""energy"": 0.0, ""water"": 0.0, ""transport"": 0.0}",0.3,0.1,,0.7879387215154099,,,[],,v1.0,0.7,0.3
S3_transport_load,328,328,11339705695749353065,scenario=S3_transport_load|method=both|duration=0|theta=0.300000|delta_threshold=0.100000|A=v1.0|w=na|run_id=328|seed=11339705695749353065,False,"{""step_1_amount"": 0.3476164377423736}",5222c37788a096d3910624247b4a1e76a3afcfe0df2ea7ddd6490cebc16a26a9,0.44666666666666677,0.7574911407460055,0.3108244740793388,13,0.0,0.0,0.44666666666666677,0.7574911407460055,0,1,0.3108244740793388,"{""energy"": 0.6666666666666667, ""water"": 0.2666666666666667, ""transport"": 0.33333333333333337}","{""energy"": 0.8609319629662535, ""water"": 0.39617686419972453, ""transport"": 0.9808843209986225}","{""energy"": 0.19426529629958678, ""water"": 0.1295101975330578, ""transport"": 0.6475509876652892}","{""energy"": 0.0, ""water"": 0.0, ""transport"": 0.0}","{""energy"": 0.0, ""water"": 0.0, ""transport"": 0.0}","{""energy"": 0.0, ""water"": 0.0, ""transport"": 0.0}",0.3,0.1,,0.7574911407460055,,,[],,v1.0,0.7,0.3
S3_transport_load,329,329,17526077234323375401,scenario=S3_transport_load|method=both|duration=0|theta=0.300000|delta_threshold=0.100000|A=v1.0|w=na|run_id=329|seed=17526077234323375401,False,"{""step_1_amount"": 0.43966107308600944}",5222c37788a096d3910624247b4a1e76a3afcfe0df2ea7ddd6490cebc16a26a9,0.44666666666666677,0.7785333961923304,0.33186672952566365,29,0.0,0.0,0.44666666666666677,0.7785333961923304,0,1,0.33186672952566365,"{""energy"": 0.6666666666666667, ""water"": 0.2666666666666667, ""transport"": 0.33333333333333337}","{""energy"": 0.8864445492094395, ""water"": 0.4131852550285152, ""transport"": 1.0}","{""energy"": 0.21977788254277275, ""water"": 0.1465185883618485, ""transport"": 0.6666666666666666}","{""energy"": 0.0, ""water"": 0.0, ""transport"": 0.0}","{""energy"": 0.0, ""water"": 0.0, ""transport"": 0.0}","{""energy"": 0.0, ""water"": 0.0, ""transport"": 0.0}",0.3,0.1,,0.7785333961923304,,,[],,v1.0,0.7,0.3
S3_transport_load,330,330,6744573259211684831,scenario=S3_transport_load|method=both|duration=0|theta=0.300000|delta_threshold=0.100000|A=v1.0|w=na|run_id=330|seed=6744573259211684831,False,"{""step_1_amount"": 0.18249515611014017}",5222c37788a096d3910624247b4a1e76a3afcfe0df2ea7ddd6490cebc16a26a9,0.44666666666666677,0.6949574884349988,0.24829082176833206,13,0.0,0.0,0.44666666666666677,0.6949574884349988,0,1,0.24829082176833206,"{""energy"": 0.6666666666666667, ""water"": 0.2666666666666667, ""transport"": 0.33333333333333337}","{""energy"": 0.812688063688233, ""water"": 0.44869676465426167, ""transport"": 0.7842441118780903}","{""energy"": 0.14602139702156625, ""water"": 0.18203009798759495, ""transport"": 0.4509107785447569}","{""energy"": 0.0, ""water"": 0.0, ""transport"": 0.0}","{""energy"": 0.0, ""water"": 0.0, ""transport"": 0.0}","{""energy"": 0.0, ""water"": 0.0, ""transport"": 0.0}",0.3,0.1,,0.6949574884349988,,,[],,v1.0,0.7,0.3
S3_transport_load,331,331,16386188647074029344,scenario=S3_transport_load|method=both|duration=0|theta=0.300000|delta_threshold=0.100000|A=v1.0|w=na|run_id=331|seed=16386188647074029344,False,"{""step_1_amount"": 0.17236522268934387}",5222c37788a096d3910624247b4a1e76a3afcfe0df2ea7ddd6490cebc16a26a9,0.44666666666666677,0.6548643202436664,0.2081976535769996,27,0.0,0.0,0.44666666666666677,0.6548643202436664,0,1,0.2081976535769996,"{""energy"": 0.6666666666666667, ""water"": 0.2666666666666667, ""transport"": 0.33333333333333337}","{""energy"": 0.7939183523795658, ""water"": 0.37804976099646437, ""transport"": 0.7462735033096692}","{""energy"": 0.12725168571289902, ""water"": 0.11138309432979765, ""transport"": 0.41294016997633587}","{""energy"": 0.0, ""water"": 0.0, ""transport"": 0.0}","{""energy"": 0.0, ""water"": 0.0, ""transport"": 0.0}","{""energy"": 0.0, ""water"": 0.0, ""transport"": 0.0}",0.3,0.1,,0.6548643202436664,,,[],,v1.0,0.7,0.3
S3_transport_load,332,332,9834945782496857977,scenario=S3_transport_load|method=both|duration=0|theta=0.300000|delta_threshold=0.100000|A=v1.0|w=na|run_id=332|seed=9834945782496857977,False,"{""step_1_amount"": 0.47769555556271287}",5222c37788a096d3910624247b4a1e76a3afcfe0df2ea7ddd6490cebc16a26a9,0.44666666666666677,0.7837238156998285,0.33705714903316175,8,0.0,0.0,0.44666666666666677,0.7837238156998285,0,1,0.33705714903316175,"{""energy"": 0.6666666666666667, ""water"": 0.2666666666666667, ""transport"": 0.33333333333333337}","{""energy"": 0.895095248388603, ""water"": 0.4189523878146242, ""transport"": 1.0}","{""energy"": 0.22842858172193625, ""water"": 0.15228572114795746, ""transport"": 0.6666666666666666}","{""energy"": 0.0, ""water"": 0.0, ""transport"": 0.0}","{""energy"": 0.0, ""water"": 0.0, ""transport"": 0.0}","{""energy"": 0.0, ""water"": 0.0, ""transport"": 0.0}",0.3,0.1,,0.7837238156998285,,,[],,v1.0,0.7,0.3
S3_transport_load,333,333,1347743139504346634,scenario=S3_transport_load|method=both|duration=0|theta=0.300000|delta_threshold=0.100000|A=v1.0|w=na|run_id=333|seed=1347743139504346634,False,"{""step_1_amount"": 0.3637834275383283}",5222c37788a096d3910624247b4a1e76a3afcfe0df2ea7ddd6490cebc16a26a9,0.44666666666666677,0.7655005164986902,0.31883384983202345,14,0.0,0.0,0.44666666666666677,0.7655005164986902,0,1,0.31883384983202345,"{""energy"": 0.6666666666666667, ""water"": 0.2666666666666667, ""transport"": 0.33333333333333337}","{""energy"": 0.8659378228116814, ""water"": 0.3995141040966765, ""transport"": 0.9975705204833821}","{""energy"": 0.19927115614501467, ""water"": 0.13284743743000976, ""transport"": 0.6642371871500488}","{""energy"": 0.0, ""water"": 0.0, ""transport"": 0.0}","{""energy"": 0.0, ""water"": 0.0, ""transport"": 0.0}","{""energy"": 0.0, ""water"": 0.0, ""transport"": 0.0}",0.3,0.1,,0.7655005164986902,,,[],,v1.0,0.7,0.3
S3_transport_load,334,334,2730084715108267957,scenario=S3_transport_load|method=both|duration=0|theta=0.300000|delta_threshold=0.100000|A=v1.0|w=na|run_id=334|seed=2730084715108267957,False,"{""step_1_amount"": 0.4802149809905183}",5222c37788a096d3910624247b4a1e76a3afcfe0df2ea7ddd6490cebc16a26a9,0.44666666666666677,0.7840471661065739,0.3373804994399071,13,0.0,0.0,0.44666666666666677,0.7840471661065739,0,1,0.3373804994399071,"{""energy"": 0.6666666666666667, ""water"": 0.2666666666666667, ""transport"": 0.33333333333333337}","{""energy"": 0.8956341657331787, ""water"": 0.41931166604434134, ""transport"": 1.0}","{""energy"": 0.22896749906651193, ""water"": 0.15264499937767462, ""transport"": 0.6666666666666666}","{""energy"": 0.0, ""water"": 0.0, ""transport"": 0.0}","{""energy"": 0.0, ""water"": 0.0, ""transport"": 0.0}","{""energy"": 0.0, ""water"": 0.0, ""transport"": 0.0}",0.3,0.1,,0.7840471661065739,,,[],,v1.0,0.7,0.3
S3_transport_load,335,335,11728205839884321162,scenario=S3_transport_load|method=both|duration=0|theta=0.300000|delta_threshold=0.100000|A=v1.0|w=na|run_id=335|seed=11728205839884321162,False,"{""step_1_amount"": 0.8026468768670336}",5222c37788a096d3910624247b4a1e76a3afcfe0df2ea7ddd6490cebc16a26a9,0.44666666666666677,0.8104665860154561,0.3637999193487893,8,0.0,1.0,0.44666666666666677,0.8104665860154561,1,1,0.3637999193487893,"{""energy"": 0.6666666666666667, ""water"": 0.2666666666666667, ""transport"": 0.33333333333333337}","{""energy"": 0.9396665322479821, ""water"": 0.4486665770542103, ""transport"": 1.0}","{""energy"": 0.2729998655813154, ""water"": 0.1819999103875436, ""transport"": 0.6666666666666666}","{""energy"": 0.0, ""water"": 0.0, ""transport"": 0.0}","{""energy"": 1.0, ""water"": 1.0, ""transport"": 1.0}","{""energy"": 1.0, ""water"": 1.0, ""transport"": 1.0}",0.3,0.1,,0.8104665860154561,,,"[""energy"", ""water""]",1,v1.0,0.7,0.3
S3_transport_load,336,336,18113904266870897093,scenario=S3_transport_load|method=both|duration=0|theta=0.300000|delta_threshold=0.100000|A=v1.0|w=na|run_id=336|seed=18113904266870897093,False,"{""step_1_amount"": 0.4649755046326313}",5222c37788a096d3910624247b4a1e76a3afcfe0df2ea7ddd6490cebc16a26a9,0.44666666666666677,0.782053441778515,0.3353867751118482,27,0.0,0.0,0.44666666666666677,0.782053441778515,0,1,0.3353867751118482,"{""energy"": 0.6666666666666667, ""water"": 0.2666666666666667, ""transport"": 0.33333333333333337}","{""energy"": 0.8923112918530804, ""water"": 0.4170964167909425, ""transport"": 1.0}","{""energy"": 0.2256446251864137, ""water"": 0.15042975012427579, ""transport"": 0.6666666666666666}","{""energy"": 0.0, ""water"": 0.0, ""transport"": 0.0}","{""energy"": 0.0, ""water"": 0.0, ""transport"": 0.0}","{""energy"": 0.0, ""water"": 0.0, ""transport"": 0.0}",0.3,0.1,,0.782053441778515,,,[],,v1.0,0.7,0.3
S3_transport_load,337,337,13134486105508025718,scenario=S3_transport_load|method=both|duration=0|theta=0.300000|delta_threshold=0.100000|A=v1.0|w=na|run_id=337|seed=13134486105508025718,False,"{""step_1_amount"": 0.46390699476968605}",5222c37788a096d3910624247b4a1e76a3afcfe0df2ea7ddd6490cebc16a26a9,0.44666666666666677,0.8128513213866051,0.36618465471993833,27,0.0,1.0,0.44666666666666677,0.8128513213866051,1,1,0.36618465471993833,"{""energy"": 0.6666666666666667, ""water"": 0.2666666666666667, ""transport"": 0.33333333333333337}","{""energy"": 0.9436410911998974, ""water"": 0.4513162830221539, ""transport"": 1.0}","{""energy"": 0.2769744245332306, ""water"": 0.18464961635548716, ""transport"": 0.6666666666666666}","{""energy"": 0.0, ""water"": 0.0, ""transport"": 0.0}","{""energy"": 1.0, ""water"": 1.0, ""transport"": 1.0}","{""energy"": 1.0, ""water"": 1.0, ""transport"": 1.0}",0.3,0.1,,0.8128513213866051,,,"[""energy"", ""water""]",2,v1.0,0.7,0.3
S3_transport_load,338,338,15776872482121096702,scenario=S3_transport_load|method=both|duration=0|theta=0.300000|delta_threshold=0.100000|A=v1.0|w=na|run_id=338|seed=15776872482121096702,False,"{""step_1_amount"": 0.3049785518084352}",5222c37788a096d3910624247b4a1e76a3afcfe0df2ea7ddd6490cebc16a26a9,0.44666666666666677,0.7344063156008418,0.28773964893417503,29,0.0,0.0,0.44666666666666677,0.7344063156008418,0,1,0.28773964893417503,"{""energy"": 0.6666666666666667, ""water"": 0.2666666666666667, ""transport"": 0.33333333333333337}","{""energy"": 0.8465039472505261, ""water"": 0.38655818705590633, ""transport"": 0.9327909352795315}","{""energy"": 0.1798372805838594, ""water"": 0.11989152038923961, ""transport"": 0.5994576019461981}","{""energy"": 0.0, ""water"": 0.0, ""transport"": 0.0}","{""energy"": 0.0, ""water"": 0.0, ""transport"": 0.0}","{""energy"": 0.0, ""water"": 0.0, ""transport"": 0.0}",0.3,0.1,,0.7344063156008418,,,[],,v1.0,0.7,0.3
S3_transport_load,339,339,13625151189679482737,scenario=S3_transport_load|method=both|duration=0|theta=0.300000|delta_threshold=0.100000|A=v1.0|w=na|run_id=339|seed=13625151189679482737,False,"{""step_1_amount"": 0.1784380723406414}",5222c37788a096d3910624247b4a1e76a3afcfe0df2ea7ddd6490cebc16a26a9,0.44666666666666677,0.6456337265802214,0.19896705991355468,24,0.0,0.0,0.44666666666666677,0.6456337265802214,0,1,0.19896705991355468,"{""energy"": 0.6666666666666667, ""water"": 0.2666666666666667, ""transport"": 0.33333333333333337}","{""energy"": 0.7910210791126384, ""water"": 0.34956960829731454, ""transport"": 0.7478480414865725}","{""energy"": 0.12435441244597167, ""water"": 0.08290294163064782, ""transport"": 0.4145147081532391}","{""energy"": 0.0, ""water"": 0.0, ""transport"": 0.0}","{""energy"": 0.0, ""water"": 0.0, ""transport"": 0.0}","{""energy"": 0.0, ""water"": 0.0, ""transport"": 0.0}",0.3,0.1,,0.6456337265802214,,,[],,v1.0,0.7,0.3
S3_transport_load,340,340,17918200734384796355,scenario=S3_transport_load|method=both|duration=0|theta=0.300000|delta_threshold=0.100000|A=v1.0|w=na|run_id=340|seed=17918200734384796355,False,"{""step_1_amount"": 0.364483716124997}",5222c37788a096d3910624247b4a1e76a3afcfe0df2ea7ddd6490cebc16a26a9,0.44666666666666677,0.7658387495296929,0.3191720828630261,12,0.0,0.0,0.44666666666666677,0.7658387495296929,0,1,0.3191720828630261,"{""energy"": 0.6666666666666667, ""water"": 0.2666666666666667, ""transport"": 0.33333333333333337}","{""energy"": 0.8661492184560581, ""water"": 0.39965503452626094, ""transport"": 0.9982751726313045}","{""energy"": 0.19948255178939134, ""water"": 0.13298836785959423, ""transport"": 0.6649418392979711}","{""energy"": 0.0, ""water"": 0.0, ""transport"": 0.0}","{""energy"": 0.0, ""water"": 0.0, ""transport"": 0.0}","{""energy"": 0.0, ""water"": 0.0, ""transport"": 0.0}",0.3,0.1,,0.7658387495296929,,,[],,v1.0,0.7,0.3
S3_transport_load,341,341,15908979217778120492,scenario=S3_transport_load|method=both|duration=0|theta=0.300000|delta_threshold=0.100000|A=v1.0|w=na|run_id=341|seed=15908979217778120492,False,"{""step_1_amount"": 0.46647901532499253}",5222c37788a096d3910624247b4a1e76a3afcfe0df2ea7ddd6490cebc16a26a9,0.44666666666666677,0.8117724842809957,0.3651058176143289,27,0.0,1.0,0.44666666666666677,0.8117724842809957,1,1,0.3651058176143289,"{""energy"": 0.6666666666666667, ""water"": 0.2666666666666667, ""transport"": 0.33333333333333337}","{""energy"": 0.9418430293572149, ""water"": 0.4501175751270321, ""transport"": 1.0}","{""energy"": 0.2751763626905481, ""water"": 0.18345090846036538, ""transport"": 0.6666666666666666}","{""energy"": 0.0, ""water"": 0.0, ""transport"": 0.0}","{""energy"": 1.0, ""water"": 1.0, ""transport"": 1.0}","{""energy"": 1.0, ""water"": 1.0, ""transport"": 1.0}",0.3,0.1,,0.8117724842809957,,,"[""energy"", ""water""]",2,v1.0,0.7,0.3
S3_transport_load,342,342,16304392941438412099,scenario=S3_transport_load|method=both|duration=0|theta=0.300000|delta_threshold=0.100000|A=v1.0|w=na|run_id=342|seed=16304392941438412099,False,"{""step_1_amount"": 0.5130622053797039}",5222c37788a096d3910624247b4a1e76a3afcfe0df2ea7ddd6490cebc16a26a9,0.44666666666666677,0.788046668288295,0.3413800016216282,6,0.0,0.0,0.44666666666666677,0.788046668288295,0,1,0.3413800016216282,"{""energy"": 0.6666666666666667, ""water"": 0.2666666666666667, ""transport"": 0.33333333333333337}","{""energy"": 0.9023000027027139, ""water"": 0.4237555573573649, ""transport"": 1.0}","{""energy"": 0.2356333360360472, ""water"": 0.1570888906906982, ""transport"": 0.6666666666666666}","{""energy"": 0.0, ""water"": 0.0, ""transport"": 0.0}","{""energy"": 0.0, ""water"": 0.0, ""transport"": 0.0}","{""energy"": 0.0, ""water"": 0.0, ""transport"": 0.0}",0.3,0.1,,0.788046668288295,,,[],,v1.0,0.7,0.3
S3_transport_load,343,343,8282671593860285957,scenario=S3_transport_load|method=both|duration=0|theta=0.300000|delta_threshold=0.100000|A=v1.0|w=na|run_id=343|seed=8282671593860285957,False,"{""step_1_amount"": 0.5814447285021052}",5222c37788a096d3910624247b4a1e76a3afcfe0df2ea7ddd6490cebc16a26a9,0.44666666666666677,0.803475806502252,0.35680913983558527,8,0.0,1.0,0.44666666666666677,0.803475806502252,1,1,0.35680913983558527,"{""energy"": 0.6666666666666667, ""water"": 0.2666666666666667, ""transport"": 0.33333333333333337}","{""energy"": 0.928015233059309, ""water"": 0.44089904426176163, ""transport"": 1.0}","{""energy"": 0.26134856639264226, ""water"": 0.1742323775950949, ""transport"": 0.6666666666666666}","{""energy"": 0.0, ""water"": 0.0, ""transport"": 0.0}","{""energy"": 1.0, ""water"": 1.0, ""transport"": 1.0}","{""energy"": 1.0, ""water"": 1.0, ""transport"": 1.0}",0.3,0.1,,0.803475806502252,,,"[""energy"", ""water""]",2,v1.0,0.7,0.3
S3_transport_load,344,344,628086041838965967,scenario=S3_transport_load|method=both|duration=0|theta=0.300000|delta_threshold=0.100000|A=v1.0|w=na|run_id=344|seed=628086041838965967,False,"{""step_1_amount"": 0.27690584454577144}",5222c37788a096d3910624247b4a1e76a3afcfe0df2ea7ddd6490cebc16a26a9,0.44666666666666677,0.7175131377500279,0.27084647108336113,7,0.0,0.0,0.44666666666666677,0.7175131377500279,0,1,0.27084647108336113,"{""energy"": 0.6666666666666667, ""water"": 0.2666666666666667, ""transport"": 0.33333333333333337}","{""energy"": 0.8359457110937675, ""water"": 0.37951936295140054, ""transport"": 0.8975968147570026}","{""energy"": 0.16927904442710073, ""water"": 0.11285269628473382, ""transport"": 0.5642634814236692}","{""energy"": 0.0, ""water"": 0.0, ""transport"": 0.0}","{""energy"": 0.0, ""water"": 0.0, ""transport"": 0.0}","{""energy"": 0.0, ""water"": 0.0, ""transport"": 0.0}",0.3,0.1,,0.7175131377500279,,,[],,v1.0,0.7,0.3
S3_transport_load,345,345,1730113620442676886,scenario=S3_transport_load|method=both|duration=0|theta=0.300000|delta_threshold=0.100000|A=v1.0|w=na|run_id=345|seed=1730113620442676886,False,"{""step_1_amount"": 0.6847385507369456}",5222c37788a096d3910624247b4a1e76a3afcfe0df2ea7ddd6490cebc16a26a9,0.44666666666666677,0.8352235293880919,0.3885568627214251,7,0.0,1.0,0.44666666666666677,0.8352235293880919,1,1,0.3885568627214251,"{""energy"": 0.6666666666666667, ""water"": 0.2666666666666667, ""transport"": 0.33333333333333337}","{""energy"": 0.9609508277446253, ""water"": 0.5028106609674725, ""transport"": 1.0}","{""energy"": 0.2942841610779585, ""water"": 0.2361439943008058, ""transport"": 0.6666666666666666}","{""energy"": 0.0, ""water"": 0.0, ""transport"": 0.0}","{""energy"": 1.0, ""water"": 1.0, ""transport"": 1.0}","{""energy"": 1.0, ""water"": 1.0, ""transport"": 1.0}",0.3,0.1,,0.8352235293880919,,,"[""energy"", ""water""]",1,v1.0,0.7,0.3
S3_transport_load,346,346,1658758050590262446,scenario=S3_transport_load|method=both|duration=0|theta=0.300000|delta_threshold=0.100000|A=v1.0|w=na|run_id=346|seed=1658758050590262446,False,"{""step_1_amount"": 0.44341747462696457}",5222c37788a096d3910624247b4a1e76a3afcfe0df2ea7ddd6490cebc16a26a9,0.44666666666666677,0.7790727749732691,0.33240610830660233,11,0.0,0.0,0.44666666666666677,0.7790727749732691,0,1,0.33240610830660233,"{""energy"": 0.6666666666666667, ""water"": 0.2666666666666667, ""transport"": 0.33333333333333337}","{""energy"": 0.8873435138443374, ""water"": 0.41378456478511383, ""transport"": 1.0}","{""energy"": 0.22067684717767067, ""water"": 0.1471178981184471, ""transport"": 0.6666666666666666}","{""energy"": 0.0, ""water"": 0.0, ""transport"": 0.0}","{""energy"": 0.0, ""water"": 0.0, ""transport"": 0.0}","{""energy"": 0.0, ""water"": 0.0, ""transport"": 0.0}",0.3,0.1,,0.7790727749732691,,,[],,v1.0,0.7,0.3
S3_transport_load,347,347,1815167766485337340,scenario=S3_transport_load|method=both|duration=0|theta=0.300000|delta_threshold=0.100000|A=v1.0|w=na|run_id=347|seed=1815167766485337340,False,"{""step_1_amount"": 0.3262241267354137}",5222c37788a096d3910624247b4a1e76a3afcfe0df2ea7ddd6490cebc16a26a9,0.44666666666666677,0.7462780105416573,0.29961134387499055,15,0.0,0.0,0.44666666666666677,0.7462780105416573,0,1,0.29961134387499055,"{""energy"": 0.6666666666666667, ""water"": 0.2666666666666667, ""transport"": 0.33333333333333337}","{""energy"": 0.8539237565885358, ""water"": 0.39150472661457947, ""transport"": 0.957523633072897}","{""energy"": 0.18725708992186907, ""water"": 0.12483805994791275, ""transport"": 0.6241902997395636}","{""energy"": 0.0, ""water"": 0.0, ""transport"": 0.0}","{""energy"": 0.0, ""water"": 0.0, ""transport"": 0.0}","{""energy"": 0.0, ""water"": 0.0, ""transport"": 0.0}",0.3,0.1,,0.7462780105416573,,,[],,v1.0,0.7,0.3
S3_transport_load,348,348,10928863570560039750,scenario=S3_transport_load|method=both|duration=0|theta=0.300000|delta_threshold=0.100000|A=v1.0|w=na|run_id=348|seed=10928863570560039750,False,"{""step_1_amount"": 0.4941535636771882}",5222c37788a096d3910624247b4a1e76a3afcfe0df2ea7ddd6490cebc16a26a9,0.44666666666666677,0.8159992195572463,0.36933255289057954,16,0.0,1.0,0.44666666666666677,0.8159992195572463,1,1,0.36933255289057954,"{""energy"": 0.6666666666666667, ""water"": 0.2666666666666667, ""transport"": 0.33333333333333337}","{""energy"": 0.9488875881509662, ""water"": 0.45481394765619976, ""transport"": 1.0}","{""energy"": 0.28222092148429945, ""water"": 0.18814728098953304, ""transport"": 0.6666666666666666}","{""energy"": 0.0, ""water"": 0.0, ""transport"": 0.0}","{""energy"": 1.0, ""water"": 1.0, ""transport"": 1.0}","{""energy"": 1.0, ""water"": 1.0, ""transport"": 1.0}",0.3,0.1,,0.8159992195572463,,,"[""energy"", ""water""]",2,v1.0,0.7,0.3
S3_transport_load,349,349,6481999825201478310,scenario=S3_transport_load|method=both|duration=0|theta=0.300000|delta_threshold=0.100000|A=v1.0|w=na|run_id=349|seed=6481999825201478310,False,"{""step_1_amount"": 0.36833498232397527}",5222c37788a096d3910624247b4a1e76a3afcfe0df2ea7ddd6490cebc16a26a9,0.44666666666666677,0.7670490027796242,0.3203823361129574,17,0.0,0.0,0.44666666666666677,0.7670490027796242,0,1,0.3203823361129574,"{""energy"": 0.6666666666666667, ""water"": 0.2666666666666667, ""transport"": 0.33333333333333337}","{""energy"": 0.8673038935215958, ""water"": 0.40042481790328605, ""transport"": 1.0}","{""energy"": 0.20063722685492902, ""water"": 0.13375815123661933, ""transport"": 0.6666666666666666}","{""energy"": 0.0, ""water"": 0.0, ""transport"": 0.0}","{""energy"": 0.0, ""water"": 0.0, ""transport"": 0.0}","{""energy"": 0.0, ""water"": 0.0, ""transport"": 0.0}",0.3,0.1,,0.7670490027796242,,,[],,v1.0,0.7,0.3
S3_transport_load,350,350,9696482253667461113,scenario=S3_transport_load|method=both|duration=0|theta=0.300000|delta_threshold=0.100000|A=v1.0|w=na|run_id=350|seed=9696482253667461113,False,"{""step_1_amount"": 0.5384058866496509}",5222c37788a096d3910624247b4a1e76a3afcfe0df2ea7ddd6490cebc16a26a9,0.44666666666666677,0.7908741374255539,0.34420747075888714,22,0.0,0.0,0.44666666666666677,0.7908741374255539,0,1,0.34420747075888714,"{""energy"": 0.6666666666666667, ""water"": 0.2666666666666667, ""transport"": 0.33333333333333337}","{""energy"": 0.907012451264812, ""water"": 0.4268971897320969, ""transport"": 1.0}","{""energy"": 0.24034578459814526, ""water"": 0.16023052306543017, ""transport"": 0.6666666666666666}","{""energy"": 0.0, ""water"": 0.0, ""transport"": 0.0}","{""energy"": 0.0, ""water"": 0.0, ""transport"": 0.0}","{""energy"": 0.0, ""water"": 0.0, ""transport"": 0.0}",0.3,0.1,,0.7908741374255539,,,[],,v1.0,0.7,0.3
S3_transport_load,351,351,14829188380811529123,scenario=S3_transport_load|method=both|duration=0|theta=0.300000|delta_threshold=0.100000|A=v1.0|w=na|run_id=351|seed=14829188380811529123,False,"{""step_1_amount"": 0.1576038034457651}",5222c37788a096d3910624247b4a1e76a3afcfe0df2ea7ddd6490cebc16a26a9,0.44666666666666677,0.6960975846400356,0.2494309179733688,24,0.0,0.0,0.44666666666666677,0.6960975846400356,0,1,0.2494309179733688,"{""energy"": 0.6666666666666667, ""water"": 0.2666666666666667, ""transport"": 0.33333333333333337}","{""energy"": 0.8225609904000223, ""water"": 0.37059621582223706, ""transport"": 0.8529810791111851}","{""energy"": 0.15589432373335554, ""water"": 0.10392954915557034, ""transport"": 0.5196477457778518}","{""energy"": 0.0, ""water"": 0.0, ""transport"": 0.0}","{""energy"": 0.0, ""water"": 0.0, ""transport"": 0.0}","{""energy"": 0.0, ""water"": 0.0, ""transport"": 0.0}",0.3,0.1,,0.6960975846400356,,,[],,v1.0,0.7,0.3
S3_transport_load,352,352,3336916394800997565,scenario=S3_transport_load|method=both|duration=0|theta=0.300000|delta_threshold=0.100000|A=v1.0|w=na|run_id=352|seed=3336916394800997565,False,"{""step_1_amount"": 0.3746594096395458}",5222c37788a096d3910624247b4a1e76a3afcfe0df2ea7ddd6490cebc16a26a9,0.44666666666666677,0.7681694823253755,0.32150281565870875,29,0.0,0.0,0.44666666666666677,0.7681694823253755,0,1,0.32150281565870875,"{""energy"": 0.6666666666666667, ""water"": 0.2666666666666667, ""transport"": 0.33333333333333337}","{""energy"": 0.8691713594311813, ""water"": 0.40166979517634316, ""transport"": 1.0}","{""energy"": 0.20250469276451455, ""water"": 0.13500312850967644, ""transport"": 0.6666666666666666}","{""energy"": 0.0, ""water"": 0.0, ""transport"": 0.0}","{""energy"": 0.0, ""water"": 0.0, ""transport"": 0.0}","{""energy"": 0.0, ""water"": 0.0, ""transport"": 0.0}",0.3,0.1,,0.7681694823253755,,,[],,v1.0,0.7,0.3
S3_transport_load,353,353,1884097968637004391,scenario=S3_transport_load|method=both|duration=0|theta=0.300000|delta_threshold=0.100000|A=v1.0|w=na|run_id=353|seed=1884097968637004391,False,"{""step_1_amount"": 0.16538716035669104}",5222c37788a096d3910624247b4a1e76a3afcfe0df2ea7ddd6490cebc16a26a9,0.44666666666666677,0.6344122762895141,0.18774560962284736,21,0.0,0.0,0.44666666666666677,0.6344122762895141,0,1,0.18774560962284736,"{""energy"": 0.6666666666666667, ""water"": 0.2666666666666667, ""transport"": 0.33333333333333337}","{""energy"": 0.7840076726809464, ""water"": 0.3448940040095198, ""transport"": 0.7244700200475988}","{""energy"": 0.11734100601427966, ""water"": 0.07822733734285309, ""transport"": 0.3911366867142654}","{""energy"": 0.0, ""water"": 0.0, ""transport"": 0.0}","{""energy"": 0.0, ""water"": 0.0, ""transport"": 0.0}","{""energy"": 0.0, ""water"": 0.0, ""transport"": 0.0}",0.3,0.1,,0.6344122762895141,,,[],,v1.0,0.7,0.3
S3_transport_load,354,354,5285821175496906834,scenario=S3_transport_load|method=both|duration=0|theta=0.300000|delta_threshold=0.100000|A=v1.0|w=na|run_id=354|seed=5285821175496906834,False,"{""step_1_amount"": 0.8055771331471958}",5222c37788a096d3910624247b4a1e76a3afcfe0df2ea7ddd6490cebc16a26a9,0.44666666666666677,0.8106083730579969,0.36394170639133017,24,0.0,1.0,0.44666666666666677,0.8106083730579969,1,1,0.36394170639133017,"{""energy"": 0.6666666666666667, ""water"": 0.2666666666666667, ""transport"": 0.33333333333333337}","{""energy"": 0.9399028439855506, ""water"": 0.4488241182125893, ""transport"": 1.0}","{""energy"": 0.27323617731888383, ""water"": 0.18215745154592256, ""transport"": 0.6666666666666666}","{""energy"": 0.0, ""water"": 0.0, ""transport"": 0.0}","{""energy"": 1.0, ""water"": 1.0, ""transport"": 1.0}","{""energy"": 1.0, ""water"": 1.0, ""transport"": 1.0}",0.3,0.1,,0.8106083730579969,,,"[""energy"", ""water""]",1,v1.0,0.7,0.3
S3_transport_load,355,355,18217797916792145030,scenario=S3_transport_load|method=both|duration=0|theta=0.300000|delta_threshold=0.100000|A=v1.0|w=na|run_id=355|seed=18217797916792145030,False,"{""step_1_amount"": 0.647513781421655}",5222c37788a096d3910624247b4a1e76a3afcfe0df2ea7ddd6490cebc16a26a9,0.44666666666666677,0.800865608457302,0.35419894179063527,5,0.0,1.0,0.44666666666666677,0.800865608457302,1,1,0.35419894179063527,"{""energy"": 0.6666666666666667, ""water"": 0.2666666666666667, ""transport"": 0.33333333333333337}","{""energy"": 0.9236649029843924, ""water"": 0.4379988242118172, ""transport"": 1.0}","{""energy"": 0.25699823631772567, ""water"": 0.17133215754515047, ""transport"": 0.6666666666666666}","{""energy"": 0.0, ""water"": 0.0, ""transport"": 0.0}","{""energy"": 1.0, ""water"": 1.0, ""transport"": 1.0}","{""energy"": 1.0, ""water"": 1.0, ""transport"": 1.0}",0.3,0.1,,0.800865608457302,,,"[""energy"", ""water""]",1,v1.0,0.7,0.3
S3_transport_load,356,356,217231255428775977,scenario=S3_transport_load|method=both|duration=0|theta=0.300000|delta_threshold=0.100000|A=v1.0|w=na|run_id=356|seed=217231255428775977,False,"{""step_1_amount"": 0.2588225237448723}",5222c37788a096d3910624247b4a1e76a3afcfe0df2ea7ddd6490cebc16a26a9,0.44666666666666677,0.7058531492311859,0.25918648256451915,21,0.0,0.0,0.44666666666666677,0.7058531492311859,0,1,0.25918648256451915,"{""energy"": 0.6666666666666667, ""water"": 0.2666666666666667, ""transport"": 0.33333333333333337}","{""energy"": 0.8286582182694912, ""water"": 0.37466103440188303, ""transport"": 0.8733051720094148}","{""energy"": 0.1619915516028244, ""water"": 0.10799436773521631, ""transport"": 0.5399718386760815}","{""energy"": 0.0, ""water"": 0.0, ""transport"": 0.0}","{""energy"": 0.0, ""water"": 0.0, ""transport"": 0.0}","{""energy"": 0.0, ""water"": 0.0, ""transport"": 0.0}",0.3,0.1,,0.7058531492311859,,,[],,v1.0,0.7,0.3
S3_transport_load,357,357,7902620014221238723,scenario=S3_transport_load|method=both|duration=0|theta=0.300000|delta_threshold=0.100000|A=v1.0|w=na|run_id=357|seed=7902620014221238723,False,"{""step_1_amount"": 0.4745997662066889}",5222c37788a096d3910624247b4a1e76a3afcfe0df2ea7ddd6490cebc16a26a9,0.44666666666666677,0.7833231318680471,0.3366564652013804,29,0.0,0.0,0.44666666666666677,0.7833231318680471,0,1,0.3366564652013804,"{""energy"": 0.6666666666666667, ""water"": 0.2666666666666667, ""transport"": 0.33333333333333337}","{""energy"": 0.8944274420023007, ""water"": 0.4185071835570894, ""transport"": 1.0}","{""energy"": 0.227760775335634, ""water"": 0.15184051689042266, ""transport"": 0.6666666666666666}","{""energy"": 0.0, ""water"": 0.0, ""transport"": 0.0}","{""energy"": 0.0, ""water"": 0.0, ""transport"": 0.0}","{""energy"": 0.0, ""water"": 0.0, ""transport"": 0.0}",0.3,0.1,,0.7833231318680471,,,[],,v1.0,0.7,0.3
S3_transport_load,358,358,10436201293799307844,scenario=S3_transport_load|method=both|duration=0|theta=0.300000|delta_threshold=0.100000|A=v1.0|w=na|run_id=358|seed=10436201293799307844,False,"{""step_1_amount"": 0.2366108071044725}",5222c37788a096d3910624247b4a1e76a3afcfe0df2ea7ddd6490cebc16a26a9,0.44666666666666677,0.7284496333969994,0.28178296673033265,23,0.0,0.0,0.44666666666666677,0.7284496333969994,0,1,0.28178296673033265,"{""energy"": 0.6666666666666667, ""water"": 0.2666666666666667, ""transport"": 0.33333333333333337}","{""energy"": 0.8352387871730584, ""water"": 0.4487718407648738, ""transport"": 0.8657418876610465}","{""energy"": 0.1685721205063917, ""water"": 0.1821051740982071, ""transport"": 0.5324085543277132}","{""energy"": 0.0, ""water"": 0.0, ""transport"": 0.0}","{""energy"": 0.0, ""water"": 0.0, ""transport"": 0.0}","{""energy"": 0.0, ""water"": 0.0, ""transport"": 0.0}",0.3,0.1,,0.7284496333969994,,,[],,v1.0,0.7,0.3
S3_transport_load,359,359,6425743008473400146,scenario=S3_transport_load|method=both|duration=0|theta=0.300000|delta_threshold=0.100000|A=v1.0|w=na|run_id=359|seed=6425743008473400146,False,"{""step_1_amount"": 0.3630231039062009}",5222c37788a096d3910624247b4a1e76a3afcfe0df2ea7ddd6490cebc16a26a9,0.44666666666666677,0.7651324816218841,0.3184658149552173,30,0.0,0.0,0.44666666666666677,0.7651324816218841,0,1,0.3184658149552173,"{""energy"": 0.6666666666666667, ""water"": 0.2666666666666667, ""transport"": 0.33333333333333337}","{""energy"": 0.8657078010136776, ""water"": 0.3993607562313407, ""transport"": 0.9968037811567031}","{""energy"": 0.19904113434701087, ""water"": 0.132694089564674, ""transport"": 0.6634704478233697}","{""energy"": 0.0, ""water"": 0.0, ""transport"": 0.0}","{""energy"": 0.0, ""water"": 0.0, ""transport"": 0.0}","{""energy"": 0.0, ""water"": 0.0, ""transport"": 0.0}",0.3,0.1,,0.7651324816218841,,,[],,v1.0,0.7,0.3
S3_transport_load,360,360,14194917381555101467,scenario=S3_transport_load|method=both|duration=0|theta=0.300000|delta_threshold=0.100000|A=v1.0|w=na|run_id=360|seed=14194917381555101467,False,"{""step_1_amount"": 0.7500151877922663}",5222c37788a096d3910624247b4a1e76a3afcfe0df2ea7ddd6490cebc16a26a9,0.44666666666666677,0.8076956706406548,0.36102900397398807,7,0.0,1.0,0.44666666666666677,0.8076956706406548,1,1,0.36102900397398807,"{""energy"": 0.6666666666666667, ""water"": 0.2666666666666667, ""transport"": 0.33333333333333337}","{""energy"": 0.935048339956647, ""water"": 0.4455877821933203, ""transport"": 1.0}","{""energy"": 0.2683816732899803, ""water"": 0.17892111552665357, ""transport"": 0.6666666666666666}","{""energy"": 0.0, ""water"": 0.0, ""transport"": 0.0}","{""energy"": 1.0, ""water"": 1.0, ""transport"": 1.0}","{""energy"": 1.0, ""water"": 1.0, ""transport"": 1.0}",0.3,0.1,,0.8076956706406548,,,"[""energy"", ""water""]",1,v1.0,0.7,0.3
S3_transport_load,361,361,4042329474064923725,scenario=S3_transport_load|method=both|duration=0|theta=0.300000|delta_threshold=0.100000|A=v1.0|w=na|run_id=361|seed=4042329474064923725,False,"{""step_1_amount"": 0.8367466187110499}",5222c37788a096d3910624247b4a1e76a3afcfe0df2ea7ddd6490cebc16a26a9,0.44666666666666677,0.8120418918597607,0.36537522519309396,5,0.0,1.0,0.44666666666666677,0.8120418918597607,1,1,0.36537522519309396,"{""energy"": 0.6666666666666667, ""water"": 0.2666666666666667, ""transport"": 0.33333333333333337}","{""energy"": 0.9422920419884901, ""water"": 0.4504169168812157, ""transport"": 1.0}","{""energy"": 0.2756253753218234, ""water"": 0.183750250214549, ""transport"": 0.6666666666666666}","{""energy"": 0.0, ""water"": 0.0, ""transport"": 0.0}","{""energy"": 1.0, ""water"": 1.0, ""transport"": 1.0}","{""energy"": 1.0, ""water"": 1.0, ""transport"": 1.0}",0.3,0.1,,0.8120418918597607,,,"[""energy"", ""water""]",1,v1.0,0.7,0.3
S3_transport_load,362,362,9580795284889580248,scenario=S3_transport_load|method=both|duration=0|theta=0.300000|delta_threshold=0.100000|A=v1.0|w=na|run_id=362|seed=9580795284889580248,False,"{""step_1_amount"": 0.6597132017413956}",5222c37788a096d3910624247b4a1e76a3afcfe0df2ea7ddd6490cebc16a26a9,0.44666666666666677,0.8017928118117867,0.35512614514512,5,0.0,1.0,0.44666666666666677,0.8017928118117867,1,1,0.35512614514512,"{""energy"": 0.6666666666666667, ""water"": 0.2666666666666667, ""transport"": 0.33333333333333337}","{""energy"": 0.9252102419085333, ""water"": 0.4390290501612444, ""transport"": 1.0}","{""energy"": 0.25854357524186655, ""water"": 0.17236238349457766, ""transport"": 0.6666666666666666}","{""energy"": 0.0, ""water"": 0.0, ""transport"": 0.0}","{""energy"": 1.0, ""water"": 1.0, ""transport"": 1.0}","{""energy"": 1.0, ""water"": 1.0, ""transport"": 1.0}",0.3,0.1,,0.8017928118117867,,,"[""energy"", ""water""]",1,v1.0,0.7,0.3
S3_transport_load,363,363,822763826910103913,scenario=S3_transport_load|method=both|duration=0|theta=0.300000|delta_threshold=0.100000|A=v1.0|w=na|run_id=363|seed=822763826910103913,False,"{""step_1_amount"": 0.547151673367619}",5222c37788a096d3910624247b4a1e76a3afcfe0df2ea7ddd6490cebc16a26a9,0.44666666666666677,0.81677442241247,0.37010775574580324,14,0.0,0.0,0.44666666666666677,0.81677442241247,0,1,0.37010775574580324,"{""energy"": 0.6666666666666667, ""water"": 0.2666666666666667, ""transport"": 0.33333333333333337}","{""energy"": 0.9217011586061588, ""water"": 0.49364652990002145, ""transport"": 1.0}","{""energy"": 0.255034491939492, ""water"": 0.22697986323335473, ""transport"": 0.6666666666666666}","{""energy"": 0.0, ""water"": 0.0, ""transport"": 0.0}","{""energy"": 0.0, ""water"": 0.0, ""transport"": 0.0}","{""energy"": 0.0, ""water"": 0.0, ""transport"": 0.0}",0.3,0.1,,0.81677442241247,,,[],,v1.0,0.7,0.3
S3_transport_load,364,364,7566564938597794971,scenario=S3_transport_load|method=both|duration=0|theta=0.300000|delta_threshold=0.100000|A=v1.0|w=na|run_id=364|seed=7566564938597794971,False,"{""step_1_amount"": 0.1344156773525813}",5222c37788a096d3910624247b4a1e76a3afcfe0df2ea7ddd6490cebc16a26a9,0.44666666666666677,0.6059560945485445,0.15928942788187772,16,0.0,0.0,0.44666666666666677,0.6059560945485445,0,0,0.15928942788187772,"{""energy"": 0.6666666666666667, ""water"": 0.2666666666666667, ""transport"": 0.33333333333333337}","{""energy"": 0.7662225590928403, ""water"": 0.33303726161744907, ""transport"": 0.6651863080872452}","{""energy"": 0.09955589242617358, ""water"": 0.06637059495078235, ""transport"": 0.33185297475391184}","{""energy"": 0.0, ""water"": 0.0, ""transport"": 0.0}","{""energy"": 0.0, ""water"": 0.0, ""transport"": 0.0}","{""energy"": 0.0, ""water"": 0.0, ""transport"": 0.0}",0.3,0.1,,0.6059560945485445,,,[],,v1.0,0.7,0.3
S3_transport_load,365,365,1720971264167036625,scenario=S3_transport_load|method=both|duration=0|theta=0.300000|delta_threshold=0.100000|A=v1.0|w=na|run_id=365|seed=1720971264167036625,False,"{""step_1_amount"": 0.31617868630552226}",5222c37788a096d3910624247b4a1e76a3afcfe0df2ea7ddd6490cebc16a26a9,0.44666666666666677,0.8258105703973382,0.3791439037306714,18,0.0,1.0,0.44666666666666677,0.8258105703973382,1,1,0.3791439037306714,"{""energy"": 0.6666666666666667, ""water"": 0.2666666666666667, ""transport"": 0.33333333333333337}","{""energy"": 0.9370592910127065, ""water"": 0.5032895133075183, ""transport"": 1.0}","{""energy"": 0.2703926243460397, ""water"": 0.23662284664085154, ""transport"": 0.6666666666666666}","{""energy"": 0.0, ""water"": 0.0, ""transport"": 0.0}","{""energy"": 1.0, ""water"": 1.0, ""transport"": 1.0}","{""energy"": 1.0, ""water"": 1.0, ""transport"": 1.0}",0.3,0.1,,0.8258105703973382,,,"[""energy"", ""water""]",2,v1.0,0.7,0.3
S3_transport_load,366,366,12779921008505234346,scenario=S3_transport_load|method=both|duration=0|theta=0.300000|delta_threshold=0.100000|A=v1.0|w=na|run_id=366|seed=12779921008505234346,False,"{""step_1_amount"": 0.5436350746291001}",5222c37788a096d3910624247b4a1e76a3afcfe0df2ea7ddd6490cebc16a26a9,0.44666666666666677,0.7914312536924524,0.3447645870257856,9,0.0,0.0,0.44666666666666677,0.7914312536924524,0,1,0.3447645870257856,"{""energy"": 0.6666666666666667, ""water"": 0.2666666666666667, ""transport"": 0.33333333333333337}","{""energy"": 0.9079409783763094, ""water"": 0.4275162078064285, ""transport"": 1.0}","{""energy"": 0.24127431170964264, ""water"": 0.1608495411397618, ""transport"": 0.6666666666666666}","{""energy"": 0.0, ""water"": 0.0, ""transport"": 0.0}","{""energy"": 0.0, ""water"": 0.0, ""transport"": 0.0}","{""energy"": 0.0, ""water"": 0.0, ""transport"": 0.0}",0.3,0.1,,0.7914312536924524,,,[],,v1.0,0.7,0.3
S3_transport_load,367,367,6086824223564919803,scenario=S3_transport_load|method=both|duration=0|theta=0.300000|delta_threshold=0.100000|A=v1.0|w=na|run_id=367|seed=6086824223564919803,False,"{""step_1_amount"": 0.18632870725480785}",5222c37788a096d3910624247b4a1e76a3afcfe0df2ea7ddd6490cebc16a26a9,0.44666666666666677,0.6522081895338261,0.20554152286715932,25,0.0,0.0,0.44666666666666677,0.6522081895338261,0,1,0.20554152286715932,"{""energy"": 0.6666666666666667, ""water"": 0.2666666666666667, ""transport"": 0.33333333333333337}","{""energy"": 0.7951301184586413, ""water"": 0.3523089678613165, ""transport"": 0.7615448393065821}","{""energy"": 0.1284634517919746, ""water"": 0.08564230119464977, ""transport"": 0.42821150597324875}","{""energy"": 0.0, ""water"": 0.0, ""transport"": 0.0}","{""energy"": 0.0, ""water"": 0.0, ""transport"": 0.0}","{""energy"": 0.0, ""water"": 0.0, ""transport"": 0.0}",0.3,0.1,,0.6522081895338261,,,[],,v1.0,0.7,0.3
S3_transport_load,368,368,16596765494258782342,scenario=S3_transport_load|method=both|duration=0|theta=0.300000|delta_threshold=0.100000|A=v1.0|w=na|run_id=368|seed=16596765494258782342,False,"{""step_1_amount"": 0.38649206750546344}",5222c37788a096d3910624247b4a1e76a3afcfe0df2ea7ddd6490cebc16a26a9,0.44666666666666677,0.7702095897654733,0.3235429230988065,10,0.0,0.0,0.44666666666666677,0.7702095897654733,0,1,0.3235429230988065,"{""energy"": 0.6666666666666667, ""water"": 0.2666666666666667, ""transport"": 0.33333333333333337}","{""energy"": 0.8725715384980111, ""water"": 0.40393658122089626, ""transport"": 1.0}","{""energy"": 0.20590487183134432, ""water"": 0.13726991455422954, ""transport"": 0.6666666666666666}","{""energy"": 0.0, ""water"": 0.0, ""transport"": 0.0}","{""energy"": 0.0, ""water"": 0.0, ""transport"": 0.0}","{""energy"": 0.0, ""water"": 0.0, ""transport"": 0.0}",0.3,0.1,,0.7702095897654733,,,[],,v1.0,0.7,0.3
S3_transport_load,369,369,9918243718274850410,scenario=S3_transport_load|method=both|duration=0|theta=0.300000|delta_threshold=0.100000|A=v1.0|w=na|run_id=369|seed=9918243718274850410,False,"{""step_1_amount"": 0.18981627730599734}",5222c37788a096d3910624247b4a1e76a3afcfe0df2ea7ddd6490cebc16a26a9,0.44666666666666677,0.6550647990312091,0.2083981323645423,24,0.0,0.0,0.44666666666666677,0.6550647990312091,0,1,0.2083981323645423,"{""energy"": 0.6666666666666667, ""water"": 0.2666666666666667, ""transport"": 0.33333333333333337}","{""energy"": 0.7969154993945057, ""water"": 0.35349922181855936, ""transport"": 0.7674961090927966}","{""energy"": 0.13024883272783894, ""water"": 0.08683255515189264, ""transport"": 0.43416277575946327}","{""energy"": 0.0, ""water"": 0.0, ""transport"": 0.0}","{""energy"": 0.0, ""water"": 0.0, ""transport"": 0.0}","{""energy"": 0.0, ""water"": 0.0, ""transport"": 0.0}",0.3,0.1,,0.6550647990312091,,,[],,v1.0,0.7,0.3
S3_transport_load,370,370,11859836167971620791,scenario=S3_transport_load|method=both|duration=0|theta=0.300000|delta_threshold=0.100000|A=v1.0|w=na|run_id=370|seed=11859836167971620791,False,"{""step_1_amount"": 0.5322025284234183}",5222c37788a096d3910624247b4a1e76a3afcfe0df2ea7ddd6490cebc16a26a9,0.44666666666666677,0.8109494734381018,0.364282806771435,11,0.0,1.0,0.44666666666666677,0.8109494734381018,1,1,0.364282806771435,"{""energy"": 0.6666666666666667, ""water"": 0.2666666666666667, ""transport"": 0.33333333333333337}","{""energy"": 0.9404713446190586, ""water"": 0.44920311863492796, ""transport"": 1.0}","{""energy"": 0.27380467795239183, ""water"": 0.18253645196826124, ""transport"": 0.6666666666666666}","{""energy"": 0.0, ""water"": 0.0, ""transport"": 0.0}","{""energy"": 1.0, ""water"": 1.0, ""transport"": 1.0}","{""energy"": 1.0, ""water"": 1.0, ""transport"": 1.0}",0.3,0.1,,0.8109494734381018,,,"[""energy"", ""water""]",2,v1.0,0.7,0.3
S3_transport_load,371,371,15471238581349786811,scenario=S3_transport_load|method=both|duration=0|theta=0.300000|delta_threshold=0.100000|A=v1.0|w=na|run_id=371|seed=15471238581349786811,False,"{""step_1_amount"": 0.3455143684462141}",5222c37788a096d3910624247b4a1e76a3afcfe0df2ea7ddd6490cebc16a26a9,0.44666666666666677,0.8398676187364957,0.39320095206982897,24,0.0,1.0,0.44666666666666677,0.8398676187364957,1,1,0.39320095206982897,"{""energy"": 0.6666666666666667, ""water"": 0.2666666666666667, ""transport"": 0.33333333333333337}","{""energy"": 0.9504933130219257, ""water"": 0.5322343117590845, ""transport"": 1.0}","{""energy"": 0.283826646355259, ""water"": 0.2655676450924178, ""transport"": 0.6666666666666666}","{""energy"": 0.0, ""water"": 0.0, ""transport"": 0.0}","{""energy"": 1.0, ""water"": 1.0, ""transport"": 1.0}","{""energy"": 1.0, ""water"": 1.0, ""transport"": 1.0}",0.3,0.1,,0.8398676187364957,,,"[""energy"", ""water""]",2,v1.0,0.7,0.3
S3_transport_load,372,372,14506000919808620260,scenario=S3_transport_load|method=both|duration=0|theta=0.300000|delta_threshold=0.100000|A=v1.0|w=na|run_id=372|seed=14506000919808620260,False,"{""step_1_amount"": 1.112603062104428}",5222c37788a096d3910624247b4a1e76a3afcfe0df2ea7ddd6490cebc16a26a9,0.44666666666666677,0.8202740245153362,0.3736073578486694,27,0.0,1.0,0.44666666666666677,0.8202740245153362,1,1,0.3736073578486694,"{""energy"": 0.6666666666666667, ""water"": 0.2666666666666667, ""transport"": 0.33333333333333337}","{""energy"": 0.9560122630811156, ""water"": 0.45956373094296604, ""transport"": 1.0}","{""energy"": 0.2893455964144489, ""water"": 0.19289706427629932, ""transport"": 0.6666666666666666}","{""energy"": 0.0, ""water"": 0.0, ""transport"": 0.0}","{""energy"": 1.0, ""water"": 1.0, ""transport"": 1.0}","{""energy"": 1.0, ""water"": 1.0, ""transport"": 1.0}",0.3,0.1,,0.8202740245153362,,,"[""energy"", ""water""]",1,v1.0,0.7,0.3
S3_transport_load,373,373,12406234033841732421,scenario=S3_transport_load|method=both|duration=0|theta=0.300000|delta_threshold=0.100000|A=v1.0|w=na|run_id=373|seed=12406234033841732421,False,"{""step_1_amount"": 0.6312082149095504}",5222c37788a096d3910624247b4a1e76a3afcfe0df2ea7ddd6490cebc16a26a9,0.44666666666666677,0.7995721273464832,0.35290546067981643,5,0.0,0.0,0.44666666666666677,0.7995721273464832,0,1,0.35290546067981643,"{""energy"": 0.6666666666666667, ""water"": 0.2666666666666667, ""transport"": 0.33333333333333337}","{""energy"": 0.9215091011330275, ""water"": 0.43656162297757395, ""transport"": 1.0}","{""energy"": 0.2548424344663608, ""water"": 0.16989495631090723, ""transport"": 0.6666666666666666}","{""energy"": 0.0, ""water"": 0.0, ""transport"": 0.0}","{""energy"": 0.0, ""water"": 0.0, ""transport"": 0.0}","{""energy"": 0.0, ""water"": 0.0, ""transport"": 0.0}",0.3,0.1,,0.7995721273464832,,,[],,v1.0,0.7,0.3
S3_transport_load,374,374,6857918260589026559,scenario=S3_transport_load|method=both|duration=0|theta=0.300000|delta_threshold=0.100000|A=v1.0|w=na|run_id=374|seed=6857918260589026559,False,"{""step_1_amount"": 0.18344559887147632}",5222c37788a096d3910624247b4a1e76a3afcfe0df2ea7ddd6490cebc16a26a9,0.44666666666666677,0.7088945221755896,0.2622278555089228,15,0.0,0.0,0.44666666666666677,0.7088945221755896,0,1,0.2622278555089228,"{""energy"": 0.6666666666666667, ""water"": 0.2666666666666667, ""transport"": 0.33333333333333337}","{""energy"": 0.8305590763597435, ""water"": 0.3759282731287179, ""transport"": 0.8796413656435893}","{""energy"": 0.16389240969307672, ""water"": 0.10926160646205119, ""transport"": 0.5463080323102559}","{""energy"": 0.0, ""water"": 0.0, ""transport"": 0.0}","{""energy"": 0.0, ""water"": 0.0, ""transport"": 0.0}","{""energy"": 0.0, ""water"": 0.0, ""transport"": 0.0}",0.3,0.1,,0.7088945221755896,,,[],,v1.0,0.7,0.3
S3_transport_load,375,375,13233715017021999718,scenario=S3_transport_load|method=both|duration=0|theta=0.300000|delta_threshold=0.100000|A=v1.0|w=na|run_id=375|seed=13233715017021999718,False,"{""step_1_amount"": 0.45952187538036876}",5222c37788a096d3910624247b4a1e76a3afcfe0df2ea7ddd6490cebc16a26a9,0.44666666666666677,0.7813175261126413,0.3346508594459745,9,0.0,0.0,0.44666666666666677,0.7813175261126413,0,1,0.3346508594459745,"{""energy"": 0.6666666666666667, ""water"": 0.2666666666666667, ""transport"": 0.33333333333333337}","{""energy"": 0.891084765743291, ""water"": 0.4162787327177495, ""transport"": 1.0}","{""energy"": 0.22441809907662424, ""water"": 0.1496120660510828, ""transport"": 0.6666666666666666}","{""energy"": 0.0, ""water"": 0.0, ""transport"": 0.0}","{""energy"": 0.0, ""water"": 0.0, ""transport"": 0.0}","{""energy"": 0.0, ""water"": 0.0, ""transport"": 0.0}",0.3,0.1,,0.7813175261126413,,,[],,v1.0,0.7,0.3
S3_transport_load,376,376,14320905204440264217,scenario=S3_transport_load|method=both|duration=0|theta=0.300000|delta_threshold=0.100000|A=v1.0|w=na|run_id=376|seed=14320905204440264217,False,"{""step_1_amount"": 0.5479440525905097}",5222c37788a096d3910624247b4a1e76a3afcfe0df2ea7ddd6490cebc16a26a9,0.44666666666666677,0.7918838081733348,0.34521714150666805,26,0.0,0.0,0.44666666666666677,0.7918838081733348,0,1,0.34521714150666805,"{""energy"": 0.6666666666666667, ""water"": 0.2666666666666667, ""transport"": 0.33333333333333337}","{""energy"": 0.9086952358444469, ""water"": 0.4280190461185202, ""transport"": 1.0}","{""energy"": 0.24202856917778015, ""water"": 0.1613523794518535, ""transport"": 0.6666666666666666}","{""energy"": 0.0, ""water"": 0.0, ""transport"": 0.0}","{""energy"": 0.0, ""water"": 0.0, ""transport"": 0.0}","{""energy"": 0.0, ""water"": 0.0, ""transport"": 0.0}",0.3,0.1,,0.7918838081733348,,,[],,v1.0,0.7,0.3
S3_transport_load,377,377,5219098006357795648,scenario=S3_transport_load|method=both|duration=0|theta=0.300000|delta_threshold=0.100000|A=v1.0|w=na|run_id=377|seed=5219098006357795648,False,"{""step_1_amount"": 0.36622305077779604}",5222c37788a096d3910624247b4a1e76a3afcfe0df2ea7ddd6490cebc16a26a9,0.44666666666666677,0.7666700783784495,0.3200034117117827,30,0.0,0.0,0.44666666666666677,0.7666700783784495,0,1,0.3200034117117827,"{""energy"": 0.6666666666666667, ""water"": 0.2666666666666667, ""transport"": 0.33333333333333337}","{""energy"": 0.8666723528529713, ""water"": 0.4000037907908698, ""transport"": 1.0}","{""energy"": 0.20000568618630454, ""water"": 0.13333712412420307, ""transport"": 0.6666666666666666}","{""energy"": 0.0, ""water"": 0.0, ""transport"": 0.0}","{""energy"": 0.0, ""water"": 0.0, ""transport"": 0.0}","{""energy"": 0.0, ""water"": 0.0, ""transport"": 0.0}",0.3,0.1,,0.7666700783784495,,,[],,v1.0,0.7,0.3
S3_transport_load,378,378,7722544491757316483,scenario=S3_transport_load|method=both|duration=0|theta=0.300000|delta_threshold=0.100000|A=v1.0|w=na|run_id=378|seed=7722544491757316483,False,"{""step_1_amount"": 0.3021117042107371}",5222c37788a096d3910624247b4a1e76a3afcfe0df2ea7ddd6490cebc16a26a9,0.44666666666666677,0.7327456411099229,0.28607897444325614,18,0.0,0.0,0.44666666666666677,0.7327456411099229,0,1,0.28607897444325614,"{""energy"": 0.6666666666666667, ""water"": 0.2666666666666667, ""transport"": 0.33333333333333337}","{""energy"": 0.8454660256937019, ""water"": 0.3858662393513568, ""transport"": 0.9293311967567838}","{""energy"": 0.17879935902703514, ""water"": 0.11919957268469006, ""transport"": 0.5959978634234504}","{""energy"": 0.0, ""water"": 0.0, ""transport"": 0.0}","{""energy"": 0.0, ""water"": 0.0, ""transport"": 0.0}","{""energy"": 0.0, ""water"": 0.0, ""transport"": 0.0}",0.3,0.1,,0.7327456411099229,,,[],,v1.0,0.7,0.3
S3_transport_load,379,379,1611575714981879037,scenario=S3_transport_load|method=both|duration=0|theta=0.300000|delta_threshold=0.100000|A=v1.0|w=na|run_id=379|seed=1611575714981879037,False,"{""step_1_amount"": 0.5010232748585239}",5222c37788a096d3910624247b4a1e76a3afcfe0df2ea7ddd6490cebc16a26a9,0.44666666666666677,0.7866263434576195,0.33995967679095274,5,0.0,0.0,0.44666666666666677,0.7866263434576195,0,1,0.33995967679095274,"{""energy"": 0.6666666666666667, ""water"": 0.2666666666666667, ""transport"": 0.33333333333333337}","{""energy"": 0.899932794651588, ""water"": 0.42217741865661423, ""transport"": 1.0}","{""energy"": 0.2332661279849213, ""water"": 0.15551075198994752, ""transport"": 0.6666666666666666}","{""energy"": 0.0, ""water"": 0.0, ""transport"": 0.0}","{""energy"": 0.0, ""water"": 0.0, ""transport"": 0.0}","{""energy"": 0.0, ""water"": 0.0, ""transport"": 0.0}",0.3,0.1,,0.7866263434576195,,,[],,v1.0,0.7,0.3
S3_transport_load,380,380,16959221180556126962,scenario=S3_transport_load|method=both|duration=0|theta=0.300000|delta_threshold=0.100000|A=v1.0|w=na|run_id=380|seed=16959221180556126962,False,"{""step_1_amount"": 0.4190944271065852}",5222c37788a096d3910624247b4a1e76a3afcfe0df2ea7ddd6490cebc16a26a9,0.44666666666666677,0.8091645056107644,0.3624978389440976,28,0.0,1.0,0.44666666666666677,0.8091645056107644,1,1,0.3624978389440976,"{""energy"": 0.6666666666666667, ""water"": 0.2666666666666667, ""transport"": 0.33333333333333337}","{""energy"": 0.9344772575352077, ""water"": 0.4512453419889374, ""transport"": 1.0}","{""energy"": 0.267810590868541, ""water"": 0.18457867532227068, ""transport"": 0.6666666666666666}","{""energy"": 0.0, ""water"": 0.0, ""transport"": 0.0}","{""energy"": 1.0, ""water"": 1.0, ""transport"": 1.0}","{""energy"": 1.0, ""water"": 1.0, ""transport"": 1.0}",0.3,0.1,,0.8091645056107644,,,"[""energy"", ""water""]",2,v1.0,0.7,0.3
S3_transport_load,381,381,15389012320478155528,scenario=S3_transport_load|method=both|duration=0|theta=0.300000|delta_threshold=0.100000|A=v1.0|w=na|run_id=381|seed=15389012320478155528,False,"{""step_1_amount"": 0.49645060729102314}",5222c37788a096d3910624247b4a1e76a3afcfe0df2ea7ddd6490cebc16a26a9,0.44666666666666677,0.786073285443063,0.3394066187763962,26,0.0,0.0,0.44666666666666677,0.786073285443063,0,1,0.3394066187763962,"{""energy"": 0.6666666666666667, ""water"": 0.2666666666666667, ""transport"": 0.33333333333333337}","{""energy"": 0.8990110312939938, ""water"": 0.42156290975155153, ""transport"": 1.0}","{""energy"": 0.2323443646273271, ""water"": 0.1548962430848848, ""transport"": 0.6666666666666666}","{""energy"": 0.0, ""water"": 0.0, ""transport"": 0.0}","{""energy"": 0.0, ""water"": 0.0, ""transport"": 0.0}","{""energy"": 0.0, ""water"": 0.0, ""transport"": 0.0}",0.3,0.1,,0.786073285443063,,,[],,v1.0,0.7,0.3
S3_transport_load,382,382,1146302299144890525,scenario=S3_transport_load|method=both|duration=0|theta=0.300000|delta_threshold=0.100000|A=v1.0|w=na|run_id=382|seed=1146302299144890525,False,"{""step_1_amount"": 0.34116973935209355}",5222c37788a096d3910624247b4a1e76a3afcfe0df2ea7ddd6490cebc16a26a9,0.44666666666666677,0.7541874258705796,0.30752075920391286,12,0.0,0.0,0.44666666666666677,0.7541874258705796,0,1,0.30752075920391286,"{""energy"": 0.6666666666666667, ""water"": 0.2666666666666667, ""transport"": 0.33333333333333337}","{""energy"": 0.8588671411691123, ""water"": 0.3948003163349638, ""transport"": 0.9740015816748188}","{""energy"": 0.1922004745024456, ""water"": 0.1281336496682971, ""transport"": 0.6406682483414854}","{""energy"": 0.0, ""water"": 0.0, ""transport"": 0.0}","{""energy"": 0.0, ""water"": 0.0, ""transport"": 0.0}","{""energy"": 0.0, ""water"": 0.0, ""transport"": 0.0}",0.3,0.1,,0.7541874258705796,,,[],,v1.0,0.7,0.3
S3_transport_load,383,383,10587792458759053306,scenario=S3_transport_load|method=both|duration=0|theta=0.300000|delta_threshold=0.100000|A=v1.0|w=na|run_id=383|seed=10587792458759053306,False,"{""step_1_amount"": 0.9437370080751233}",5222c37788a096d3910624247b4a1e76a3afcfe0df2ea7ddd6490cebc16a26a9,0.44666666666666677,0.8445829216878626,0.3979162550211959,8,0.0,1.0,0.44666666666666677,0.8445829216878626,1,1,0.3979162550211959,"{""energy"": 0.6666666666666667, ""water"": 0.2666666666666667, ""transport"": 0.33333333333333337}","{""energy"": 0.9639977703232263, ""water"": 0.5299460451952407, ""transport"": 1.0}","{""energy"": 0.29733110365655957, ""water"": 0.26327937852857397, ""transport"": 0.6666666666666666}","{""energy"": 0.0, ""water"": 0.0, ""transport"": 0.0}","{""energy"": 1.0, ""water"": 1.0, ""transport"": 1.0}","{""energy"": 1.0, ""water"": 1.0, ""transport"": 1.0}",0.3,0.1,,0.8445829216878626,,,"[""energy"", ""water""]",1,v1.0,0.7,0.3
S3_transport_load,384,384,2816886042193679050,scenario=S3_transport_load|method=both|duration=0|theta=0.300000|delta_threshold=0.100000|A=v1.0|w=na|run_id=384|seed=2816886042193679050,False,"{""step_1_amount"": 0.4093239680498608}",5222c37788a096d3910624247b4a1e76a3afcfe0df2ea7ddd6490cebc16a26a9,0.44666666666666677,0.8042860940749317,0.3576194274082649,15,0.0,0.0,0.44666666666666677,0.8042860940749317,0,1,0.3576194274082649,"{""energy"": 0.6666666666666667, ""water"": 0.2666666666666667, ""transport"": 0.33333333333333337}","{""energy"": 0.8947687174665756, ""water"": 0.48792869029433805, ""transport"": 1.0}","{""energy"": 0.22810205079990886, ""water"": 0.22126202362767133, ""transport"": 0.6666666666666666}","{""energy"": 0.0, ""water"": 0.0, ""transport"": 0.0}","{""energy"": 0.0, ""water"": 0.0, ""transport"": 0.0}","{""energy"": 0.0, ""water"": 0.0, ""transport"": 0.0}",0.3,0.1,,0.8042860940749317,,,[],,v1.0,0.7,0.3
S3_transport_load,385,385,10489156831032313377,scenario=S3_transport_load|method=both|duration=0|theta=0.300000|delta_threshold=0.100000|A=v1.0|w=na|run_id=385|seed=10489156831032313377,False,"{""step_1_amount"": 0.5597574753945043}",5222c37788a096d3910624247b4a1e76a3afcfe0df2ea7ddd6490cebc16a26a9,0.44666666666666677,0.7930949339400264,0.3464282672733596,6,0.0,0.0,0.44666666666666677,0.7930949339400264,0,1,0.3464282672733596,"{""energy"": 0.6666666666666667, ""water"": 0.2666666666666667, ""transport"": 0.33333333333333337}","{""energy"": 0.9107137787889329, ""water"": 0.42936474141484415, ""transport"": 1.0}","{""energy"": 0.24404711212226615, ""water"": 0.16269807474817743, ""transport"": 0.6666666666666666}","{""energy"": 0.0, ""water"": 0.0, ""transport"": 0.0}","{""energy"": 0.0, ""water"": 0.0, ""transport"": 0.0}","{""energy"": 0.0, ""water"": 0.0, ""transport"": 0.0}",0.3,0.1,,0.7930949339400264,,,[],,v1.0,0.7,0.3
S3_transport_load,386,386,11723984119905953052,scenario=S3_transport_load|method=both|duration=0|theta=0.300000|delta_threshold=0.100000|A=v1.0|w=na|run_id=386|seed=11723984119905953052,False,"{""step_1_amount"": 0.11746870157874775}",5222c37788a096d3910624247b4a1e76a3afcfe0df2ea7ddd6490cebc16a26a9,0.44666666666666677,0.5892292708515925,0.14256260418492572,21,0.0,0.0,0.44666666666666677,0.5892292708515925,0,0,0.14256260418492572,"{""energy"": 0.6666666666666667, ""water"": 0.2666666666666667, ""transport"": 0.33333333333333337}","{""energy"": 0.7557682942822453, ""water"": 0.3260677517437191, ""transport"": 0.6303387587185952}","{""energy"": 0.0891016276155786, ""water"": 0.059401085077052385, ""transport"": 0.29700542538526187}","{""energy"": 0.0, ""water"": 0.0, ""transport"": 0.0}","{""energy"": 0.0, ""water"": 0.0, ""transport"": 0.0}","{""energy"": 0.0, ""water"": 0.0, ""transport"": 0.0}",0.3,0.1,,0.5892292708515925,,,[],,v1.0,0.7,0.3
S3_transport_load,387,387,10372324319104722918,scenario=S3_transport_load|method=both|duration=0|theta=0.300000|delta_threshold=0.100000|A=v1.0|w=na|run_id=387|seed=10372324319104722918,False,"{""step_1_amount"": 0.34367111710618964}",5222c37788a096d3910624247b4a1e76a3afcfe0df2ea7ddd6490cebc16a26a9,0.44666666666666677,0.8305181329612208,0.383851466294554,12,0.0,0.0,0.44666666666666677,0.8305181329612208,0,1,0.383851466294554,"{""energy"": 0.6666666666666667, ""water"": 0.2666666666666667, ""transport"": 0.33333333333333337}","{""energy"": 0.8954875992139053, ""water"": 0.5744103109188619, ""transport"": 1.0}","{""energy"": 0.22882093254723856, ""water"": 0.30774364425219514, ""transport"": 0.6666666666666666}","{""energy"": 0.0, ""water"": 0.0, ""transport"": 0.0}","{""energy"": 0.0, ""water"": 0.0, ""transport"": 0.0}","{""energy"": 0.0, ""water"": 0.0, ""transport"": 0.0}",0.3,0.1,,0.8305181329612208,,,[],,v1.0,0.7,0.3
S3_transport_load,388,388,5571885877547715161,scenario=S3_transport_load|method=both|duration=0|theta=0.300000|delta_threshold=0.100000|A=v1.0|w=na|run_id=388|seed=5571885877547715161,False,"{""step_1_amount"": 0.3882269181915558}",5222c37788a096d3910624247b4a1e76a3afcfe0df2ea7ddd6490cebc16a26a9,0.44666666666666677,0.7705026602493772,0.3238359935827104,30,0.0,0.0,0.44666666666666677,0.7705026602493772,0,1,0.3238359935827104,"{""energy"": 0.6666666666666667, ""water"": 0.2666666666666667, ""transport"": 0.33333333333333337}","{""energy"": 0.8730599893045176, ""water"": 0.40426221509190063, ""transport"": 1.0}","{""energy"": 0.20639332263785082, ""water"": 0.13759554842523392, ""transport"": 0.6666666666666666}","{""energy"": 0.0, ""water"": 0.0, ""transport"": 0.0}","{""energy"": 0.0, ""water"": 0.0, ""transport"": 0.0}","{""energy"": 0.0, ""water"": 0.0, ""transport"": 0.0}",0.3,0.1,,0.7705026602493772,,,[],,v1.0,0.7,0.3
S3_transport_load,389,389,6381828589692334085,scenario=S3_transport_load|method=both|duration=0|theta=0.300000|delta_threshold=0.100000|A=v1.0|w=na|run_id=389|seed=6381828589692334085,False,"{""step_1_amount"": 0.40209732173900936}",5222c37788a096d3910624247b4a1e76a3afcfe0df2ea7ddd6490cebc16a26a9,0.44666666666666677,0.8085719946651928,0.36190532799852604,5,0.0,1.0,0.44666666666666677,0.8085719946651928,1,1,0.36190532799852604,"{""energy"": 0.6666666666666667, ""water"": 0.2666666666666667, ""transport"": 0.33333333333333337}","{""energy"": 0.9365088799975434, ""water"": 0.4465614755539178, ""transport"": 1.0}","{""energy"": 0.26984221333087666, ""water"": 0.17989480888725107, ""transport"": 0.6666666666666666}","{""energy"": 0.0, ""water"": 0.0, ""transport"": 0.0}","{""energy"": 1.0, ""water"": 1.0, ""transport"": 1.0}","{""energy"": 1.0, ""water"": 1.0, ""transport"": 1.0}",0.3,0.1,,0.8085719946651928,,,"[""energy"", ""water""]",2,v1.0,0.7,0.3
S3_transport_load,390,390,12041609046711756961,scenario=S3_transport_load|method=both|duration=0|theta=0.300000|delta_threshold=0.100000|A=v1.0|w=na|run_id=390|seed=12041609046711756961,False,"{""step_1_amount"": 0.5271595728763863}",5222c37788a096d3910624247b4a1e76a3afcfe0df2ea7ddd6490cebc16a26a9,0.44666666666666677,0.7896459327237213,0.34297926605705453,7,0.0,0.0,0.44666666666666677,0.7896459327237213,0,1,0.34297926605705453,"{""energy"": 0.6666666666666667, ""water"": 0.2666666666666667, ""transport"": 0.33333333333333337}","{""energy"": 0.9049654434284243, ""water"": 0.42553251784117174, ""transport"": 1.0}","{""energy"": 0.2382987767617576, ""water"": 0.15886585117450502, ""transport"": 0.6666666666666666}","{""energy"": 0.0, ""water"": 0.0, ""transport"": 0.0}","{""energy"": 0.0, ""water"": 0.0, ""transport"": 0.0}","{""energy"": 0.0, ""water"": 0.0, ""transport"": 0.0}",0.3,0.1,,0.7896459327237213,,,[],,v1.0,0.7,0.3
S3_transport_load,391,391,15423271422771008439,scenario=S3_transport_load|method=both|duration=0|theta=0.300000|delta_threshold=0.100000|A=v1.0|w=na|run_id=391|seed=15423271422771008439,False,"{""step_1_amount"": 0.570132098520599}",5222c37788a096d3910624247b4a1e76a3afcfe0df2ea7ddd6490cebc16a26a9,0.44666666666666677,0.7941237231660334,0.34745705649936665,30,0.0,0.0,0.44666666666666677,0.7941237231660334,0,1,0.34745705649936665,"{""energy"": 0.6666666666666667, ""water"": 0.2666666666666667, ""transport"": 0.33333333333333337}","{""energy"": 0.9124284274989446, ""water"": 0.43050784055485203, ""transport"": 1.0}","{""energy"": 0.24576176083227785, ""water"": 0.1638411738881853, ""transport"": 0.6666666666666666}","{""energy"": 0.0, ""water"": 0.0, ""transport"": 0.0}","{""energy"": 0.0, ""water"": 0.0, ""transport"": 0.0}","{""energy"": 0.0, ""water"": 0.0, ""transport"": 0.0}",0.3,0.1,,0.7941237231660334,,,[],,v1.0,0.7,0.3
S3_transport_load,392,392,3568914726584378190,scenario=S3_transport_load|method=both|duration=0|theta=0.300000|delta_threshold=0.100000|A=v1.0|w=na|run_id=392|seed=3568914726584378190,False,"{""step_1_amount"": 0.4622939515244686}",5222c37788a096d3910624247b4a1e76a3afcfe0df2ea7ddd6490cebc16a26a9,0.44666666666666677,0.7816930960972197,0.33502642943055294,7,0.0,0.0,0.44666666666666677,0.7816930960972197,0,1,0.33502642943055294,"{""energy"": 0.6666666666666667, ""water"": 0.2666666666666667, ""transport"": 0.33333333333333337}","{""energy"": 0.8917107157175885, ""water"": 0.41669603270061456, ""transport"": 1.0}","{""energy"": 0.2250440490509218, ""water"": 0.15002936603394784, ""transport"": 0.6666666666666666}","{""energy"": 0.0, ""water"": 0.0, ""transport"": 0.0}","{""energy"": 0.0, ""water"": 0.0, ""transport"": 0.0}","{""energy"": 0.0, ""water"": 0.0, ""transport"": 0.0}",0.3,0.1,,0.7816930960972197,,,[],,v1.0,0.7,0.3
S3_transport_load,393,393,6851234664712144878,scenario=S3_transport_load|method=both|duration=0|theta=0.300000|delta_threshold=0.100000|A=v1.0|w=na|run_id=393|seed=6851234664712144878,False,"{""step_1_amount"": 0.12395972321563023}",5222c37788a096d3910624247b4a1e76a3afcfe0df2ea7ddd6490cebc16a26a9,0.44666666666666677,0.5957366462587271,0.14906997959206036,21,0.0,0.0,0.44666666666666677,0.5957366462587271,0,0,0.14906997959206036,"{""energy"": 0.6666666666666667, ""water"": 0.2666666666666667, ""transport"": 0.33333333333333337}","{""energy"": 0.7598354039117046, ""water"": 0.32877915816335856, ""transport"": 0.6438957908167926}","{""energy"": 0.09316873724503782, ""water"": 0.062112491496691846, ""transport"": 0.31056245748345923}","{""energy"": 0.0, ""water"": 0.0, ""transport"": 0.0}","{""energy"": 0.0, ""water"": 0.0, ""transport"": 0.0}","{""energy"": 0.0, ""water"": 0.0, ""transport"": 0.0}",0.3,0.1,,0.5957366462587271,,,[],,v1.0,0.7,0.3
S3_transport_load,394,394,17866216301103986308,scenario=S3_transport_load|method=both|duration=0|theta=0.300000|delta_threshold=0.100000|A=v1.0|w=na|run_id=394|seed=17866216301103986308,False,"{""step_1_amount"": 0.5368536596006304}",5222c37788a096d3910624247b4a1e76a3afcfe0df2ea7ddd6490cebc16a26a9,0.44666666666666677,0.7907070743516182,0.3440404076849515,10,0.0,0.0,0.44666666666666677,0.7907070743516182,0,1,0.3440404076849515,"{""energy"": 0.6666666666666667, ""water"": 0.2666666666666667, ""transport"": 0.33333333333333337}","{""energy"": 0.9067340128082526, ""water"": 0.4267115640943907, ""transport"": 1.0}","{""energy"": 0.24006734614158587, ""water"": 0.160044897427724, ""transport"": 0.6666666666666666}","{""energy"": 0.0, ""water"": 0.0, ""transport"": 0.0}","{""energy"": 0.0, ""water"": 0.0, ""transport"": 0.0}","{""energy"": 0.0, ""water"": 0.0, ""transport"": 0.0}",0.3,0.1,,0.7907070743516182,,,[],,v1.0,0.7,0.3
S3_transport_load,395,395,18021538024993472179,scenario=S3_transport_load|method=both|duration=0|theta=0.300000|delta_threshold=0.100000|A=v1.0|w=na|run_id=395|seed=18021538024993472179,False,"{""step_1_amount"": 0.3885561149228012}",5222c37788a096d3910624247b4a1e76a3afcfe0df2ea7ddd6490cebc16a26a9,0.44666666666666677,0.7705580998910173,0.32389143322435054,30,0.0,0.0,0.44666666666666677,0.7705580998910173,0,1,0.32389143322435054,"{""energy"": 0.6666666666666667, ""water"": 0.2666666666666667, ""transport"": 0.33333333333333337}","{""energy"": 0.873152388707251, ""water"": 0.4043238146937229, ""transport"": 1.0}","{""energy"": 0.20648572204058424, ""water"": 0.1376571480270562, ""transport"": 0.6666666666666666}","{""energy"": 0.0, ""water"": 0.0, ""transport"": 0.0}","{""energy"": 0.0, ""water"": 0.0, ""transport"": 0.0}","{""energy"": 0.0, ""water"": 0.0, ""transport"": 0.0}",0.3,0.1,,0.7705580998910173,,,[],,v1.0,0.7,0.3
S3_transport_load,396,396,4696688908736187819,scenario=S3_transport_load|method=both|duration=0|theta=0.300000|delta_threshold=0.100000|A=v1.0|w=na|run_id=396|seed=4696688908736187819,False,"{""step_1_amount"": 0.5023685431666369}",5222c37788a096d3910624247b4a1e76a3afcfe0df2ea7ddd6490cebc16a26a9,0.44666666666666677,0.8206957979438281,0.3740291312771613,13,0.0,0.0,0.44666666666666677,0.8206957979438281,0,1,0.3740291312771613,"{""energy"": 0.6666666666666667, ""water"": 0.2666666666666667, ""transport"": 0.33333333333333337}","{""energy"": 0.9180479900615693, ""water"": 0.5115886730640009, ""transport"": 1.0}","{""energy"": 0.2513813233949026, ""water"": 0.2449220063973342, ""transport"": 0.6666666666666666}","{""energy"": 0.0, ""water"": 0.0, ""transport"": 0.0}","{""energy"": 0.0, ""water"": 0.0, ""transport"": 0.0}","{""energy"": 0.0, ""water"": 0.0, ""transport"": 0.0}",0.3,0.1,,0.8206957979438281,,,[],,v1.0,0.7,0.3
S3_transport_load,397,397,7402915015515436728,scenario=S3_transport_load|method=both|duration=0|theta=0.300000|delta_threshold=0.100000|A=v1.0|w=na|run_id=397|seed=7402915015515436728,False,"{""step_1_amount"": 0.23356491797704929}",5222c37788a096d3910624247b4a1e76a3afcfe0df2ea7ddd6490cebc16a26a9,0.44666666666666677,0.7059081106284635,0.2592414439617967,18,0.0,0.0,0.44666666666666677,0.7059081106284635,0,1,0.2592414439617967,"{""energy"": 0.6666666666666667, ""water"": 0.2666666666666667, ""transport"": 0.33333333333333337}","{""energy"": 0.8252144750366481, ""water"": 0.4045182533167624, ""transport"": 0.8482228153959182}","{""energy"": 0.1585478083699814, ""water"": 0.13785158665009567, ""transport"": 0.5148894820625848}","{""energy"": 0.0, ""water"": 0.0, ""transport"": 0.0}","{""energy"": 0.0, ""water"": 0.0, ""transport"": 0.0}","{""energy"": 0.0, ""water"": 0.0, ""transport"": 0.0}",0.3,0.1,,0.7059081106284635,,,[],,v1.0,0.7,0.3
S3_transport_load,398,398,8587283495910552281,scenario=S3_transport_load|method=both|duration=0|theta=0.300000|delta_threshold=0.100000|A=v1.0|w=na|run_id=398|seed=8587283495910552281,False,"{""step_1_amount"": 0.22026834016497915}",5222c37788a096d3910624247b4a1e76a3afcfe0df2ea7ddd6490cebc16a26a9,0.44666666666666677,0.6787776621568504,0.23211099549018366,12,0.0,0.0,0.44666666666666677,0.6787776621568504,0,1,0.23211099549018366,"{""energy"": 0.6666666666666667, ""water"": 0.2666666666666667, ""transport"": 0.33333333333333337}","{""energy"": 0.8117360388480316, ""water"": 0.3633795814542433, ""transport"": 0.8168979072712163}","{""energy"": 0.14506937218136484, ""water"": 0.0967129147875766, ""transport"": 0.4835645739378829}","{""energy"": 0.0, ""water"": 0.0, ""transport"": 0.0}","{""energy"": 0.0, ""water"": 0.0, ""transport"": 0.0}","{""energy"": 0.0, ""water"": 0.0, ""transport"": 0.0}",0.3,0.1,,0.6787776621568504,,,[],,v1.0,0.7,0.3
S3_transport_load,399,399,12369821481823428313,scenario=S3_transport_load|method=both|duration=0|theta=0.300000|delta_threshold=0.100000|A=v1.0|w=na|run_id=399|seed=12369821481823428313,False,"{""step_1_amount"": 0.41065092796321284}",5222c37788a096d3910624247b4a1e76a3afcfe0df2ea7ddd6490cebc16a26a9,0.44666666666666677,0.7741566435854266,0.3274899769187598,20,0.0,0.0,0.44666666666666677,0.7741566435854266,0,1,0.3274899769187598,"{""energy"": 0.6666666666666667, ""water"": 0.2666666666666667, ""transport"": 0.33333333333333337}","{""energy"": 0.8791499615312665, ""water"": 0.4083221965763999, ""transport"": 1.0}","{""energy"": 0.21248329486459971, ""water"": 0.14165552990973318, ""transport"": 0.6666666666666666}","{""energy"": 0.0, ""water"": 0.0, ""transport"": 0.0}","{""energy"": 0.0, ""water"": 0.0, ""transport"": 0.0}","{""energy"": 0.0, ""water"": 0.0, ""transport"": 0.0}",0.3,0.1,,0.7741566435854266,,,[],,v1.0,0.7,0.3
S3_transport_load,400,400,12263418410995101410,scenario=S3_transport_load|method=both|duration=0|theta=0.300000|delta_threshold=0.100000|A=v1.0|w=na|run_id=400|seed=12263418410995101410,False,"{""step_1_amount"": 0.492685374850298}",5222c37788a096d3910624247b4a1e76a3afcfe0df2ea7ddd6490cebc16a26a9,0.44666666666666677,0.7856121554059541,0.3389454887392873,12,0.0,0.0,0.44666666666666677,0.7856121554059541,0,1,0.3389454887392873,"{""energy"": 0.6666666666666667, ""water"": 0.2666666666666667, ""transport"": 0.33333333333333337}","{""energy"": 0.8982424812321458, ""water"": 0.42105054304365275, ""transport"": 1.0}","{""energy"": 0.23157581456547904, ""water"": 0.15438387637698603, ""transport"": 0.6666666666666666}","{""energy"": 0.0, ""water"": 0.0, ""transport"": 0.0}","{""energy"": 0.0, ""water"": 0.0, ""transport"": 0.0}","{""energy"": 0.0, ""water"": 0.0, ""transport"": 0.0}",0.3,0.1,,0.7856121554059541,,,[],,v1.0,0.7,0.3
S3_transport_load,401,401,15699991150629819231,scenario=S3_transport_load|method=both|duration=0|theta=0.300000|delta_threshold=0.100000|A=v1.0|w=na|run_id=401|seed=15699991150629819231,False,"{""step_1_amount"": 0.4499863159209906}",5222c37788a096d3910624247b4a1e76a3afcfe0df2ea7ddd6490cebc16a26a9,0.44666666666666677,0.780001504069774,0.3333348374031072,10,0.0,0.0,0.44666666666666677,0.780001504069774,0,1,0.3333348374031072,"{""energy"": 0.6666666666666667, ""water"": 0.2666666666666667, ""transport"": 0.33333333333333337}","{""energy"": 0.8888913956718455, ""water"": 0.41481648600345256, ""transport"": 1.0}","{""energy"": 0.22222472900517876, ""water"": 0.14814981933678584, ""transport"": 0.6666666666666666}","{""energy"": 0.0, ""water"": 0.0, ""transport"": 0.0}","{""energy"": 0.0, ""water"": 0.0, ""transport"": 0.0}","{""energy"": 0.0, ""water"": 0.0, ""transport"": 0.0}",0.3,0.1,,0.780001504069774,,,[],,v1.0,0.7,0.3
S3_transport_load,402,402,18301906961634231588,scenario=S3_transport_load|method=both|duration=0|theta=0.300000|delta_threshold=0.100000|A=v1.0|w=na|run_id=402|seed=18301906961634231588,False,"{""step_1_amount"": 0.35756238419661573}",5222c37788a096d3910624247b4a1e76a3afcfe0df2ea7ddd6490cebc16a26a9,0.44666666666666677,0.7624644081663543,0.31579774149968753,29,0.0,0.0,0.44666666666666677,0.7624644081663543,0,1,0.31579774149968753,"{""energy"": 0.6666666666666667, ""water"": 0.2666666666666667, ""transport"": 0.33333333333333337}","{""energy"": 0.8640402551039714, ""water"": 0.39824905895820323, ""transport"": 0.9912452947910159}","{""energy"": 0.19737358843730468, ""water"": 0.1315823922915365, ""transport"": 0.6579119614576825}","{""energy"": 0.0, ""water"": 0.0, ""transport"": 0.0}","{""energy"": 0.0, ""water"": 0.0, ""transport"": 0.0}","{""energy"": 0.0, ""water"": 0.0, ""transport"": 0.0}",0.3,0.1,,0.7624644081663543,,,[],,v1.0,0.7,0.3
S3_transport_load,403,403,14620555233607474145,scenario=S3_transport_load|method=both|duration=0|theta=0.300000|delta_threshold=0.100000|A=v1.0|w=na|run_id=403|seed=14620555233607474145,False,"{""step_1_amount"": 0.596716268817723}",5222c37788a096d3910624247b4a1e76a3afcfe0df2ea7ddd6490cebc16a26a9,0.44666666666666677,0.7966183078399169,0.34995164117325017,8,0.0,0.0,0.44666666666666677,0.7966183078399169,0,1,0.34995164117325017,"{""energy"": 0.6666666666666667, ""water"": 0.2666666666666667, ""transport"": 0.33333333333333337}","{""energy"": 0.9165860686220839, ""water"": 0.43327960130361154, ""transport"": 1.0}","{""energy"": 0.24991940195541718, ""water"": 0.16661293463694482, ""transport"": 0.6666666666666666}","{""energy"": 0.0, ""water"": 0.0, ""transport"": 0.0}","{""energy"": 0.0, ""water"": 0.0, ""transport"": 0.0}","{""energy"": 0.0, ""water"": 0.0, ""transport"": 0.0}",0.3,0.1,,0.7966183078399169,,,[],,v1.0,0.7,0.3
S3_transport_load,404,404,15508550474299187037,scenario=S3_transport_load|method=both|duration=0|theta=0.300000|delta_threshold=0.100000|A=v1.0|w=na|run_id=404|seed=15508550474299187037,False,"{""step_1_amount"": 0.4546941177248748}",5222c37788a096d3910624247b4a1e76a3afcfe0df2ea7ddd6490cebc16a26a9,0.44666666666666677,0.7806559427498199,0.3339892760831531,5,0.0,0.0,0.44666666666666677,0.7806559427498199,0,1,0.3339892760831531,"{""energy"": 0.6666666666666667, ""water"": 0.2666666666666667, ""transport"": 0.33333333333333337}","{""energy"": 0.8899821268052555, ""water"": 0.41554364009239253, ""transport"": 1.0}","{""energy"": 0.22331546013858872, ""water"": 0.1488769734257258, ""transport"": 0.6666666666666666}","{""energy"": 0.0, ""water"": 0.0, ""transport"": 0.0}","{""energy"": 0.0, ""water"": 0.0, ""transport"": 0.0}","{""energy"": 0.0, ""water"": 0.0, ""transport"": 0.0}",0.3,0.1,,0.7806559427498199,,,[],,v1.0,0.7,0.3
S3_transport_load,405,405,13324627194779969768,scenario=S3_transport_load|method=both|duration=0|theta=0.300000|delta_threshold=0.100000|A=v1.0|w=na|run_id=405|seed=13324627194779969768,False,"{""step_1_amount"": 0.18098748212742682}",5222c37788a096d3910624247b4a1e76a3afcfe0df2ea7ddd6490cebc16a26a9,0.44666666666666677,0.6477749323096439,0.20110826564297712,23,0.0,0.0,0.44666666666666677,0.6477749323096439,0,1,0.20110826564297712,"{""energy"": 0.6666666666666667, ""water"": 0.2666666666666667, ""transport"": 0.33333333333333337}","{""energy"": 0.7923593326935274, ""water"": 0.35046177735124057, ""transport"": 0.7523088867562026}","{""energy"": 0.1256926660268607, ""water"": 0.08379511068457385, ""transport"": 0.4189755534228692}","{""energy"": 0.0, ""water"": 0.0, ""transport"": 0.0}","{""energy"": 0.0, ""water"": 0.0, ""transport"": 0.0}","{""energy"": 0.0, ""water"": 0.0, ""transport"": 0.0}",0.3,0.1,,0.6477749323096439,,,[],,v1.0,0.7,0.3
S3_transport_load,406,406,16465021756601202,scenario=S3_transport_load|method=both|duration=0|theta=0.300000|delta_threshold=0.100000|A=v1.0|w=na|run_id=406|seed=16465021756601202,False,"{""step_1_amount"": 0.17511779451643542}",5222c37788a096d3910624247b4a1e76a3afcfe0df2ea7ddd6490cebc16a26a9,0.44666666666666677,0.6428204160663369,0.19615374939967012,25,0.0,0.0,0.44666666666666677,0.6428204160663369,0,1,0.19615374939967012,"{""energy"": 0.6666666666666667, ""water"": 0.2666666666666667, ""transport"": 0.33333333333333337}","{""energy"": 0.7892627600414606, ""water"": 0.348397395583196, ""transport"": 0.7419869779159797}","{""energy"": 0.12259609337479382, ""water"": 0.08173072891652927, ""transport"": 0.4086536445826463}","{""energy"": 0.0, ""water"": 0.0, ""transport"": 0.0}","{""energy"": 0.0, ""water"": 0.0, ""transport"": 0.0}","{""energy"": 0.0, ""water"": 0.0, ""transport"": 0.0}",0.3,0.1,,0.6428204160663369,,,[],,v1.0,0.7,0.3
S3_transport_load,407,407,10195094404045412384,scenario=S3_transport_load|method=both|duration=0|theta=0.300000|delta_threshold=0.100000|A=v1.0|w=na|run_id=407|seed=10195094404045412384,False,"{""step_1_amount"": 0.44866723201252373}",5222c37788a096d3910624247b4a1e76a3afcfe0df2ea7ddd6490cebc16a26a9,0.44666666666666677,0.7798164724076342,0.3331498057409674,27,0.0,0.0,0.44666666666666677,0.7798164724076342,0,1,0.3331498057409674,"{""energy"": 0.6666666666666667, ""water"": 0.2666666666666667, ""transport"": 0.33333333333333337}","{""energy"": 0.8885830095682793, ""water"": 0.41461089526774175, ""transport"": 1.0}","{""energy"": 0.22191634290161255, ""water"": 0.14794422860107503, ""transport"": 0.6666666666666666}","{""energy"": 0.0, ""water"": 0.0, ""transport"": 0.0}","{""energy"": 0.0, ""water"": 0.0, ""transport"": 0.0}","{""energy"": 0.0, ""water"": 0.0, ""transport"": 0.0}",0.3,0.1,,0.7798164724076342,,,[],,v1.0,0.7,0.3
S3_transport_load,408,408,874472389308219358,scenario=S3_transport_load|method=both|duration=0|theta=0.300000|delta_threshold=0.100000|A=v1.0|w=na|run_id=408|seed=874472389308219358,False,"{""step_1_amount"": 0.3581434266782128}",5222c37788a096d3910624247b4a1e76a3afcfe0df2ea7ddd6490cebc16a26a9,0.44666666666666677,0.7627503843107504,0.3160837176440836,9,0.0,0.0,0.44666666666666677,0.7627503843107504,0,1,0.3160837176440836,"{""energy"": 0.6666666666666667, ""water"": 0.2666666666666667, ""transport"": 0.33333333333333337}","{""energy"": 0.864218990194219, ""water"": 0.3983682156850349, ""transport"": 0.9918410784251742}","{""energy"": 0.19755232352755225, ""water"": 0.13170154901836817, ""transport"": 0.6585077450918408}","{""energy"": 0.0, ""water"": 0.0, ""transport"": 0.0}","{""energy"": 0.0, ""water"": 0.0, ""transport"": 0.0}","{""energy"": 0.0, ""water"": 0.0, ""transport"": 0.0}",0.3,0.1,,0.7627503843107504,,,[],,v1.0,0.7,0.3
S3_transport_load,409,409,16138194295227104115,scenario=S3_transport_load|method=both|duration=0|theta=0.300000|delta_threshold=0.100000|A=v1.0|w=na|run_id=409|seed=16138194295227104115,False,"{""step_1_amount"": 0.17208441942454786}",5222c37788a096d3910624247b4a1e76a3afcfe0df2ea7ddd6490cebc16a26a9,0.44666666666666677,0.6402255909172466,0.19355892425057986,24,0.0,0.0,0.44666666666666677,0.6402255909172466,0,1,0.19355892425057986,"{""energy"": 0.6666666666666667, ""water"": 0.2666666666666667, ""transport"": 0.33333333333333337}","{""energy"": 0.7876409943232792, ""water"": 0.34731621843774163, ""transport"": 0.736581092188708}","{""energy"": 0.12097432765661242, ""water"": 0.08064955177107491, ""transport"": 0.40324775885537467}","{""energy"": 0.0, ""water"": 0.0, ""transport"": 0.0}","{""energy"": 0.0, ""water"": 0.0, ""transport"": 0.0}","{""energy"": 0.0, ""water"": 0.0, ""transport"": 0.0}",0.3,0.1,,0.6402255909172466,,,[],,v1.0,0.7,0.3
S3_transport_load,410,410,17536828464267129937,scenario=S3_transport_load|method=both|duration=0|theta=0.300000|delta_threshold=0.100000|A=v1.0|w=na|run_id=410|seed=17536828464267129937,False,"{""step_1_amount"": 0.6393876947058248}",5222c37788a096d3910624247b4a1e76a3afcfe0df2ea7ddd6490cebc16a26a9,0.44666666666666677,0.8002288940869653,0.3535622274202985,5,0.0,1.0,0.44666666666666677,0.8002288940869653,1,1,0.3535622274202985,"{""energy"": 0.6666666666666667, ""water"": 0.2666666666666667, ""transport"": 0.33333333333333337}","{""energy"": 0.9226037123671643, ""water"": 0.4372913638003318, ""transport"": 1.0}","{""energy"": 0.2559370457004976, ""water"": 0.17062469713366507, ""transport"": 0.6666666666666666}","{""energy"": 0.0, ""water"": 0.0, ""transport"": 0.0}","{""energy"": 1.0, ""water"": 1.0, ""transport"": 1.0}","{""energy"": 1.0, ""water"": 1.0, ""transport"": 1.0}",0.3,0.1,,0.8002288940869653,,,"[""energy"", ""water""]",1,v1.0,0.7,0.3
S3_transport_load,411,411,11196503784989727261,scenario=S3_transport_load|method=both|duration=0|theta=0.300000|delta_threshold=0.100000|A=v1.0|w=na|run_id=411|seed=11196503784989727261,False,"{""step_1_amount"": 0.36900216767247257}",5222c37788a096d3910624247b4a1e76a3afcfe0df2ea7ddd6490cebc16a26a9,0.44666666666666677,0.7671682115338758,0.32050154486720905,28,0.0,0.0,0.44666666666666677,0.7671682115338758,0,1,0.32050154486720905,"{""energy"": 0.6666666666666667, ""water"": 0.2666666666666667, ""transport"": 0.33333333333333337}","{""energy"": 0.8675025747786818, ""water"": 0.40055727207467673, ""transport"": 1.0}","{""energy"": 0.20083590811201502, ""water"": 0.13389060540801, ""transport"": 0.6666666666666666}","{""energy"": 0.0, ""water"": 0.0, ""transport"": 0.0}","{""energy"": 0.0, ""water"": 0.0, ""transport"": 0.0}","{""energy"": 0.0, ""water"": 0.0, ""transport"": 0.0}",0.3,0.1,,0.7671682115338758,,,[],,v1.0,0.7,0.3
S3_transport_load,412,412,15068092103227633136,scenario=S3_transport_load|method=both|duration=0|theta=0.300000|delta_threshold=0.100000|A=v1.0|w=na|run_id=412|seed=15068092103227633136,False,"{""step_1_amount"": 0.32105045968016865}",5222c37788a096d3910624247b4a1e76a3afcfe0df2ea7ddd6490cebc16a26a9,0.44666666666666677,0.7434563572025601,0.2967896905358933,17,0.0,0.0,0.44666666666666677,0.7434563572025601,0,1,0.2967896905358933,"{""energy"": 0.6666666666666667, ""water"": 0.2666666666666667, ""transport"": 0.33333333333333337}","{""energy"": 0.8521602232516001, ""water"": 0.390329037723289, ""transport"": 0.9516451886164446}","{""energy"": 0.18549355658493338, ""water"": 0.12366237105662226, ""transport"": 0.6183118552831113}","{""energy"": 0.0, ""water"": 0.0, ""transport"": 0.0}","{""energy"": 0.0, ""water"": 0.0, ""transport"": 0.0}","{""energy"": 0.0, ""water"": 0.0, ""transport"": 0.0}",0.3,0.1,,0.7434563572025601,,,[],,v1.0,0.7,0.3
S3_transport_load,413,413,13348304902995781402,scenario=S3_transport_load|method=both|duration=0|theta=0.300000|delta_threshold=0.100000|A=v1.0|w=na|run_id=413|seed=13348304902995781402,False,"{""step_1_amount"": 0.41392535317518486}",5222c37788a096d3910624247b4a1e76a3afcfe0df2ea7ddd6490cebc16a26a9,0.44666666666666677,0.7746699387680814,0.32800327210141467,30,0.0,0.0,0.44666666666666677,0.7746699387680814,0,1,0.32800327210141467,"{""energy"": 0.6666666666666667, ""water"": 0.2666666666666667, ""transport"": 0.33333333333333337}","{""energy"": 0.8800054535023579, ""water"": 0.40889252455712755, ""transport"": 1.0}","{""energy"": 0.21333878683569119, ""water"": 0.14222585789046083, ""transport"": 0.6666666666666666}","{""energy"": 0.0, ""water"": 0.0, ""transport"": 0.0}","{""energy"": 0.0, ""water"": 0.0, ""transport"": 0.0}","{""energy"": 0.0, ""water"": 0.0, ""transport"": 0.0}",0.3,0.1,,0.7746699387680814,,,[],,v1.0,0.7,0.3
S3_transport_load,414,414,17760440728717156819,scenario=S3_transport_load|method=both|duration=0|theta=0.300000|delta_threshold=0.100000|A=v1.0|w=na|run_id=414|seed=17760440728717156819,False,"{""step_1_amount"": 0.6860460908572141}",5222c37788a096d3910624247b4a1e76a3afcfe0df2ea7ddd6490cebc16a26a9,0.44666666666666677,0.8177049943559112,0.3710383276892444,12,0.0,1.0,0.44666666666666677,0.8177049943559112,1,1,0.3710383276892444,"{""energy"": 0.6666666666666667, ""water"": 0.2666666666666667, ""transport"": 0.33333333333333337}","{""energy"": 0.9517305461487406, ""water"": 0.4567092529880493, ""transport"": 1.0}","{""energy"": 0.2850638794820739, ""water"": 0.1900425863213826, ""transport"": 0.6666666666666666}","{""energy"": 0.0, ""water"": 0.0, ""transport"": 0.0}","{""energy"": 1.0, ""water"": 1.0, ""transport"": 1.0}","{""energy"": 1.0, ""water"": 1.0, ""transport"": 1.0}",0.3,0.1,,0.8177049943559112,,,"[""energy"", ""water""]",1,v1.0,0.7,0.3
S3_transport_load,415,415,1403816145466676177,scenario=S3_transport_load|method=both|duration=0|theta=0.300000|delta_threshold=0.100000|A=v1.0|w=na|run_id=415|seed=1403816145466676177,False,"{""step_1_amount"": 0.04635109592606984}",5222c37788a096d3910624247b4a1e76a3afcfe0df2ea7ddd6490cebc16a26a9,0.44666666666666677,0.7377729859182963,0.29110631925162955,17,0.0,0.0,0.44666666666666677,0.7377729859182963,0,1,0.29110631925162955,"{""energy"": 0.6666666666666667, ""water"": 0.2666666666666667, ""transport"": 0.33333333333333337}","{""energy"": 0.8486081161989352, ""water"": 0.3879609663548457, ""transport"": 0.9398048317742284}","{""energy"": 0.18194144953226843, ""water"": 0.12129429968817901, ""transport"": 0.606471498440895}","{""energy"": 0.0, ""water"": 0.0, ""transport"": 0.0}","{""energy"": 0.0, ""water"": 0.0, ""transport"": 0.0}","{""energy"": 0.0, ""water"": 0.0, ""transport"": 0.0}",0.3,0.1,,0.7377729859182963,,,[],,v1.0,0.7,0.3
S3_transport_load,416,416,9834398096686596010,scenario=S3_transport_load|method=both|duration=0|theta=0.300000|delta_threshold=0.100000|A=v1.0|w=na|run_id=416|seed=9834398096686596010,False,"{""step_1_amount"": 0.8491438519309754}",5222c37788a096d3910624247b4a1e76a3afcfe0df2ea7ddd6490cebc16a26a9,0.44666666666666677,0.8125758216694279,0.3659091550027611,18,0.0,1.0,0.44666666666666677,0.8125758216694279,1,1,0.3659091550027611,"{""energy"": 0.6666666666666667, ""water"": 0.2666666666666667, ""transport"": 0.33333333333333337}","{""energy"": 0.9431819250046021, ""water"": 0.4510101722252903, ""transport"": 1.0}","{""energy"": 0.27651525833793533, ""water"": 0.18434350555862355, ""transport"": 0.6666666666666666}","{""energy"": 0.0, ""water"": 0.0, ""transport"": 0.0}","{""energy"": 1.0, ""water"": 1.0, ""transport"": 1.0}","{""energy"": 1.0, ""water"": 1.0, ""transport"": 1.0}",0.3,0.1,,0.8125758216694279,,,"[""energy"", ""water""]",1,v1.0,0.7,0.3
S3_transport_load,417,417,10237901586882919526,scenario=S3_transport_load|method=both|duration=0|theta=0.300000|delta_threshold=0.100000|A=v1.0|w=na|run_id=417|seed=10237901586882919526,False,"{""step_1_amount"": 0.45206612601302004}",5222c37788a096d3910624247b4a1e76a3afcfe0df2ea7ddd6490cebc16a26a9,0.44666666666666677,0.826908014929989,0.38024134826332223,12,0.0,0.0,0.44666666666666677,0.826908014929989,0,1,0.38024134826332223,"{""energy"": 0.6666666666666667, ""water"": 0.2666666666666667, ""transport"": 0.33333333333333337}","{""energy"": 0.9139100284363759, ""water"": 0.5378133451847953, ""transport"": 1.0}","{""energy"": 0.24724336176970918, ""water"": 0.27114667851812857, ""transport"": 0.6666666666666666}","{""energy"": 0.0, ""water"": 0.0, ""transport"": 0.0}","{""energy"": 0.0, ""water"": 0.0, ""transport"": 0.0}","{""energy"": 0.0, ""water"": 0.0, ""transport"": 0.0}",0.3,0.1,,0.826908014929989,,,[],,v1.0,0.7,0.3
S3_transport_load,418,418,14818363380136664962,scenario=S3_transport_load|method=both|duration=0|theta=0.300000|delta_threshold=0.100000|A=v1.0|w=na|run_id=418|seed=14818363380136664962,False,"{""step_1_amount"": 0.2594558108229417}",5222c37788a096d3910624247b4a1e76a3afcfe0df2ea7ddd6490cebc16a26a9,0.44666666666666677,0.7507150825616515,0.30404841589498477,26,0.0,0.0,0.44666666666666677,0.7507150825616515,0,1,0.30404841589498477,"{""energy"": 0.6666666666666667, ""water"": 0.2666666666666667, ""transport"": 0.33333333333333337}","{""energy"": 0.8478320030877271, ""water"": 0.469394850537038, ""transport"": 0.9025460872181641}","{""energy"": 0.18116533642106036, ""water"": 0.20272818387037128, ""transport"": 0.5692127538848307}","{""energy"": 0.0, ""water"": 0.0, ""transport"": 0.0}","{""energy"": 0.0, ""water"": 0.0, ""transport"": 0.0}","{""energy"": 0.0, ""water"": 0.0, ""transport"": 0.0}",0.3,0.1,,0.7507150825616515,,,[],,v1.0,0.7,0.3
S3_transport_load,419,419,9721153837945618265,scenario=S3_transport_load|method=both|duration=0|theta=0.300000|delta_threshold=0.100000|A=v1.0|w=na|run_id=419|seed=9721153837945618265,False,"{""step_1_amount"": 0.49342960942278197}",5222c37788a096d3910624247b4a1e76a3afcfe0df2ea7ddd6490cebc16a26a9,0.44666666666666677,0.7857037157142928,0.339037049047626,5,0.0,0.0,0.44666666666666677,0.7857037157142928,0,1,0.339037049047626,"{""energy"": 0.6666666666666667, ""water"": 0.2666666666666667, ""transport"": 0.33333333333333337}","{""energy"": 0.8983950817460435, ""water"": 0.42115227671958466, ""transport"": 1.0}","{""energy"": 0.2317284150793768, ""water"": 0.15448561005291794, ""transport"": 0.6666666666666666}","{""energy"": 0.0, ""water"": 0.0, ""transport"": 0.0}","{""energy"": 0.0, ""water"": 0.0, ""transport"": 0.0}","{""energy"": 0.0, ""water"": 0.0, ""transport"": 0.0}",0.3,0.1,,0.7857037157142928,,,[],,v1.0,0.7,0.3
S3_transport_load,420,420,18010193184190317232,scenario=S3_transport_load|method=both|duration=0|theta=0.300000|delta_threshold=0.100000|A=v1.0|w=na|run_id=420|seed=18010193184190317232,False,"{""step_1_amount"": 0.310827806082156}",5222c37788a096d3910624247b4a1e76a3afcfe0df2ea7ddd6490cebc16a26a9,0.44666666666666677,0.7377506262400652,0.2910839595733984,18,0.0,0.0,0.44666666666666677,0.7377506262400652,0,1,0.2910839595733984,"{""energy"": 0.6666666666666667, ""water"": 0.2666666666666667, ""transport"": 0.33333333333333337}","{""energy"": 0.8485941414000407, ""water"": 0.3879516498222494, ""transport"": 0.9397582491112466}","{""energy"": 0.181927474733374, ""water"": 0.12128498315558267, ""transport"": 0.6064249157779132}","{""energy"": 0.0, ""water"": 0.0, ""transport"": 0.0}","{""energy"": 0.0, ""water"": 0.0, ""transport"": 0.0}","{""energy"": 0.0, ""water"": 0.0, ""transport"": 0.0}",0.3,0.1,,0.7377506262400652,,,[],,v1.0,0.7,0.3
S3_transport_load,421,421,12051912456317833479,scenario=S3_transport_load|method=both|duration=0|theta=0.300000|delta_threshold=0.100000|A=v1.0|w=na|run_id=421|seed=12051912456317833479,False,"{""step_1_amount"": 0.4674137473584788}",5222c37788a096d3910624247b4a1e76a3afcfe0df2ea7ddd6490cebc16a26a9,0.44666666666666677,0.7823785847755824,0.33571191810891565,7,0.0,0.0,0.44666666666666677,0.7823785847755824,0,1,0.33571191810891565,"{""energy"": 0.6666666666666667, ""water"": 0.2666666666666667, ""transport"": 0.33333333333333337}","{""energy"": 0.892853196848193, ""water"": 0.41745768678768425, ""transport"": 1.0}","{""energy"": 0.22618653018152624, ""water"": 0.15079102012101753, ""transport"": 0.6666666666666666}","{""energy"": 0.0, ""water"": 0.0, ""transport"": 0.0}","{""energy"": 0.0, ""water"": 0.0, ""transport"": 0.0}","{""energy"": 0.0, ""water"": 0.0, ""transport"": 0.0}",0.3,0.1,,0.7823785847755824,,,[],,v1.0,0.7,0.3
S3_transport_load,422,422,867919487229800251,scenario=S3_transport_load|method=both|duration=0|theta=0.300000|delta_threshold=0.100000|A=v1.0|w=na|run_id=422|seed=867919487229800251,False,"{""step_1_amount"": 0.46226648659776803}",5222c37788a096d3910624247b4a1e76a3afcfe0df2ea7ddd6490cebc16a26a9,0.44666666666666677,0.7816893903570983,0.3350227236904315,12,0.0,0.0,0.44666666666666677,0.7816893903570983,0,1,0.3350227236904315,"{""energy"": 0.6666666666666667, ""water"": 0.2666666666666667, ""transport"": 0.33333333333333337}","{""energy"": 0.8917045394840526, ""water"": 0.41669191521159066, ""transport"": 1.0}","{""energy"": 0.22503787281738585, ""water"": 0.15002524854492394, ""transport"": 0.6666666666666666}","{""energy"": 0.0, ""water"": 0.0, ""transport"": 0.0}","{""energy"": 0.0, ""water"": 0.0, ""transport"": 0.0}","{""energy"": 0.0, ""water"": 0.0, ""transport"": 0.0}",0.3,0.1,,0.7816893903570983,,,[],,v1.0,0.7,0.3
S3_transport_load,423,423,4123923826528467571,scenario=S3_transport_load|method=both|duration=0|theta=0.300000|delta_threshold=0.100000|A=v1.0|w=na|run_id=423|seed=4123923826528467571,False,"{""step_1_amount"": 0.157197084439707}",5222c37788a096d3910624247b4a1e76a3afcfe0df2ea7ddd6490cebc16a26a9,0.44666666666666677,0.6271425759823037,0.18047590931563695,22,0.0,0.0,0.44666666666666677,0.6271425759823037,0,1,0.18047590931563695,"{""energy"": 0.6666666666666667, ""water"": 0.2666666666666667, ""transport"": 0.33333333333333337}","{""energy"": 0.7794641099889398, ""water"": 0.34186496221484874, ""transport"": 0.7093248110742436}","{""energy"": 0.11279744332227304, ""water"": 0.07519829554818203, ""transport"": 0.37599147774091024}","{""energy"": 0.0, ""water"": 0.0, ""transport"": 0.0}","{""energy"": 0.0, ""water"": 0.0, ""transport"": 0.0}","{""energy"": 0.0, ""water"": 0.0, ""transport"": 0.0}",0.3,0.1,,0.6271425759823037,,,[],,v1.0,0.7,0.3
S3_transport_load,424,424,7610295478854575857,scenario=S3_transport_load|method=both|duration=0|theta=0.300000|delta_threshold=0.100000|A=v1.0|w=na|run_id=424|seed=7610295478854575857,False,"{""step_1_amount"": 0.38309459438233867}",5222c37788a096d3910624247b4a1e76a3afcfe0df2ea7ddd6490cebc16a26a9,0.44666666666666677,0.769631213039419,0.3229645463727522,24,0.0,0.0,0.44666666666666677,0.769631213039419,0,1,0.3229645463727522,"{""energy"": 0.6666666666666667, ""water"": 0.2666666666666667, ""transport"": 0.33333333333333337}","{""energy"": 0.8716075772879206, ""water"": 0.40329394041416927, ""transport"": 1.0}","{""energy"": 0.20494091062125386, ""water"": 0.13662727374750255, ""transport"": 0.6666666666666666}","{""energy"": 0.0, ""water"": 0.0, ""transport"": 0.0}","{""energy"": 0.0, ""water"": 0.0, ""transport"": 0.0}","{""energy"": 0.0, ""water"": 0.0, ""transport"": 0.0}",0.3,0.1,,0.769631213039419,,,[],,v1.0,0.7,0.3
S3_transport_load,425,425,11576721719330448156,scenario=S3_transport_load|method=both|duration=0|theta=0.300000|delta_threshold=0.100000|A=v1.0|w=na|run_id=425|seed=11576721719330448156,False,"{""step_1_amount"": 0.3820932342384534}",5222c37788a096d3910624247b4a1e76a3afcfe0df2ea7ddd6490cebc16a26a9,0.44666666666666677,0.7694596163331899,0.32279294966652317,26,0.0,0.0,0.44666666666666677,0.7694596163331899,0,1,0.32279294966652317,"{""energy"": 0.6666666666666667, ""water"": 0.2666666666666667, ""transport"": 0.33333333333333337}","{""energy"": 0.8713215827775388, ""water"": 0.4031032774072481, ""transport"": 1.0}","{""energy"": 0.20465491611087205, ""water"": 0.1364366107405814, ""transport"": 0.6666666666666666}","{""energy"": 0.0, ""water"": 0.0, ""transport"": 0.0}","{""energy"": 0.0, ""water"": 0.0, ""transport"": 0.0}","{""energy"": 0.0, ""water"": 0.0, ""transport"": 0.0}",0.3,0.1,,0.7694596163331899,,,[],,v1.0,0.7,0.3
S3_transport_load,426,426,9008261874298018344,scenario=S3_transport_load|method=both|duration=0|theta=0.300000|delta_threshold=0.100000|A=v1.0|w=na|run_id=426|seed=9008261874298018344,False,"{""step_1_amount"": 0.9054809362289564}",5222c37788a096d3910624247b4a1e76a3afcfe0df2ea7ddd6490cebc16a26a9,0.44666666666666677,0.8177049943559112,0.3710383276892444,7,0.0,1.0,0.44666666666666677,0.8177049943559112,1,1,0.3710383276892444,"{""energy"": 0.6666666666666667, ""water"": 0.2666666666666667, ""transport"": 0.33333333333333337}","{""energy"": 0.9517305461487406, ""water"": 0.4567092529880493, ""transport"": 1.0}","{""energy"": 0.2850638794820739, ""water"": 0.1900425863213826, ""transport"": 0.6666666666666666}","{""energy"": 0.0, ""water"": 0.0, ""transport"": 0.0}","{""energy"": 1.0, ""water"": 1.0, ""transport"": 1.0}","{""energy"": 1.0, ""water"": 1.0, ""transport"": 1.0}",0.3,0.1,,0.8177049943559112,,,"[""energy"", ""water""]",1,v1.0,0.7,0.3
S3_transport_load,427,427,9562117411458993606,scenario=S3_transport_load|method=both|duration=0|theta=0.300000|delta_threshold=0.100000|A=v1.0|w=na|run_id=427|seed=9562117411458993606,False,"{""step_1_amount"": 0.6809800487042967}",5222c37788a096d3910624247b4a1e76a3afcfe0df2ea7ddd6490cebc16a26a9,0.44666666666666677,0.8033302122506547,0.35666354558398794,9,0.0,1.0,0.44666666666666677,0.8033302122506547,1,1,0.35666354558398794,"{""energy"": 0.6666666666666667, ""water"": 0.2666666666666667, ""transport"": 0.33333333333333337}","{""energy"": 0.9277725759733133, ""water"": 0.44073727287109776, ""transport"": 1.0}","{""energy"": 0.26110590930664657, ""water"": 0.17407060620443104, ""transport"": 0.6666666666666666}","{""energy"": 0.0, ""water"": 0.0, ""transport"": 0.0}","{""energy"": 1.0, ""water"": 1.0, ""transport"": 1.0}","{""energy"": 1.0, ""water"": 1.0, ""transport"": 1.0}",0.3,0.1,,0.8033302122506547,,,"[""energy"", ""water""]",1,v1.0,0.7,0.3
S3_transport_load,428,428,5323182157198119499,scenario=S3_transport_load|method=both|duration=0|theta=0.300000|delta_threshold=0.100000|A=v1.0|w=na|run_id=428|seed=5323182157198119499,False,"{""step_1_amount"": 0.25676897709642255}",5222c37788a096d3910624247b4a1e76a3afcfe0df2ea7ddd6490cebc16a26a9,0.44666666666666677,0.7044885977159316,0.2578219310492649,14,0.0,0.0,0.44666666666666677,0.7044885977159316,0,1,0.2578219310492649,"{""energy"": 0.6666666666666667, ""water"": 0.2666666666666667, ""transport"": 0.33333333333333337}","{""energy"": 0.8278053735724573, ""water"": 0.3740924712705271, ""transport"": 0.8704623563526351}","{""energy"": 0.16113870690579057, ""water"": 0.10742580460386036, ""transport"": 0.5371290230193018}","{""energy"": 0.0, ""water"": 0.0, ""transport"": 0.0}","{""energy"": 0.0, ""water"": 0.0, ""transport"": 0.0}","{""energy"": 0.0, ""water"": 0.0, ""transport"": 0.0}",0.3,0.1,,0.7044885977159316,,,[],,v1.0,0.7,0.3
S3_transport_load,429,429,16723944131055878861,scenario=S3_transport_load|method=both|duration=0|theta=0.300000|delta_threshold=0.100000|A=v1.0|w=na|run_id=429|seed=16723944131055878861,False,"{""step_1_amount"": 0.4401990900069462}",5222c37788a096d3910624247b4a1e76a3afcfe0df2ea7ddd6490cebc16a26a9,0.44666666666666677,0.8107765175569812,0.36410985089031445,7,0.0,1.0,0.44666666666666677,0.8107765175569812,1,1,0.36410985089031445,"{""energy"": 0.6666666666666667, ""water"": 0.2666666666666667, ""transport"": 0.33333333333333337}","{""energy"": 0.940183084817191, ""water"": 0.4490109454336829, ""transport"": 1.0}","{""energy"": 0.2735164181505243, ""water"": 0.1823442787670162, ""transport"": 0.6666666666666666}","{""energy"": 0.0, ""water"": 0.0, ""transport"": 0.0}","{""energy"": 1.0, ""water"": 1.0, ""transport"": 1.0}","{""energy"": 1.0, ""water"": 1.0, ""transport"": 1.0}",0.3,0.1,,0.8107765175569812,,,"[""energy"", ""water""]",2,v1.0,0.7,0.3
S3_transport_load,430,430,202068405149350840,scenario=S3_transport_load|method=both|duration=0|theta=0.300000|delta_threshold=0.100000|A=v1.0|w=na|run_id=430|seed=202068405149350840,False,"{""step_1_amount"": 0.3954845056050903}",5222c37788a096d3910624247b4a1e76a3afcfe0df2ea7ddd6490cebc16a26a9,0.44666666666666677,0.7717122895366018,0.325045622869935,30,0.0,0.0,0.44666666666666677,0.7717122895366018,0,1,0.325045622869935,"{""energy"": 0.6666666666666667, ""water"": 0.2666666666666667, ""transport"": 0.33333333333333337}","{""energy"": 0.8750760381165585, ""water"": 0.40560624763326125, ""transport"": 1.0}","{""energy"": 0.2084093714498918, ""water"": 0.13893958096659453, ""transport"": 0.6666666666666666}","{""energy"": 0.0, ""water"": 0.0, ""transport"": 0.0}","{""energy"": 0.0, ""water"": 0.0, ""transport"": 0.0}","{""energy"": 0.0, ""water"": 0.0, ""transport"": 0.0}",0.3,0.1,,0.7717122895366018,,,[],,v1.0,0.7,0.3
S3_transport_load,431,431,4706767440704114343,scenario=S3_transport_load|method=both|duration=0|theta=0.300000|delta_threshold=0.100000|A=v1.0|w=na|run_id=431|seed=4706767440704114343,False,"{""step_1_amount"": 0.2611111924463793}",5222c37788a096d3910624247b4a1e76a3afcfe0df2ea7ddd6490cebc16a26a9,0.44666666666666677,0.7073640632814309,0.2606973966147641,20,0.0,0.0,0.44666666666666677,0.7073640632814309,0,1,0.2606973966147641,"{""energy"": 0.6666666666666667, ""water"": 0.2666666666666667, ""transport"": 0.33333333333333337}","{""energy"": 0.8296025395508944, ""water"": 0.3752905819228185, ""transport"": 0.8764529096140923}","{""energy"": 0.16293587288422762, ""water"": 0.10862391525615178, ""transport"": 0.5431195762807589}","{""energy"": 0.0, ""water"": 0.0, ""transport"": 0.0}","{""energy"": 0.0, ""water"": 0.0, ""transport"": 0.0}","{""energy"": 0.0, ""water"": 0.0, ""transport"": 0.0}",0.3,0.1,,0.7073640632814309,,,[],,v1.0,0.7,0.3
S3_transport_load,432,432,16807345177792020979,scenario=S3_transport_load|method=both|duration=0|theta=0.300000|delta_threshold=0.100000|A=v1.0|w=na|run_id=432|seed=16807345177792020979,False,"{""step_1_amount"": 0.5832946339173603}",5222c37788a096d3910624247b4a1e76a3afcfe0df2ea7ddd6490cebc16a26a9,0.44666666666666677,0.7953837251524638,0.34871705848579704,14,0.0,0.0,0.44666666666666677,0.7953837251524638,0,1,0.34871705848579704,"{""energy"": 0.6666666666666667, ""water"": 0.2666666666666667, ""transport"": 0.33333333333333337}","{""energy"": 0.914528430809662, ""water"": 0.4319078427619969, ""transport"": 1.0}","{""energy"": 0.2478617641429952, ""water"": 0.16524117609533018, ""transport"": 0.6666666666666666}","{""energy"": 0.0, ""water"": 0.0, ""transport"": 0.0}","{""energy"": 0.0, ""water"": 0.0, ""transport"": 0.0}","{""energy"": 0.0, ""water"": 0.0, ""transport"": 0.0}",0.3,0.1,,0.7953837251524638,,,[],,v1.0,0.7,0.3
S3_transport_load,433,433,12702231361237339338,scenario=S3_transport_load|method=both|duration=0|theta=0.300000|delta_threshold=0.100000|A=v1.0|w=na|run_id=433|seed=12702231361237339338,False,"{""step_1_amount"": 0.5258838675353353}",5222c37788a096d3910624247b4a1e76a3afcfe0df2ea7ddd6490cebc16a26a9,0.44666666666666677,0.8126680597937359,0.36600139312706914,7,0.0,1.0,0.44666666666666677,0.8126680597937359,1,1,0.36600139312706914,"{""energy"": 0.6666666666666667, ""water"": 0.2666666666666667, ""transport"": 0.33333333333333337}","{""energy"": 0.9433356552117822, ""water"": 0.4511126590300771, ""transport"": 1.0}","{""energy"": 0.27666898854511546, ""water"": 0.18444599236341036, ""transport"": 0.6666666666666666}","{""energy"": 0.0, ""water"": 0.0, ""transport"": 0.0}","{""energy"": 1.0, ""water"": 1.0, ""transport"": 1.0}","{""energy"": 1.0, ""water"": 1.0, ""transport"": 1.0}",0.3,0.1,,0.8126680597937359,,,"[""energy"", ""water""]",2,v1.0,0.7,0.3
S3_transport_load,434,434,13504402898538060874,scenario=S3_transport_load|method=both|duration=0|theta=0.300000|delta_threshold=0.100000|A=v1.0|w=na|run_id=434|seed=13504402898538060874,False,"{""step_1_amount"": 0.2692336731346063}",5222c37788a096d3910624247b4a1e76a3afcfe0df2ea7ddd6490cebc16a26a9,0.44666666666666677,0.7126433244966187,0.26597665782995195,20,0.0,0.0,0.44666666666666677,0.7126433244966187,0,1,0.26597665782995195,"{""energy"": 0.6666666666666667, ""water"": 0.2666666666666667, ""transport"": 0.33333333333333337}","{""energy"": 0.8329020778103867, ""water"": 0.37749027409581337, ""transport"": 0.8874513704790666}","{""energy"": 0.16623541114371998, ""water"": 0.11082360742914665, ""transport"": 0.5541180371457333}","{""energy"": 0.0, ""water"": 0.0, ""transport"": 0.0}","{""energy"": 0.0, ""water"": 0.0, ""transport"": 0.0}","{""energy"": 0.0, ""water"": 0.0, ""transport"": 0.0}",0.3,0.1,,0.7126433244966187,,,[],,v1.0,0.7,0.3
S3_transport_load,435,435,2654163973716844877,scenario=S3_transport_load|method=both|duration=0|theta=0.300000|delta_threshold=0.100000|A=v1.0|w=na|run_id=435|seed=2654163973716844877,False,"{""step_1_amount"": 0.2860379200251763}",5222c37788a096d3910624247b4a1e76a3afcfe0df2ea7ddd6490cebc16a26a9,0.44666666666666677,0.7231653766580335,0.2764987099913667,20,0.0,0.0,0.44666666666666677,0.7231653766580335,0,1,0.2764987099913667,"{""energy"": 0.6666666666666667, ""water"": 0.2666666666666667, ""transport"": 0.33333333333333337}","{""energy"": 0.839478360411271, ""water"": 0.3818744624964029, ""transport"": 0.9093723124820142}","{""energy"": 0.17281169374460426, ""water"": 0.11520779582973617, ""transport"": 0.5760389791486809}","{""energy"": 0.0, ""water"": 0.0, ""transport"": 0.0}","{""energy"": 0.0, ""water"": 0.0, ""transport"": 0.0}","{""energy"": 0.0, ""water"": 0.0, ""transport"": 0.0}",0.3,0.1,,0.7231653766580335,,,[],,v1.0,0.7,0.3
S3_transport_load,436,436,9635124421258242142,scenario=S3_transport_load|method=both|duration=0|theta=0.300000|delta_threshold=0.100000|A=v1.0|w=na|run_id=436|seed=9635124421258242142,False,"{""step_1_amount"": 0.5582433354723642}",5222c37788a096d3910624247b4a1e76a3afcfe0df2ea7ddd6490cebc16a26a9,0.44666666666666677,0.7929420901602278,0.346275423493561,6,0.0,0.0,0.44666666666666677,0.7929420901602278,0,1,0.346275423493561,"{""energy"": 0.6666666666666667, ""water"": 0.2666666666666667, ""transport"": 0.33333333333333337}","{""energy"": 0.9104590391559353, ""water"": 0.4291949149928458, ""transport"": 1.0}","{""energy"": 0.24379237248926855, ""water"": 0.16252824832617907, ""transport"": 0.6666666666666666}","{""energy"": 0.0, ""water"": 0.0, ""transport"": 0.0}","{""energy"": 0.0, ""water"": 0.0, ""transport"": 0.0}","{""energy"": 0.0, ""water"": 0.0, ""transport"": 0.0}",0.3,0.1,,0.7929420901602278,,,[],,v1.0,0.7,0.3
S3_transport_load,437,437,5250188387382157070,scenario=S3_transport_load|method=both|duration=0|theta=0.300000|delta_threshold=0.100000|A=v1.0|w=na|run_id=437|seed=5250188387382157070,False,"{""step_1_amount"": 0.23508350115020898}",5222c37788a096d3910624247b4a1e76a3afcfe0df2ea7ddd6490cebc16a26a9,0.44666666666666677,0.6895539559879517,0.2428872893212849,28,0.0,0.0,0.44666666666666677,0.6895539559879517,0,1,0.2428872893212849,"{""energy"": 0.6666666666666667, ""water"": 0.2666666666666667, ""transport"": 0.33333333333333337}","{""energy"": 0.8184712224924698, ""water"": 0.36786970388386875, ""transport"": 0.8393485194193436}","{""energy"": 0.1518045558258031, ""water"": 0.10120303721720203, ""transport"": 0.5060151860860103}","{""energy"": 0.0, ""water"": 0.0, ""transport"": 0.0}","{""energy"": 0.0, ""water"": 0.0, ""transport"": 0.0}","{""energy"": 0.0, ""water"": 0.0, ""transport"": 0.0}",0.3,0.1,,0.6895539559879517,,,[],,v1.0,0.7,0.3
S3_transport_load,438,438,8754370913798637823,scenario=S3_transport_load|method=both|duration=0|theta=0.300000|delta_threshold=0.100000|A=v1.0|w=na|run_id=438|seed=8754370913798637823,False,"{""step_1_amount"": 0.30897617298259156}",5222c37788a096d3910624247b4a1e76a3afcfe0df2ea7ddd6490cebc16a26a9,0.44666666666666677,0.7981272555680448,0.351460588901378,18,0.0,0.0,0.44666666666666677,0.7981272555680448,0,1,0.351460588901378,"{""energy"": 0.6666666666666667, ""water"": 0.2666666666666667, ""transport"": 0.33333333333333337}","{""energy"": 0.9191009815022968, ""water"": 0.4349562098904201, ""transport"": 1.0}","{""energy"": 0.25243431483563006, ""water"": 0.1682895432237534, ""transport"": 0.6666666666666666}","{""energy"": 0.0, ""water"": 0.0, ""transport"": 0.0}","{""energy"": 0.0, ""water"": 0.0, ""transport"": 0.0}","{""energy"": 0.0, ""water"": 0.0, ""transport"": 0.0}",0.3,0.1,,0.7981272555680448,,,[],,v1.0,0.7,0.3
S3_transport_load,439,439,10712580563586829167,scenario=S3_transport_load|method=both|duration=0|theta=0.300000|delta_threshold=0.100000|A=v1.0|w=na|run_id=439|seed=10712580563586829167,False,"{""step_1_amount"": 0.2582320978353249}",5222c37788a096d3910624247b4a1e76a3afcfe0df2ea7ddd6490cebc16a26a9,0.44666666666666677,0.7054616805681233,0.25879501390145654,23,0.0,0.0,0.44666666666666677,0.7054616805681233,0,1,0.25879501390145654,"{""energy"": 0.6666666666666667, ""water"": 0.2666666666666667, ""transport"": 0.33333333333333337}","{""energy"": 0.8284135503550771, ""water"": 0.3744979224589403, ""transport"": 0.8724896122947013}","{""energy"": 0.1617468836884104, ""water"": 0.1078312557922736, ""transport"": 0.539156278961368}","{""energy"": 0.0, ""water"": 0.0, ""transport"": 0.0}","{""energy"": 0.0, ""water"": 0.0, ""transport"": 0.0}","{""energy"": 0.0, ""water"": 0.0, ""transport"": 0.0}",0.3,0.1,,0.7054616805681233,,,[],,v1.0,0.7,0.3
S3_transport_load,440,440,640061175207225437,scenario=S3_transport_load|method=both|duration=0|theta=0.300000|delta_threshold=0.100000|A=v1.0|w=na|run_id=440|seed=640061175207225437,False,"{""step_1_amount"": 0.6354121568790218}",5222c37788a096d3910624247b4a1e76a3afcfe0df2ea7ddd6490cebc16a26a9,0.44666666666666677,0.7999116931858941,0.3532450265192273,9,0.0,1.0,0.44666666666666677,0.7999116931858941,1,1,0.3532450265192273,"{""energy"": 0.6666666666666667, ""water"": 0.2666666666666667, ""transport"": 0.33333333333333337}","{""energy"": 0.9220750441987124, ""water"": 0.4369389183546972, ""transport"": 1.0}","{""energy"": 0.2554083775320457, ""water"": 0.1702722516880305, ""transport"": 0.6666666666666666}","{""energy"": 0.0, ""water"": 0.0, ""transport"": 0.0}","{""energy"": 1.0, ""water"": 1.0, ""transport"": 1.0}","{""energy"": 1.0, ""water"": 1.0, ""transport"": 1.0}",0.3,0.1,,0.7999116931858941,,,"[""energy"", ""water""]",1,v1.0,0.7,0.3
S3_transport_load,441,441,15501625581759443583,scenario=S3_transport_load|method=both|duration=0|theta=0.300000|delta_threshold=0.100000|A=v1.0|w=na|run_id=441|seed=15501625581759443583,False,"{""step_1_amount"": 0.28427665667877206}",5222c37788a096d3910624247b4a1e76a3afcfe0df2ea7ddd6490cebc16a26a9,0.44666666666666677,0.7995456229022642,0.3528789562355974,7,0.0,0.0,0.44666666666666677,0.7995456229022642,0,1,0.3528789562355974,"{""energy"": 0.6666666666666667, ""water"": 0.2666666666666667, ""transport"": 0.33333333333333337}","{""energy"": 0.9214649270593293, ""water"": 0.43653217359510843, ""transport"": 1.0}","{""energy"": 0.2547982603926625, ""water"": 0.1698655069284417, ""transport"": 0.6666666666666666}","{""energy"": 0.0, ""water"": 0.0, ""transport"": 0.0}","{""energy"": 0.0, ""water"": 0.0, ""transport"": 0.0}","{""energy"": 0.0, ""water"": 0.0, ""transport"": 0.0}",0.3,0.1,,0.7995456229022642,,,[],,v1.0,0.7,0.3
S3_transport_load,442,442,15937675467932762902,scenario=S3_transport_load|method=both|duration=0|theta=0.300000|delta_threshold=0.100000|A=v1.0|w=na|run_id=442|seed=15937675467932762902,False,"{""step_1_amount"": 0.330657223894613}",5222c37788a096d3910624247b4a1e76a3afcfe0df2ea7ddd6490cebc16a26a9,0.44666666666666677,0.7486611695691379,0.3019945029024711,24,0.0,0.0,0.44666666666666677,0.7486611695691379,0,1,0.3019945029024711,"{""energy"": 0.6666666666666667, ""water"": 0.2666666666666667, ""transport"": 0.33333333333333337}","{""energy"": 0.8554132309807112, ""water"": 0.39249770954269636, ""transport"": 0.9624885477134816}","{""energy"": 0.18874656431404446, ""water"": 0.12583104287602964, ""transport"": 0.6291552143801482}","{""energy"": 0.0, ""water"": 0.0, ""transport"": 0.0}","{""energy"": 0.0, ""water"": 0.0, ""transport"": 0.0}","{""energy"": 0.0, ""water"": 0.0, ""transport"": 0.0}",0.3,0.1,,0.7486611695691379,,,[],,v1.0,0.7,0.3
S3_transport_load,443,443,15438966739364168080,scenario=S3_transport_load|method=both|duration=0|theta=0.300000|delta_threshold=0.100000|A=v1.0|w=na|run_id=443|seed=15438966739364168080,False,"{""step_1_amount"": 0.3884292384146802}",5222c37788a096d3910624247b4a1e76a3afcfe0df2ea7ddd6490cebc16a26a9,0.44666666666666677,0.7705367392489488,0.32387007258228206,12,0.0,0.0,0.44666666666666677,0.7705367392489488,0,1,0.32387007258228206,"{""energy"": 0.6666666666666667, ""water"": 0.2666666666666667, ""transport"": 0.33333333333333337}","{""energy"": 0.8731167876371368, ""water"": 0.4043000806469801, ""transport"": 1.0}","{""energy"": 0.2064501209704701, ""water"": 0.13763341398031337, ""transport"": 0.6666666666666666}","{""energy"": 0.0, ""water"": 0.0, ""transport"": 0.0}","{""energy"": 0.0, ""water"": 0.0, ""transport"": 0.0}","{""energy"": 0.0, ""water"": 0.0, ""transport"": 0.0}",0.3,0.1,,0.7705367392489488,,,[],,v1.0,0.7,0.3
S3_transport_load,444,444,5114865815607218838,scenario=S3_transport_load|method=both|duration=0|theta=0.300000|delta_threshold=0.100000|A=v1.0|w=na|run_id=444|seed=5114865815607218838,False,"{""step_1_amount"": 0.19970508918864255}",5222c37788a096d3910624247b4a1e76a3afcfe0df2ea7ddd6490cebc16a26a9,0.44666666666666677,0.7904125357578884,0.3437458690912216,23,0.0,0.0,0.44666666666666677,0.7904125357578884,0,1,0.3437458690912216,"{""energy"": 0.6666666666666667, ""water"": 0.2666666666666667, ""transport"": 0.33333333333333337}","{""energy"": 0.906243115152036, ""water"": 0.4263842989902462, ""transport"": 1.0}","{""energy"": 0.2395764484853693, ""water"": 0.1597176323235795, ""transport"": 0.6666666666666666}","{""energy"": 0.0, ""water"": 0.0, ""transport"": 0.0}","{""energy"": 0.0, ""water"": 0.0, ""transport"": 0.0}","{""energy"": 0.0, ""water"": 0.0, ""transport"": 0.0}",0.3,0.1,,0.7904125357578884,,,[],,v1.0,0.7,0.3
S3_transport_load,445,445,4119512371032669241,scenario=S3_transport_load|method=both|duration=0|theta=0.300000|delta_threshold=0.100000|A=v1.0|w=na|run_id=445|seed=4119512371032669241,False,"{""step_1_amount"": 0.7956252561765618}",5222c37788a096d3910624247b4a1e76a3afcfe0df2ea7ddd6490cebc16a26a9,0.44666666666666677,0.8177049943559112,0.3710383276892444,26,0.0,1.0,0.44666666666666677,0.8177049943559112,1,1,0.3710383276892444,"{""energy"": 0.6666666666666667, ""water"": 0.2666666666666667, ""transport"": 0.33333333333333337}","{""energy"": 0.9517305461487406, ""water"": 0.4567092529880493, ""transport"": 1.0}","{""energy"": 0.2850638794820739, ""water"": 0.1900425863213826, ""transport"": 0.6666666666666666}","{""energy"": 0.0, ""water"": 0.0, ""transport"": 0.0}","{""energy"": 1.0, ""water"": 1.0, ""transport"": 1.0}","{""energy"": 1.0, ""water"": 1.0, ""transport"": 1.0}",0.3,0.1,,0.8177049943559112,,,"[""energy"", ""water""]",1,v1.0,0.7,0.3
S3_transport_load,446,446,16302325195601911879,scenario=S3_transport_load|method=both|duration=0|theta=0.300000|delta_threshold=0.100000|A=v1.0|w=na|run_id=446|seed=16302325195601911879,False,"{""step_1_amount"": 0.6272364642411492}",5222c37788a096d3910624247b4a1e76a3afcfe0df2ea7ddd6490cebc16a26a9,0.44666666666666677,0.7992473580710626,0.35258069140439585,7,0.0,0.0,0.44666666666666677,0.7992473580710626,0,1,0.35258069140439585,"{""energy"": 0.6666666666666667, ""water"": 0.2666666666666667, ""transport"": 0.33333333333333337}","{""energy"": 0.9209678190073265, ""water"": 0.4362007682271065, ""transport"": 1.0}","{""energy"": 0.25430115234065975, ""water"": 0.1695341015604398, ""transport"": 0.6666666666666666}","{""energy"": 0.0, ""water"": 0.0, ""transport"": 0.0}","{""energy"": 0.0, ""water"": 0.0, ""transport"": 0.0}","{""energy"": 0.0, ""water"": 0.0, ""transport"": 0.0}",0.3,0.1,,0.7992473580710626,,,[],,v1.0,0.7,0.3
S3_transport_load,447,447,4589624388437535960,scenario=S3_transport_load|method=both|duration=0|theta=0.300000|delta_threshold=0.100000|A=v1.0|w=na|run_id=447|seed=4589624388437535960,False,"{""step_1_amount"": 0.16726781230016072}",5222c37788a096d3910624247b4a1e76a3afcfe0df2ea7ddd6490cebc16a26a9,0.44666666666666677,0.7865268634233824,0.33986019675671564,21,0.0,0.0,0.44666666666666677,0.7865268634233824,0,1,0.33986019675671564,"{""energy"": 0.6666666666666667, ""water"": 0.2666666666666667, ""transport"": 0.33333333333333337}","{""energy"": 0.8997669945945261, ""water"": 0.4220668852852396, ""transport"": 1.0}","{""energy"": 0.2331003279278594, ""water"": 0.1554002186185729, ""transport"": 0.6666666666666666}","{""energy"": 0.0, ""water"": 0.0, ""transport"": 0.0}","{""energy"": 0.0, ""water"": 0.0, ""transport"": 0.0}","{""energy"": 0.0, ""water"": 0.0, ""transport"": 0.0}",0.3,0.1,,0.7865268634233824,,,[],,v1.0,0.7,0.3
S3_transport_load,448,448,8121653938431022065,scenario=S3_transport_load|method=both|duration=0|theta=0.300000|delta_threshold=0.100000|A=v1.0|w=na|run_id=448|seed=8121653938431022065,False,"{""step_1_amount"": 0.2307601800200881}",5222c37788a096d3910624247b4a1e76a3afcfe0df2ea7ddd6490cebc16a26a9,0.44666666666666677,0.6864585827647286,0.23979191609806183,25,0.0,0.0,0.44666666666666677,0.6864585827647286,0,1,0.23979191609806183,"{""energy"": 0.6666666666666667, ""water"": 0.2666666666666667, ""transport"": 0.33333333333333337}","{""energy"": 0.8165366142279554, ""water"": 0.36657996504085916, ""transport"": 0.8328998252042956}","{""energy"": 0.14986994756128869, ""water"": 0.09991329837419244, ""transport"": 0.49956649187096225}","{""energy"": 0.0, ""water"": 0.0, ""transport"": 0.0}","{""energy"": 0.0, ""water"": 0.0, ""transport"": 0.0}","{""energy"": 0.0, ""water"": 0.0, ""transport"": 0.0}",0.3,0.1,,0.6864585827647286,,,[],,v1.0,0.7,0.3
S3_transport_load,449,449,3592096175877013679,scenario=S3_transport_load|method=both|duration=0|theta=0.300000|delta_threshold=0.100000|A=v1.0|w=na|run_id=449|seed=3592096175877013679,False,"{""step_1_amount"": 0.24971127387080916}",5222c37788a096d3910624247b4a1e76a3afcfe0df2ea7ddd6490cebc16a26a9,0.44666666666666677,0.812303192457019,0.3656365257903522,11,0.0,1.0,0.44666666666666677,0.812303192457019,1,1,0.3656365257903522,"{""energy"": 0.6666666666666667, ""water"": 0.2666666666666667, ""transport"": 0.33333333333333337}","{""energy"": 0.9312306552035936, ""water"": 0.4660364345852718, ""transport"": 1.0}","{""energy"": 0.26456398853692686, ""water"": 0.19936976791860506, ""transport"": 0.6666666666666666}","{""energy"": 0.0, ""water"": 0.0, ""transport"": 0.0}","{""energy"": 1.0, ""water"": 1.0, ""transport"": 1.0}","{""energy"": 1.0, ""water"": 1.0, ""transport"": 1.0}",0.3,0.1,,0.812303192457019,,,"[""energy"", ""water""]",2,v1.0,0.7,0.3
S3_transport_load,450,450,8685063846083543193,scenario=S3_transport_load|method=both|duration=0|theta=0.300000|delta_threshold=0.100000|A=v1.0|w=na|run_id=450|seed=8685063846083543193,False,"{""step_1_amount"": 0.8296893493077188}",5222c37788a096d3910624247b4a1e76a3afcfe0df2ea7ddd6490cebc16a26a9,0.44666666666666677,0.8117289579331293,0.3650622912664625,10,0.0,1.0,0.44666666666666677,0.8117289579331293,1,1,0.3650622912664625,"{""energy"": 0.6666666666666667, ""water"": 0.2666666666666667, ""transport"": 0.33333333333333337}","{""energy"": 0.9417704854441045, ""water"": 0.4500692125182919, ""transport"": 1.0}","{""energy"": 0.2751038187774377, ""water"": 0.1834025458516252, ""transport"": 0.6666666666666666}","{""energy"": 0.0, ""water"": 0.0, ""transport"": 0.0}","{""energy"": 1.0, ""water"": 1.0, ""transport"": 1.0}","{""energy"": 1.0, ""water"": 1.0, ""transport"": 1.0}",0.3,0.1,,0.8117289579331293,,,"[""energy"", ""water""]",1,v1.0,0.7,0.3
S3_transport_load,451,451,11550774138484585529,scenario=S3_transport_load|method=both|duration=0|theta=0.300000|delta_threshold=0.100000|A=v1.0|w=na|run_id=451|seed=11550774138484585529,False,"{""step_1_amount"": 0.4211723525182669}",5222c37788a096d3910624247b4a1e76a3afcfe0df2ea7ddd6490cebc16a26a9,0.44666666666666677,0.7757881994281581,0.32912153276149136,30,0.0,0.0,0.44666666666666677,0.7757881994281581,0,1,0.32912153276149136,"{""energy"": 0.6666666666666667, ""water"": 0.2666666666666667, ""transport"": 0.33333333333333337}","{""energy"": 0.8818692212691526, ""water"": 0.4101350364016573, ""transport"": 1.0}","{""energy"": 0.21520255460248583, ""water"": 0.1434683697349906, ""transport"": 0.6666666666666666}","{""energy"": 0.0, ""water"": 0.0, ""transport"": 0.0}","{""energy"": 0.0, ""water"": 0.0, ""transport"": 0.0}","{""energy"": 0.0, ""water"": 0.0, ""transport"": 0.0}",0.3,0.1,,0.7757881994281581,,,[],,v1.0,0.7,0.3
S3_transport_load,452,452,4774241961726809117,scenario=S3_transport_load|method=both|duration=0|theta=0.300000|delta_threshold=0.100000|A=v1.0|w=na|run_id=452|seed=4774241961726809117,False,"{""step_1_amount"": 0.12843453081481443}",5222c37788a096d3910624247b4a1e76a3afcfe0df2ea7ddd6490cebc16a26a9,0.44666666666666677,0.6001495044594404,0.1534828377927736,19,0.0,0.0,0.44666666666666677,0.6001495044594404,0,0,0.1534828377927736,"{""energy"": 0.6666666666666667, ""water"": 0.2666666666666667, ""transport"": 0.33333333333333337}","{""energy"": 0.7625934402871503, ""water"": 0.3306178490803224, ""transport"": 0.6530892454016116}","{""energy"": 0.09592677362048352, ""water"": 0.06395118241365566, ""transport"": 0.31975591206827825}","{""energy"": 0.0, ""water"": 0.0, ""transport"": 0.0}","{""energy"": 0.0, ""water"": 0.0, ""transport"": 0.0}","{""energy"": 0.0, ""water"": 0.0, ""transport"": 0.0}",0.3,0.1,,0.6001495044594404,,,[],,v1.0,0.7,0.3
S3_transport_load,453,453,17768019880898733997,scenario=S3_transport_load|method=both|duration=0|theta=0.300000|delta_threshold=0.100000|A=v1.0|w=na|run_id=453|seed=17768019880898733997,False,"{""step_1_amount"": 0.46601918597696285}",5222c37788a096d3910624247b4a1e76a3afcfe0df2ea7ddd6490cebc16a26a9,0.44666666666666677,0.7821929092966613,0.33552624262999453,30,0.0,0.0,0.44666666666666677,0.7821929092966613,0,1,0.33552624262999453,"{""energy"": 0.6666666666666667, ""water"": 0.2666666666666667, ""transport"": 0.33333333333333337}","{""energy"": 0.8925437377166578, ""water"": 0.4172513806999942, ""transport"": 1.0}","{""energy"": 0.2258770710499911, ""water"": 0.15058471403332746, ""transport"": 0.6666666666666666}","{""energy"": 0.0, ""water"": 0.0, ""transport"": 0.0}","{""energy"": 0.0, ""water"": 0.0, ""transport"": 0.0}","{""energy"": 0.0, ""water"": 0.0, ""transport"": 0.0}",0.3,0.1,,0.7821929092966613,,,[],,v1.0,0.7,0.3
S3_transport_load,454,454,14634184702281777570,scenario=S3_transport_load|method=both|duration=0|theta=0.300000|delta_threshold=0.100000|A=v1.0|w=na|run_id=454|seed=14634184702281777570,False,"{""step_1_amount"": 0.3167793779322559}",5222c37788a096d3910624247b4a1e76a3afcfe0df2ea7ddd6490cebc16a26a9,0.44666666666666677,0.8015644189257807,0.3548977522591139,11,0.0,1.0,0.44666666666666677,0.8015644189257807,1,1,0.3548977522591139,"{""energy"": 0.6666666666666667, ""water"": 0.2666666666666667, ""transport"": 0.33333333333333337}","{""energy"": 0.9248295870985231, ""water"": 0.43877528028790436, ""transport"": 1.0}","{""energy"": 0.2581629204318564, ""water"": 0.17210861362123764, ""transport"": 0.6666666666666666}","{""energy"": 0.0, ""water"": 0.0, ""transport"": 0.0}","{""energy"": 1.0, ""water"": 1.0, ""transport"": 1.0}","{""energy"": 1.0, ""water"": 1.0, ""transport"": 1.0}",0.3,0.1,,0.8015644189257807,,,"[""energy"", ""water""]",2,v1.0,0.7,0.3
S3_transport_load,455,455,6578126682276435356,scenario=S3_transport_load|method=both|duration=0|theta=0.300000|delta_threshold=0.100000|A=v1.0|w=na|run_id=455|seed=6578126682276435356,False,"{""step_1_amount"": 0.4269801053951064}",5222c37788a096d3910624247b4a1e76a3afcfe0df2ea7ddd6490cebc16a26a9,0.44666666666666677,0.7766669901909669,0.3300003235243001,25,0.0,0.0,0.44666666666666677,0.7766669901909669,0,1,0.3300003235243001,"{""energy"": 0.6666666666666667, ""water"": 0.2666666666666667, ""transport"": 0.33333333333333337}","{""energy"": 0.8833338725405004, ""water"": 0.41111147058255587, ""transport"": 1.0}","{""energy"": 0.2166672058738337, ""water"": 0.14444480391588915, ""transport"": 0.6666666666666666}","{""energy"": 0.0, ""water"": 0.0, ""transport"": 0.0}","{""energy"": 0.0, ""water"": 0.0, ""transport"": 0.0}","{""energy"": 0.0, ""water"": 0.0, ""transport"": 0.0}",0.3,0.1,,0.7766669901909669,,,[],,v1.0,0.7,0.3
S3_transport_load,456,456,10684966965656470247,scenario=S3_transport_load|method=both|duration=0|theta=0.300000|delta_threshold=0.100000|A=v1.0|w=na|run_id=456|seed=10684966965656470247,False,"{""step_1_amount"": 0.48993232643096174}",5222c37788a096d3910624247b4a1e76a3afcfe0df2ea7ddd6490cebc16a26a9,0.44666666666666677,0.7852716761355747,0.3386050094689079,13,0.0,0.0,0.44666666666666677,0.7852716761355747,0,1,0.3386050094689079,"{""energy"": 0.6666666666666667, ""water"": 0.2666666666666667, ""transport"": 0.33333333333333337}","{""energy"": 0.8976750157815132, ""water"": 0.42067223274323107, ""transport"": 1.0}","{""energy"": 0.23100834911484647, ""water"": 0.15400556607656435, ""transport"": 0.6666666666666666}","{""energy"": 0.0, ""water"": 0.0, ""transport"": 0.0}","{""energy"": 0.0, ""water"": 0.0, ""transport"": 0.0}","{""energy"": 0.0, ""water"": 0.0, ""transport"": 0.0}",0.3,0.1,,0.7852716761355747,,,[],,v1.0,0.7,0.3
S3_transport_load,457,457,11040392579417207328,scenario=S3_transport_load|method=both|duration=0|theta=0.300000|delta_threshold=0.100000|A=v1.0|w=na|run_id=457|seed=11040392579417207328,False,"{""step_1_amount"": 0.40833599118630187}",5222c37788a096d3910624247b4a1e76a3afcfe0df2ea7ddd6490cebc16a26a9,0.44666666666666677,0.7737907022087904,0.32712403554212366,30,0.0,0.0,0.44666666666666677,0.7737907022087904,0,1,0.32712403554212366,"{""energy"": 0.6666666666666667, ""water"": 0.2666666666666667, ""transport"": 0.33333333333333337}","{""energy"": 0.8785400592368728, ""water"": 0.4079155950468041, ""transport"": 1.0}","{""energy"": 0.2118733925702061, ""water"": 0.14124892838013736, ""transport"": 0.6666666666666666}","{""energy"": 0.0, ""water"": 0.0, ""transport"": 0.0}","{""energy"": 0.0, ""water"": 0.0, ""transport"": 0.0}","{""energy"": 0.0, ""water"": 0.0, ""transport"": 0.0}",0.3,0.1,,0.7737907022087904,,,[],,v1.0,0.7,0.3
S3_transport_load,458,458,8838390196968841389,scenario=S3_transport_load|method=both|duration=0|theta=0.300000|delta_threshold=0.100000|A=v1.0|w=na|run_id=458|seed=8838390196968841389,False,"{""step_1_amount"": 0.4910865683788493}",5222c37788a096d3910624247b4a1e76a3afcfe0df2ea7ddd6490cebc16a26a9,0.44666666666666677,0.7854147677525627,0.3387481010858959,5,0.0,0.0,0.44666666666666677,0.7854147677525627,0,1,0.3387481010858959,"{""energy"": 0.6666666666666667, ""water"": 0.2666666666666667, ""transport"": 0.33333333333333337}","{""energy"": 0.8979135018098265, ""water"": 0.42083122342877327, ""transport"": 1.0}","{""energy"": 0.2312468351431598, ""water"": 0.15416455676210655, ""transport"": 0.6666666666666666}","{""energy"": 0.0, ""water"": 0.0, ""transport"": 0.0}","{""energy"": 0.0, ""water"": 0.0, ""transport"": 0.0}","{""energy"": 0.0, ""water"": 0.0, ""transport"": 0.0}",0.3,0.1,,0.7854147677525627,,,[],,v1.0,0.7,0.3
S3_transport_load,459,459,1771215861553729239,scenario=S3_transport_load|method=both|duration=0|theta=0.300000|delta_threshold=0.100000|A=v1.0|w=na|run_id=459|seed=1771215861553729239,False,"{""step_1_amount"": 0.4937742181837196}",5222c37788a096d3910624247b4a1e76a3afcfe0df2ea7ddd6490cebc16a26a9,0.44666666666666677,0.8124171462666419,0.3657504795999751,6,0.0,1.0,0.44666666666666677,0.8124171462666419,1,1,0.3657504795999751,"{""energy"": 0.6666666666666667, ""water"": 0.2666666666666667, ""transport"": 0.33333333333333337}","{""energy"": 0.9429174659999586, ""water"": 0.4508338662221946, ""transport"": 1.0}","{""energy"": 0.2762507993332919, ""water"": 0.1841671995555279, ""transport"": 0.6666666666666666}","{""energy"": 0.0, ""water"": 0.0, ""transport"": 0.0}","{""energy"": 1.0, ""water"": 1.0, ""transport"": 1.0}","{""energy"": 1.0, ""water"": 1.0, ""transport"": 1.0}",0.3,0.1,,0.8124171462666419,,,"[""energy"", ""water""]",2,v1.0,0.7,0.3
S3_transport_load,460,460,12240672770684891902,scenario=S3_transport_load|method=both|duration=0|theta=0.300000|delta_threshold=0.100000|A=v1.0|w=na|run_id=460|seed=12240672770684891902,False,"{""step_1_amount"": 0.4640422365864749}",5222c37788a096d3910624247b4a1e76a3afcfe0df2ea7ddd6490cebc16a26a9,0.44666666666666677,0.7819283584641827,0.33526169179751597,26,0.0,0.0,0.44666666666666677,0.7819283584641827,0,1,0.33526169179751597,"{""energy"": 0.6666666666666667, ""water"": 0.2666666666666667, ""transport"": 0.33333333333333337}","{""energy"": 0.8921028196625269, ""water"": 0.4169574353305735, ""transport"": 1.0}","{""energy"": 0.22543615299586017, ""water"": 0.15029076866390678, ""transport"": 0.6666666666666666}","{""energy"": 0.0, ""water"": 0.0, ""transport"": 0.0}","{""energy"": 0.0, ""water"": 0.0, ""transport"": 0.0}","{""energy"": 0.0, ""water"": 0.0, ""transport"": 0.0}",0.3,0.1,,0.7819283584641827,,,[],,v1.0,0.7,0.3
S3_transport_load,461,461,7735555815110770340,scenario=S3_transport_load|method=both|duration=0|theta=0.300000|delta_threshold=0.100000|A=v1.0|w=na|run_id=461|seed=7735555815110770340,False,"{""step_1_amount"": 0.2785933783021621}",5222c37788a096d3910624247b4a1e76a3afcfe0df2ea7ddd6490cebc16a26a9,0.44666666666666677,0.718569322892844,0.27190265622617726,15,0.0,0.0,0.44666666666666677,0.718569322892844,0,1,0.27190265622617726,"{""energy"": 0.6666666666666667, ""water"": 0.2666666666666667, ""transport"": 0.33333333333333337}","{""energy"": 0.8366058268080275, ""water"": 0.3799594400942406, ""transport"": 0.8997972004712028}","{""energy"": 0.1699391601413608, ""water"": 0.11329277342757388, ""transport"": 0.5664638671378694}","{""energy"": 0.0, ""water"": 0.0, ""transport"": 0.0}","{""energy"": 0.0, ""water"": 0.0, ""transport"": 0.0}","{""energy"": 0.0, ""water"": 0.0, ""transport"": 0.0}",0.3,0.1,,0.718569322892844,,,[],,v1.0,0.7,0.3
S3_transport_load,462,462,17757587464164806466,scenario=S3_transport_load|method=both|duration=0|theta=0.300000|delta_threshold=0.100000|A=v1.0|w=na|run_id=462|seed=17757587464164806466,False,"{""step_1_amount"": 0.6576041374742903}",5222c37788a096d3910624247b4a1e76a3afcfe0df2ea7ddd6490cebc16a26a9,0.44666666666666677,0.8016349311925832,0.35496826452591645,27,0.0,1.0,0.44666666666666677,0.8016349311925832,1,1,0.35496826452591645,"{""energy"": 0.6666666666666667, ""water"": 0.2666666666666667, ""transport"": 0.33333333333333337}","{""energy"": 0.9249471075431943, ""water"": 0.4388536272510185, ""transport"": 1.0}","{""energy"": 0.2582804408765276, ""water"": 0.1721869605843518, ""transport"": 0.6666666666666666}","{""energy"": 0.0, ""water"": 0.0, ""transport"": 0.0}","{""energy"": 1.0, ""water"": 1.0, ""transport"": 1.0}","{""energy"": 1.0, ""water"": 1.0, ""transport"": 1.0}",0.3,0.1,,0.8016349311925832,,,"[""energy"", ""water""]",1,v1.0,0.7,0.3
S3_transport_load,463,463,8859029683993358362,scenario=S3_transport_load|method=both|duration=0|theta=0.300000|delta_threshold=0.100000|A=v1.0|w=na|run_id=463|seed=8859029683993358362,False,"{""step_1_amount"": 0.34162735080675055}",5222c37788a096d3910624247b4a1e76a3afcfe0df2ea7ddd6490cebc16a26a9,0.44666666666666677,0.754424048840141,0.30775738217347426,14,0.0,0.0,0.44666666666666677,0.754424048840141,0,1,0.30775738217347426,"{""energy"": 0.6666666666666667, ""water"": 0.2666666666666667, ""transport"": 0.33333333333333337}","{""energy"": 0.8590150305250882, ""water"": 0.39489890923894777, ""transport"": 0.9744945461947384}","{""energy"": 0.19234836385842147, ""water"": 0.12823224257228105, ""transport"": 0.641161212861405}","{""energy"": 0.0, ""water"": 0.0, ""transport"": 0.0}","{""energy"": 0.0, ""water"": 0.0, ""transport"": 0.0}","{""energy"": 0.0, ""water"": 0.0, ""transport"": 0.0}",0.3,0.1,,0.754424048840141,,,[],,v1.0,0.7,0.3
S3_transport_load,464,464,6109514310764681965,scenario=S3_transport_load|method=both|duration=0|theta=0.300000|delta_threshold=0.100000|A=v1.0|w=na|run_id=464|seed=6109514310764681965,False,"{""step_1_amount"": 0.44151304229127697}",5222c37788a096d3910624247b4a1e76a3afcfe0df2ea7ddd6490cebc16a26a9,0.44666666666666677,0.7788000786786604,0.33213341201199365,10,0.0,0.0,0.44666666666666677,0.7788000786786604,0,1,0.33213341201199365,"{""energy"": 0.6666666666666667, ""water"": 0.2666666666666667, ""transport"": 0.33333333333333337}","{""energy"": 0.8868890200199896, ""water"": 0.4134815689022153, ""transport"": 1.0}","{""energy"": 0.22022235335332285, ""water"": 0.1468149022355486, ""transport"": 0.6666666666666666}","{""energy"": 0.0, ""water"": 0.0, ""transport"": 0.0}","{""energy"": 0.0, ""water"": 0.0, ""transport"": 0.0}","{""energy"": 0.0, ""water"": 0.0, ""transport"": 0.0}",0.3,0.1,,0.7788000786786604,,,[],,v1.0,0.7,0.3
S3_transport_load,465,465,5964224103622289844,scenario=S3_transport_load|method=both|duration=0|theta=0.300000|delta_threshold=0.100000|A=v1.0|w=na|run_id=465|seed=5964224103622289844,False,"{""step_1_amount"": 0.3109214167116499}",5222c37788a096d3910624247b4a1e76a3afcfe0df2ea7ddd6490cebc16a26a9,0.44666666666666677,0.7709548317206023,0.32428816505393554,19,0.0,0.0,0.44666666666666677,0.7709548317206023,0,1,0.32428816505393554,"{""energy"": 0.6666666666666667, ""water"": 0.2666666666666667, ""transport"": 0.33333333333333337}","{""energy"": 0.8738136084232262, ""water"": 0.40476462783770634, ""transport"": 1.0}","{""energy"": 0.20714694175655946, ""water"": 0.13809796117103962, ""transport"": 0.6666666666666666}","{""energy"": 0.0, ""water"": 0.0, ""transport"": 0.0}","{""energy"": 0.0, ""water"": 0.0, ""transport"": 0.0}","{""energy"": 0.0, ""water"": 0.0, ""transport"": 0.0}",0.3,0.1,,0.7709548317206023,,,[],,v1.0,0.7,0.3
S3_transport_load,466,466,18157069798745210797,scenario=S3_transport_load|method=both|duration=0|theta=0.300000|delta_threshold=0.100000|A=v1.0|w=na|run_id=466|seed=18157069798745210797,False,"{""step_1_amount"": 0.628446838950774}",5222c37788a096d3910624247b4a1e76a3afcfe0df2ea7ddd6490cebc16a26a9,0.44666666666666677,0.7993467404400285,0.35268007377336175,30,0.0,0.0,0.44666666666666677,0.7993467404400285,0,1,0.35268007377336175,"{""energy"": 0.6666666666666667, ""water"": 0.2666666666666667, ""transport"": 0.33333333333333337}","{""energy"": 0.9211334562889364, ""water"": 0.4363111930815131, ""transport"": 1.0}","{""energy"": 0.25446678962226965, ""water"": 0.1696445264148464, ""transport"": 0.6666666666666666}","{""energy"": 0.0, ""water"": 0.0, ""transport"": 0.0}","{""energy"": 0.0, ""water"": 0.0, ""transport"": 0.0}","{""energy"": 0.0, ""water"": 0.0, ""transport"": 0.0}",0.3,0.1,,0.7993467404400285,,,[],,v1.0,0.7,0.3
S3_transport_load,467,467,2445020306105572251,scenario=S3_transport_load|method=both|duration=0|theta=0.300000|delta_threshold=0.100000|A=v1.0|w=na|run_id=467|seed=2445020306105572251,False,"{""step_1_amount"": 0.43759900245918143}",5222c37788a096d3910624247b4a1e76a3afcfe0df2ea7ddd6490cebc16a26a9,0.44666666666666677,0.7782347106692982,0.3315680440026314,24,0.0,0.0,0.44666666666666677,0.7782347106692982,0,1,0.3315680440026314,"{""energy"": 0.6666666666666667, ""water"": 0.2666666666666667, ""transport"": 0.33333333333333337}","{""energy"": 0.8859467400043859, ""water"": 0.4128533822251461, ""transport"": 1.0}","{""energy"": 0.21928007333771915, ""water"": 0.1461867155584794, ""transport"": 0.6666666666666666}","{""energy"": 0.0, ""water"": 0.0, ""transport"": 0.0}","{""energy"": 0.0, ""water"": 0.0, ""transport"": 0.0}","{""energy"": 0.0, ""water"": 0.0, ""transport"": 0.0}",0.3,0.1,,0.7782347106692982,,,[],,v1.0,0.7,0.3
S3_transport_load,468,468,1099969011860877333,scenario=S3_transport_load|method=both|duration=0|theta=0.300000|delta_threshold=0.100000|A=v1.0|w=na|run_id=468|seed=1099969011860877333,False,"{""step_1_amount"": 0.27898592005036027}",5222c37788a096d3910624247b4a1e76a3afcfe0df2ea7ddd6490cebc16a26a9,0.44666666666666677,0.7988419078230409,0.3521752411563741,20,0.0,0.0,0.44666666666666677,0.7988419078230409,0,1,0.3521752411563741,"{""energy"": 0.6666666666666667, ""water"": 0.2666666666666667, ""transport"": 0.33333333333333337}","{""energy"": 0.9202920685939571, ""water"": 0.43575026795152694, ""transport"": 1.0}","{""energy"": 0.25362540192729033, ""water"": 0.16908360128486022, ""transport"": 0.6666666666666666}","{""energy"": 0.0, ""water"": 0.0, ""transport"": 0.0}","{""energy"": 0.0, ""water"": 0.0, ""transport"": 0.0}","{""energy"": 0.0, ""water"": 0.0, ""transport"": 0.0}",0.3,0.1,,0.7988419078230409,,,[],,v1.0,0.7,0.3
S3_transport_load,469,469,14302863440068773279,scenario=S3_transport_load|method=both|duration=0|theta=0.300000|delta_threshold=0.100000|A=v1.0|w=na|run_id=469|seed=14302863440068773279,False,"{""step_1_amount"": 0.978331210412301}",5222c37788a096d3910624247b4a1e76a3afcfe0df2ea7ddd6490cebc16a26a9,0.44666666666666677,0.8171030762787272,0.3704364096120605,16,0.0,1.0,0.44666666666666677,0.8171030762787272,1,1,0.3704364096120605,"{""energy"": 0.6666666666666667, ""water"": 0.2666666666666667, ""transport"": 0.33333333333333337}","{""energy"": 0.9507273493534343, ""water"": 0.45604045512451175, ""transport"": 1.0}","{""energy"": 0.28406068268676754, ""water"": 0.18937378845784503, ""transport"": 0.6666666666666666}","{""energy"": 0.0, ""water"": 0.0, ""transport"": 0.0}","{""energy"": 1.0, ""water"": 1.0, ""transport"": 1.0}","{""energy"": 1.0, ""water"": 1.0, ""transport"": 1.0}",0.3,0.1,,0.8171030762787272,,,"[""energy"", ""water""]",1,v1.0,0.7,0.3
S3_transport_load,470,470,935752167181959159,scenario=S3_transport_load|method=both|duration=0|theta=0.300000|delta_threshold=0.100000|A=v1.0|w=na|run_id=470|seed=935752167181959159,False,"{""step_1_amount"": 0.3432571700327325}",5222c37788a096d3910624247b4a1e76a3afcfe0df2ea7ddd6490cebc16a26a9,0.44666666666666677,0.7792380697162875,0.33257140304962074,7,0.0,0.0,0.44666666666666677,0.7792380697162875,0,1,0.33257140304962074,"{""energy"": 0.6666666666666667, ""water"": 0.2666666666666667, ""transport"": 0.33333333333333337}","{""energy"": 0.8876190050827014, ""water"": 0.4139682256106898, ""transport"": 1.0}","{""energy"": 0.22095233841603468, ""water"": 0.14730155894402308, ""transport"": 0.6666666666666666}","{""energy"": 0.0, ""water"": 0.0, ""transport"": 0.0}","{""energy"": 0.0, ""water"": 0.0, ""transport"": 0.0}","{""energy"": 0.0, ""water"": 0.0, ""transport"": 0.0}",0.3,0.1,,0.7792380697162875,,,[],,v1.0,0.7,0.3
S3_transport_load,471,471,819294151129785371,scenario=S3_transport_load|method=both|duration=0|theta=0.300000|delta_threshold=0.100000|A=v1.0|w=na|run_id=471|seed=819294151129785371,False,"{""step_1_amount"": 0.22881145188640123}",5222c37788a096d3910624247b4a1e76a3afcfe0df2ea7ddd6490cebc16a26a9,0.44666666666666677,0.685050169100232,0.2383835024335652,13,0.0,0.0,0.44666666666666677,0.685050169100232,0,1,0.2383835024335652,"{""energy"": 0.6666666666666667, ""water"": 0.2666666666666667, ""transport"": 0.33333333333333337}","{""energy"": 0.815656355687645, ""water"": 0.3659931260139856, ""transport"": 0.8299656300699277}","{""energy"": 0.1489896890209783, ""water"": 0.09932645934731887, ""transport"": 0.49663229673659437}","{""energy"": 0.0, ""water"": 0.0, ""transport"": 0.0}","{""energy"": 0.0, ""water"": 0.0, ""transport"": 0.0}","{""energy"": 0.0, ""water"": 0.0, ""transport"": 0.0}",0.3,0.1,,0.685050169100232,,,[],,v1.0,0.7,0.3
S3_transport_load,472,472,10627466049358084633,scenario=S3_transport_load|method=both|duration=0|theta=0.300000|delta_threshold=0.100000|A=v1.0|w=na|run_id=472|seed=10627466049358084633,False,"{""step_1_amount"": 0.21586090358330554}",5222c37788a096d3910624247b4a1e76a3afcfe0df2ea7ddd6490cebc16a26a9,0.44666666666666677,0.6754782319831887,0.22881156531652191,15,0.0,0.0,0.44666666666666677,0.6754782319831887,0,1,0.22881156531652191,"{""energy"": 0.6666666666666667, ""water"": 0.2666666666666667, ""transport"": 0.33333333333333337}","{""energy"": 0.8096738949894929, ""water"": 0.3620048188818842, ""transport"": 0.8100240944094207}","{""energy"": 0.1430072283228262, ""water"": 0.09533815221521746, ""transport"": 0.4766907610760873}","{""energy"": 0.0, ""water"": 0.0, ""transport"": 0.0}","{""energy"": 0.0, ""water"": 0.0, ""transport"": 0.0}","{""energy"": 0.0, ""water"": 0.0, ""transport"": 0.0}",0.3,0.1,,0.6754782319831887,,,[],,v1.0,0.7,0.3
S3_transport_load,473,473,15063288814608156618,scenario=S3_transport_load|method=both|duration=0|theta=0.300000|delta_threshold=0.100000|A=v1.0|w=na|run_id=473|seed=15063288814608156618,False,"{""step_1_amount"": 0.19240019587592802}",5222c37788a096d3910624247b4a1e76a3afcfe0df2ea7ddd6490cebc16a26a9,0.44666666666666677,0.6871804979454702,0.24051383127880344,18,0.0,0.0,0.44666666666666677,0.6871804979454702,0,1,0.24051383127880344,"{""energy"": 0.6666666666666667, ""water"": 0.2666666666666667, ""transport"": 0.33333333333333337}","{""energy"": 0.8110000891185632, ""water"": 0.4182421125790412, ""transport"": 0.7910260950811083}","{""energy"": 0.1443334224518965, ""water"": 0.15157544591237448, ""transport"": 0.45769276174777496}","{""energy"": 0.0, ""water"": 0.0, ""transport"": 0.0}","{""energy"": 0.0, ""water"": 0.0, ""transport"": 0.0}","{""energy"": 0.0, ""water"": 0.0, ""transport"": 0.0}",0.3,0.1,,0.6871804979454702,,,[],,v1.0,0.7,0.3
S3_transport_load,474,474,1349097063714112216,scenario=S3_transport_load|method=both|duration=0|theta=0.300000|delta_threshold=0.100000|A=v1.0|w=na|run_id=474|seed=1349097063714112216,False,"{""step_1_amount"": 0.36266190198300996}",5222c37788a096d3910624247b4a1e76a3afcfe0df2ea7ddd6490cebc16a26a9,0.44666666666666677,0.8011805282448785,0.35451386157821174,29,0.0,1.0,0.44666666666666677,0.8011805282448785,1,1,0.35451386157821174,"{""energy"": 0.6666666666666667, ""water"": 0.2666666666666667, ""transport"": 0.33333333333333337}","{""energy"": 0.9241897692970198, ""water"": 0.4383487350869021, ""transport"": 1.0}","{""energy"": 0.25752310263035305, ""water"": 0.17168206842023537, ""transport"": 0.6666666666666666}","{""energy"": 0.0, ""water"": 0.0, ""transport"": 0.0}","{""energy"": 1.0, ""water"": 1.0, ""transport"": 1.0}","{""energy"": 1.0, ""water"": 1.0, ""transport"": 1.0}",0.3,0.1,,0.8011805282448785,,,"[""energy"", ""water""]",2,v1.0,0.7,0.3
S3_transport_load,475,475,10088254013498416834,scenario=S3_transport_load|method=both|duration=0|theta=0.300000|delta_threshold=0.100000|A=v1.0|w=na|run_id=475|seed=10088254013498416834,False,"{""step_1_amount"": 0.4969996139815593}",5222c37788a096d3910624247b4a1e76a3afcfe0df2ea7ddd6490cebc16a26a9,0.44666666666666677,0.7861400885285887,0.339473421861922,30,0.0,0.0,0.44666666666666677,0.7861400885285887,0,1,0.339473421861922,"{""energy"": 0.6666666666666667, ""water"": 0.2666666666666667, ""transport"": 0.33333333333333337}","{""energy"": 0.8991223697698703, ""water"": 0.42163713540213577, ""transport"": 1.0}","{""energy"": 0.23245570310320351, ""water"": 0.15497046873546905, ""transport"": 0.6666666666666666}","{""energy"": 0.0, ""water"": 0.0, ""transport"": 0.0}","{""energy"": 0.0, ""water"": 0.0, ""transport"": 0.0}","{""energy"": 0.0, ""water"": 0.0, ""transport"": 0.0}",0.3,0.1,,0.7861400885285887,,,[],,v1.0,0.7,0.3
S3_transport_load,476,476,3021716866631318356,scenario=S3_transport_load|method=both|duration=0|theta=0.300000|delta_threshold=0.100000|A=v1.0|w=na|run_id=476|seed=3021716866631318356,False,"{""step_1_amount"": 0.29216709497534726}",5222c37788a096d3910624247b4a1e76a3afcfe0df2ea7ddd6490cebc16a26a9,0.44666666666666677,0.726873069572759,0.2802064029060922,26,0.0,0.0,0.44666666666666677,0.726873069572759,0,1,0.2802064029060922,"{""energy"": 0.6666666666666667, ""water"": 0.2666666666666667, ""transport"": 0.33333333333333337}","{""energy"": 0.8417956684829744, ""water"": 0.3834193345442052, ""transport"": 0.9170966727210256}","{""energy"": 0.17512900181630764, ""water"": 0.11675266787753846, ""transport"": 0.5837633393876922}","{""energy"": 0.0, ""water"": 0.0, ""transport"": 0.0}","{""energy"": 0.0, ""water"": 0.0, ""transport"": 0.0}","{""energy"": 0.0, ""water"": 0.0, ""transport"": 0.0}",0.3,0.1,,0.726873069572759,,,[],,v1.0,0.7,0.3
S3_transport_load,477,477,11467138740874860913,scenario=S3_transport_load|method=both|duration=0|theta=0.300000|delta_threshold=0.100000|A=v1.0|w=na|run_id=477|seed=11467138740874860913,False,"{""step_1_amount"": 0.4453827048527453}",5222c37788a096d3910624247b4a1e76a3afcfe0df2ea7ddd6490cebc16a26a9,0.44666666666666677,0.779352548297896,0.33268588163122925,9,0.0,0.0,0.44666666666666677,0.779352548297896,0,1,0.33268588163122925,"{""energy"": 0.6666666666666667, ""water"": 0.2666666666666667, ""transport"": 0.33333333333333337}","{""energy"": 0.8878098027187155, ""water"": 0.41409542403469923, ""transport"": 1.0}","{""energy"": 0.22114313605204872, ""water"": 0.14742875736803251, ""transport"": 0.6666666666666666}","{""energy"": 0.0, ""water"": 0.0, ""transport"": 0.0}","{""energy"": 0.0, ""water"": 0.0, ""transport"": 0.0}","{""energy"": 0.0, ""water"": 0.0, ""transport"": 0.0}",0.3,0.1,,0.779352548297896,,,[],,v1.0,0.7,0.3
S3_transport_load,478,478,571253419146075906,scenario=S3_transport_load|method=both|duration=0|theta=0.300000|delta_threshold=0.100000|A=v1.0|w=na|run_id=478|seed=571253419146075906,False,"{""step_1_amount"": 0.7298816572215221}",5222c37788a096d3910624247b4a1e76a3afcfe0df2ea7ddd6490cebc16a26a9,0.44666666666666677,0.820065773175183,0.37339910650851627,15,0.0,1.0,0.44666666666666677,0.820065773175183,1,1,0.37339910650851627,"{""energy"": 0.6666666666666667, ""water"": 0.2666666666666667, ""transport"": 0.33333333333333337}","{""energy"": 0.9529730613167785, ""water"": 0.46292182882823896, ""transport"": 1.0}","{""energy"": 0.28630639465011176, ""water"": 0.19625516216157224, ""transport"": 0.6666666666666666}","{""energy"": 0.0, ""water"": 0.0, ""transport"": 0.0}","{""energy"": 1.0, ""water"": 1.0, ""transport"": 1.0}","{""energy"": 1.0, ""water"": 1.0, ""transport"": 1.0}",0.3,0.1,,0.820065773175183,,,"[""energy"", ""water""]",1,v1.0,0.7,0.3
S3_transport_load,479,479,4584718395698536681,scenario=S3_transport_load|method=both|duration=0|theta=0.300000|delta_threshold=0.100000|A=v1.0|w=na|run_id=479|seed=4584718395698536681,False,"{""step_1_amount"": 0.611780195526826}",5222c37788a096d3910624247b4a1e76a3afcfe0df2ea7ddd6490cebc16a26a9,0.44666666666666677,0.7979460198723569,0.35127935320569015,10,0.0,0.0,0.44666666666666677,0.7979460198723569,0,1,0.35127935320569015,"{""energy"": 0.6666666666666667, ""water"": 0.2666666666666667, ""transport"": 0.33333333333333337}","{""energy"": 0.9187989220094839, ""water"": 0.43475483689521144, ""transport"": 1.0}","{""energy"": 0.25213225534281714, ""water"": 0.16808817022854472, ""transport"": 0.6666666666666666}","{""energy"": 0.0, ""water"": 0.0, ""transport"": 0.0}","{""energy"": 0.0, ""water"": 0.0, ""transport"": 0.0}","{""energy"": 0.0, ""water"": 0.0, ""transport"": 0.0}",0.3,0.1,,0.7979460198723569,,,[],,v1.0,0.7,0.3
S3_transport_load,480,480,13982081815842169768,scenario=S3_transport_load|method=both|duration=0|theta=0.300000|delta_threshold=0.100000|A=v1.0|w=na|run_id=480|seed=13982081815842169768,False,"{""step_1_amount"": 0.4997279513031188}",5222c37788a096d3910624247b4a1e76a3afcfe0df2ea7ddd6490cebc16a26a9,0.44666666666666677,0.7864704452243909,0.33980377855772415,10,0.0,0.0,0.44666666666666677,0.7864704452243909,0,1,0.33980377855772415,"{""energy"": 0.6666666666666667, ""water"": 0.2666666666666667, ""transport"": 0.33333333333333337}","{""energy"": 0.8996729642628738, ""water"": 0.4220041983974714, ""transport"": 1.0}","{""energy"": 0.23300629759620706, ""water"": 0.15533753173080467, ""transport"": 0.6666666666666666}","{""energy"": 0.0, ""water"": 0.0, ""transport"": 0.0}","{""energy"": 0.0, ""water"": 0.0, ""transport"": 0.0}","{""energy"": 0.0, ""water"": 0.0, ""transport"": 0.0}",0.3,0.1,,0.7864704452243909,,,[],,v1.0,0.7,0.3
S3_transport_load,481,481,5731894365413945768,scenario=S3_transport_load|method=both|duration=0|theta=0.300000|delta_threshold=0.100000|A=v1.0|w=na|run_id=481|seed=5731894365413945768,False,"{""step_1_amount"": 0.2694018833780019}",5222c37788a096d3910624247b4a1e76a3afcfe0df2ea7ddd6490cebc16a26a9,0.44666666666666677,0.7127513000058654,0.26608463333919863,20,0.0,0.0,0.44666666666666677,0.7127513000058654,0,1,0.26608463333919863,"{""energy"": 0.6666666666666667, ""water"": 0.2666666666666667, ""transport"": 0.33333333333333337}","{""energy"": 0.8329695625036659, ""water"": 0.37753526389133285, ""transport"": 0.887676319456664}","{""energy"": 0.1663028958369992, ""water"": 0.11086859722466613, ""transport"": 0.5543429861233307}","{""energy"": 0.0, ""water"": 0.0, ""transport"": 0.0}","{""energy"": 0.0, ""water"": 0.0, ""transport"": 0.0}","{""energy"": 0.0, ""water"": 0.0, ""transport"": 0.0}",0.3,0.1,,0.7127513000058654,,,[],,v1.0,0.7,0.3
S3_transport_load,482,482,4408773653789127861,scenario=S3_transport_load|method=both|duration=0|theta=0.300000|delta_threshold=0.100000|A=v1.0|w=na|run_id=482|seed=4408773653789127861,False,"{""step_1_amount"": 0.25522359543058637}",5222c37788a096d3910624247b4a1e76a3afcfe0df2ea7ddd6490cebc16a26a9,0.44666666666666677,0.7034561565489681,0.2567894898823013,26,0.0,0.0,0.44666666666666677,0.7034561565489681,0,1,0.2567894898823013,"{""energy"": 0.6666666666666667, ""water"": 0.2666666666666667, ""transport"": 0.33333333333333337}","{""energy"": 0.8271600978431051, ""water"": 0.3736622874509589, ""transport"": 0.8683114372547943}","{""energy"": 0.16049343117643833, ""water"": 0.1069956207842922, ""transport"": 0.534978103921461}","{""energy"": 0.0, ""water"": 0.0, ""transport"": 0.0}","{""energy"": 0.0, ""water"": 0.0, ""transport"": 0.0}","{""energy"": 0.0, ""water"": 0.0, ""transport"": 0.0}",0.3,0.1,,0.7034561565489681,,,[],,v1.0,0.7,0.3
S3_transport_load,483,483,1750103402949219677,scenario=S3_transport_load|method=both|duration=0|theta=0.300000|delta_threshold=0.100000|A=v1.0|w=na|run_id=483|seed=1750103402949219677,False,"{""step_1_amount"": 0.3769091002435233}",5222c37788a096d3910624247b4a1e76a3afcfe0df2ea7ddd6490cebc16a26a9,0.44666666666666677,0.8172183239323112,0.37055165726564443,25,0.0,1.0,0.44666666666666677,0.8172183239323112,1,1,0.37055165726564443,"{""energy"": 0.6666666666666667, ""water"": 0.2666666666666667, ""transport"": 0.33333333333333337}","{""energy"": 0.9317494580998088, ""water"": 0.48172846897462573, ""transport"": 1.0}","{""energy"": 0.26508279143314206, ""water"": 0.21506180230795902, ""transport"": 0.6666666666666666}","{""energy"": 0.0, ""water"": 0.0, ""transport"": 0.0}","{""energy"": 1.0, ""water"": 1.0, ""transport"": 1.0}","{""energy"": 1.0, ""water"": 1.0, ""transport"": 1.0}",0.3,0.1,,0.8172183239323112,,,"[""energy"", ""water""]",2,v1.0,0.7,0.3
S3_transport_load,484,484,1812975592452296485,scenario=S3_transport_load|method=both|duration=0|theta=0.300000|delta_threshold=0.100000|A=v1.0|w=na|run_id=484|seed=1812975592452296485,False,"{""step_1_amount"": 0.26601246235554027}",5222c37788a096d3910624247b4a1e76a3afcfe0df2ea7ddd6490cebc16a26a9,0.44666666666666677,0.7105650559685539,0.26389838930188714,14,0.0,0.0,0.44666666666666677,0.7105650559685539,0,1,0.26389838930188714,"{""energy"": 0.6666666666666667, ""water"": 0.2666666666666667, ""transport"": 0.33333333333333337}","{""energy"": 0.8316031599803462, ""water"": 0.3766243288757864, ""transport"": 0.8831216443789317}","{""energy"": 0.16493649331367943, ""water"": 0.10995766220911968, ""transport"": 0.5497883110455983}","{""energy"": 0.0, ""water"": 0.0, ""transport"": 0.0}","{""energy"": 0.0, ""water"": 0.0, ""transport"": 0.0}","{""energy"": 0.0, ""water"": 0.0, ""transport"": 0.0}",0.3,0.1,,0.7105650559685539,,,[],,v1.0,0.7,0.3
S3_transport_load,485,485,3972437142268883259,scenario=S3_transport_load|method=both|duration=0|theta=0.300000|delta_threshold=0.100000|A=v1.0|w=na|run_id=485|seed=3972437142268883259,False,"{""step_1_amount"": 0.2930468272678508}",5222c37788a096d3910624247b4a1e76a3afcfe0df2ea7ddd6490cebc16a26a9,0.44666666666666677,0.7978920977577628,0.35122543109109605,15,0.0,0.0,0.44666666666666677,0.7978920977577628,0,1,0.35122543109109605,"{""energy"": 0.6666666666666667, ""water"": 0.2666666666666667, ""transport"": 0.33333333333333337}","{""energy"": 0.9187090518184937, ""water"": 0.4346949234345514, ""transport"": 1.0}","{""energy"": 0.252042385151827, ""water"": 0.1680282567678847, ""transport"": 0.6666666666666666}","{""energy"": 0.0, ""water"": 0.0, ""transport"": 0.0}","{""energy"": 0.0, ""water"": 0.0, ""transport"": 0.0}","{""energy"": 0.0, ""water"": 0.0, ""transport"": 0.0}",0.3,0.1,,0.7978920977577628,,,[],,v1.0,0.7,0.3
S3_transport_load,486,486,13759208874461485719,scenario=S3_transport_load|method=both|duration=0|theta=0.300000|delta_threshold=0.100000|A=v1.0|w=na|run_id=486|seed=13759208874461485719,False,"{""step_1_amount"": 0.4710411788962284}",5222c37788a096d3910624247b4a1e76a3afcfe0df2ea7ddd6490cebc16a26a9,0.44666666666666677,0.782857927823879,0.3361912611572122,13,0.0,0.0,0.44666666666666677,0.782857927823879,0,1,0.3361912611572122,"{""energy"": 0.6666666666666667, ""water"": 0.2666666666666667, ""transport"": 0.33333333333333337}","{""energy"": 0.8936521019286872, ""water"": 0.4179902901746803, ""transport"": 1.0}","{""energy"": 0.22698543526202042, ""water"": 0.1513236235080136, ""transport"": 0.6666666666666666}","{""energy"": 0.0, ""water"": 0.0, ""transport"": 0.0}","{""energy"": 0.0, ""water"": 0.0, ""transport"": 0.0}","{""energy"": 0.0, ""water"": 0.0, ""transport"": 0.0}",0.3,0.1,,0.782857927823879,,,[],,v1.0,0.7,0.3
S3_transport_load,487,487,1746873520068400096,scenario=S3_transport_load|method=both|duration=0|theta=0.300000|delta_threshold=0.100000|A=v1.0|w=na|run_id=487|seed=1746873520068400096,False,"{""step_1_amount"": 0.32521602138811023}",5222c37788a096d3910624247b4a1e76a3afcfe0df2ea7ddd6490cebc16a26a9,0.44666666666666677,0.745731632441679,0.2990649657750122,16,0.0,0.0,0.44666666666666677,0.745731632441679,0,1,0.2990649657750122,"{""energy"": 0.6666666666666667, ""water"": 0.2666666666666667, ""transport"": 0.33333333333333337}","{""energy"": 0.8535822702760494, ""water"": 0.3912770690729218, ""transport"": 0.956385345364609}","{""energy"": 0.18691560360938264, ""water"": 0.1246104024062551, ""transport"": 0.6230520120312756}","{""energy"": 0.0, ""water"": 0.0, ""transport"": 0.0}","{""energy"": 0.0, ""water"": 0.0, ""transport"": 0.0}","{""energy"": 0.0, ""water"": 0.0, ""transport"": 0.0}",0.3,0.1,,0.745731632441679,,,[],,v1.0,0.7,0.3
S3_transport_load,488,488,7851968199551689973,scenario=S3_transport_load|method=both|duration=0|theta=0.300000|delta_threshold=0.100000|A=v1.0|w=na|run_id=488|seed=7851968199551689973,False,"{""step_1_amount"": 0.2929070273743505}",5222c37788a096d3910624247b4a1e76a3afcfe0df2ea7ddd6490cebc16a26a9,0.44666666666666677,0.7678611442611268,0.32119447759446007,23,0.0,0.0,0.44666666666666677,0.7678611442611268,0,1,0.32119447759446007,"{""energy"": 0.6666666666666667, ""water"": 0.2666666666666667, ""transport"": 0.33333333333333337}","{""energy"": 0.8686574626574336, ""water"": 0.40132719732717803, ""transport"": 1.0}","{""energy"": 0.20199079599076686, ""water"": 0.1346605306605113, ""transport"": 0.6666666666666666}","{""energy"": 0.0, ""water"": 0.0, ""transport"": 0.0}","{""energy"": 0.0, ""water"": 0.0, ""transport"": 0.0}","{""energy"": 0.0, ""water"": 0.0, ""transport"": 0.0}",0.3,0.1,,0.7678611442611268,,,[],,v1.0,0.7,0.3
S3_transport_load,489,489,114924809845983802,scenario=S3_transport_load|method=both|duration=0|theta=0.300000|delta_threshold=0.100000|A=v1.0|w=na|run_id=489|seed=114924809845983802,False,"{""step_1_amount"": 0.46962186774221076}",5222c37788a096d3910624247b4a1e76a3afcfe0df2ea7ddd6490cebc16a26a9,0.44666666666666677,0.7826709954384554,0.33600432877178865,29,0.0,0.0,0.44666666666666677,0.7826709954384554,0,1,0.33600432877178865,"{""energy"": 0.6666666666666667, ""water"": 0.2666666666666667, ""transport"": 0.33333333333333337}","{""energy"": 0.8933405479529813, ""water"": 0.4177825875242098, ""transport"": 1.0}","{""energy"": 0.2266738812863146, ""water"": 0.1511159208575431, ""transport"": 0.6666666666666666}","{""energy"": 0.0, ""water"": 0.0, ""transport"": 0.0}","{""energy"": 0.0, ""water"": 0.0, ""transport"": 0.0}","{""energy"": 0.0, ""water"": 0.0, ""transport"": 0.0}",0.3,0.1,,0.7826709954384554,,,[],,v1.0,0.7,0.3
S3_transport_load,490,490,4536292790022583700,scenario=S3_transport_load|method=both|duration=0|theta=0.300000|delta_threshold=0.100000|A=v1.0|w=na|run_id=490|seed=4536292790022583700,False,"{""step_1_amount"": 0.6493257616122946}",5222c37788a096d3910624247b4a1e76a3afcfe0df2ea7ddd6490cebc16a26a9,0.44666666666666677,0.8010054809626543,0.35433881429598757,26,0.0,1.0,0.44666666666666677,0.8010054809626543,1,1,0.35433881429598757,"{""energy"": 0.6666666666666667, ""water"": 0.2666666666666667, ""transport"": 0.33333333333333337}","{""energy"": 0.9238980238266461, ""water"": 0.438154238106653, ""transport"": 1.0}","{""energy"": 0.25723135715997936, ""water"": 0.17148757143998627, ""transport"": 0.6666666666666666}","{""energy"": 0.0, ""water"": 0.0, ""transport"": 0.0}","{""energy"": 1.0, ""water"": 1.0, ""transport"": 1.0}","{""energy"": 1.0, ""water"": 1.0, ""transport"": 1.0}",0.3,0.1,,0.8010054809626543,,,"[""energy"", ""water""]",1,v1.0,0.7,0.3
S3_transport_load,491,491,8131980029566754015,scenario=S3_transport_load|method=both|duration=0|theta=0.300000|delta_threshold=0.100000|A=v1.0|w=na|run_id=491|seed=8131980029566754015,False,"{""step_1_amount"": 0.4337168880100575}",5222c37788a096d3910624247b4a1e76a3afcfe0df2ea7ddd6490cebc16a26a9,0.44666666666666677,0.7776673581023004,0.3310006914356336,10,0.0,0.0,0.44666666666666677,0.7776673581023004,0,1,0.3310006914356336,"{""energy"": 0.6666666666666667, ""water"": 0.2666666666666667, ""transport"": 0.33333333333333337}","{""energy"": 0.8850011523927228, ""water"": 0.41222299048403743, ""transport"": 1.0}","{""energy"": 0.21833448572605607, ""water"": 0.14555632381737071, ""transport"": 0.6666666666666666}","{""energy"": 0.0, ""water"": 0.0, ""transport"": 0.0}","{""energy"": 0.0, ""water"": 0.0, ""transport"": 0.0}","{""energy"": 0.0, ""water"": 0.0, ""transport"": 0.0}",0.3,0.1,,0.7776673581023004,,,[],,v1.0,0.7,0.3
S3_transport_load,492,492,417398013181576764,scenario=S3_transport_load|method=both|duration=0|theta=0.300000|delta_threshold=0.100000|A=v1.0|w=na|run_id=492|seed=417398013181576764,False,"{""step_1_amount"": 0.40698775523499364}",5222c37788a096d3910624247b4a1e76a3afcfe0df2ea7ddd6490cebc16a26a9,0.44666666666666677,0.7735764012799324,0.32690973461326567,8,0.0,0.0,0.44666666666666677,0.7735764012799324,0,1,0.32690973461326567,"{""energy"": 0.6666666666666667, ""water"": 0.2666666666666667, ""transport"": 0.33333333333333337}","{""energy"": 0.8781828910221096, ""water"": 0.4076774829036286, ""transport"": 1.0}","{""energy"": 0.21151622435544282, ""water"": 0.14101081623696188, ""transport"": 0.6666666666666666}","{""energy"": 0.0, ""water"": 0.0, ""transport"": 0.0}","{""energy"": 0.0, ""water"": 0.0, ""transport"": 0.0}","{""energy"": 0.0, ""water"": 0.0, ""transport"": 0.0}",0.3,0.1,,0.7735764012799324,,,[],,v1.0,0.7,0.3
S3_transport_load,493,493,17205156606803758571,scenario=S3_transport_load|method=both|duration=0|theta=0.300000|delta_threshold=0.100000|A=v1.0|w=na|run_id=493|seed=17205156606803758571,False,"{""step_1_amount"": 0.019683758949656963}",5222c37788a096d3910624247b4a1e76a3afcfe0df2ea7ddd6490cebc16a26a9,0.44666666666666677,0.4741906196075357,0.027523952940868956,20,0.0,0.0,0.44666666666666677,0.4741906196075357,0,0,0.027523952940868956,"{""energy"": 0.6666666666666667, ""water"": 0.2666666666666667, ""transport"": 0.33333333333333337}","{""energy"": 0.6838691372547099, ""water"": 0.2781349803920288, ""transport"": 0.39067490196014365}","{""energy"": 0.01720247058804314, ""water"": 0.011468313725362056, ""transport"": 0.05734156862681028}","{""energy"": 0.0, ""water"": 0.0, ""transport"": 0.0}","{""energy"": 0.0, ""water"": 0.0, ""transport"": 0.0}","{""energy"": 0.0, ""water"": 0.0, ""transport"": 0.0}",0.3,0.1,,0.4741906196075357,,,[],,v1.0,0.7,0.3
S3_transport_load,494,494,10544968413172069808,scenario=S3_transport_load|method=both|duration=0|theta=0.300000|delta_threshold=0.100000|A=v1.0|w=na|run_id=494|seed=10544968413172069808,False,"{""step_1_amount"": 0.2687023881754132}",5222c37788a096d3910624247b4a1e76a3afcfe0df2ea7ddd6490cebc16a26a9,0.44666666666666677,0.7123019303547562,0.26563526368808943,5,0.0,0.0,0.44666666666666677,0.7123019303547562,0,1,0.26563526368808943,"{""energy"": 0.6666666666666667, ""water"": 0.2666666666666667, ""transport"": 0.33333333333333337}","{""energy"": 0.8326887064717227, ""water"": 0.37734802653670396, ""transport"": 0.8867401326835197}","{""energy"": 0.16602203980505592, ""water"": 0.11068135987003724, ""transport"": 0.5534067993501863}","{""energy"": 0.0, ""water"": 0.0, ""transport"": 0.0}","{""energy"": 0.0, ""water"": 0.0, ""transport"": 0.0}","{""energy"": 0.0, ""water"": 0.0, ""transport"": 0.0}",0.3,0.1,,0.7123019303547562,,,[],,v1.0,0.7,0.3
S3_transport_load,495,495,14844923548262905933,scenario=S3_transport_load|method=both|duration=0|theta=0.300000|delta_threshold=0.100000|A=v1.0|w=na|run_id=495|seed=14844923548262905933,False,"{""step_1_amount"": 0.5344127310520899}",5222c37788a096d3910624247b4a1e76a3afcfe0df2ea7ddd6490cebc16a26a9,0.44666666666666677,0.8599949932931621,0.4133283266264953,8,0.0,1.0,0.44666666666666677,0.8599949932931621,1,1,0.4133283266264953,"{""energy"": 0.6666666666666667, ""water"": 0.2666666666666667, ""transport"": 0.33333333333333337}","{""energy"": 0.9680675696357102, ""water"": 0.5758932181295937, ""transport"": 1.0}","{""energy"": 0.3014009029690434, ""water"": 0.309226551462927, ""transport"": 0.6666666666666666}","{""energy"": 0.0, ""water"": 0.0, ""transport"": 0.0}","{""energy"": 1.0, ""water"": 1.0, ""transport"": 1.0}","{""energy"": 1.0, ""water"": 1.0, ""transport"": 1.0}",0.3,0.1,,0.8599949932931621,,,"[""energy"", ""water""]",2,v1.0,0.7,0.3
S3_transport_load,496,496,12695848134622119735,scenario=S3_transport_load|method=both|duration=0|theta=0.300000|delta_threshold=0.100000|A=v1.0|w=na|run_id=496|seed=12695848134622119735,False,"{""step_1_amount"": 0.44397136267958526}",5222c37788a096d3910624247b4a1e76a3afcfe0df2ea7ddd6490cebc16a26a9,0.44666666666666677,0.7791517943671866,0.33248512770051986,6,0.0,0.0,0.44666666666666677,0.7791517943671866,0,1,0.33248512770051986,"{""energy"": 0.6666666666666667, ""water"": 0.2666666666666667, ""transport"": 0.33333333333333337}","{""energy"": 0.8874752128342, ""water"": 0.4138723641116888, ""transport"": 1.0}","{""energy"": 0.2208085461675332, ""water"": 0.1472056974450221, ""transport"": 0.6666666666666666}","{""energy"": 0.0, ""water"": 0.0, ""transport"": 0.0}","{""energy"": 0.0, ""water"": 0.0, ""transport"": 0.0}","{""energy"": 0.0, ""water"": 0.0, ""transport"": 0.0}",0.3,0.1,,0.7791517943671866,,,[],,v1.0,0.7,0.3
S3_transport_load,497,497,649595075040776266,scenario=S3_transport_load|method=both|duration=0|theta=0.300000|delta_threshold=0.100000|A=v1.0|w=na|run_id=497|seed=649595075040776266,False,"{""step_1_amount"": 0.41375430991974654}",5222c37788a096d3910624247b4a1e76a3afcfe0df2ea7ddd6490cebc16a26a9,0.44666666666666677,0.774643250852654,0.3279765841859872,8,0.0,0.0,0.44666666666666677,0.774643250852654,0,1,0.3279765841859872,"{""energy"": 0.6666666666666667, ""water"": 0.2666666666666667, ""transport"": 0.33333333333333337}","{""energy"": 0.879960973643312, ""water"": 0.40886287131776355, ""transport"": 1.0}","{""energy"": 0.2132943069766453, ""water"": 0.14219620465109684, ""transport"": 0.6666666666666666}","{""energy"": 0.0, ""water"": 0.0, ""transport"": 0.0}","{""energy"": 0.0, ""water"": 0.0, ""transport"": 0.0}","{""energy"": 0.0, ""water"": 0.0, ""transport"": 0.0}",0.3,0.1,,0.774643250852654,,,[],,v1.0,0.7,0.3
S3_transport_load,498,498,1149723778090702425,scenario=S3_transport_load|method=both|duration=0|theta=0.300000|delta_threshold=0.100000|A=v1.0|w=na|run_id=498|seed=1149723778090702425,False,"{""step_1_amount"": 0.7681249530378403}",5222c37788a096d3910624247b4a1e76a3afcfe0df2ea7ddd6490cebc16a26a9,0.44666666666666677,0.8177049943559112,0.3710383276892444,9,0.0,1.0,0.44666666666666677,0.8177049943559112,1,1,0.3710383276892444,"{""energy"": 0.6666666666666667, ""water"": 0.2666666666666667, ""transport"": 0.33333333333333337}","{""energy"": 0.9517305461487406, ""water"": 0.4567092529880493, ""transport"": 1.0}","{""energy"": 0.2850638794820739, ""water"": 0.1900425863213826, ""transport"": 0.6666666666666666}","{""energy"": 0.0, ""water"": 0.0, ""transport"": 0.0}","{""energy"": 1.0, ""water"": 1.0, ""transport"": 1.0}","{""energy"": 1.0, ""water"": 1.0, ""transport"": 1.0}",0.3,0.1,,0.8177049943559112,,,"[""energy"", ""water""]",1,v1.0,0.7,0.3
S3_transport_load,499,499,12058988634022129633,scenario=S3_transport_load|method=both|duration=0|theta=0.300000|delta_threshold=0.100000|A=v1.0|w=na|run_id=499|seed=12058988634022129633,False,"{""step_1_amount"": 0.19536826457966489}",5222c37788a096d3910624247b4a1e76a3afcfe0df2ea7ddd6490cebc16a26a9,0.44666666666666677,0.7296198136151754,0.2829531469485086,20,0.0,0.0,0.44666666666666677,0.7296198136151754,0,1,0.2829531469485086,"{""energy"": 0.6666666666666667, ""water"": 0.2666666666666667, ""transport"": 0.33333333333333337}","{""energy"": 0.8435123835094847, ""water"": 0.3845638112285453, ""transport"": 0.9228190561427263}","{""energy"": 0.1768457168428179, ""water"": 0.11789714456187861, ""transport"": 0.5894857228093929}","{""energy"": 0.0, ""water"": 0.0, ""transport"": 0.0}","{""energy"": 0.0, ""water"": 0.0, ""transport"": 0.0}","{""energy"": 0.0, ""water"": 0.0, ""transport"": 0.0}",0.3,0.1,,0.7296198136151754,,,[],,v1.0,0.7,0.3
S3_transport_load,500,500,12231142449885847025,scenario=S3_transport_load|method=both|duration=0|theta=0.300000|delta_threshold=0.100000|A=v1.0|w=na|run_id=500|seed=12231142449885847025,False,"{""step_1_amount"": 0.4516299007797977}",5222c37788a096d3910624247b4a1e76a3afcfe0df2ea7ddd6490cebc16a26a9,0.44666666666666677,0.8300966709770874,0.3834300043104206,19,0.0,1.0,0.44666666666666677,0.8300966709770874,1,1,0.3834300043104206,"{""energy"": 0.6666666666666667, ""water"": 0.2666666666666667, ""transport"": 0.33333333333333337}","{""energy"": 0.9462319198631277, ""water"": 0.505346343439454, ""transport"": 1.0}","{""energy"": 0.27956525319646097, ""water"": 0.23867967677278723, ""transport"": 0.6666666666666666}","{""energy"": 0.0, ""water"": 0.0, ""transport"": 0.0}","{""energy"": 1.0, ""water"": 1.0, ""transport"": 1.0}","{""energy"": 1.0, ""water"": 1.0, ""transport"": 1.0}",0.3,0.1,,0.8300966709770874,,,"[""energy"", ""water""]",2,v1.0,0.7,0.3
