scenario_id,run_id,run,seed,cache_key,cache_hit,randomized_params,x0_hash,before,after,delta,duration,method_cl_total_before,method_cl_total_after,method_q_total_before,method_q_total_after,I_cl,I_q,delta_R,before_vec_q,after_vec_q,delta_vec_q,before_vec_cl,after_vec_cl,delta_vec_cl,theta_classical,delta_sector_threshold,theta_node,peak_after_q,final_after_recovery_q,recovery_trajectory_q,cl_activated_sectors,cl_first_activation_step,matrix_version,theta_bin,theta_cascade
S3_transport_load,1,1,8890827646628305625,scenario=S3_transport_load|method=both|duration=0|theta=0.300000|delta_threshold=0.100000|A=v1.0|w=na|run_id=1|seed=8890827646628305625,False,"{""step_1_amount"": 0.1850504227730522}",5222c37788a096d3910624247b4a1e76a3afcfe0df2ea7ddd6490cebc16a26a9,0.44666666666666677,0.6511536608081637,0.20448699414149696,21,0.0,0.0,0.44666666666666677,0.6511536608081637,0,1,0.20448699414149696,"{""energy"": 0.6666666666666667, ""water"": 0.2666666666666667, ""transport"": 0.33333333333333337}","{""energy"": 0.7944710380051023, ""water"": 0.3518695808922905, ""transport"": 0.7593479044614522}","{""energy"": 0.12780437133843559, ""water"": 0.08520291422562376, ""transport"": 0.4260145711281188}","{""energy"": 0.0, ""water"": 0.0, ""transport"": 0.0}","{""energy"": 0.0, ""water"": 0.0, ""transport"": 0.0}","{""energy"": 0.0, ""water"": 0.0, ""transport"": 0.0}",0.3,0.1,,0.6511536608081637,,,[],,v1.0,0.7,0.3
S3_transport_load,2,2,15064064706037321761,scenario=S3_transport_load|method=both|duration=0|theta=0.300000|delta_threshold=0.100000|A=v1.0|w=na|run_id=2|seed=15064064706037321761,False,"{""step_1_amount"": 0.4577901746408006}",5222c37788a096d3910624247b4a1e76a3afcfe0df2ea7ddd6490cebc16a26a9,0.44666666666666677,0.7810813196649016,0.3344146529982348,21,0.0,1.0,0.44666666666666677,0.7810813196649016,1,1,0.3344146529982348,"{""energy"": 0.6666666666666667, ""water"": 0.2666666666666667, ""transport"": 0.33333333333333337}","{""energy"": 0.8906910883303916, ""water"": 0.41601628110915, ""transport"": 1.0}","{""energy"": 0.22402442166372483, ""water"": 0.1493496144424833, ""transport"": 0.6666666666666666}","{""energy"": 0.0, ""water"": 0.0, ""transport"": 0.0}","{""energy"": 1.0, ""water"": 1.0, ""transport"": 1.0}","{""energy"": 1.0, ""water"": 1.0, ""transport"": 1.0}",0.3,0.1,,0.7810813196649016,,,"[""energy"", ""water""]",1,v1.0,0.7,0.3
S3_transport_load,3,3,5736000442184912993,scenario=S3_transport_load|method=both|duration=0|theta=0.300000|delta_threshold=0.100000|A=v1.0|w=na|run_id=3|seed=5736000442184912993,False,"{""step_1_amount"": 0.7197258250225557}",5222c37788a096d3910624247b4a1e76a3afcfe0df2ea7ddd6490cebc16a26a9,0.44666666666666677,0.8058910634465257,0.35922439677985896,8,0.0,1.0,0.44666666666666677,0.8058910634465257,1,1,0.35922439677985896,"{""energy"": 0.6666666666666667, ""water"": 0.2666666666666667, ""transport"": 0.33333333333333337}","{""energy"": 0.9320406612997651, ""water"": 0.4435826630887324, ""transport"": 1.0}","{""energy"": 0.2653739946330984, ""water"": 0.17691599642206568, ""transport"": 0.6666666666666666}","{""energy"": 0.0, ""water"": 0.0, ""transport"": 0.0}","{""energy"": 1.0, ""water"": 1.0, ""transport"": 1.0}","{""energy"": 1.0, ""water"": 1.0, ""transport"": 1.0}",0.3,0.1,,0.8058910634465257,,,"[""energy"", ""water""]",1,v1.0,0.7,0.3
S3_transport_load,4,4,7352399632207347592,scenario=S3_transport_load|method=both|duration=0|theta=0.300000|delta_threshold=0.100000|A=v1.0|w=na|run_id=4|seed=7352399632207347592,False,"{""step_1_amount"": 0.3393907177126014}",5222c37788a096d3910624247b4a1e76a3afcfe0df2ea7ddd6490cebc16a26a9,0.44666666666666677,0.7532644321176265,0.30659776545095974,17,0.0,0.0,0.44666666666666677,0.7532644321176265,0,1,0.30659776545095974,"{""energy"": 0.6666666666666667, ""water"": 0.2666666666666667, ""transport"": 0.33333333333333337}","{""energy"": 0.8582902700735165, ""water"": 0.39441573560456666, ""transport"": 0.9720786780228329}","{""energy"": 0.1916236034068498, ""water"": 0.12774906893789995, ""transport"": 0.6387453446894995}","{""energy"": 0.0, ""water"": 0.0, ""transport"": 0.0}","{""energy"": 0.0, ""water"": 0.0, ""transport"": 0.0}","{""energy"": 0.0, ""water"": 0.0, ""transport"": 0.0}",0.3,0.1,,0.7532644321176265,,,[],,v1.0,0.7,0.3
S3_transport_load,5,5,16687246383841892249,scenario=S3_transport_load|method=both|duration=0|theta=0.300000|delta_threshold=0.100000|A=v1.0|w=na|run_id=5|seed=16687246383841892249,False,"{""step_1_amount"": 0.3093331727339108}",5222c37788a096d3910624247b4a1e76a3afcfe0df2ea7ddd6490cebc16a26a9,0.44666666666666677,0.7369016436439626,0.29023497697729583,20,0.0,0.0,0.44666666666666677,0.7369016436439626,0,1,0.29023497697729583,"{""energy"": 0.6666666666666667, ""water"": 0.2666666666666667, ""transport"": 0.33333333333333337}","{""energy"": 0.8480635272774767, ""water"": 0.3875979070738733, ""transport"": 0.9379895353693665}","{""energy"": 0.18139686061080995, ""water"": 0.1209312404072066, ""transport"": 0.6046562020360331}","{""energy"": 0.0, ""water"": 0.0, ""transport"": 0.0}","{""energy"": 0.0, ""water"": 0.0, ""transport"": 0.0}","{""energy"": 0.0, ""water"": 0.0, ""transport"": 0.0}",0.3,0.1,,0.7369016436439626,,,[],,v1.0,0.7,0.3
S3_transport_load,6,6,5722309517077894813,scenario=S3_transport_load|method=both|duration=0|theta=0.300000|delta_threshold=0.100000|A=v1.0|w=na|run_id=6|seed=5722309517077894813,False,"{""step_1_amount"": 0.24524176972835038}",5222c37788a096d3910624247b4a1e76a3afcfe0df2ea7ddd6490cebc16a26a9,0.44666666666666677,0.6966709248661234,0.2500042581994566,16,0.0,0.0,0.44666666666666677,0.6966709248661234,0,1,0.2500042581994566,"{""energy"": 0.6666666666666667, ""water"": 0.2666666666666667, ""transport"": 0.33333333333333337}","{""energy"": 0.8229193280413271, ""water"": 0.37083510758310695, ""transport"": 0.8541755379155346}","{""energy"": 0.15625266137466032, ""water"": 0.10416844091644023, ""transport"": 0.5208422045822012}","{""energy"": 0.0, ""water"": 0.0, ""transport"": 0.0}","{""energy"": 0.0, ""water"": 0.0, ""transport"": 0.0}","{""energy"": 0.0, ""water"": 0.0, ""transport"": 0.0}",0.3,0.1,,0.6966709248661234,,,[],,v1.0,0.7,0.3
S3_transport_load,7,7,14093114895253656616,scenario=S3_transport_load|method=both|duration=0|theta=0.300000|delta_threshold=0.100000|A=v1.0|w=na|run_id=7|seed=14093114895253656616,False,"{""step_1_amount"": 0.3390652489539429}",5222c37788a096d3910624247b4a1e76a3afcfe0df2ea7ddd6490cebc16a26a9,0.44666666666666677,0.7530950384024879,0.30642837173582116,15,0.0,0.0,0.44666666666666677,0.7530950384024879,0,1,0.30642837173582116,"{""energy"": 0.6666666666666667, ""water"": 0.2666666666666667, ""transport"": 0.33333333333333337}","{""energy"": 0.858184399001555, ""water"": 0.3943451548899255, ""transport"": 0.9717257744496274}","{""energy"": 0.19151773233488822, ""water"": 0.12767848822325878, ""transport"": 0.638392441116294}","{""energy"": 0.0, ""water"": 0.0, ""transport"": 0.0}","{""energy"": 0.0, ""water"": 0.0, ""transport"": 0.0}","{""energy"": 0.0, ""water"": 0.0, ""transport"": 0.0}",0.3,0.1,,0.7530950384024879,,,[],,v1.0,0.7,0.3
S3_transport_load,8,8,7099181496046430618,scenario=S3_transport_load|method=both|duration=0|theta=0.300000|delta_threshold=0.100000|A=v1.0|w=na|run_id=8|seed=7099181496046430618,False,"{""step_1_amount"": 0.5402587659418996}",5222c37788a096d3910624247b4a1e76a3afcfe0df2ea7ddd6490cebc16a26a9,0.44666666666666677,0.8578532526119311,0.41118658594526436,16,0.0,1.0,0.44666666666666677,0.8578532526119311,1,1,0.41118658594526436,"{""energy"": 0.6666666666666667, ""water"": 0.2666666666666667, ""transport"": 0.33333333333333337}","{""energy"": 0.9649189908529354, ""water"": 0.57295218756919, ""transport"": 1.0}","{""energy"": 0.2982523241862687, ""water"": 0.30628552090252326, ""transport"": 0.6666666666666666}","{""energy"": 0.0, ""water"": 0.0, ""transport"": 0.0}","{""energy"": 1.0, ""water"": 1.0, ""transport"": 1.0}","{""energy"": 1.0, ""water"": 1.0, ""transport"": 1.0}",0.3,0.1,,0.8578532526119311,,,"[""energy"", ""water""]",1,v1.0,0.7,0.3
S3_transport_load,9,9,16933441105734861115,scenario=S3_transport_load|method=both|duration=0|theta=0.300000|delta_threshold=0.100000|A=v1.0|w=na|run_id=9|seed=16933441105734861115,False,"{""step_1_amount"": 0.2478216213057091}",5222c37788a096d3910624247b4a1e76a3afcfe0df2ea7ddd6490cebc16a26a9,0.44666666666666677,0.6984441187806689,0.25177745211400215,8,0.0,0.0,0.44666666666666677,0.6984441187806689,0,1,0.25177745211400215,"{""energy"": 0.6666666666666667, ""water"": 0.2666666666666667, ""transport"": 0.33333333333333337}","{""energy"": 0.8240275742379181, ""water"": 0.3715739383808343, ""transport"": 0.8578696919041712}","{""energy"": 0.15736090757125132, ""water"": 0.10490727171416758, ""transport"": 0.5245363585708378}","{""energy"": 0.0, ""water"": 0.0, ""transport"": 0.0}","{""energy"": 0.0, ""water"": 0.0, ""transport"": 0.0}","{""energy"": 0.0, ""water"": 0.0, ""transport"": 0.0}",0.3,0.1,,0.6984441187806689,,,[],,v1.0,0.7,0.3
S3_transport_load,10,10,13585426720487505899,scenario=S3_transport_load|method=both|duration=0|theta=0.300000|delta_threshold=0.100000|A=v1.0|w=na|run_id=10|seed=13585426720487505899,False,"{""step_1_amount"": 0.4069388096020632}",5222c37788a096d3910624247b4a1e76a3afcfe0df2ea7ddd6490cebc16a26a9,0.44666666666666677,0.7735686050976387,0.32690193843097193,11,0.0,1.0,0.44666666666666677,0.7735686050976387,1,1,0.32690193843097193,"{""energy"": 0.6666666666666667, ""water"": 0.2666666666666667, ""transport"": 0.33333333333333337}","{""energy"": 0.8781698973849534, ""water"": 0.40766882047885783, ""transport"": 1.0}","{""energy"": 0.2115032307182867, ""water"": 0.1410021538121911, ""transport"": 0.6666666666666666}","{""energy"": 0.0, ""water"": 0.0, ""transport"": 0.0}","{""energy"": 1.0, ""water"": 1.0, ""transport"": 1.0}","{""energy"": 1.0, ""water"": 1.0, ""transport"": 1.0}",0.3,0.1,,0.7735686050976387,,,"[""energy"", ""water""]",1,v1.0,0.7,0.3
S3_transport_load,11,11,15366264700698212262,scenario=S3_transport_load|method=both|duration=0|theta=0.300000|delta_threshold=0.100000|A=v1.0|w=na|run_id=11|seed=15366264700698212262,False,"{""step_1_amount"": 0.4104052620321063}",5222c37788a096d3910624247b4a1e76a3afcfe0df2ea7ddd6490cebc16a26a9,0.44666666666666677,0.774117929549968,0.3274512628833013,8,0.0,1.0,0.44666666666666677,0.774117929549968,1,1,0.3274512628833013,"{""energy"": 0.6666666666666667, ""water"": 0.2666666666666667, ""transport"": 0.33333333333333337}","{""energy"": 0.8790854381388356, ""water"": 0.408279180981446, ""transport"": 1.0}","{""energy"": 0.2124187714721688, ""water"": 0.14161251431477928, ""transport"": 0.6666666666666666}","{""energy"": 0.0, ""water"": 0.0, ""transport"": 0.0}","{""energy"": 1.0, ""water"": 1.0, ""transport"": 1.0}","{""energy"": 1.0, ""water"": 1.0, ""transport"": 1.0}",0.3,0.1,,0.774117929549968,,,"[""energy"", ""water""]",1,v1.0,0.7,0.3
S3_transport_load,12,12,6256907488579367365,scenario=S3_transport_load|method=both|duration=0|theta=0.300000|delta_threshold=0.100000|A=v1.0|w=na|run_id=12|seed=6256907488579367365,False,"{""step_1_amount"": 0.29207757448374394}",5222c37788a096d3910624247b4a1e76a3afcfe0df2ea7ddd6490cebc16a26a9,0.44666666666666677,0.7268194055039467,0.28015273883728,24,0.0,0.0,0.44666666666666677,0.7268194055039467,0,1,0.28015273883728,"{""energy"": 0.6666666666666667, ""water"": 0.2666666666666667, ""transport"": 0.33333333333333337}","{""energy"": 0.8417621284399667, ""water"": 0.38339697451553334, ""transport"": 0.9169848725776666}","{""energy"": 0.17509546177329993, ""water"": 0.11673030784886662, ""transport"": 0.5836515392443332}","{""energy"": 0.0, ""water"": 0.0, ""transport"": 0.0}","{""energy"": 0.0, ""water"": 0.0, ""transport"": 0.0}","{""energy"": 0.0, ""water"": 0.0, ""transport"": 0.0}",0.3,0.1,,0.7268194055039467,,,[],,v1.0,0.7,0.3
S3_transport_load,13,13,5724359574337817711,scenario=S3_transport_load|method=both|duration=0|theta=0.300000|delta_threshold=0.100000|A=v1.0|w=na|run_id=13|seed=5724359574337817711,False,"{""step_1_amount"": 0.601505272188319}",5222c37788a096d3910624247b4a1e76a3afcfe0df2ea7ddd6490cebc16a26a9,0.44666666666666677,0.7970469265576168,0.35038025989095,11,0.0,1.0,0.44666666666666677,0.7970469265576168,1,1,0.35038025989095,"{""energy"": 0.6666666666666667, ""water"": 0.2666666666666667, ""transport"": 0.33333333333333337}","{""energy"": 0.9173004331515835, ""water"": 0.43375584432327796, ""transport"": 1.0}","{""energy"": 0.25063376648491675, ""water"": 0.16708917765661124, ""transport"": 0.6666666666666666}","{""energy"": 0.0, ""water"": 0.0, ""transport"": 0.0}","{""energy"": 1.0, ""water"": 1.0, ""transport"": 1.0}","{""energy"": 1.0, ""water"": 1.0, ""transport"": 1.0}",0.3,0.1,,0.7970469265576168,,,"[""energy"", ""water""]",1,v1.0,0.7,0.3
S3_transport_load,14,14,16009105258324448555,scenario=S3_transport_load|method=both|duration=0|theta=0.300000|delta_threshold=0.100000|A=v1.0|w=na|run_id=14|seed=16009105258324448555,False,"{""step_1_amount"": 0.392136430008059}",5222c37788a096d3910624247b4a1e76a3afcfe0df2ea7ddd6490cebc16a26a9,0.44666666666666677,0.7711575339280023,0.3244908672613356,28,0.0,0.0,0.44666666666666677,0.7711575339280023,0,1,0.3244908672613356,"{""energy"": 0.6666666666666667, ""water"": 0.2666666666666667, ""transport"": 0.33333333333333337}","{""energy"": 0.8741514454355594, ""water"": 0.4049898525125952, ""transport"": 1.0}","{""energy"": 0.2074847787688927, ""water"": 0.1383231858459285, ""transport"": 0.6666666666666666}","{""energy"": 0.0, ""water"": 0.0, ""transport"": 0.0}","{""energy"": 0.0, ""water"": 0.0, ""transport"": 0.0}","{""energy"": 0.0, ""water"": 0.0, ""transport"": 0.0}",0.3,0.1,,0.7711575339280023,,,[],,v1.0,0.7,0.3
S3_transport_load,15,15,13361959329272287971,scenario=S3_transport_load|method=both|duration=0|theta=0.300000|delta_threshold=0.100000|A=v1.0|w=na|run_id=15|seed=13361959329272287971,False,"{""step_1_amount"": 0.49020208439538526}",5222c37788a096d3910624247b4a1e76a3afcfe0df2ea7ddd6490cebc16a26a9,0.44666666666666677,0.7941305550879072,0.34746388842124043,25,0.0,1.0,0.44666666666666677,0.7941305550879072,1,1,0.34746388842124043,"{""energy"": 0.6666666666666667, ""water"": 0.2666666666666667, ""transport"": 0.33333333333333337}","{""energy"": 0.9124398140354009, ""water"": 0.43051543157915617, ""transport"": 1.0}","{""energy"": 0.24577314736873412, ""water"": 0.16384876491248945, ""transport"": 0.6666666666666666}","{""energy"": 0.0, ""water"": 0.0, ""transport"": 0.0}","{""energy"": 1.0, ""water"": 1.0, ""transport"": 1.0}","{""energy"": 1.0, ""water"": 1.0, ""transport"": 1.0}",0.3,0.1,,0.7941305550879072,,,"[""energy"", ""water""]",1,v1.0,0.7,0.3
S3_transport_load,16,16,8417414299755024503,scenario=S3_transport_load|method=both|duration=0|theta=0.300000|delta_threshold=0.100000|A=v1.0|w=na|run_id=16|seed=8417414299755024503,False,"{""step_1_amount"": 0.6373698861547784}",5222c37788a096d3910624247b4a1e76a3afcfe0df2ea7ddd6490cebc16a26a9,0.44666666666666677,0.800068369624986,0.3534017029583192,8,0.0,1.0,0.44666666666666677,0.800068369624986,1,1,0.3534017029583192,"{""energy"": 0.6666666666666667, ""water"": 0.2666666666666667, ""transport"": 0.33333333333333337}","{""energy"": 0.9223361715971987, ""water"": 0.4371130032870214, ""transport"": 1.0}","{""energy"": 0.255669504930532, ""water"": 0.1704463366203547, ""transport"": 0.6666666666666666}","{""energy"": 0.0, ""water"": 0.0, ""transport"": 0.0}","{""energy"": 1.0, ""water"": 1.0, ""transport"": 1.0}","{""energy"": 1.0, ""water"": 1.0, ""transport"": 1.0}",0.3,0.1,,0.800068369624986,,,"[""energy"", ""water""]",1,v1.0,0.7,0.3
S3_transport_load,17,17,3036334066948276230,scenario=S3_transport_load|method=both|duration=0|theta=0.300000|delta_threshold=0.100000|A=v1.0|w=na|run_id=17|seed=3036334066948276230,False,"{""step_1_amount"": 0.8117393139379055}",5222c37788a096d3910624247b4a1e76a3afcfe0df2ea7ddd6490cebc16a26a9,0.44666666666666677,0.8109025082352275,0.3642358415685607,5,0.0,1.0,0.44666666666666677,0.8109025082352275,1,1,0.3642358415685607,"{""energy"": 0.6666666666666667, ""water"": 0.2666666666666667, ""transport"": 0.33333333333333337}","{""energy"": 0.9403930692809346, ""water"": 0.44915093507617865, ""transport"": 1.0}","{""energy"": 0.27372640261426784, ""water"": 0.18248426840951193, ""transport"": 0.6666666666666666}","{""energy"": 0.0, ""water"": 0.0, ""transport"": 0.0}","{""energy"": 1.0, ""water"": 1.0, ""transport"": 1.0}","{""energy"": 1.0, ""water"": 1.0, ""transport"": 1.0}",0.3,0.1,,0.8109025082352275,,,"[""energy"", ""water""]",1,v1.0,0.7,0.3
S3_transport_load,18,18,7150244649693364022,scenario=S3_transport_load|method=both|duration=0|theta=0.300000|delta_threshold=0.100000|A=v1.0|w=na|run_id=18|seed=7150244649693364022,False,"{""step_1_amount"": 0.24456711401786896}",5222c37788a096d3910624247b4a1e76a3afcfe0df2ea7ddd6490cebc16a26a9,0.44666666666666677,0.7494454862050705,0.3027788195384037,29,0.0,0.0,0.44666666666666677,0.7494454862050705,0,1,0.3027788195384037,"{""energy"": 0.6666666666666667, ""water"": 0.2666666666666667, ""transport"": 0.33333333333333337}","{""energy"": 0.8559034288781691, ""water"": 0.39282450814100156, ""transport"": 0.9641225407050077}","{""energy"": 0.18923676221150232, ""water"": 0.12615784147433484, ""transport"": 0.6307892073716743}","{""energy"": 0.0, ""water"": 0.0, ""transport"": 0.0}","{""energy"": 0.0, ""water"": 0.0, ""transport"": 0.0}","{""energy"": 0.0, ""water"": 0.0, ""transport"": 0.0}",0.3,0.1,,0.7494454862050705,,,[],,v1.0,0.7,0.3
S3_transport_load,19,19,9401572442365823527,scenario=S3_transport_load|method=both|duration=0|theta=0.300000|delta_threshold=0.100000|A=v1.0|w=na|run_id=19|seed=9401572442365823527,False,"{""step_1_amount"": 0.1451124453545464}",5222c37788a096d3910624247b4a1e76a3afcfe0df2ea7ddd6490cebc16a26a9,0.44666666666666677,0.6160844147141165,0.1694177480474497,16,0.0,0.0,0.44666666666666677,0.6160844147141165,0,1,0.1694177480474497,"{""energy"": 0.6666666666666667, ""water"": 0.2666666666666667, ""transport"": 0.33333333333333337}","{""energy"": 0.7725527591963228, ""water"": 0.33725739501977076, ""transport"": 0.6862869750988536}","{""energy"": 0.10588609252965608, ""water"": 0.07059072835310404, ""transport"": 0.35295364176552024}","{""energy"": 0.0, ""water"": 0.0, ""transport"": 0.0}","{""energy"": 0.0, ""water"": 0.0, ""transport"": 0.0}","{""energy"": 0.0, ""water"": 0.0, ""transport"": 0.0}",0.3,0.1,,0.6160844147141165,,,[],,v1.0,0.7,0.3
S3_transport_load,20,20,4504664692610417991,scenario=S3_transport_load|method=both|duration=0|theta=0.300000|delta_threshold=0.100000|A=v1.0|w=na|run_id=20|seed=4504664692610417991,False,"{""step_1_amount"": 0.41721135923857405}",5222c37788a096d3910624247b4a1e76a3afcfe0df2ea7ddd6490cebc16a26a9,0.44666666666666677,0.7751800052046403,0.3285133385379735,7,0.0,1.0,0.44666666666666677,0.7751800052046403,1,1,0.3285133385379735,"{""energy"": 0.6666666666666667, ""water"": 0.2666666666666667, ""transport"": 0.33333333333333337}","{""energy"": 0.880855564229956, ""water"": 0.40945926504219293, ""transport"": 1.0}","{""energy"": 0.2141888975632893, ""water"": 0.14279259837552621, ""transport"": 0.6666666666666666}","{""energy"": 0.0, ""water"": 0.0, ""transport"": 0.0}","{""energy"": 1.0, ""water"": 1.0, ""transport"": 1.0}","{""energy"": 1.0, ""water"": 1.0, ""transport"": 1.0}",0.3,0.1,,0.7751800052046403,,,"[""energy"", ""water""]",1,v1.0,0.7,0.3
S3_transport_load,21,21,13451080246356810447,scenario=S3_transport_load|method=both|duration=0|theta=0.300000|delta_threshold=0.100000|A=v1.0|w=na|run_id=21|seed=13451080246356810447,False,"{""step_1_amount"": 0.8765289092278902}",5222c37788a096d3910624247b4a1e76a3afcfe0df2ea7ddd6490cebc16a26a9,0.44666666666666677,0.8136871805038728,0.367020513837206,9,0.0,1.0,0.44666666666666677,0.8136871805038728,1,1,0.367020513837206,"{""energy"": 0.6666666666666667, ""water"": 0.2666666666666667, ""transport"": 0.33333333333333337}","{""energy"": 0.9450341897286767, ""water"": 0.45224501537467343, ""transport"": 1.0}","{""energy"": 0.27836752306200996, ""water"": 0.1855783487080067, ""transport"": 0.6666666666666666}","{""energy"": 0.0, ""water"": 0.0, ""transport"": 0.0}","{""energy"": 1.0, ""water"": 1.0, ""transport"": 1.0}","{""energy"": 1.0, ""water"": 1.0, ""transport"": 1.0}",0.3,0.1,,0.8136871805038728,,,"[""energy"", ""water""]",1,v1.0,0.7,0.3
S3_transport_load,22,22,175124498767938981,scenario=S3_transport_load|method=both|duration=0|theta=0.300000|delta_threshold=0.100000|A=v1.0|w=na|run_id=22|seed=175124498767938981,False,"{""step_1_amount"": 0.2987255493404523}",5222c37788a096d3910624247b4a1e76a3afcfe0df2ea7ddd6490cebc16a26a9,0.44666666666666677,0.7307656614852368,0.28409899481857004,30,0.0,0.0,0.44666666666666677,0.7307656614852368,0,1,0.28409899481857004,"{""energy"": 0.6666666666666667, ""water"": 0.2666666666666667, ""transport"": 0.33333333333333337}","{""energy"": 0.8442285384282731, ""water"": 0.3850412478410709, ""transport"": 0.9252062392053543}","{""energy"": 0.17756187176160632, ""water"": 0.11837458117440419, ""transport"": 0.5918729058720209}","{""energy"": 0.0, ""water"": 0.0, ""transport"": 0.0}","{""energy"": 0.0, ""water"": 0.0, ""transport"": 0.0}","{""energy"": 0.0, ""water"": 0.0, ""transport"": 0.0}",0.3,0.1,,0.7307656614852368,,,[],,v1.0,0.7,0.3
S3_transport_load,23,23,17003949108129404438,scenario=S3_transport_load|method=both|duration=0|theta=0.300000|delta_threshold=0.100000|A=v1.0|w=na|run_id=23|seed=17003949108129404438,False,"{""step_1_amount"": 0.4450263936875823}",5222c37788a096d3910624247b4a1e76a3afcfe0df2ea7ddd6490cebc16a26a9,0.44666666666666677,0.7793019456113355,0.3326352789446687,8,0.0,1.0,0.44666666666666677,0.7793019456113355,1,1,0.3326352789446687,"{""energy"": 0.6666666666666667, ""water"": 0.2666666666666667, ""transport"": 0.33333333333333337}","{""energy"": 0.8877254649077815, ""water"": 0.4140391988274099, ""transport"": 1.0}","{""energy"": 0.22105879824111474, ""water"": 0.1473725321607432, ""transport"": 0.6666666666666666}","{""energy"": 0.0, ""water"": 0.0, ""transport"": 0.0}","{""energy"": 1.0, ""water"": 1.0, ""transport"": 1.0}","{""energy"": 1.0, ""water"": 1.0, ""transport"": 1.0}",0.3,0.1,,0.7793019456113355,,,"[""energy"", ""water""]",1,v1.0,0.7,0.3
S3_transport_load,24,24,11040116348213503842,scenario=S3_transport_load|method=both|duration=0|theta=0.300000|delta_threshold=0.100000|A=v1.0|w=na|run_id=24|seed=11040116348213503842,False,"{""step_1_amount"": 0.4436274174227719}",5222c37788a096d3910624247b4a1e76a3afcfe0df2ea7ddd6490cebc16a26a9,0.44666666666666677,0.7791027415194391,0.3324360748527724,23,0.0,1.0,0.44666666666666677,0.7791027415194391,1,1,0.3324360748527724,"{""energy"": 0.6666666666666667, ""water"": 0.2666666666666667, ""transport"": 0.33333333333333337}","{""energy"": 0.887393458087954, ""water"": 0.41381786094752493, ""transport"": 1.0}","{""energy"": 0.22072679142128726, ""water"": 0.1471511942808582, ""transport"": 0.6666666666666666}","{""energy"": 0.0, ""water"": 0.0, ""transport"": 0.0}","{""energy"": 1.0, ""water"": 1.0, ""transport"": 1.0}","{""energy"": 1.0, ""water"": 1.0, ""transport"": 1.0}",0.3,0.1,,0.7791027415194391,,,"[""energy"", ""water""]",1,v1.0,0.7,0.3
S3_transport_load,25,25,4546238076976720157,scenario=S3_transport_load|method=both|duration=0|theta=0.300000|delta_threshold=0.100000|A=v1.0|w=na|run_id=25|seed=4546238076976720157,False,"{""step_1_amount"": 0.5345224540435771}",5222c37788a096d3910624247b4a1e76a3afcfe0df2ea7ddd6490cebc16a26a9,0.44666666666666677,0.7904547052897466,0.34378803862307983,11,0.0,1.0,0.44666666666666677,0.7904547052897466,1,1,0.34378803862307983,"{""energy"": 0.6666666666666667, ""water"": 0.2666666666666667, ""transport"": 0.33333333333333337}","{""energy"": 0.9063133977051332, ""water"": 0.4264311540256444, ""transport"": 1.0}","{""energy"": 0.23964673103846645, ""water"": 0.1597644873589777, ""transport"": 0.6666666666666666}","{""energy"": 0.0, ""water"": 0.0, ""transport"": 0.0}","{""energy"": 1.0, ""water"": 1.0, ""transport"": 1.0}","{""energy"": 1.0, ""water"": 1.0, ""transport"": 1.0}",0.3,0.1,,0.7904547052897466,,,"[""energy"", ""water""]",1,v1.0,0.7,0.3
S3_transport_load,26,26,4949935012460106905,scenario=S3_transport_load|method=both|duration=0|theta=0.300000|delta_threshold=0.100000|A=v1.0|w=na|run_id=26|seed=4949935012460106905,False,"{""step_1_amount"": 0.4606348032316035}",5222c37788a096d3910624247b4a1e76a3afcfe0df2ea7ddd6490cebc16a26a9,0.44666666666666677,0.8408920839041807,0.3942254172375139,12,0.0,1.0,0.44666666666666677,0.8408920839041807,1,1,0.3942254172375139,"{""energy"": 0.6666666666666667, ""water"": 0.2666666666666667, ""transport"": 0.33333333333333337}","{""energy"": 0.9226121698668475, ""water"": 0.5728240531914721, ""transport"": 1.0}","{""energy"": 0.2559455032001807, ""water"": 0.3061573865248054, ""transport"": 0.6666666666666666}","{""energy"": 0.0, ""water"": 0.0, ""transport"": 0.0}","{""energy"": 1.0, ""water"": 1.0, ""transport"": 1.0}","{""energy"": 1.0, ""water"": 1.0, ""transport"": 1.0}",0.3,0.1,,0.8408920839041807,,,"[""energy"", ""water""]",1,v1.0,0.7,0.3
S3_transport_load,27,27,7640283237503766578,scenario=S3_transport_load|method=both|duration=0|theta=0.300000|delta_threshold=0.100000|A=v1.0|w=na|run_id=27|seed=7640283237503766578,False,"{""step_1_amount"": 0.14006133845752017}",5222c37788a096d3910624247b4a1e76a3afcfe0df2ea7ddd6490cebc16a26a9,0.44666666666666677,0.6113422230170678,0.164675556350401,22,0.0,0.0,0.44666666666666677,0.6113422230170678,0,1,0.164675556350401,"{""energy"": 0.6666666666666667, ""water"": 0.2666666666666667, ""transport"": 0.33333333333333337}","{""energy"": 0.7695888893856674, ""water"": 0.33528148181266715, ""transport"": 0.6764074090633356}","{""energy"": 0.10292222271900064, ""water"": 0.06861481514600043, ""transport"": 0.34307407573000226}","{""energy"": 0.0, ""water"": 0.0, ""transport"": 0.0}","{""energy"": 0.0, ""water"": 0.0, ""transport"": 0.0}","{""energy"": 0.0, ""water"": 0.0, ""transport"": 0.0}",0.3,0.1,,0.6113422230170678,,,[],,v1.0,0.7,0.3
S3_transport_load,28,28,4401661243634622307,scenario=S3_transport_load|method=both|duration=0|theta=0.300000|delta_threshold=0.100000|A=v1.0|w=na|run_id=28|seed=4401661243634622307,False,"{""step_1_amount"": 0.6363991364719402}",5222c37788a096d3910624247b4a1e76a3afcfe0df2ea7ddd6490cebc16a26a9,0.44666666666666677,0.8177049943559112,0.3710383276892444,5,0.0,1.0,0.44666666666666677,0.8177049943559112,1,1,0.3710383276892444,"{""energy"": 0.6666666666666667, ""water"": 0.2666666666666667, ""transport"": 0.33333333333333337}","{""energy"": 0.9517305461487406, ""water"": 0.4567092529880493, ""transport"": 1.0}","{""energy"": 0.2850638794820739, ""water"": 0.1900425863213826, ""transport"": 0.6666666666666666}","{""energy"": 0.0, ""water"": 0.0, ""transport"": 0.0}","{""energy"": 1.0, ""water"": 1.0, ""transport"": 1.0}","{""energy"": 1.0, ""water"": 1.0, ""transport"": 1.0}",0.3,0.1,,0.8177049943559112,,,"[""energy"", ""water""]",1,v1.0,0.7,0.3
S3_transport_load,29,29,10518337584195250457,scenario=S3_transport_load|method=both|duration=0|theta=0.300000|delta_threshold=0.100000|A=v1.0|w=na|run_id=29|seed=10518337584195250457,False,"{""step_1_amount"": 0.39733239338156545}",5222c37788a096d3910624247b4a1e76a3afcfe0df2ea7ddd6490cebc16a26a9,0.44666666666666677,0.7720160952255581,0.3253494285588914,30,0.0,0.0,0.44666666666666677,0.7720160952255581,0,1,0.3253494285588914,"{""energy"": 0.6666666666666667, ""water"": 0.2666666666666667, ""transport"": 0.33333333333333337}","{""energy"": 0.8755823809314858, ""water"": 0.4059438095098794, ""transport"": 1.0}","{""energy"": 0.20891571426481903, ""water"": 0.1392771428432127, ""transport"": 0.6666666666666666}","{""energy"": 0.0, ""water"": 0.0, ""transport"": 0.0}","{""energy"": 0.0, ""water"": 0.0, ""transport"": 0.0}","{""energy"": 0.0, ""water"": 0.0, ""transport"": 0.0}",0.3,0.1,,0.7720160952255581,,,[],,v1.0,0.7,0.3
S3_transport_load,30,30,3035379247479952198,scenario=S3_transport_load|method=both|duration=0|theta=0.300000|delta_threshold=0.100000|A=v1.0|w=na|run_id=30|seed=3035379247479952198,False,"{""step_1_amount"": 0.5777155404815016}",5222c37788a096d3910624247b4a1e76a3afcfe0df2ea7ddd6490cebc16a26a9,0.44666666666666677,0.8319176559280288,0.38525098926136203,19,0.0,1.0,0.44666666666666677,0.8319176559280288,1,1,0.38525098926136203,"{""energy"": 0.6666666666666667, ""water"": 0.2666666666666667, ""transport"": 0.33333333333333337}","{""energy"": 0.9574595257331533, ""water"": 0.4964461521158915, ""transport"": 1.0}","{""energy"": 0.29079285906648655, ""water"": 0.22977948544922477, ""transport"": 0.6666666666666666}","{""energy"": 0.0, ""water"": 0.0, ""transport"": 0.0}","{""energy"": 1.0, ""water"": 1.0, ""transport"": 1.0}","{""energy"": 1.0, ""water"": 1.0, ""transport"": 1.0}",0.3,0.1,,0.8319176559280288,,,"[""energy"", ""water""]",1,v1.0,0.7,0.3
S3_transport_load,31,31,15326341186512808866,scenario=S3_transport_load|method=both|duration=0|theta=0.300000|delta_threshold=0.100000|A=v1.0|w=na|run_id=31|seed=15326341186512808866,False,"{""step_1_amount"": 0.5604393912478459}",5222c37788a096d3910624247b4a1e76a3afcfe0df2ea7ddd6490cebc16a26a9,0.44666666666666677,0.7931635430279611,0.34649687636129434,11,0.0,1.0,0.44666666666666677,0.7931635430279611,1,1,0.34649687636129434,"{""energy"": 0.6666666666666667, ""water"": 0.2666666666666667, ""transport"": 0.33333333333333337}","{""energy"": 0.9108281272688241, ""water"": 0.42944097373477164, ""transport"": 1.0}","{""energy"": 0.24416146060215738, ""water"": 0.16277430706810492, ""transport"": 0.6666666666666666}","{""energy"": 0.0, ""water"": 0.0, ""transport"": 0.0}","{""energy"": 1.0, ""water"": 1.0, ""transport"": 1.0}","{""energy"": 1.0, ""water"": 1.0, ""transport"": 1.0}",0.3,0.1,,0.7931635430279611,,,"[""energy"", ""water""]",1,v1.0,0.7,0.3
S3_transport_load,32,32,7380478080297004380,scenario=S3_transport_load|method=both|duration=0|theta=0.300000|delta_threshold=0.100000|A=v1.0|w=na|run_id=32|seed=7380478080297004380,False,"{""step_1_amount"": 0.20930563645777975}",5222c37788a096d3910624247b4a1e76a3afcfe0df2ea7ddd6490cebc16a26a9,0.44666666666666677,0.6704895173625028,0.22382285069583607,22,0.0,0.0,0.44666666666666677,0.6704895173625028,0,1,0.22382285069583607,"{""energy"": 0.6666666666666667, ""water"": 0.2666666666666667, ""transport"": 0.33333333333333337}","{""energy"": 0.8065559483515643, ""water"": 0.35992618778993174, ""transport"": 0.7996309389496584}","{""energy"": 0.13988928168489756, ""water"": 0.09325952112326502, ""transport"": 0.46629760561632505}","{""energy"": 0.0, ""water"": 0.0, ""transport"": 0.0}","{""energy"": 0.0, ""water"": 0.0, ""transport"": 0.0}","{""energy"": 0.0, ""water"": 0.0, ""transport"": 0.0}",0.3,0.1,,0.6704895173625028,,,[],,v1.0,0.7,0.3
S3_transport_load,33,33,341885810885497397,scenario=S3_transport_load|method=both|duration=0|theta=0.300000|delta_threshold=0.100000|A=v1.0|w=na|run_id=33|seed=341885810885497397,False,"{""step_1_amount"": 0.17072878885304843}",5222c37788a096d3910624247b4a1e76a3afcfe0df2ea7ddd6490cebc16a26a9,0.44666666666666677,0.6390582940537007,0.19239162738703397,17,0.0,0.0,0.44666666666666677,0.6390582940537007,0,1,0.19239162738703397,"{""energy"": 0.6666666666666667, ""water"": 0.2666666666666667, ""transport"": 0.33333333333333337}","{""energy"": 0.786911433783563, ""water"": 0.34682984474459755, ""transport"": 0.7341492237229875}","{""energy"": 0.12024476711689625, ""water"": 0.08016317807793083, ""transport"": 0.40081589038965415}","{""energy"": 0.0, ""water"": 0.0, ""transport"": 0.0}","{""energy"": 0.0, ""water"": 0.0, ""transport"": 0.0}","{""energy"": 0.0, ""water"": 0.0, ""transport"": 0.0}",0.3,0.1,,0.6390582940537007,,,[],,v1.0,0.7,0.3
S3_transport_load,34,34,17103422991207695056,scenario=S3_transport_load|method=both|duration=0|theta=0.300000|delta_threshold=0.100000|A=v1.0|w=na|run_id=34|seed=17103422991207695056,False,"{""step_1_amount"": 0.29089481603858575}",5222c37788a096d3910624247b4a1e76a3afcfe0df2ea7ddd6490cebc16a26a9,0.44666666666666677,0.726109032842839,0.27944236617617224,18,0.0,0.0,0.44666666666666677,0.726109032842839,0,1,0.27944236617617224,"{""energy"": 0.6666666666666667, ""water"": 0.2666666666666667, ""transport"": 0.33333333333333337}","{""energy"": 0.8413181455267744, ""water"": 0.3831009859067385, ""transport"": 0.9155049295336923}","{""energy"": 0.17465147886010768, ""water"": 0.1164343192400718, ""transport"": 0.582171596200359}","{""energy"": 0.0, ""water"": 0.0, ""transport"": 0.0}","{""energy"": 0.0, ""water"": 0.0, ""transport"": 0.0}","{""energy"": 0.0, ""water"": 0.0, ""transport"": 0.0}",0.3,0.1,,0.726109032842839,,,[],,v1.0,0.7,0.3
S3_transport_load,35,35,9152197164544394606,scenario=S3_transport_load|method=both|duration=0|theta=0.300000|delta_threshold=0.100000|A=v1.0|w=na|run_id=35|seed=9152197164544394606,False,"{""step_1_amount"": 0.2644899807966912}",5222c37788a096d3910624247b4a1e76a3afcfe0df2ea7ddd6490cebc16a26a9,0.44666666666666677,0.7095757662742133,0.2629090996075465,16,0.0,0.0,0.44666666666666677,0.7095757662742133,0,1,0.2629090996075465,"{""energy"": 0.6666666666666667, ""water"": 0.2666666666666667, ""transport"": 0.33333333333333337}","{""energy"": 0.8309848539213833, ""water"": 0.37621212483647776, ""transport"": 0.8810606241823885}","{""energy"": 0.16431818725471659, ""water"": 0.10954545816981104, ""transport"": 0.5477272908490551}","{""energy"": 0.0, ""water"": 0.0, ""transport"": 0.0}","{""energy"": 0.0, ""water"": 0.0, ""transport"": 0.0}","{""energy"": 0.0, ""water"": 0.0, ""transport"": 0.0}",0.3,0.1,,0.7095757662742133,,,[],,v1.0,0.7,0.3
S3_transport_load,36,36,5795491704971180843,scenario=S3_transport_load|method=both|duration=0|theta=0.300000|delta_threshold=0.100000|A=v1.0|w=na|run_id=36|seed=5795491704971180843,False,"{""step_1_amount"": 0.5775257033847613}",5222c37788a096d3910624247b4a1e76a3afcfe0df2ea7ddd6490cebc16a26a9,0.44666666666666677,0.7948376056462672,0.3481709389796004,8,0.0,1.0,0.44666666666666677,0.7948376056462672,1,1,0.3481709389796004,"{""energy"": 0.6666666666666667, ""water"": 0.2666666666666667, ""transport"": 0.33333333333333337}","{""energy"": 0.9136182316326673, ""water"": 0.43130104331066715, ""transport"": 1.0}","{""energy"": 0.24695156496600057, ""water"": 0.16463437664400044, ""transport"": 0.6666666666666666}","{""energy"": 0.0, ""water"": 0.0, ""transport"": 0.0}","{""energy"": 1.0, ""water"": 1.0, ""transport"": 1.0}","{""energy"": 1.0, ""water"": 1.0, ""transport"": 1.0}",0.3,0.1,,0.7948376056462672,,,"[""energy"", ""water""]",1,v1.0,0.7,0.3
S3_transport_load,37,37,2875966844219020543,scenario=S3_transport_load|method=both|duration=0|theta=0.300000|delta_threshold=0.100000|A=v1.0|w=na|run_id=37|seed=2875966844219020543,False,"{""step_1_amount"": 0.4749757074369072}",5222c37788a096d3910624247b4a1e76a3afcfe0df2ea7ddd6490cebc16a26a9,0.44666666666666677,0.7833719881775911,0.33670532151092436,13,0.0,1.0,0.44666666666666677,0.7833719881775911,1,1,0.33670532151092436,"{""energy"": 0.6666666666666667, ""water"": 0.2666666666666667, ""transport"": 0.33333333333333337}","{""energy"": 0.894508869184874, ""water"": 0.4185614683454716, ""transport"": 1.0}","{""energy"": 0.2278422025182073, ""water"": 0.15189480167880487, ""transport"": 0.6666666666666666}","{""energy"": 0.0, ""water"": 0.0, ""transport"": 0.0}","{""energy"": 1.0, ""water"": 1.0, ""transport"": 1.0}","{""energy"": 1.0, ""water"": 1.0, ""transport"": 1.0}",0.3,0.1,,0.7833719881775911,,,"[""energy"", ""water""]",1,v1.0,0.7,0.3
S3_transport_load,38,38,9537033078799593423,scenario=S3_transport_load|method=both|duration=0|theta=0.300000|delta_threshold=0.100000|A=v1.0|w=na|run_id=38|seed=9537033078799593423,False,"{""step_1_amount"": 0.2775557478449576}",5222c37788a096d3910624247b4a1e76a3afcfe0df2ea7ddd6490cebc16a26a9,0.44666666666666677,0.7937704449142706,0.34710377824760386,29,0.0,1.0,0.44666666666666677,0.7937704449142706,1,1,0.34710377824760386,"{""energy"": 0.6666666666666667, ""water"": 0.2666666666666667, ""transport"": 0.33333333333333337}","{""energy"": 0.9118396304126732, ""water"": 0.4301153091640044, ""transport"": 1.0}","{""energy"": 0.2451729637460065, ""water"": 0.1634486424973377, ""transport"": 0.6666666666666666}","{""energy"": 0.0, ""water"": 0.0, ""transport"": 0.0}","{""energy"": 1.0, ""water"": 1.0, ""transport"": 1.0}","{""energy"": 1.0, ""water"": 1.0, ""transport"": 1.0}",0.3,0.1,,0.7937704449142706,,,"[""energy"", ""water""]",2,v1.0,0.7,0.3
S3_transport_load,39,39,16766224098216360880,scenario=S3_transport_load|method=both|duration=0|theta=0.300000|delta_threshold=0.100000|A=v1.0|w=na|run_id=39|seed=16766224098216360880,False,"{""step_1_amount"": 0.1768691802061919}",5222c37788a096d3910624247b4a1e76a3afcfe0df2ea7ddd6490cebc16a26a9,0.44666666666666677,0.6443078777496791,0.19764121108301236,17,0.0,0.0,0.44666666666666677,0.6443078777496791,0,1,0.19764121108301236,"{""energy"": 0.6666666666666667, ""water"": 0.2666666666666667, ""transport"": 0.33333333333333337}","{""energy"": 0.7901924235935495, ""water"": 0.34901717128458853, ""transport"": 0.7450858564229423}","{""energy"": 0.12352575692688272, ""water"": 0.08235050461792182, ""transport"": 0.41175252308960897}","{""energy"": 0.0, ""water"": 0.0, ""transport"": 0.0}","{""energy"": 0.0, ""water"": 0.0, ""transport"": 0.0}","{""energy"": 0.0, ""water"": 0.0, ""transport"": 0.0}",0.3,0.1,,0.6443078777496791,,,[],,v1.0,0.7,0.3
S3_transport_load,40,40,6474050726416507053,scenario=S3_transport_load|method=both|duration=0|theta=0.300000|delta_threshold=0.100000|A=v1.0|w=na|run_id=40|seed=6474050726416507053,False,"{""step_1_amount"": 0.6122458228032058}",5222c37788a096d3910624247b4a1e76a3afcfe0df2ea7ddd6490cebc16a26a9,0.44666666666666677,0.8427949277530931,0.3961282610864263,11,0.0,1.0,0.44666666666666677,0.8427949277530931,1,1,0.3961282610864263,"{""energy"": 0.6666666666666667, ""water"": 0.2666666666666667, ""transport"": 0.33333333333333337}","{""energy"": 0.9649357742525206, ""water"": 0.5227353935069492, ""transport"": 1.0}","{""energy"": 0.2982691075858539, ""water"": 0.2560687268402825, ""transport"": 0.6666666666666666}","{""energy"": 0.0, ""water"": 0.0, ""transport"": 0.0}","{""energy"": 1.0, ""water"": 1.0, ""transport"": 1.0}","{""energy"": 1.0, ""water"": 1.0, ""transport"": 1.0}",0.3,0.1,,0.8427949277530931,,,"[""energy"", ""water""]",1,v1.0,0.7,0.3
S3_transport_load,41,41,13548828647178168546,scenario=S3_transport_load|method=both|duration=0|theta=0.300000|delta_threshold=0.100000|A=v1.0|w=na|run_id=41|seed=13548828647178168546,False,"{""step_1_amount"": 0.4299298017312945}",5222c37788a096d3910624247b4a1e76a3afcfe0df2ea7ddd6490cebc16a26a9,0.44666666666666677,0.7771074898933971,0.3304408232267303,14,0.0,1.0,0.44666666666666677,0.7771074898933971,1,1,0.3304408232267303,"{""energy"": 0.6666666666666667, ""water"": 0.2666666666666667, ""transport"": 0.33333333333333337}","{""energy"": 0.8840680387112173, ""water"": 0.41160091469636706, ""transport"": 1.0}","{""energy"": 0.21740137204455057, ""water"": 0.14493424802970034, ""transport"": 0.6666666666666666}","{""energy"": 0.0, ""water"": 0.0, ""transport"": 0.0}","{""energy"": 1.0, ""water"": 1.0, ""transport"": 1.0}","{""energy"": 1.0, ""water"": 1.0, ""transport"": 1.0}",0.3,0.1,,0.7771074898933971,,,"[""energy"", ""water""]",1,v1.0,0.7,0.3
S3_transport_load,42,42,8102322032445934021,scenario=S3_transport_load|method=both|duration=0|theta=0.300000|delta_threshold=0.100000|A=v1.0|w=na|run_id=42|seed=8102322032445934021,False,"{""step_1_amount"": 0.5217807228726772}",5222c37788a096d3910624247b4a1e76a3afcfe0df2ea7ddd6490cebc16a26a9,0.44666666666666677,0.789043699886764,0.34237703322009727,28,0.0,1.0,0.44666666666666677,0.789043699886764,1,1,0.34237703322009727,"{""energy"": 0.6666666666666667, ""water"": 0.2666666666666667, ""transport"": 0.33333333333333337}","{""energy"": 0.9039617220334956, ""water"": 0.42486337024455256, ""transport"": 1.0}","{""energy"": 0.23729505536682882, ""water"": 0.15819670357788584, ""transport"": 0.6666666666666666}","{""energy"": 0.0, ""water"": 0.0, ""transport"": 0.0}","{""energy"": 1.0, ""water"": 1.0, ""transport"": 1.0}","{""energy"": 1.0, ""water"": 1.0, ""transport"": 1.0}",0.3,0.1,,0.789043699886764,,,"[""energy"", ""water""]",1,v1.0,0.7,0.3
S3_transport_load,43,43,6954951661001857303,scenario=S3_transport_load|method=both|duration=0|theta=0.300000|delta_threshold=0.100000|A=v1.0|w=na|run_id=43|seed=6954951661001857303,False,"{""step_1_amount"": 0.2604026005865473}",5222c37788a096d3910624247b4a1e76a3afcfe0df2ea7ddd6490cebc16a26a9,0.44666666666666677,0.7942209519085306,0.3475542852418638,21,0.0,1.0,0.44666666666666677,0.7942209519085306,1,1,0.3475542852418638,"{""energy"": 0.6666666666666667, ""water"": 0.2666666666666667, ""transport"": 0.33333333333333337}","{""energy"": 0.9125904754031067, ""water"": 0.43061587249096, ""transport"": 1.0}","{""energy"": 0.24592380873643993, ""water"": 0.1639492058242933, ""transport"": 0.6666666666666666}","{""energy"": 0.0, ""water"": 0.0, ""transport"": 0.0}","{""energy"": 1.0, ""water"": 1.0, ""transport"": 1.0}","{""energy"": 1.0, ""water"": 1.0, ""transport"": 1.0}",0.3,0.1,,0.7942209519085306,,,"[""energy"", ""water""]",2,v1.0,0.7,0.3
S3_transport_load,44,44,14710134947916348776,scenario=S3_transport_load|method=both|duration=0|theta=0.300000|delta_threshold=0.100000|A=v1.0|w=na|run_id=44|seed=14710134947916348776,False,"{""step_1_amount"": 0.011372352912971187}",5222c37788a096d3910624247b4a1e76a3afcfe0df2ea7ddd6490cebc16a26a9,0.44666666666666677,0.5180824881998862,0.07141582153321946,21,0.0,0.0,0.44666666666666677,0.5180824881998862,0,1,0.07141582153321946,"{""energy"": 0.6666666666666667, ""water"": 0.2666666666666667, ""transport"": 0.33333333333333337}","{""energy"": 0.7002678110359749, ""water"": 0.39106826382409154, ""transport"": 0.40218294879422933}","{""energy"": 0.03360114436930817, ""water"": 0.12440159715742483, ""transport"": 0.06884961546089596}","{""energy"": 0.0, ""water"": 0.0, ""transport"": 0.0}","{""energy"": 0.0, ""water"": 0.0, ""transport"": 0.0}","{""energy"": 0.0, ""water"": 0.0, ""transport"": 0.0}",0.3,0.1,,0.5180824881998862,,,[],,v1.0,0.7,0.3
S3_transport_load,45,45,14533527275950514094,scenario=S3_transport_load|method=both|duration=0|theta=0.300000|delta_threshold=0.100000|A=v1.0|w=na|run_id=45|seed=14533527275950514094,False,"{""step_1_amount"": 0.5011291249067451}",5222c37788a096d3910624247b4a1e76a3afcfe0df2ea7ddd6490cebc16a26a9,0.44666666666666677,0.7866390562494634,0.33997238958279663,29,0.0,1.0,0.44666666666666677,0.7866390562494634,1,1,0.33997238958279663,"{""energy"": 0.6666666666666667, ""water"": 0.2666666666666667, ""transport"": 0.33333333333333337}","{""energy"": 0.8999539826379946, ""water"": 0.4221915439808853, ""transport"": 1.0}","{""energy"": 0.2332873159713279, ""water"": 0.1555248773142186, ""transport"": 0.6666666666666666}","{""energy"": 0.0, ""water"": 0.0, ""transport"": 0.0}","{""energy"": 1.0, ""water"": 1.0, ""transport"": 1.0}","{""energy"": 1.0, ""water"": 1.0, ""transport"": 1.0}",0.3,0.1,,0.7866390562494634,,,"[""energy"", ""water""]",1,v1.0,0.7,0.3
S3_transport_load,46,46,14114700733617504374,scenario=S3_transport_load|method=both|duration=0|theta=0.300000|delta_threshold=0.100000|A=v1.0|w=na|run_id=46|seed=14114700733617504374,False,"{""step_1_amount"": 0.5944116015845239}",5222c37788a096d3910624247b4a1e76a3afcfe0df2ea7ddd6490cebc16a26a9,0.44666666666666677,0.7964098335707095,0.3497431669040427,17,0.0,1.0,0.44666666666666677,0.7964098335707095,1,1,0.3497431669040427,"{""energy"": 0.6666666666666667, ""water"": 0.2666666666666667, ""transport"": 0.33333333333333337}","{""energy"": 0.9162386115067379, ""water"": 0.4330479632267142, ""transport"": 1.0}","{""energy"": 0.24957194484007117, ""water"": 0.16638129656004746, ""transport"": 0.6666666666666666}","{""energy"": 0.0, ""water"": 0.0, ""transport"": 0.0}","{""energy"": 1.0, ""water"": 1.0, ""transport"": 1.0}","{""energy"": 1.0, ""water"": 1.0, ""transport"": 1.0}",0.3,0.1,,0.7964098335707095,,,"[""energy"", ""water""]",1,v1.0,0.7,0.3
S3_transport_load,47,47,15114467867139512117,scenario=S3_transport_load|method=both|duration=0|theta=0.300000|delta_threshold=0.100000|A=v1.0|w=na|run_id=47|seed=15114467867139512117,False,"{""step_1_amount"": 0.2739371360330037}",5222c37788a096d3910624247b4a1e76a3afcfe0df2ea7ddd6490cebc16a26a9,0.44666666666666677,0.7156420705529526,0.2689754038862858,18,0.0,0.0,0.44666666666666677,0.7156420705529526,0,1,0.2689754038862858,"{""energy"": 0.6666666666666667, ""water"": 0.2666666666666667, ""transport"": 0.33333333333333337}","{""energy"": 0.8347762940955954, ""water"": 0.3787397516192858, ""transport"": 0.8936987580964287}","{""energy"": 0.16810962742892865, ""water"": 0.11207308495261908, ""transport"": 0.5603654247630954}","{""energy"": 0.0, ""water"": 0.0, ""transport"": 0.0}","{""energy"": 0.0, ""water"": 0.0, ""transport"": 0.0}","{""energy"": 0.0, ""water"": 0.0, ""transport"": 0.0}",0.3,0.1,,0.7156420705529526,,,[],,v1.0,0.7,0.3
S3_transport_load,48,48,9087828319327491264,scenario=S3_transport_load|method=both|duration=0|theta=0.300000|delta_threshold=0.100000|A=v1.0|w=na|run_id=48|seed=9087828319327491264,False,"{""step_1_amount"": 0.5414426716838743}",5222c37788a096d3910624247b4a1e76a3afcfe0df2ea7ddd6490cebc16a26a9,0.44666666666666677,0.7911987392130124,0.34453207254634566,7,0.0,1.0,0.44666666666666677,0.7911987392130124,1,1,0.34453207254634566,"{""energy"": 0.6666666666666667, ""water"": 0.2666666666666667, ""transport"": 0.33333333333333337}","{""energy"": 0.9075534542439094, ""water"": 0.42725785838482855, ""transport"": 1.0}","{""energy"": 0.2408867875772427, ""water"": 0.16059119171816183, ""transport"": 0.6666666666666666}","{""energy"": 0.0, ""water"": 0.0, ""transport"": 0.0}","{""energy"": 1.0, ""water"": 1.0, ""transport"": 1.0}","{""energy"": 1.0, ""water"": 1.0, ""transport"": 1.0}",0.3,0.1,,0.7911987392130124,,,"[""energy"", ""water""]",1,v1.0,0.7,0.3
S3_transport_load,49,49,13784796035759046326,scenario=S3_transport_load|method=both|duration=0|theta=0.300000|delta_threshold=0.100000|A=v1.0|w=na|run_id=49|seed=13784796035759046326,False,"{""step_1_amount"": 0.8687202246049249}",5222c37788a096d3910624247b4a1e76a3afcfe0df2ea7ddd6490cebc16a26a9,0.44666666666666677,0.8133795329468698,0.36671286628020305,6,0.0,1.0,0.44666666666666677,0.8133795329468698,1,1,0.36671286628020305,"{""energy"": 0.6666666666666667, ""water"": 0.2666666666666667, ""transport"": 0.33333333333333337}","{""energy"": 0.9445214438003386, ""water"": 0.4519031847557813, ""transport"": 1.0}","{""energy"": 0.2778547771336719, ""water"": 0.18523651808911457, ""transport"": 0.6666666666666666}","{""energy"": 0.0, ""water"": 0.0, ""transport"": 0.0}","{""energy"": 1.0, ""water"": 1.0, ""transport"": 1.0}","{""energy"": 1.0, ""water"": 1.0, ""transport"": 1.0}",0.3,0.1,,0.8133795329468698,,,"[""energy"", ""water""]",1,v1.0,0.7,0.3
S3_transport_load,50,50,14142361206657072350,scenario=S3_transport_load|method=both|duration=0|theta=0.300000|delta_threshold=0.100000|A=v1.0|w=na|run_id=50|seed=14142361206657072350,False,"{""step_1_amount"": 0.3177091932756736}",5222c37788a096d3910624247b4a1e76a3afcfe0df2ea7ddd6490cebc16a26a9,0.44666666666666677,0.7416106588461878,0.29494399217952105,10,0.0,0.0,0.44666666666666677,0.7416106588461878,0,1,0.29494399217952105,"{""energy"": 0.6666666666666667, ""water"": 0.2666666666666667, ""transport"": 0.33333333333333337}","{""energy"": 0.8510066617788674, ""water"": 0.38955999674146713, ""transport"": 0.9477999837073355}","{""energy"": 0.18433999511220067, ""water"": 0.12289333007480041, ""transport"": 0.6144666503740022}","{""energy"": 0.0, ""water"": 0.0, ""transport"": 0.0}","{""energy"": 0.0, ""water"": 0.0, ""transport"": 0.0}","{""energy"": 0.0, ""water"": 0.0, ""transport"": 0.0}",0.3,0.1,,0.7416106588461878,,,[],,v1.0,0.7,0.3
S3_transport_load,51,51,16547310904293415223,scenario=S3_transport_load|method=both|duration=0|theta=0.300000|delta_threshold=0.100000|A=v1.0|w=na|run_id=51|seed=16547310904293415223,False,"{""step_1_amount"": 0.4185323571642505}",5222c37788a096d3910624247b4a1e76a3afcfe0df2ea7ddd6490cebc16a26a9,0.44666666666666677,0.7753836427499017,0.3287169760832349,16,0.0,1.0,0.44666666666666677,0.7753836427499017,1,1,0.3287169760832349,"{""energy"": 0.6666666666666667, ""water"": 0.2666666666666667, ""transport"": 0.33333333333333337}","{""energy"": 0.8811949601387249, ""water"": 0.4096855289813722, ""transport"": 1.0}","{""energy"": 0.21452829347205815, ""water"": 0.1430188623147055, ""transport"": 0.6666666666666666}","{""energy"": 0.0, ""water"": 0.0, ""transport"": 0.0}","{""energy"": 1.0, ""water"": 1.0, ""transport"": 1.0}","{""energy"": 1.0, ""water"": 1.0, ""transport"": 1.0}",0.3,0.1,,0.7753836427499017,,,"[""energy"", ""water""]",1,v1.0,0.7,0.3
S3_transport_load,52,52,13070184402977852700,scenario=S3_transport_load|method=both|duration=0|theta=0.300000|delta_threshold=0.100000|A=v1.0|w=na|run_id=52|seed=13070184402977852700,False,"{""step_1_amount"": 0.5701907965007345}",5222c37788a096d3910624247b4a1e76a3afcfe0df2ea7ddd6490cebc16a26a9,0.44666666666666677,0.7941294532766523,0.34746278660998553,26,0.0,1.0,0.44666666666666677,0.7941294532766523,1,1,0.34746278660998553,"{""energy"": 0.6666666666666667, ""water"": 0.2666666666666667, ""transport"": 0.33333333333333337}","{""energy"": 0.9124379776833093, ""water"": 0.43051420734442847, ""transport"": 1.0}","{""energy"": 0.2457713110166425, ""water"": 0.16384754067776175, ""transport"": 0.6666666666666666}","{""energy"": 0.0, ""water"": 0.0, ""transport"": 0.0}","{""energy"": 1.0, ""water"": 1.0, ""transport"": 1.0}","{""energy"": 1.0, ""water"": 1.0, ""transport"": 1.0}",0.3,0.1,,0.7941294532766523,,,"[""energy"", ""water""]",1,v1.0,0.7,0.3
S3_transport_load,53,53,3377870681463300587,scenario=S3_transport_load|method=both|duration=0|theta=0.300000|delta_threshold=0.100000|A=v1.0|w=na|run_id=53|seed=3377870681463300587,False,"{""step_1_amount"": 0.3963402787643662}",5222c37788a096d3910624247b4a1e76a3afcfe0df2ea7ddd6490cebc16a26a9,0.44666666666666677,0.8085784218182321,0.3619117551515654,17,0.0,1.0,0.44666666666666677,0.8085784218182321,1,1,0.3619117551515654,"{""energy"": 0.6666666666666667, ""water"": 0.2666666666666667, ""transport"": 0.33333333333333337}","{""energy"": 0.9365195919192759, ""water"": 0.4465686168350729, ""transport"": 1.0}","{""energy"": 0.2698529252526092, ""water"": 0.17990195016840616, ""transport"": 0.6666666666666666}","{""energy"": 0.0, ""water"": 0.0, ""transport"": 0.0}","{""energy"": 1.0, ""water"": 1.0, ""transport"": 1.0}","{""energy"": 1.0, ""water"": 1.0, ""transport"": 1.0}",0.3,0.1,,0.8085784218182321,,,"[""energy"", ""water""]",2,v1.0,0.7,0.3
S3_transport_load,54,54,3946472892230901394,scenario=S3_transport_load|method=both|duration=0|theta=0.300000|delta_threshold=0.100000|A=v1.0|w=na|run_id=54|seed=3946472892230901394,False,"{""step_1_amount"": 0.38901426958125856}",5222c37788a096d3910624247b4a1e76a3afcfe0df2ea7ddd6490cebc16a26a9,0.44666666666666677,0.7706351661202367,0.32396849945357,20,0.0,0.0,0.44666666666666677,0.7706351661202367,0,1,0.32396849945357,"{""energy"": 0.6666666666666667, ""water"": 0.2666666666666667, ""transport"": 0.33333333333333337}","{""energy"": 0.8732808324226168, ""water"": 0.40440944383730015, ""transport"": 1.0}","{""energy"": 0.20661416575595004, ""water"": 0.13774277717063343, ""transport"": 0.6666666666666666}","{""energy"": 0.0, ""water"": 0.0, ""transport"": 0.0}","{""energy"": 0.0, ""water"": 0.0, ""transport"": 0.0}","{""energy"": 0.0, ""water"": 0.0, ""transport"": 0.0}",0.3,0.1,,0.7706351661202367,,,[],,v1.0,0.7,0.3
S3_transport_load,55,55,7028552605511348582,scenario=S3_transport_load|method=both|duration=0|theta=0.300000|delta_threshold=0.100000|A=v1.0|w=na|run_id=55|seed=7028552605511348582,False,"{""step_1_amount"": 0.21682408179331458}",5222c37788a096d3910624247b4a1e76a3afcfe0df2ea7ddd6490cebc16a26a9,0.44666666666666677,0.7340458403795376,0.2873791737128708,22,0.0,0.0,0.44666666666666677,0.7340458403795376,0,1,0.2873791737128708,"{""energy"": 0.6666666666666667, ""water"": 0.2666666666666667, ""transport"": 0.33333333333333337}","{""energy"": 0.846278650237211, ""water"": 0.3864079890470296, ""transport"": 0.9320399452351478}","{""energy"": 0.1796119835705443, ""water"": 0.11974132238036289, ""transport"": 0.5987066119018144}","{""energy"": 0.0, ""water"": 0.0, ""transport"": 0.0}","{""energy"": 0.0, ""water"": 0.0, ""transport"": 0.0}","{""energy"": 0.0, ""water"": 0.0, ""transport"": 0.0}",0.3,0.1,,0.7340458403795376,,,[],,v1.0,0.7,0.3
S3_transport_load,56,56,12307181361380352301,scenario=S3_transport_load|method=both|duration=0|theta=0.300000|delta_threshold=0.100000|A=v1.0|w=na|run_id=56|seed=12307181361380352301,False,"{""step_1_amount"": 0.34600262674990584}",5222c37788a096d3910624247b4a1e76a3afcfe0df2ea7ddd6490cebc16a26a9,0.44666666666666677,0.7566701028798057,0.31000343621313897,30,0.0,0.0,0.44666666666666677,0.7566701028798057,0,1,0.31000343621313897,"{""energy"": 0.6666666666666667, ""water"": 0.2666666666666667, ""transport"": 0.33333333333333337}","{""energy"": 0.8604188142998787, ""water"": 0.395834765088808, ""transport"": 0.9791738254440397}","{""energy"": 0.1937521476332119, ""water"": 0.12916809842214128, ""transport"": 0.6458404921107064}","{""energy"": 0.0, ""water"": 0.0, ""transport"": 0.0}","{""energy"": 0.0, ""water"": 0.0, ""transport"": 0.0}","{""energy"": 0.0, ""water"": 0.0, ""transport"": 0.0}",0.3,0.1,,0.7566701028798057,,,[],,v1.0,0.7,0.3
S3_transport_load,57,57,9704838868303648438,scenario=S3_transport_load|method=both|duration=0|theta=0.300000|delta_threshold=0.100000|A=v1.0|w=na|run_id=57|seed=9704838868303648438,False,"{""step_1_amount"": 0.5355147816366793}",5222c37788a096d3910624247b4a1e76a3afcfe0df2ea7ddd6490cebc16a26a9,0.44666666666666677,0.8123702747015247,0.3657036080348579,28,0.0,1.0,0.44666666666666677,0.8123702747015247,1,1,0.3657036080348579,"{""energy"": 0.6666666666666667, ""water"": 0.2666666666666667, ""transport"": 0.33333333333333337}","{""energy"": 0.9428393467247633, ""water"": 0.4507817867053978, ""transport"": 1.0}","{""energy"": 0.2761726800580966, ""water"": 0.1841151200387311, ""transport"": 0.6666666666666666}","{""energy"": 0.0, ""water"": 0.0, ""transport"": 0.0}","{""energy"": 1.0, ""water"": 1.0, ""transport"": 1.0}","{""energy"": 1.0, ""water"": 1.0, ""transport"": 1.0}",0.3,0.1,,0.8123702747015247,,,"[""energy"", ""water""]",1,v1.0,0.7,0.3
S3_transport_load,58,58,3064978711700541878,scenario=S3_transport_load|method=both|duration=0|theta=0.300000|delta_threshold=0.100000|A=v1.0|w=na|run_id=58|seed=3064978711700541878,False,"{""step_1_amount"": 1.01217678446625}",5222c37788a096d3910624247b4a1e76a3afcfe0df2ea7ddd6490cebc16a26a9,0.44666666666666677,0.8180264600369691,0.37135979337030234,27,0.0,1.0,0.44666666666666677,0.8180264600369691,1,1,0.37135979337030234,"{""energy"": 0.6666666666666667, ""water"": 0.2666666666666667, ""transport"": 0.33333333333333337}","{""energy"": 0.9522663222838375, ""water"": 0.4570664370781139, ""transport"": 1.0}","{""energy"": 0.2855996556171707, ""water"": 0.19039977041144718, ""transport"": 0.6666666666666666}","{""energy"": 0.0, ""water"": 0.0, ""transport"": 0.0}","{""energy"": 1.0, ""water"": 1.0, ""transport"": 1.0}","{""energy"": 1.0, ""water"": 1.0, ""transport"": 1.0}",0.3,0.1,,0.8180264600369691,,,"[""energy"", ""water""]",1,v1.0,0.7,0.3
S3_transport_load,59,59,1427140081835728258,scenario=S3_transport_load|method=both|duration=0|theta=0.300000|delta_threshold=0.100000|A=v1.0|w=na|run_id=59|seed=1427140081835728258,False,"{""step_1_amount"": 0.9175013985653935}",5222c37788a096d3910624247b4a1e76a3afcfe0df2ea7ddd6490cebc16a26a9,0.44666666666666677,0.8289430488733183,0.3822763822066515,7,0.0,1.0,0.44666666666666677,0.8289430488733183,1,1,0.3822763822066515,"{""energy"": 0.6666666666666667, ""water"": 0.2666666666666667, ""transport"": 0.33333333333333337}","{""energy"": 0.9576453116842181, ""water"": 0.4862830806654367, ""transport"": 1.0}","{""energy"": 0.29097864501755133, ""water"": 0.21961641399876997, ""transport"": 0.6666666666666666}","{""energy"": 0.0, ""water"": 0.0, ""transport"": 0.0}","{""energy"": 1.0, ""water"": 1.0, ""transport"": 1.0}","{""energy"": 1.0, ""water"": 1.0, ""transport"": 1.0}",0.3,0.1,,0.8289430488733183,,,"[""energy"", ""water""]",1,v1.0,0.7,0.3
S3_transport_load,60,60,14629378938094824395,scenario=S3_transport_load|method=both|duration=0|theta=0.300000|delta_threshold=0.100000|A=v1.0|w=na|run_id=60|seed=14629378938094824395,False,"{""step_1_amount"": 0.2941798273389606}",5222c37788a096d3910624247b4a1e76a3afcfe0df2ea7ddd6490cebc16a26a9,0.44666666666666677,0.728075827789354,0.2814091611226872,23,0.0,0.0,0.44666666666666677,0.728075827789354,0,1,0.2814091611226872,"{""energy"": 0.6666666666666667, ""water"": 0.2666666666666667, ""transport"": 0.33333333333333337}","{""energy"": 0.8425473923683462, ""water"": 0.3839204838011197, ""transport"": 0.9196024190055984}","{""energy"": 0.17588072570167945, ""water"": 0.11725381713445299, ""transport"": 0.586269085672265}","{""energy"": 0.0, ""water"": 0.0, ""transport"": 0.0}","{""energy"": 0.0, ""water"": 0.0, ""transport"": 0.0}","{""energy"": 0.0, ""water"": 0.0, ""transport"": 0.0}",0.3,0.1,,0.728075827789354,,,[],,v1.0,0.7,0.3
S3_transport_load,61,61,3370057095382879468,scenario=S3_transport_load|method=both|duration=0|theta=0.300000|delta_threshold=0.100000|A=v1.0|w=na|run_id=61|seed=3370057095382879468,False,"{""step_1_amount"": 0.4592695447568839}",5222c37788a096d3910624247b4a1e76a3afcfe0df2ea7ddd6490cebc16a26a9,0.44666666666666677,0.7812831841852756,0.3346165175186089,30,0.0,1.0,0.44666666666666677,0.7812831841852756,1,1,0.3346165175186089,"{""energy"": 0.6666666666666667, ""water"": 0.2666666666666667, ""transport"": 0.33333333333333337}","{""energy"": 0.8910275291976815, ""water"": 0.4162405750206766, ""transport"": 1.0}","{""energy"": 0.22436086253101473, ""water"": 0.14957390835400985, ""transport"": 0.6666666666666666}","{""energy"": 0.0, ""water"": 0.0, ""transport"": 0.0}","{""energy"": 1.0, ""water"": 1.0, ""transport"": 1.0}","{""energy"": 1.0, ""water"": 1.0, ""transport"": 1.0}",0.3,0.1,,0.7812831841852756,,,"[""energy"", ""water""]",1,v1.0,0.7,0.3
S3_transport_load,62,62,17883115582044246318,scenario=S3_transport_load|method=both|duration=0|theta=0.300000|delta_threshold=0.100000|A=v1.0|w=na|run_id=62|seed=17883115582044246318,False,"{""step_1_amount"": 0.5759897918324777}",5222c37788a096d3910624247b4a1e76a3afcfe0df2ea7ddd6490cebc16a26a9,0.44666666666666677,0.7946906073742963,0.34802394070762954,11,0.0,1.0,0.44666666666666677,0.7946906073742963,1,1,0.34802394070762954,"{""energy"": 0.6666666666666667, ""water"": 0.2666666666666667, ""transport"": 0.33333333333333337}","{""energy"": 0.9133732345127161, ""water"": 0.43113771189736627, ""transport"": 1.0}","{""energy"": 0.24670656784604938, ""water"": 0.16447104523069955, ""transport"": 0.6666666666666666}","{""energy"": 0.0, ""water"": 0.0, ""transport"": 0.0}","{""energy"": 1.0, ""water"": 1.0, ""transport"": 1.0}","{""energy"": 1.0, ""water"": 1.0, ""transport"": 1.0}",0.3,0.1,,0.7946906073742963,,,"[""energy"", ""water""]",1,v1.0,0.7,0.3
S3_transport_load,63,63,6263301735003985734,scenario=S3_transport_load|method=both|duration=0|theta=0.300000|delta_threshold=0.100000|A=v1.0|w=na|run_id=63|seed=6263301735003985734,False,"{""step_1_amount"": 0.33675291889823955}",5222c37788a096d3910624247b4a1e76a3afcfe0df2ea7ddd6490cebc16a26a9,0.44666666666666677,0.7518867877579796,0.3052201210913128,17,0.0,0.0,0.44666666666666677,0.7518867877579796,0,1,0.3052201210913128,"{""energy"": 0.6666666666666667, ""water"": 0.2666666666666667, ""transport"": 0.33333333333333337}","{""energy"": 0.8574292423487373, ""water"": 0.3938417171213804, ""transport"": 0.9692085856069018}","{""energy"": 0.19076257568207056, ""water"": 0.12717505045471367, ""transport"": 0.6358752522735684}","{""energy"": 0.0, ""water"": 0.0, ""transport"": 0.0}","{""energy"": 0.0, ""water"": 0.0, ""transport"": 0.0}","{""energy"": 0.0, ""water"": 0.0, ""transport"": 0.0}",0.3,0.1,,0.7518867877579796,,,[],,v1.0,0.7,0.3
S3_transport_load,64,64,17783660201457000081,scenario=S3_transport_load|method=both|duration=0|theta=0.300000|delta_threshold=0.100000|A=v1.0|w=na|run_id=64|seed=17783660201457000081,False,"{""step_1_amount"": 0.49320453567480727}",5222c37788a096d3910624247b4a1e76a3afcfe0df2ea7ddd6490cebc16a26a9,0.44666666666666677,0.7856760473195079,0.33900938065284114,9,0.0,1.0,0.44666666666666677,0.7856760473195079,1,1,0.33900938065284114,"{""energy"": 0.6666666666666667, ""water"": 0.2666666666666667, ""transport"": 0.33333333333333337}","{""energy"": 0.8983489677547354, ""water"": 0.42112153405871244, ""transport"": 1.0}","{""energy"": 0.23168230108806864, ""water"": 0.15445486739204572, ""transport"": 0.6666666666666666}","{""energy"": 0.0, ""water"": 0.0, ""transport"": 0.0}","{""energy"": 1.0, ""water"": 1.0, ""transport"": 1.0}","{""energy"": 1.0, ""water"": 1.0, ""transport"": 1.0}",0.3,0.1,,0.7856760473195079,,,"[""energy"", ""water""]",1,v1.0,0.7,0.3
S3_transport_load,65,65,13293808346710686042,scenario=S3_transport_load|method=both|duration=0|theta=0.300000|delta_threshold=0.100000|A=v1.0|w=na|run_id=65|seed=13293808346710686042,False,"{""step_1_amount"": 0.04464071493993153}",5222c37788a096d3910624247b4a1e76a3afcfe0df2ea7ddd6490cebc16a26a9,0.44666666666666677,0.5068307505190336,0.06016408385236682,19,0.0,0.0,0.44666666666666677,0.5068307505190336,0,0,0.06016408385236682,"{""energy"": 0.6666666666666667, ""water"": 0.2666666666666667, ""transport"": 0.33333333333333337}","{""energy"": 0.704269219074396, ""water"": 0.29173503493848624, ""transport"": 0.458675174692431}","{""energy"": 0.03760255240772925, ""water"": 0.02506836827181952, ""transport"": 0.12534184135909765}","{""energy"": 0.0, ""water"": 0.0, ""transport"": 0.0}","{""energy"": 0.0, ""water"": 0.0, ""transport"": 0.0}","{""energy"": 0.0, ""water"": 0.0, ""transport"": 0.0}",0.3,0.1,,0.5068307505190336,,,[],,v1.0,0.7,0.3
S3_transport_load,66,66,8828136742452539615,scenario=S3_transport_load|method=both|duration=0|theta=0.300000|delta_threshold=0.100000|A=v1.0|w=na|run_id=66|seed=8828136742452539615,False,"{""step_1_amount"": 0.3980724047146039}",5222c37788a096d3910624247b4a1e76a3afcfe0df2ea7ddd6490cebc16a26a9,0.44666666666666677,0.8422477683672451,0.39558110170057836,12,0.0,1.0,0.44666666666666677,0.8422477683672451,1,1,0.39558110170057836,"{""energy"": 0.6666666666666667, ""water"": 0.2666666666666667, ""transport"": 0.33333333333333337}","{""energy"": 0.947377869505128, ""water"": 0.5443220685506461, ""transport"": 1.0}","{""energy"": 0.2807112028384613, ""water"": 0.2776554018839794, ""transport"": 0.6666666666666666}","{""energy"": 0.0, ""water"": 0.0, ""transport"": 0.0}","{""energy"": 1.0, ""water"": 1.0, ""transport"": 1.0}","{""energy"": 1.0, ""water"": 1.0, ""transport"": 1.0}",0.3,0.1,,0.8422477683672451,,,"[""energy"", ""water""]",2,v1.0,0.7,0.3
S3_transport_load,67,67,6341279296879737447,scenario=S3_transport_load|method=both|duration=0|theta=0.300000|delta_threshold=0.100000|A=v1.0|w=na|run_id=67|seed=6341279296879737447,False,"{""step_1_amount"": 0.5163289336333179}",5222c37788a096d3910624247b4a1e76a3afcfe0df2ea7ddd6490cebc16a26a9,0.44666666666666677,0.78842330284922,0.34175663618255325,20,0.0,1.0,0.44666666666666677,0.78842330284922,1,1,0.34175663618255325,"{""energy"": 0.6666666666666667, ""water"": 0.2666666666666667, ""transport"": 0.33333333333333337}","{""energy"": 0.9029277269709222, ""water"": 0.424174040202837, ""transport"": 1.0}","{""energy"": 0.23626106030425542, ""water"": 0.15750737353617028, ""transport"": 0.6666666666666666}","{""energy"": 0.0, ""water"": 0.0, ""transport"": 0.0}","{""energy"": 1.0, ""water"": 1.0, ""transport"": 1.0}","{""energy"": 1.0, ""water"": 1.0, ""transport"": 1.0}",0.3,0.1,,0.78842330284922,,,"[""energy"", ""water""]",1,v1.0,0.7,0.3
S3_transport_load,68,68,2796880666480280477,scenario=S3_transport_load|method=both|duration=0|theta=0.300000|delta_threshold=0.100000|A=v1.0|w=na|run_id=68|seed=2796880666480280477,False,"{""step_1_amount"": 0.39522152372484814}",5222c37788a096d3910624247b4a1e76a3afcfe0df2ea7ddd6490cebc16a26a9,0.44666666666666677,0.771668916413065,0.32500224974639824,16,0.0,0.0,0.44666666666666677,0.771668916413065,0,1,0.32500224974639824,"{""energy"": 0.6666666666666667, ""water"": 0.2666666666666667, ""transport"": 0.33333333333333337}","{""energy"": 0.8750037495773304, ""water"": 0.4055580552737758, ""transport"": 1.0}","{""energy"": 0.20833708291066366, ""water"": 0.1388913886071091, ""transport"": 0.6666666666666666}","{""energy"": 0.0, ""water"": 0.0, ""transport"": 0.0}","{""energy"": 0.0, ""water"": 0.0, ""transport"": 0.0}","{""energy"": 0.0, ""water"": 0.0, ""transport"": 0.0}",0.3,0.1,,0.771668916413065,,,[],,v1.0,0.7,0.3
S3_transport_load,69,69,13703029104163410303,scenario=S3_transport_load|method=both|duration=0|theta=0.300000|delta_threshold=0.100000|A=v1.0|w=na|run_id=69|seed=13703029104163410303,False,"{""step_1_amount"": 0.3414928034971052}",5222c37788a096d3910624247b4a1e76a3afcfe0df2ea7ddd6490cebc16a26a9,0.44666666666666677,0.7698972770362739,0.3232306103696071,14,0.0,0.0,0.44666666666666677,0.7698972770362739,0,1,0.3232306103696071,"{""energy"": 0.6666666666666667, ""water"": 0.2666666666666667, ""transport"": 0.33333333333333337}","{""energy"": 0.8655855122623022, ""water"": 0.42793965102627946, ""transport"": 0.9842705894115638}","{""energy"": 0.19891884559563544, ""water"": 0.16127298435961274, ""transport"": 0.6509372560782304}","{""energy"": 0.0, ""water"": 0.0, ""transport"": 0.0}","{""energy"": 0.0, ""water"": 0.0, ""transport"": 0.0}","{""energy"": 0.0, ""water"": 0.0, ""transport"": 0.0}",0.3,0.1,,0.7698972770362739,,,[],,v1.0,0.7,0.3
S3_transport_load,70,70,3458444422037962768,scenario=S3_transport_load|method=both|duration=0|theta=0.300000|delta_threshold=0.100000|A=v1.0|w=na|run_id=70|seed=3458444422037962768,False,"{""step_1_amount"": 0.42134707995557735}",5222c37788a096d3910624247b4a1e76a3afcfe0df2ea7ddd6490cebc16a26a9,0.44666666666666677,0.7758148620320953,0.3291481953654285,13,0.0,1.0,0.44666666666666677,0.7758148620320953,1,1,0.3291481953654285,"{""energy"": 0.6666666666666667, ""water"": 0.2666666666666667, ""transport"": 0.33333333333333337}","{""energy"": 0.8819136589423808, ""water"": 0.4101646615171428, ""transport"": 1.0}","{""energy"": 0.2152469922757141, ""water"": 0.1434979948504761, ""transport"": 0.6666666666666666}","{""energy"": 0.0, ""water"": 0.0, ""transport"": 0.0}","{""energy"": 1.0, ""water"": 1.0, ""transport"": 1.0}","{""energy"": 1.0, ""water"": 1.0, ""transport"": 1.0}",0.3,0.1,,0.7758148620320953,,,"[""energy"", ""water""]",1,v1.0,0.7,0.3
S3_transport_load,71,71,9195586368077327883,scenario=S3_transport_load|method=both|duration=0|theta=0.300000|delta_threshold=0.100000|A=v1.0|w=na|run_id=71|seed=9195586368077327883,False,"{""step_1_amount"": 0.28853941801260524}",5222c37788a096d3910624247b4a1e76a3afcfe0df2ea7ddd6490cebc16a26a9,0.44666666666666677,0.7246868348327432,0.27802016816607644,16,0.0,0.0,0.44666666666666677,0.7246868348327432,0,1,0.27802016816607644,"{""energy"": 0.6666666666666667, ""water"": 0.2666666666666667, ""transport"": 0.33333333333333337}","{""energy"": 0.8404292717704646, ""water"": 0.3825084034025319, ""transport"": 0.9125420170126594}","{""energy"": 0.17376260510379782, ""water"": 0.11584173673586518, ""transport"": 0.579208683679326}","{""energy"": 0.0, ""water"": 0.0, ""transport"": 0.0}","{""energy"": 0.0, ""water"": 0.0, ""transport"": 0.0}","{""energy"": 0.0, ""water"": 0.0, ""transport"": 0.0}",0.3,0.1,,0.7246868348327432,,,[],,v1.0,0.7,0.3
S3_transport_load,72,72,12431553931124822002,scenario=S3_transport_load|method=both|duration=0|theta=0.300000|delta_threshold=0.100000|A=v1.0|w=na|run_id=72|seed=12431553931124822002,False,"{""step_1_amount"": 0.5027421494620508}",5222c37788a096d3910624247b4a1e76a3afcfe0df2ea7ddd6490cebc16a26a9,0.44666666666666677,0.7868322849039999,0.34016561823733316,9,0.0,1.0,0.44666666666666677,0.7868322849039999,1,1,0.34016561823733316,"{""energy"": 0.6666666666666667, ""water"": 0.2666666666666667, ""transport"": 0.33333333333333337}","{""energy"": 0.9002760303955554, ""water"": 0.42240624248592584, ""transport"": 1.0}","{""energy"": 0.23360936372888863, ""water"": 0.15573957581925912, ""transport"": 0.6666666666666666}","{""energy"": 0.0, ""water"": 0.0, ""transport"": 0.0}","{""energy"": 1.0, ""water"": 1.0, ""transport"": 1.0}","{""energy"": 1.0, ""water"": 1.0, ""transport"": 1.0}",0.3,0.1,,0.7868322849039999,,,"[""energy"", ""water""]",1,v1.0,0.7,0.3
S3_transport_load,73,73,14578681191090969637,scenario=S3_transport_load|method=both|duration=0|theta=0.300000|delta_threshold=0.100000|A=v1.0|w=na|run_id=73|seed=14578681191090969637,False,"{""step_1_amount"": 0.2918627461514087}",5222c37788a096d3910624247b4a1e76a3afcfe0df2ea7ddd6490cebc16a26a9,0.44666666666666677,0.7266905654291684,0.28002389876250167,6,0.0,0.0,0.44666666666666677,0.7266905654291684,0,1,0.28002389876250167,"{""energy"": 0.6666666666666667, ""water"": 0.2666666666666667, ""transport"": 0.33333333333333337}","{""energy"": 0.8416816033932303, ""water"": 0.3833432911510424, ""transport"": 0.9167164557552118}","{""energy"": 0.17501493672656354, ""water"": 0.11667662448437566, ""transport"": 0.5833831224218784}","{""energy"": 0.0, ""water"": 0.0, ""transport"": 0.0}","{""energy"": 0.0, ""water"": 0.0, ""transport"": 0.0}","{""energy"": 0.0, ""water"": 0.0, ""transport"": 0.0}",0.3,0.1,,0.7266905654291684,,,[],,v1.0,0.7,0.3
S3_transport_load,74,74,1244781795176152607,scenario=S3_transport_load|method=both|duration=0|theta=0.300000|delta_threshold=0.100000|A=v1.0|w=na|run_id=74|seed=1244781795176152607,False,"{""step_1_amount"": 0.4883362567214716}",5222c37788a096d3910624247b4a1e76a3afcfe0df2ea7ddd6490cebc16a26a9,0.44666666666666677,0.7850729929754134,0.3384063263087467,12,0.0,1.0,0.44666666666666677,0.7850729929754134,1,1,0.3384063263087467,"{""energy"": 0.6666666666666667, ""water"": 0.2666666666666667, ""transport"": 0.33333333333333337}","{""energy"": 0.8973438771812445, ""water"": 0.42045147367638525, ""transport"": 1.0}","{""energy"": 0.2306772105145778, ""water"": 0.15378480700971853, ""transport"": 0.6666666666666666}","{""energy"": 0.0, ""water"": 0.0, ""transport"": 0.0}","{""energy"": 1.0, ""water"": 1.0, ""transport"": 1.0}","{""energy"": 1.0, ""water"": 1.0, ""transport"": 1.0}",0.3,0.1,,0.7850729929754134,,,"[""energy"", ""water""]",1,v1.0,0.7,0.3
S3_transport_load,75,75,5428470119931192713,scenario=S3_transport_load|method=both|duration=0|theta=0.300000|delta_threshold=0.100000|A=v1.0|w=na|run_id=75|seed=5428470119931192713,False,"{""step_1_amount"": 0.416118340126543}",5222c37788a096d3910624247b4a1e76a3afcfe0df2ea7ddd6490cebc16a26a9,0.44666666666666677,0.7906233936262848,0.343956726959618,16,0.0,1.0,0.44666666666666677,0.7906233936262848,1,1,0.343956726959618,"{""energy"": 0.6666666666666667, ""water"": 0.2666666666666667, ""transport"": 0.33333333333333337}","{""energy"": 0.9065945449326966, ""water"": 0.42661858551068665, ""transport"": 1.0}","{""energy"": 0.2399278782660299, ""water"": 0.15995191884401994, ""transport"": 0.6666666666666666}","{""energy"": 0.0, ""water"": 0.0, ""transport"": 0.0}","{""energy"": 1.0, ""water"": 1.0, ""transport"": 1.0}","{""energy"": 1.0, ""water"": 1.0, ""transport"": 1.0}",0.3,0.1,,0.7906233936262848,,,"[""energy"", ""water""]",1,v1.0,0.7,0.3
S3_transport_load,76,76,12320210584015313568,scenario=S3_transport_load|method=both|duration=0|theta=0.300000|delta_threshold=0.100000|A=v1.0|w=na|run_id=76|seed=12320210584015313568,False,"{""step_1_amount"": 0.3423388489787135}",5222c37788a096d3910624247b4a1e76a3afcfe0df2ea7ddd6490cebc16a26a9,0.44666666666666677,0.7547913076678174,0.30812464100115067,22,0.0,0.0,0.44666666666666677,0.7547913076678174,0,1,0.30812464100115067,"{""energy"": 0.6666666666666667, ""water"": 0.2666666666666667, ""transport"": 0.33333333333333337}","{""energy"": 0.859244567292386, ""water"": 0.39505193375047953, ""transport"": 0.9752596687523974}","{""energy"": 0.19257790062571922, ""water"": 0.12838526708381282, ""transport"": 0.6419263354190641}","{""energy"": 0.0, ""water"": 0.0, ""transport"": 0.0}","{""energy"": 0.0, ""water"": 0.0, ""transport"": 0.0}","{""energy"": 0.0, ""water"": 0.0, ""transport"": 0.0}",0.3,0.1,,0.7547913076678174,,,[],,v1.0,0.7,0.3
S3_transport_load,77,77,9011100481232643931,scenario=S3_transport_load|method=both|duration=0|theta=0.300000|delta_threshold=0.100000|A=v1.0|w=na|run_id=77|seed=9011100481232643931,False,"{""step_1_amount"": 0.18131799922312922}",5222c37788a096d3910624247b4a1e76a3afcfe0df2ea7ddd6490cebc16a26a9,0.44666666666666677,0.6480513307135203,0.2013846640468535,14,0.0,0.0,0.44666666666666677,0.6480513307135203,0,1,0.2013846640468535,"{""energy"": 0.6666666666666667, ""water"": 0.2666666666666667, ""transport"": 0.33333333333333337}","{""energy"": 0.7925320816959502, ""water"": 0.3505769433528557, ""transport"": 0.7528847167642784}","{""energy"": 0.1258654150292835, ""water"": 0.083910276686189, ""transport"": 0.419551383430945}","{""energy"": 0.0, ""water"": 0.0, ""transport"": 0.0}","{""energy"": 0.0, ""water"": 0.0, ""transport"": 0.0}","{""energy"": 0.0, ""water"": 0.0, ""transport"": 0.0}",0.3,0.1,,0.6480513307135203,,,[],,v1.0,0.7,0.3
S3_transport_load,78,78,7132272864970580114,scenario=S3_transport_load|method=both|duration=0|theta=0.300000|delta_threshold=0.100000|A=v1.0|w=na|run_id=78|seed=7132272864970580114,False,"{""step_1_amount"": 0.39859099731884245}",5222c37788a096d3910624247b4a1e76a3afcfe0df2ea7ddd6490cebc16a26a9,0.44666666666666677,0.8067697178682705,0.3601030512016037,6,0.0,1.0,0.44666666666666677,0.8067697178682705,1,1,0.3601030512016037,"{""energy"": 0.6666666666666667, ""water"": 0.2666666666666667, ""transport"": 0.33333333333333337}","{""energy"": 0.9335050853360063, ""water"": 0.4445589457795598, ""transport"": 1.0}","{""energy"": 0.26683841866933955, ""water"": 0.17789227911289307, ""transport"": 0.6666666666666666}","{""energy"": 0.0, ""water"": 0.0, ""transport"": 0.0}","{""energy"": 1.0, ""water"": 1.0, ""transport"": 1.0}","{""energy"": 1.0, ""water"": 1.0, ""transport"": 1.0}",0.3,0.1,,0.8067697178682705,,,"[""energy"", ""water""]",2,v1.0,0.7,0.3
S3_transport_load,79,79,7570320247820597051,scenario=S3_transport_load|method=both|duration=0|theta=0.300000|delta_threshold=0.100000|A=v1.0|w=na|run_id=79|seed=7570320247820597051,False,"{""step_1_amount"": 0.5452717905886415}",5222c37788a096d3910624247b4a1e76a3afcfe0df2ea7ddd6490cebc16a26a9,0.44666666666666677,0.7916038407200279,0.3449371740533611,5,0.0,1.0,0.44666666666666677,0.7916038407200279,1,1,0.3449371740533611,"{""energy"": 0.6666666666666667, ""water"": 0.2666666666666667, ""transport"": 0.33333333333333337}","{""energy"": 0.9082286234222685, ""water"": 0.42770797117040127, ""transport"": 1.0}","{""energy"": 0.24156195675560177, ""water"": 0.16104130450373455, ""transport"": 0.6666666666666666}","{""energy"": 0.0, ""water"": 0.0, ""transport"": 0.0}","{""energy"": 1.0, ""water"": 1.0, ""transport"": 1.0}","{""energy"": 1.0, ""water"": 1.0, ""transport"": 1.0}",0.3,0.1,,0.7916038407200279,,,"[""energy"", ""water""]",1,v1.0,0.7,0.3
S3_transport_load,80,80,6912133186202259221,scenario=S3_transport_load|method=both|duration=0|theta=0.300000|delta_threshold=0.100000|A=v1.0|w=na|run_id=80|seed=6912133186202259221,False,"{""step_1_amount"": 0.19286208146154954}",5222c37788a096d3910624247b4a1e76a3afcfe0df2ea7ddd6490cebc16a26a9,0.44666666666666677,0.6900240190682518,0.24335735240158507,25,0.0,0.0,0.44666666666666677,0.6900240190682518,0,1,0.24335735240158507,"{""energy"": 0.6666666666666667, ""water"": 0.2666666666666667, ""transport"": 0.33333333333333337}","{""energy"": 0.8122845360618538, ""water"": 0.42365364528599764, ""transport"": 0.7933803701923698}","{""energy"": 0.14561786939518706, ""water"": 0.15698697861933092, ""transport"": 0.4600470368590365}","{""energy"": 0.0, ""water"": 0.0, ""transport"": 0.0}","{""energy"": 0.0, ""water"": 0.0, ""transport"": 0.0}","{""energy"": 0.0, ""water"": 0.0, ""transport"": 0.0}",0.3,0.1,,0.6900240190682518,,,[],,v1.0,0.7,0.3
S3_transport_load,81,81,7011206626025804733,scenario=S3_transport_load|method=both|duration=0|theta=0.300000|delta_threshold=0.100000|A=v1.0|w=na|run_id=81|seed=7011206626025804733,False,"{""step_1_amount"": 0.09299252682097826}",5222c37788a096d3910624247b4a1e76a3afcfe0df2ea7ddd6490cebc16a26a9,0.44666666666666677,0.5635193716033587,0.11685270493669198,21,0.0,0.0,0.44666666666666677,0.5635193716033587,0,0,0.11685270493669198,"{""energy"": 0.6666666666666667, ""water"": 0.2666666666666667, ""transport"": 0.33333333333333337}","{""energy"": 0.7396996072520993, ""water"": 0.3153552937236217, ""transport"": 0.5767764686181084}","{""energy"": 0.07303294058543253, ""water"": 0.04868862705695498, ""transport"": 0.24344313528477501}","{""energy"": 0.0, ""water"": 0.0, ""transport"": 0.0}","{""energy"": 0.0, ""water"": 0.0, ""transport"": 0.0}","{""energy"": 0.0, ""water"": 0.0, ""transport"": 0.0}",0.3,0.1,,0.5635193716033587,,,[],,v1.0,0.7,0.3
S3_transport_load,82,82,14293243736906690689,scenario=S3_transport_load|method=both|duration=0|theta=0.300000|delta_threshold=0.100000|A=v1.0|w=na|run_id=82|seed=14293243736906690689,False,"{""step_1_amount"": 0.1252329084522926}",5222c37788a096d3910624247b4a1e76a3afcfe0df2ea7ddd6490cebc16a26a9,0.44666666666666677,0.8011829921748777,0.3545163255082109,22,0.0,0.0,0.44666666666666677,0.8011829921748777,0,1,0.3545163255082109,"{""energy"": 0.6666666666666667, ""water"": 0.2666666666666667, ""transport"": 0.33333333333333337}","{""energy"": 0.8865708644170016, ""water"": 0.48851548802692346, ""transport"": 1.0}","{""energy"": 0.21990419775033487, ""water"": 0.22184882136025674, ""transport"": 0.6666666666666666}","{""energy"": 0.0, ""water"": 0.0, ""transport"": 0.0}","{""energy"": 0.0, ""water"": 0.0, ""transport"": 0.0}","{""energy"": 0.0, ""water"": 0.0, ""transport"": 0.0}",0.3,0.1,,0.8011829921748777,,,[],,v1.0,0.7,0.3
S3_transport_load,83,83,3228965552339798957,scenario=S3_transport_load|method=both|duration=0|theta=0.300000|delta_threshold=0.100000|A=v1.0|w=na|run_id=83|seed=3228965552339798957,False,"{""step_1_amount"": 0.4934537741308845}",5222c37788a096d3910624247b4a1e76a3afcfe0df2ea7ddd6490cebc16a26a9,0.44666666666666677,0.785706685179915,0.3390400185132483,30,0.0,1.0,0.44666666666666677,0.785706685179915,1,1,0.3390400185132483,"{""energy"": 0.6666666666666667, ""water"": 0.2666666666666667, ""transport"": 0.33333333333333337}","{""energy"": 0.8984000308554139, ""water"": 0.42115557612583143, ""transport"": 1.0}","{""energy"": 0.23173336418874713, ""water"": 0.1544889094591647, ""transport"": 0.6666666666666666}","{""energy"": 0.0, ""water"": 0.0, ""transport"": 0.0}","{""energy"": 1.0, ""water"": 1.0, ""transport"": 1.0}","{""energy"": 1.0, ""water"": 1.0, ""transport"": 1.0}",0.3,0.1,,0.785706685179915,,,"[""energy"", ""water""]",1,v1.0,0.7,0.3
S3_transport_load,84,84,8489888865141892216,scenario=S3_transport_load|method=both|duration=0|theta=0.300000|delta_threshold=0.100000|A=v1.0|w=na|run_id=84|seed=8489888865141892216,False,"{""step_1_amount"": 0.34572439317986753}",5222c37788a096d3910624247b4a1e76a3afcfe0df2ea7ddd6490cebc16a26a9,0.44666666666666677,0.7565281473903879,0.3098614807237211,26,0.0,0.0,0.44666666666666677,0.7565281473903879,0,1,0.3098614807237211,"{""energy"": 0.6666666666666667, ""water"": 0.2666666666666667, ""transport"": 0.33333333333333337}","{""energy"": 0.8603300921189925, ""water"": 0.39577561696821717, ""transport"": 0.9788780848410857}","{""energy"": 0.19366342545232573, ""water"": 0.12910895030155045, ""transport"": 0.6455447515077524}","{""energy"": 0.0, ""water"": 0.0, ""transport"": 0.0}","{""energy"": 0.0, ""water"": 0.0, ""transport"": 0.0}","{""energy"": 0.0, ""water"": 0.0, ""transport"": 0.0}",0.3,0.1,,0.7565281473903879,,,[],,v1.0,0.7,0.3
S3_transport_load,85,85,6847496216321507292,scenario=S3_transport_load|method=both|duration=0|theta=0.300000|delta_threshold=0.100000|A=v1.0|w=na|run_id=85|seed=6847496216321507292,False,"{""step_1_amount"": 0.5809831815108418}",5222c37788a096d3910624247b4a1e76a3afcfe0df2ea7ddd6490cebc16a26a9,0.44666666666666677,0.7951660441946728,0.3484993775280061,8,0.0,1.0,0.44666666666666677,0.7951660441946728,1,1,0.3484993775280061,"{""energy"": 0.6666666666666667, ""water"": 0.2666666666666667, ""transport"": 0.33333333333333337}","{""energy"": 0.9141656292133434, ""water"": 0.4316659750311179, ""transport"": 1.0}","{""energy"": 0.2474989625466767, ""water"": 0.1649993083644512, ""transport"": 0.6666666666666666}","{""energy"": 0.0, ""water"": 0.0, ""transport"": 0.0}","{""energy"": 1.0, ""water"": 1.0, ""transport"": 1.0}","{""energy"": 1.0, ""water"": 1.0, ""transport"": 1.0}",0.3,0.1,,0.7951660441946728,,,"[""energy"", ""water""]",1,v1.0,0.7,0.3
S3_transport_load,86,86,6853721116919065020,scenario=S3_transport_load|method=both|duration=0|theta=0.300000|delta_threshold=0.100000|A=v1.0|w=na|run_id=86|seed=6853721116919065020,False,"{""step_1_amount"": 0.395893116702433}",5222c37788a096d3910624247b4a1e76a3afcfe0df2ea7ddd6490cebc16a26a9,0.44666666666666677,0.7717796131694135,0.3251129465027467,29,0.0,0.0,0.44666666666666677,0.7717796131694135,0,1,0.3251129465027467,"{""energy"": 0.6666666666666667, ""water"": 0.2666666666666667, ""transport"": 0.33333333333333337}","{""energy"": 0.8751882441712446, ""water"": 0.4056810516697187, ""transport"": 1.0}","{""energy"": 0.2085215775045779, ""water"": 0.13901438500305197, ""transport"": 0.6666666666666666}","{""energy"": 0.0, ""water"": 0.0, ""transport"": 0.0}","{""energy"": 0.0, ""water"": 0.0, ""transport"": 0.0}","{""energy"": 0.0, ""water"": 0.0, ""transport"": 0.0}",0.3,0.1,,0.7717796131694135,,,[],,v1.0,0.7,0.3
S3_transport_load,87,87,10682380790361524332,scenario=S3_transport_load|method=both|duration=0|theta=0.300000|delta_threshold=0.100000|A=v1.0|w=na|run_id=87|seed=10682380790361524332,False,"{""step_1_amount"": 0.39492044903354884}",5222c37788a096d3910624247b4a1e76a3afcfe0df2ea7ddd6490cebc16a26a9,0.44666666666666677,0.805408710135729,0.35874204346906224,5,0.0,1.0,0.44666666666666677,0.805408710135729,1,1,0.35874204346906224,"{""energy"": 0.6666666666666667, ""water"": 0.2666666666666667, ""transport"": 0.33333333333333337}","{""energy"": 0.931236739115104, ""water"": 0.44304671496562487, ""transport"": 1.0}","{""energy"": 0.2645700724484372, ""water"": 0.17638004829895815, ""transport"": 0.6666666666666666}","{""energy"": 0.0, ""water"": 0.0, ""transport"": 0.0}","{""energy"": 1.0, ""water"": 1.0, ""transport"": 1.0}","{""energy"": 1.0, ""water"": 1.0, ""transport"": 1.0}",0.3,0.1,,0.805408710135729,,,"[""energy"", ""water""]",2,v1.0,0.7,0.3
S3_transport_load,88,88,3634760778312322807,scenario=S3_transport_load|method=both|duration=0|theta=0.300000|delta_threshold=0.100000|A=v1.0|w=na|run_id=88|seed=3634760778312322807,False,"{""step_1_amount"": 0.5519737237616684}",5222c37788a096d3910624247b4a1e76a3afcfe0df2ea7ddd6490cebc16a26a9,0.44666666666666677,0.8359132186321856,0.3892465519655188,27,0.0,1.0,0.44666666666666677,0.8359132186321856,1,1,0.3892465519655188,"{""energy"": 0.6666666666666667, ""water"": 0.2666666666666667, ""transport"": 0.33333333333333337}","{""energy"": 0.9323452296825672, ""water"": 0.5432504225305289, ""transport"": 1.0}","{""energy"": 0.2656785630159004, ""water"": 0.2765837558638622, ""transport"": 0.6666666666666666}","{""energy"": 0.0, ""water"": 0.0, ""transport"": 0.0}","{""energy"": 1.0, ""water"": 1.0, ""transport"": 1.0}","{""energy"": 1.0, ""water"": 1.0, ""transport"": 1.0}",0.3,0.1,,0.8359132186321856,,,"[""energy"", ""water""]",1,v1.0,0.7,0.3
S3_transport_load,89,89,15599441393092841948,scenario=S3_transport_load|method=both|duration=0|theta=0.300000|delta_threshold=0.100000|A=v1.0|w=na|run_id=89|seed=15599441393092841948,False,"{""step_1_amount"": 0.07231829844095367}",5222c37788a096d3910624247b4a1e76a3afcfe0df2ea7ddd6490cebc16a26a9,0.44666666666666677,0.540282854062021,0.09361618739535427,21,0.0,0.0,0.44666666666666677,0.540282854062021,0,0,0.09361618739535427,"{""energy"": 0.6666666666666667, ""water"": 0.2666666666666667, ""transport"": 0.33333333333333337}","{""energy"": 0.7251767837887632, ""water"": 0.305673411414731, ""transport"": 0.5283670570736547}","{""energy"": 0.05851011712209642, ""water"": 0.03900674474806426, ""transport"": 0.19503372374032135}","{""energy"": 0.0, ""water"": 0.0, ""transport"": 0.0}","{""energy"": 0.0, ""water"": 0.0, ""transport"": 0.0}","{""energy"": 0.0, ""water"": 0.0, ""transport"": 0.0}",0.3,0.1,,0.540282854062021,,,[],,v1.0,0.7,0.3
S3_transport_load,90,90,15793723896452033373,scenario=S3_transport_load|method=both|duration=0|theta=0.300000|delta_threshold=0.100000|A=v1.0|w=na|run_id=90|seed=15793723896452033373,False,"{""step_1_amount"": 0.23342355581475038}",5222c37788a096d3910624247b4a1e76a3afcfe0df2ea7ddd6490cebc16a26a9,0.44666666666666677,0.6883702286361475,0.24170356196948073,16,0.0,0.0,0.44666666666666677,0.6883702286361475,0,1,0.24170356196948073,"{""energy"": 0.6666666666666667, ""water"": 0.2666666666666667, ""transport"": 0.33333333333333337}","{""energy"": 0.8177313928975922, ""water"": 0.36737648415395036, ""transport"": 0.8368824207697515}","{""energy"": 0.15106472623092548, ""water"": 0.10070981748728364, ""transport"": 0.5035490874364181}","{""energy"": 0.0, ""water"": 0.0, ""transport"": 0.0}","{""energy"": 0.0, ""water"": 0.0, ""transport"": 0.0}","{""energy"": 0.0, ""water"": 0.0, ""transport"": 0.0}",0.3,0.1,,0.6883702286361475,,,[],,v1.0,0.7,0.3
S3_transport_load,91,91,9689721048339751950,scenario=S3_transport_load|method=both|duration=0|theta=0.300000|delta_threshold=0.100000|A=v1.0|w=na|run_id=91|seed=9689721048339751950,False,"{""step_1_amount"": 0.8463622080994723}",5222c37788a096d3910624247b4a1e76a3afcfe0df2ea7ddd6490cebc16a26a9,0.44666666666666677,0.8124577425373429,0.36579107587067616,24,0.0,1.0,0.44666666666666677,0.8124577425373429,1,1,0.36579107587067616,"{""energy"": 0.6666666666666667, ""water"": 0.2666666666666667, ""transport"": 0.33333333333333337}","{""energy"": 0.9429851264511272, ""water"": 0.4508789731896404, ""transport"": 1.0}","{""energy"": 0.27631845978446046, ""water"": 0.18421230652297366, ""transport"": 0.6666666666666666}","{""energy"": 0.0, ""water"": 0.0, ""transport"": 0.0}","{""energy"": 1.0, ""water"": 1.0, ""transport"": 1.0}","{""energy"": 1.0, ""water"": 1.0, ""transport"": 1.0}",0.3,0.1,,0.8124577425373429,,,"[""energy"", ""water""]",1,v1.0,0.7,0.3
S3_transport_load,92,92,15764053567246779340,scenario=S3_transport_load|method=both|duration=0|theta=0.300000|delta_threshold=0.100000|A=v1.0|w=na|run_id=92|seed=15764053567246779340,False,"{""step_1_amount"": 0.4938569487928151}",5222c37788a096d3910624247b4a1e76a3afcfe0df2ea7ddd6490cebc16a26a9,0.44666666666666677,0.7857561973108813,0.33908953064421454,29,0.0,1.0,0.44666666666666677,0.7857561973108813,1,1,0.33908953064421454,"{""energy"": 0.6666666666666667, ""water"": 0.2666666666666667, ""transport"": 0.33333333333333337}","{""energy"": 0.898482551073691, ""water"": 0.42121058960468294, ""transport"": 1.0}","{""energy"": 0.23181588440702428, ""water"": 0.15454392293801622, ""transport"": 0.6666666666666666}","{""energy"": 0.0, ""water"": 0.0, ""transport"": 0.0}","{""energy"": 1.0, ""water"": 1.0, ""transport"": 1.0}","{""energy"": 1.0, ""water"": 1.0, ""transport"": 1.0}",0.3,0.1,,0.7857561973108813,,,"[""energy"", ""water""]",1,v1.0,0.7,0.3
S3_transport_load,93,93,6047789127205465359,scenario=S3_transport_load|method=both|duration=0|theta=0.300000|delta_threshold=0.100000|A=v1.0|w=na|run_id=93|seed=6047789127205465359,False,"{""step_1_amount"": 0.5290475241396263}",5222c37788a096d3910624247b4a1e76a3afcfe0df2ea7ddd6490cebc16a26a9,0.44666666666666677,0.7898550200689041,0.3431883534022373,16,0.0,1.0,0.44666666666666677,0.7898550200689041,1,1,0.3431883534022373,"{""energy"": 0.6666666666666667, ""water"": 0.2666666666666667, ""transport"": 0.33333333333333337}","{""energy"": 0.9053139223370623, ""water"": 0.42576483711359714, ""transport"": 1.0}","{""energy"": 0.23864725567039557, ""water"": 0.15909817044693042, ""transport"": 0.6666666666666666}","{""energy"": 0.0, ""water"": 0.0, ""transport"": 0.0}","{""energy"": 1.0, ""water"": 1.0, ""transport"": 1.0}","{""energy"": 1.0, ""water"": 1.0, ""transport"": 1.0}",0.3,0.1,,0.7898550200689041,,,"[""energy"", ""water""]",1,v1.0,0.7,0.3
S3_transport_load,94,94,12950486580316299111,scenario=S3_transport_load|method=both|duration=0|theta=0.300000|delta_threshold=0.100000|A=v1.0|w=na|run_id=94|seed=12950486580316299111,False,"{""step_1_amount"": 0.5562646531274001}",5222c37788a096d3910624247b4a1e76a3afcfe0df2ea7ddd6490cebc16a26a9,0.44666666666666677,0.7927413041398426,0.3460746374731758,5,0.0,1.0,0.44666666666666677,0.7927413041398426,1,1,0.3460746374731758,"{""energy"": 0.6666666666666667, ""water"": 0.2666666666666667, ""transport"": 0.33333333333333337}","{""energy"": 0.9101243957886265, ""water"": 0.4289718194146399, ""transport"": 1.0}","{""energy"": 0.24345772912195973, ""water"": 0.1623051527479732, ""transport"": 0.6666666666666666}","{""energy"": 0.0, ""water"": 0.0, ""transport"": 0.0}","{""energy"": 1.0, ""water"": 1.0, ""transport"": 1.0}","{""energy"": 1.0, ""water"": 1.0, ""transport"": 1.0}",0.3,0.1,,0.7927413041398426,,,"[""energy"", ""water""]",1,v1.0,0.7,0.3
S3_transport_load,95,95,4631728191499945232,scenario=S3_transport_load|method=both|duration=0|theta=0.300000|delta_threshold=0.100000|A=v1.0|w=na|run_id=95|seed=4631728191499945232,False,"{""step_1_amount"": 0.4640116787420322}",5222c37788a096d3910624247b4a1e76a3afcfe0df2ea7ddd6490cebc16a26a9,0.44666666666666677,0.7819242569573985,0.33525759029073177,23,0.0,1.0,0.44666666666666677,0.7819242569573985,1,1,0.33525759029073177,"{""energy"": 0.6666666666666667, ""water"": 0.2666666666666667, ""transport"": 0.33333333333333337}","{""energy"": 0.8920959838178865, ""water"": 0.4169528781008132, ""transport"": 1.0}","{""energy"": 0.22542931715121972, ""water"": 0.1502862114341465, ""transport"": 0.6666666666666666}","{""energy"": 0.0, ""water"": 0.0, ""transport"": 0.0}","{""energy"": 1.0, ""water"": 1.0, ""transport"": 1.0}","{""energy"": 1.0, ""water"": 1.0, ""transport"": 1.0}",0.3,0.1,,0.7819242569573985,,,"[""energy"", ""water""]",1,v1.0,0.7,0.3
S3_transport_load,96,96,5029051501949555396,scenario=S3_transport_load|method=both|duration=0|theta=0.300000|delta_threshold=0.100000|A=v1.0|w=na|run_id=96|seed=5029051501949555396,False,"{""step_1_amount"": 0.6033939568839964}",5222c37788a096d3910624247b4a1e76a3afcfe0df2ea7ddd6490cebc16a26a9,0.44666666666666677,0.7972142790452412,0.35054761237857446,16,0.0,1.0,0.44666666666666677,0.7972142790452412,1,1,0.35054761237857446,"{""energy"": 0.6666666666666667, ""water"": 0.2666666666666667, ""transport"": 0.33333333333333337}","{""energy"": 0.9175793539642909, ""water"": 0.4339417915317495, ""transport"": 1.0}","{""energy"": 0.25091268729762417, ""water"": 0.16727512486508278, ""transport"": 0.6666666666666666}","{""energy"": 0.0, ""water"": 0.0, ""transport"": 0.0}","{""energy"": 1.0, ""water"": 1.0, ""transport"": 1.0}","{""energy"": 1.0, ""water"": 1.0, ""transport"": 1.0}",0.3,0.1,,0.7972142790452412,,,"[""energy"", ""water""]",1,v1.0,0.7,0.3
S3_transport_load,97,97,5459606772682946712,scenario=S3_transport_load|method=both|duration=0|theta=0.300000|delta_threshold=0.100000|A=v1.0|w=na|run_id=97|seed=5459606772682946712,False,"{""step_1_amount"": 0.2798757836950082}",5222c37788a096d3910624247b4a1e76a3afcfe0df2ea7ddd6490cebc16a26a9,0.44666666666666677,0.7193683803015163,0.2727017136348495,15,0.0,0.0,0.44666666666666677,0.7193683803015163,0,1,0.2727017136348495,"{""energy"": 0.6666666666666667, ""water"": 0.2666666666666667, ""transport"": 0.33333333333333337}","{""energy"": 0.8371052376884477, ""water"": 0.3802923806811873, ""transport"": 0.9014619034059365}","{""energy"": 0.17043857102178095, ""water"": 0.1136257140145206, ""transport"": 0.5681285700726031}","{""energy"": 0.0, ""water"": 0.0, ""transport"": 0.0}","{""energy"": 0.0, ""water"": 0.0, ""transport"": 0.0}","{""energy"": 0.0, ""water"": 0.0, ""transport"": 0.0}",0.3,0.1,,0.7193683803015163,,,[],,v1.0,0.7,0.3
S3_transport_load,98,98,1496592330219819879,scenario=S3_transport_load|method=both|duration=0|theta=0.300000|delta_threshold=0.100000|A=v1.0|w=na|run_id=98|seed=1496592330219819879,False,"{""step_1_amount"": 0.22213834528370419}",5222c37788a096d3910624247b4a1e76a3afcfe0df2ea7ddd6490cebc16a26a9,0.44666666666666677,0.7384886808707658,0.29182201420409903,27,0.0,0.0,0.44666666666666677,0.7384886808707658,0,1,0.29182201420409903,"{""energy"": 0.6666666666666667, ""water"": 0.2666666666666667, ""transport"": 0.33333333333333337}","{""energy"": 0.8490554255442286, ""water"": 0.38825917258504133, ""transport"": 0.9412958629252065}","{""energy"": 0.1823887588775619, ""water"": 0.12159250591837462, ""transport"": 0.6079625295918731}","{""energy"": 0.0, ""water"": 0.0, ""transport"": 0.0}","{""energy"": 0.0, ""water"": 0.0, ""transport"": 0.0}","{""energy"": 0.0, ""water"": 0.0, ""transport"": 0.0}",0.3,0.1,,0.7384886808707658,,,[],,v1.0,0.7,0.3
S3_transport_load,99,99,11276710964437414624,scenario=S3_transport_load|method=both|duration=0|theta=0.300000|delta_threshold=0.100000|A=v1.0|w=na|run_id=99|seed=11276710964437414624,False,"{""step_1_amount"": 0.1921324039971482}",5222c37788a096d3910624247b4a1e76a3afcfe0df2ea7ddd6490cebc16a26a9,0.44666666666666677,0.6569454507280144,0.2102787840613476,19,0.0,0.0,0.44666666666666677,0.6569454507280144,0,1,0.2102787840613476,"{""energy"": 0.6666666666666667, ""water"": 0.2666666666666667, ""transport"": 0.33333333333333337}","{""energy"": 0.798090906705009, ""water"": 0.3542828266922282, ""transport"": 0.7714141334611408}","{""energy"": 0.1314242400383423, ""water"": 0.0876161600255615, ""transport"": 0.4380808001278075}","{""energy"": 0.0, ""water"": 0.0, ""transport"": 0.0}","{""energy"": 0.0, ""water"": 0.0, ""transport"": 0.0}","{""energy"": 0.0, ""water"": 0.0, ""transport"": 0.0}",0.3,0.1,,0.6569454507280144,,,[],,v1.0,0.7,0.3
S3_transport_load,100,100,17969905077286119396,scenario=S3_transport_load|method=both|duration=0|theta=0.300000|delta_threshold=0.100000|A=v1.0|w=na|run_id=100|seed=17969905077286119396,False,"{""step_1_amount"": 0.29218373597149333}",5222c37788a096d3910624247b4a1e76a3afcfe0df2ea7ddd6490cebc16a26a9,0.44666666666666677,0.7268830436172259,0.2802163769505591,23,0.0,0.0,0.44666666666666677,0.7268830436172259,0,1,0.2802163769505591,"{""energy"": 0.6666666666666667, ""water"": 0.2666666666666667, ""transport"": 0.33333333333333337}","{""energy"": 0.8418019022607662, ""water"": 0.3834234903960664, ""transport"": 0.9171174519803316}","{""energy"": 0.1751352355940995, ""water"": 0.11675682372939966, ""transport"": 0.5837841186469982}","{""energy"": 0.0, ""water"": 0.0, ""transport"": 0.0}","{""energy"": 0.0, ""water"": 0.0, ""transport"": 0.0}","{""energy"": 0.0, ""water"": 0.0, ""transport"": 0.0}",0.3,0.1,,0.7268830436172259,,,[],,v1.0,0.7,0.3
S3_transport_load,101,101,16043331535959389005,scenario=S3_transport_load|method=both|duration=0|theta=0.300000|delta_threshold=0.100000|A=v1.0|w=na|run_id=101|seed=16043331535959389005,False,"{""step_1_amount"": 0.17378228224616343}",5222c37788a096d3910624247b4a1e76a3afcfe0df2ea7ddd6490cebc16a26a9,0.44666666666666677,0.6416808943714102,0.19501422770474341,28,0.0,0.0,0.44666666666666677,0.6416808943714102,0,1,0.19501422770474341,"{""energy"": 0.6666666666666667, ""water"": 0.2666666666666667, ""transport"": 0.33333333333333337}","{""energy"": 0.7885505589821313, ""water"": 0.34792259487697647, ""transport"": 0.7396129743848822}","{""energy"": 0.12188389231546459, ""water"": 0.08125592821030975, ""transport"": 0.4062796410515488}","{""energy"": 0.0, ""water"": 0.0, ""transport"": 0.0}","{""energy"": 0.0, ""water"": 0.0, ""transport"": 0.0}","{""energy"": 0.0, ""water"": 0.0, ""transport"": 0.0}",0.3,0.1,,0.6416808943714102,,,[],,v1.0,0.7,0.3
S3_transport_load,102,102,14232634029176194813,scenario=S3_transport_load|method=both|duration=0|theta=0.300000|delta_threshold=0.100000|A=v1.0|w=na|run_id=102|seed=14232634029176194813,False,"{""step_1_amount"": 0.4616144601952952}",5222c37788a096d3910624247b4a1e76a3afcfe0df2ea7ddd6490cebc16a26a9,0.44666666666666677,0.8108928531216189,0.3642261864549521,28,0.0,1.0,0.44666666666666677,0.8108928531216189,1,1,0.3642261864549521,"{""energy"": 0.6666666666666667, ""water"": 0.2666666666666667, ""transport"": 0.33333333333333337}","{""energy"": 0.9403769774249204, ""water"": 0.4491402071721692, ""transport"": 1.0}","{""energy"": 0.2737103107582537, ""water"": 0.18247354050550246, ""transport"": 0.6666666666666666}","{""energy"": 0.0, ""water"": 0.0, ""transport"": 0.0}","{""energy"": 1.0, ""water"": 1.0, ""transport"": 1.0}","{""energy"": 1.0, ""water"": 1.0, ""transport"": 1.0}",0.3,0.1,,0.8108928531216189,,,"[""energy"", ""water""]",1,v1.0,0.7,0.3
S3_transport_load,103,103,17639067693155744982,scenario=S3_transport_load|method=both|duration=0|theta=0.300000|delta_threshold=0.100000|A=v1.0|w=na|run_id=103|seed=17639067693155744982,False,"{""step_1_amount"": 0.2547295777238834}",5222c37788a096d3910624247b4a1e76a3afcfe0df2ea7ddd6490cebc16a26a9,0.44666666666666677,0.7031251014560426,0.2564584347893758,5,0.0,0.0,0.44666666666666677,0.7031251014560426,0,1,0.2564584347893758,"{""energy"": 0.6666666666666667, ""water"": 0.2666666666666667, ""transport"": 0.33333333333333337}","{""energy"": 0.8269531884100266, ""water"": 0.37352434782890664, ""transport"": 0.867621739144533}","{""energy"": 0.1602865217433599, ""water"": 0.10685768116223993, ""transport"": 0.5342884058111996}","{""energy"": 0.0, ""water"": 0.0, ""transport"": 0.0}","{""energy"": 0.0, ""water"": 0.0, ""transport"": 0.0}","{""energy"": 0.0, ""water"": 0.0, ""transport"": 0.0}",0.3,0.1,,0.7031251014560426,,,[],,v1.0,0.7,0.3
S3_transport_load,104,104,4950087628732418808,scenario=S3_transport_load|method=both|duration=0|theta=0.300000|delta_threshold=0.100000|A=v1.0|w=na|run_id=104|seed=4950087628732418808,False,"{""step_1_amount"": 0.2870991766021251}",5222c37788a096d3910624247b4a1e76a3afcfe0df2ea7ddd6490cebc16a26a9,0.44666666666666677,0.7238122476147448,0.27714558094807806,28,0.0,0.0,0.44666666666666677,0.7238122476147448,0,1,0.27714558094807806,"{""energy"": 0.6666666666666667, ""water"": 0.2666666666666667, ""transport"": 0.33333333333333337}","{""energy"": 0.8398826547592155, ""water"": 0.38214399206169924, ""transport"": 0.910719960308496}","{""energy"": 0.1732159880925488, ""water"": 0.11547732539503253, ""transport"": 0.5773866269751626}","{""energy"": 0.0, ""water"": 0.0, ""transport"": 0.0}","{""energy"": 0.0, ""water"": 0.0, ""transport"": 0.0}","{""energy"": 0.0, ""water"": 0.0, ""transport"": 0.0}",0.3,0.1,,0.7238122476147448,,,[],,v1.0,0.7,0.3
S3_transport_load,105,105,2532789916793784181,scenario=S3_transport_load|method=both|duration=0|theta=0.300000|delta_threshold=0.100000|A=v1.0|w=na|run_id=105|seed=2532789916793784181,False,"{""step_1_amount"": 0.629014844272882}",5222c37788a096d3910624247b4a1e76a3afcfe0df2ea7ddd6490cebc16a26a9,0.44666666666666677,0.7993932543889987,0.3527265877223319,13,0.0,1.0,0.44666666666666677,0.7993932543889987,1,1,0.3527265877223319,"{""energy"": 0.6666666666666667, ""water"": 0.2666666666666667, ""transport"": 0.33333333333333337}","{""energy"": 0.92121097953722, ""water"": 0.43636287524703554, ""transport"": 1.0}","{""energy"": 0.25454431287055324, ""water"": 0.16969620858036882, ""transport"": 0.6666666666666666}","{""energy"": 0.0, ""water"": 0.0, ""transport"": 0.0}","{""energy"": 1.0, ""water"": 1.0, ""transport"": 1.0}","{""energy"": 1.0, ""water"": 1.0, ""transport"": 1.0}",0.3,0.1,,0.7993932543889987,,,"[""energy"", ""water""]",1,v1.0,0.7,0.3
S3_transport_load,106,106,6080368982997141563,scenario=S3_transport_load|method=both|duration=0|theta=0.300000|delta_threshold=0.100000|A=v1.0|w=na|run_id=106|seed=6080368982997141563,False,"{""step_1_amount"": 0.5082189638641416}",5222c37788a096d3910624247b4a1e76a3afcfe0df2ea7ddd6490cebc16a26a9,0.44666666666666677,0.7874814339442844,0.3408147672776176,13,0.0,1.0,0.44666666666666677,0.7874814339442844,1,1,0.3408147672776176,"{""energy"": 0.6666666666666667, ""water"": 0.2666666666666667, ""transport"": 0.33333333333333337}","{""energy"": 0.9013579454626963, ""water"": 0.42312751919735314, ""transport"": 1.0}","{""energy"": 0.23469127879602958, ""water"": 0.15646085253068642, ""transport"": 0.6666666666666666}","{""energy"": 0.0, ""water"": 0.0, ""transport"": 0.0}","{""energy"": 1.0, ""water"": 1.0, ""transport"": 1.0}","{""energy"": 1.0, ""water"": 1.0, ""transport"": 1.0}",0.3,0.1,,0.7874814339442844,,,"[""energy"", ""water""]",1,v1.0,0.7,0.3
S3_transport_load,107,107,12882454406446914932,scenario=S3_transport_load|method=both|duration=0|theta=0.300000|delta_threshold=0.100000|A=v1.0|w=na|run_id=107|seed=12882454406446914932,False,"{""step_1_amount"": 0.44178634796313476}",5222c37788a096d3910624247b4a1e76a3afcfe0df2ea7ddd6490cebc16a26a9,0.44666666666666677,0.7788393092235293,0.3321726425568625,12,0.0,1.0,0.44666666666666677,0.7788393092235293,1,1,0.3321726425568625,"{""energy"": 0.6666666666666667, ""water"": 0.2666666666666667, ""transport"": 0.33333333333333337}","{""energy"": 0.8869544042614376, ""water"": 0.41352515839651394, ""transport"": 1.0}","{""energy"": 0.22028773759477083, ""water"": 0.14685849172984722, ""transport"": 0.6666666666666666}","{""energy"": 0.0, ""water"": 0.0, ""transport"": 0.0}","{""energy"": 1.0, ""water"": 1.0, ""transport"": 1.0}","{""energy"": 1.0, ""water"": 1.0, ""transport"": 1.0}",0.3,0.1,,0.7788393092235293,,,"[""energy"", ""water""]",1,v1.0,0.7,0.3
S3_transport_load,108,108,10060332030295652613,scenario=S3_transport_load|method=both|duration=0|theta=0.300000|delta_threshold=0.100000|A=v1.0|w=na|run_id=108|seed=10060332030295652613,False,"{""step_1_amount"": 0.12148768025000359}",5222c37788a096d3910624247b4a1e76a3afcfe0df2ea7ddd6490cebc16a26a9,0.44666666666666677,0.5932733036288186,0.14660663696215182,23,0.0,0.0,0.44666666666666677,0.5932733036288186,0,0,0.14660663696215182,"{""energy"": 0.6666666666666667, ""water"": 0.2666666666666667, ""transport"": 0.33333333333333337}","{""energy"": 0.7582958147680117, ""water"": 0.32775276540089665, ""transport"": 0.6387638270044831}","{""energy"": 0.09162914810134493, ""water"": 0.06108609873422993, ""transport"": 0.3054304936711497}","{""energy"": 0.0, ""water"": 0.0, ""transport"": 0.0}","{""energy"": 0.0, ""water"": 0.0, ""transport"": 0.0}","{""energy"": 0.0, ""water"": 0.0, ""transport"": 0.0}",0.3,0.1,,0.5932733036288186,,,[],,v1.0,0.7,0.3
S3_transport_load,109,109,6803683137498201517,scenario=S3_transport_load|method=both|duration=0|theta=0.300000|delta_threshold=0.100000|A=v1.0|w=na|run_id=109|seed=6803683137498201517,False,"{""step_1_amount"": 0.2153521916255644}",5222c37788a096d3910624247b4a1e76a3afcfe0df2ea7ddd6490cebc16a26a9,0.44666666666666677,0.6750945916329547,0.22842792496628794,22,0.0,0.0,0.44666666666666677,0.6750945916329547,0,1,0.22842792496628794,"{""energy"": 0.6666666666666667, ""water"": 0.2666666666666667, ""transport"": 0.33333333333333337}","{""energy"": 0.8094341197705968, ""water"": 0.3618449687359534, ""transport"": 0.8092248436797668}","{""energy"": 0.14276745310393002, ""water"": 0.09517830206928668, ""transport"": 0.4758915103464334}","{""energy"": 0.0, ""water"": 0.0, ""transport"": 0.0}","{""energy"": 0.0, ""water"": 0.0, ""transport"": 0.0}","{""energy"": 0.0, ""water"": 0.0, ""transport"": 0.0}",0.3,0.1,,0.6750945916329547,,,[],,v1.0,0.7,0.3
S3_transport_load,110,110,17434844536448825729,scenario=S3_transport_load|method=both|duration=0|theta=0.300000|delta_threshold=0.100000|A=v1.0|w=na|run_id=110|seed=17434844536448825729,False,"{""step_1_amount"": 0.5601288989876175}",5222c37788a096d3910624247b4a1e76a3afcfe0df2ea7ddd6490cebc16a26a9,0.44666666666666677,0.8660264661052359,0.41935979943856916,11,0.0,1.0,0.44666666666666677,0.8660264661052359,1,1,0.41935979943856916,"{""energy"": 0.6666666666666667, ""water"": 0.2666666666666667, ""transport"": 0.33333333333333337}","{""energy"": 0.9735554237468762, ""water"": 0.5886809886882846, ""transport"": 1.0}","{""energy"": 0.30688875708020946, ""water"": 0.32201432202161784, ""transport"": 0.6666666666666666}","{""energy"": 0.0, ""water"": 0.0, ""transport"": 0.0}","{""energy"": 1.0, ""water"": 1.0, ""transport"": 1.0}","{""energy"": 1.0, ""water"": 1.0, ""transport"": 1.0}",0.3,0.1,,0.8660264661052359,,,"[""energy"", ""water""]",1,v1.0,0.7,0.3
S3_transport_load,111,111,3790416238922143994,scenario=S3_transport_load|method=both|duration=0|theta=0.300000|delta_threshold=0.100000|A=v1.0|w=na|run_id=111|seed=3790416238922143994,False,"{""step_1_amount"": 0.4450709482901198}",5222c37788a096d3910624247b4a1e76a3afcfe0df2ea7ddd6490cebc16a26a9,0.44666666666666677,0.7793082761372068,0.33264160947054,28,0.0,1.0,0.44666666666666677,0.7793082761372068,1,1,0.33264160947054,"{""energy"": 0.6666666666666667, ""water"": 0.2666666666666667, ""transport"": 0.33333333333333337}","{""energy"": 0.8877360157842334, ""water"": 0.4140462327450445, ""transport"": 1.0}","{""energy"": 0.2210693491175667, ""water"": 0.14737956607837777, ""transport"": 0.6666666666666666}","{""energy"": 0.0, ""water"": 0.0, ""transport"": 0.0}","{""energy"": 1.0, ""water"": 1.0, ""transport"": 1.0}","{""energy"": 1.0, ""water"": 1.0, ""transport"": 1.0}",0.3,0.1,,0.7793082761372068,,,"[""energy"", ""water""]",1,v1.0,0.7,0.3
S3_transport_load,112,112,12303983791077347621,scenario=S3_transport_load|method=both|duration=0|theta=0.300000|delta_threshold=0.100000|A=v1.0|w=na|run_id=112|seed=12303983791077347621,False,"{""step_1_amount"": 0.585692815653688}",5222c37788a096d3910624247b4a1e76a3afcfe0df2ea7ddd6490cebc16a26a9,0.44666666666666677,0.7956079840018746,0.34894131733520783,9,0.0,1.0,0.44666666666666677,0.7956079840018746,1,1,0.34894131733520783,"{""energy"": 0.6666666666666667, ""water"": 0.2666666666666667, ""transport"": 0.33333333333333337}","{""energy"": 0.9149021955586799, ""water"": 0.4321570192613422, ""transport"": 1.0}","{""energy"": 0.24823552889201317, ""water"": 0.16549035259467548, ""transport"": 0.6666666666666666}","{""energy"": 0.0, ""water"": 0.0, ""transport"": 0.0}","{""energy"": 1.0, ""water"": 1.0, ""transport"": 1.0}","{""energy"": 1.0, ""water"": 1.0, ""transport"": 1.0}",0.3,0.1,,0.7956079840018746,,,"[""energy"", ""water""]",1,v1.0,0.7,0.3
S3_transport_load,113,113,8523957955968629137,scenario=S3_transport_load|method=both|duration=0|theta=0.300000|delta_threshold=0.100000|A=v1.0|w=na|run_id=113|seed=8523957955968629137,False,"{""step_1_amount"": 0.5286799889572344}",5222c37788a096d3910624247b4a1e76a3afcfe0df2ea7ddd6490cebc16a26a9,0.44666666666666677,0.8133774681770316,0.36671080151036484,25,0.0,1.0,0.44666666666666677,0.8133774681770316,1,1,0.36671080151036484,"{""energy"": 0.6666666666666667, ""water"": 0.2666666666666667, ""transport"": 0.33333333333333337}","{""energy"": 0.9445180025172749, ""water"": 0.45190089056707217, ""transport"": 1.0}","{""energy"": 0.27785133585060817, ""water"": 0.18523422390040545, ""transport"": 0.6666666666666666}","{""energy"": 0.0, ""water"": 0.0, ""transport"": 0.0}","{""energy"": 1.0, ""water"": 1.0, ""transport"": 1.0}","{""energy"": 1.0, ""water"": 1.0, ""transport"": 1.0}",0.3,0.1,,0.8133774681770316,,,"[""energy"", ""water""]",1,v1.0,0.7,0.3
S3_transport_load,114,114,8642593801831660753,scenario=S3_transport_load|method=both|duration=0|theta=0.300000|delta_threshold=0.100000|A=v1.0|w=na|run_id=114|seed=8642593801831660753,False,"{""step_1_amount"": 0.2428626225444908}",5222c37788a096d3910624247b4a1e76a3afcfe0df2ea7ddd6490cebc16a26a9,0.44666666666666677,0.6950234713946131,0.2483568047279463,25,0.0,0.0,0.44666666666666677,0.6950234713946131,0,1,0.2483568047279463,"{""energy"": 0.6666666666666667, ""water"": 0.2666666666666667, ""transport"": 0.33333333333333337}","{""energy"": 0.8218896696216331, ""water"": 0.37014866863664436, ""transport"": 0.8507433431832215}","{""energy"": 0.15522300295496638, ""water"": 0.10348200196997764, ""transport"": 0.5174100098498882}","{""energy"": 0.0, ""water"": 0.0, ""transport"": 0.0}","{""energy"": 0.0, ""water"": 0.0, ""transport"": 0.0}","{""energy"": 0.0, ""water"": 0.0, ""transport"": 0.0}",0.3,0.1,,0.6950234713946131,,,[],,v1.0,0.7,0.3
S3_transport_load,115,115,11716276184025385900,scenario=S3_transport_load|method=both|duration=0|theta=0.300000|delta_threshold=0.100000|A=v1.0|w=na|run_id=115|seed=11716276184025385900,False,"{""step_1_amount"": 0.23945273917124626}",5222c37788a096d3910624247b4a1e76a3afcfe0df2ea7ddd6490cebc16a26a9,0.44666666666666677,0.6926416808832869,0.24597501421662016,16,0.0,0.0,0.44666666666666677,0.6926416808832869,0,1,0.24597501421662016,"{""energy"": 0.6666666666666667, ""water"": 0.2666666666666667, ""transport"": 0.33333333333333337}","{""energy"": 0.8204010505520544, ""water"": 0.3691562559235918, ""transport"": 0.8457812796179589}","{""energy"": 0.15373438388538763, ""water"": 0.10248958925692508, ""transport"": 0.5124479462846255}","{""energy"": 0.0, ""water"": 0.0, ""transport"": 0.0}","{""energy"": 0.0, ""water"": 0.0, ""transport"": 0.0}","{""energy"": 0.0, ""water"": 0.0, ""transport"": 0.0}",0.3,0.1,,0.6926416808832869,,,[],,v1.0,0.7,0.3
S3_transport_load,116,116,11294403814935170810,scenario=S3_transport_load|method=both|duration=0|theta=0.300000|delta_threshold=0.100000|A=v1.0|w=na|run_id=116|seed=11294403814935170810,False,"{""step_1_amount"": 0.5926864665499203}",5222c37788a096d3910624247b4a1e76a3afcfe0df2ea7ddd6490cebc16a26a9,0.44666666666666677,0.7962528362904717,0.34958616962380495,14,0.0,1.0,0.44666666666666677,0.7962528362904717,1,1,0.34958616962380495,"{""energy"": 0.6666666666666667, ""water"": 0.2666666666666667, ""transport"": 0.33333333333333337}","{""energy"": 0.9159769493730084, ""water"": 0.4328735218042279, ""transport"": 1.0}","{""energy"": 0.2493102827063417, ""water"": 0.16620685513756117, ""transport"": 0.6666666666666666}","{""energy"": 0.0, ""water"": 0.0, ""transport"": 0.0}","{""energy"": 1.0, ""water"": 1.0, ""transport"": 1.0}","{""energy"": 1.0, ""water"": 1.0, ""transport"": 1.0}",0.3,0.1,,0.7962528362904717,,,"[""energy"", ""water""]",1,v1.0,0.7,0.3
S3_transport_load,117,117,2674131513757208729,scenario=S3_transport_load|method=both|duration=0|theta=0.300000|delta_threshold=0.100000|A=v1.0|w=na|run_id=117|seed=2674131513757208729,False,"{""step_1_amount"": 0.09857780185360439}",5222c37788a096d3910624247b4a1e76a3afcfe0df2ea7ddd6490cebc16a26a9,0.44666666666666677,0.569553509506643,0.1228868428399762,21,0.0,0.0,0.44666666666666677,0.569553509506643,0,0,0.1228868428399762,"{""energy"": 0.6666666666666667, ""water"": 0.2666666666666667, ""transport"": 0.33333333333333337}","{""energy"": 0.7434709434416519, ""water"": 0.3178695178499901, ""transport"": 0.5893475892499505}","{""energy"": 0.07680427677498514, ""water"": 0.051202851183323406, ""transport"": 0.2560142559166171}","{""energy"": 0.0, ""water"": 0.0, ""transport"": 0.0}","{""energy"": 0.0, ""water"": 0.0, ""transport"": 0.0}","{""energy"": 0.0, ""water"": 0.0, ""transport"": 0.0}",0.3,0.1,,0.569553509506643,,,[],,v1.0,0.7,0.3
S3_transport_load,118,118,2047121141560909935,scenario=S3_transport_load|method=both|duration=0|theta=0.300000|delta_threshold=0.100000|A=v1.0|w=na|run_id=118|seed=2047121141560909935,False,"{""step_1_amount"": 0.5894388462494693}",5222c37788a096d3910624247b4a1e76a3afcfe0df2ea7ddd6490cebc16a26a9,0.44666666666666677,0.7959550703811793,0.34928840371451253,10,0.0,1.0,0.44666666666666677,0.7959550703811793,1,1,0.34928840371451253,"{""energy"": 0.6666666666666667, ""water"": 0.2666666666666667, ""transport"": 0.33333333333333337}","{""energy"": 0.9154806728575209, ""water"": 0.4325426707939028, ""transport"": 1.0}","{""energy"": 0.24881400619085414, ""water"": 0.16587600412723608, ""transport"": 0.6666666666666666}","{""energy"": 0.0, ""water"": 0.0, ""transport"": 0.0}","{""energy"": 1.0, ""water"": 1.0, ""transport"": 1.0}","{""energy"": 1.0, ""water"": 1.0, ""transport"": 1.0}",0.3,0.1,,0.7959550703811793,,,"[""energy"", ""water""]",1,v1.0,0.7,0.3
S3_transport_load,119,119,16637275886154040993,scenario=S3_transport_load|method=both|duration=0|theta=0.300000|delta_threshold=0.100000|A=v1.0|w=na|run_id=119|seed=16637275886154040993,False,"{""step_1_amount"": 0.7510495707377239}",5222c37788a096d3910624247b4a1e76a3afcfe0df2ea7ddd6490cebc16a26a9,0.44666666666666677,0.807754449218383,0.36108778255171625,5,0.0,1.0,0.44666666666666677,0.807754449218383,1,1,0.36108778255171625,"{""energy"": 0.6666666666666667, ""water"": 0.2666666666666667, ""transport"": 0.33333333333333337}","{""energy"": 0.9351463042528604, ""water"": 0.44565309172412915, ""transport"": 1.0}","{""energy"": 0.26847963758619364, ""water"": 0.17898642505746243, ""transport"": 0.6666666666666666}","{""energy"": 0.0, ""water"": 0.0, ""transport"": 0.0}","{""energy"": 1.0, ""water"": 1.0, ""transport"": 1.0}","{""energy"": 1.0, ""water"": 1.0, ""transport"": 1.0}",0.3,0.1,,0.807754449218383,,,"[""energy"", ""water""]",1,v1.0,0.7,0.3
S3_transport_load,120,120,18305088452317617450,scenario=S3_transport_load|method=both|duration=0|theta=0.300000|delta_threshold=0.100000|A=v1.0|w=na|run_id=120|seed=18305088452317617450,False,"{""step_1_amount"": 0.27574570059688086}",5222c37788a096d3910624247b4a1e76a3afcfe0df2ea7ddd6490cebc16a26a9,0.44666666666666677,0.716783924895549,0.2701172582288822,8,0.0,0.0,0.44666666666666677,0.716783924895549,0,1,0.2701172582288822,"{""energy"": 0.6666666666666667, ""water"": 0.2666666666666667, ""transport"": 0.33333333333333337}","{""energy"": 0.8354899530597182, ""water"": 0.37921552426203436, ""transport"": 0.8960776213101717}","{""energy"": 0.16882328639305144, ""water"": 0.11254885759536765, ""transport"": 0.5627442879768383}","{""energy"": 0.0, ""water"": 0.0, ""transport"": 0.0}","{""energy"": 0.0, ""water"": 0.0, ""transport"": 0.0}","{""energy"": 0.0, ""water"": 0.0, ""transport"": 0.0}",0.3,0.1,,0.716783924895549,,,[],,v1.0,0.7,0.3
S3_transport_load,121,121,6404025511960004871,scenario=S3_transport_load|method=both|duration=0|theta=0.300000|delta_threshold=0.100000|A=v1.0|w=na|run_id=121|seed=6404025511960004871,False,"{""step_1_amount"": 0.33421780332050477}",5222c37788a096d3910624247b4a1e76a3afcfe0df2ea7ddd6490cebc16a26a9,0.44666666666666677,0.750552458590735,0.3038857919240683,26,0.0,0.0,0.44666666666666677,0.750552458590735,0,1,0.3038857919240683,"{""energy"": 0.6666666666666667, ""water"": 0.2666666666666667, ""transport"": 0.33333333333333337}","{""energy"": 0.8565952866192095, ""water"": 0.3932857466350286, ""transport"": 0.9664287331751426}","{""energy"": 0.18992861995254273, ""water"": 0.12661907996836186, ""transport"": 0.6330953998418092}","{""energy"": 0.0, ""water"": 0.0, ""transport"": 0.0}","{""energy"": 0.0, ""water"": 0.0, ""transport"": 0.0}","{""energy"": 0.0, ""water"": 0.0, ""transport"": 0.0}",0.3,0.1,,0.750552458590735,,,[],,v1.0,0.7,0.3
S3_transport_load,122,122,2551773737616831589,scenario=S3_transport_load|method=both|duration=0|theta=0.300000|delta_threshold=0.100000|A=v1.0|w=na|run_id=122|seed=2551773737616831589,False,"{""step_1_amount"": 0.4271483305675285}",5222c37788a096d3910624247b4a1e76a3afcfe0df2ea7ddd6490cebc16a26a9,0.44666666666666677,0.8253105247803618,0.37864385811369505,28,0.0,1.0,0.44666666666666677,0.8253105247803618,1,1,0.37864385811369505,"{""energy"": 0.6666666666666667, ""water"": 0.2666666666666667, ""transport"": 0.33333333333333337}","{""energy"": 0.9488768753886485, ""water"": 0.4858659154163415, ""transport"": 1.0}","{""energy"": 0.28221020872198177, ""water"": 0.21919924874967478, ""transport"": 0.6666666666666666}","{""energy"": 0.0, ""water"": 0.0, ""transport"": 0.0}","{""energy"": 1.0, ""water"": 1.0, ""transport"": 1.0}","{""energy"": 1.0, ""water"": 1.0, ""transport"": 1.0}",0.3,0.1,,0.8253105247803618,,,"[""energy"", ""water""]",1,v1.0,0.7,0.3
S3_transport_load,123,123,1805018540560618682,scenario=S3_transport_load|method=both|duration=0|theta=0.300000|delta_threshold=0.100000|A=v1.0|w=na|run_id=123|seed=1805018540560618682,False,"{""step_1_amount"": 0.2051823950307777}",5222c37788a096d3910624247b4a1e76a3afcfe0df2ea7ddd6490cebc16a26a9,0.44666666666666677,0.6673009967548763,0.22063433008820954,20,0.0,0.0,0.44666666666666677,0.6673009967548763,0,1,0.22063433008820954,"{""energy"": 0.6666666666666667, ""water"": 0.2666666666666667, ""transport"": 0.33333333333333337}","{""energy"": 0.8045631229717978, ""water"": 0.35859763753675405, ""transport"": 0.79298818768377}","{""energy"": 0.13789645630513103, ""water"": 0.09193097087008734, ""transport"": 0.4596548543504366}","{""energy"": 0.0, ""water"": 0.0, ""transport"": 0.0}","{""energy"": 0.0, ""water"": 0.0, ""transport"": 0.0}","{""energy"": 0.0, ""water"": 0.0, ""transport"": 0.0}",0.3,0.1,,0.6673009967548763,,,[],,v1.0,0.7,0.3
S3_transport_load,124,124,3395974916029450070,scenario=S3_transport_load|method=both|duration=0|theta=0.300000|delta_threshold=0.100000|A=v1.0|w=na|run_id=124|seed=3395974916029450070,False,"{""step_1_amount"": 0.36158256178332193}",5222c37788a096d3910624247b4a1e76a3afcfe0df2ea7ddd6490cebc16a26a9,0.44666666666666677,0.7644328806102254,0.31776621394355864,26,0.0,0.0,0.44666666666666677,0.7644328806102254,0,1,0.31776621394355864,"{""energy"": 0.6666666666666667, ""water"": 0.2666666666666667, ""transport"": 0.33333333333333337}","{""energy"": 0.8652705503813909, ""water"": 0.3990692558098161, ""transport"": 0.9953462790490805}","{""energy"": 0.19860388371472415, ""water"": 0.1324025891431494, ""transport"": 0.6620129457157471}","{""energy"": 0.0, ""water"": 0.0, ""transport"": 0.0}","{""energy"": 0.0, ""water"": 0.0, ""transport"": 0.0}","{""energy"": 0.0, ""water"": 0.0, ""transport"": 0.0}",0.3,0.1,,0.7644328806102254,,,[],,v1.0,0.7,0.3
S3_transport_load,125,125,17932696053223554205,scenario=S3_transport_load|method=both|duration=0|theta=0.300000|delta_threshold=0.100000|A=v1.0|w=na|run_id=125|seed=17932696053223554205,False,"{""step_1_amount"": 0.0}",5222c37788a096d3910624247b4a1e76a3afcfe0df2ea7ddd6490cebc16a26a9,0.44666666666666677,0.44666666666666677,0.0,30,0.0,0.0,0.44666666666666677,0.44666666666666677,0,0,0.0,"{""energy"": 0.6666666666666667, ""water"": 0.2666666666666667, ""transport"": 0.33333333333333337}","{""energy"": 0.6666666666666667, ""water"": 0.2666666666666667, ""transport"": 0.33333333333333337}","{""energy"": 0.0, ""water"": 0.0, ""transport"": 0.0}","{""energy"": 0.0, ""water"": 0.0, ""transport"": 0.0}","{""energy"": 0.0, ""water"": 0.0, ""transport"": 0.0}","{""energy"": 0.0, ""water"": 0.0, ""transport"": 0.0}",0.3,0.1,,0.44666666666666677,,,[],,v1.0,0.7,0.3
S3_transport_load,126,126,2861672153992993273,scenario=S3_transport_load|method=both|duration=0|theta=0.300000|delta_threshold=0.100000|A=v1.0|w=na|run_id=126|seed=2861672153992993273,False,"{""step_1_amount"": 0.14959966820432166}",5222c37788a096d3910624247b4a1e76a3afcfe0df2ea7ddd6490cebc16a26a9,0.44666666666666677,0.6202373545815831,0.17357068791491637,26,0.0,0.0,0.44666666666666677,0.6202373545815831,0,1,0.17357068791491637,"{""energy"": 0.6666666666666667, ""water"": 0.2666666666666667, ""transport"": 0.33333333333333337}","{""energy"": 0.7751483466134895, ""water"": 0.3389877866312152, ""transport"": 0.6949389331560759}","{""energy"": 0.10848167994682278, ""water"": 0.07232111996454849, ""transport"": 0.36160559982274254}","{""energy"": 0.0, ""water"": 0.0, ""transport"": 0.0}","{""energy"": 0.0, ""water"": 0.0, ""transport"": 0.0}","{""energy"": 0.0, ""water"": 0.0, ""transport"": 0.0}",0.3,0.1,,0.6202373545815831,,,[],,v1.0,0.7,0.3
S3_transport_load,127,127,6720274283503635060,scenario=S3_transport_load|method=both|duration=0|theta=0.300000|delta_threshold=0.100000|A=v1.0|w=na|run_id=127|seed=6720274283503635060,False,"{""step_1_amount"": 0.19398911025173077}",5222c37788a096d3910624247b4a1e76a3afcfe0df2ea7ddd6490cebc16a26a9,0.44666666666666677,0.6584436534763927,0.2117769868097259,24,0.0,0.0,0.44666666666666677,0.6584436534763927,0,1,0.2117769868097259,"{""energy"": 0.6666666666666667, ""water"": 0.2666666666666667, ""transport"": 0.33333333333333337}","{""energy"": 0.7990272834227454, ""water"": 0.35490707783738584, ""transport"": 0.774535389186929}","{""energy"": 0.1323606167560787, ""water"": 0.08824041117071912, ""transport"": 0.4412020558535956}","{""energy"": 0.0, ""water"": 0.0, ""transport"": 0.0}","{""energy"": 0.0, ""water"": 0.0, ""transport"": 0.0}","{""energy"": 0.0, ""water"": 0.0, ""transport"": 0.0}",0.3,0.1,,0.6584436534763927,,,[],,v1.0,0.7,0.3
S3_transport_load,128,128,6314286292780352905,scenario=S3_transport_load|method=both|duration=0|theta=0.300000|delta_threshold=0.100000|A=v1.0|w=na|run_id=128|seed=6314286292780352905,False,"{""step_1_amount"": 0.4227126092387533}",5222c37788a096d3910624247b4a1e76a3afcfe0df2ea7ddd6490cebc16a26a9,0.44666666666666677,0.776022754800819,0.3293560881341522,20,0.0,1.0,0.44666666666666677,0.776022754800819,1,1,0.3293560881341522,"{""energy"": 0.6666666666666667, ""water"": 0.2666666666666667, ""transport"": 0.33333333333333337}","{""energy"": 0.8822601468902538, ""water"": 0.4103956534823914, ""transport"": 1.0}","{""energy"": 0.21559348022358704, ""water"": 0.14372898681572466, ""transport"": 0.6666666666666666}","{""energy"": 0.0, ""water"": 0.0, ""transport"": 0.0}","{""energy"": 1.0, ""water"": 1.0, ""transport"": 1.0}","{""energy"": 1.0, ""water"": 1.0, ""transport"": 1.0}",0.3,0.1,,0.776022754800819,,,"[""energy"", ""water""]",1,v1.0,0.7,0.3
S3_transport_load,129,129,6539735751376943753,scenario=S3_transport_load|method=both|duration=0|theta=0.300000|delta_threshold=0.100000|A=v1.0|w=na|run_id=129|seed=6539735751376943753,False,"{""step_1_amount"": 0.22692272478154596}",5222c37788a096d3910624247b4a1e76a3afcfe0df2ea7ddd6490cebc16a26a9,0.44666666666666677,0.6836772402580107,0.23701057359134392,15,0.0,0.0,0.44666666666666677,0.6836772402580107,0,1,0.23701057359134392,"{""energy"": 0.6666666666666667, ""water"": 0.2666666666666667, ""transport"": 0.33333333333333337}","{""energy"": 0.8147982751612567, ""water"": 0.3654210723297267, ""transport"": 0.8271053616486334}","{""energy"": 0.14813160849458995, ""water"": 0.09875440566305999, ""transport"": 0.4937720283153}","{""energy"": 0.0, ""water"": 0.0, ""transport"": 0.0}","{""energy"": 0.0, ""water"": 0.0, ""transport"": 0.0}","{""energy"": 0.0, ""water"": 0.0, ""transport"": 0.0}",0.3,0.1,,0.6836772402580107,,,[],,v1.0,0.7,0.3
S3_transport_load,130,130,12895200765190815305,scenario=S3_transport_load|method=both|duration=0|theta=0.300000|delta_threshold=0.100000|A=v1.0|w=na|run_id=130|seed=12895200765190815305,False,"{""step_1_amount"": 0.42422074458021813}",5222c37788a096d3910624247b4a1e76a3afcfe0df2ea7ddd6490cebc16a26a9,0.44666666666666677,0.7762513708548135,0.3295847041881468,8,0.0,1.0,0.44666666666666677,0.7762513708548135,1,1,0.3295847041881468,"{""energy"": 0.6666666666666667, ""water"": 0.2666666666666667, ""transport"": 0.33333333333333337}","{""energy"": 0.8826411736469115, ""water"": 0.4106496713201632, ""transport"": 1.0}","{""energy"": 0.21597450698024478, ""water"": 0.1439830046534965, ""transport"": 0.6666666666666666}","{""energy"": 0.0, ""water"": 0.0, ""transport"": 0.0}","{""energy"": 1.0, ""water"": 1.0, ""transport"": 1.0}","{""energy"": 1.0, ""water"": 1.0, ""transport"": 1.0}",0.3,0.1,,0.7762513708548135,,,"[""energy"", ""water""]",1,v1.0,0.7,0.3
S3_transport_load,131,131,17073957369481217874,scenario=S3_transport_load|method=both|duration=0|theta=0.300000|delta_threshold=0.100000|A=v1.0|w=na|run_id=131|seed=17073957369481217874,False,"{""step_1_amount"": 0.49308190535198726}",5222c37788a096d3910624247b4a1e76a3afcfe0df2ea7ddd6490cebc16a26a9,0.44666666666666677,0.7856609644666084,0.3389942977999416,22,0.0,1.0,0.44666666666666677,0.7856609644666084,1,1,0.3389942977999416,"{""energy"": 0.6666666666666667, ""water"": 0.2666666666666667, ""transport"": 0.33333333333333337}","{""energy"": 0.8983238296665697, ""water"": 0.4211047753332686, ""transport"": 1.0}","{""energy"": 0.2316571629999029, ""water"": 0.1544381086666019, ""transport"": 0.6666666666666666}","{""energy"": 0.0, ""water"": 0.0, ""transport"": 0.0}","{""energy"": 1.0, ""water"": 1.0, ""transport"": 1.0}","{""energy"": 1.0, ""water"": 1.0, ""transport"": 1.0}",0.3,0.1,,0.7856609644666084,,,"[""energy"", ""water""]",1,v1.0,0.7,0.3
S3_transport_load,132,132,12906422044339227615,scenario=S3_transport_load|method=both|duration=0|theta=0.300000|delta_threshold=0.100000|A=v1.0|w=na|run_id=132|seed=12906422044339227615,False,"{""step_1_amount"": 0.35004738979494093}",5222c37788a096d3910624247b4a1e76a3afcfe0df2ea7ddd6490cebc16a26a9,0.44666666666666677,0.7587204255746599,0.31205375890799314,20,0.0,0.0,0.44666666666666677,0.7587204255746599,0,1,0.31205375890799314,"{""energy"": 0.6666666666666667, ""water"": 0.2666666666666667, ""transport"": 0.33333333333333337}","{""energy"": 0.8617002659841625, ""water"": 0.3966890662116639, ""transport"": 0.9834453310583192}","{""energy"": 0.19503359931749575, ""water"": 0.13002239954499717, ""transport"": 0.6501119977249858}","{""energy"": 0.0, ""water"": 0.0, ""transport"": 0.0}","{""energy"": 0.0, ""water"": 0.0, ""transport"": 0.0}","{""energy"": 0.0, ""water"": 0.0, ""transport"": 0.0}",0.3,0.1,,0.7587204255746599,,,[],,v1.0,0.7,0.3
S3_transport_load,133,133,5253111785346548841,scenario=S3_transport_load|method=both|duration=0|theta=0.300000|delta_threshold=0.100000|A=v1.0|w=na|run_id=133|seed=5253111785346548841,False,"{""step_1_amount"": 0.4351509481382526}",5222c37788a096d3910624247b4a1e76a3afcfe0df2ea7ddd6490cebc16a26a9,0.44666666666666677,0.8412519914594709,0.39458532479280417,17,0.0,1.0,0.44666666666666677,0.8412519914594709,1,1,0.39458532479280417,"{""energy"": 0.6666666666666667, ""water"": 0.2666666666666667, ""transport"": 0.33333333333333337}","{""energy"": 0.9554305520416723, ""water"": 0.5302659021426733, ""transport"": 1.0}","{""energy"": 0.2887638853750055, ""water"": 0.2635992354760066, ""transport"": 0.6666666666666666}","{""energy"": 0.0, ""water"": 0.0, ""transport"": 0.0}","{""energy"": 1.0, ""water"": 1.0, ""transport"": 1.0}","{""energy"": 1.0, ""water"": 1.0, ""transport"": 1.0}",0.3,0.1,,0.8412519914594709,,,"[""energy"", ""water""]",1,v1.0,0.7,0.3
S3_transport_load,134,134,9290091259094819139,scenario=S3_transport_load|method=both|duration=0|theta=0.300000|delta_threshold=0.100000|A=v1.0|w=na|run_id=134|seed=9290091259094819139,False,"{""step_1_amount"": 0.15576690642214866}",5222c37788a096d3910624247b4a1e76a3afcfe0df2ea7ddd6490cebc16a26a9,0.44666666666666677,0.6258546968027849,0.17918803013611817,16,0.0,0.0,0.44666666666666677,0.6258546968027849,0,1,0.17918803013611817,"{""energy"": 0.6666666666666667, ""water"": 0.2666666666666667, ""transport"": 0.33333333333333337}","{""energy"": 0.7786591855017406, ""water"": 0.3413283458900493, ""transport"": 0.7066417294502463}","{""energy"": 0.11199251883507388, ""water"": 0.07466167922338257, ""transport"": 0.3733083961169129}","{""energy"": 0.0, ""water"": 0.0, ""transport"": 0.0}","{""energy"": 0.0, ""water"": 0.0, ""transport"": 0.0}","{""energy"": 0.0, ""water"": 0.0, ""transport"": 0.0}",0.3,0.1,,0.6258546968027849,,,[],,v1.0,0.7,0.3
S3_transport_load,135,135,5617122797535474220,scenario=S3_transport_load|method=both|duration=0|theta=0.300000|delta_threshold=0.100000|A=v1.0|w=na|run_id=135|seed=5617122797535474220,False,"{""step_1_amount"": 0.839929416770596}",5222c37788a096d3910624247b4a1e76a3afcfe0df2ea7ddd6490cebc16a26a9,0.44666666666666677,0.8177049943559112,0.3710383276892444,29,0.0,1.0,0.44666666666666677,0.8177049943559112,1,1,0.3710383276892444,"{""energy"": 0.6666666666666667, ""water"": 0.2666666666666667, ""transport"": 0.33333333333333337}","{""energy"": 0.9517305461487406, ""water"": 0.4567092529880493, ""transport"": 1.0}","{""energy"": 0.2850638794820739, ""water"": 0.1900425863213826, ""transport"": 0.6666666666666666}","{""energy"": 0.0, ""water"": 0.0, ""transport"": 0.0}","{""energy"": 1.0, ""water"": 1.0, ""transport"": 1.0}","{""energy"": 1.0, ""water"": 1.0, ""transport"": 1.0}",0.3,0.1,,0.8177049943559112,,,"[""energy"", ""water""]",1,v1.0,0.7,0.3
S3_transport_load,136,136,9529114409638807484,scenario=S3_transport_load|method=both|duration=0|theta=0.300000|delta_threshold=0.100000|A=v1.0|w=na|run_id=136|seed=9529114409638807484,False,"{""step_1_amount"": 0.6293447676008502}",5222c37788a096d3910624247b4a1e76a3afcfe0df2ea7ddd6490cebc16a26a9,0.44666666666666677,0.7994202354391058,0.352753568772439,28,0.0,1.0,0.44666666666666677,0.7994202354391058,1,1,0.352753568772439,"{""energy"": 0.6666666666666667, ""water"": 0.2666666666666667, ""transport"": 0.33333333333333337}","{""energy"": 0.9212559479540652, ""water"": 0.436392854191599, ""transport"": 1.0}","{""energy"": 0.25458928128739844, ""water"": 0.1697261875249323, ""transport"": 0.6666666666666666}","{""energy"": 0.0, ""water"": 0.0, ""transport"": 0.0}","{""energy"": 1.0, ""water"": 1.0, ""transport"": 1.0}","{""energy"": 1.0, ""water"": 1.0, ""transport"": 1.0}",0.3,0.1,,0.7994202354391058,,,"[""energy"", ""water""]",1,v1.0,0.7,0.3
S3_transport_load,137,137,4242517866120363355,scenario=S3_transport_load|method=both|duration=0|theta=0.300000|delta_threshold=0.100000|A=v1.0|w=na|run_id=137|seed=4242517866120363355,False,"{""step_1_amount"": 0.31206114880402785}",5222c37788a096d3910624247b4a1e76a3afcfe0df2ea7ddd6490cebc16a26a9,0.44666666666666677,0.833790623966342,0.3871239572996752,21,0.0,1.0,0.44666666666666677,0.833790623966342,1,1,0.3871239572996752,"{""energy"": 0.6666666666666667, ""water"": 0.2666666666666667, ""transport"": 0.33333333333333337}","{""energy"": 0.9410677776733243, ""water"": 0.5245450429900405, ""transport"": 1.0}","{""energy"": 0.27440111100665754, ""water"": 0.25787837632337374, ""transport"": 0.6666666666666666}","{""energy"": 0.0, ""water"": 0.0, ""transport"": 0.0}","{""energy"": 1.0, ""water"": 1.0, ""transport"": 1.0}","{""energy"": 1.0, ""water"": 1.0, ""transport"": 1.0}",0.3,0.1,,0.833790623966342,,,"[""energy"", ""water""]",2,v1.0,0.7,0.3
S3_transport_load,138,138,10868454832624658229,scenario=S3_transport_load|method=both|duration=0|theta=0.300000|delta_threshold=0.100000|A=v1.0|w=na|run_id=138|seed=10868454832624658229,False,"{""step_1_amount"": 0.42842479023460295}",5222c37788a096d3910624247b4a1e76a3afcfe0df2ea7ddd6490cebc16a26a9,0.44666666666666677,0.8069923303845774,0.36032566371791064,13,0.0,1.0,0.44666666666666677,0.8069923303845774,1,1,0.36032566371791064,"{""energy"": 0.6666666666666667, ""water"": 0.2666666666666667, ""transport"": 0.33333333333333337}","{""energy"": 0.9338761061965178, ""water"": 0.4448062930199008, ""transport"": 1.0}","{""energy"": 0.2672094395298511, ""water"": 0.1781396263532341, ""transport"": 0.6666666666666666}","{""energy"": 0.0, ""water"": 0.0, ""transport"": 0.0}","{""energy"": 1.0, ""water"": 1.0, ""transport"": 1.0}","{""energy"": 1.0, ""water"": 1.0, ""transport"": 1.0}",0.3,0.1,,0.8069923303845774,,,"[""energy"", ""water""]",1,v1.0,0.7,0.3
S3_transport_load,139,139,11880541712627950546,scenario=S3_transport_load|method=both|duration=0|theta=0.300000|delta_threshold=0.100000|A=v1.0|w=na|run_id=139|seed=11880541712627950546,False,"{""step_1_amount"": 0.5236137549602141}",5222c37788a096d3910624247b4a1e76a3afcfe0df2ea7ddd6490cebc16a26a9,0.44666666666666677,0.7892500243836635,0.3425833577169968,28,0.0,1.0,0.44666666666666677,0.7892500243836635,1,1,0.3425833577169968,"{""energy"": 0.6666666666666667, ""water"": 0.2666666666666667, ""transport"": 0.33333333333333337}","{""energy"": 0.9043055961949946, ""water"": 0.425092619685552, ""transport"": 1.0}","{""energy"": 0.23763892952832788, ""water"": 0.1584259530188853, ""transport"": 0.6666666666666666}","{""energy"": 0.0, ""water"": 0.0, ""transport"": 0.0}","{""energy"": 1.0, ""water"": 1.0, ""transport"": 1.0}","{""energy"": 1.0, ""water"": 1.0, ""transport"": 1.0}",0.3,0.1,,0.7892500243836635,,,"[""energy"", ""water""]",1,v1.0,0.7,0.3
S3_transport_load,140,140,6974476557065461499,scenario=S3_transport_load|method=both|duration=0|theta=0.300000|delta_threshold=0.100000|A=v1.0|w=na|run_id=140|seed=6974476557065461499,False,"{""step_1_amount"": 0.11247326788490367}",5222c37788a096d3910624247b4a1e76a3afcfe0df2ea7ddd6490cebc16a26a9,0.44666666666666677,0.5841342500415341,0.1374675833748673,19,0.0,0.0,0.44666666666666677,0.5841342500415341,0,0,0.1374675833748673,"{""energy"": 0.6666666666666667, ""water"": 0.2666666666666667, ""transport"": 0.33333333333333337}","{""energy"": 0.7525839062759588, ""water"": 0.3239448264061948, ""transport"": 0.6197241320309738}","{""energy"": 0.0859172396092921, ""water"": 0.0572781597395281, ""transport"": 0.2863907986976404}","{""energy"": 0.0, ""water"": 0.0, ""transport"": 0.0}","{""energy"": 0.0, ""water"": 0.0, ""transport"": 0.0}","{""energy"": 0.0, ""water"": 0.0, ""transport"": 0.0}",0.3,0.1,,0.5841342500415341,,,[],,v1.0,0.7,0.3
S3_transport_load,141,141,7543303625991116674,scenario=S3_transport_load|method=both|duration=0|theta=0.300000|delta_threshold=0.100000|A=v1.0|w=na|run_id=141|seed=7543303625991116674,False,"{""step_1_amount"": 0.1912749359277131}",5222c37788a096d3910624247b4a1e76a3afcfe0df2ea7ddd6490cebc16a26a9,0.44666666666666677,0.6562507255633114,0.20958405889664466,26,0.0,0.0,0.44666666666666677,0.6562507255633114,0,1,0.20958405889664466,"{""energy"": 0.6666666666666667, ""water"": 0.2666666666666667, ""transport"": 0.33333333333333337}","{""energy"": 0.7976567034770696, ""water"": 0.35399335787360203, ""transport"": 0.7699667893680099}","{""energy"": 0.1309900368104029, ""water"": 0.08732669120693531, ""transport"": 0.4366334560346765}","{""energy"": 0.0, ""water"": 0.0, ""transport"": 0.0}","{""energy"": 0.0, ""water"": 0.0, ""transport"": 0.0}","{""energy"": 0.0, ""water"": 0.0, ""transport"": 0.0}",0.3,0.1,,0.6562507255633114,,,[],,v1.0,0.7,0.3
S3_transport_load,142,142,13782636755777256443,scenario=S3_transport_load|method=both|duration=0|theta=0.300000|delta_threshold=0.100000|A=v1.0|w=na|run_id=142|seed=13782636755777256443,False,"{""step_1_amount"": 0.23975025502887626}",5222c37788a096d3910624247b4a1e76a3afcfe0df2ea7ddd6490cebc16a26a9,0.44666666666666677,0.6928504661270665,0.2461837994603997,28,0.0,0.0,0.44666666666666677,0.6928504661270665,0,1,0.2461837994603997,"{""energy"": 0.6666666666666667, ""water"": 0.2666666666666667, ""transport"": 0.33333333333333337}","{""energy"": 0.8205315413294165, ""water"": 0.3692432497751666, ""transport"": 0.8462162488758327}","{""energy"": 0.15386487466274978, ""water"": 0.10257658310849987, ""transport"": 0.5128829155424993}","{""energy"": 0.0, ""water"": 0.0, ""transport"": 0.0}","{""energy"": 0.0, ""water"": 0.0, ""transport"": 0.0}","{""energy"": 0.0, ""water"": 0.0, ""transport"": 0.0}",0.3,0.1,,0.6928504661270665,,,[],,v1.0,0.7,0.3
S3_transport_load,143,143,8522547787619946052,scenario=S3_transport_load|method=both|duration=0|theta=0.300000|delta_threshold=0.100000|A=v1.0|w=na|run_id=143|seed=8522547787619946052,False,"{""step_1_amount"": 0.5242069066569073}",5222c37788a096d3910624247b4a1e76a3afcfe0df2ea7ddd6490cebc16a26a9,0.44666666666666677,0.7893165464141803,0.3426498797475135,11,0.0,1.0,0.44666666666666677,0.7893165464141803,1,1,0.3426498797475135,"{""energy"": 0.6666666666666667, ""water"": 0.2666666666666667, ""transport"": 0.33333333333333337}","{""energy"": 0.9044164662458559, ""water"": 0.42516653305279284, ""transport"": 1.0}","{""energy"": 0.23774979957918918, ""water"": 0.15849986638612612, ""transport"": 0.6666666666666666}","{""energy"": 0.0, ""water"": 0.0, ""transport"": 0.0}","{""energy"": 1.0, ""water"": 1.0, ""transport"": 1.0}","{""energy"": 1.0, ""water"": 1.0, ""transport"": 1.0}",0.3,0.1,,0.7893165464141803,,,"[""energy"", ""water""]",1,v1.0,0.7,0.3
S3_transport_load,144,144,14892624692242988369,scenario=S3_transport_load|method=both|duration=0|theta=0.300000|delta_threshold=0.100000|A=v1.0|w=na|run_id=144|seed=14892624692242988369,False,"{""step_1_amount"": 0.6774630385723078}",5222c37788a096d3910624247b4a1e76a3afcfe0df2ea7ddd6490cebc16a26a9,0.44666666666666677,0.8156490178101392,0.36898235114347244,30,0.0,1.0,0.44666666666666677,0.8156490178101392,1,1,0.36898235114347244,"{""energy"": 0.6666666666666667, ""water"": 0.2666666666666667, ""transport"": 0.33333333333333337}","{""energy"": 0.9339738900134089, ""water"": 0.4735315393492519, ""transport"": 1.0}","{""energy"": 0.2673072233467422, ""water"": 0.2068648726825852, ""transport"": 0.6666666666666666}","{""energy"": 0.0, ""water"": 0.0, ""transport"": 0.0}","{""energy"": 1.0, ""water"": 1.0, ""transport"": 1.0}","{""energy"": 1.0, ""water"": 1.0, ""transport"": 1.0}",0.3,0.1,,0.8156490178101392,,,"[""energy"", ""water""]",1,v1.0,0.7,0.3
S3_transport_load,145,145,11960542098866524501,scenario=S3_transport_load|method=both|duration=0|theta=0.300000|delta_threshold=0.100000|A=v1.0|w=na|run_id=145|seed=11960542098866524501,False,"{""step_1_amount"": 0.13769885796331108}",5222c37788a096d3910624247b4a1e76a3afcfe0df2ea7ddd6490cebc16a26a9,0.44666666666666677,0.6090994410703803,0.1624327744037135,22,0.0,0.0,0.44666666666666677,0.6090994410703803,0,1,0.1624327744037135,"{""energy"": 0.6666666666666667, ""water"": 0.2666666666666667, ""transport"": 0.33333333333333337}","{""energy"": 0.7681871506689877, ""water"": 0.3343469893348807, ""transport"": 0.6717349466744034}","{""energy"": 0.10152048400232094, ""water"": 0.067680322668214, ""transport"": 0.33840161334107}","{""energy"": 0.0, ""water"": 0.0, ""transport"": 0.0}","{""energy"": 0.0, ""water"": 0.0, ""transport"": 0.0}","{""energy"": 0.0, ""water"": 0.0, ""transport"": 0.0}",0.3,0.1,,0.6090994410703803,,,[],,v1.0,0.7,0.3
S3_transport_load,146,146,10267361631927983869,scenario=S3_transport_load|method=both|duration=0|theta=0.300000|delta_threshold=0.100000|A=v1.0|w=na|run_id=146|seed=10267361631927983869,False,"{""step_1_amount"": 0.6689422726442138}",5222c37788a096d3910624247b4a1e76a3afcfe0df2ea7ddd6490cebc16a26a9,0.44666666666666677,0.8024720529839091,0.35580538631724234,9,0.0,1.0,0.44666666666666677,0.8024720529839091,1,1,0.35580538631724234,"{""energy"": 0.6666666666666667, ""water"": 0.2666666666666667, ""transport"": 0.33333333333333337}","{""energy"": 0.9263423105287374, ""water"": 0.43978376257471385, ""transport"": 1.0}","{""energy"": 0.25967564386207065, ""water"": 0.17311709590804714, ""transport"": 0.6666666666666666}","{""energy"": 0.0, ""water"": 0.0, ""transport"": 0.0}","{""energy"": 1.0, ""water"": 1.0, ""transport"": 1.0}","{""energy"": 1.0, ""water"": 1.0, ""transport"": 1.0}",0.3,0.1,,0.8024720529839091,,,"[""energy"", ""water""]",1,v1.0,0.7,0.3
S3_transport_load,147,147,6658878380545348868,scenario=S3_transport_load|method=both|duration=0|theta=0.300000|delta_threshold=0.100000|A=v1.0|w=na|run_id=147|seed=6658878380545348868,False,"{""step_1_amount"": 0.529555030941978}",5222c37788a096d3910624247b4a1e76a3afcfe0df2ea7ddd6490cebc16a26a9,0.44666666666666677,0.7981265868463392,0.3514599201796724,28,0.0,1.0,0.44666666666666677,0.7981265868463392,1,1,0.3514599201796724,"{""energy"": 0.6666666666666667, ""water"": 0.2666666666666667, ""transport"": 0.33333333333333337}","{""energy"": 0.9190998669661209, ""water"": 0.4349554668663028, ""transport"": 1.0}","{""energy"": 0.25243320029945415, ""water"": 0.1682888001996361, ""transport"": 0.6666666666666666}","{""energy"": 0.0, ""water"": 0.0, ""transport"": 0.0}","{""energy"": 1.0, ""water"": 1.0, ""transport"": 1.0}","{""energy"": 1.0, ""water"": 1.0, ""transport"": 1.0}",0.3,0.1,,0.7981265868463392,,,"[""energy"", ""water""]",1,v1.0,0.7,0.3
S3_transport_load,148,148,7427784917278950805,scenario=S3_transport_load|method=both|duration=0|theta=0.300000|delta_threshold=0.100000|A=v1.0|w=na|run_id=148|seed=7427784917278950805,False,"{""step_1_amount"": 0.45785269512551807}",5222c37788a096d3910624247b4a1e76a3afcfe0df2ea7ddd6490cebc16a26a9,0.44666666666666677,0.7810898689170918,0.334423202250425,22,0.0,1.0,0.44666666666666677,0.7810898689170918,1,1,0.334423202250425,"{""energy"": 0.6666666666666667, ""water"": 0.2666666666666667, ""transport"": 0.33333333333333337}","{""energy"": 0.8907053370840419, ""water"": 0.4160257802782501, ""transport"": 1.0}","{""energy"": 0.22403867041737513, ""water"": 0.14935911361158338, ""transport"": 0.6666666666666666}","{""energy"": 0.0, ""water"": 0.0, ""transport"": 0.0}","{""energy"": 1.0, ""water"": 1.0, ""transport"": 1.0}","{""energy"": 1.0, ""water"": 1.0, ""transport"": 1.0}",0.3,0.1,,0.7810898689170918,,,"[""energy"", ""water""]",1,v1.0,0.7,0.3
S3_transport_load,149,149,7633290307820487839,scenario=S3_transport_load|method=both|duration=0|theta=0.300000|delta_threshold=0.100000|A=v1.0|w=na|run_id=149|seed=7633290307820487839,False,"{""step_1_amount"": 0.9538972157950939}",5222c37788a096d3910624247b4a1e76a3afcfe0df2ea7ddd6490cebc16a26a9,0.44666666666666677,0.8163757132113729,0.36970904654470615,18,0.0,1.0,0.44666666666666677,0.8163757132113729,1,1,0.36970904654470615,"{""energy"": 0.6666666666666667, ""water"": 0.2666666666666667, ""transport"": 0.33333333333333337}","{""energy"": 0.9495150775745105, ""water"": 0.4552322739385626, ""transport"": 1.0}","{""energy"": 0.28284841090784374, ""water"": 0.18856560727189586, ""transport"": 0.6666666666666666}","{""energy"": 0.0, ""water"": 0.0, ""transport"": 0.0}","{""energy"": 1.0, ""water"": 1.0, ""transport"": 1.0}","{""energy"": 1.0, ""water"": 1.0, ""transport"": 1.0}",0.3,0.1,,0.8163757132113729,,,"[""energy"", ""water""]",1,v1.0,0.7,0.3
S3_transport_load,150,150,16408004366448247370,scenario=S3_transport_load|method=both|duration=0|theta=0.300000|delta_threshold=0.100000|A=v1.0|w=na|run_id=150|seed=16408004366448247370,False,"{""step_1_amount"": 0.44950446365187324}",5222c37788a096d3910624247b4a1e76a3afcfe0df2ea7ddd6490cebc16a26a9,0.44666666666666677,0.7912267181450576,0.34456005147839086,10,0.0,1.0,0.44666666666666677,0.7912267181450576,1,1,0.34456005147839086,"{""energy"": 0.6666666666666667, ""water"": 0.2666666666666667, ""transport"": 0.33333333333333337}","{""energy"": 0.9076000857973182, ""water"": 0.42728894608710105, ""transport"": 1.0}","{""energy"": 0.24093341913065147, ""water"": 0.16062227942043433, ""transport"": 0.6666666666666666}","{""energy"": 0.0, ""water"": 0.0, ""transport"": 0.0}","{""energy"": 1.0, ""water"": 1.0, ""transport"": 1.0}","{""energy"": 1.0, ""water"": 1.0, ""transport"": 1.0}",0.3,0.1,,0.7912267181450576,,,"[""energy"", ""water""]",1,v1.0,0.7,0.3
S3_transport_load,151,151,1656311163130283309,scenario=S3_transport_load|method=both|duration=0|theta=0.300000|delta_threshold=0.100000|A=v1.0|w=na|run_id=151|seed=1656311163130283309,False,"{""step_1_amount"": 0.2101965655344128}",5222c37788a096d3910624247b4a1e76a3afcfe0df2ea7ddd6490cebc16a26a9,0.44666666666666677,0.6711733101522486,0.2245066434855818,22,0.0,0.0,0.44666666666666677,0.6711733101522486,0,1,0.2245066434855818,"{""energy"": 0.6666666666666667, ""water"": 0.2666666666666667, ""transport"": 0.33333333333333337}","{""energy"": 0.8069833188451554, ""water"": 0.3602111014523258, ""transport"": 0.8010555072616288}","{""energy"": 0.14031665217848865, ""water"": 0.0935444347856591, ""transport"": 0.4677221739282954}","{""energy"": 0.0, ""water"": 0.0, ""transport"": 0.0}","{""energy"": 0.0, ""water"": 0.0, ""transport"": 0.0}","{""energy"": 0.0, ""water"": 0.0, ""transport"": 0.0}",0.3,0.1,,0.6711733101522486,,,[],,v1.0,0.7,0.3
S3_transport_load,152,152,52943369938224900,scenario=S3_transport_load|method=both|duration=0|theta=0.300000|delta_threshold=0.100000|A=v1.0|w=na|run_id=152|seed=52943369938224900,False,"{""step_1_amount"": 0.579750645001047}",5222c37788a096d3910624247b4a1e76a3afcfe0df2ea7ddd6490cebc16a26a9,0.44666666666666677,0.7950493515839585,0.34838268491729174,26,0.0,1.0,0.44666666666666677,0.7950493515839585,1,1,0.34838268491729174,"{""energy"": 0.6666666666666667, ""water"": 0.2666666666666667, ""transport"": 0.33333333333333337}","{""energy"": 0.9139711415288199, ""water"": 0.4315363165747688, ""transport"": 1.0}","{""energy"": 0.24730447486215312, ""water"": 0.1648696499081021, ""transport"": 0.6666666666666666}","{""energy"": 0.0, ""water"": 0.0, ""transport"": 0.0}","{""energy"": 1.0, ""water"": 1.0, ""transport"": 1.0}","{""energy"": 1.0, ""water"": 1.0, ""transport"": 1.0}",0.3,0.1,,0.7950493515839585,,,"[""energy"", ""water""]",1,v1.0,0.7,0.3
S3_transport_load,153,153,4351335322082934303,scenario=S3_transport_load|method=both|duration=0|theta=0.300000|delta_threshold=0.100000|A=v1.0|w=na|run_id=153|seed=4351335322082934303,False,"{""step_1_amount"": 0.41668838293586385}",5222c37788a096d3910624247b4a1e76a3afcfe0df2ea7ddd6490cebc16a26a9,0.44666666666666677,0.7750991628917652,0.3284324962250984,15,0.0,1.0,0.44666666666666677,0.7750991628917652,1,1,0.3284324962250984,"{""energy"": 0.6666666666666667, ""water"": 0.2666666666666667, ""transport"": 0.33333333333333337}","{""energy"": 0.880720827041831, ""water"": 0.4093694402501096, ""transport"": 1.0}","{""energy"": 0.21405416037516423, ""water"": 0.14270277358344285, ""transport"": 0.6666666666666666}","{""energy"": 0.0, ""water"": 0.0, ""transport"": 0.0}","{""energy"": 1.0, ""water"": 1.0, ""transport"": 1.0}","{""energy"": 1.0, ""water"": 1.0, ""transport"": 1.0}",0.3,0.1,,0.7750991628917652,,,"[""energy"", ""water""]",1,v1.0,0.7,0.3
S3_transport_load,154,154,17705428766776965560,scenario=S3_transport_load|method=both|duration=0|theta=0.300000|delta_threshold=0.100000|A=v1.0|w=na|run_id=154|seed=17705428766776965560,False,"{""step_1_amount"": 0.46509770044836846}",5222c37788a096d3910624247b4a1e76a3afcfe0df2ea7ddd6490cebc16a26a9,0.44666666666666677,0.7820697934293976,0.3354031267627309,13,0.0,1.0,0.44666666666666677,0.7820697934293976,1,1,0.3354031267627309,"{""energy"": 0.6666666666666667, ""water"": 0.2666666666666667, ""transport"": 0.33333333333333337}","{""energy"": 0.8923385446045516, ""water"": 0.41711458529192336, ""transport"": 1.0}","{""energy"": 0.2256718779378849, ""water"": 0.15044791862525664, ""transport"": 0.6666666666666666}","{""energy"": 0.0, ""water"": 0.0, ""transport"": 0.0}","{""energy"": 1.0, ""water"": 1.0, ""transport"": 1.0}","{""energy"": 1.0, ""water"": 1.0, ""transport"": 1.0}",0.3,0.1,,0.7820697934293976,,,"[""energy"", ""water""]",1,v1.0,0.7,0.3
S3_transport_load,155,155,16747867125501387175,scenario=S3_transport_load|method=both|duration=0|theta=0.300000|delta_threshold=0.100000|A=v1.0|w=na|run_id=155|seed=16747867125501387175,False,"{""step_1_amount"": 0.4925752057595573}",5222c37788a096d3910624247b4a1e76a3afcfe0df2ea7ddd6490cebc16a26a9,0.44666666666666677,0.7855985843488842,0.3389319176822174,11,0.0,1.0,0.44666666666666677,0.7855985843488842,1,1,0.3389319176822174,"{""energy"": 0.6666666666666667, ""water"": 0.2666666666666667, ""transport"": 0.33333333333333337}","{""energy"": 0.8982198628036959, ""water"": 0.42103546409135284, ""transport"": 1.0}","{""energy"": 0.23155319613702918, ""water"": 0.15436879742468612, ""transport"": 0.6666666666666666}","{""energy"": 0.0, ""water"": 0.0, ""transport"": 0.0}","{""energy"": 1.0, ""water"": 1.0, ""transport"": 1.0}","{""energy"": 1.0, ""water"": 1.0, ""transport"": 1.0}",0.3,0.1,,0.7855985843488842,,,"[""energy"", ""water""]",1,v1.0,0.7,0.3
S3_transport_load,156,156,14239812884941149583,scenario=S3_transport_load|method=both|duration=0|theta=0.300000|delta_threshold=0.100000|A=v1.0|w=na|run_id=156|seed=14239812884941149583,False,"{""step_1_amount"": 0.4652034253874071}",5222c37788a096d3910624247b4a1e76a3afcfe0df2ea7ddd6490cebc16a26a9,0.44666666666666677,0.7820839361915257,0.33541726952485895,24,0.0,1.0,0.44666666666666677,0.7820839361915257,1,1,0.33541726952485895,"{""energy"": 0.6666666666666667, ""water"": 0.2666666666666667, ""transport"": 0.33333333333333337}","{""energy"": 0.8923621158747651, ""water"": 0.4171302994720656, ""transport"": 1.0}","{""energy"": 0.22569544920809836, ""water"": 0.15046363280539887, ""transport"": 0.6666666666666666}","{""energy"": 0.0, ""water"": 0.0, ""transport"": 0.0}","{""energy"": 1.0, ""water"": 1.0, ""transport"": 1.0}","{""energy"": 1.0, ""water"": 1.0, ""transport"": 1.0}",0.3,0.1,,0.7820839361915257,,,"[""energy"", ""water""]",1,v1.0,0.7,0.3
S3_transport_load,157,157,6984743523887485525,scenario=S3_transport_load|method=both|duration=0|theta=0.300000|delta_threshold=0.100000|A=v1.0|w=na|run_id=157|seed=6984743523887485525,False,"{""step_1_amount"": 0.3136438040592675}",5222c37788a096d3910624247b4a1e76a3afcfe0df2ea7ddd6490cebc16a26a9,0.44666666666666677,0.8060656073292789,0.35939894066261213,24,0.0,1.0,0.44666666666666677,0.8060656073292789,1,1,0.35939894066261213,"{""energy"": 0.6666666666666667, ""water"": 0.2666666666666667, ""transport"": 0.33333333333333337}","{""energy"": 0.9323315677710202, ""water"": 0.44377660073623576, ""transport"": 1.0}","{""energy"": 0.2656649011043535, ""water"": 0.17710993406956904, ""transport"": 0.6666666666666666}","{""energy"": 0.0, ""water"": 0.0, ""transport"": 0.0}","{""energy"": 1.0, ""water"": 1.0, ""transport"": 1.0}","{""energy"": 1.0, ""water"": 1.0, ""transport"": 1.0}",0.3,0.1,,0.8060656073292789,,,"[""energy"", ""water""]",2,v1.0,0.7,0.3
S3_transport_load,158,158,9663627237975547760,scenario=S3_transport_load|method=both|duration=0|theta=0.300000|delta_threshold=0.100000|A=v1.0|w=na|run_id=158|seed=9663627237975547760,False,"{""step_1_amount"": 0.24178398323152064}",5222c37788a096d3910624247b4a1e76a3afcfe0df2ea7ddd6490cebc16a26a9,0.44666666666666677,0.7900150759662923,0.3433484092996255,22,0.0,1.0,0.44666666666666677,0.7900150759662923,1,1,0.3433484092996255,"{""energy"": 0.6666666666666667, ""water"": 0.2666666666666667, ""transport"": 0.33333333333333337}","{""energy"": 0.9055806821660428, ""water"": 0.42594267699958416, ""transport"": 1.0}","{""energy"": 0.23891401549937608, ""water"": 0.15927601033291744, ""transport"": 0.6666666666666666}","{""energy"": 0.0, ""water"": 0.0, ""transport"": 0.0}","{""energy"": 1.0, ""water"": 1.0, ""transport"": 1.0}","{""energy"": 1.0, ""water"": 1.0, ""transport"": 1.0}",0.3,0.1,,0.7900150759662923,,,"[""energy"", ""water""]",2,v1.0,0.7,0.3
S3_transport_load,159,159,18116079821651197820,scenario=S3_transport_load|method=both|duration=0|theta=0.300000|delta_threshold=0.100000|A=v1.0|w=na|run_id=159|seed=18116079821651197820,False,"{""step_1_amount"": 0.3252114230500812}",5222c37788a096d3910624247b4a1e76a3afcfe0df2ea7ddd6490cebc16a26a9,0.44666666666666677,0.7457291364231171,0.29906246975645034,25,0.0,0.0,0.44666666666666677,0.7457291364231171,0,1,0.29906246975645034,"{""energy"": 0.6666666666666667, ""water"": 0.2666666666666667, ""transport"": 0.33333333333333337}","{""energy"": 0.8535807102644483, ""water"": 0.39127602906518777, ""transport"": 0.9563801453259385}","{""energy"": 0.18691404359778152, ""water"": 0.12460936239852105, ""transport"": 0.6230468119926051}","{""energy"": 0.0, ""water"": 0.0, ""transport"": 0.0}","{""energy"": 0.0, ""water"": 0.0, ""transport"": 0.0}","{""energy"": 0.0, ""water"": 0.0, ""transport"": 0.0}",0.3,0.1,,0.7457291364231171,,,[],,v1.0,0.7,0.3
S3_transport_load,160,160,6167593894028556862,scenario=S3_transport_load|method=both|duration=0|theta=0.300000|delta_threshold=0.100000|A=v1.0|w=na|run_id=160|seed=6167593894028556862,False,"{""step_1_amount"": 0.30612507151743396}",5222c37788a096d3910624247b4a1e76a3afcfe0df2ea7ddd6490cebc16a26a9,0.44666666666666677,0.7350664704743045,0.28839980380763774,20,0.0,0.0,0.44666666666666677,0.7350664704743045,0,1,0.28839980380763774,"{""energy"": 0.6666666666666667, ""water"": 0.2666666666666667, ""transport"": 0.33333333333333337}","{""energy"": 0.8469165440464403, ""water"": 0.38683325158651577, ""transport"": 0.9341662579325786}","{""energy"": 0.1802498773797736, ""water"": 0.12016658491984905, ""transport"": 0.6008329245992452}","{""energy"": 0.0, ""water"": 0.0, ""transport"": 0.0}","{""energy"": 0.0, ""water"": 0.0, ""transport"": 0.0}","{""energy"": 0.0, ""water"": 0.0, ""transport"": 0.0}",0.3,0.1,,0.7350664704743045,,,[],,v1.0,0.7,0.3
S3_transport_load,161,161,7300822481901787168,scenario=S3_transport_load|method=both|duration=0|theta=0.300000|delta_threshold=0.100000|A=v1.0|w=na|run_id=161|seed=7300822481901787168,False,"{""step_1_amount"": 0.46862200548240657}",5222c37788a096d3910624247b4a1e76a3afcfe0df2ea7ddd6490cebc16a26a9,0.44666666666666677,0.8081612255603405,0.36149455889367377,21,0.0,1.0,0.44666666666666677,0.8081612255603405,1,1,0.36149455889367377,"{""energy"": 0.6666666666666667, ""water"": 0.2666666666666667, ""transport"": 0.33333333333333337}","{""energy"": 0.9358242648227899, ""water"": 0.44610506543741546, ""transport"": 1.0}","{""energy"": 0.26915759815612317, ""water"": 0.17943839877074874, ""transport"": 0.6666666666666666}","{""energy"": 0.0, ""water"": 0.0, ""transport"": 0.0}","{""energy"": 1.0, ""water"": 1.0, ""transport"": 1.0}","{""energy"": 1.0, ""water"": 1.0, ""transport"": 1.0}",0.3,0.1,,0.8081612255603405,,,"[""energy"", ""water""]",1,v1.0,0.7,0.3
S3_transport_load,162,162,6620320351165170891,scenario=S3_transport_load|method=both|duration=0|theta=0.300000|delta_threshold=0.100000|A=v1.0|w=na|run_id=162|seed=6620320351165170891,False,"{""step_1_amount"": 0.9038182715956631}",5222c37788a096d3910624247b4a1e76a3afcfe0df2ea7ddd6490cebc16a26a9,0.44666666666666677,0.8147074525559033,0.3680407858892365,10,0.0,1.0,0.44666666666666677,0.8147074525559033,1,1,0.3680407858892365,"{""energy"": 0.6666666666666667, ""water"": 0.2666666666666667, ""transport"": 0.33333333333333337}","{""energy"": 0.9467346431487277, ""water"": 0.4533786509880407, ""transport"": 1.0}","{""energy"": 0.28006797648206094, ""water"": 0.18671198432137398, ""transport"": 0.6666666666666666}","{""energy"": 0.0, ""water"": 0.0, ""transport"": 0.0}","{""energy"": 1.0, ""water"": 1.0, ""transport"": 1.0}","{""energy"": 1.0, ""water"": 1.0, ""transport"": 1.0}",0.3,0.1,,0.8147074525559033,,,"[""energy"", ""water""]",1,v1.0,0.7,0.3
S3_transport_load,163,163,5888882994059890950,scenario=S3_transport_load|method=both|duration=0|theta=0.300000|delta_threshold=0.100000|A=v1.0|w=na|run_id=163|seed=5888882994059890950,False,"{""step_1_amount"": 0.3248772314091385}",5222c37788a096d3910624247b4a1e76a3afcfe0df2ea7ddd6490cebc16a26a9,0.44666666666666677,0.7455476420270646,0.2988809753603978,23,0.0,0.0,0.44666666666666677,0.7455476420270646,0,1,0.2988809753603978,"{""energy"": 0.6666666666666667, ""water"": 0.2666666666666667, ""transport"": 0.33333333333333337}","{""energy"": 0.8534672762669154, ""water"": 0.39120040640016585, ""transport"": 0.956002032000829}","{""energy"": 0.1868006096002487, ""water"": 0.12453373973349913, ""transport"": 0.6226686986674956}","{""energy"": 0.0, ""water"": 0.0, ""transport"": 0.0}","{""energy"": 0.0, ""water"": 0.0, ""transport"": 0.0}","{""energy"": 0.0, ""water"": 0.0, ""transport"": 0.0}",0.3,0.1,,0.7455476420270646,,,[],,v1.0,0.7,0.3
S3_transport_load,164,164,12457503236333421248,scenario=S3_transport_load|method=both|duration=0|theta=0.300000|delta_threshold=0.100000|A=v1.0|w=na|run_id=164|seed=12457503236333421248,False,"{""step_1_amount"": 0.4052166627426616}",5222c37788a096d3910624247b4a1e76a3afcfe0df2ea7ddd6490cebc16a26a9,0.44666666666666677,0.7732935672461909,0.32662690057952415,12,0.0,1.0,0.44666666666666677,0.7732935672461909,1,1,0.32662690057952415,"{""energy"": 0.6666666666666667, ""water"": 0.2666666666666667, ""transport"": 0.33333333333333337}","{""energy"": 0.8777115009658736, ""water"": 0.407363222866138, ""transport"": 1.0}","{""energy"": 0.21104483429920684, ""water"": 0.1406965561994713, ""transport"": 0.6666666666666666}","{""energy"": 0.0, ""water"": 0.0, ""transport"": 0.0}","{""energy"": 1.0, ""water"": 1.0, ""transport"": 1.0}","{""energy"": 1.0, ""water"": 1.0, ""transport"": 1.0}",0.3,0.1,,0.7732935672461909,,,"[""energy"", ""water""]",1,v1.0,0.7,0.3
S3_transport_load,165,165,14397338389802474452,scenario=S3_transport_load|method=both|duration=0|theta=0.300000|delta_threshold=0.100000|A=v1.0|w=na|run_id=165|seed=14397338389802474452,False,"{""step_1_amount"": 0.20636621524212653}",5222c37788a096d3910624247b4a1e76a3afcfe0df2ea7ddd6490cebc16a26a9,0.44666666666666677,0.6682204899827807,0.22155382331611395,16,0.0,0.0,0.44666666666666677,0.6682204899827807,0,1,0.22155382331611395,"{""energy"": 0.6666666666666667, ""water"": 0.2666666666666667, ""transport"": 0.33333333333333337}","{""energy"": 0.805137806239238, ""water"": 0.35898075971504756, ""transport"": 0.7949037985752375}","{""energy"": 0.1384711395725713, ""water"": 0.09231409304838084, ""transport"": 0.46157046524190415}","{""energy"": 0.0, ""water"": 0.0, ""transport"": 0.0}","{""energy"": 0.0, ""water"": 0.0, ""transport"": 0.0}","{""energy"": 0.0, ""water"": 0.0, ""transport"": 0.0}",0.3,0.1,,0.6682204899827807,,,[],,v1.0,0.7,0.3
S3_transport_load,166,166,17061831856440301161,scenario=S3_transport_load|method=both|duration=0|theta=0.300000|delta_threshold=0.100000|A=v1.0|w=na|run_id=166|seed=17061831856440301161,False,"{""step_1_amount"": 0.143600146327073}",5222c37788a096d3910624247b4a1e76a3afcfe0df2ea7ddd6490cebc16a26a9,0.44666666666666677,0.6146721337373637,0.16800546707069697,28,0.0,0.0,0.44666666666666677,0.6146721337373637,0,1,0.16800546707069697,"{""energy"": 0.6666666666666667, ""water"": 0.2666666666666667, ""transport"": 0.33333333333333337}","{""energy"": 0.7716700835858523, ""water"": 0.33666894461279046, ""transport"": 0.6833447230639521}","{""energy"": 0.10500341691918558, ""water"": 0.07000227794612374, ""transport"": 0.35001138973061874}","{""energy"": 0.0, ""water"": 0.0, ""transport"": 0.0}","{""energy"": 0.0, ""water"": 0.0, ""transport"": 0.0}","{""energy"": 0.0, ""water"": 0.0, ""transport"": 0.0}",0.3,0.1,,0.6146721337373637,,,[],,v1.0,0.7,0.3
S3_transport_load,167,167,14969577487802748074,scenario=S3_transport_load|method=both|duration=0|theta=0.300000|delta_threshold=0.100000|A=v1.0|w=na|run_id=167|seed=14969577487802748074,False,"{""step_1_amount"": 0.5177087558123143}",5222c37788a096d3910624247b4a1e76a3afcfe0df2ea7ddd6490cebc16a26a9,0.44666666666666677,0.8110425037626263,0.36437583709595955,9,0.0,1.0,0.44666666666666677,0.8110425037626263,1,1,0.36437583709595955,"{""energy"": 0.6666666666666667, ""water"": 0.2666666666666667, ""transport"": 0.33333333333333337}","{""energy"": 0.9406263951599328, ""water"": 0.44930648566217746, ""transport"": 1.0}","{""energy"": 0.2739597284932661, ""water"": 0.18263981899551074, ""transport"": 0.6666666666666666}","{""energy"": 0.0, ""water"": 0.0, ""transport"": 0.0}","{""energy"": 1.0, ""water"": 1.0, ""transport"": 1.0}","{""energy"": 1.0, ""water"": 1.0, ""transport"": 1.0}",0.3,0.1,,0.8110425037626263,,,"[""energy"", ""water""]",1,v1.0,0.7,0.3
S3_transport_load,168,168,15275049408361206798,scenario=S3_transport_load|method=both|duration=0|theta=0.300000|delta_threshold=0.100000|A=v1.0|w=na|run_id=168|seed=15275049408361206798,False,"{""step_1_amount"": 0.39334179428296795}",5222c37788a096d3910624247b4a1e76a3afcfe0df2ea7ddd6490cebc16a26a9,0.44666666666666677,0.7713578976193864,0.3246912309527197,16,0.0,0.0,0.44666666666666677,0.7713578976193864,0,1,0.3246912309527197,"{""energy"": 0.6666666666666667, ""water"": 0.2666666666666667, ""transport"": 0.33333333333333337}","{""energy"": 0.8744853849211998, ""water"": 0.40521247883635536, ""transport"": 1.0}","{""energy"": 0.20781871825453302, ""water"": 0.13854581216968864, ""transport"": 0.6666666666666666}","{""energy"": 0.0, ""water"": 0.0, ""transport"": 0.0}","{""energy"": 0.0, ""water"": 0.0, ""transport"": 0.0}","{""energy"": 0.0, ""water"": 0.0, ""transport"": 0.0}",0.3,0.1,,0.7713578976193864,,,[],,v1.0,0.7,0.3
S3_transport_load,169,169,747022172319582173,scenario=S3_transport_load|method=both|duration=0|theta=0.300000|delta_threshold=0.100000|A=v1.0|w=na|run_id=169|seed=747022172319582173,False,"{""step_1_amount"": 0.2709902006206997}",5222c37788a096d3910624247b4a1e76a3afcfe0df2ea7ddd6490cebc16a26a9,0.44666666666666677,0.7137681718052256,0.2671015051385588,29,0.0,0.0,0.44666666666666677,0.7137681718052256,0,1,0.2671015051385588,"{""energy"": 0.6666666666666667, ""water"": 0.2666666666666667, ""transport"": 0.33333333333333337}","{""energy"": 0.833605107378266, ""water"": 0.37795896047439953, ""transport"": 0.8897948023719974}","{""energy"": 0.16693844071159925, ""water"": 0.11129229380773281, ""transport"": 0.556461469038664}","{""energy"": 0.0, ""water"": 0.0, ""transport"": 0.0}","{""energy"": 0.0, ""water"": 0.0, ""transport"": 0.0}","{""energy"": 0.0, ""water"": 0.0, ""transport"": 0.0}",0.3,0.1,,0.7137681718052256,,,[],,v1.0,0.7,0.3
S3_transport_load,170,170,1009646448390956774,scenario=S3_transport_load|method=both|duration=0|theta=0.300000|delta_threshold=0.100000|A=v1.0|w=na|run_id=170|seed=1009646448390956774,False,"{""step_1_amount"": 0.2705988091616688}",5222c37788a096d3910624247b4a1e76a3afcfe0df2ea7ddd6490cebc16a26a9,0.44666666666666677,0.7135180450301919,0.2668513783635251,26,0.0,0.0,0.44666666666666677,0.7135180450301919,0,1,0.2668513783635251,"{""energy"": 0.6666666666666667, ""water"": 0.2666666666666667, ""transport"": 0.33333333333333337}","{""energy"": 0.83344877814387, ""water"": 0.3778547409848022, ""transport"": 0.8892737049240107}","{""energy"": 0.16678211147720323, ""water"": 0.11118807431813549, ""transport"": 0.5559403715906773}","{""energy"": 0.0, ""water"": 0.0, ""transport"": 0.0}","{""energy"": 0.0, ""water"": 0.0, ""transport"": 0.0}","{""energy"": 0.0, ""water"": 0.0, ""transport"": 0.0}",0.3,0.1,,0.7135180450301919,,,[],,v1.0,0.7,0.3
S3_transport_load,171,171,4304485283956891996,scenario=S3_transport_load|method=both|duration=0|theta=0.300000|delta_threshold=0.100000|A=v1.0|w=na|run_id=171|seed=4304485283956891996,False,"{""step_1_amount"": 0.7970868033097401}",5222c37788a096d3910624247b4a1e76a3afcfe0df2ea7ddd6490cebc16a26a9,0.44666666666666677,0.8101940988400369,0.36352743217337014,13,0.0,1.0,0.44666666666666677,0.8101940988400369,1,1,0.36352743217337014,"{""energy"": 0.6666666666666667, ""water"": 0.2666666666666667, ""transport"": 0.33333333333333337}","{""energy"": 0.939212386955617, ""water"": 0.44836381352596694, ""transport"": 1.0}","{""energy"": 0.2725457202889503, ""water"": 0.18169714685930022, ""transport"": 0.6666666666666666}","{""energy"": 0.0, ""water"": 0.0, ""transport"": 0.0}","{""energy"": 1.0, ""water"": 1.0, ""transport"": 1.0}","{""energy"": 1.0, ""water"": 1.0, ""transport"": 1.0}",0.3,0.1,,0.8101940988400369,,,"[""energy"", ""water""]",1,v1.0,0.7,0.3
S3_transport_load,172,172,2721880017815554606,scenario=S3_transport_load|method=both|duration=0|theta=0.300000|delta_threshold=0.100000|A=v1.0|w=na|run_id=172|seed=2721880017815554606,False,"{""step_1_amount"": 0.14318335636842794}",5222c37788a096d3910624247b4a1e76a3afcfe0df2ea7ddd6490cebc16a26a9,0.44666666666666677,0.6142817811803165,0.16761511451364974,25,0.0,0.0,0.44666666666666677,0.6142817811803165,0,1,0.16761511451364974,"{""energy"": 0.6666666666666667, ""water"": 0.2666666666666667, ""transport"": 0.33333333333333337}","{""energy"": 0.7714261132376978, ""water"": 0.33650629771402074, ""transport"": 0.6825314885701036}","{""energy"": 0.10475944657103109, ""water"": 0.06983963104735402, ""transport"": 0.3491981552367702}","{""energy"": 0.0, ""water"": 0.0, ""transport"": 0.0}","{""energy"": 0.0, ""water"": 0.0, ""transport"": 0.0}","{""energy"": 0.0, ""water"": 0.0, ""transport"": 0.0}",0.3,0.1,,0.6142817811803165,,,[],,v1.0,0.7,0.3
S3_transport_load,173,173,13660447632847322004,scenario=S3_transport_load|method=both|duration=0|theta=0.300000|delta_threshold=0.100000|A=v1.0|w=na|run_id=173|seed=13660447632847322004,False,"{""step_1_amount"": 0.3675278745853239}",5222c37788a096d3910624247b4a1e76a3afcfe0df2ea7ddd6490cebc16a26a9,0.44666666666666677,0.7669044742414574,0.3202378075747906,18,0.0,0.0,0.44666666666666677,0.7669044742414574,0,1,0.3202378075747906,"{""energy"": 0.6666666666666667, ""water"": 0.2666666666666667, ""transport"": 0.33333333333333337}","{""energy"": 0.8670630126246511, ""water"": 0.40026423063865635, ""transport"": 1.0}","{""energy"": 0.2003963459579844, ""water"": 0.13359756397198963, ""transport"": 0.6666666666666666}","{""energy"": 0.0, ""water"": 0.0, ""transport"": 0.0}","{""energy"": 0.0, ""water"": 0.0, ""transport"": 0.0}","{""energy"": 0.0, ""water"": 0.0, ""transport"": 0.0}",0.3,0.1,,0.7669044742414574,,,[],,v1.0,0.7,0.3
S3_transport_load,174,174,13804931013166282607,scenario=S3_transport_load|method=both|duration=0|theta=0.300000|delta_threshold=0.100000|A=v1.0|w=na|run_id=174|seed=13804931013166282607,False,"{""step_1_amount"": 0.2809398620314135}",5222c37788a096d3910624247b4a1e76a3afcfe0df2ea7ddd6490cebc16a26a9,0.44666666666666677,0.7200290700489633,0.27336240338229656,7,0.0,0.0,0.44666666666666677,0.7200290700489633,0,1,0.27336240338229656,"{""energy"": 0.6666666666666667, ""water"": 0.2666666666666667, ""transport"": 0.33333333333333337}","{""energy"": 0.837518168780602, ""water"": 0.38056766807595693, ""transport"": 0.9028383403797845}","{""energy"": 0.1708515021139353, ""water"": 0.11390100140929021, ""transport"": 0.5695050070464511}","{""energy"": 0.0, ""water"": 0.0, ""transport"": 0.0}","{""energy"": 0.0, ""water"": 0.0, ""transport"": 0.0}","{""energy"": 0.0, ""water"": 0.0, ""transport"": 0.0}",0.3,0.1,,0.7200290700489633,,,[],,v1.0,0.7,0.3
S3_transport_load,175,175,16661498391097065048,scenario=S3_transport_load|method=both|duration=0|theta=0.300000|delta_threshold=0.100000|A=v1.0|w=na|run_id=175|seed=16661498391097065048,False,"{""step_1_amount"": 0.260417060711949}",5222c37788a096d3910624247b4a1e76a3afcfe0df2ea7ddd6490cebc16a26a9,0.44666666666666677,0.7069069127733347,0.26024024610666796,7,0.0,0.0,0.44666666666666677,0.7069069127733347,0,1,0.26024024610666796,"{""energy"": 0.6666666666666667, ""water"": 0.2666666666666667, ""transport"": 0.33333333333333337}","{""energy"": 0.8293168204833342, ""water"": 0.37510010254444504, ""transport"": 0.8755005127222251}","{""energy"": 0.16265015381666748, ""water"": 0.10843343587777832, ""transport"": 0.5421671793888917}","{""energy"": 0.0, ""water"": 0.0, ""transport"": 0.0}","{""energy"": 0.0, ""water"": 0.0, ""transport"": 0.0}","{""energy"": 0.0, ""water"": 0.0, ""transport"": 0.0}",0.3,0.1,,0.7069069127733347,,,[],,v1.0,0.7,0.3
S3_transport_load,176,176,13540204190186444763,scenario=S3_transport_load|method=both|duration=0|theta=0.300000|delta_threshold=0.100000|A=v1.0|w=na|run_id=176|seed=13540204190186444763,False,"{""step_1_amount"": 0.6170635343868434}",5222c37788a096d3910624247b4a1e76a3afcfe0df2ea7ddd6490cebc16a26a9,0.44666666666666677,0.8108290973643888,0.36416243069772203,22,0.0,1.0,0.44666666666666677,0.8108290973643888,1,1,0.36416243069772203,"{""energy"": 0.6666666666666667, ""water"": 0.2666666666666667, ""transport"": 0.33333333333333337}","{""energy"": 0.9260945104173404, ""water"": 0.46797097732484244, ""transport"": 1.0}","{""energy"": 0.2594278437506736, ""water"": 0.20130431065817572, ""transport"": 0.6666666666666666}","{""energy"": 0.0, ""water"": 0.0, ""transport"": 0.0}","{""energy"": 1.0, ""water"": 1.0, ""transport"": 1.0}","{""energy"": 1.0, ""water"": 1.0, ""transport"": 1.0}",0.3,0.1,,0.8108290973643888,,,"[""energy"", ""water""]",1,v1.0,0.7,0.3
S3_transport_load,177,177,5581398225465300149,scenario=S3_transport_load|method=both|duration=0|theta=0.300000|delta_threshold=0.100000|A=v1.0|w=na|run_id=177|seed=5581398225465300149,False,"{""step_1_amount"": 0.9220363020900196}",5222c37788a096d3910624247b4a1e76a3afcfe0df2ea7ddd6490cebc16a26a9,0.44666666666666677,0.8153435320381663,0.3686768653714996,10,0.0,1.0,0.44666666666666677,0.8153435320381663,1,1,0.3686768653714996,"{""energy"": 0.6666666666666667, ""water"": 0.2666666666666667, ""transport"": 0.33333333333333337}","{""energy"": 0.947794775619166, ""water"": 0.4540854059683329, ""transport"": 1.0}","{""energy"": 0.2811281089524993, ""water"": 0.1874187393016662, ""transport"": 0.6666666666666666}","{""energy"": 0.0, ""water"": 0.0, ""transport"": 0.0}","{""energy"": 1.0, ""water"": 1.0, ""transport"": 1.0}","{""energy"": 1.0, ""water"": 1.0, ""transport"": 1.0}",0.3,0.1,,0.8153435320381663,,,"[""energy"", ""water""]",1,v1.0,0.7,0.3
S3_transport_load,178,178,11687845321502987198,scenario=S3_transport_load|method=both|duration=0|theta=0.300000|delta_threshold=0.100000|A=v1.0|w=na|run_id=178|seed=11687845321502987198,False,"{""step_1_amount"": 0.6077431584783451}",5222c37788a096d3910624247b4a1e76a3afcfe0df2ea7ddd6490cebc16a26a9,0.44666666666666677,0.8268061714672374,0.3801395048005707,10,0.0,1.0,0.44666666666666677,0.8268061714672374,1,1,0.3801395048005707,"{""energy"": 0.6666666666666667, ""water"": 0.2666666666666667, ""transport"": 0.33333333333333337}","{""energy"": 0.9335894053203145, ""water"": 0.5112346977970386, ""transport"": 1.0}","{""energy"": 0.2669227386536478, ""water"": 0.24456803113037184, ""transport"": 0.6666666666666666}","{""energy"": 0.0, ""water"": 0.0, ""transport"": 0.0}","{""energy"": 1.0, ""water"": 1.0, ""transport"": 1.0}","{""energy"": 1.0, ""water"": 1.0, ""transport"": 1.0}",0.3,0.1,,0.8268061714672374,,,"[""energy"", ""water""]",1,v1.0,0.7,0.3
S3_transport_load,179,179,16587298641975512174,scenario=S3_transport_load|method=both|duration=0|theta=0.300000|delta_threshold=0.100000|A=v1.0|w=na|run_id=179|seed=16587298641975512174,False,"{""step_1_amount"": 0.4609943447582687}",5222c37788a096d3910624247b4a1e76a3afcfe0df2ea7ddd6490cebc16a26a9,0.44666666666666677,0.7815174099656321,0.33485074329896536,8,0.0,1.0,0.44666666666666677,0.7815174099656321,1,1,0.33485074329896536,"{""energy"": 0.6666666666666667, ""water"": 0.2666666666666667, ""transport"": 0.33333333333333337}","{""energy"": 0.8914179054982758, ""water"": 0.4165008258877395, ""transport"": 1.0}","{""energy"": 0.22475123883160908, ""water"": 0.1498341592210728, ""transport"": 0.6666666666666666}","{""energy"": 0.0, ""water"": 0.0, ""transport"": 0.0}","{""energy"": 1.0, ""water"": 1.0, ""transport"": 1.0}","{""energy"": 1.0, ""water"": 1.0, ""transport"": 1.0}",0.3,0.1,,0.7815174099656321,,,"[""energy"", ""water""]",1,v1.0,0.7,0.3
S3_transport_load,180,180,5726463918590040942,scenario=S3_transport_load|method=both|duration=0|theta=0.300000|delta_threshold=0.100000|A=v1.0|w=na|run_id=180|seed=5726463918590040942,False,"{""step_1_amount"": 0.6155672248479014}",5222c37788a096d3910624247b4a1e76a3afcfe0df2ea7ddd6490cebc16a26a9,0.44666666666666677,0.7982704711174726,0.35160380445080586,9,0.0,1.0,0.44666666666666677,0.7982704711174726,1,1,0.35160380445080586,"{""energy"": 0.6666666666666667, ""water"": 0.2666666666666667, ""transport"": 0.33333333333333337}","{""energy"": 0.9193396740846764, ""water"": 0.4351153382786732, ""transport"": 1.0}","{""energy"": 0.2526730074180097, ""water"": 0.1684486716120065, ""transport"": 0.6666666666666666}","{""energy"": 0.0, ""water"": 0.0, ""transport"": 0.0}","{""energy"": 1.0, ""water"": 1.0, ""transport"": 1.0}","{""energy"": 1.0, ""water"": 1.0, ""transport"": 1.0}",0.3,0.1,,0.7982704711174726,,,"[""energy"", ""water""]",1,v1.0,0.7,0.3
S3_transport_load,181,181,678305549518646135,scenario=S3_transport_load|method=both|duration=0|theta=0.300000|delta_threshold=0.100000|A=v1.0|w=na|run_id=181|seed=678305549518646135,False,"{""step_1_amount"": 0.752154174467}",5222c37788a096d3910624247b4a1e76a3afcfe0df2ea7ddd6490cebc16a26a9,0.44666666666666677,0.8078170170099588,0.361150350343292,24,0.0,1.0,0.44666666666666677,0.8078170170099588,1,1,0.361150350343292,"{""energy"": 0.6666666666666667, ""water"": 0.2666666666666667, ""transport"": 0.33333333333333337}","{""energy"": 0.9352505839054868, ""water"": 0.4457226114925467, ""transport"": 1.0}","{""energy"": 0.26858391723882, ""water"": 0.17905594482588, ""transport"": 0.6666666666666666}","{""energy"": 0.0, ""water"": 0.0, ""transport"": 0.0}","{""energy"": 1.0, ""water"": 1.0, ""transport"": 1.0}","{""energy"": 1.0, ""water"": 1.0, ""transport"": 1.0}",0.3,0.1,,0.8078170170099588,,,"[""energy"", ""water""]",1,v1.0,0.7,0.3
S3_transport_load,182,182,5609706113166570845,scenario=S3_transport_load|method=both|duration=0|theta=0.300000|delta_threshold=0.100000|A=v1.0|w=na|run_id=182|seed=5609706113166570845,False,"{""step_1_amount"": 0.12174275186952387}",5222c37788a096d3910624247b4a1e76a3afcfe0df2ea7ddd6490cebc16a26a9,0.44666666666666677,0.5935283235989385,0.1468616569322717,18,0.0,0.0,0.44666666666666677,0.5935283235989385,0,0,0.1468616569322717,"{""energy"": 0.6666666666666667, ""water"": 0.2666666666666667, ""transport"": 0.33333333333333337}","{""energy"": 0.7584552022493366, ""water"": 0.32785902372177994, ""transport"": 0.6392951186088995}","{""energy"": 0.09178853558266986, ""water"": 0.06119235705511322, ""transport"": 0.30596178527556617}","{""energy"": 0.0, ""water"": 0.0, ""transport"": 0.0}","{""energy"": 0.0, ""water"": 0.0, ""transport"": 0.0}","{""energy"": 0.0, ""water"": 0.0, ""transport"": 0.0}",0.3,0.1,,0.5935283235989385,,,[],,v1.0,0.7,0.3
S3_transport_load,183,183,2453493107653118331,scenario=S3_transport_load|method=both|duration=0|theta=0.300000|delta_threshold=0.100000|A=v1.0|w=na|run_id=183|seed=2453493107653118331,False,"{""step_1_amount"": 0.36423456006056465}",5222c37788a096d3910624247b4a1e76a3afcfe0df2ea7ddd6490cebc16a26a9,0.44666666666666677,0.7657184908378847,0.3190518241712179,10,0.0,0.0,0.44666666666666677,0.7657184908378847,0,1,0.3190518241712179,"{""energy"": 0.6666666666666667, ""water"": 0.2666666666666667, ""transport"": 0.33333333333333337}","{""energy"": 0.866074056773678, ""water"": 0.3996049267380075, ""transport"": 0.9980246336900375}","{""energy"": 0.19940739010701125, ""water"": 0.1329382600713408, ""transport"": 0.6646913003567041}","{""energy"": 0.0, ""water"": 0.0, ""transport"": 0.0}","{""energy"": 0.0, ""water"": 0.0, ""transport"": 0.0}","{""energy"": 0.0, ""water"": 0.0, ""transport"": 0.0}",0.3,0.1,,0.7657184908378847,,,[],,v1.0,0.7,0.3
S3_transport_load,184,184,15077273549476286415,scenario=S3_transport_load|method=both|duration=0|theta=0.300000|delta_threshold=0.100000|A=v1.0|w=na|run_id=184|seed=15077273549476286415,False,"{""step_1_amount"": 0.654428517133799}",5222c37788a096d3910624247b4a1e76a3afcfe0df2ea7ddd6490cebc16a26a9,0.44666666666666677,0.8013953177579858,0.354728651091319,8,0.0,1.0,0.44666666666666677,0.8013953177579858,1,1,0.354728651091319,"{""energy"": 0.6666666666666667, ""water"": 0.2666666666666667, ""transport"": 0.33333333333333337}","{""energy"": 0.9245477518188653, ""water"": 0.43858739010146575, ""transport"": 1.0}","{""energy"": 0.25788108515219854, ""water"": 0.17192072343479903, ""transport"": 0.6666666666666666}","{""energy"": 0.0, ""water"": 0.0, ""transport"": 0.0}","{""energy"": 1.0, ""water"": 1.0, ""transport"": 1.0}","{""energy"": 1.0, ""water"": 1.0, ""transport"": 1.0}",0.3,0.1,,0.8013953177579858,,,"[""energy"", ""water""]",1,v1.0,0.7,0.3
S3_transport_load,185,185,17040478238114589594,scenario=S3_transport_load|method=both|duration=0|theta=0.300000|delta_threshold=0.100000|A=v1.0|w=na|run_id=185|seed=17040478238114589594,False,"{""step_1_amount"": 0.34885914084494085}",5222c37788a096d3910624247b4a1e76a3afcfe0df2ea7ddd6490cebc16a26a9,0.44666666666666677,0.7581206713900495,0.3114540047233827,9,0.0,0.0,0.44666666666666677,0.7581206713900495,0,1,0.3114540047233827,"{""energy"": 0.6666666666666667, ""water"": 0.2666666666666667, ""transport"": 0.33333333333333337}","{""energy"": 0.861325419618781, ""water"": 0.3964391686347428, ""transport"": 0.982195843173714}","{""energy"": 0.1946587529521142, ""water"": 0.1297725019680761, ""transport"": 0.6488625098403806}","{""energy"": 0.0, ""water"": 0.0, ""transport"": 0.0}","{""energy"": 0.0, ""water"": 0.0, ""transport"": 0.0}","{""energy"": 0.0, ""water"": 0.0, ""transport"": 0.0}",0.3,0.1,,0.7581206713900495,,,[],,v1.0,0.7,0.3
S3_transport_load,186,186,15343044504981417690,scenario=S3_transport_load|method=both|duration=0|theta=0.300000|delta_threshold=0.100000|A=v1.0|w=na|run_id=186|seed=15343044504981417690,False,"{""step_1_amount"": 0.39062384851864007}",5222c37788a096d3910624247b4a1e76a3afcfe0df2ea7ddd6490cebc16a26a9,0.44666666666666677,0.7709050753048625,0.32423840863819575,9,0.0,0.0,0.44666666666666677,0.7709050753048625,0,1,0.32423840863819575,"{""energy"": 0.6666666666666667, ""water"": 0.2666666666666667, ""transport"": 0.33333333333333337}","{""energy"": 0.8737306810636597, ""water"": 0.40470934293132876, ""transport"": 1.0}","{""energy"": 0.20706401439699296, ""water"": 0.13804267626466205, ""transport"": 0.6666666666666666}","{""energy"": 0.0, ""water"": 0.0, ""transport"": 0.0}","{""energy"": 0.0, ""water"": 0.0, ""transport"": 0.0}","{""energy"": 0.0, ""water"": 0.0, ""transport"": 0.0}",0.3,0.1,,0.7709050753048625,,,[],,v1.0,0.7,0.3
S3_transport_load,187,187,967425607332318647,scenario=S3_transport_load|method=both|duration=0|theta=0.300000|delta_threshold=0.100000|A=v1.0|w=na|run_id=187|seed=967425607332318647,False,"{""step_1_amount"": 0.4926002309224555}",5222c37788a096d3910624247b4a1e76a3afcfe0df2ea7ddd6490cebc16a26a9,0.44666666666666677,0.7947027718896911,0.3480361052230243,27,0.0,1.0,0.44666666666666677,0.7947027718896911,1,1,0.3480361052230243,"{""energy"": 0.6666666666666667, ""water"": 0.2666666666666667, ""transport"": 0.33333333333333337}","{""energy"": 0.9133935087050407, ""water"": 0.4311512280255827, ""transport"": 1.0}","{""energy"": 0.24672684203837392, ""water"": 0.16448456135891598, ""transport"": 0.6666666666666666}","{""energy"": 0.0, ""water"": 0.0, ""transport"": 0.0}","{""energy"": 1.0, ""water"": 1.0, ""transport"": 1.0}","{""energy"": 1.0, ""water"": 1.0, ""transport"": 1.0}",0.3,0.1,,0.7947027718896911,,,"[""energy"", ""water""]",1,v1.0,0.7,0.3
S3_transport_load,188,188,4010276834767339645,scenario=S3_transport_load|method=both|duration=0|theta=0.300000|delta_threshold=0.100000|A=v1.0|w=na|run_id=188|seed=4010276834767339645,False,"{""step_1_amount"": 0.7764034745731128}",5222c37788a096d3910624247b4a1e76a3afcfe0df2ea7ddd6490cebc16a26a9,0.44666666666666677,0.8091395986885355,0.3624729320218687,12,0.0,1.0,0.44666666666666677,0.8091395986885355,1,1,0.3624729320218687,"{""energy"": 0.6666666666666667, ""water"": 0.2666666666666667, ""transport"": 0.33333333333333337}","{""energy"": 0.9374548867031147, ""water"": 0.4471921466909654, ""transport"": 1.0}","{""energy"": 0.270788220036448, ""water"": 0.1805254800242987, ""transport"": 0.6666666666666666}","{""energy"": 0.0, ""water"": 0.0, ""transport"": 0.0}","{""energy"": 1.0, ""water"": 1.0, ""transport"": 1.0}","{""energy"": 1.0, ""water"": 1.0, ""transport"": 1.0}",0.3,0.1,,0.8091395986885355,,,"[""energy"", ""water""]",1,v1.0,0.7,0.3
S3_transport_load,189,189,3932814879352254850,scenario=S3_transport_load|method=both|duration=0|theta=0.300000|delta_threshold=0.100000|A=v1.0|w=na|run_id=189|seed=3932814879352254850,False,"{""step_1_amount"": 0.38171691577215044}",5222c37788a096d3910624247b4a1e76a3afcfe0df2ea7ddd6490cebc16a26a9,0.44666666666666677,0.7693949956548028,0.3227283289881361,12,0.0,0.0,0.44666666666666677,0.7693949956548028,0,1,0.3227283289881361,"{""energy"": 0.6666666666666667, ""water"": 0.2666666666666667, ""transport"": 0.33333333333333337}","{""energy"": 0.8712138816468936, ""water"": 0.4030314766534846, ""transport"": 1.0}","{""energy"": 0.20454721498022688, ""water"": 0.13636480998681788, ""transport"": 0.6666666666666666}","{""energy"": 0.0, ""water"": 0.0, ""transport"": 0.0}","{""energy"": 0.0, ""water"": 0.0, ""transport"": 0.0}","{""energy"": 0.0, ""water"": 0.0, ""transport"": 0.0}",0.3,0.1,,0.7693949956548028,,,[],,v1.0,0.7,0.3
S3_transport_load,190,190,13331163212156025782,scenario=S3_transport_load|method=both|duration=0|theta=0.300000|delta_threshold=0.100000|A=v1.0|w=na|run_id=190|seed=13331163212156025782,False,"{""step_1_amount"": 0.3415327712183427}",5222c37788a096d3910624247b4a1e76a3afcfe0df2ea7ddd6490cebc16a26a9,0.44666666666666677,0.7758431823505538,0.32917651568388706,23,0.0,1.0,0.44666666666666677,0.7758431823505538,1,1,0.32917651568388706,"{""energy"": 0.6666666666666667, ""water"": 0.2666666666666667, ""transport"": 0.33333333333333337}","{""energy"": 0.8819608594731454, ""water"": 0.4101961285376525, ""transport"": 1.0}","{""energy"": 0.21529419280647866, ""water"": 0.1435294618709858, ""transport"": 0.6666666666666666}","{""energy"": 0.0, ""water"": 0.0, ""transport"": 0.0}","{""energy"": 1.0, ""water"": 1.0, ""transport"": 1.0}","{""energy"": 1.0, ""water"": 1.0, ""transport"": 1.0}",0.3,0.1,,0.7758431823505538,,,"[""energy"", ""water""]",2,v1.0,0.7,0.3
S3_transport_load,191,191,5790353083162617286,scenario=S3_transport_load|method=both|duration=0|theta=0.300000|delta_threshold=0.100000|A=v1.0|w=na|run_id=191|seed=5790353083162617286,False,"{""step_1_amount"": 0.2908461754624765}",5222c37788a096d3910624247b4a1e76a3afcfe0df2ea7ddd6490cebc16a26a9,0.44666666666666677,0.7260797649909313,0.27941309832426453,26,0.0,0.0,0.44666666666666677,0.7260797649909313,0,1,0.27941309832426453,"{""energy"": 0.6666666666666667, ""water"": 0.2666666666666667, ""transport"": 0.33333333333333337}","{""energy"": 0.8412998531193321, ""water"": 0.3830887909684436, ""transport"": 0.9154439548422179}","{""energy"": 0.17463318645266535, ""water"": 0.1164221243017769, ""transport"": 0.5821106215088845}","{""energy"": 0.0, ""water"": 0.0, ""transport"": 0.0}","{""energy"": 0.0, ""water"": 0.0, ""transport"": 0.0}","{""energy"": 0.0, ""water"": 0.0, ""transport"": 0.0}",0.3,0.1,,0.7260797649909313,,,[],,v1.0,0.7,0.3
S3_transport_load,192,192,12189403004882718780,scenario=S3_transport_load|method=both|duration=0|theta=0.300000|delta_threshold=0.100000|A=v1.0|w=na|run_id=192|seed=12189403004882718780,False,"{""step_1_amount"": 0.7331804404705641}",5222c37788a096d3910624247b4a1e76a3afcfe0df2ea7ddd6490cebc16a26a9,0.44666666666666677,0.8067129479091584,0.3600462812424916,11,0.0,1.0,0.44666666666666677,0.8067129479091584,1,1,0.3600462812424916,"{""energy"": 0.6666666666666667, ""water"": 0.2666666666666667, ""transport"": 0.33333333333333337}","{""energy"": 0.933410468737486, ""water"": 0.44449586804721286, ""transport"": 1.0}","{""energy"": 0.26674380207081927, ""water"": 0.17782920138054614, ""transport"": 0.6666666666666666}","{""energy"": 0.0, ""water"": 0.0, ""transport"": 0.0}","{""energy"": 1.0, ""water"": 1.0, ""transport"": 1.0}","{""energy"": 1.0, ""water"": 1.0, ""transport"": 1.0}",0.3,0.1,,0.8067129479091584,,,"[""energy"", ""water""]",1,v1.0,0.7,0.3
S3_transport_load,193,193,8064933630412917897,scenario=S3_transport_load|method=both|duration=0|theta=0.300000|delta_threshold=0.100000|A=v1.0|w=na|run_id=193|seed=8064933630412917897,False,"{""step_1_amount"": 0.606716559074646}",5222c37788a096d3910624247b4a1e76a3afcfe0df2ea7ddd6490cebc16a26a9,0.44666666666666677,0.7975063964445588,0.350839729777892,5,0.0,1.0,0.44666666666666677,0.7975063964445588,1,1,0.350839729777892,"{""energy"": 0.6666666666666667, ""water"": 0.2666666666666667, ""transport"": 0.33333333333333337}","{""energy"": 0.918066216296487, ""water"": 0.4342663664198802, ""transport"": 1.0}","{""energy"": 0.25139954962982025, ""water"": 0.16759969975321348, ""transport"": 0.6666666666666666}","{""energy"": 0.0, ""water"": 0.0, ""transport"": 0.0}","{""energy"": 1.0, ""water"": 1.0, ""transport"": 1.0}","{""energy"": 1.0, ""water"": 1.0, ""transport"": 1.0}",0.3,0.1,,0.7975063964445588,,,"[""energy"", ""water""]",1,v1.0,0.7,0.3
S3_transport_load,194,194,18120363508393940927,scenario=S3_transport_load|method=both|duration=0|theta=0.300000|delta_threshold=0.100000|A=v1.0|w=na|run_id=194|seed=18120363508393940927,False,"{""step_1_amount"": 0.4835208294940313}",5222c37788a096d3910624247b4a1e76a3afcfe0df2ea7ddd6490cebc16a26a9,0.44666666666666677,0.7844677578765693,0.33780109120990254,10,0.0,1.0,0.44666666666666677,0.7844677578765693,1,1,0.33780109120990254,"{""energy"": 0.6666666666666667, ""water"": 0.2666666666666667, ""transport"": 0.33333333333333337}","{""energy"": 0.8963351520165044, ""water"": 0.4197789902332251, ""transport"": 1.0}","{""energy"": 0.22966848534983764, ""water"": 0.1531123235665584, ""transport"": 0.6666666666666666}","{""energy"": 0.0, ""water"": 0.0, ""transport"": 0.0}","{""energy"": 1.0, ""water"": 1.0, ""transport"": 1.0}","{""energy"": 1.0, ""water"": 1.0, ""transport"": 1.0}",0.3,0.1,,0.7844677578765693,,,"[""energy"", ""water""]",1,v1.0,0.7,0.3
S3_transport_load,195,195,6289394344837322147,scenario=S3_transport_load|method=both|duration=0|theta=0.300000|delta_threshold=0.100000|A=v1.0|w=na|run_id=195|seed=6289394344837322147,False,"{""step_1_amount"": 0.30820030473233817}",5222c37788a096d3910624247b4a1e76a3afcfe0df2ea7ddd6490cebc16a26a9,0.44666666666666677,0.7362556102929387,0.28958894362627197,7,0.0,0.0,0.44666666666666677,0.7362556102929387,0,1,0.28958894362627197,"{""energy"": 0.6666666666666667, ""water"": 0.2666666666666667, ""transport"": 0.33333333333333337}","{""energy"": 0.8476597564330868, ""water"": 0.38732872651094674, ""transport"": 0.9366436325547335}","{""energy"": 0.18099308976642003, ""water"": 0.12066205984428002, ""transport"": 0.6033102992214001}","{""energy"": 0.0, ""water"": 0.0, ""transport"": 0.0}","{""energy"": 0.0, ""water"": 0.0, ""transport"": 0.0}","{""energy"": 0.0, ""water"": 0.0, ""transport"": 0.0}",0.3,0.1,,0.7362556102929387,,,[],,v1.0,0.7,0.3
S3_transport_load,196,196,16303563128837369259,scenario=S3_transport_load|method=both|duration=0|theta=0.300000|delta_threshold=0.100000|A=v1.0|w=na|run_id=196|seed=16303563128837369259,False,"{""step_1_amount"": 0.49230885387592627}",5222c37788a096d3910624247b4a1e76a3afcfe0df2ea7ddd6490cebc16a26a9,0.44666666666666677,0.8428490603964012,0.3961823937297344,21,0.0,1.0,0.44666666666666677,0.8428490603964012,1,1,0.3961823937297344,"{""energy"": 0.6666666666666667, ""water"": 0.2666666666666667, ""transport"": 0.33333333333333337}","{""energy"": 0.956286316421548, ""water"": 0.5344484460926062, ""transport"": 1.0}","{""energy"": 0.2896196497548813, ""water"": 0.2677817794259395, ""transport"": 0.6666666666666666}","{""energy"": 0.0, ""water"": 0.0, ""transport"": 0.0}","{""energy"": 1.0, ""water"": 1.0, ""transport"": 1.0}","{""energy"": 1.0, ""water"": 1.0, ""transport"": 1.0}",0.3,0.1,,0.8428490603964012,,,"[""energy"", ""water""]",1,v1.0,0.7,0.3
S3_transport_load,197,197,12708163059396736815,scenario=S3_transport_load|method=both|duration=0|theta=0.300000|delta_threshold=0.100000|A=v1.0|w=na|run_id=197|seed=12708163059396736815,False,"{""step_1_amount"": 0.6571196491583604}",5222c37788a096d3910624247b4a1e76a3afcfe0df2ea7ddd6490cebc16a26a9,0.44666666666666677,0.8455416109735374,0.39887494430687065,15,0.0,1.0,0.44666666666666677,0.8455416109735374,1,1,0.39887494430687065,"{""energy"": 0.6666666666666667, ""water"": 0.2666666666666667, ""transport"": 0.33333333333333337}","{""energy"": 0.9480143671082079, ""water"": 0.554452880434181, ""transport"": 1.0}","{""energy"": 0.2813477004415411, ""water"": 0.28778621376751423, ""transport"": 0.6666666666666666}","{""energy"": 0.0, ""water"": 0.0, ""transport"": 0.0}","{""energy"": 1.0, ""water"": 1.0, ""transport"": 1.0}","{""energy"": 1.0, ""water"": 1.0, ""transport"": 1.0}",0.3,0.1,,0.8455416109735374,,,"[""energy"", ""water""]",1,v1.0,0.7,0.3
S3_transport_load,198,198,8280787145063015524,scenario=S3_transport_load|method=both|duration=0|theta=0.300000|delta_threshold=0.100000|A=v1.0|w=na|run_id=198|seed=8280787145063015524,False,"{""step_1_amount"": 0.37384945277041837}",5222c37788a096d3910624247b4a1e76a3afcfe0df2ea7ddd6490cebc16a26a9,0.44666666666666677,0.7680271689049767,0.3213605022383099,17,0.0,0.0,0.44666666666666677,0.7680271689049767,0,1,0.3213605022383099,"{""energy"": 0.6666666666666667, ""water"": 0.2666666666666667, ""transport"": 0.33333333333333337}","{""energy"": 0.8689341703971835, ""water"": 0.40151166915367786, ""transport"": 1.0}","{""energy"": 0.20226750373051672, ""water"": 0.13484500248701115, ""transport"": 0.6666666666666666}","{""energy"": 0.0, ""water"": 0.0, ""transport"": 0.0}","{""energy"": 0.0, ""water"": 0.0, ""transport"": 0.0}","{""energy"": 0.0, ""water"": 0.0, ""transport"": 0.0}",0.3,0.1,,0.7680271689049767,,,[],,v1.0,0.7,0.3
S3_transport_load,199,199,11934274063863987352,scenario=S3_transport_load|method=both|duration=0|theta=0.300000|delta_threshold=0.100000|A=v1.0|w=na|run_id=199|seed=11934274063863987352,False,"{""step_1_amount"": 0.8390584106496856}",5222c37788a096d3910624247b4a1e76a3afcfe0df2ea7ddd6490cebc16a26a9,0.44666666666666677,0.8121429692592299,0.36547630259256314,7,0.0,1.0,0.44666666666666677,0.8121429692592299,1,1,0.36547630259256314,"{""energy"": 0.6666666666666667, ""water"": 0.2666666666666667, ""transport"": 0.33333333333333337}","{""energy"": 0.9424605043209386, ""water"": 0.450529225102848, ""transport"": 1.0}","{""energy"": 0.2757938376542719, ""water"": 0.18386255843618127, ""transport"": 0.6666666666666666}","{""energy"": 0.0, ""water"": 0.0, ""transport"": 0.0}","{""energy"": 1.0, ""water"": 1.0, ""transport"": 1.0}","{""energy"": 1.0, ""water"": 1.0, ""transport"": 1.0}",0.3,0.1,,0.8121429692592299,,,"[""energy"", ""water""]",1,v1.0,0.7,0.3
S3_transport_load,200,200,4061938115003722509,scenario=S3_transport_load|method=both|duration=0|theta=0.300000|delta_threshold=0.100000|A=v1.0|w=na|run_id=200|seed=4061938115003722509,False,"{""step_1_amount"": 0.9664651521102422}",5222c37788a096d3910624247b4a1e76a3afcfe0df2ea7ddd6490cebc16a26a9,0.44666666666666677,0.8685806103864742,0.4219139437198074,19,0.0,1.0,0.44666666666666677,0.8685806103864742,1,1,0.4219139437198074,"{""energy"": 0.6666666666666667, ""water"": 0.2666666666666667, ""transport"": 0.33333333333333337}","{""energy"": 0.9774255672081436, ""water"": 0.5920346116773894, ""transport"": 1.0}","{""energy"": 0.3107589005414768, ""water"": 0.32536794501072264, ""transport"": 0.6666666666666666}","{""energy"": 0.0, ""water"": 0.0, ""transport"": 0.0}","{""energy"": 1.0, ""water"": 1.0, ""transport"": 1.0}","{""energy"": 1.0, ""water"": 1.0, ""transport"": 1.0}",0.3,0.1,,0.8685806103864742,,,"[""energy"", ""water""]",1,v1.0,0.7,0.3
S3_transport_load,201,201,6073668966561402592,scenario=S3_transport_load|method=both|duration=0|theta=0.300000|delta_threshold=0.100000|A=v1.0|w=na|run_id=201|seed=6073668966561402592,False,"{""step_1_amount"": 0.5367255804219593}",5222c37788a096d3910624247b4a1e76a3afcfe0df2ea7ddd6490cebc16a26a9,0.44666666666666677,0.7906932546716235,0.3440265880049568,13,0.0,1.0,0.44666666666666677,0.7906932546716235,1,1,0.3440265880049568,"{""energy"": 0.6666666666666667, ""water"": 0.2666666666666667, ""transport"": 0.33333333333333337}","{""energy"": 0.9067109800082614, ""water"": 0.4266962088943965, ""transport"": 1.0}","{""energy"": 0.2400443133415947, ""water"": 0.1600295422277298, ""transport"": 0.6666666666666666}","{""energy"": 0.0, ""water"": 0.0, ""transport"": 0.0}","{""energy"": 1.0, ""water"": 1.0, ""transport"": 1.0}","{""energy"": 1.0, ""water"": 1.0, ""transport"": 1.0}",0.3,0.1,,0.7906932546716235,,,"[""energy"", ""water""]",1,v1.0,0.7,0.3
S3_transport_load,202,202,5739984461850551627,scenario=S3_transport_load|method=both|duration=0|theta=0.300000|delta_threshold=0.100000|A=v1.0|w=na|run_id=202|seed=5739984461850551627,False,"{""step_1_amount"": 0.18898013672974712}",5222c37788a096d3910624247b4a1e76a3afcfe0df2ea7ddd6490cebc16a26a9,0.44666666666666677,0.6543826518062001,0.20771598513953338,21,0.0,0.0,0.44666666666666677,0.6543826518062001,0,1,0.20771598513953338,"{""energy"": 0.6666666666666667, ""water"": 0.2666666666666667, ""transport"": 0.33333333333333337}","{""energy"": 0.7964891573788752, ""water"": 0.35321499380813903, ""transport"": 0.7660749690406948}","{""energy"": 0.12982249071220842, ""water"": 0.08654832714147231, ""transport"": 0.43274163570736146}","{""energy"": 0.0, ""water"": 0.0, ""transport"": 0.0}","{""energy"": 0.0, ""water"": 0.0, ""transport"": 0.0}","{""energy"": 0.0, ""water"": 0.0, ""transport"": 0.0}",0.3,0.1,,0.6543826518062001,,,[],,v1.0,0.7,0.3
S3_transport_load,203,203,4536663420203156144,scenario=S3_transport_load|method=both|duration=0|theta=0.300000|delta_threshold=0.100000|A=v1.0|w=na|run_id=203|seed=4536663420203156144,False,"{""step_1_amount"": 0.3957978007854783}",5222c37788a096d3910624247b4a1e76a3afcfe0df2ea7ddd6490cebc16a26a9,0.44666666666666677,0.7717639160957526,0.3250972494290858,5,0.0,0.0,0.44666666666666677,0.7717639160957526,0,1,0.3250972494290858,"{""energy"": 0.6666666666666667, ""water"": 0.2666666666666667, ""transport"": 0.33333333333333337}","{""energy"": 0.8751620823818098, ""water"": 0.4056636104767621, ""transport"": 1.0}","{""energy"": 0.20849541571514307, ""water"": 0.13899694381009536, ""transport"": 0.6666666666666666}","{""energy"": 0.0, ""water"": 0.0, ""transport"": 0.0}","{""energy"": 0.0, ""water"": 0.0, ""transport"": 0.0}","{""energy"": 0.0, ""water"": 0.0, ""transport"": 0.0}",0.3,0.1,,0.7717639160957526,,,[],,v1.0,0.7,0.3
S3_transport_load,204,204,16281421624142479455,scenario=S3_transport_load|method=both|duration=0|theta=0.300000|delta_threshold=0.100000|A=v1.0|w=na|run_id=204|seed=16281421624142479455,False,"{""step_1_amount"": 0.4064230960361777}",5222c37788a096d3910624247b4a1e76a3afcfe0df2ea7ddd6490cebc16a26a9,0.44666666666666677,0.8015530611884227,0.35488639452175597,18,0.0,1.0,0.44666666666666677,0.8015530611884227,1,1,0.35488639452175597,"{""energy"": 0.6666666666666667, ""water"": 0.2666666666666667, ""transport"": 0.33333333333333337}","{""energy"": 0.9248106575362602, ""water"": 0.438762660579729, ""transport"": 1.0}","{""energy"": 0.2581439908695935, ""water"": 0.1720959939130623, ""transport"": 0.6666666666666666}","{""energy"": 0.0, ""water"": 0.0, ""transport"": 0.0}","{""energy"": 1.0, ""water"": 1.0, ""transport"": 1.0}","{""energy"": 1.0, ""water"": 1.0, ""transport"": 1.0}",0.3,0.1,,0.8015530611884227,,,"[""energy"", ""water""]",1,v1.0,0.7,0.3
S3_transport_load,205,205,2562836663160094325,scenario=S3_transport_load|method=both|duration=0|theta=0.300000|delta_threshold=0.100000|A=v1.0|w=na|run_id=205|seed=2562836663160094325,False,"{""step_1_amount"": 0.7849172246373651}",5222c37788a096d3910624247b4a1e76a3afcfe0df2ea7ddd6490cebc16a26a9,0.44666666666666677,0.8095815933409609,0.36291492667429415,6,0.0,1.0,0.44666666666666677,0.8095815933409609,1,1,0.36291492667429415,"{""energy"": 0.6666666666666667, ""water"": 0.2666666666666667, ""transport"": 0.33333333333333337}","{""energy"": 0.938191544457157, ""water"": 0.4476832518603269, ""transport"": 1.0}","{""energy"": 0.2715248777904903, ""water"": 0.1810165851936602, ""transport"": 0.6666666666666666}","{""energy"": 0.0, ""water"": 0.0, ""transport"": 0.0}","{""energy"": 1.0, ""water"": 1.0, ""transport"": 1.0}","{""energy"": 1.0, ""water"": 1.0, ""transport"": 1.0}",0.3,0.1,,0.8095815933409609,,,"[""energy"", ""water""]",1,v1.0,0.7,0.3
S3_transport_load,206,206,7531248459774219172,scenario=S3_transport_load|method=both|duration=0|theta=0.300000|delta_threshold=0.100000|A=v1.0|w=na|run_id=206|seed=7531248459774219172,False,"{""step_1_amount"": 0.64503739792679}",5222c37788a096d3910624247b4a1e76a3afcfe0df2ea7ddd6490cebc16a26a9,0.44666666666666677,0.8006732147371725,0.3540065480705057,14,0.0,1.0,0.44666666666666677,0.8006732147371725,1,1,0.3540065480705057,"{""energy"": 0.6666666666666667, ""water"": 0.2666666666666667, ""transport"": 0.33333333333333337}","{""energy"": 0.9233442467841761, ""water"": 0.43778505341167295, ""transport"": 1.0}","{""energy"": 0.2566775801175094, ""water"": 0.17111838674500623, ""transport"": 0.6666666666666666}","{""energy"": 0.0, ""water"": 0.0, ""transport"": 0.0}","{""energy"": 1.0, ""water"": 1.0, ""transport"": 1.0}","{""energy"": 1.0, ""water"": 1.0, ""transport"": 1.0}",0.3,0.1,,0.8006732147371725,,,"[""energy"", ""water""]",1,v1.0,0.7,0.3
S3_transport_load,207,207,755848377568324281,scenario=S3_transport_load|method=both|duration=0|theta=0.300000|delta_threshold=0.100000|A=v1.0|w=na|run_id=207|seed=755848377568324281,False,"{""step_1_amount"": 0.6643153390262955}",5222c37788a096d3910624247b4a1e76a3afcfe0df2ea7ddd6490cebc16a26a9,0.44666666666666677,0.8021338706790575,0.35546720401239074,12,0.0,1.0,0.44666666666666677,0.8021338706790575,1,1,0.35546720401239074,"{""energy"": 0.6666666666666667, ""water"": 0.2666666666666667, ""transport"": 0.33333333333333337}","{""energy"": 0.9257786733539848, ""water"": 0.4394080044582121, ""transport"": 1.0}","{""energy"": 0.25911200668731804, ""water"": 0.17274133779154538, ""transport"": 0.6666666666666666}","{""energy"": 0.0, ""water"": 0.0, ""transport"": 0.0}","{""energy"": 1.0, ""water"": 1.0, ""transport"": 1.0}","{""energy"": 1.0, ""water"": 1.0, ""transport"": 1.0}",0.3,0.1,,0.8021338706790575,,,"[""energy"", ""water""]",1,v1.0,0.7,0.3
S3_transport_load,208,208,6763672713986325627,scenario=S3_transport_load|method=both|duration=0|theta=0.300000|delta_threshold=0.100000|A=v1.0|w=na|run_id=208|seed=6763672713986325627,False,"{""step_1_amount"": 0.1859781232723242}",5222c37788a096d3910624247b4a1e76a3afcfe0df2ea7ddd6490cebc16a26a9,0.44666666666666677,0.6530637168247735,0.20639705015810672,24,0.0,0.0,0.44666666666666677,0.6530637168247735,0,1,0.20639705015810672,"{""energy"": 0.6666666666666667, ""water"": 0.2666666666666667, ""transport"": 0.33333333333333337}","{""energy"": 0.795436563431211, ""water"": 0.35462339755541483, ""transport"": 0.7616735739522157}","{""energy"": 0.1287698967645443, ""water"": 0.08795673088874811, ""transport"": 0.4283402406188823}","{""energy"": 0.0, ""water"": 0.0, ""transport"": 0.0}","{""energy"": 0.0, ""water"": 0.0, ""transport"": 0.0}","{""energy"": 0.0, ""water"": 0.0, ""transport"": 0.0}",0.3,0.1,,0.6530637168247735,,,[],,v1.0,0.7,0.3
S3_transport_load,209,209,6887024973343668647,scenario=S3_transport_load|method=both|duration=0|theta=0.300000|delta_threshold=0.100000|A=v1.0|w=na|run_id=209|seed=6887024973343668647,False,"{""step_1_amount"": 0.5023476741990777}",5222c37788a096d3910624247b4a1e76a3afcfe0df2ea7ddd6490cebc16a26a9,0.44666666666666677,0.7867851159643795,0.34011844929771273,29,0.0,1.0,0.44666666666666677,0.7867851159643795,1,1,0.34011844929771273,"{""energy"": 0.6666666666666667, ""water"": 0.2666666666666667, ""transport"": 0.33333333333333337}","{""energy"": 0.900197415496188, ""water"": 0.42235383255301423, ""transport"": 1.0}","{""energy"": 0.2335307488295213, ""water"": 0.1556871658863475, ""transport"": 0.6666666666666666}","{""energy"": 0.0, ""water"": 0.0, ""transport"": 0.0}","{""energy"": 1.0, ""water"": 1.0, ""transport"": 1.0}","{""energy"": 1.0, ""water"": 1.0, ""transport"": 1.0}",0.3,0.1,,0.7867851159643795,,,"[""energy"", ""water""]",1,v1.0,0.7,0.3
S3_transport_load,210,210,915793366017459352,scenario=S3_transport_load|method=both|duration=0|theta=0.300000|delta_threshold=0.100000|A=v1.0|w=na|run_id=210|seed=915793366017459352,False,"{""step_1_amount"": 0.321201100528386}",5222c37788a096d3910624247b4a1e76a3afcfe0df2ea7ddd6490cebc16a26a9,0.44666666666666677,0.7435391353657377,0.2968724686990709,26,0.0,0.0,0.44666666666666677,0.7435391353657377,0,1,0.2968724686990709,"{""energy"": 0.6666666666666667, ""water"": 0.2666666666666667, ""transport"": 0.33333333333333337}","{""energy"": 0.8522119596035861, ""water"": 0.390363528624613, ""transport"": 0.9518176431230646}","{""energy"": 0.18554529293691935, ""water"": 0.12369686195794627, ""transport"": 0.6184843097897312}","{""energy"": 0.0, ""water"": 0.0, ""transport"": 0.0}","{""energy"": 0.0, ""water"": 0.0, ""transport"": 0.0}","{""energy"": 0.0, ""water"": 0.0, ""transport"": 0.0}",0.3,0.1,,0.7435391353657377,,,[],,v1.0,0.7,0.3
S3_transport_load,211,211,4725530046482715071,scenario=S3_transport_load|method=both|duration=0|theta=0.300000|delta_threshold=0.100000|A=v1.0|w=na|run_id=211|seed=4725530046482715071,False,"{""step_1_amount"": 0.11200091515966382}",5222c37788a096d3910624247b4a1e76a3afcfe0df2ea7ddd6490cebc16a26a9,0.44666666666666677,0.5836485176059103,0.13698185093924353,13,0.0,0.0,0.44666666666666677,0.5836485176059103,0,0,0.13698185093924353,"{""energy"": 0.6666666666666667, ""water"": 0.2666666666666667, ""transport"": 0.33333333333333337}","{""energy"": 0.752280323503694, ""water"": 0.3237424378913516, ""transport"": 0.6187121894567577}","{""energy"": 0.08561365683702726, ""water"": 0.05707577122468488, ""transport"": 0.2853788561234243}","{""energy"": 0.0, ""water"": 0.0, ""transport"": 0.0}","{""energy"": 0.0, ""water"": 0.0, ""transport"": 0.0}","{""energy"": 0.0, ""water"": 0.0, ""transport"": 0.0}",0.3,0.1,,0.5836485176059103,,,[],,v1.0,0.7,0.3
S3_transport_load,212,212,987747274465086728,scenario=S3_transport_load|method=both|duration=0|theta=0.300000|delta_threshold=0.100000|A=v1.0|w=na|run_id=212|seed=987747274465086728,False,"{""step_1_amount"": 0.16684862508319778}",5222c37788a096d3910624247b4a1e76a3afcfe0df2ea7ddd6490cebc16a26a9,0.44666666666666677,0.8165654919023628,0.36989882523569606,17,0.0,1.0,0.44666666666666677,0.8165654919023628,1,1,0.36989882523569606,"{""energy"": 0.6666666666666667, ""water"": 0.2666666666666667, ""transport"": 0.33333333333333337}","{""energy"": 0.9170185476639006, ""water"": 0.499193576122675, ""transport"": 1.0}","{""energy"": 0.2503518809972338, ""water"": 0.2325269094560083, ""transport"": 0.6666666666666666}","{""energy"": 0.0, ""water"": 0.0, ""transport"": 0.0}","{""energy"": 1.0, ""water"": 1.0, ""transport"": 1.0}","{""energy"": 1.0, ""water"": 1.0, ""transport"": 1.0}",0.3,0.1,,0.8165654919023628,,,"[""energy"", ""water""]",2,v1.0,0.7,0.3
S3_transport_load,213,213,12954849707163925874,scenario=S3_transport_load|method=both|duration=0|theta=0.300000|delta_threshold=0.100000|A=v1.0|w=na|run_id=213|seed=12954849707163925874,False,"{""step_1_amount"": 0.5651686692243033}",5222c37788a096d3910624247b4a1e76a3afcfe0df2ea7ddd6490cebc16a26a9,0.44666666666666677,0.7936355236734371,0.3469688570067704,10,0.0,1.0,0.44666666666666677,0.7936355236734371,1,1,0.3469688570067704,"{""energy"": 0.6666666666666667, ""water"": 0.2666666666666667, ""transport"": 0.33333333333333337}","{""energy"": 0.9116147616779506, ""water"": 0.4299653966741893, ""transport"": 1.0}","{""energy"": 0.2449480950112839, ""water"": 0.1632987300075226, ""transport"": 0.6666666666666666}","{""energy"": 0.0, ""water"": 0.0, ""transport"": 0.0}","{""energy"": 1.0, ""water"": 1.0, ""transport"": 1.0}","{""energy"": 1.0, ""water"": 1.0, ""transport"": 1.0}",0.3,0.1,,0.7936355236734371,,,"[""energy"", ""water""]",1,v1.0,0.7,0.3
S3_transport_load,214,214,11726991800809070561,scenario=S3_transport_load|method=both|duration=0|theta=0.300000|delta_threshold=0.100000|A=v1.0|w=na|run_id=214|seed=11726991800809070561,False,"{""step_1_amount"": 0.2878655064017843}",5222c37788a096d3910624247b4a1e76a3afcfe0df2ea7ddd6490cebc16a26a9,0.44666666666666677,0.7242780721056485,0.2776114054389818,9,0.0,0.0,0.44666666666666677,0.7242780721056485,0,1,0.2776114054389818,"{""energy"": 0.6666666666666667, ""water"": 0.2666666666666667, ""transport"": 0.33333333333333337}","{""energy"": 0.8401737950660304, ""water"": 0.3823380855995758, ""transport"": 0.9116904279978789}","{""energy"": 0.17350712839936366, ""water"": 0.11567141893290911, ""transport"": 0.5783570946645455}","{""energy"": 0.0, ""water"": 0.0, ""transport"": 0.0}","{""energy"": 0.0, ""water"": 0.0, ""transport"": 0.0}","{""energy"": 0.0, ""water"": 0.0, ""transport"": 0.0}",0.3,0.1,,0.7242780721056485,,,[],,v1.0,0.7,0.3
S3_transport_load,215,215,8343605827753417840,scenario=S3_transport_load|method=both|duration=0|theta=0.300000|delta_threshold=0.100000|A=v1.0|w=na|run_id=215|seed=8343605827753417840,False,"{""step_1_amount"": 0.3772850537967534}",5222c37788a096d3910624247b4a1e76a3afcfe0df2ea7ddd6490cebc16a26a9,0.44666666666666677,0.7686284506916246,0.3219617840249578,7,0.0,0.0,0.44666666666666677,0.7686284506916246,0,1,0.3219617840249578,"{""energy"": 0.6666666666666667, ""water"": 0.2666666666666667, ""transport"": 0.33333333333333337}","{""energy"": 0.8699363067082633, ""water"": 0.40217976002773104, ""transport"": 1.0}","{""energy"": 0.20326964004159653, ""water"": 0.13551309336106432, ""transport"": 0.6666666666666666}","{""energy"": 0.0, ""water"": 0.0, ""transport"": 0.0}","{""energy"": 0.0, ""water"": 0.0, ""transport"": 0.0}","{""energy"": 0.0, ""water"": 0.0, ""transport"": 0.0}",0.3,0.1,,0.7686284506916246,,,[],,v1.0,0.7,0.3
S3_transport_load,216,216,9872711467777050767,scenario=S3_transport_load|method=both|duration=0|theta=0.300000|delta_threshold=0.100000|A=v1.0|w=na|run_id=216|seed=9872711467777050767,False,"{""step_1_amount"": 0.27485142463347617}",5222c37788a096d3910624247b4a1e76a3afcfe0df2ea7ddd6490cebc16a26a9,0.44666666666666677,0.7162200896240369,0.26955342295737017,12,0.0,0.0,0.44666666666666677,0.7162200896240369,0,1,0.26955342295737017,"{""energy"": 0.6666666666666667, ""water"": 0.2666666666666667, ""transport"": 0.33333333333333337}","{""energy"": 0.8351375560150232, ""water"": 0.3789805928989043, ""transport"": 0.8949029644945213}","{""energy"": 0.1684708893483564, ""water"": 0.11231392623223757, ""transport"": 0.561569631161188}","{""energy"": 0.0, ""water"": 0.0, ""transport"": 0.0}","{""energy"": 0.0, ""water"": 0.0, ""transport"": 0.0}","{""energy"": 0.0, ""water"": 0.0, ""transport"": 0.0}",0.3,0.1,,0.7162200896240369,,,[],,v1.0,0.7,0.3
S3_transport_load,217,217,2073786261119117143,scenario=S3_transport_load|method=both|duration=0|theta=0.300000|delta_threshold=0.100000|A=v1.0|w=na|run_id=217|seed=2073786261119117143,False,"{""step_1_amount"": 0.6304534452495246}",5222c37788a096d3910624247b4a1e76a3afcfe0df2ea7ddd6490cebc16a26a9,0.44666666666666677,0.8514235495753462,0.4047568829086794,21,0.0,1.0,0.44666666666666677,0.8514235495753462,1,1,0.4047568829086794,"{""energy"": 0.6666666666666667, ""water"": 0.2666666666666667, ""transport"": 0.33333333333333337}","{""energy"": 0.9665055066767694, ""water"": 0.5494044896821276, ""transport"": 1.0}","{""energy"": 0.29983884001010264, ""water"": 0.2827378230154609, ""transport"": 0.6666666666666666}","{""energy"": 0.0, ""water"": 0.0, ""transport"": 0.0}","{""energy"": 1.0, ""water"": 1.0, ""transport"": 1.0}","{""energy"": 1.0, ""water"": 1.0, ""transport"": 1.0}",0.3,0.1,,0.8514235495753462,,,"[""energy"", ""water""]",1,v1.0,0.7,0.3
S3_transport_load,218,218,16608403195536182180,scenario=S3_transport_load|method=both|duration=0|theta=0.300000|delta_threshold=0.100000|A=v1.0|w=na|run_id=218|seed=16608403195536182180,False,"{""step_1_amount"": 0.3184926577596398}",5222c37788a096d3910624247b4a1e76a3afcfe0df2ea7ddd6490cebc16a26a9,0.44666666666666677,0.7657361232844614,0.3190694566177946,24,0.0,0.0,0.44666666666666677,0.7657361232844614,0,1,0.3190694566177946,"{""energy"": 0.6666666666666667, ""water"": 0.2666666666666667, ""transport"": 0.33333333333333337}","{""energy"": 0.8613594745063561, ""water"": 0.4401474421001448, ""transport"": 0.963827002839585}","{""energy"": 0.19469280783968934, ""water"": 0.17348077543347806, ""transport"": 0.6304936695062516}","{""energy"": 0.0, ""water"": 0.0, ""transport"": 0.0}","{""energy"": 0.0, ""water"": 0.0, ""transport"": 0.0}","{""energy"": 0.0, ""water"": 0.0, ""transport"": 0.0}",0.3,0.1,,0.7657361232844614,,,[],,v1.0,0.7,0.3
S3_transport_load,219,219,6854392867040430889,scenario=S3_transport_load|method=both|duration=0|theta=0.300000|delta_threshold=0.100000|A=v1.0|w=na|run_id=219|seed=6854392867040430889,False,"{""step_1_amount"": 0.3261922961654484}",5222c37788a096d3910624247b4a1e76a3afcfe0df2ea7ddd6490cebc16a26a9,0.44666666666666677,0.7462607840979629,0.29959411743129616,24,0.0,0.0,0.44666666666666677,0.7462607840979629,0,1,0.29959411743129616,"{""energy"": 0.6666666666666667, ""water"": 0.2666666666666667, ""transport"": 0.33333333333333337}","{""energy"": 0.8539129900612268, ""water"": 0.3914975489297068, ""transport"": 0.9574877446485336}","{""energy"": 0.18724632339456004, ""water"": 0.12483088226304007, ""transport"": 0.6241544113152002}","{""energy"": 0.0, ""water"": 0.0, ""transport"": 0.0}","{""energy"": 0.0, ""water"": 0.0, ""transport"": 0.0}","{""energy"": 0.0, ""water"": 0.0, ""transport"": 0.0}",0.3,0.1,,0.7462607840979629,,,[],,v1.0,0.7,0.3
S3_transport_load,220,220,2761144013062717221,scenario=S3_transport_load|method=both|duration=0|theta=0.300000|delta_threshold=0.100000|A=v1.0|w=na|run_id=220|seed=2761144013062717221,False,"{""step_1_amount"": 0.3807145337248453}",5222c37788a096d3910624247b4a1e76a3afcfe0df2ea7ddd6490cebc16a26a9,0.44666666666666677,0.8055734669904913,0.3589068003238245,18,0.0,1.0,0.44666666666666677,0.8055734669904913,1,1,0.3589068003238245,"{""energy"": 0.6666666666666667, ""water"": 0.2666666666666667, ""transport"": 0.33333333333333337}","{""energy"": 0.9315113338730409, ""water"": 0.4432297781375828, ""transport"": 1.0}","{""energy"": 0.2648446672063741, ""water"": 0.17656311147091608, ""transport"": 0.6666666666666666}","{""energy"": 0.0, ""water"": 0.0, ""transport"": 0.0}","{""energy"": 1.0, ""water"": 1.0, ""transport"": 1.0}","{""energy"": 1.0, ""water"": 1.0, ""transport"": 1.0}",0.3,0.1,,0.8055734669904913,,,"[""energy"", ""water""]",2,v1.0,0.7,0.3
S3_transport_load,221,221,2299597946776917687,scenario=S3_transport_load|method=both|duration=0|theta=0.300000|delta_threshold=0.100000|A=v1.0|w=na|run_id=221|seed=2299597946776917687,False,"{""step_1_amount"": 0.851414304739388}",5222c37788a096d3910624247b4a1e76a3afcfe0df2ea7ddd6490cebc16a26a9,0.44666666666666677,0.8126714733364984,0.3660048066698316,27,0.0,1.0,0.44666666666666677,0.8126714733364984,1,1,0.3660048066698316,"{""energy"": 0.6666666666666667, ""water"": 0.2666666666666667, ""transport"": 0.33333333333333337}","{""energy"": 0.9433413444497196, ""water"": 0.45111645185536864, ""transport"": 1.0}","{""energy"": 0.2766746777830529, ""water"": 0.18444978518870192, ""transport"": 0.6666666666666666}","{""energy"": 0.0, ""water"": 0.0, ""transport"": 0.0}","{""energy"": 1.0, ""water"": 1.0, ""transport"": 1.0}","{""energy"": 1.0, ""water"": 1.0, ""transport"": 1.0}",0.3,0.1,,0.8126714733364984,,,"[""energy"", ""water""]",1,v1.0,0.7,0.3
S3_transport_load,222,222,16412188789920188860,scenario=S3_transport_load|method=both|duration=0|theta=0.300000|delta_threshold=0.100000|A=v1.0|w=na|run_id=222|seed=16412188789920188860,False,"{""step_1_amount"": 0.7408095008808915}",5222c37788a096d3910624247b4a1e76a3afcfe0df2ea7ddd6490cebc16a26a9,0.44666666666666677,0.8071644458206744,0.3604977791540076,8,0.0,1.0,0.44666666666666677,0.8071644458206744,1,1,0.3604977791540076,"{""energy"": 0.6666666666666667, ""water"": 0.2666666666666667, ""transport"": 0.33333333333333337}","{""energy"": 0.9341629652566796, ""water"": 0.444997532393342, ""transport"": 1.0}","{""energy"": 0.2674962985900129, ""water"": 0.17833086572667528, ""transport"": 0.6666666666666666}","{""energy"": 0.0, ""water"": 0.0, ""transport"": 0.0}","{""energy"": 1.0, ""water"": 1.0, ""transport"": 1.0}","{""energy"": 1.0, ""water"": 1.0, ""transport"": 1.0}",0.3,0.1,,0.8071644458206744,,,"[""energy"", ""water""]",1,v1.0,0.7,0.3
S3_transport_load,223,223,7648405082535341971,scenario=S3_transport_load|method=both|duration=0|theta=0.300000|delta_threshold=0.100000|A=v1.0|w=na|run_id=223|seed=7648405082535341971,False,"{""step_1_amount"": 0.5800663935798734}",5222c37788a096d3910624247b4a1e76a3afcfe0df2ea7ddd6490cebc16a26a9,0.44666666666666677,0.7950792867706373,0.34841262010397056,30,0.0,1.0,0.44666666666666677,0.7950792867706373,1,1,0.34841262010397056,"{""energy"": 0.6666666666666667, ""water"": 0.2666666666666667, ""transport"": 0.33333333333333337}","{""energy"": 0.9140210335066177, ""water"": 0.43156957789330064, ""transport"": 1.0}","{""energy"": 0.24735436683995093, ""water"": 0.16490291122663392, ""transport"": 0.6666666666666666}","{""energy"": 0.0, ""water"": 0.0, ""transport"": 0.0}","{""energy"": 1.0, ""water"": 1.0, ""transport"": 1.0}","{""energy"": 1.0, ""water"": 1.0, ""transport"": 1.0}",0.3,0.1,,0.7950792867706373,,,"[""energy"", ""water""]",1,v1.0,0.7,0.3
S3_transport_load,224,224,17177694328026995220,scenario=S3_transport_load|method=both|duration=0|theta=0.300000|delta_threshold=0.100000|A=v1.0|w=na|run_id=224|seed=17177694328026995220,False,"{""step_1_amount"": 0.197982758676284}",5222c37788a096d3910624247b4a1e76a3afcfe0df2ea7ddd6490cebc16a26a9,0.44666666666666677,0.6942571171540803,0.24759045048741357,27,0.0,0.0,0.44666666666666677,0.6942571171540803,0,1,0.24759045048741357,"{""energy"": 0.6666666666666667, ""water"": 0.2666666666666667, ""transport"": 0.33333333333333337}","{""energy"": 0.8149042342798897, ""water"": 0.42564035617829915, ""transport"": 0.8020110552954489}","{""energy"": 0.14823756761322293, ""water"": 0.15897368951163243, ""transport"": 0.46867772196211555}","{""energy"": 0.0, ""water"": 0.0, ""transport"": 0.0}","{""energy"": 0.0, ""water"": 0.0, ""transport"": 0.0}","{""energy"": 0.0, ""water"": 0.0, ""transport"": 0.0}",0.3,0.1,,0.6942571171540803,,,[],,v1.0,0.7,0.3
S3_transport_load,225,225,6232107489489963829,scenario=S3_transport_load|method=both|duration=0|theta=0.300000|delta_threshold=0.100000|A=v1.0|w=na|run_id=225|seed=6232107489489963829,False,"{""step_1_amount"": 0.3548416454462031}",5222c37788a096d3910624247b4a1e76a3afcfe0df2ea7ddd6490cebc16a26a9,0.44666666666666677,0.7778324164797288,0.331165749813062,28,0.0,1.0,0.44666666666666677,0.7778324164797288,1,1,0.331165749813062,"{""energy"": 0.6666666666666667, ""water"": 0.2666666666666667, ""transport"": 0.33333333333333337}","{""energy"": 0.8852762496884368, ""water"": 0.41240638868118007, ""transport"": 1.0}","{""energy"": 0.21860958302177003, ""water"": 0.14573972201451335, ""transport"": 0.6666666666666666}","{""energy"": 0.0, ""water"": 0.0, ""transport"": 0.0}","{""energy"": 1.0, ""water"": 1.0, ""transport"": 1.0}","{""energy"": 1.0, ""water"": 1.0, ""transport"": 1.0}",0.3,0.1,,0.7778324164797288,,,"[""energy"", ""water""]",2,v1.0,0.7,0.3
S3_transport_load,226,226,18145995982920182448,scenario=S3_transport_load|method=both|duration=0|theta=0.300000|delta_threshold=0.100000|A=v1.0|w=na|run_id=226|seed=18145995982920182448,False,"{""step_1_amount"": 0.3220945856443309}",5222c37788a096d3910624247b4a1e76a3afcfe0df2ea7ddd6490cebc16a26a9,0.44666666666666677,0.8095391555883642,0.36287248892169743,30,0.0,1.0,0.44666666666666677,0.8095391555883642,1,1,0.36287248892169743,"{""energy"": 0.6666666666666667, ""water"": 0.2666666666666667, ""transport"": 0.33333333333333337}","{""energy"": 0.9381208148694957, ""water"": 0.44763609880188604, ""transport"": 1.0}","{""energy"": 0.271454148202829, ""water"": 0.18096943213521932, ""transport"": 0.6666666666666666}","{""energy"": 0.0, ""water"": 0.0, ""transport"": 0.0}","{""energy"": 1.0, ""water"": 1.0, ""transport"": 1.0}","{""energy"": 1.0, ""water"": 1.0, ""transport"": 1.0}",0.3,0.1,,0.8095391555883642,,,"[""energy"", ""water""]",2,v1.0,0.7,0.3
S3_transport_load,227,227,2469420838935060618,scenario=S3_transport_load|method=both|duration=0|theta=0.300000|delta_threshold=0.100000|A=v1.0|w=na|run_id=227|seed=2469420838935060618,False,"{""step_1_amount"": 0.9072745267370391}",5222c37788a096d3910624247b4a1e76a3afcfe0df2ea7ddd6490cebc16a26a9,0.44666666666666677,0.8148308141825407,0.3681641475158739,10,0.0,1.0,0.44666666666666677,0.8148308141825407,1,1,0.3681641475158739,"{""energy"": 0.6666666666666667, ""water"": 0.2666666666666667, ""transport"": 0.33333333333333337}","{""energy"": 0.94694024585979, ""water"": 0.45351571946208225, ""transport"": 1.0}","{""energy"": 0.28027357919312323, ""water"": 0.18684905279541553, ""transport"": 0.6666666666666666}","{""energy"": 0.0, ""water"": 0.0, ""transport"": 0.0}","{""energy"": 1.0, ""water"": 1.0, ""transport"": 1.0}","{""energy"": 1.0, ""water"": 1.0, ""transport"": 1.0}",0.3,0.1,,0.8148308141825407,,,"[""energy"", ""water""]",1,v1.0,0.7,0.3
S3_transport_load,228,228,335817252420202936,scenario=S3_transport_load|method=both|duration=0|theta=0.300000|delta_threshold=0.100000|A=v1.0|w=na|run_id=228|seed=335817252420202936,False,"{""step_1_amount"": 0.37961623975736875}",5222c37788a096d3910624247b4a1e76a3afcfe0df2ea7ddd6490cebc16a26a9,0.44666666666666677,0.7690329282969874,0.32236626163032067,27,0.0,0.0,0.44666666666666677,0.7690329282969874,0,1,0.32236626163032067,"{""energy"": 0.6666666666666667, ""water"": 0.2666666666666667, ""transport"": 0.33333333333333337}","{""energy"": 0.8706104360505345, ""water"": 0.40262917958924527, ""transport"": 1.0}","{""energy"": 0.2039437693838677, ""water"": 0.13596251292257855, ""transport"": 0.6666666666666666}","{""energy"": 0.0, ""water"": 0.0, ""transport"": 0.0}","{""energy"": 0.0, ""water"": 0.0, ""transport"": 0.0}","{""energy"": 0.0, ""water"": 0.0, ""transport"": 0.0}",0.3,0.1,,0.7690329282969874,,,[],,v1.0,0.7,0.3
S3_transport_load,229,229,9862333192735902994,scenario=S3_transport_load|method=both|duration=0|theta=0.300000|delta_threshold=0.100000|A=v1.0|w=na|run_id=229|seed=9862333192735902994,False,"{""step_1_amount"": 0.3742864114451097}",5222c37788a096d3910624247b4a1e76a3afcfe0df2ea7ddd6490cebc16a26a9,0.44666666666666677,0.7681039876557136,0.32143732098904687,10,0.0,0.0,0.44666666666666677,0.7681039876557136,0,1,0.32143732098904687,"{""energy"": 0.6666666666666667, ""water"": 0.2666666666666667, ""transport"": 0.33333333333333337}","{""energy"": 0.8690622016484115, ""water"": 0.4015970233211633, ""transport"": 1.0}","{""energy"": 0.20239553498174478, ""water"": 0.1349303566544966, ""transport"": 0.6666666666666666}","{""energy"": 0.0, ""water"": 0.0, ""transport"": 0.0}","{""energy"": 0.0, ""water"": 0.0, ""transport"": 0.0}","{""energy"": 0.0, ""water"": 0.0, ""transport"": 0.0}",0.3,0.1,,0.7681039876557136,,,[],,v1.0,0.7,0.3
S3_transport_load,230,230,8063718910042540534,scenario=S3_transport_load|method=both|duration=0|theta=0.300000|delta_threshold=0.100000|A=v1.0|w=na|run_id=230|seed=8063718910042540534,False,"{""step_1_amount"": 0.44099140963103073}",5222c37788a096d3910624247b4a1e76a3afcfe0df2ea7ddd6490cebc16a26a9,0.44666666666666677,0.8118878555550757,0.36522118888840893,14,0.0,1.0,0.44666666666666677,0.8118878555550757,1,1,0.36522118888840893,"{""energy"": 0.6666666666666667, ""water"": 0.2666666666666667, ""transport"": 0.33333333333333337}","{""energy"": 0.9420353148140151, ""water"": 0.4502457654315657, ""transport"": 1.0}","{""energy"": 0.2753686481473484, ""water"": 0.18357909876489897, ""transport"": 0.6666666666666666}","{""energy"": 0.0, ""water"": 0.0, ""transport"": 0.0}","{""energy"": 1.0, ""water"": 1.0, ""transport"": 1.0}","{""energy"": 1.0, ""water"": 1.0, ""transport"": 1.0}",0.3,0.1,,0.8118878555550757,,,"[""energy"", ""water""]",1,v1.0,0.7,0.3
S3_transport_load,231,231,6329857954521857365,scenario=S3_transport_load|method=both|duration=0|theta=0.300000|delta_threshold=0.100000|A=v1.0|w=na|run_id=231|seed=6329857954521857365,False,"{""step_1_amount"": 0.3535757565201499}",5222c37788a096d3910624247b4a1e76a3afcfe0df2ea7ddd6490cebc16a26a9,0.44666666666666677,0.7604887777568188,0.313822111090152,29,0.0,0.0,0.44666666666666677,0.7604887777568188,0,1,0.313822111090152,"{""energy"": 0.6666666666666667, ""water"": 0.2666666666666667, ""transport"": 0.33333333333333337}","{""energy"": 0.8628054860980118, ""water"": 0.3974258796208967, ""transport"": 0.9871293981044834}","{""energy"": 0.19613881943134504, ""water"": 0.13075921295423, ""transport"": 0.65379606477115}","{""energy"": 0.0, ""water"": 0.0, ""transport"": 0.0}","{""energy"": 0.0, ""water"": 0.0, ""transport"": 0.0}","{""energy"": 0.0, ""water"": 0.0, ""transport"": 0.0}",0.3,0.1,,0.7604887777568188,,,[],,v1.0,0.7,0.3
S3_transport_load,232,232,12763733229554799967,scenario=S3_transport_load|method=both|duration=0|theta=0.300000|delta_threshold=0.100000|A=v1.0|w=na|run_id=232|seed=12763733229554799967,False,"{""step_1_amount"": 0.4045299936239284}",5222c37788a096d3910624247b4a1e76a3afcfe0df2ea7ddd6490cebc16a26a9,0.44666666666666677,0.773183504943125,0.3265168382764583,6,0.0,1.0,0.44666666666666677,0.773183504943125,1,1,0.3265168382764583,"{""energy"": 0.6666666666666667, ""water"": 0.2666666666666667, ""transport"": 0.33333333333333337}","{""energy"": 0.8775280637940973, ""water"": 0.4072409314182871, ""transport"": 1.0}","{""energy"": 0.21086139712743057, ""water"": 0.14057426475162038, ""transport"": 0.6666666666666666}","{""energy"": 0.0, ""water"": 0.0, ""transport"": 0.0}","{""energy"": 1.0, ""water"": 1.0, ""transport"": 1.0}","{""energy"": 1.0, ""water"": 1.0, ""transport"": 1.0}",0.3,0.1,,0.773183504943125,,,"[""energy"", ""water""]",1,v1.0,0.7,0.3
S3_transport_load,233,233,2764701708435644294,scenario=S3_transport_load|method=both|duration=0|theta=0.300000|delta_threshold=0.100000|A=v1.0|w=na|run_id=233|seed=2764701708435644294,False,"{""step_1_amount"": 0.5075996959647167}",5222c37788a096d3910624247b4a1e76a3afcfe0df2ea7ddd6490cebc16a26a9,0.44666666666666677,0.7874085678094978,0.340741901142831,16,0.0,1.0,0.44666666666666677,0.7874085678094978,1,1,0.340741901142831,"{""energy"": 0.6666666666666667, ""water"": 0.2666666666666667, ""transport"": 0.33333333333333337}","{""energy"": 0.9012365019047185, ""water"": 0.42304655682536785, ""transport"": 1.0}","{""energy"": 0.23456983523805175, ""water"": 0.15637989015870113, ""transport"": 0.6666666666666666}","{""energy"": 0.0, ""water"": 0.0, ""transport"": 0.0}","{""energy"": 1.0, ""water"": 1.0, ""transport"": 1.0}","{""energy"": 1.0, ""water"": 1.0, ""transport"": 1.0}",0.3,0.1,,0.7874085678094978,,,"[""energy"", ""water""]",1,v1.0,0.7,0.3
S3_transport_load,234,234,17521132242322284772,scenario=S3_transport_load|method=both|duration=0|theta=0.300000|delta_threshold=0.100000|A=v1.0|w=na|run_id=234|seed=17521132242322284772,False,"{""step_1_amount"": 0.3924293259397175}",5222c37788a096d3910624247b4a1e76a3afcfe0df2ea7ddd6490cebc16a26a9,0.44666666666666677,0.8077115586776811,0.3610448920110143,26,0.0,1.0,0.44666666666666677,0.8077115586776811,1,1,0.3610448920110143,"{""energy"": 0.6666666666666667, ""water"": 0.2666666666666667, ""transport"": 0.33333333333333337}","{""energy"": 0.9350748200183574, ""water"": 0.44560543556779386, ""transport"": 1.0}","{""energy"": 0.26840815335169066, ""water"": 0.17893876890112714, ""transport"": 0.6666666666666666}","{""energy"": 0.0, ""water"": 0.0, ""transport"": 0.0}","{""energy"": 1.0, ""water"": 1.0, ""transport"": 1.0}","{""energy"": 1.0, ""water"": 1.0, ""transport"": 1.0}",0.3,0.1,,0.8077115586776811,,,"[""energy"", ""water""]",2,v1.0,0.7,0.3
S3_transport_load,235,235,5181125985248399296,scenario=S3_transport_load|method=both|duration=0|theta=0.300000|delta_threshold=0.100000|A=v1.0|w=na|run_id=235|seed=5181125985248399296,False,"{""step_1_amount"": 0.15683692639445157}",5222c37788a096d3910624247b4a1e76a3afcfe0df2ea7ddd6490cebc16a26a9,0.44666666666666677,0.6268187730504898,0.18015210638382306,25,0.0,0.0,0.44666666666666677,0.6268187730504898,0,1,0.18015210638382306,"{""energy"": 0.6666666666666667, ""water"": 0.2666666666666667, ""transport"": 0.33333333333333337}","{""energy"": 0.7792617331565561, ""water"": 0.341730044326593, ""transport"": 0.7086502216329648}","{""energy"": 0.11259506648988937, ""water"": 0.07506337765992627, ""transport"": 0.3753168882996314}","{""energy"": 0.0, ""water"": 0.0, ""transport"": 0.0}","{""energy"": 0.0, ""water"": 0.0, ""transport"": 0.0}","{""energy"": 0.0, ""water"": 0.0, ""transport"": 0.0}",0.3,0.1,,0.6268187730504898,,,[],,v1.0,0.7,0.3
S3_transport_load,236,236,10350382464441412892,scenario=S3_transport_load|method=both|duration=0|theta=0.300000|delta_threshold=0.100000|A=v1.0|w=na|run_id=236|seed=10350382464441412892,False,"{""step_1_amount"": 0.0983926864240373}",5222c37788a096d3910624247b4a1e76a3afcfe0df2ea7ddd6490cebc16a26a9,0.44666666666666677,0.5693551329614606,0.1226884662947938,16,0.0,0.0,0.44666666666666677,0.5693551329614606,0,0,0.1226884662947938,"{""energy"": 0.6666666666666667, ""water"": 0.2666666666666667, ""transport"": 0.33333333333333337}","{""energy"": 0.7433469581009129, ""water"": 0.31778686095616415, ""transport"": 0.5889343047808205}","{""energy"": 0.07668029143424615, ""water"": 0.051120194289497434, ""transport"": 0.25560097144748717}","{""energy"": 0.0, ""water"": 0.0, ""transport"": 0.0}","{""energy"": 0.0, ""water"": 0.0, ""transport"": 0.0}","{""energy"": 0.0, ""water"": 0.0, ""transport"": 0.0}",0.3,0.1,,0.5693551329614606,,,[],,v1.0,0.7,0.3
S3_transport_load,237,237,7500896527475212306,scenario=S3_transport_load|method=both|duration=0|theta=0.300000|delta_threshold=0.100000|A=v1.0|w=na|run_id=237|seed=7500896527475212306,False,"{""step_1_amount"": 0.3089122952275178}",5222c37788a096d3910624247b4a1e76a3afcfe0df2ea7ddd6490cebc16a26a9,0.44666666666666677,0.736661888825669,0.2899952221590022,18,0.0,0.0,0.44666666666666677,0.736661888825669,0,1,0.2899952221590022,"{""energy"": 0.6666666666666667, ""water"": 0.2666666666666667, ""transport"": 0.33333333333333337}","{""energy"": 0.8479136805160432, ""water"": 0.38749800923291766, ""transport"": 0.9374900461645881}","{""energy"": 0.18124701384937647, ""water"": 0.12083134256625094, ""transport"": 0.6041567128312547}","{""energy"": 0.0, ""water"": 0.0, ""transport"": 0.0}","{""energy"": 0.0, ""water"": 0.0, ""transport"": 0.0}","{""energy"": 0.0, ""water"": 0.0, ""transport"": 0.0}",0.3,0.1,,0.736661888825669,,,[],,v1.0,0.7,0.3
S3_transport_load,238,238,2868492058159077680,scenario=S3_transport_load|method=both|duration=0|theta=0.300000|delta_threshold=0.100000|A=v1.0|w=na|run_id=238|seed=2868492058159077680,False,"{""step_1_amount"": 0.13498392480643964}",5222c37788a096d3910624247b4a1e76a3afcfe0df2ea7ddd6490cebc16a26a9,0.44666666666666677,0.6065023576952902,0.15983569102862338,28,0.0,0.0,0.44666666666666677,0.6065023576952902,0,0,0.15983569102862338,"{""energy"": 0.6666666666666667, ""water"": 0.2666666666666667, ""transport"": 0.33333333333333337}","{""energy"": 0.7665639735595563, ""water"": 0.33326487126192644, ""transport"": 0.666324356309632}","{""energy"": 0.09989730689288956, ""water"": 0.06659820459525972, ""transport"": 0.3329910229762987}","{""energy"": 0.0, ""water"": 0.0, ""transport"": 0.0}","{""energy"": 0.0, ""water"": 0.0, ""transport"": 0.0}","{""energy"": 0.0, ""water"": 0.0, ""transport"": 0.0}",0.3,0.1,,0.6065023576952902,,,[],,v1.0,0.7,0.3
S3_transport_load,239,239,4950125614210258087,scenario=S3_transport_load|method=both|duration=0|theta=0.300000|delta_threshold=0.100000|A=v1.0|w=na|run_id=239|seed=4950125614210258087,False,"{""step_1_amount"": 0.3732005303719798}",5222c37788a096d3910624247b4a1e76a3afcfe0df2ea7ddd6490cebc16a26a9,0.44666666666666677,0.7679129002632712,0.3212462335966044,29,0.0,0.0,0.44666666666666677,0.7679129002632712,0,1,0.3212462335966044,"{""energy"": 0.6666666666666667, ""water"": 0.2666666666666667, ""transport"": 0.33333333333333337}","{""energy"": 0.8687437226610074, ""water"": 0.40138470399622717, ""transport"": 1.0}","{""energy"": 0.20207705599434067, ""water"": 0.13471803732956045, ""transport"": 0.6666666666666666}","{""energy"": 0.0, ""water"": 0.0, ""transport"": 0.0}","{""energy"": 0.0, ""water"": 0.0, ""transport"": 0.0}","{""energy"": 0.0, ""water"": 0.0, ""transport"": 0.0}",0.3,0.1,,0.7679129002632712,,,[],,v1.0,0.7,0.3
S3_transport_load,240,240,5497040455750480769,scenario=S3_transport_load|method=both|duration=0|theta=0.300000|delta_threshold=0.100000|A=v1.0|w=na|run_id=240|seed=5497040455750480769,False,"{""step_1_amount"": 0.3744509150642742}",5222c37788a096d3910624247b4a1e76a3afcfe0df2ea7ddd6490cebc16a26a9,0.44666666666666677,0.7681328818432605,0.3214662151765937,10,0.0,0.0,0.44666666666666677,0.7681328818432605,0,1,0.3214662151765937,"{""energy"": 0.6666666666666667, ""water"": 0.2666666666666667, ""transport"": 0.33333333333333337}","{""energy"": 0.8691103586276563, ""water"": 0.40162912797399314, ""transport"": 1.0}","{""energy"": 0.20244369196098955, ""water"": 0.13496246130732642, ""transport"": 0.6666666666666666}","{""energy"": 0.0, ""water"": 0.0, ""transport"": 0.0}","{""energy"": 0.0, ""water"": 0.0, ""transport"": 0.0}","{""energy"": 0.0, ""water"": 0.0, ""transport"": 0.0}",0.3,0.1,,0.7681328818432605,,,[],,v1.0,0.7,0.3
S3_transport_load,241,241,3733924430308033009,scenario=S3_transport_load|method=both|duration=0|theta=0.300000|delta_threshold=0.100000|A=v1.0|w=na|run_id=241|seed=3733924430308033009,False,"{""step_1_amount"": 0.527116543872406}",5222c37788a096d3910624247b4a1e76a3afcfe0df2ea7ddd6490cebc16a26a9,0.44666666666666677,0.7896411535193375,0.34297448685267073,16,0.0,1.0,0.44666666666666677,0.7896411535193375,1,1,0.34297448685267073,"{""energy"": 0.6666666666666667, ""water"": 0.2666666666666667, ""transport"": 0.33333333333333337}","{""energy"": 0.9049574780877847, ""water"": 0.42552720761407875, ""transport"": 1.0}","{""energy"": 0.23829081142111797, ""water"": 0.15886054094741203, ""transport"": 0.6666666666666666}","{""energy"": 0.0, ""water"": 0.0, ""transport"": 0.0}","{""energy"": 1.0, ""water"": 1.0, ""transport"": 1.0}","{""energy"": 1.0, ""water"": 1.0, ""transport"": 1.0}",0.3,0.1,,0.7896411535193375,,,"[""energy"", ""water""]",1,v1.0,0.7,0.3
S3_transport_load,242,242,11596297202131652553,scenario=S3_transport_load|method=both|duration=0|theta=0.300000|delta_threshold=0.100000|A=v1.0|w=na|run_id=242|seed=11596297202131652553,False,"{""step_1_amount"": 0.32890601403483355}",5222c37788a096d3910624247b4a1e76a3afcfe0df2ea7ddd6490cebc16a26a9,0.44666666666666677,0.7996480838654707,0.35298141719880394,16,0.0,1.0,0.44666666666666677,0.7996480838654707,1,1,0.35298141719880394,"{""energy"": 0.6666666666666667, ""water"": 0.2666666666666667, ""transport"": 0.33333333333333337}","{""energy"": 0.92163569533134, ""water"": 0.4366460191097823, ""transport"": 1.0}","{""energy"": 0.2549690286646733, ""water"": 0.16997935244311557, ""transport"": 0.6666666666666666}","{""energy"": 0.0, ""water"": 0.0, ""transport"": 0.0}","{""energy"": 1.0, ""water"": 1.0, ""transport"": 1.0}","{""energy"": 1.0, ""water"": 1.0, ""transport"": 1.0}",0.3,0.1,,0.7996480838654707,,,"[""energy"", ""water""]",2,v1.0,0.7,0.3
S3_transport_load,243,243,10962738759851510590,scenario=S3_transport_load|method=both|duration=0|theta=0.300000|delta_threshold=0.100000|A=v1.0|w=na|run_id=243|seed=10962738759851510590,False,"{""step_1_amount"": 0.3987450874930604}",5222c37788a096d3910624247b4a1e76a3afcfe0df2ea7ddd6490cebc16a26a9,0.44666666666666677,0.7722472187407292,0.32558055207406245,17,0.0,0.0,0.44666666666666677,0.7722472187407292,0,1,0.32558055207406245,"{""energy"": 0.6666666666666667, ""water"": 0.2666666666666667, ""transport"": 0.33333333333333337}","{""energy"": 0.8759675867901042, ""water"": 0.4062006134156251, ""transport"": 1.0}","{""energy"": 0.20930092012343748, ""water"": 0.13953394674895836, ""transport"": 0.6666666666666666}","{""energy"": 0.0, ""water"": 0.0, ""transport"": 0.0}","{""energy"": 0.0, ""water"": 0.0, ""transport"": 0.0}","{""energy"": 0.0, ""water"": 0.0, ""transport"": 0.0}",0.3,0.1,,0.7722472187407292,,,[],,v1.0,0.7,0.3
S3_transport_load,244,244,6999133405379603135,scenario=S3_transport_load|method=both|duration=0|theta=0.300000|delta_threshold=0.100000|A=v1.0|w=na|run_id=244|seed=6999133405379603135,False,"{""step_1_amount"": 0.24329774844253838}",5222c37788a096d3910624247b4a1e76a3afcfe0df2ea7ddd6490cebc16a26a9,0.44666666666666677,0.6953256559792514,0.24865898931258468,12,0.0,0.0,0.44666666666666677,0.6953256559792514,0,1,0.24865898931258468,"{""energy"": 0.6666666666666667, ""water"": 0.2666666666666667, ""transport"": 0.33333333333333337}","{""energy"": 0.8220785349870322, ""water"": 0.3702745788802437, ""transport"": 0.8513728944012182}","{""energy"": 0.15541186832036546, ""water"": 0.10360791221357696, ""transport"": 0.5180395610678848}","{""energy"": 0.0, ""water"": 0.0, ""transport"": 0.0}","{""energy"": 0.0, ""water"": 0.0, ""transport"": 0.0}","{""energy"": 0.0, ""water"": 0.0, ""transport"": 0.0}",0.3,0.1,,0.6953256559792514,,,[],,v1.0,0.7,0.3
S3_transport_load,245,245,12824600195840367309,scenario=S3_transport_load|method=both|duration=0|theta=0.300000|delta_threshold=0.100000|A=v1.0|w=na|run_id=245|seed=12824600195840367309,False,"{""step_1_amount"": 1.2614507145707659}",5222c37788a096d3910624247b4a1e76a3afcfe0df2ea7ddd6490cebc16a26a9,0.44666666666666677,0.8225764223319212,0.3759097556652544,29,0.0,1.0,0.44666666666666677,0.8225764223319212,1,1,0.3759097556652544,"{""energy"": 0.6666666666666667, ""water"": 0.2666666666666667, ""transport"": 0.33333333333333337}","{""energy"": 0.959849592775424, ""water"": 0.46212195073917156, ""transport"": 1.0}","{""energy"": 0.2931829261087573, ""water"": 0.19545528407250484, ""transport"": 0.6666666666666666}","{""energy"": 0.0, ""water"": 0.0, ""transport"": 0.0}","{""energy"": 1.0, ""water"": 1.0, ""transport"": 1.0}","{""energy"": 1.0, ""water"": 1.0, ""transport"": 1.0}",0.3,0.1,,0.8225764223319212,,,"[""energy"", ""water""]",1,v1.0,0.7,0.3
S3_transport_load,246,246,18289104259936180197,scenario=S3_transport_load|method=both|duration=0|theta=0.300000|delta_threshold=0.100000|A=v1.0|w=na|run_id=246|seed=18289104259936180197,False,"{""step_1_amount"": 0.20685987001495837}",5222c37788a096d3910624247b4a1e76a3afcfe0df2ea7ddd6490cebc16a26a9,0.44666666666666677,0.7959588658779511,0.3492921992112843,10,0.0,1.0,0.44666666666666677,0.7959588658779511,1,1,0.3492921992112843,"{""energy"": 0.6666666666666667, ""water"": 0.2666666666666667, ""transport"": 0.33333333333333337}","{""energy"": 0.9154869986854741, ""water"": 0.43254688801253827, ""transport"": 1.0}","{""energy"": 0.24882033201880738, ""water"": 0.16588022134587155, ""transport"": 0.6666666666666666}","{""energy"": 0.0, ""water"": 0.0, ""transport"": 0.0}","{""energy"": 1.0, ""water"": 1.0, ""transport"": 1.0}","{""energy"": 1.0, ""water"": 1.0, ""transport"": 1.0}",0.3,0.1,,0.7959588658779511,,,"[""energy"", ""water""]",2,v1.0,0.7,0.3
S3_transport_load,247,247,16458046247033179232,scenario=S3_transport_load|method=both|duration=0|theta=0.300000|delta_threshold=0.100000|A=v1.0|w=na|run_id=247|seed=16458046247033179232,False,"{""step_1_amount"": 0.5190020290540772}",5222c37788a096d3910624247b4a1e76a3afcfe0df2ea7ddd6490cebc16a26a9,0.44666666666666677,0.7887287609164395,0.34206209424977274,21,0.0,1.0,0.44666666666666677,0.7887287609164395,1,1,0.34206209424977274,"{""energy"": 0.6666666666666667, ""water"": 0.2666666666666667, ""transport"": 0.33333333333333337}","{""energy"": 0.9034368237496215, ""water"": 0.4245134380553033, ""transport"": 1.0}","{""energy"": 0.2367701570829548, ""water"": 0.15784677138863656, ""transport"": 0.6666666666666666}","{""energy"": 0.0, ""water"": 0.0, ""transport"": 0.0}","{""energy"": 1.0, ""water"": 1.0, ""transport"": 1.0}","{""energy"": 1.0, ""water"": 1.0, ""transport"": 1.0}",0.3,0.1,,0.7887287609164395,,,"[""energy"", ""water""]",1,v1.0,0.7,0.3
S3_transport_load,248,248,3357539639399280280,scenario=S3_transport_load|method=both|duration=0|theta=0.300000|delta_threshold=0.100000|A=v1.0|w=na|run_id=248|seed=3357539639399280280,False,"{""step_1_amount"": 0.401525968322015}",5222c37788a096d3910624247b4a1e76a3afcfe0df2ea7ddd6490cebc16a26a9,0.44666666666666677,0.772699332206285,0.3260326655396182,6,0.0,1.0,0.44666666666666677,0.772699332206285,1,1,0.3260326655396182,"{""energy"": 0.6666666666666667, ""water"": 0.2666666666666667, ""transport"": 0.33333333333333337}","{""energy"": 0.8767211092326972, ""water"": 0.4067029617106871, ""transport"": 1.0}","{""energy"": 0.21005444256603045, ""water"": 0.14003629504402038, ""transport"": 0.6666666666666666}","{""energy"": 0.0, ""water"": 0.0, ""transport"": 0.0}","{""energy"": 1.0, ""water"": 1.0, ""transport"": 1.0}","{""energy"": 1.0, ""water"": 1.0, ""transport"": 1.0}",0.3,0.1,,0.772699332206285,,,"[""energy"", ""water""]",1,v1.0,0.7,0.3
S3_transport_load,249,249,1558043172267000861,scenario=S3_transport_load|method=both|duration=0|theta=0.300000|delta_threshold=0.100000|A=v1.0|w=na|run_id=249|seed=1558043172267000861,False,"{""step_1_amount"": 0.22071244750929953}",5222c37788a096d3910624247b4a1e76a3afcfe0df2ea7ddd6490cebc16a26a9,0.44666666666666677,0.6791077102252534,0.23244104355858664,26,0.0,0.0,0.44666666666666677,0.6791077102252534,0,1,0.23244104355858664,"{""energy"": 0.6666666666666667, ""water"": 0.2666666666666667, ""transport"": 0.33333333333333337}","{""energy"": 0.8119423188907834, ""water"": 0.3635171014827445, ""transport"": 0.8175855074137223}","{""energy"": 0.14527565222411665, ""water"": 0.0968504348160778, ""transport"": 0.4842521740803889}","{""energy"": 0.0, ""water"": 0.0, ""transport"": 0.0}","{""energy"": 0.0, ""water"": 0.0, ""transport"": 0.0}","{""energy"": 0.0, ""water"": 0.0, ""transport"": 0.0}",0.3,0.1,,0.6791077102252534,,,[],,v1.0,0.7,0.3
S3_transport_load,250,250,3258968994162788307,scenario=S3_transport_load|method=both|duration=0|theta=0.300000|delta_threshold=0.100000|A=v1.0|w=na|run_id=250|seed=3258968994162788307,False,"{""step_1_amount"": 0.3799496402607522}",5222c37788a096d3910624247b4a1e76a3afcfe0df2ea7ddd6490cebc16a26a9,0.44666666666666677,0.8082957970095881,0.3616291303429213,9,0.0,0.0,0.44666666666666677,0.8082957970095881,0,1,0.3616291303429213,"{""energy"": 0.6666666666666667, ""water"": 0.2666666666666667, ""transport"": 0.33333333333333337}","{""energy"": 0.8913408068582617, ""water"": 0.5058649142209447, ""transport"": 1.0}","{""energy"": 0.22467414019159493, ""water"": 0.239198247554278, ""transport"": 0.6666666666666666}","{""energy"": 0.0, ""water"": 0.0, ""transport"": 0.0}","{""energy"": 0.0, ""water"": 0.0, ""transport"": 0.0}","{""energy"": 0.0, ""water"": 0.0, ""transport"": 0.0}",0.3,0.1,,0.8082957970095881,,,[],,v1.0,0.7,0.3
S3_transport_load,251,251,18108953127618740562,scenario=S3_transport_load|method=both|duration=0|theta=0.300000|delta_threshold=0.100000|A=v1.0|w=na|run_id=251|seed=18108953127618740562,False,"{""step_1_amount"": 0.6521479558463202}",5222c37788a096d3910624247b4a1e76a3afcfe0df2ea7ddd6490cebc16a26a9,0.44666666666666677,0.8012218263681243,0.35455515970145757,18,0.0,1.0,0.44666666666666677,0.8012218263681243,1,1,0.35455515970145757,"{""energy"": 0.6666666666666667, ""water"": 0.2666666666666667, ""transport"": 0.33333333333333337}","{""energy"": 0.9242585995024293, ""water"": 0.43839462189050843, ""transport"": 1.0}","{""energy"": 0.25759193283576254, ""water"": 0.1717279552238417, ""transport"": 0.6666666666666666}","{""energy"": 0.0, ""water"": 0.0, ""transport"": 0.0}","{""energy"": 1.0, ""water"": 1.0, ""transport"": 1.0}","{""energy"": 1.0, ""water"": 1.0, ""transport"": 1.0}",0.3,0.1,,0.8012218263681243,,,"[""energy"", ""water""]",1,v1.0,0.7,0.3
S3_transport_load,252,252,7182581504600137163,scenario=S3_transport_load|method=both|duration=0|theta=0.300000|delta_threshold=0.100000|A=v1.0|w=na|run_id=252|seed=7182581504600137163,False,"{""step_1_amount"": 1.3360612362795494}",5222c37788a096d3910624247b4a1e76a3afcfe0df2ea7ddd6490cebc16a26a9,0.44666666666666677,0.8233967217401339,0.37673005507346713,14,0.0,1.0,0.44666666666666677,0.8233967217401339,1,1,0.37673005507346713,"{""energy"": 0.6666666666666667, ""water"": 0.2666666666666667, ""transport"": 0.33333333333333337}","{""energy"": 0.9612167584557787, ""water"": 0.4630333945260747, ""transport"": 1.0}","{""energy"": 0.29455009178911196, ""water"": 0.196366727859408, ""transport"": 0.6666666666666666}","{""energy"": 0.0, ""water"": 0.0, ""transport"": 0.0}","{""energy"": 1.0, ""water"": 1.0, ""transport"": 1.0}","{""energy"": 1.0, ""water"": 1.0, ""transport"": 1.0}",0.3,0.1,,0.8233967217401339,,,"[""energy"", ""water""]",1,v1.0,0.7,0.3
S3_transport_load,253,253,11634170775269880699,scenario=S3_transport_load|method=both|duration=0|theta=0.300000|delta_threshold=0.100000|A=v1.0|w=na|run_id=253|seed=11634170775269880699,False,"{""step_1_amount"": 0.5308120810076278}",5222c37788a096d3910624247b4a1e76a3afcfe0df2ea7ddd6490cebc16a26a9,0.44666666666666677,0.7900493739238428,0.343382707257176,22,0.0,1.0,0.44666666666666677,0.7900493739238428,1,1,0.343382707257176,"{""energy"": 0.6666666666666667, ""water"": 0.2666666666666667, ""transport"": 0.33333333333333337}","{""energy"": 0.9056378454286267, ""water"": 0.4259807858413067, ""transport"": 1.0}","{""energy"": 0.23897117876195995, ""water"": 0.15931411917464, ""transport"": 0.6666666666666666}","{""energy"": 0.0, ""water"": 0.0, ""transport"": 0.0}","{""energy"": 1.0, ""water"": 1.0, ""transport"": 1.0}","{""energy"": 1.0, ""water"": 1.0, ""transport"": 1.0}",0.3,0.1,,0.7900493739238428,,,"[""energy"", ""water""]",1,v1.0,0.7,0.3
S3_transport_load,254,254,4943299953193462476,scenario=S3_transport_load|method=both|duration=0|theta=0.300000|delta_threshold=0.100000|A=v1.0|w=na|run_id=254|seed=4943299953193462476,False,"{""step_1_amount"": 0.3032621972143261}",5222c37788a096d3910624247b4a1e76a3afcfe0df2ea7ddd6490cebc16a26a9,0.44666666666666677,0.7334138017247964,0.28674713505812965,13,0.0,0.0,0.44666666666666677,0.7334138017247964,0,1,0.28674713505812965,"{""energy"": 0.6666666666666667, ""water"": 0.2666666666666667, ""transport"": 0.33333333333333337}","{""energy"": 0.8458836260779978, ""water"": 0.38614463960755413, ""transport"": 0.9307231980377705}","{""energy"": 0.1792169594113311, ""water"": 0.11947797294088741, ""transport"": 0.5973898647044371}","{""energy"": 0.0, ""water"": 0.0, ""transport"": 0.0}","{""energy"": 0.0, ""water"": 0.0, ""transport"": 0.0}","{""energy"": 0.0, ""water"": 0.0, ""transport"": 0.0}",0.3,0.1,,0.7334138017247964,,,[],,v1.0,0.7,0.3
S3_transport_load,255,255,15722157948271724482,scenario=S3_transport_load|method=both|duration=0|theta=0.300000|delta_threshold=0.100000|A=v1.0|w=na|run_id=255|seed=15722157948271724482,False,"{""step_1_amount"": 0.43798577302636477}",5222c37788a096d3910624247b4a1e76a3afcfe0df2ea7ddd6490cebc16a26a9,0.44666666666666677,0.7782908742446334,0.3316242075779666,26,0.0,1.0,0.44666666666666677,0.7782908742446334,1,1,0.3316242075779666,"{""energy"": 0.6666666666666667, ""water"": 0.2666666666666667, ""transport"": 0.33333333333333337}","{""energy"": 0.8860403459632779, ""water"": 0.41291578619774083, ""transport"": 1.0}","{""energy"": 0.2193736792966111, ""water"": 0.1462491195310741, ""transport"": 0.6666666666666666}","{""energy"": 0.0, ""water"": 0.0, ""transport"": 0.0}","{""energy"": 1.0, ""water"": 1.0, ""transport"": 1.0}","{""energy"": 1.0, ""water"": 1.0, ""transport"": 1.0}",0.3,0.1,,0.7782908742446334,,,"[""energy"", ""water""]",1,v1.0,0.7,0.3
S3_transport_load,256,256,17142297683479822592,scenario=S3_transport_load|method=both|duration=0|theta=0.300000|delta_threshold=0.100000|A=v1.0|w=na|run_id=256|seed=17142297683479822592,False,"{""step_1_amount"": 0.5574219937569733}",5222c37788a096d3910624247b4a1e76a3afcfe0df2ea7ddd6490cebc16a26a9,0.44666666666666677,0.8329457318676681,0.3862790652010013,21,0.0,1.0,0.44666666666666677,0.8329457318676681,1,1,0.3862790652010013,"{""energy"": 0.6666666666666667, ""water"": 0.2666666666666667, ""transport"": 0.33333333333333337}","{""energy"": 0.931418709469739, ""water"": 0.5345941602659079, ""transport"": 1.0}","{""energy"": 0.2647520428030723, ""water"": 0.2679274935992412, ""transport"": 0.6666666666666666}","{""energy"": 0.0, ""water"": 0.0, ""transport"": 0.0}","{""energy"": 1.0, ""water"": 1.0, ""transport"": 1.0}","{""energy"": 1.0, ""water"": 1.0, ""transport"": 1.0}",0.3,0.1,,0.8329457318676681,,,"[""energy"", ""water""]",1,v1.0,0.7,0.3
S3_transport_load,257,257,15334055607752562493,scenario=S3_transport_load|method=both|duration=0|theta=0.300000|delta_threshold=0.100000|A=v1.0|w=na|run_id=257|seed=15334055607752562493,False,"{""step_1_amount"": 0.3160658754846028}",5222c37788a096d3910624247b4a1e76a3afcfe0df2ea7ddd6490cebc16a26a9,0.44666666666666677,0.740696088814891,0.29402942214822425,12,0.0,0.0,0.44666666666666677,0.740696088814891,0,1,0.29402942214822425,"{""energy"": 0.6666666666666667, ""water"": 0.2666666666666667, ""transport"": 0.33333333333333337}","{""energy"": 0.8504350555093069, ""water"": 0.3891789258950935, ""transport"": 0.9458946294754672}","{""energy"": 0.18376838884264013, ""water"": 0.12251225922842679, ""transport"": 0.6125612961421338}","{""energy"": 0.0, ""water"": 0.0, ""transport"": 0.0}","{""energy"": 0.0, ""water"": 0.0, ""transport"": 0.0}","{""energy"": 0.0, ""water"": 0.0, ""transport"": 0.0}",0.3,0.1,,0.740696088814891,,,[],,v1.0,0.7,0.3
S3_transport_load,258,258,9629940962739973934,scenario=S3_transport_load|method=both|duration=0|theta=0.300000|delta_threshold=0.100000|A=v1.0|w=na|run_id=258|seed=9629940962739973934,False,"{""step_1_amount"": 0.562389965044542}",5222c37788a096d3910624247b4a1e76a3afcfe0df2ea7ddd6490cebc16a26a9,0.44666666666666677,0.7933590214726536,0.3466923548059868,27,0.0,1.0,0.44666666666666677,0.7933590214726536,1,1,0.3466923548059868,"{""energy"": 0.6666666666666667, ""water"": 0.2666666666666667, ""transport"": 0.33333333333333337}","{""energy"": 0.9111539246766448, ""water"": 0.42965817200665213, ""transport"": 1.0}","{""energy"": 0.24448725800997806, ""water"": 0.1629915053399854, ""transport"": 0.6666666666666666}","{""energy"": 0.0, ""water"": 0.0, ""transport"": 0.0}","{""energy"": 1.0, ""water"": 1.0, ""transport"": 1.0}","{""energy"": 1.0, ""water"": 1.0, ""transport"": 1.0}",0.3,0.1,,0.7933590214726536,,,"[""energy"", ""water""]",1,v1.0,0.7,0.3
S3_transport_load,259,259,2107869322124940117,scenario=S3_transport_load|method=both|duration=0|theta=0.300000|delta_threshold=0.100000|A=v1.0|w=na|run_id=259|seed=2107869322124940117,False,"{""step_1_amount"": 0.08444791802658405}",5222c37788a096d3910624247b4a1e76a3afcfe0df2ea7ddd6490cebc16a26a9,0.44666666666666677,0.5540901800782324,0.10742351341156564,24,0.0,0.0,0.44666666666666677,0.5540901800782324,0,0,0.10742351341156564,"{""energy"": 0.6666666666666667, ""water"": 0.2666666666666667, ""transport"": 0.33333333333333337}","{""energy"": 0.7338063625488953, ""water"": 0.31142646392148576, ""transport"": 0.5571323196074285}","{""energy"": 0.06713969588222857, ""water"": 0.044759797254819045, ""transport"": 0.2237989862740951}","{""energy"": 0.0, ""water"": 0.0, ""transport"": 0.0}","{""energy"": 0.0, ""water"": 0.0, ""transport"": 0.0}","{""energy"": 0.0, ""water"": 0.0, ""transport"": 0.0}",0.3,0.1,,0.5540901800782324,,,[],,v1.0,0.7,0.3
S3_transport_load,260,260,14346793859672090018,scenario=S3_transport_load|method=both|duration=0|theta=0.300000|delta_threshold=0.100000|A=v1.0|w=na|run_id=260|seed=14346793859672090018,False,"{""step_1_amount"": 0.4765672249704889}",5222c37788a096d3910624247b4a1e76a3afcfe0df2ea7ddd6490cebc16a26a9,0.44666666666666677,0.783578208201404,0.33691154153473724,24,0.0,1.0,0.44666666666666677,0.783578208201404,1,1,0.33691154153473724,"{""energy"": 0.6666666666666667, ""water"": 0.2666666666666667, ""transport"": 0.33333333333333337}","{""energy"": 0.8948525692245621, ""water"": 0.4187906017052637, ""transport"": 1.0}","{""energy"": 0.2281859025578954, ""water"": 0.152123935038597, ""transport"": 0.6666666666666666}","{""energy"": 0.0, ""water"": 0.0, ""transport"": 0.0}","{""energy"": 1.0, ""water"": 1.0, ""transport"": 1.0}","{""energy"": 1.0, ""water"": 1.0, ""transport"": 1.0}",0.3,0.1,,0.783578208201404,,,"[""energy"", ""water""]",1,v1.0,0.7,0.3
S3_transport_load,261,261,5076072000121332044,scenario=S3_transport_load|method=both|duration=0|theta=0.300000|delta_threshold=0.100000|A=v1.0|w=na|run_id=261|seed=5076072000121332044,False,"{""step_1_amount"": 0.20773316525973368}",5222c37788a096d3910624247b4a1e76a3afcfe0df2ea7ddd6490cebc16a26a9,0.44666666666666677,0.741382568967011,0.2947159023003443,22,0.0,0.0,0.44666666666666677,0.741382568967011,0,1,0.2947159023003443,"{""energy"": 0.6666666666666667, ""water"": 0.2666666666666667, ""transport"": 0.33333333333333337}","{""energy"": 0.8364815789806079, ""water"": 0.5128350765535159, ""transport"": 0.8431313813623771}","{""energy"": 0.1698149123139412, ""water"": 0.24616840988684918, ""transport"": 0.5097980480290437}","{""energy"": 0.0, ""water"": 0.0, ""transport"": 0.0}","{""energy"": 0.0, ""water"": 0.0, ""transport"": 0.0}","{""energy"": 0.0, ""water"": 0.0, ""transport"": 0.0}",0.3,0.1,,0.741382568967011,,,[],,v1.0,0.7,0.3
S3_transport_load,262,262,8789871680984754429,scenario=S3_transport_load|method=both|duration=0|theta=0.300000|delta_threshold=0.100000|A=v1.0|w=na|run_id=262|seed=8789871680984754429,False,"{""step_1_amount"": 0.44824459634334984}",5222c37788a096d3910624247b4a1e76a3afcfe0df2ea7ddd6490cebc16a26a9,0.44666666666666677,0.7797570330442096,0.33309036637754286,29,0.0,1.0,0.44666666666666677,0.7797570330442096,1,1,0.33309036637754286,"{""energy"": 0.6666666666666667, ""water"": 0.2666666666666667, ""transport"": 0.33333333333333337}","{""energy"": 0.8884839439625716, ""water"": 0.4145448515306033, ""transport"": 1.0}","{""energy"": 0.22181727729590484, ""water"": 0.14787818486393656, ""transport"": 0.6666666666666666}","{""energy"": 0.0, ""water"": 0.0, ""transport"": 0.0}","{""energy"": 1.0, ""water"": 1.0, ""transport"": 1.0}","{""energy"": 1.0, ""water"": 1.0, ""transport"": 1.0}",0.3,0.1,,0.7797570330442096,,,"[""energy"", ""water""]",1,v1.0,0.7,0.3
S3_transport_load,263,263,17946666361133411100,scenario=S3_transport_load|method=both|duration=0|theta=0.300000|delta_threshold=0.100000|A=v1.0|w=na|run_id=263|seed=17946666361133411100,False,"{""step_1_amount"": 0.5228881088165619}",5222c37788a096d3910624247b4a1e76a3afcfe0df2ea7ddd6490cebc16a26a9,0.44666666666666677,0.8466271028423962,0.3999604361757294,14,0.0,1.0,0.44666666666666677,0.8466271028423962,1,1,0.3999604361757294,"{""energy"": 0.6666666666666667, ""water"": 0.2666666666666667, ""transport"": 0.33333333333333337}","{""energy"": 0.9643287501279421, ""water"": 0.536318675970731, ""transport"": 1.0}","{""energy"": 0.2976620834612753, ""water"": 0.2696520093040643, ""transport"": 0.6666666666666666}","{""energy"": 0.0, ""water"": 0.0, ""transport"": 0.0}","{""energy"": 1.0, ""water"": 1.0, ""transport"": 1.0}","{""energy"": 1.0, ""water"": 1.0, ""transport"": 1.0}",0.3,0.1,,0.8466271028423962,,,"[""energy"", ""water""]",1,v1.0,0.7,0.3
S3_transport_load,264,264,15051312173309016794,scenario=S3_transport_load|method=both|duration=0|theta=0.300000|delta_threshold=0.100000|A=v1.0|w=na|run_id=264|seed=15051312173309016794,False,"{""step_1_amount"": 0.5599200738692337}",5222c37788a096d3910624247b4a1e76a3afcfe0df2ea7ddd6490cebc16a26a9,0.44666666666666677,0.7931113060841766,0.3464446394175098,27,0.0,1.0,0.44666666666666677,0.7931113060841766,1,1,0.3464446394175098,"{""energy"": 0.6666666666666667, ""water"": 0.2666666666666667, ""transport"": 0.33333333333333337}","{""energy"": 0.9107410656958499, ""water"": 0.42938293268612215, ""transport"": 1.0}","{""energy"": 0.24407439902918315, ""water"": 0.16271626601945544, ""transport"": 0.6666666666666666}","{""energy"": 0.0, ""water"": 0.0, ""transport"": 0.0}","{""energy"": 1.0, ""water"": 1.0, ""transport"": 1.0}","{""energy"": 1.0, ""water"": 1.0, ""transport"": 1.0}",0.3,0.1,,0.7931113060841766,,,"[""energy"", ""water""]",1,v1.0,0.7,0.3
S3_transport_load,265,265,11406656086723806338,scenario=S3_transport_load|method=both|duration=0|theta=0.300000|delta_threshold=0.100000|A=v1.0|w=na|run_id=265|seed=11406656086723806338,False,"{""step_1_amount"": 0.6490854297555677}",5222c37788a096d3910624247b4a1e76a3afcfe0df2ea7ddd6490cebc16a26a9,0.44666666666666677,0.8009869726900498,0.35432030602338305,10,0.0,1.0,0.44666666666666677,0.8009869726900498,1,1,0.35432030602338305,"{""energy"": 0.6666666666666667, ""water"": 0.2666666666666667, ""transport"": 0.33333333333333337}","{""energy"": 0.9238671767056386, ""water"": 0.43813367335931463, ""transport"": 1.0}","{""energy"": 0.2572005100389718, ""water"": 0.17146700669264792, ""transport"": 0.6666666666666666}","{""energy"": 0.0, ""water"": 0.0, ""transport"": 0.0}","{""energy"": 1.0, ""water"": 1.0, ""transport"": 1.0}","{""energy"": 1.0, ""water"": 1.0, ""transport"": 1.0}",0.3,0.1,,0.8009869726900498,,,"[""energy"", ""water""]",1,v1.0,0.7,0.3
S3_transport_load,266,266,4557511720674173068,scenario=S3_transport_load|method=both|duration=0|theta=0.300000|delta_threshold=0.100000|A=v1.0|w=na|run_id=266|seed=4557511720674173068,False,"{""step_1_amount"": 0.48166905303569385}",5222c37788a096d3910624247b4a1e76a3afcfe0df2ea7ddd6490cebc16a26a9,0.44666666666666677,0.7842326766668222,0.3375660100001554,30,0.0,1.0,0.44666666666666677,0.7842326766668222,1,1,0.3375660100001554,"{""energy"": 0.6666666666666667, ""water"": 0.2666666666666667, ""transport"": 0.33333333333333337}","{""energy"": 0.895943350000259, ""water"": 0.41951778888906155, ""transport"": 1.0}","{""energy"": 0.2292766833335923, ""water"": 0.15285112222239483, ""transport"": 0.6666666666666666}","{""energy"": 0.0, ""water"": 0.0, ""transport"": 0.0}","{""energy"": 1.0, ""water"": 1.0, ""transport"": 1.0}","{""energy"": 1.0, ""water"": 1.0, ""transport"": 1.0}",0.3,0.1,,0.7842326766668222,,,"[""energy"", ""water""]",1,v1.0,0.7,0.3
S3_transport_load,267,267,142874700496605348,scenario=S3_transport_load|method=both|duration=0|theta=0.300000|delta_threshold=0.100000|A=v1.0|w=na|run_id=267|seed=142874700496605348,False,"{""step_1_amount"": 0.2153889129941981}",5222c37788a096d3910624247b4a1e76a3afcfe0df2ea7ddd6490cebc16a26a9,0.44666666666666677,0.7923877505435044,0.34572108387683764,30,0.0,1.0,0.44666666666666677,0.7923877505435044,1,1,0.34572108387683764,"{""energy"": 0.6666666666666667, ""water"": 0.2666666666666667, ""transport"": 0.33333333333333337}","{""energy"": 0.9095351397947296, ""water"": 0.4285789820853753, ""transport"": 1.0}","{""energy"": 0.2428684731280628, ""water"": 0.1619123154187086, ""transport"": 0.6666666666666666}","{""energy"": 0.0, ""water"": 0.0, ""transport"": 0.0}","{""energy"": 1.0, ""water"": 1.0, ""transport"": 1.0}","{""energy"": 1.0, ""water"": 1.0, ""transport"": 1.0}",0.3,0.1,,0.7923877505435044,,,"[""energy"", ""water""]",2,v1.0,0.7,0.3
S3_transport_load,268,268,14728645698349157162,scenario=S3_transport_load|method=both|duration=0|theta=0.300000|delta_threshold=0.100000|A=v1.0|w=na|run_id=268|seed=14728645698349157162,False,"{""step_1_amount"": 0.14941818994548267}",5222c37788a096d3910624247b4a1e76a3afcfe0df2ea7ddd6490cebc16a26a9,0.44666666666666677,0.6200704783850877,0.1734038117184209,22,0.0,0.0,0.44666666666666677,0.6200704783850877,0,1,0.1734038117184209,"{""energy"": 0.6666666666666667, ""water"": 0.2666666666666667, ""transport"": 0.33333333333333337}","{""energy"": 0.7750440489906798, ""water"": 0.3389182548826754, ""transport"": 0.6945912744133769}","{""energy"": 0.10837738232401306, ""water"": 0.07225158821600869, ""transport"": 0.3612579410800435}","{""energy"": 0.0, ""water"": 0.0, ""transport"": 0.0}","{""energy"": 0.0, ""water"": 0.0, ""transport"": 0.0}","{""energy"": 0.0, ""water"": 0.0, ""transport"": 0.0}",0.3,0.1,,0.6200704783850877,,,[],,v1.0,0.7,0.3
S3_transport_load,269,269,7843578312274110778,scenario=S3_transport_load|method=both|duration=0|theta=0.300000|delta_threshold=0.100000|A=v1.0|w=na|run_id=269|seed=7843578312274110778,False,"{""step_1_amount"": 0.5907271690012871}",5222c37788a096d3910624247b4a1e76a3afcfe0df2ea7ddd6490cebc16a26a9,0.44666666666666677,0.7960735406365134,0.3494068739698466,30,0.0,1.0,0.44666666666666677,0.7960735406365134,1,1,0.3494068739698466,"{""energy"": 0.6666666666666667, ""water"": 0.2666666666666667, ""transport"": 0.33333333333333337}","{""energy"": 0.9156781232830777, ""water"": 0.4326743044109408, ""transport"": 1.0}","{""energy"": 0.249011456616411, ""water"": 0.16600763774427407, ""transport"": 0.6666666666666666}","{""energy"": 0.0, ""water"": 0.0, ""transport"": 0.0}","{""energy"": 1.0, ""water"": 1.0, ""transport"": 1.0}","{""energy"": 1.0, ""water"": 1.0, ""transport"": 1.0}",0.3,0.1,,0.7960735406365134,,,"[""energy"", ""water""]",1,v1.0,0.7,0.3
S3_transport_load,270,270,7796781368398396758,scenario=S3_transport_load|method=both|duration=0|theta=0.300000|delta_threshold=0.100000|A=v1.0|w=na|run_id=270|seed=7796781368398396758,False,"{""step_1_amount"": 0.5093210372981127}",5222c37788a096d3910624247b4a1e76a3afcfe0df2ea7ddd6490cebc16a26a9,0.44666666666666677,0.7876107750233539,0.3409441083566871,8,0.0,1.0,0.44666666666666677,0.7876107750233539,1,1,0.3409441083566871,"{""energy"": 0.6666666666666667, ""water"": 0.2666666666666667, ""transport"": 0.33333333333333337}","{""energy"": 0.901573513927812, ""water"": 0.4232712315074303, ""transport"": 1.0}","{""energy"": 0.2349068472611453, ""water"": 0.15660456484076357, ""transport"": 0.6666666666666666}","{""energy"": 0.0, ""water"": 0.0, ""transport"": 0.0}","{""energy"": 1.0, ""water"": 1.0, ""transport"": 1.0}","{""energy"": 1.0, ""water"": 1.0, ""transport"": 1.0}",0.3,0.1,,0.7876107750233539,,,"[""energy"", ""water""]",1,v1.0,0.7,0.3
S3_transport_load,271,271,3974648786170778565,scenario=S3_transport_load|method=both|duration=0|theta=0.300000|delta_threshold=0.100000|A=v1.0|w=na|run_id=271|seed=3974648786170778565,False,"{""step_1_amount"": 0.25820525017428886}",5222c37788a096d3910624247b4a1e76a3afcfe0df2ea7ddd6490cebc16a26a9,0.44666666666666677,0.705443863341151,0.2587771966744842,18,0.0,0.0,0.44666666666666677,0.705443863341151,0,1,0.2587771966744842,"{""energy"": 0.6666666666666667, ""water"": 0.2666666666666667, ""transport"": 0.33333333333333337}","{""energy"": 0.8284024145882194, ""water"": 0.37449049861436845, ""transport"": 0.8724524930718421}","{""energy"": 0.16173574792155265, ""water"": 0.10782383194770173, ""transport"": 0.5391191597385088}","{""energy"": 0.0, ""water"": 0.0, ""transport"": 0.0}","{""energy"": 0.0, ""water"": 0.0, ""transport"": 0.0}","{""energy"": 0.0, ""water"": 0.0, ""transport"": 0.0}",0.3,0.1,,0.705443863341151,,,[],,v1.0,0.7,0.3
S3_transport_load,272,272,5817076045857366616,scenario=S3_transport_load|method=both|duration=0|theta=0.300000|delta_threshold=0.100000|A=v1.0|w=na|run_id=272|seed=5817076045857366616,False,"{""step_1_amount"": 0.5738159208155154}",5222c37788a096d3910624247b4a1e76a3afcfe0df2ea7ddd6490cebc16a26a9,0.44666666666666677,0.8768527295969799,0.43018606293031314,10,0.0,1.0,0.44666666666666677,0.8768527295969799,1,1,0.43018606293031314,"{""energy"": 0.6666666666666667, ""water"": 0.2666666666666667, ""transport"": 0.33333333333333337}","{""energy"": 0.9809805007116923, ""water"": 0.61486843104101, ""transport"": 1.0}","{""energy"": 0.31431383404502555, ""water"": 0.34820176437434325, ""transport"": 0.6666666666666666}","{""energy"": 0.0, ""water"": 0.0, ""transport"": 0.0}","{""energy"": 1.0, ""water"": 1.0, ""transport"": 1.0}","{""energy"": 1.0, ""water"": 1.0, ""transport"": 1.0}",0.3,0.1,,0.8768527295969799,,,"[""energy"", ""water""]",1,v1.0,0.7,0.3
S3_transport_load,273,273,5308037151396722009,scenario=S3_transport_load|method=both|duration=0|theta=0.300000|delta_threshold=0.100000|A=v1.0|w=na|run_id=273|seed=5308037151396722009,False,"{""step_1_amount"": 0.4213990126409143}",5222c37788a096d3910624247b4a1e76a3afcfe0df2ea7ddd6490cebc16a26a9,0.44666666666666677,0.7758227840272687,0.3291561173606019,5,0.0,1.0,0.44666666666666677,0.7758227840272687,1,1,0.3291561173606019,"{""energy"": 0.6666666666666667, ""water"": 0.2666666666666667, ""transport"": 0.33333333333333337}","{""energy"": 0.8819268622676701, ""water"": 0.4101734637340024, ""transport"": 1.0}","{""energy"": 0.2152601956010034, ""water"": 0.14350679706733566, ""transport"": 0.6666666666666666}","{""energy"": 0.0, ""water"": 0.0, ""transport"": 0.0}","{""energy"": 1.0, ""water"": 1.0, ""transport"": 1.0}","{""energy"": 1.0, ""water"": 1.0, ""transport"": 1.0}",0.3,0.1,,0.7758227840272687,,,"[""energy"", ""water""]",1,v1.0,0.7,0.3
S3_transport_load,274,274,12587586092312954796,scenario=S3_transport_load|method=both|duration=0|theta=0.300000|delta_threshold=0.100000|A=v1.0|w=na|run_id=274|seed=12587586092312954796,False,"{""step_1_amount"": 0.4321872498146664}",5222c37788a096d3910624247b4a1e76a3afcfe0df2ea7ddd6490cebc16a26a9,0.44666666666666677,0.810259737975763,0.36359307130909624,13,0.0,1.0,0.44666666666666677,0.810259737975763,1,1,0.36359307130909624,"{""energy"": 0.6666666666666667, ""water"": 0.2666666666666667, ""transport"": 0.33333333333333337}","{""energy"": 0.9018980352615934, ""water"": 0.4983350795704186, ""transport"": 1.0}","{""energy"": 0.23523136859492666, ""water"": 0.2316684129037519, ""transport"": 0.6666666666666666}","{""energy"": 0.0, ""water"": 0.0, ""transport"": 0.0}","{""energy"": 1.0, ""water"": 1.0, ""transport"": 1.0}","{""energy"": 1.0, ""water"": 1.0, ""transport"": 1.0}",0.3,0.1,,0.810259737975763,,,"[""energy"", ""water""]",1,v1.0,0.7,0.3
S3_transport_load,275,275,14813775628189517216,scenario=S3_transport_load|method=both|duration=0|theta=0.300000|delta_threshold=0.100000|A=v1.0|w=na|run_id=275|seed=14813775628189517216,False,"{""step_1_amount"": 0.5615022778744378}",5222c37788a096d3910624247b4a1e76a3afcfe0df2ea7ddd6490cebc16a26a9,0.44666666666666677,0.7932702029526533,0.3466035362859865,29,0.0,1.0,0.44666666666666677,0.7932702029526533,1,1,0.3466035362859865,"{""energy"": 0.6666666666666667, ""water"": 0.2666666666666667, ""transport"": 0.33333333333333337}","{""energy"": 0.9110058938099775, ""water"": 0.4295594847622073, ""transport"": 1.0}","{""energy"": 0.2443392271433108, ""water"": 0.16289281809554057, ""transport"": 0.6666666666666666}","{""energy"": 0.0, ""water"": 0.0, ""transport"": 0.0}","{""energy"": 1.0, ""water"": 1.0, ""transport"": 1.0}","{""energy"": 1.0, ""water"": 1.0, ""transport"": 1.0}",0.3,0.1,,0.7932702029526533,,,"[""energy"", ""water""]",1,v1.0,0.7,0.3
S3_transport_load,276,276,15782508554116207099,scenario=S3_transport_load|method=both|duration=0|theta=0.300000|delta_threshold=0.100000|A=v1.0|w=na|run_id=276|seed=15782508554116207099,False,"{""step_1_amount"": 0.6275888265479542}",5222c37788a096d3910624247b4a1e76a3afcfe0df2ea7ddd6490cebc16a26a9,0.44666666666666677,0.7992763273493207,0.352609660682654,28,0.0,1.0,0.44666666666666677,0.7992763273493207,1,1,0.352609660682654,"{""energy"": 0.6666666666666667, ""water"": 0.2666666666666667, ""transport"": 0.33333333333333337}","{""energy"": 0.9210161011377568, ""water"": 0.4362329563140601, ""transport"": 1.0}","{""energy"": 0.25434943447109004, ""water"": 0.1695662896473934, ""transport"": 0.6666666666666666}","{""energy"": 0.0, ""water"": 0.0, ""transport"": 0.0}","{""energy"": 1.0, ""water"": 1.0, ""transport"": 1.0}","{""energy"": 1.0, ""water"": 1.0, ""transport"": 1.0}",0.3,0.1,,0.7992763273493207,,,"[""energy"", ""water""]",1,v1.0,0.7,0.3
S3_transport_load,277,277,9937461684401905662,scenario=S3_transport_load|method=both|duration=0|theta=0.300000|delta_threshold=0.100000|A=v1.0|w=na|run_id=277|seed=9937461684401905662,False,"{""step_1_amount"": 0.3638914951295396}",5222c37788a096d3910624247b4a1e76a3afcfe0df2ea7ddd6490cebc16a26a9,0.44666666666666677,0.7655527585426163,0.3188860918759495,24,0.0,0.0,0.44666666666666677,0.7655527585426163,0,1,0.3188860918759495,"{""energy"": 0.6666666666666667, ""water"": 0.2666666666666667, ""transport"": 0.33333333333333337}","{""energy"": 0.8659704740891352, ""water"": 0.39953587161497905, ""transport"": 0.9976793580748949}","{""energy"": 0.19930380742246845, ""water"": 0.13286920494831234, ""transport"": 0.6643460247415616}","{""energy"": 0.0, ""water"": 0.0, ""transport"": 0.0}","{""energy"": 0.0, ""water"": 0.0, ""transport"": 0.0}","{""energy"": 0.0, ""water"": 0.0, ""transport"": 0.0}",0.3,0.1,,0.7655527585426163,,,[],,v1.0,0.7,0.3
S3_transport_load,278,278,11311188448476524757,scenario=S3_transport_load|method=both|duration=0|theta=0.300000|delta_threshold=0.100000|A=v1.0|w=na|run_id=278|seed=11311188448476524757,False,"{""step_1_amount"": 0.10076284708520314}",5222c37788a096d3910624247b4a1e76a3afcfe0df2ea7ddd6490cebc16a26a9,0.44666666666666677,0.5718867789060623,0.12522011223939555,20,0.0,0.0,0.44666666666666677,0.5718867789060623,0,0,0.12522011223939555,"{""energy"": 0.6666666666666667, ""water"": 0.2666666666666667, ""transport"": 0.33333333333333337}","{""energy"": 0.744929236816289, ""water"": 0.31884171343308154, ""transport"": 0.5942085671654076}","{""energy"": 0.07826257014962223, ""water"": 0.05217504676641482, ""transport"": 0.2608752338320742}","{""energy"": 0.0, ""water"": 0.0, ""transport"": 0.0}","{""energy"": 0.0, ""water"": 0.0, ""transport"": 0.0}","{""energy"": 0.0, ""water"": 0.0, ""transport"": 0.0}",0.3,0.1,,0.5718867789060623,,,[],,v1.0,0.7,0.3
S3_transport_load,279,279,17420220175893220338,scenario=S3_transport_load|method=both|duration=0|theta=0.300000|delta_threshold=0.100000|A=v1.0|w=na|run_id=279|seed=17420220175893220338,False,"{""step_1_amount"": 0.3209647764036639}",5222c37788a096d3910624247b4a1e76a3afcfe0df2ea7ddd6490cebc16a26a9,0.44666666666666677,0.7434092569704611,0.29674259030379435,18,0.0,0.0,0.44666666666666677,0.7434092569704611,0,1,0.29674259030379435,"{""energy"": 0.6666666666666667, ""water"": 0.2666666666666667, ""transport"": 0.33333333333333337}","{""energy"": 0.8521307856065382, ""water"": 0.39030941262658103, ""transport"": 0.9515470631329049}","{""energy"": 0.18546411893987147, ""water"": 0.12364274595991431, ""transport"": 0.6182137297995716}","{""energy"": 0.0, ""water"": 0.0, ""transport"": 0.0}","{""energy"": 0.0, ""water"": 0.0, ""transport"": 0.0}","{""energy"": 0.0, ""water"": 0.0, ""transport"": 0.0}",0.3,0.1,,0.7434092569704611,,,[],,v1.0,0.7,0.3
S3_transport_load,280,280,8940578437530290000,scenario=S3_transport_load|method=both|duration=0|theta=0.300000|delta_threshold=0.100000|A=v1.0|w=na|run_id=280|seed=8940578437530290000,False,"{""step_1_amount"": 0.22962601831038065}",5222c37788a096d3910624247b4a1e76a3afcfe0df2ea7ddd6490cebc16a26a9,0.44666666666666677,0.6856398863200872,0.23897321965342044,10,0.0,0.0,0.44666666666666677,0.6856398863200872,0,1,0.23897321965342044,"{""energy"": 0.6666666666666667, ""water"": 0.2666666666666667, ""transport"": 0.33333333333333337}","{""energy"": 0.8160249289500545, ""water"": 0.3662388415222586, ""transport"": 0.8311942076112928}","{""energy"": 0.14935826228338778, ""water"": 0.09957217485559189, ""transport"": 0.49786087427795944}","{""energy"": 0.0, ""water"": 0.0, ""transport"": 0.0}","{""energy"": 0.0, ""water"": 0.0, ""transport"": 0.0}","{""energy"": 0.0, ""water"": 0.0, ""transport"": 0.0}",0.3,0.1,,0.6856398863200872,,,[],,v1.0,0.7,0.3
S3_transport_load,281,281,7130936128618989072,scenario=S3_transport_load|method=both|duration=0|theta=0.300000|delta_threshold=0.100000|A=v1.0|w=na|run_id=281|seed=7130936128618989072,False,"{""step_1_amount"": 0.5547028563056879}",5222c37788a096d3910624247b4a1e76a3afcfe0df2ea7ddd6490cebc16a26a9,0.44666666666666677,0.8155564724703541,0.36888980580368735,8,0.0,1.0,0.44666666666666677,0.8155564724703541,1,1,0.36888980580368735,"{""energy"": 0.6666666666666667, ""water"": 0.2666666666666667, ""transport"": 0.33333333333333337}","{""energy"": 0.948149676339479, ""water"": 0.4543220064485416, ""transport"": 1.0}","{""energy"": 0.28148300967281226, ""water"": 0.18765533978187487, ""transport"": 0.6666666666666666}","{""energy"": 0.0, ""water"": 0.0, ""transport"": 0.0}","{""energy"": 1.0, ""water"": 1.0, ""transport"": 1.0}","{""energy"": 1.0, ""water"": 1.0, ""transport"": 1.0}",0.3,0.1,,0.8155564724703541,,,"[""energy"", ""water""]",1,v1.0,0.7,0.3
S3_transport_load,282,282,1694225625793453812,scenario=S3_transport_load|method=both|duration=0|theta=0.300000|delta_threshold=0.100000|A=v1.0|w=na|run_id=282|seed=1694225625793453812,False,"{""step_1_amount"": 0.4228166281769724}",5222c37788a096d3910624247b4a1e76a3afcfe0df2ea7ddd6490cebc16a26a9,0.44666666666666677,0.8361023410561841,0.3894356743895173,25,0.0,1.0,0.44666666666666677,0.8361023410561841,1,1,0.3894356743895173,"{""energy"": 0.6666666666666667, ""water"": 0.2666666666666667, ""transport"": 0.33333333333333337}","{""energy"": 0.9474064737116511, ""water"": 0.5237991719050792, ""transport"": 1.0}","{""energy"": 0.28073980704498436, ""water"": 0.25713250523841247, ""transport"": 0.6666666666666666}","{""energy"": 0.0, ""water"": 0.0, ""transport"": 0.0}","{""energy"": 1.0, ""water"": 1.0, ""transport"": 1.0}","{""energy"": 1.0, ""water"": 1.0, ""transport"": 1.0}",0.3,0.1,,0.8361023410561841,,,"[""energy"", ""water""]",1,v1.0,0.7,0.3
S3_transport_load,283,283,2210181424967782904,scenario=S3_transport_load|method=both|duration=0|theta=0.300000|delta_threshold=0.100000|A=v1.0|w=na|run_id=283|seed=2210181424967782904,False,"{""step_1_amount"": 0.3438597544867163}",5222c37788a096d3910624247b4a1e76a3afcfe0df2ea7ddd6490cebc16a26a9,0.44666666666666677,0.7555737398427387,0.3089070731760719,15,0.0,0.0,0.44666666666666677,0.7555737398427387,0,1,0.3089070731760719,"{""energy"": 0.6666666666666667, ""water"": 0.2666666666666667, ""transport"": 0.33333333333333337}","{""energy"": 0.8597335874017117, ""water"": 0.3953779471566967, ""transport"": 0.9768897357834833}","{""energy"": 0.19306692073504494, ""water"": 0.12871128049003, ""transport"": 0.6435564024501499}","{""energy"": 0.0, ""water"": 0.0, ""transport"": 0.0}","{""energy"": 0.0, ""water"": 0.0, ""transport"": 0.0}","{""energy"": 0.0, ""water"": 0.0, ""transport"": 0.0}",0.3,0.1,,0.7555737398427387,,,[],,v1.0,0.7,0.3
S3_transport_load,284,284,5349238728249378533,scenario=S3_transport_load|method=both|duration=0|theta=0.300000|delta_threshold=0.100000|A=v1.0|w=na|run_id=284|seed=5349238728249378533,False,"{""step_1_amount"": 0.29689163045853967}",5222c37788a096d3910624247b4a1e76a3afcfe0df2ea7ddd6490cebc16a26a9,0.44666666666666677,0.7296848914876776,0.2830182248210108,14,0.0,0.0,0.44666666666666677,0.7296848914876776,0,1,0.2830182248210108,"{""energy"": 0.6666666666666667, ""water"": 0.2666666666666667, ""transport"": 0.33333333333333337}","{""energy"": 0.8435530571797984, ""water"": 0.3845909270087546, ""transport"": 0.9229546350437726}","{""energy"": 0.1768863905131317, ""water"": 0.11792426034208786, ""transport"": 0.5896213017104392}","{""energy"": 0.0, ""water"": 0.0, ""transport"": 0.0}","{""energy"": 0.0, ""water"": 0.0, ""transport"": 0.0}","{""energy"": 0.0, ""water"": 0.0, ""transport"": 0.0}",0.3,0.1,,0.7296848914876776,,,[],,v1.0,0.7,0.3
S3_transport_load,285,285,7663874058192066313,scenario=S3_transport_load|method=both|duration=0|theta=0.300000|delta_threshold=0.100000|A=v1.0|w=na|run_id=285|seed=7663874058192066313,False,"{""step_1_amount"": 0.36121662088263445}",5222c37788a096d3910624247b4a1e76a3afcfe0df2ea7ddd6490cebc16a26a9,0.44666666666666677,0.764254678877825,0.3175880122111583,17,0.0,0.0,0.44666666666666677,0.764254678877825,0,1,0.3175880122111583,"{""energy"": 0.6666666666666667, ""water"": 0.2666666666666667, ""transport"": 0.33333333333333337}","{""energy"": 0.8651591742986406, ""water"": 0.3989950050879827, ""transport"": 0.9949750254399132}","{""energy"": 0.1984925076319739, ""water"": 0.13232833842131597, ""transport"": 0.6616416921065799}","{""energy"": 0.0, ""water"": 0.0, ""transport"": 0.0}","{""energy"": 0.0, ""water"": 0.0, ""transport"": 0.0}","{""energy"": 0.0, ""water"": 0.0, ""transport"": 0.0}",0.3,0.1,,0.764254678877825,,,[],,v1.0,0.7,0.3
S3_transport_load,286,286,189582422443406937,scenario=S3_transport_load|method=both|duration=0|theta=0.300000|delta_threshold=0.100000|A=v1.0|w=na|run_id=286|seed=189582422443406937,False,"{""step_1_amount"": 0.0625700267057125}",5222c37788a096d3910624247b4a1e76a3afcfe0df2ea7ddd6490cebc16a26a9,0.44666666666666677,0.528816279163381,0.08214961249671426,20,0.0,0.0,0.44666666666666677,0.528816279163381,0,0,0.08214961249671426,"{""energy"": 0.6666666666666667, ""water"": 0.2666666666666667, ""transport"": 0.33333333333333337}","{""energy"": 0.7180101744771132, ""water"": 0.30089567187363103, ""transport"": 0.5044783593681549}","{""energy"": 0.0513435078104465, ""water"": 0.034229005206964314, ""transport"": 0.1711450260348215}","{""energy"": 0.0, ""water"": 0.0, ""transport"": 0.0}","{""energy"": 0.0, ""water"": 0.0, ""transport"": 0.0}","{""energy"": 0.0, ""water"": 0.0, ""transport"": 0.0}",0.3,0.1,,0.528816279163381,,,[],,v1.0,0.7,0.3
S3_transport_load,287,287,14902872778022586494,scenario=S3_transport_load|method=both|duration=0|theta=0.300000|delta_threshold=0.100000|A=v1.0|w=na|run_id=287|seed=14902872778022586494,False,"{""step_1_amount"": 0.15799847209195833}",5222c37788a096d3910624247b4a1e76a3afcfe0df2ea7ddd6490cebc16a26a9,0.44666666666666677,0.6278618157743946,0.18119514910772783,18,0.0,0.0,0.44666666666666677,0.6278618157743946,0,1,0.18119514910772783,"{""energy"": 0.6666666666666667, ""water"": 0.2666666666666667, ""transport"": 0.33333333333333337}","{""energy"": 0.7799136348589967, ""water"": 0.34216464546155334, ""transport"": 0.7108232273077665}","{""energy"": 0.11324696819232993, ""water"": 0.07549797879488662, ""transport"": 0.3774898939744331}","{""energy"": 0.0, ""water"": 0.0, ""transport"": 0.0}","{""energy"": 0.0, ""water"": 0.0, ""transport"": 0.0}","{""energy"": 0.0, ""water"": 0.0, ""transport"": 0.0}",0.3,0.1,,0.6278618157743946,,,[],,v1.0,0.7,0.3
S3_transport_load,288,288,4275069255062640173,scenario=S3_transport_load|method=both|duration=0|theta=0.300000|delta_threshold=0.100000|A=v1.0|w=na|run_id=288|seed=4275069255062640173,False,"{""step_1_amount"": 0.1478777225130997}",5222c37788a096d3910624247b4a1e76a3afcfe0df2ea7ddd6490cebc16a26a9,0.44666666666666677,0.7071628590261415,0.26049619235947474,12,0.0,0.0,0.44666666666666677,0.7071628590261415,0,1,0.26049619235947474,"{""energy"": 0.6666666666666667, ""water"": 0.2666666666666667, ""transport"": 0.33333333333333337}","{""energy"": 0.8294767868913384, ""water"": 0.3752067468164479, ""transport"": 0.8760337340822392}","{""energy"": 0.16281012022467167, ""water"": 0.10854008014978117, ""transport"": 0.5427004007489058}","{""energy"": 0.0, ""water"": 0.0, ""transport"": 0.0}","{""energy"": 0.0, ""water"": 0.0, ""transport"": 0.0}","{""energy"": 0.0, ""water"": 0.0, ""transport"": 0.0}",0.3,0.1,,0.7071628590261415,,,[],,v1.0,0.7,0.3
S3_transport_load,289,289,15281448456798716422,scenario=S3_transport_load|method=both|duration=0|theta=0.300000|delta_threshold=0.100000|A=v1.0|w=na|run_id=289|seed=15281448456798716422,False,"{""step_1_amount"": 0.41969989375872935}",5222c37788a096d3910624247b4a1e76a3afcfe0df2ea7ddd6490cebc16a26a9,0.44666666666666677,0.7755629529609978,0.328896286294331,13,0.0,1.0,0.44666666666666677,0.7755629529609978,1,1,0.328896286294331,"{""energy"": 0.6666666666666667, ""water"": 0.2666666666666667, ""transport"": 0.33333333333333337}","{""energy"": 0.8814938104905516, ""water"": 0.4098847625492567, ""transport"": 1.0}","{""energy"": 0.2148271438238849, ""water"": 0.14321809588259, ""transport"": 0.6666666666666666}","{""energy"": 0.0, ""water"": 0.0, ""transport"": 0.0}","{""energy"": 1.0, ""water"": 1.0, ""transport"": 1.0}","{""energy"": 1.0, ""water"": 1.0, ""transport"": 1.0}",0.3,0.1,,0.7755629529609978,,,"[""energy"", ""water""]",1,v1.0,0.7,0.3
S3_transport_load,290,290,11117110852051854545,scenario=S3_transport_load|method=both|duration=0|theta=0.300000|delta_threshold=0.100000|A=v1.0|w=na|run_id=290|seed=11117110852051854545,False,"{""step_1_amount"": 0.3294929615852812}",5222c37788a096d3910624247b4a1e76a3afcfe0df2ea7ddd6490cebc16a26a9,0.44666666666666677,0.7480383472361978,0.301371680569531,22,0.0,0.0,0.44666666666666677,0.7480383472361978,0,1,0.301371680569531,"{""energy"": 0.6666666666666667, ""water"": 0.2666666666666667, ""transport"": 0.33333333333333337}","{""energy"": 0.8550239670226236, ""water"": 0.39223820023730466, ""transport"": 0.961191001186523}","{""energy"": 0.18835730035595688, ""water"": 0.12557153357063794, ""transport"": 0.6278576678531896}","{""energy"": 0.0, ""water"": 0.0, ""transport"": 0.0}","{""energy"": 0.0, ""water"": 0.0, ""transport"": 0.0}","{""energy"": 0.0, ""water"": 0.0, ""transport"": 0.0}",0.3,0.1,,0.7480383472361978,,,[],,v1.0,0.7,0.3
S3_transport_load,291,291,2251443859356814068,scenario=S3_transport_load|method=both|duration=0|theta=0.300000|delta_threshold=0.100000|A=v1.0|w=na|run_id=291|seed=2251443859356814068,False,"{""step_1_amount"": 0.2773992339273403}",5222c37788a096d3910624247b4a1e76a3afcfe0df2ea7ddd6490cebc16a26a9,0.44666666666666677,0.7178224911368366,0.27115582447016984,17,0.0,0.0,0.44666666666666677,0.7178224911368366,0,1,0.27115582447016984,"{""energy"": 0.6666666666666667, ""water"": 0.2666666666666667, ""transport"": 0.33333333333333337}","{""energy"": 0.8361390569605229, ""water"": 0.37964826019590414, ""transport"": 0.8982413009795206}","{""energy"": 0.1694723902938562, ""water"": 0.11298159352923742, ""transport"": 0.5649079676461872}","{""energy"": 0.0, ""water"": 0.0, ""transport"": 0.0}","{""energy"": 0.0, ""water"": 0.0, ""transport"": 0.0}","{""energy"": 0.0, ""water"": 0.0, ""transport"": 0.0}",0.3,0.1,,0.7178224911368366,,,[],,v1.0,0.7,0.3
S3_transport_load,292,292,5892430234820799210,scenario=S3_transport_load|method=both|duration=0|theta=0.300000|delta_threshold=0.100000|A=v1.0|w=na|run_id=292|seed=5892430234820799210,False,"{""step_1_amount"": 0.3035545278551552}",5222c37788a096d3910624247b4a1e76a3afcfe0df2ea7ddd6490cebc16a26a9,0.44666666666666677,0.7335832086312174,0.28691654196455063,26,0.0,0.0,0.44666666666666677,0.7335832086312174,0,1,0.28691654196455063,"{""energy"": 0.6666666666666667, ""water"": 0.2666666666666667, ""transport"": 0.33333333333333337}","{""energy"": 0.8459895053945109, ""water"": 0.3862152258185628, ""transport"": 0.9310761290928139}","{""energy"": 0.17932283872784416, ""water"": 0.1195485591518961, ""transport"": 0.5977427957594805}","{""energy"": 0.0, ""water"": 0.0, ""transport"": 0.0}","{""energy"": 0.0, ""water"": 0.0, ""transport"": 0.0}","{""energy"": 0.0, ""water"": 0.0, ""transport"": 0.0}",0.3,0.1,,0.7335832086312174,,,[],,v1.0,0.7,0.3
S3_transport_load,293,293,2552596285509955389,scenario=S3_transport_load|method=both|duration=0|theta=0.300000|delta_threshold=0.100000|A=v1.0|w=na|run_id=293|seed=2552596285509955389,False,"{""step_1_amount"": 0.34922161625356535}",5222c37788a096d3910624247b4a1e76a3afcfe0df2ea7ddd6490cebc16a26a9,0.44666666666666677,0.8511174068421412,0.40445074017547444,14,0.0,1.0,0.44666666666666677,0.8511174068421412,1,1,0.40445074017547444,"{""energy"": 0.6666666666666667, ""water"": 0.2666666666666667, ""transport"": 0.33333333333333337}","{""energy"": 0.9518726548681797, ""water"": 0.5678944829828978, ""transport"": 1.0}","{""energy"": 0.285205988201513, ""water"": 0.3012278163162311, ""transport"": 0.6666666666666666}","{""energy"": 0.0, ""water"": 0.0, ""transport"": 0.0}","{""energy"": 1.0, ""water"": 1.0, ""transport"": 1.0}","{""energy"": 1.0, ""water"": 1.0, ""transport"": 1.0}",0.3,0.1,,0.8511174068421412,,,"[""energy"", ""water""]",2,v1.0,0.7,0.3
S3_transport_load,294,294,12443733688427345139,scenario=S3_transport_load|method=both|duration=0|theta=0.300000|delta_threshold=0.100000|A=v1.0|w=na|run_id=294|seed=12443733688427345139,False,"{""step_1_amount"": 0.8532211831385158}",5222c37788a096d3910624247b4a1e76a3afcfe0df2ea7ddd6490cebc16a26a9,0.44666666666666677,0.8127471309326753,0.3660804642660085,5,0.0,1.0,0.44666666666666677,0.8127471309326753,1,1,0.3660804642660085,"{""energy"": 0.6666666666666667, ""water"": 0.2666666666666667, ""transport"": 0.33333333333333337}","{""energy"": 0.9434674404433477, ""water"": 0.45120051585112075, ""transport"": 1.0}","{""energy"": 0.276800773776681, ""water"": 0.18453384918445404, ""transport"": 0.6666666666666666}","{""energy"": 0.0, ""water"": 0.0, ""transport"": 0.0}","{""energy"": 1.0, ""water"": 1.0, ""transport"": 1.0}","{""energy"": 1.0, ""water"": 1.0, ""transport"": 1.0}",0.3,0.1,,0.8127471309326753,,,"[""energy"", ""water""]",1,v1.0,0.7,0.3
S3_transport_load,295,295,10185648810199879730,scenario=S3_transport_load|method=both|duration=0|theta=0.300000|delta_threshold=0.100000|A=v1.0|w=na|run_id=295|seed=10185648810199879730,False,"{""step_1_amount"": 0.21714058803314137}",5222c37788a096d3910624247b4a1e76a3afcfe0df2ea7ddd6490cebc16a26a9,0.44666666666666677,0.6764407091019434,0.22977404243527666,18,0.0,0.0,0.44666666666666677,0.6764407091019434,0,1,0.22977404243527666,"{""energy"": 0.6666666666666667, ""water"": 0.2666666666666667, ""transport"": 0.33333333333333337}","{""energy"": 0.8102754431887147, ""water"": 0.3624058510146987, ""transport"": 0.8120292550734931}","{""energy"": 0.14360877652204795, ""water"": 0.09573918434803197, ""transport"": 0.47869592174015974}","{""energy"": 0.0, ""water"": 0.0, ""transport"": 0.0}","{""energy"": 0.0, ""water"": 0.0, ""transport"": 0.0}","{""energy"": 0.0, ""water"": 0.0, ""transport"": 0.0}",0.3,0.1,,0.6764407091019434,,,[],,v1.0,0.7,0.3
S3_transport_load,296,296,9274010743895878238,scenario=S3_transport_load|method=both|duration=0|theta=0.300000|delta_threshold=0.100000|A=v1.0|w=na|run_id=296|seed=9274010743895878238,False,"{""step_1_amount"": 0.17211030170825023}",5222c37788a096d3910624247b4a1e76a3afcfe0df2ea7ddd6490cebc16a26a9,0.44666666666666677,0.6402478313013434,0.19358116463467667,24,0.0,0.0,0.44666666666666677,0.6402478313013434,0,1,0.19358116463467667,"{""energy"": 0.6666666666666667, ""water"": 0.2666666666666667, ""transport"": 0.33333333333333337}","{""energy"": 0.7876548945633397, ""water"": 0.3473254852644487, ""transport"": 0.7366274263222432}","{""energy"": 0.12098822789667296, ""water"": 0.08065881859778196, ""transport"": 0.40329409298890984}","{""energy"": 0.0, ""water"": 0.0, ""transport"": 0.0}","{""energy"": 0.0, ""water"": 0.0, ""transport"": 0.0}","{""energy"": 0.0, ""water"": 0.0, ""transport"": 0.0}",0.3,0.1,,0.6402478313013434,,,[],,v1.0,0.7,0.3
S3_transport_load,297,297,10822125642399753120,scenario=S3_transport_load|method=both|duration=0|theta=0.300000|delta_threshold=0.100000|A=v1.0|w=na|run_id=297|seed=10822125642399753120,False,"{""step_1_amount"": 0.16672972386009477}",5222c37788a096d3910624247b4a1e76a3afcfe0df2ea7ddd6490cebc16a26a9,0.44666666666666677,0.6355870191855136,0.18892035251884687,22,0.0,0.0,0.44666666666666677,0.6355870191855136,0,1,0.18892035251884687,"{""energy"": 0.6666666666666667, ""water"": 0.2666666666666667, ""transport"": 0.33333333333333337}","{""energy"": 0.784741886990946, ""water"": 0.34538348021618626, ""transport"": 0.7269174010809311}","{""energy"": 0.1180752203242793, ""water"": 0.07871681354951954, ""transport"": 0.3935840677475977}","{""energy"": 0.0, ""water"": 0.0, ""transport"": 0.0}","{""energy"": 0.0, ""water"": 0.0, ""transport"": 0.0}","{""energy"": 0.0, ""water"": 0.0, ""transport"": 0.0}",0.3,0.1,,0.6355870191855136,,,[],,v1.0,0.7,0.3
S3_transport_load,298,298,12232572663737585631,scenario=S3_transport_load|method=both|duration=0|theta=0.300000|delta_threshold=0.100000|A=v1.0|w=na|run_id=298|seed=12232572663737585631,False,"{""step_1_amount"": 0.6166855668327204}",5222c37788a096d3910624247b4a1e76a3afcfe0df2ea7ddd6490cebc16a26a9,0.44666666666666677,0.7983655814524955,0.3516989147858287,8,0.0,1.0,0.44666666666666677,0.7983655814524955,1,1,0.3516989147858287,"{""energy"": 0.6666666666666667, ""water"": 0.2666666666666667, ""transport"": 0.33333333333333337}","{""energy"": 0.9194981913097147, ""water"": 0.4352210164286987, ""transport"": 1.0}","{""energy"": 0.2528315246430479, ""water"": 0.16855434976203199, ""transport"": 0.6666666666666666}","{""energy"": 0.0, ""water"": 0.0, ""transport"": 0.0}","{""energy"": 1.0, ""water"": 1.0, ""transport"": 1.0}","{""energy"": 1.0, ""water"": 1.0, ""transport"": 1.0}",0.3,0.1,,0.7983655814524955,,,"[""energy"", ""water""]",1,v1.0,0.7,0.3
S3_transport_load,299,299,14661486617552286553,scenario=S3_transport_load|method=both|duration=0|theta=0.300000|delta_threshold=0.100000|A=v1.0|w=na|run_id=299|seed=14661486617552286553,False,"{""step_1_amount"": 0.5903905394259742}",5222c37788a096d3910624247b4a1e76a3afcfe0df2ea7ddd6490cebc16a26a9,0.44666666666666677,0.7960426293776106,0.34937596271094384,6,0.0,1.0,0.44666666666666677,0.7960426293776106,1,1,0.34937596271094384,"{""energy"": 0.6666666666666667, ""water"": 0.2666666666666667, ""transport"": 0.33333333333333337}","{""energy"": 0.91562660451824, ""water"": 0.4326399585677156, ""transport"": 1.0}","{""energy"": 0.24895993785157322, ""water"": 0.16597329190104887, ""transport"": 0.6666666666666666}","{""energy"": 0.0, ""water"": 0.0, ""transport"": 0.0}","{""energy"": 1.0, ""water"": 1.0, ""transport"": 1.0}","{""energy"": 1.0, ""water"": 1.0, ""transport"": 1.0}",0.3,0.1,,0.7960426293776106,,,"[""energy"", ""water""]",1,v1.0,0.7,0.3
S3_transport_load,300,300,14524575855218079576,scenario=S3_transport_load|method=both|duration=0|theta=0.300000|delta_threshold=0.100000|A=v1.0|w=na|run_id=300|seed=14524575855218079576,False,"{""step_1_amount"": 0.8699148640065678}",5222c37788a096d3910624247b4a1e76a3afcfe0df2ea7ddd6490cebc16a26a9,0.44666666666666677,0.8134270677160493,0.36676040104938257,10,0.0,1.0,0.44666666666666677,0.8134270677160493,1,1,0.36676040104938257,"{""energy"": 0.6666666666666667, ""water"": 0.2666666666666667, ""transport"": 0.33333333333333337}","{""energy"": 0.9446006684156376, ""water"": 0.45195600116598067, ""transport"": 1.0}","{""energy"": 0.27793400174897087, ""water"": 0.18528933449931395, ""transport"": 0.6666666666666666}","{""energy"": 0.0, ""water"": 0.0, ""transport"": 0.0}","{""energy"": 1.0, ""water"": 1.0, ""transport"": 1.0}","{""energy"": 1.0, ""water"": 1.0, ""transport"": 1.0}",0.3,0.1,,0.8134270677160493,,,"[""energy"", ""water""]",1,v1.0,0.7,0.3
S3_transport_load,301,301,608378501693245968,scenario=S3_transport_load|method=both|duration=0|theta=0.300000|delta_threshold=0.100000|A=v1.0|w=na|run_id=301|seed=608378501693245968,False,"{""step_1_amount"": 0.37746839520076986}",5222c37788a096d3910624247b4a1e76a3afcfe0df2ea7ddd6490cebc16a26a9,0.44666666666666677,0.768660364338186,0.3219936976715192,25,0.0,0.0,0.44666666666666677,0.768660364338186,0,1,0.3219936976715192,"{""energy"": 0.6666666666666667, ""water"": 0.2666666666666667, ""transport"": 0.33333333333333337}","{""energy"": 0.8699894961191987, ""water"": 0.40221521963502144, ""transport"": 1.0}","{""energy"": 0.203322829452532, ""water"": 0.13554855296835472, ""transport"": 0.6666666666666666}","{""energy"": 0.0, ""water"": 0.0, ""transport"": 0.0}","{""energy"": 0.0, ""water"": 0.0, ""transport"": 0.0}","{""energy"": 0.0, ""water"": 0.0, ""transport"": 0.0}",0.3,0.1,,0.768660364338186,,,[],,v1.0,0.7,0.3
S3_transport_load,302,302,2093244655999190528,scenario=S3_transport_load|method=both|duration=0|theta=0.300000|delta_threshold=0.100000|A=v1.0|w=na|run_id=302|seed=2093244655999190528,False,"{""step_1_amount"": 0.49374497594987876}",5222c37788a096d3910624247b4a1e76a3afcfe0df2ea7ddd6490cebc16a26a9,0.44666666666666677,0.8260415421770759,0.37937487551040916,24,0.0,1.0,0.44666666666666677,0.8260415421770759,1,1,0.37937487551040916,"{""energy"": 0.6666666666666667, ""water"": 0.2666666666666667, ""transport"": 0.33333333333333337}","{""energy"": 0.9507535517179719, ""water"": 0.4858004049662904, ""transport"": 1.0}","{""energy"": 0.2840868850513052, ""water"": 0.21913373829962368, ""transport"": 0.6666666666666666}","{""energy"": 0.0, ""water"": 0.0, ""transport"": 0.0}","{""energy"": 1.0, ""water"": 1.0, ""transport"": 1.0}","{""energy"": 1.0, ""water"": 1.0, ""transport"": 1.0}",0.3,0.1,,0.8260415421770759,,,"[""energy"", ""water""]",1,v1.0,0.7,0.3
S3_transport_load,303,303,17029856339209714661,scenario=S3_transport_load|method=both|duration=0|theta=0.300000|delta_threshold=0.100000|A=v1.0|w=na|run_id=303|seed=17029856339209714661,False,"{""step_1_amount"": 0.5246055180254106}",5222c37788a096d3910624247b4a1e76a3afcfe0df2ea7ddd6490cebc16a26a9,0.44666666666666677,0.8280154997581828,0.381348833091516,27,0.0,1.0,0.44666666666666677,0.8280154997581828,1,1,0.381348833091516,"{""energy"": 0.6666666666666667, ""water"": 0.2666666666666667, ""transport"": 0.33333333333333337}","{""energy"": 0.9248352392412584, ""water"": 0.5269380135389313, ""transport"": 1.0}","{""energy"": 0.2581685725745917, ""water"": 0.2602713468722646, ""transport"": 0.6666666666666666}","{""energy"": 0.0, ""water"": 0.0, ""transport"": 0.0}","{""energy"": 1.0, ""water"": 1.0, ""transport"": 1.0}","{""energy"": 1.0, ""water"": 1.0, ""transport"": 1.0}",0.3,0.1,,0.8280154997581828,,,"[""energy"", ""water""]",1,v1.0,0.7,0.3
S3_transport_load,304,304,4877801650533378744,scenario=S3_transport_load|method=both|duration=0|theta=0.300000|delta_threshold=0.100000|A=v1.0|w=na|run_id=304|seed=4877801650533378744,False,"{""step_1_amount"": 0.3977044386671558}",5222c37788a096d3910624247b4a1e76a3afcfe0df2ea7ddd6490cebc16a26a9,0.44666666666666677,0.77207705865986,0.3254103919931932,21,0.0,0.0,0.44666666666666677,0.77207705865986,0,1,0.3254103919931932,"{""energy"": 0.6666666666666667, ""water"": 0.2666666666666667, ""transport"": 0.33333333333333337}","{""energy"": 0.8756839866553222, ""water"": 0.4060115466591038, ""transport"": 1.0}","{""energy"": 0.20901731998865547, ""water"": 0.13934487999243705, ""transport"": 0.6666666666666666}","{""energy"": 0.0, ""water"": 0.0, ""transport"": 0.0}","{""energy"": 0.0, ""water"": 0.0, ""transport"": 0.0}","{""energy"": 0.0, ""water"": 0.0, ""transport"": 0.0}",0.3,0.1,,0.77207705865986,,,[],,v1.0,0.7,0.3
S3_transport_load,305,305,11120816393554572748,scenario=S3_transport_load|method=both|duration=0|theta=0.300000|delta_threshold=0.100000|A=v1.0|w=na|run_id=305|seed=11120816393554572748,False,"{""step_1_amount"": 1.3745269873014345}",5222c37788a096d3910624247b4a1e76a3afcfe0df2ea7ddd6490cebc16a26a9,0.44666666666666677,0.8812145887172778,0.434547922050611,25,0.0,1.0,0.44666666666666677,0.8812145887172778,1,1,0.434547922050611,"{""energy"": 0.6666666666666667, ""water"": 0.2666666666666667, ""transport"": 0.33333333333333337}","{""energy"": 0.9920536179968218, ""water"": 0.6146438050618301, ""transport"": 1.0}","{""energy"": 0.32538695133015505, ""water"": 0.3479771383951634, ""transport"": 0.6666666666666666}","{""energy"": 0.0, ""water"": 0.0, ""transport"": 0.0}","{""energy"": 1.0, ""water"": 1.0, ""transport"": 1.0}","{""energy"": 1.0, ""water"": 1.0, ""transport"": 1.0}",0.3,0.1,,0.8812145887172778,,,"[""energy"", ""water""]",1,v1.0,0.7,0.3
S3_transport_load,306,306,14876700790301754137,scenario=S3_transport_load|method=both|duration=0|theta=0.300000|delta_threshold=0.100000|A=v1.0|w=na|run_id=306|seed=14876700790301754137,False,"{""step_1_amount"": 0.6396946162057903}",5222c37788a096d3910624247b4a1e76a3afcfe0df2ea7ddd6490cebc16a26a9,0.44666666666666677,0.80025322584578,0.3535865591791132,13,0.0,1.0,0.44666666666666677,0.80025322584578,1,1,0.3535865591791132,"{""energy"": 0.6666666666666667, ""water"": 0.2666666666666667, ""transport"": 0.33333333333333337}","{""energy"": 0.9226442652985221, ""water"": 0.43731839908790365, ""transport"": 1.0}","{""energy"": 0.2559775986318553, ""water"": 0.17065173242123693, ""transport"": 0.6666666666666666}","{""energy"": 0.0, ""water"": 0.0, ""transport"": 0.0}","{""energy"": 1.0, ""water"": 1.0, ""transport"": 1.0}","{""energy"": 1.0, ""water"": 1.0, ""transport"": 1.0}",0.3,0.1,,0.80025322584578,,,"[""energy"", ""water""]",1,v1.0,0.7,0.3
S3_transport_load,307,307,3375112686114483222,scenario=S3_transport_load|method=both|duration=0|theta=0.300000|delta_threshold=0.100000|A=v1.0|w=na|run_id=307|seed=3375112686114483222,False,"{""step_1_amount"": 0.4090338074907267}",5222c37788a096d3910624247b4a1e76a3afcfe0df2ea7ddd6490cebc16a26a9,0.44666666666666677,0.773901279554708,0.32723461288804123,25,0.0,1.0,0.44666666666666677,0.773901279554708,1,1,0.32723461288804123,"{""energy"": 0.6666666666666667, ""water"": 0.2666666666666667, ""transport"": 0.33333333333333337}","{""energy"": 0.8787243548134023, ""water"": 0.4080384587644904, ""transport"": 1.0}","{""energy"": 0.21205768814673553, ""water"": 0.1413717920978237, ""transport"": 0.6666666666666666}","{""energy"": 0.0, ""water"": 0.0, ""transport"": 0.0}","{""energy"": 1.0, ""water"": 1.0, ""transport"": 1.0}","{""energy"": 1.0, ""water"": 1.0, ""transport"": 1.0}",0.3,0.1,,0.773901279554708,,,"[""energy"", ""water""]",1,v1.0,0.7,0.3
S3_transport_load,308,308,4403105108492818940,scenario=S3_transport_load|method=both|duration=0|theta=0.300000|delta_threshold=0.100000|A=v1.0|w=na|run_id=308|seed=4403105108492818940,False,"{""step_1_amount"": 0.3846304320521992}",5222c37788a096d3910624247b4a1e76a3afcfe0df2ea7ddd6490cebc16a26a9,0.44666666666666677,0.7698934001548625,0.32322673348819575,19,0.0,0.0,0.44666666666666677,0.7698934001548625,0,1,0.32322673348819575,"{""energy"": 0.6666666666666667, ""water"": 0.2666666666666667, ""transport"": 0.33333333333333337}","{""energy"": 0.8720445558136596, ""water"": 0.40358525943132867, ""transport"": 1.0}","{""energy"": 0.20537788914699284, ""water"": 0.13691859276466195, ""transport"": 0.6666666666666666}","{""energy"": 0.0, ""water"": 0.0, ""transport"": 0.0}","{""energy"": 0.0, ""water"": 0.0, ""transport"": 0.0}","{""energy"": 0.0, ""water"": 0.0, ""transport"": 0.0}",0.3,0.1,,0.7698934001548625,,,[],,v1.0,0.7,0.3
S3_transport_load,309,309,2948494636019298673,scenario=S3_transport_load|method=both|duration=0|theta=0.300000|delta_threshold=0.100000|A=v1.0|w=na|run_id=309|seed=2948494636019298673,False,"{""step_1_amount"": 0.3246436056667721}",5222c37788a096d3910624247b4a1e76a3afcfe0df2ea7ddd6490cebc16a26a9,0.44666666666666677,0.7454206553314786,0.29875398866481184,10,0.0,0.0,0.44666666666666677,0.7454206553314786,0,1,0.29875398866481184,"{""energy"": 0.6666666666666667, ""water"": 0.2666666666666667, ""transport"": 0.33333333333333337}","{""energy"": 0.8533879095821741, ""water"": 0.391147495277005, ""transport"": 0.9557374763850246}","{""energy"": 0.1867212429155074, ""water"": 0.12448082861033827, ""transport"": 0.6224041430516912}","{""energy"": 0.0, ""water"": 0.0, ""transport"": 0.0}","{""energy"": 0.0, ""water"": 0.0, ""transport"": 0.0}","{""energy"": 0.0, ""water"": 0.0, ""transport"": 0.0}",0.3,0.1,,0.7454206553314786,,,[],,v1.0,0.7,0.3
S3_transport_load,310,310,11386258838422188706,scenario=S3_transport_load|method=both|duration=0|theta=0.300000|delta_threshold=0.100000|A=v1.0|w=na|run_id=310|seed=11386258838422188706,False,"{""step_1_amount"": 0.9762136492478125}",5222c37788a096d3910624247b4a1e76a3afcfe0df2ea7ddd6490cebc16a26a9,0.44666666666666677,0.8170421284297151,0.37037546176304836,5,0.0,1.0,0.44666666666666677,0.8170421284297151,1,1,0.37037546176304836,"{""energy"": 0.6666666666666667, ""water"": 0.2666666666666667, ""transport"": 0.33333333333333337}","{""energy"": 0.9506257696050807, ""water"": 0.45597273529227605, ""transport"": 1.0}","{""energy"": 0.283959102938414, ""water"": 0.18930606862560934, ""transport"": 0.6666666666666666}","{""energy"": 0.0, ""water"": 0.0, ""transport"": 0.0}","{""energy"": 1.0, ""water"": 1.0, ""transport"": 1.0}","{""energy"": 1.0, ""water"": 1.0, ""transport"": 1.0}",0.3,0.1,,0.8170421284297151,,,"[""energy"", ""water""]",1,v1.0,0.7,0.3
S3_transport_load,311,311,11149075177990136727,scenario=S3_transport_load|method=both|duration=0|theta=0.300000|delta_threshold=0.100000|A=v1.0|w=na|run_id=311|seed=11149075177990136727,False,"{""step_1_amount"": 0.6232300064800015}",5222c37788a096d3910624247b4a1e76a3afcfe0df2ea7ddd6490cebc16a26a9,0.44666666666666677,0.7989158066371751,0.35224913997050833,6,0.0,1.0,0.44666666666666677,0.7989158066371751,1,1,0.35224913997050833,"{""energy"": 0.6666666666666667, ""water"": 0.2666666666666667, ""transport"": 0.33333333333333337}","{""energy"": 0.9204152332841808, ""water"": 0.4358323777450095, ""transport"": 1.0}","{""energy"": 0.2537485666175141, ""water"": 0.16916571107834277, ""transport"": 0.6666666666666666}","{""energy"": 0.0, ""water"": 0.0, ""transport"": 0.0}","{""energy"": 1.0, ""water"": 1.0, ""transport"": 1.0}","{""energy"": 1.0, ""water"": 1.0, ""transport"": 1.0}",0.3,0.1,,0.7989158066371751,,,"[""energy"", ""water""]",1,v1.0,0.7,0.3
S3_transport_load,312,312,12269709544401438212,scenario=S3_transport_load|method=both|duration=0|theta=0.300000|delta_threshold=0.100000|A=v1.0|w=na|run_id=312|seed=12269709544401438212,False,"{""step_1_amount"": 0.3418674857051116}",5222c37788a096d3910624247b4a1e76a3afcfe0df2ea7ddd6490cebc16a26a9,0.44666666666666677,0.7545480885459382,0.3078814218792715,25,0.0,0.0,0.44666666666666677,0.7545480885459382,0,1,0.3078814218792715,"{""energy"": 0.6666666666666667, ""water"": 0.2666666666666667, ""transport"": 0.33333333333333337}","{""energy"": 0.8590925553412114, ""water"": 0.3949505924496965, ""transport"": 0.9747529622484822}","{""energy"": 0.1924258886745447, ""water"": 0.12828392578302977, ""transport"": 0.6414196289151488}","{""energy"": 0.0, ""water"": 0.0, ""transport"": 0.0}","{""energy"": 0.0, ""water"": 0.0, ""transport"": 0.0}","{""energy"": 0.0, ""water"": 0.0, ""transport"": 0.0}",0.3,0.1,,0.7545480885459382,,,[],,v1.0,0.7,0.3
S3_transport_load,313,313,220462426912680240,scenario=S3_transport_load|method=both|duration=0|theta=0.300000|delta_threshold=0.100000|A=v1.0|w=na|run_id=313|seed=220462426912680240,False,"{""step_1_amount"": 0.6081556247819693}",5222c37788a096d3910624247b4a1e76a3afcfe0df2ea7ddd6490cebc16a26a9,0.44666666666666677,0.8051485721488709,0.35848190548220416,29,0.0,1.0,0.44666666666666677,0.8051485721488709,1,1,0.35848190548220416,"{""energy"": 0.6666666666666667, ""water"": 0.2666666666666667, ""transport"": 0.33333333333333337}","{""energy"": 0.9308031758036737, ""water"": 0.4427576727580047, ""transport"": 1.0}","{""energy"": 0.2641365091370069, ""water"": 0.176091006091338, ""transport"": 0.6666666666666666}","{""energy"": 0.0, ""water"": 0.0, ""transport"": 0.0}","{""energy"": 1.0, ""water"": 1.0, ""transport"": 1.0}","{""energy"": 1.0, ""water"": 1.0, ""transport"": 1.0}",0.3,0.1,,0.8051485721488709,,,"[""energy"", ""water""]",1,v1.0,0.7,0.3
S3_transport_load,314,314,7196430833585909876,scenario=S3_transport_load|method=both|duration=0|theta=0.300000|delta_threshold=0.100000|A=v1.0|w=na|run_id=314|seed=7196430833585909876,False,"{""step_1_amount"": 0.8251127283311148}",5222c37788a096d3910624247b4a1e76a3afcfe0df2ea7ddd6490cebc16a26a9,0.44666666666666677,0.8115224508266639,0.3648557841599971,7,0.0,1.0,0.44666666666666677,0.8115224508266639,1,1,0.3648557841599971,"{""energy"": 0.6666666666666667, ""water"": 0.2666666666666667, ""transport"": 0.33333333333333337}","{""energy"": 0.9414263069333287, ""water"": 0.4498397601777747, ""transport"": 1.0}","{""energy"": 0.274759640266662, ""water"": 0.183173093511108, ""transport"": 0.6666666666666666}","{""energy"": 0.0, ""water"": 0.0, ""transport"": 0.0}","{""energy"": 1.0, ""water"": 1.0, ""transport"": 1.0}","{""energy"": 1.0, ""water"": 1.0, ""transport"": 1.0}",0.3,0.1,,0.8115224508266639,,,"[""energy"", ""water""]",1,v1.0,0.7,0.3
S3_transport_load,315,315,10613859044236487440,scenario=S3_transport_load|method=both|duration=0|theta=0.300000|delta_threshold=0.100000|A=v1.0|w=na|run_id=315|seed=10613859044236487440,False,"{""step_1_amount"": 0.5322430470315485}",5222c37788a096d3910624247b4a1e76a3afcfe0df2ea7ddd6490cebc16a26a9,0.44666666666666677,0.7902062313019638,0.343539564635297,9,0.0,1.0,0.44666666666666677,0.7902062313019638,1,1,0.343539564635297,"{""energy"": 0.6666666666666667, ""water"": 0.2666666666666667, ""transport"": 0.33333333333333337}","{""energy"": 0.9058992743921617, ""water"": 0.42615507181699674, ""transport"": 1.0}","{""energy"": 0.23923260772549493, ""water"": 0.15948840515033003, ""transport"": 0.6666666666666666}","{""energy"": 0.0, ""water"": 0.0, ""transport"": 0.0}","{""energy"": 1.0, ""water"": 1.0, ""transport"": 1.0}","{""energy"": 1.0, ""water"": 1.0, ""transport"": 1.0}",0.3,0.1,,0.7902062313019638,,,"[""energy"", ""water""]",1,v1.0,0.7,0.3
S3_transport_load,316,316,7945368646492070653,scenario=S3_transport_load|method=both|duration=0|theta=0.300000|delta_threshold=0.100000|A=v1.0|w=na|run_id=316|seed=7945368646492070653,False,"{""step_1_amount"": 0.45348319291320693}",5222c37788a096d3910624247b4a1e76a3afcfe0df2ea7ddd6490cebc16a26a9,0.44666666666666677,0.8095265057976915,0.3628598391310247,11,0.0,1.0,0.44666666666666677,0.8095265057976915,1,1,0.3628598391310247,"{""energy"": 0.6666666666666667, ""water"": 0.2666666666666667, ""transport"": 0.33333333333333337}","{""energy"": 0.9380997318850414, ""water"": 0.4476220434789165, ""transport"": 1.0}","{""energy"": 0.2714330652183746, ""water"": 0.18095537681224977, ""transport"": 0.6666666666666666}","{""energy"": 0.0, ""water"": 0.0, ""transport"": 0.0}","{""energy"": 1.0, ""water"": 1.0, ""transport"": 1.0}","{""energy"": 1.0, ""water"": 1.0, ""transport"": 1.0}",0.3,0.1,,0.8095265057976915,,,"[""energy"", ""water""]",1,v1.0,0.7,0.3
S3_transport_load,317,317,2097211671446410251,scenario=S3_transport_load|method=both|duration=0|theta=0.300000|delta_threshold=0.100000|A=v1.0|w=na|run_id=317|seed=2097211671446410251,False,"{""step_1_amount"": 0.23571599978972177}",5222c37788a096d3910624247b4a1e76a3afcfe0df2ea7ddd6490cebc16a26a9,0.44666666666666677,0.8121858050301352,0.3655191383634684,13,0.0,1.0,0.44666666666666677,0.8121858050301352,1,1,0.3655191383634684,"{""energy"": 0.6666666666666667, ""water"": 0.2666666666666667, ""transport"": 0.33333333333333337}","{""energy"": 0.9227550856022588, ""water"": 0.4769459026307722, ""transport"": 1.0}","{""energy"": 0.2560884189355921, ""water"": 0.21027923596410547, ""transport"": 0.6666666666666666}","{""energy"": 0.0, ""water"": 0.0, ""transport"": 0.0}","{""energy"": 1.0, ""water"": 1.0, ""transport"": 1.0}","{""energy"": 1.0, ""water"": 1.0, ""transport"": 1.0}",0.3,0.1,,0.8121858050301352,,,"[""energy"", ""water""]",2,v1.0,0.7,0.3
S3_transport_load,318,318,578575423870180930,scenario=S3_transport_load|method=both|duration=0|theta=0.300000|delta_threshold=0.100000|A=v1.0|w=na|run_id=318|seed=578575423870180930,False,"{""step_1_amount"": 0.1192867791325243}",5222c37788a096d3910624247b4a1e76a3afcfe0df2ea7ddd6490cebc16a26a9,0.44666666666666677,0.5910647228753197,0.14439805620865298,19,0.0,0.0,0.44666666666666677,0.5910647228753197,0,0,0.14439805620865298,"{""energy"": 0.6666666666666667, ""water"": 0.2666666666666667, ""transport"": 0.33333333333333337}","{""energy"": 0.7569154517970749, ""water"": 0.32683252342027214, ""transport"": 0.6341626171013605}","{""energy"": 0.09024878513040813, ""water"": 0.06016585675360542, ""transport"": 0.3008292837680271}","{""energy"": 0.0, ""water"": 0.0, ""transport"": 0.0}","{""energy"": 0.0, ""water"": 0.0, ""transport"": 0.0}","{""energy"": 0.0, ""water"": 0.0, ""transport"": 0.0}",0.3,0.1,,0.5910647228753197,,,[],,v1.0,0.7,0.3
S3_transport_load,319,319,17702898912119102932,scenario=S3_transport_load|method=both|duration=0|theta=0.300000|delta_threshold=0.100000|A=v1.0|w=na|run_id=319|seed=17702898912119102932,False,"{""step_1_amount"": 0.08545769371003582}",5222c37788a096d3910624247b4a1e76a3afcfe0df2ea7ddd6490cebc16a26a9,0.44666666666666677,0.5552171282980106,0.10855046163134385,20,0.0,0.0,0.44666666666666677,0.5552171282980106,0,0,0.10855046163134385,"{""energy"": 0.6666666666666667, ""water"": 0.2666666666666667, ""transport"": 0.33333333333333337}","{""energy"": 0.7345107051862567, ""water"": 0.3118960256797267, ""transport"": 0.5594801283986331}","{""energy"": 0.06784403851958998, ""water"": 0.04522935901305997, ""transport"": 0.22614679506529978}","{""energy"": 0.0, ""water"": 0.0, ""transport"": 0.0}","{""energy"": 0.0, ""water"": 0.0, ""transport"": 0.0}","{""energy"": 0.0, ""water"": 0.0, ""transport"": 0.0}",0.3,0.1,,0.5552171282980106,,,[],,v1.0,0.7,0.3
S3_transport_load,320,320,4884344590288723072,scenario=S3_transport_load|method=both|duration=0|theta=0.300000|delta_threshold=0.100000|A=v1.0|w=na|run_id=320|seed=4884344590288723072,False,"{""step_1_amount"": 0.5397241326599317}",5222c37788a096d3910624247b4a1e76a3afcfe0df2ea7ddd6490cebc16a26a9,0.44666666666666677,0.8132183060778493,0.3665516394111825,24,0.0,1.0,0.44666666666666677,0.8132183060778493,1,1,0.3665516394111825,"{""energy"": 0.6666666666666667, ""water"": 0.2666666666666667, ""transport"": 0.33333333333333337}","{""energy"": 0.944252732351971, ""water"": 0.4517240437902029, ""transport"": 1.0}","{""energy"": 0.2775860656853043, ""water"": 0.1850573771235362, ""transport"": 0.6666666666666666}","{""energy"": 0.0, ""water"": 0.0, ""transport"": 0.0}","{""energy"": 1.0, ""water"": 1.0, ""transport"": 1.0}","{""energy"": 1.0, ""water"": 1.0, ""transport"": 1.0}",0.3,0.1,,0.8132183060778493,,,"[""energy"", ""water""]",1,v1.0,0.7,0.3
S3_transport_load,321,321,12264668967901424144,scenario=S3_transport_load|method=both|duration=0|theta=0.300000|delta_threshold=0.100000|A=v1.0|w=na|run_id=321|seed=12264668967901424144,False,"{""step_1_amount"": 0.4959508556395624}",5222c37788a096d3910624247b4a1e76a3afcfe0df2ea7ddd6490cebc16a26a9,0.44666666666666677,0.786012379970151,0.3393457133034843,12,0.0,1.0,0.44666666666666677,0.786012379970151,1,1,0.3393457133034843,"{""energy"": 0.6666666666666667, ""water"": 0.2666666666666667, ""transport"": 0.33333333333333337}","{""energy"": 0.8989095221724741, ""water"": 0.4214952370038716, ""transport"": 1.0}","{""energy"": 0.23224285550580737, ""water"": 0.15482857033720487, ""transport"": 0.6666666666666666}","{""energy"": 0.0, ""water"": 0.0, ""transport"": 0.0}","{""energy"": 1.0, ""water"": 1.0, ""transport"": 1.0}","{""energy"": 1.0, ""water"": 1.0, ""transport"": 1.0}",0.3,0.1,,0.786012379970151,,,"[""energy"", ""water""]",1,v1.0,0.7,0.3
S3_transport_load,322,322,592915323720419222,scenario=S3_transport_load|method=both|duration=0|theta=0.300000|delta_threshold=0.100000|A=v1.0|w=na|run_id=322|seed=592915323720419222,False,"{""step_1_amount"": 0.44594810212965125}",5222c37788a096d3910624247b4a1e76a3afcfe0df2ea7ddd6490cebc16a26a9,0.44666666666666677,0.7794327340944656,0.3327660674277988,15,0.0,1.0,0.44666666666666677,0.7794327340944656,1,1,0.3327660674277988,"{""energy"": 0.6666666666666667, ""water"": 0.2666666666666667, ""transport"": 0.33333333333333337}","{""energy"": 0.8879434457129982, ""water"": 0.41418451936422107, ""transport"": 1.0}","{""energy"": 0.22127677904633147, ""water"": 0.14751785269755435, ""transport"": 0.6666666666666666}","{""energy"": 0.0, ""water"": 0.0, ""transport"": 0.0}","{""energy"": 1.0, ""water"": 1.0, ""transport"": 1.0}","{""energy"": 1.0, ""water"": 1.0, ""transport"": 1.0}",0.3,0.1,,0.7794327340944656,,,"[""energy"", ""water""]",1,v1.0,0.7,0.3
S3_transport_load,323,323,4486800324163680657,scenario=S3_transport_load|method=both|duration=0|theta=0.300000|delta_threshold=0.100000|A=v1.0|w=na|run_id=323|seed=4486800324163680657,False,"{""step_1_amount"": 0.3514782092502578}",5222c37788a096d3910624247b4a1e76a3afcfe0df2ea7ddd6490cebc16a26a9,0.44666666666666677,0.7594397828121231,0.31277311614545633,12,0.0,0.0,0.44666666666666677,0.7594397828121231,0,1,0.31277311614545633,"{""energy"": 0.6666666666666667, ""water"": 0.2666666666666667, ""transport"": 0.33333333333333337}","{""energy"": 0.862149864257577, ""water"": 0.3969887983939402, ""transport"": 0.9849439919697008}","{""energy"": 0.19548319759091026, ""water"": 0.13032213172727347, ""transport"": 0.6516106586363675}","{""energy"": 0.0, ""water"": 0.0, ""transport"": 0.0}","{""energy"": 0.0, ""water"": 0.0, ""transport"": 0.0}","{""energy"": 0.0, ""water"": 0.0, ""transport"": 0.0}",0.3,0.1,,0.7594397828121231,,,[],,v1.0,0.7,0.3
S3_transport_load,324,324,4362893291887829268,scenario=S3_transport_load|method=both|duration=0|theta=0.300000|delta_threshold=0.100000|A=v1.0|w=na|run_id=324|seed=4362893291887829268,False,"{""step_1_amount"": 0.6305309770686205}",5222c37788a096d3910624247b4a1e76a3afcfe0df2ea7ddd6490cebc16a26a9,0.44666666666666677,0.7995170230454404,0.3528503563787736,10,0.0,1.0,0.44666666666666677,0.7995170230454404,1,1,0.3528503563787736,"{""energy"": 0.6666666666666667, ""water"": 0.2666666666666667, ""transport"": 0.33333333333333337}","{""energy"": 0.9214172606312895, ""water"": 0.4365003959764152, ""transport"": 1.0}","{""energy"": 0.25475059396462274, ""water"": 0.1698337293097485, ""transport"": 0.6666666666666666}","{""energy"": 0.0, ""water"": 0.0, ""transport"": 0.0}","{""energy"": 1.0, ""water"": 1.0, ""transport"": 1.0}","{""energy"": 1.0, ""water"": 1.0, ""transport"": 1.0}",0.3,0.1,,0.7995170230454404,,,"[""energy"", ""water""]",1,v1.0,0.7,0.3
S3_transport_load,325,325,11759755665414368745,scenario=S3_transport_load|method=both|duration=0|theta=0.300000|delta_threshold=0.100000|A=v1.0|w=na|run_id=325|seed=11759755665414368745,False,"{""step_1_amount"": 0.16566234520859313}",5222c37788a096d3910624247b4a1e76a3afcfe0df2ea7ddd6490cebc16a26a9,0.44666666666666677,0.6346534486686988,0.187986782002032,20,0.0,0.0,0.44666666666666677,0.6346534486686988,0,1,0.187986782002032,"{""energy"": 0.6666666666666667, ""water"": 0.2666666666666667, ""transport"": 0.33333333333333337}","{""energy"": 0.7841584054179368, ""water"": 0.3449944925008468, ""transport"": 0.7249724625042336}","{""energy"": 0.11749173875127006, ""water"": 0.07832782583418008, ""transport"": 0.39163912917090027}","{""energy"": 0.0, ""water"": 0.0, ""transport"": 0.0}","{""energy"": 0.0, ""water"": 0.0, ""transport"": 0.0}","{""energy"": 0.0, ""water"": 0.0, ""transport"": 0.0}",0.3,0.1,,0.6346534486686988,,,[],,v1.0,0.7,0.3
S3_transport_load,326,326,15920538447693976788,scenario=S3_transport_load|method=both|duration=0|theta=0.300000|delta_threshold=0.100000|A=v1.0|w=na|run_id=326|seed=15920538447693976788,False,"{""step_1_amount"": 0.38612234470753015}",5222c37788a096d3910624247b4a1e76a3afcfe0df2ea7ddd6490cebc16a26a9,0.44666666666666677,0.8005410361439012,0.3538743694772344,27,0.0,1.0,0.44666666666666677,0.8005410361439012,1,1,0.3538743694772344,"{""energy"": 0.6666666666666667, ""water"": 0.2666666666666667, ""transport"": 0.33333333333333337}","{""energy"": 0.9231239491287242, ""water"": 0.43763818830803836, ""transport"": 1.0}","{""energy"": 0.25645728246205746, ""water"": 0.17097152164137164, ""transport"": 0.6666666666666666}","{""energy"": 0.0, ""water"": 0.0, ""transport"": 0.0}","{""energy"": 1.0, ""water"": 1.0, ""transport"": 1.0}","{""energy"": 1.0, ""water"": 1.0, ""transport"": 1.0}",0.3,0.1,,0.8005410361439012,,,"[""energy"", ""water""]",2,v1.0,0.7,0.3
S3_transport_load,327,327,15697755904530382664,scenario=S3_transport_load|method=both|duration=0|theta=0.300000|delta_threshold=0.100000|A=v1.0|w=na|run_id=327|seed=15697755904530382664,False,"{""step_1_amount"": 0.5761482805382929}",5222c37788a096d3910624247b4a1e76a3afcfe0df2ea7ddd6490cebc16a26a9,0.44666666666666677,0.7947058072932471,0.34803914062658037,30,0.0,1.0,0.44666666666666677,0.7947058072932471,1,1,0.34803914062658037,"{""energy"": 0.6666666666666667, ""water"": 0.2666666666666667, ""transport"": 0.33333333333333337}","{""energy"": 0.9133985677109675, ""water"": 0.4311546006962006, ""transport"": 1.0}","{""energy"": 0.24673190104430076, ""water"": 0.16448793402953388, ""transport"": 0.6666666666666666}","{""energy"": 0.0, ""water"": 0.0, ""transport"": 0.0}","{""energy"": 1.0, ""water"": 1.0, ""transport"": 1.0}","{""energy"": 1.0, ""water"": 1.0, ""transport"": 1.0}",0.3,0.1,,0.7947058072932471,,,"[""energy"", ""water""]",1,v1.0,0.7,0.3
S3_transport_load,328,328,11339705695749353065,scenario=S3_transport_load|method=both|duration=0|theta=0.300000|delta_threshold=0.100000|A=v1.0|w=na|run_id=328|seed=11339705695749353065,False,"{""step_1_amount"": 0.3910684924601703}",5222c37788a096d3910624247b4a1e76a3afcfe0df2ea7ddd6490cebc16a26a9,0.44666666666666677,0.7709794078778428,0.32431274121117604,13,0.0,0.0,0.44666666666666677,0.7709794078778428,0,1,0.32431274121117604,"{""energy"": 0.6666666666666667, ""water"": 0.2666666666666667, ""transport"": 0.33333333333333337}","{""energy"": 0.8738545686852935, ""water"": 0.4047919346790846, ""transport"": 1.0}","{""energy"": 0.2071879020186268, ""water"": 0.13812526801241787, ""transport"": 0.6666666666666666}","{""energy"": 0.0, ""water"": 0.0, ""transport"": 0.0}","{""energy"": 0.0, ""water"": 0.0, ""transport"": 0.0}","{""energy"": 0.0, ""water"": 0.0, ""transport"": 0.0}",0.3,0.1,,0.7709794078778428,,,[],,v1.0,0.7,0.3
S3_transport_load,329,329,17526077234323375401,scenario=S3_transport_load|method=both|duration=0|theta=0.300000|delta_threshold=0.100000|A=v1.0|w=na|run_id=329|seed=17526077234323375401,False,"{""step_1_amount"": 0.4946187072217606}",5222c37788a096d3910624247b4a1e76a3afcfe0df2ea7ddd6490cebc16a26a9,0.44666666666666677,0.7858495822496689,0.3391829155830022,29,0.0,1.0,0.44666666666666677,0.7858495822496689,1,1,0.3391829155830022,"{""energy"": 0.6666666666666667, ""water"": 0.2666666666666667, ""transport"": 0.33333333333333337}","{""energy"": 0.8986381926383372, ""water"": 0.4213143506477804, ""transport"": 1.0}","{""energy"": 0.23197152597167048, ""water"": 0.15464768398111367, ""transport"": 0.6666666666666666}","{""energy"": 0.0, ""water"": 0.0, ""transport"": 0.0}","{""energy"": 1.0, ""water"": 1.0, ""transport"": 1.0}","{""energy"": 1.0, ""water"": 1.0, ""transport"": 1.0}",0.3,0.1,,0.7858495822496689,,,"[""energy"", ""water""]",1,v1.0,0.7,0.3
S3_transport_load,330,330,6744573259211684831,scenario=S3_transport_load|method=both|duration=0|theta=0.300000|delta_threshold=0.100000|A=v1.0|w=na|run_id=330|seed=6744573259211684831,False,"{""step_1_amount"": 0.2053070506239077}",5222c37788a096d3910624247b4a1e76a3afcfe0df2ea7ddd6490cebc16a26a9,0.44666666666666677,0.7133219439044097,0.26665527723774296,13,0.0,0.0,0.44666666666666677,0.7133219439044097,0,1,0.26665527723774296,"{""energy"": 0.6666666666666667, ""water"": 0.2666666666666667, ""transport"": 0.33333333333333337}","{""energy"": 0.8241658483566148, ""water"": 0.4563486210998495, ""transport"": 0.8225033941060296}","{""energy"": 0.15749918168994803, ""water"": 0.1896819544331828, ""transport"": 0.4891700607726962}","{""energy"": 0.0, ""water"": 0.0, ""transport"": 0.0}","{""energy"": 0.0, ""water"": 0.0, ""transport"": 0.0}","{""energy"": 0.0, ""water"": 0.0, ""transport"": 0.0}",0.3,0.1,,0.7133219439044097,,,[],,v1.0,0.7,0.3
S3_transport_load,331,331,16386188647074029344,scenario=S3_transport_load|method=both|duration=0|theta=0.300000|delta_threshold=0.100000|A=v1.0|w=na|run_id=331|seed=16386188647074029344,False,"{""step_1_amount"": 0.19391087552551187}",5222c37788a096d3910624247b4a1e76a3afcfe0df2ea7ddd6490cebc16a26a9,0.44666666666666677,0.6727782231934096,0.22611155652674286,27,0.0,0.0,0.44666666666666677,0.6727782231934096,0,1,0.22611155652674286,"{""energy"": 0.6666666666666667, ""water"": 0.2666666666666667, ""transport"": 0.33333333333333337}","{""energy"": 0.8051145417231552, ""water"": 0.38551388722552404, ""transport"": 0.7835941344549675}","{""energy"": 0.13844787505648848, ""water"": 0.11884722055885732, ""transport"": 0.45026080112163414}","{""energy"": 0.0, ""water"": 0.0, ""transport"": 0.0}","{""energy"": 0.0, ""water"": 0.0, ""transport"": 0.0}","{""energy"": 0.0, ""water"": 0.0, ""transport"": 0.0}",0.3,0.1,,0.6727782231934096,,,[],,v1.0,0.7,0.3
S3_transport_load,332,332,9834945782496857977,scenario=S3_transport_load|method=both|duration=0|theta=0.300000|delta_threshold=0.100000|A=v1.0|w=na|run_id=332|seed=9834945782496857977,False,"{""step_1_amount"": 0.5374075000080519}",5222c37788a096d3910624247b4a1e76a3afcfe0df2ea7ddd6490cebc16a26a9,0.44666666666666677,0.7907667723688885,0.3441001057022217,8,0.0,1.0,0.44666666666666677,0.7907667723688885,1,1,0.3441001057022217,"{""energy"": 0.6666666666666667, ""water"": 0.2666666666666667, ""transport"": 0.33333333333333337}","{""energy"": 0.9068335095037031, ""water"": 0.426777895224691, ""transport"": 1.0}","{""energy"": 0.24016684283703638, ""water"": 0.1601112285580243, ""transport"": 0.6666666666666666}","{""energy"": 0.0, ""water"": 0.0, ""transport"": 0.0}","{""energy"": 1.0, ""water"": 1.0, ""transport"": 1.0}","{""energy"": 1.0, ""water"": 1.0, ""transport"": 1.0}",0.3,0.1,,0.7907667723688885,,,"[""energy"", ""water""]",1,v1.0,0.7,0.3
S3_transport_load,333,333,1347743139504346634,scenario=S3_transport_load|method=both|duration=0|theta=0.300000|delta_threshold=0.100000|A=v1.0|w=na|run_id=333|seed=1347743139504346634,False,"{""step_1_amount"": 0.4092563559806193}",5222c37788a096d3910624247b4a1e76a3afcfe0df2ea7ddd6490cebc16a26a9,0.44666666666666677,0.7739364963688817,0.32726982970221496,14,0.0,1.0,0.44666666666666677,0.7739364963688817,1,1,0.32726982970221496,"{""energy"": 0.6666666666666667, ""water"": 0.2666666666666667, ""transport"": 0.33333333333333337}","{""energy"": 0.8787830495036919, ""water"": 0.4080775885580168, ""transport"": 1.0}","{""energy"": 0.21211638283702516, ""water"": 0.14141092189135007, ""transport"": 0.6666666666666666}","{""energy"": 0.0, ""water"": 0.0, ""transport"": 0.0}","{""energy"": 1.0, ""water"": 1.0, ""transport"": 1.0}","{""energy"": 1.0, ""water"": 1.0, ""transport"": 1.0}",0.3,0.1,,0.7739364963688817,,,"[""energy"", ""water""]",1,v1.0,0.7,0.3
S3_transport_load,334,334,2730084715108267957,scenario=S3_transport_load|method=both|duration=0|theta=0.300000|delta_threshold=0.100000|A=v1.0|w=na|run_id=334|seed=2730084715108267957,False,"{""step_1_amount"": 0.5402418536143331}",5222c37788a096d3910624247b4a1e76a3afcfe0df2ea7ddd6490cebc16a26a9,0.44666666666666677,0.791070737206254,0.3444040705395872,13,0.0,1.0,0.44666666666666677,0.791070737206254,1,1,0.3444040705395872,"{""energy"": 0.6666666666666667, ""water"": 0.2666666666666667, ""transport"": 0.33333333333333337}","{""energy"": 0.907340117565979, ""water"": 0.42711563393287494, ""transport"": 1.0}","{""energy"": 0.24067345089931225, ""water"": 0.16044896726620822, ""transport"": 0.6666666666666666}","{""energy"": 0.0, ""water"": 0.0, ""transport"": 0.0}","{""energy"": 1.0, ""water"": 1.0, ""transport"": 1.0}","{""energy"": 1.0, ""water"": 1.0, ""transport"": 1.0}",0.3,0.1,,0.791070737206254,,,"[""energy"", ""water""]",1,v1.0,0.7,0.3
S3_transport_load,335,335,11728205839884321162,scenario=S3_transport_load|method=both|duration=0|theta=0.300000|delta_threshold=0.100000|A=v1.0|w=na|run_id=335|seed=11728205839884321162,False,"{""step_1_amount"": 0.9029777364754129}",5222c37788a096d3910624247b4a1e76a3afcfe0df2ea7ddd6490cebc16a26a9,0.44666666666666677,0.8146772580842248,0.368010591417558,8,0.0,1.0,0.44666666666666677,0.8146772580842248,1,1,0.368010591417558,"{""energy"": 0.6666666666666667, ""water"": 0.2666666666666667, ""transport"": 0.33333333333333337}","{""energy"": 0.9466843190292635, ""water"": 0.4533451015750646, ""transport"": 1.0}","{""energy"": 0.2800176523625968, ""water"": 0.18667843490839786, ""transport"": 0.6666666666666666}","{""energy"": 0.0, ""water"": 0.0, ""transport"": 0.0}","{""energy"": 1.0, ""water"": 1.0, ""transport"": 1.0}","{""energy"": 1.0, ""water"": 1.0, ""transport"": 1.0}",0.3,0.1,,0.8146772580842248,,,"[""energy"", ""water""]",1,v1.0,0.7,0.3
S3_transport_load,336,336,18113904266870897093,scenario=S3_transport_load|method=both|duration=0|theta=0.300000|delta_threshold=0.100000|A=v1.0|w=na|run_id=336|seed=18113904266870897093,False,"{""step_1_amount"": 0.5230974427117102}",5222c37788a096d3910624247b4a1e76a3afcfe0df2ea7ddd6490cebc16a26a9,0.44666666666666677,0.7891920234632652,0.34252535679659846,27,0.0,1.0,0.44666666666666677,0.7891920234632652,1,1,0.34252535679659846,"{""energy"": 0.6666666666666667, ""water"": 0.2666666666666667, ""transport"": 0.33333333333333337}","{""energy"": 0.9042089279943311, ""water"": 0.42502817421844297, ""transport"": 1.0}","{""energy"": 0.23754226132766432, ""water"": 0.15836150755177625, ""transport"": 0.6666666666666666}","{""energy"": 0.0, ""water"": 0.0, ""transport"": 0.0}","{""energy"": 1.0, ""water"": 1.0, ""transport"": 1.0}","{""energy"": 1.0, ""water"": 1.0, ""transport"": 1.0}",0.3,0.1,,0.7891920234632652,,,"[""energy"", ""water""]",1,v1.0,0.7,0.3
S3_transport_load,337,337,13134486105508025718,scenario=S3_transport_load|method=both|duration=0|theta=0.300000|delta_threshold=0.100000|A=v1.0|w=na|run_id=337|seed=13134486105508025718,False,"{""step_1_amount"": 0.5218953691158968}",5222c37788a096d3910624247b4a1e76a3afcfe0df2ea7ddd6490cebc16a26a9,0.44666666666666677,0.8150572699939913,0.36839060332732454,27,0.0,1.0,0.44666666666666677,0.8150572699939913,1,1,0.36839060332732454,"{""energy"": 0.6666666666666667, ""water"": 0.2666666666666667, ""transport"": 0.33333333333333337}","{""energy"": 0.9473176722122079, ""water"": 0.45376733703036076, ""transport"": 1.0}","{""energy"": 0.2806510055455411, ""water"": 0.18710067036369404, ""transport"": 0.6666666666666666}","{""energy"": 0.0, ""water"": 0.0, ""transport"": 0.0}","{""energy"": 1.0, ""water"": 1.0, ""transport"": 1.0}","{""energy"": 1.0, ""water"": 1.0, ""transport"": 1.0}",0.3,0.1,,0.8150572699939913,,,"[""energy"", ""water""]",1,v1.0,0.7,0.3
S3_transport_load,338,338,15776872482121096702,scenario=S3_transport_load|method=both|duration=0|theta=0.300000|delta_threshold=0.100000|A=v1.0|w=na|run_id=338|seed=15776872482121096702,False,"{""step_1_amount"": 0.3431008707844896}",5222c37788a096d3910624247b4a1e76a3afcfe0df2ea7ddd6490cebc16a26a9,0.44666666666666677,0.755183777205607,0.30851711053894026,29,0.0,0.0,0.44666666666666677,0.755183777205607,0,1,0.30851711053894026,"{""energy"": 0.6666666666666667, ""water"": 0.2666666666666667, ""transport"": 0.33333333333333337}","{""energy"": 0.8594898607535044, ""water"": 0.3952154627245585, ""transport"": 0.9760773136227922}","{""energy"": 0.19282319408683768, ""water"": 0.12854879605789177, ""transport"": 0.6427439802894588}","{""energy"": 0.0, ""water"": 0.0, ""transport"": 0.0}","{""energy"": 0.0, ""water"": 0.0, ""transport"": 0.0}","{""energy"": 0.0, ""water"": 0.0, ""transport"": 0.0}",0.3,0.1,,0.755183777205607,,,[],,v1.0,0.7,0.3
S3_transport_load,339,339,13625151189679482737,scenario=S3_transport_load|method=both|duration=0|theta=0.300000|delta_threshold=0.100000|A=v1.0|w=na|run_id=339|seed=13625151189679482737,False,"{""step_1_amount"": 0.2007428313832216}",5222c37788a096d3910624247b4a1e76a3afcfe0df2ea7ddd6490cebc16a26a9,0.44666666666666677,0.6638234789699965,0.21715681230332973,24,0.0,0.0,0.44666666666666677,0.6638234789699965,0,1,0.21715681230332973,"{""energy"": 0.6666666666666667, ""water"": 0.2666666666666667, ""transport"": 0.33333333333333337}","{""energy"": 0.8023896743562479, ""water"": 0.35714867179305415, ""transport"": 0.7857433589652705}","{""energy"": 0.13572300768958112, ""water"": 0.09048200512638743, ""transport"": 0.4524100256319371}","{""energy"": 0.0, ""water"": 0.0, ""transport"": 0.0}","{""energy"": 0.0, ""water"": 0.0, ""transport"": 0.0}","{""energy"": 0.0, ""water"": 0.0, ""transport"": 0.0}",0.3,0.1,,0.6638234789699965,,,[],,v1.0,0.7,0.3
S3_transport_load,340,340,17918200734384796355,scenario=S3_transport_load|method=both|duration=0|theta=0.300000|delta_threshold=0.100000|A=v1.0|w=na|run_id=340|seed=17918200734384796355,False,"{""step_1_amount"": 0.4100441806406216}",5222c37788a096d3910624247b4a1e76a3afcfe0df2ea7ddd6490cebc16a26a9,0.44666666666666677,0.7740609755946701,0.32739430892800336,12,0.0,1.0,0.44666666666666677,0.7740609755946701,1,1,0.32739430892800336,"{""energy"": 0.6666666666666667, ""water"": 0.2666666666666667, ""transport"": 0.33333333333333337}","{""energy"": 0.8789905148800058, ""water"": 0.40821589880889275, ""transport"": 1.0}","{""energy"": 0.21232384821333905, ""water"": 0.14154923214222603, ""transport"": 0.6666666666666666}","{""energy"": 0.0, ""water"": 0.0, ""transport"": 0.0}","{""energy"": 1.0, ""water"": 1.0, ""transport"": 1.0}","{""energy"": 1.0, ""water"": 1.0, ""transport"": 1.0}",0.3,0.1,,0.7740609755946701,,,"[""energy"", ""water""]",1,v1.0,0.7,0.3
S3_transport_load,341,341,15908979217778120492,scenario=S3_transport_load|method=both|duration=0|theta=0.300000|delta_threshold=0.100000|A=v1.0|w=na|run_id=341|seed=15908979217778120492,False,"{""step_1_amount"": 0.5247888922406165}",5222c37788a096d3910624247b4a1e76a3afcfe0df2ea7ddd6490cebc16a26a9,0.44666666666666677,0.8141627608344719,0.36749609416780515,27,0.0,1.0,0.44666666666666677,0.8141627608344719,1,1,0.36749609416780515,"{""energy"": 0.6666666666666667, ""water"": 0.2666666666666667, ""transport"": 0.33333333333333337}","{""energy"": 0.9458268236130087, ""water"": 0.4527734379642281, ""transport"": 1.0}","{""energy"": 0.279160156946342, ""water"": 0.18610677129756137, ""transport"": 0.6666666666666666}","{""energy"": 0.0, ""water"": 0.0, ""transport"": 0.0}","{""energy"": 1.0, ""water"": 1.0, ""transport"": 1.0}","{""energy"": 1.0, ""water"": 1.0, ""transport"": 1.0}",0.3,0.1,,0.8141627608344719,,,"[""energy"", ""water""]",1,v1.0,0.7,0.3
S3_transport_load,342,342,16304392941438412099,scenario=S3_transport_load|method=both|duration=0|theta=0.300000|delta_threshold=0.100000|A=v1.0|w=na|run_id=342|seed=16304392941438412099,False,"{""step_1_amount"": 0.5771949810521668}",5222c37788a096d3910624247b4a1e76a3afcfe0df2ea7ddd6490cebc16a26a9,0.44666666666666677,0.7948060102309853,0.3481393435643185,6,0.0,1.0,0.44666666666666677,0.7948060102309853,1,1,0.3481393435643185,"{""energy"": 0.6666666666666667, ""water"": 0.2666666666666667, ""transport"": 0.33333333333333337}","{""energy"": 0.9135655726071976, ""water"": 0.43126593729368734, ""transport"": 1.0}","{""energy"": 0.24689890594053088, ""water"": 0.16459927062702062, ""transport"": 0.6666666666666666}","{""energy"": 0.0, ""water"": 0.0, ""transport"": 0.0}","{""energy"": 1.0, ""water"": 1.0, ""transport"": 1.0}","{""energy"": 1.0, ""water"": 1.0, ""transport"": 1.0}",0.3,0.1,,0.7948060102309853,,,"[""energy"", ""water""]",1,v1.0,0.7,0.3
S3_transport_load,343,343,8282671593860285957,scenario=S3_transport_load|method=both|duration=0|theta=0.300000|delta_threshold=0.100000|A=v1.0|w=na|run_id=343|seed=8282671593860285957,False,"{""step_1_amount"": 0.6541253195648682}",5222c37788a096d3910624247b4a1e76a3afcfe0df2ea7ddd6490cebc16a26a9,0.44666666666666677,0.808019084978854,0.36135241831218723,8,0.0,1.0,0.44666666666666677,0.808019084978854,1,1,0.36135241831218723,"{""energy"": 0.6666666666666667, ""water"": 0.2666666666666667, ""transport"": 0.33333333333333337}","{""energy"": 0.9355873638536454, ""water"": 0.4459471314579858, ""transport"": 1.0}","{""energy"": 0.26892069718697864, ""water"": 0.1792804647913191, ""transport"": 0.6666666666666666}","{""energy"": 0.0, ""water"": 0.0, ""transport"": 0.0}","{""energy"": 1.0, ""water"": 1.0, ""transport"": 1.0}","{""energy"": 1.0, ""water"": 1.0, ""transport"": 1.0}",0.3,0.1,,0.808019084978854,,,"[""energy"", ""water""]",1,v1.0,0.7,0.3
S3_transport_load,344,344,628086041838965967,scenario=S3_transport_load|method=both|duration=0|theta=0.300000|delta_threshold=0.100000|A=v1.0|w=na|run_id=344|seed=628086041838965967,False,"{""step_1_amount"": 0.31151907511399285}",5222c37788a096d3910624247b4a1e76a3afcfe0df2ea7ddd6490cebc16a26a9,0.44666666666666677,0.7381419957124342,0.29147532904576745,7,0.0,0.0,0.44666666666666677,0.7381419957124342,0,1,0.29147532904576745,"{""energy"": 0.6666666666666667, ""water"": 0.2666666666666667, ""transport"": 0.33333333333333337}","{""energy"": 0.8488387473202714, ""water"": 0.3881147204357365, ""transport"": 0.9405736021786825}","{""energy"": 0.18217208065360468, ""water"": 0.12144805376906981, ""transport"": 0.6072402688453491}","{""energy"": 0.0, ""water"": 0.0, ""transport"": 0.0}","{""energy"": 0.0, ""water"": 0.0, ""transport"": 0.0}","{""energy"": 0.0, ""water"": 0.0, ""transport"": 0.0}",0.3,0.1,,0.7381419957124342,,,[],,v1.0,0.7,0.3
S3_transport_load,345,345,1730113620442676886,scenario=S3_transport_load|method=both|duration=0|theta=0.300000|delta_threshold=0.100000|A=v1.0|w=na|run_id=345|seed=1730113620442676886,False,"{""step_1_amount"": 0.7703308695790638}",5222c37788a096d3910624247b4a1e76a3afcfe0df2ea7ddd6490cebc16a26a9,0.44666666666666677,0.8352235293880919,0.3885568627214251,7,0.0,1.0,0.44666666666666677,0.8352235293880919,1,1,0.3885568627214251,"{""energy"": 0.6666666666666667, ""water"": 0.2666666666666667, ""transport"": 0.33333333333333337}","{""energy"": 0.9609508277446253, ""water"": 0.5028106609674725, ""transport"": 1.0}","{""energy"": 0.2942841610779585, ""water"": 0.2361439943008058, ""transport"": 0.6666666666666666}","{""energy"": 0.0, ""water"": 0.0, ""transport"": 0.0}","{""energy"": 1.0, ""water"": 1.0, ""transport"": 1.0}","{""energy"": 1.0, ""water"": 1.0, ""transport"": 1.0}",0.3,0.1,,0.8352235293880919,,,"[""energy"", ""water""]",1,v1.0,0.7,0.3
S3_transport_load,346,346,1658758050590262446,scenario=S3_transport_load|method=both|duration=0|theta=0.300000|delta_threshold=0.100000|A=v1.0|w=na|run_id=346|seed=1658758050590262446,False,"{""step_1_amount"": 0.4988446589553351}",5222c37788a096d3910624247b4a1e76a3afcfe0df2ea7ddd6490cebc16a26a9,0.44666666666666677,0.786363788929356,0.3396971222626892,11,0.0,1.0,0.44666666666666677,0.786363788929356,1,1,0.3396971222626892,"{""energy"": 0.6666666666666667, ""water"": 0.2666666666666667, ""transport"": 0.33333333333333337}","{""energy"": 0.899495203771149, ""water"": 0.42188569140298826, ""transport"": 1.0}","{""energy"": 0.23282853710448226, ""water"": 0.15521902473632154, ""transport"": 0.6666666666666666}","{""energy"": 0.0, ""water"": 0.0, ""transport"": 0.0}","{""energy"": 1.0, ""water"": 1.0, ""transport"": 1.0}","{""energy"": 1.0, ""water"": 1.0, ""transport"": 1.0}",0.3,0.1,,0.786363788929356,,,"[""energy"", ""water""]",1,v1.0,0.7,0.3
S3_transport_load,347,347,1815167766485337340,scenario=S3_transport_load|method=both|duration=0|theta=0.300000|delta_threshold=0.100000|A=v1.0|w=na|run_id=347|seed=1815167766485337340,False,"{""step_1_amount"": 0.3670021425773403}",5222c37788a096d3910624247b4a1e76a3afcfe0df2ea7ddd6490cebc16a26a9,0.44666666666666677,0.766810143179464,0.3201434765127973,15,0.0,0.0,0.44666666666666677,0.766810143179464,0,1,0.3201434765127973,"{""energy"": 0.6666666666666667, ""water"": 0.2666666666666667, ""transport"": 0.33333333333333337}","{""energy"": 0.8669057941879957, ""water"": 0.40015941834755275, ""transport"": 1.0}","{""energy"": 0.200239127521329, ""water"": 0.13349275168088603, ""transport"": 0.6666666666666666}","{""energy"": 0.0, ""water"": 0.0, ""transport"": 0.0}","{""energy"": 0.0, ""water"": 0.0, ""transport"": 0.0}","{""energy"": 0.0, ""water"": 0.0, ""transport"": 0.0}",0.3,0.1,,0.766810143179464,,,[],,v1.0,0.7,0.3
S3_transport_load,348,348,10928863570560039750,scenario=S3_transport_load|method=both|duration=0|theta=0.300000|delta_threshold=0.100000|A=v1.0|w=na|run_id=348|seed=10928863570560039750,False,"{""step_1_amount"": 0.5559227591368368}",5222c37788a096d3910624247b4a1e76a3afcfe0df2ea7ddd6490cebc16a26a9,0.44666666666666677,0.8177049943559112,0.3710383276892444,16,0.0,1.0,0.44666666666666677,0.8177049943559112,1,1,0.3710383276892444,"{""energy"": 0.6666666666666667, ""water"": 0.2666666666666667, ""transport"": 0.33333333333333337}","{""energy"": 0.9517305461487406, ""water"": 0.4567092529880493, ""transport"": 1.0}","{""energy"": 0.2850638794820739, ""water"": 0.1900425863213826, ""transport"": 0.6666666666666666}","{""energy"": 0.0, ""water"": 0.0, ""transport"": 0.0}","{""energy"": 1.0, ""water"": 1.0, ""transport"": 1.0}","{""energy"": 1.0, ""water"": 1.0, ""transport"": 1.0}",0.3,0.1,,0.8177049943559112,,,"[""energy"", ""water""]",1,v1.0,0.7,0.3
S3_transport_load,349,349,6481999825201478310,scenario=S3_transport_load|method=both|duration=0|theta=0.300000|delta_threshold=0.100000|A=v1.0|w=na|run_id=349|seed=6481999825201478310,False,"{""step_1_amount"": 0.4143768551144722}",5222c37788a096d3910624247b4a1e76a3afcfe0df2ea7ddd6490cebc16a26a9,0.44666666666666677,0.7747403209612123,0.3280736542945455,17,0.0,1.0,0.44666666666666677,0.7747403209612123,1,1,0.3280736542945455,"{""energy"": 0.6666666666666667, ""water"": 0.2666666666666667, ""transport"": 0.33333333333333337}","{""energy"": 0.8801227571575758, ""water"": 0.40897072699393944, ""transport"": 1.0}","{""energy"": 0.21345609049090908, ""water"": 0.14230406032727272, ""transport"": 0.6666666666666666}","{""energy"": 0.0, ""water"": 0.0, ""transport"": 0.0}","{""energy"": 1.0, ""water"": 1.0, ""transport"": 1.0}","{""energy"": 1.0, ""water"": 1.0, ""transport"": 1.0}",0.3,0.1,,0.7747403209612123,,,"[""energy"", ""water""]",1,v1.0,0.7,0.3
S3_transport_load,350,350,9696482253667461113,scenario=S3_transport_load|method=both|duration=0|theta=0.300000|delta_threshold=0.100000|A=v1.0|w=na|run_id=350|seed=9696482253667461113,False,"{""step_1_amount"": 0.6057066224808573}",5222c37788a096d3910624247b4a1e76a3afcfe0df2ea7ddd6490cebc16a26a9,0.44666666666666677,0.797417912395397,0.3507512457287303,22,0.0,1.0,0.44666666666666677,0.797417912395397,1,1,0.3507512457287303,"{""energy"": 0.6666666666666667, ""water"": 0.2666666666666667, ""transport"": 0.33333333333333337}","{""energy"": 0.9179187428812174, ""water"": 0.43416805080970056, ""transport"": 1.0}","{""energy"": 0.2512520762145507, ""water"": 0.16750138414303384, ""transport"": 0.6666666666666666}","{""energy"": 0.0, ""water"": 0.0, ""transport"": 0.0}","{""energy"": 1.0, ""water"": 1.0, ""transport"": 1.0}","{""energy"": 1.0, ""water"": 1.0, ""transport"": 1.0}",0.3,0.1,,0.797417912395397,,,"[""energy"", ""water""]",1,v1.0,0.7,0.3
S3_transport_load,351,351,14829188380811529123,scenario=S3_transport_load|method=both|duration=0|theta=0.300000|delta_threshold=0.100000|A=v1.0|w=na|run_id=351|seed=14829188380811529123,False,"{""step_1_amount"": 0.17730427887648573}",5222c37788a096d3910624247b4a1e76a3afcfe0df2ea7ddd6490cebc16a26a9,0.44666666666666677,0.7093296770825992,0.26266301041593243,24,0.0,0.0,0.44666666666666677,0.7093296770825992,0,1,0.26266301041593243,"{""energy"": 0.6666666666666667, ""water"": 0.2666666666666667, ""transport"": 0.33333333333333337}","{""energy"": 0.8308310481766245, ""water"": 0.3761095876733052, ""transport"": 0.8805479383665259}","{""energy"": 0.1641643815099577, ""water"": 0.1094429210066385, ""transport"": 0.5472146050331925}","{""energy"": 0.0, ""water"": 0.0, ""transport"": 0.0}","{""energy"": 0.0, ""water"": 0.0, ""transport"": 0.0}","{""energy"": 0.0, ""water"": 0.0, ""transport"": 0.0}",0.3,0.1,,0.7093296770825992,,,[],,v1.0,0.7,0.3
S3_transport_load,352,352,3336916394800997565,scenario=S3_transport_load|method=both|duration=0|theta=0.300000|delta_threshold=0.100000|A=v1.0|w=na|run_id=352|seed=3336916394800997565,False,"{""step_1_amount"": 0.421491835844489}",5222c37788a096d3910624247b4a1e76a3afcfe0df2ea7ddd6490cebc16a26a9,0.44666666666666677,0.7758369405323029,0.32917027386563613,29,0.0,1.0,0.44666666666666677,0.7758369405323029,1,1,0.32917027386563613,"{""energy"": 0.6666666666666667, ""water"": 0.2666666666666667, ""transport"": 0.33333333333333337}","{""energy"": 0.8819504564427272, ""water"": 0.41018919318404035, ""transport"": 1.0}","{""energy"": 0.21528378977606044, ""water"": 0.14352252651737363, ""transport"": 0.6666666666666666}","{""energy"": 0.0, ""water"": 0.0, ""transport"": 0.0}","{""energy"": 1.0, ""water"": 1.0, ""transport"": 1.0}","{""energy"": 1.0, ""water"": 1.0, ""transport"": 1.0}",0.3,0.1,,0.7758369405323029,,,"[""energy"", ""water""]",1,v1.0,0.7,0.3
S3_transport_load,353,353,1884097968637004391,scenario=S3_transport_load|method=both|duration=0|theta=0.300000|delta_threshold=0.100000|A=v1.0|w=na|run_id=353|seed=1884097968637004391,False,"{""step_1_amount"": 0.18606055540127742}",5222c37788a096d3910624247b4a1e76a3afcfe0df2ea7ddd6490cebc16a26a9,0.44666666666666677,0.6519873110542337,0.20532064438756692,21,0.0,0.0,0.44666666666666677,0.6519873110542337,0,1,0.20532064438756692,"{""energy"": 0.6666666666666667, ""water"": 0.2666666666666667, ""transport"": 0.33333333333333337}","{""energy"": 0.7949920694088961, ""water"": 0.3522169351614863, ""transport"": 0.7610846758074312}","{""energy"": 0.12832540274222937, ""water"": 0.08555026849481956, ""transport"": 0.42775134247409785}","{""energy"": 0.0, ""water"": 0.0, ""transport"": 0.0}","{""energy"": 0.0, ""water"": 0.0, ""transport"": 0.0}","{""energy"": 0.0, ""water"": 0.0, ""transport"": 0.0}",0.3,0.1,,0.6519873110542337,,,[],,v1.0,0.7,0.3
S3_transport_load,354,354,5285821175496906834,scenario=S3_transport_load|method=both|duration=0|theta=0.300000|delta_threshold=0.100000|A=v1.0|w=na|run_id=354|seed=5285821175496906834,False,"{""step_1_amount"": 0.9062742747905953}",5222c37788a096d3910624247b4a1e76a3afcfe0df2ea7ddd6490cebc16a26a9,0.44666666666666677,0.8147952443375723,0.36812857767090557,24,0.0,1.0,0.44666666666666677,0.8147952443375723,1,1,0.36812857767090557,"{""energy"": 0.6666666666666667, ""water"": 0.2666666666666667, ""transport"": 0.33333333333333337}","{""energy"": 0.9468809627848427, ""water"": 0.4534761974121174, ""transport"": 1.0}","{""energy"": 0.28021429611817594, ""water"": 0.1868095307454507, ""transport"": 0.6666666666666666}","{""energy"": 0.0, ""water"": 0.0, ""transport"": 0.0}","{""energy"": 1.0, ""water"": 1.0, ""transport"": 1.0}","{""energy"": 1.0, ""water"": 1.0, ""transport"": 1.0}",0.3,0.1,,0.8147952443375723,,,"[""energy"", ""water""]",1,v1.0,0.7,0.3
S3_transport_load,355,355,18217797916792145030,scenario=S3_transport_load|method=both|duration=0|theta=0.300000|delta_threshold=0.100000|A=v1.0|w=na|run_id=355|seed=18217797916792145030,False,"{""step_1_amount"": 0.7284530040993619}",5222c37788a096d3910624247b4a1e76a3afcfe0df2ea7ddd6490cebc16a26a9,0.44666666666666677,0.806427941856966,0.3597612751902992,5,0.0,1.0,0.44666666666666677,0.806427941856966,1,1,0.3597612751902992,"{""energy"": 0.6666666666666667, ""water"": 0.2666666666666667, ""transport"": 0.33333333333333337}","{""energy"": 0.932935458650499, ""water"": 0.4441791946558883, ""transport"": 1.0}","{""energy"": 0.26626879198383224, ""water"": 0.17751252798922157, ""transport"": 0.6666666666666666}","{""energy"": 0.0, ""water"": 0.0, ""transport"": 0.0}","{""energy"": 1.0, ""water"": 1.0, ""transport"": 1.0}","{""energy"": 1.0, ""water"": 1.0, ""transport"": 1.0}",0.3,0.1,,0.806427941856966,,,"[""energy"", ""water""]",1,v1.0,0.7,0.3
S3_transport_load,356,356,217231255428775977,scenario=S3_transport_load|method=both|duration=0|theta=0.300000|delta_threshold=0.100000|A=v1.0|w=na|run_id=356|seed=217231255428775977,False,"{""step_1_amount"": 0.29117533921298133}",5222c37788a096d3910624247b4a1e76a3afcfe0df2ea7ddd6490cebc16a26a9,0.44666666666666677,0.7262777450336028,0.279611078366936,21,0.0,0.0,0.44666666666666677,0.7262777450336028,0,1,0.279611078366936,"{""energy"": 0.6666666666666667, ""water"": 0.2666666666666667, ""transport"": 0.33333333333333337}","{""energy"": 0.8414235906460017, ""water"": 0.3831712826528901, ""transport"": 0.9158564132644501}","{""energy"": 0.17475692397933495, ""water"": 0.11650461598622336, ""transport"": 0.5825230799311167}","{""energy"": 0.0, ""water"": 0.0, ""transport"": 0.0}","{""energy"": 0.0, ""water"": 0.0, ""transport"": 0.0}","{""energy"": 0.0, ""water"": 0.0, ""transport"": 0.0}",0.3,0.1,,0.7262777450336028,,,[],,v1.0,0.7,0.3
S3_transport_load,357,357,7902620014221238723,scenario=S3_transport_load|method=both|duration=0|theta=0.300000|delta_threshold=0.100000|A=v1.0|w=na|run_id=357|seed=7902620014221238723,False,"{""step_1_amount"": 0.5339247369825251}",5222c37788a096d3910624247b4a1e76a3afcfe0df2ea7ddd6490cebc16a26a9,0.44666666666666677,0.7903897135157465,0.3437230468490797,29,0.0,1.0,0.44666666666666677,0.7903897135157465,1,1,0.3437230468490797,"{""energy"": 0.6666666666666667, ""water"": 0.2666666666666667, ""transport"": 0.33333333333333337}","{""energy"": 0.9062050780817996, ""water"": 0.42635894094342197, ""transport"": 1.0}","{""energy"": 0.23953841141513288, ""water"": 0.15969227427675525, ""transport"": 0.6666666666666666}","{""energy"": 0.0, ""water"": 0.0, ""transport"": 0.0}","{""energy"": 1.0, ""water"": 1.0, ""transport"": 1.0}","{""energy"": 1.0, ""water"": 1.0, ""transport"": 1.0}",0.3,0.1,,0.7903897135157465,,,"[""energy"", ""water""]",1,v1.0,0.7,0.3
S3_transport_load,358,358,10436201293799307844,scenario=S3_transport_load|method=both|duration=0|theta=0.300000|delta_threshold=0.100000|A=v1.0|w=na|run_id=358|seed=10436201293799307844,False,"{""step_1_amount"": 0.26618715799253156}",5222c37788a096d3910624247b4a1e76a3afcfe0df2ea7ddd6490cebc16a26a9,0.44666666666666677,0.7484900139376578,0.301823347270991,23,0.0,0.0,0.44666666666666677,0.7484900139376578,0,1,0.301823347270991,"{""energy"": 0.6666666666666667, ""water"": 0.2666666666666667, ""transport"": 0.33333333333333337}","{""energy"": 0.8477640250109699, ""water"": 0.45712199932348146, ""transport"": 0.9074926804540848}","{""energy"": 0.18109735834430318, ""water"": 0.19045533265681475, ""transport"": 0.5741593471207515}","{""energy"": 0.0, ""water"": 0.0, ""transport"": 0.0}","{""energy"": 0.0, ""water"": 0.0, ""transport"": 0.0}","{""energy"": 0.0, ""water"": 0.0, ""transport"": 0.0}",0.3,0.1,,0.7484900139376578,,,[],,v1.0,0.7,0.3
S3_transport_load,359,359,6425743008473400146,scenario=S3_transport_load|method=both|duration=0|theta=0.300000|delta_threshold=0.100000|A=v1.0|w=na|run_id=359|seed=6425743008473400146,False,"{""step_1_amount"": 0.4084009918944761}",5222c37788a096d3910624247b4a1e76a3afcfe0df2ea7ddd6490cebc16a26a9,0.44666666666666677,0.7738010121289333,0.3271343454622665,30,0.0,1.0,0.44666666666666677,0.7738010121289333,1,1,0.3271343454622665,"{""energy"": 0.6666666666666667, ""water"": 0.2666666666666667, ""transport"": 0.33333333333333337}","{""energy"": 0.878557242437111, ""water"": 0.40792705051362954, ""transport"": 1.0}","{""energy"": 0.21189057577044423, ""water"": 0.14126038384696282, ""transport"": 0.6666666666666666}","{""energy"": 0.0, ""water"": 0.0, ""transport"": 0.0}","{""energy"": 1.0, ""water"": 1.0, ""transport"": 1.0}","{""energy"": 1.0, ""water"": 1.0, ""transport"": 1.0}",0.3,0.1,,0.7738010121289333,,,"[""energy"", ""water""]",1,v1.0,0.7,0.3
S3_transport_load,360,360,14194917381555101467,scenario=S3_transport_load|method=both|duration=0|theta=0.300000|delta_threshold=0.100000|A=v1.0|w=na|run_id=360|seed=14194917381555101467,False,"{""step_1_amount"": 0.8437670862662996}",5222c37788a096d3910624247b4a1e76a3afcfe0df2ea7ddd6490cebc16a26a9,0.44666666666666677,0.8123466891349256,0.3656800224682588,7,0.0,1.0,0.44666666666666677,0.8123466891349256,1,1,0.3656800224682588,"{""energy"": 0.6666666666666667, ""water"": 0.2666666666666667, ""transport"": 0.33333333333333337}","{""energy"": 0.9428000374470982, ""water"": 0.45075558052028764, ""transport"": 1.0}","{""energy"": 0.27613337078043143, ""water"": 0.18408891385362092, ""transport"": 0.6666666666666666}","{""energy"": 0.0, ""water"": 0.0, ""transport"": 0.0}","{""energy"": 1.0, ""water"": 1.0, ""transport"": 1.0}","{""energy"": 1.0, ""water"": 1.0, ""transport"": 1.0}",0.3,0.1,,0.8123466891349256,,,"[""energy"", ""water""]",1,v1.0,0.7,0.3
S3_transport_load,361,361,4042329474064923725,scenario=S3_transport_load|method=both|duration=0|theta=0.300000|delta_threshold=0.100000|A=v1.0|w=na|run_id=361|seed=4042329474064923725,False,"{""step_1_amount"": 0.9413399460499311}",5222c37788a096d3910624247b4a1e76a3afcfe0df2ea7ddd6490cebc16a26a9,0.44666666666666677,0.8159806395275933,0.3693139728609265,5,0.0,1.0,0.44666666666666677,0.8159806395275933,1,1,0.3693139728609265,"{""energy"": 0.6666666666666667, ""water"": 0.2666666666666667, ""transport"": 0.33333333333333337}","{""energy"": 0.9488566214348775, ""water"": 0.4547933031788073, ""transport"": 1.0}","{""energy"": 0.28218995476821074, ""water"": 0.18812663651214057, ""transport"": 0.6666666666666666}","{""energy"": 0.0, ""water"": 0.0, ""transport"": 0.0}","{""energy"": 1.0, ""water"": 1.0, ""transport"": 1.0}","{""energy"": 1.0, ""water"": 1.0, ""transport"": 1.0}",0.3,0.1,,0.8159806395275933,,,"[""energy"", ""water""]",1,v1.0,0.7,0.3
S3_transport_load,362,362,9580795284889580248,scenario=S3_transport_load|method=both|duration=0|theta=0.300000|delta_threshold=0.100000|A=v1.0|w=na|run_id=362|seed=9580795284889580248,False,"{""step_1_amount"": 0.7421773519590701}",5222c37788a096d3910624247b4a1e76a3afcfe0df2ea7ddd6490cebc16a26a9,0.44666666666666677,0.8072443102460629,0.36057764357939615,5,0.0,1.0,0.44666666666666677,0.8072443102460629,1,1,0.36057764357939615,"{""energy"": 0.6666666666666667, ""water"": 0.2666666666666667, ""transport"": 0.33333333333333337}","{""energy"": 0.9342960726323271, ""water"": 0.4450862706437736, ""transport"": 1.0}","{""energy"": 0.2676294059656603, ""water"": 0.17841960397710688, ""transport"": 0.6666666666666666}","{""energy"": 0.0, ""water"": 0.0, ""transport"": 0.0}","{""energy"": 1.0, ""water"": 1.0, ""transport"": 1.0}","{""energy"": 1.0, ""water"": 1.0, ""transport"": 1.0}",0.3,0.1,,0.8072443102460629,,,"[""energy"", ""water""]",1,v1.0,0.7,0.3
S3_transport_load,363,363,822763826910103913,scenario=S3_transport_load|method=both|duration=0|theta=0.300000|delta_threshold=0.100000|A=v1.0|w=na|run_id=363|seed=822763826910103913,False,"{""step_1_amount"": 0.6155456325385714}",5222c37788a096d3910624247b4a1e76a3afcfe0df2ea7ddd6490cebc16a26a9,0.44666666666666677,0.8232420278749699,0.37657536120830315,14,0.0,1.0,0.44666666666666677,0.8232420278749699,1,1,0.37657536120830315,"{""energy"": 0.6666666666666667, ""water"": 0.2666666666666667, ""transport"": 0.33333333333333337}","{""energy"": 0.9324805010436588, ""water"": 0.500832758191688, ""transport"": 1.0}","{""energy"": 0.265813834376992, ""water"": 0.23416609152502132, ""transport"": 0.6666666666666666}","{""energy"": 0.0, ""water"": 0.0, ""transport"": 0.0}","{""energy"": 1.0, ""water"": 1.0, ""transport"": 1.0}","{""energy"": 1.0, ""water"": 1.0, ""transport"": 1.0}",0.3,0.1,,0.8232420278749699,,,"[""energy"", ""water""]",1,v1.0,0.7,0.3
S3_transport_load,364,364,7566564938597794971,scenario=S3_transport_load|method=both|duration=0|theta=0.300000|delta_threshold=0.100000|A=v1.0|w=na|run_id=364|seed=7566564938597794971,False,"{""step_1_amount"": 0.15121763702165394}",5222c37788a096d3910624247b4a1e76a3afcfe0df2ea7ddd6490cebc16a26a9,0.44666666666666677,0.6217211298300228,0.17505446316335604,16,0.0,0.0,0.44666666666666677,0.6217211298300228,0,1,0.17505446316335604,"{""energy"": 0.6666666666666667, ""water"": 0.2666666666666667, ""transport"": 0.33333333333333337}","{""energy"": 0.7760757061437643, ""water"": 0.3396060263180651, ""transport"": 0.6980301315903251}","{""energy"": 0.10940903947709757, ""water"": 0.07293935965139836, ""transport"": 0.36469679825699175}","{""energy"": 0.0, ""water"": 0.0, ""transport"": 0.0}","{""energy"": 0.0, ""water"": 0.0, ""transport"": 0.0}","{""energy"": 0.0, ""water"": 0.0, ""transport"": 0.0}",0.3,0.1,,0.6217211298300228,,,[],,v1.0,0.7,0.3
S3_transport_load,365,365,1720971264167036625,scenario=S3_transport_load|method=both|duration=0|theta=0.300000|delta_threshold=0.100000|A=v1.0|w=na|run_id=365|seed=1720971264167036625,False,"{""step_1_amount"": 0.3557010220937125}",5222c37788a096d3910624247b4a1e76a3afcfe0df2ea7ddd6490cebc16a26a9,0.44666666666666677,0.8286692998592369,0.3820026331925701,18,0.0,1.0,0.44666666666666677,0.8286692998592369,1,1,0.3820026331925701,"{""energy"": 0.6666666666666667, ""water"": 0.2666666666666667, ""transport"": 0.33333333333333337}","{""energy"": 0.941823840115871, ""water"": 0.5064658793762946, ""transport"": 1.0}","{""energy"": 0.2751571734492042, ""water"": 0.2397992127096279, ""transport"": 0.6666666666666666}","{""energy"": 0.0, ""water"": 0.0, ""transport"": 0.0}","{""energy"": 1.0, ""water"": 1.0, ""transport"": 1.0}","{""energy"": 1.0, ""water"": 1.0, ""transport"": 1.0}",0.3,0.1,,0.8286692998592369,,,"[""energy"", ""water""]",2,v1.0,0.7,0.3
S3_transport_load,366,366,12779921008505234346,scenario=S3_transport_load|method=both|duration=0|theta=0.300000|delta_threshold=0.100000|A=v1.0|w=na|run_id=366|seed=12779921008505234346,False,"{""step_1_amount"": 0.6115894589577375}",5222c37788a096d3910624247b4a1e76a3afcfe0df2ea7ddd6490cebc16a26a9,0.44666666666666677,0.7979295809366542,0.35126291426998746,9,0.0,1.0,0.44666666666666677,0.7979295809366542,1,1,0.35126291426998746,"{""energy"": 0.6666666666666667, ""water"": 0.2666666666666667, ""transport"": 0.33333333333333337}","{""energy"": 0.9187715237833127, ""water"": 0.43473657141109745, ""transport"": 1.0}","{""energy"": 0.252104857116646, ""water"": 0.16806990474443073, ""transport"": 0.6666666666666666}","{""energy"": 0.0, ""water"": 0.0, ""transport"": 0.0}","{""energy"": 1.0, ""water"": 1.0, ""transport"": 1.0}","{""energy"": 1.0, ""water"": 1.0, ""transport"": 1.0}",0.3,0.1,,0.7979295809366542,,,"[""energy"", ""water""]",1,v1.0,0.7,0.3
S3_transport_load,367,367,6086824223564919803,scenario=S3_transport_load|method=both|duration=0|theta=0.300000|delta_threshold=0.100000|A=v1.0|w=na|run_id=367|seed=6086824223564919803,False,"{""step_1_amount"": 0.20961979566165884}",5222c37788a096d3910624247b4a1e76a3afcfe0df2ea7ddd6490cebc16a26a9,0.44666666666666677,0.6707308448495539,0.22406417818288715,25,0.0,0.0,0.44666666666666677,0.6707308448495539,0,1,0.22406417818288715,"{""energy"": 0.6666666666666667, ""water"": 0.2666666666666667, ""transport"": 0.33333333333333337}","{""energy"": 0.8067067780309712, ""water"": 0.36002674090953635, ""transport"": 0.8001337045476816}","{""energy"": 0.1400401113643045, ""water"": 0.09336007424286963, ""transport"": 0.46680037121434825}","{""energy"": 0.0, ""water"": 0.0, ""transport"": 0.0}","{""energy"": 0.0, ""water"": 0.0, ""transport"": 0.0}","{""energy"": 0.0, ""water"": 0.0, ""transport"": 0.0}",0.3,0.1,,0.6707308448495539,,,[],,v1.0,0.7,0.3
S3_transport_load,368,368,16596765494258782342,scenario=S3_transport_load|method=both|duration=0|theta=0.300000|delta_threshold=0.100000|A=v1.0|w=na|run_id=368|seed=16596765494258782342,False,"{""step_1_amount"": 0.4348035759436463}",5222c37788a096d3910624247b4a1e76a3afcfe0df2ea7ddd6490cebc16a26a9,0.44666666666666677,0.7778268388743936,0.33116017220772687,10,0.0,1.0,0.44666666666666677,0.7778268388743936,1,1,0.33116017220772687,"{""energy"": 0.6666666666666667, ""water"": 0.2666666666666667, ""transport"": 0.33333333333333337}","{""energy"": 0.885266953679545, ""water"": 0.41240019134191896, ""transport"": 1.0}","{""energy"": 0.21860028701287826, ""water"": 0.14573352467525225, ""transport"": 0.6666666666666666}","{""energy"": 0.0, ""water"": 0.0, ""transport"": 0.0}","{""energy"": 1.0, ""water"": 1.0, ""transport"": 1.0}","{""energy"": 1.0, ""water"": 1.0, ""transport"": 1.0}",0.3,0.1,,0.7778268388743936,,,"[""energy"", ""water""]",1,v1.0,0.7,0.3
S3_transport_load,369,369,9918243718274850410,scenario=S3_transport_load|method=both|duration=0|theta=0.300000|delta_threshold=0.100000|A=v1.0|w=na|run_id=369|seed=9918243718274850410,False,"{""step_1_amount"": 0.21354331196924697}",5222c37788a096d3910624247b4a1e76a3afcfe0df2ea7ddd6490cebc16a26a9,0.44666666666666677,0.6737256898988905,0.2270590232322237,24,0.0,0.0,0.44666666666666677,0.6737256898988905,0,1,0.2270590232322237,"{""energy"": 0.6666666666666667, ""water"": 0.2666666666666667, ""transport"": 0.33333333333333337}","{""energy"": 0.8085785561868066, ""water"": 0.3612745930134266, ""transport"": 0.8063729650671329}","{""energy"": 0.1419118895201399, ""water"": 0.09460792634675991, ""transport"": 0.4730396317337995}","{""energy"": 0.0, ""water"": 0.0, ""transport"": 0.0}","{""energy"": 0.0, ""water"": 0.0, ""transport"": 0.0}","{""energy"": 0.0, ""water"": 0.0, ""transport"": 0.0}",0.3,0.1,,0.6737256898988905,,,[],,v1.0,0.7,0.3
S3_transport_load,370,370,11859836167971620791,scenario=S3_transport_load|method=both|duration=0|theta=0.300000|delta_threshold=0.100000|A=v1.0|w=na|run_id=370|seed=11859836167971620791,False,"{""step_1_amount"": 0.5987278444763455}",5222c37788a096d3910624247b4a1e76a3afcfe0df2ea7ddd6490cebc16a26a9,0.44666666666666677,0.8137930592983325,0.3671263926316657,11,0.0,1.0,0.44666666666666677,0.8137930592983325,1,1,0.3671263926316657,"{""energy"": 0.6666666666666667, ""water"": 0.2666666666666667, ""transport"": 0.33333333333333337}","{""energy"": 0.9452106543861096, ""water"": 0.4523626584796287, ""transport"": 1.0}","{""energy"": 0.2785439877194429, ""water"": 0.18569599181296198, ""transport"": 0.6666666666666666}","{""energy"": 0.0, ""water"": 0.0, ""transport"": 0.0}","{""energy"": 1.0, ""water"": 1.0, ""transport"": 1.0}","{""energy"": 1.0, ""water"": 1.0, ""transport"": 1.0}",0.3,0.1,,0.8137930592983325,,,"[""energy"", ""water""]",1,v1.0,0.7,0.3
S3_transport_load,371,371,15471238581349786811,scenario=S3_transport_load|method=both|duration=0|theta=0.300000|delta_threshold=0.100000|A=v1.0|w=na|run_id=371|seed=15471238581349786811,False,"{""step_1_amount"": 0.38870366450199084}",5222c37788a096d3910624247b4a1e76a3afcfe0df2ea7ddd6490cebc16a26a9,0.44666666666666677,0.8423316040713462,0.39566493740467945,24,0.0,1.0,0.44666666666666677,0.8423316040713462,1,1,0.39566493740467945,"{""energy"": 0.6666666666666667, ""water"": 0.2666666666666667, ""transport"": 0.33333333333333337}","{""energy"": 0.9545999552466767, ""water"": 0.5349720732422518, ""transport"": 1.0}","{""energy"": 0.28793328858001, ""water"": 0.2683054065755851, ""transport"": 0.6666666666666666}","{""energy"": 0.0, ""water"": 0.0, ""transport"": 0.0}","{""energy"": 1.0, ""water"": 1.0, ""transport"": 1.0}","{""energy"": 1.0, ""water"": 1.0, ""transport"": 1.0}",0.3,0.1,,0.8423316040713462,,,"[""energy"", ""water""]",2,v1.0,0.7,0.3
S3_transport_load,372,372,14506000919808620260,scenario=S3_transport_load|method=both|duration=0|theta=0.300000|delta_threshold=0.100000|A=v1.0|w=na|run_id=372|seed=14506000919808620260,False,"{""step_1_amount"": 1.2516784448674814}",5222c37788a096d3910624247b4a1e76a3afcfe0df2ea7ddd6490cebc16a26a9,0.44666666666666677,0.8224547343839199,0.37578806771725315,27,0.0,1.0,0.44666666666666677,0.8224547343839199,1,1,0.37578806771725315,"{""energy"": 0.6666666666666667, ""water"": 0.2666666666666667, ""transport"": 0.33333333333333337}","{""energy"": 0.9596467795287553, ""water"": 0.4619867419080591, ""transport"": 1.0}","{""energy"": 0.2929801128620886, ""water"": 0.1953200752413924, ""transport"": 0.6666666666666666}","{""energy"": 0.0, ""water"": 0.0, ""transport"": 0.0}","{""energy"": 1.0, ""water"": 1.0, ""transport"": 1.0}","{""energy"": 1.0, ""water"": 1.0, ""transport"": 1.0}",0.3,0.1,,0.8224547343839199,,,"[""energy"", ""water""]",1,v1.0,0.7,0.3
S3_transport_load,373,373,12406234033841732421,scenario=S3_transport_load|method=both|duration=0|theta=0.300000|delta_threshold=0.100000|A=v1.0|w=na|run_id=373|seed=12406234033841732421,False,"{""step_1_amount"": 0.7101092417732441}",5222c37788a096d3910624247b4a1e76a3afcfe0df2ea7ddd6490cebc16a26a9,0.44666666666666677,0.805282962895165,0.3586162962284982,5,0.0,1.0,0.44666666666666677,0.805282962895165,1,1,0.3586162962284982,"{""energy"": 0.6666666666666667, ""water"": 0.2666666666666667, ""transport"": 0.33333333333333337}","{""energy"": 0.9310271603808306, ""water"": 0.4429069958094426, ""transport"": 1.0}","{""energy"": 0.2643604937141638, ""water"": 0.17624032914277588, ""transport"": 0.6666666666666666}","{""energy"": 0.0, ""water"": 0.0, ""transport"": 0.0}","{""energy"": 1.0, ""water"": 1.0, ""transport"": 1.0}","{""energy"": 1.0, ""water"": 1.0, ""transport"": 1.0}",0.3,0.1,,0.805282962895165,,,"[""energy"", ""water""]",1,v1.0,0.7,0.3
S3_transport_load,374,374,6857918260589026559,scenario=S3_transport_load|method=both|duration=0|theta=0.300000|delta_threshold=0.100000|A=v1.0|w=na|run_id=374|seed=6857918260589026559,False,"{""step_1_amount"": 0.2063762987304108}",5222c37788a096d3910624247b4a1e76a3afcfe0df2ea7ddd6490cebc16a26a9,0.44666666666666677,0.7233718533483748,0.27670518668170807,15,0.0,0.0,0.44666666666666677,0.7233718533483748,0,1,0.27670518668170807,"{""energy"": 0.6666666666666667, ""water"": 0.2666666666666667, ""transport"": 0.33333333333333337}","{""energy"": 0.8396074083427343, ""water"": 0.38196049445071173, ""transport"": 0.9098024722535585}","{""energy"": 0.17294074167606754, ""water"": 0.11529382778404501, ""transport"": 0.5764691389202251}","{""energy"": 0.0, ""water"": 0.0, ""transport"": 0.0}","{""energy"": 0.0, ""water"": 0.0, ""transport"": 0.0}","{""energy"": 0.0, ""water"": 0.0, ""transport"": 0.0}",0.3,0.1,,0.7233718533483748,,,[],,v1.0,0.7,0.3
S3_transport_load,375,375,13233715017021999718,scenario=S3_transport_load|method=both|duration=0|theta=0.300000|delta_threshold=0.100000|A=v1.0|w=na|run_id=375|seed=13233715017021999718,False,"{""step_1_amount"": 0.5169621098029148}",5222c37788a096d3910624247b4a1e76a3afcfe0df2ea7ddd6490cebc16a26a9,0.44666666666666677,0.7884958782577001,0.3418292115910333,9,0.0,1.0,0.44666666666666677,0.7884958782577001,1,1,0.3418292115910333,"{""energy"": 0.6666666666666667, ""water"": 0.2666666666666667, ""transport"": 0.33333333333333337}","{""energy"": 0.9030486859850556, ""water"": 0.4242546795455926, ""transport"": 1.0}","{""energy"": 0.23638201931838887, ""water"": 0.15758801287892588, ""transport"": 0.6666666666666666}","{""energy"": 0.0, ""water"": 0.0, ""transport"": 0.0}","{""energy"": 1.0, ""water"": 1.0, ""transport"": 1.0}","{""energy"": 1.0, ""water"": 1.0, ""transport"": 1.0}",0.3,0.1,,0.7884958782577001,,,"[""energy"", ""water""]",1,v1.0,0.7,0.3
S3_transport_load,376,376,14320905204440264217,scenario=S3_transport_load|method=both|duration=0|theta=0.300000|delta_threshold=0.100000|A=v1.0|w=na|run_id=376|seed=14320905204440264217,False,"{""step_1_amount"": 0.6164370591643233}",5222c37788a096d3910624247b4a1e76a3afcfe0df2ea7ddd6490cebc16a26a9,0.44666666666666677,0.7983444744755093,0.3516778078088425,26,0.0,1.0,0.44666666666666677,0.7983444744755093,1,1,0.3516778078088425,"{""energy"": 0.6666666666666667, ""water"": 0.2666666666666667, ""transport"": 0.33333333333333337}","{""energy"": 0.9194630130147375, ""water"": 0.43519756423204725, ""transport"": 1.0}","{""energy"": 0.2527963463480708, ""water"": 0.16853089756538053, ""transport"": 0.6666666666666666}","{""energy"": 0.0, ""water"": 0.0, ""transport"": 0.0}","{""energy"": 1.0, ""water"": 1.0, ""transport"": 1.0}","{""energy"": 1.0, ""water"": 1.0, ""transport"": 1.0}",0.3,0.1,,0.7983444744755093,,,"[""energy"", ""water""]",1,v1.0,0.7,0.3
S3_transport_load,377,377,5219098006357795648,scenario=S3_transport_load|method=both|duration=0|theta=0.300000|delta_threshold=0.100000|A=v1.0|w=na|run_id=377|seed=5219098006357795648,False,"{""step_1_amount"": 0.41200093212502054}",5222c37788a096d3910624247b4a1e76a3afcfe0df2ea7ddd6490cebc16a26a9,0.44666666666666677,0.7743688797647894,0.32770221309812264,30,0.0,1.0,0.44666666666666677,0.7743688797647894,1,1,0.32770221309812264,"{""energy"": 0.6666666666666667, ""water"": 0.2666666666666667, ""transport"": 0.33333333333333337}","{""energy"": 0.8795036884968712, ""water"": 0.40855801455346974, ""transport"": 1.0}","{""energy"": 0.21283702183020448, ""water"": 0.14189134788680302, ""transport"": 0.6666666666666666}","{""energy"": 0.0, ""water"": 0.0, ""transport"": 0.0}","{""energy"": 1.0, ""water"": 1.0, ""transport"": 1.0}","{""energy"": 1.0, ""water"": 1.0, ""transport"": 1.0}",0.3,0.1,,0.7743688797647894,,,"[""energy"", ""water""]",1,v1.0,0.7,0.3
S3_transport_load,378,378,7722544491757316483,scenario=S3_transport_load|method=both|duration=0|theta=0.300000|delta_threshold=0.100000|A=v1.0|w=na|run_id=378|seed=7722544491757316483,False,"{""step_1_amount"": 0.33987566723707924}",5222c37788a096d3910624247b4a1e76a3afcfe0df2ea7ddd6490cebc16a26a9,0.44666666666666677,0.7535165226898789,0.30684985602321213,18,0.0,0.0,0.44666666666666677,0.7535165226898789,0,1,0.30684985602321213,"{""energy"": 0.6666666666666667, ""water"": 0.2666666666666667, ""transport"": 0.33333333333333337}","{""energy"": 0.8584478266811744, ""water"": 0.3945207733430051, ""transport"": 0.9726038667150253}","{""energy"": 0.19178116001450762, ""water"": 0.1278541066763384, ""transport"": 0.6392705333816919}","{""energy"": 0.0, ""water"": 0.0, ""transport"": 0.0}","{""energy"": 0.0, ""water"": 0.0, ""transport"": 0.0}","{""energy"": 0.0, ""water"": 0.0, ""transport"": 0.0}",0.3,0.1,,0.7535165226898789,,,[],,v1.0,0.7,0.3
S3_transport_load,379,379,1611575714981879037,scenario=S3_transport_load|method=both|duration=0|theta=0.300000|delta_threshold=0.100000|A=v1.0|w=na|run_id=379|seed=1611575714981879037,False,"{""step_1_amount"": 0.5636511842158394}",5222c37788a096d3910624247b4a1e76a3afcfe0df2ea7ddd6490cebc16a26a9,0.44666666666666677,0.7934848080778596,0.3468181414111928,5,0.0,1.0,0.44666666666666677,0.7934848080778596,1,1,0.3468181414111928,"{""energy"": 0.6666666666666667, ""water"": 0.2666666666666667, ""transport"": 0.33333333333333337}","{""energy"": 0.911363569018655, ""water"": 0.42979793490132556, ""transport"": 1.0}","{""energy"": 0.24469690235198827, ""water"": 0.16313126823465884, ""transport"": 0.6666666666666666}","{""energy"": 0.0, ""water"": 0.0, ""transport"": 0.0}","{""energy"": 1.0, ""water"": 1.0, ""transport"": 1.0}","{""energy"": 1.0, ""water"": 1.0, ""transport"": 1.0}",0.3,0.1,,0.7934848080778596,,,"[""energy"", ""water""]",1,v1.0,0.7,0.3
S3_transport_load,380,380,16959221180556126962,scenario=S3_transport_load|method=both|duration=0|theta=0.300000|delta_threshold=0.100000|A=v1.0|w=na|run_id=380|seed=16959221180556126962,False,"{""step_1_amount"": 0.4714812304949083}",5222c37788a096d3910624247b4a1e76a3afcfe0df2ea7ddd6490cebc16a26a9,0.44666666666666677,0.8120949398159283,0.3654282731492615,28,0.0,1.0,0.44666666666666677,0.8120949398159283,1,1,0.3654282731492615,"{""energy"": 0.6666666666666667, ""water"": 0.2666666666666667, ""transport"": 0.33333333333333337}","{""energy"": 0.9393613145438142, ""water"": 0.4545013799946751, ""transport"": 1.0}","{""energy"": 0.2726946478771475, ""water"": 0.18783471332800838, ""transport"": 0.6666666666666666}","{""energy"": 0.0, ""water"": 0.0, ""transport"": 0.0}","{""energy"": 1.0, ""water"": 1.0, ""transport"": 1.0}","{""energy"": 1.0, ""water"": 1.0, ""transport"": 1.0}",0.3,0.1,,0.8120949398159283,,,"[""energy"", ""water""]",1,v1.0,0.7,0.3
S3_transport_load,381,381,15389012320478155528,scenario=S3_transport_load|method=both|duration=0|theta=0.300000|delta_threshold=0.100000|A=v1.0|w=na|run_id=381|seed=15389012320478155528,False,"{""step_1_amount"": 0.558506933202401}",5222c37788a096d3910624247b4a1e76a3afcfe0df2ea7ddd6490cebc16a26a9,0.44666666666666677,0.792968748783546,0.3463020821168792,26,0.0,1.0,0.44666666666666677,0.792968748783546,1,1,0.3463020821168792,"{""energy"": 0.6666666666666667, ""water"": 0.2666666666666667, ""transport"": 0.33333333333333337}","{""energy"": 0.9105034701947987, ""water"": 0.42922453568542135, ""transport"": 1.0}","{""energy"": 0.24383680352813197, ""water"": 0.16255786901875463, ""transport"": 0.6666666666666666}","{""energy"": 0.0, ""water"": 0.0, ""transport"": 0.0}","{""energy"": 1.0, ""water"": 1.0, ""transport"": 1.0}","{""energy"": 1.0, ""water"": 1.0, ""transport"": 1.0}",0.3,0.1,,0.792968748783546,,,"[""energy"", ""water""]",1,v1.0,0.7,0.3
S3_transport_load,382,382,1146302299144890525,scenario=S3_transport_load|method=both|duration=0|theta=0.300000|delta_threshold=0.100000|A=v1.0|w=na|run_id=382|seed=1146302299144890525,False,"{""step_1_amount"": 0.38381595677110525}",5222c37788a096d3910624247b4a1e76a3afcfe0df2ea7ddd6490cebc16a26a9,0.44666666666666677,0.7697545092725999,0.32308784260593315,12,0.0,0.0,0.44666666666666677,0.7697545092725999,0,1,0.32308784260593315,"{""energy"": 0.6666666666666667, ""water"": 0.2666666666666667, ""transport"": 0.33333333333333337}","{""energy"": 0.8718130710098887, ""water"": 0.40343093622881476, ""transport"": 1.0}","{""energy"": 0.20514640434322196, ""water"": 0.13676426956214804, ""transport"": 0.6666666666666666}","{""energy"": 0.0, ""water"": 0.0, ""transport"": 0.0}","{""energy"": 0.0, ""water"": 0.0, ""transport"": 0.0}","{""energy"": 0.0, ""water"": 0.0, ""transport"": 0.0}",0.3,0.1,,0.7697545092725999,,,[],,v1.0,0.7,0.3
S3_transport_load,383,383,10587792458759053306,scenario=S3_transport_load|method=both|duration=0|theta=0.300000|delta_threshold=0.100000|A=v1.0|w=na|run_id=383|seed=10587792458759053306,False,"{""step_1_amount"": 1.0617041340845135}",5222c37788a096d3910624247b4a1e76a3afcfe0df2ea7ddd6490cebc16a26a9,0.44666666666666677,0.8477451321465792,0.40107846547991244,8,0.0,1.0,0.44666666666666677,0.8477451321465792,1,1,0.40107846547991244,"{""energy"": 0.6666666666666667, ""water"": 0.2666666666666667, ""transport"": 0.33333333333333337}","{""energy"": 0.9692681210877538, ""water"": 0.5334596123715925, ""transport"": 1.0}","{""energy"": 0.3026014544210871, ""water"": 0.26679294570492573, ""transport"": 0.6666666666666666}","{""energy"": 0.0, ""water"": 0.0, ""transport"": 0.0}","{""energy"": 1.0, ""water"": 1.0, ""transport"": 1.0}","{""energy"": 1.0, ""water"": 1.0, ""transport"": 1.0}",0.3,0.1,,0.8477451321465792,,,"[""energy"", ""water""]",1,v1.0,0.7,0.3
S3_transport_load,384,384,2816886042193679050,scenario=S3_transport_load|method=both|duration=0|theta=0.300000|delta_threshold=0.100000|A=v1.0|w=na|run_id=384|seed=2816886042193679050,False,"{""step_1_amount"": 0.4604894640560934}",5222c37788a096d3910624247b4a1e76a3afcfe0df2ea7ddd6490cebc16a26a9,0.44666666666666677,0.8117878763877635,0.36512120972109674,15,0.0,1.0,0.44666666666666677,0.8117878763877635,1,1,0.36512120972109674,"{""energy"": 0.6666666666666667, ""water"": 0.2666666666666667, ""transport"": 0.33333333333333337}","{""energy"": 0.9072716879879619, ""water"": 0.49626400397526227, ""transport"": 1.0}","{""energy"": 0.24060502132129513, ""water"": 0.22959733730859555, ""transport"": 0.6666666666666666}","{""energy"": 0.0, ""water"": 0.0, ""transport"": 0.0}","{""energy"": 1.0, ""water"": 1.0, ""transport"": 1.0}","{""energy"": 1.0, ""water"": 1.0, ""transport"": 1.0}",0.3,0.1,,0.8117878763877635,,,"[""energy"", ""water""]",1,v1.0,0.7,0.3
S3_transport_load,385,385,10489156831032313377,scenario=S3_transport_load|method=both|duration=0|theta=0.300000|delta_threshold=0.100000|A=v1.0|w=na|run_id=385|seed=10489156831032313377,False,"{""step_1_amount"": 0.6297271598188174}",5222c37788a096d3910624247b4a1e76a3afcfe0df2ea7ddd6490cebc16a26a9,0.44666666666666677,0.7994514739874143,0.3527848073207476,6,0.0,1.0,0.44666666666666677,0.7994514739874143,1,1,0.3527848073207476,"{""energy"": 0.6666666666666667, ""water"": 0.2666666666666667, ""transport"": 0.33333333333333337}","{""energy"": 0.9213080122012463, ""water"": 0.4364275636897197, ""transport"": 1.0}","{""energy"": 0.2546413455345795, ""water"": 0.16976089702305297, ""transport"": 0.6666666666666666}","{""energy"": 0.0, ""water"": 0.0, ""transport"": 0.0}","{""energy"": 1.0, ""water"": 1.0, ""transport"": 1.0}","{""energy"": 1.0, ""water"": 1.0, ""transport"": 1.0}",0.3,0.1,,0.7994514739874143,,,"[""energy"", ""water""]",1,v1.0,0.7,0.3
S3_transport_load,386,386,11723984119905953052,scenario=S3_transport_load|method=both|duration=0|theta=0.300000|delta_threshold=0.100000|A=v1.0|w=na|run_id=386|seed=11723984119905953052,False,"{""step_1_amount"": 0.1321522892760912}",5222c37788a096d3910624247b4a1e76a3afcfe0df2ea7ddd6490cebc16a26a9,0.44666666666666677,0.603771006937762,0.1571043402710952,21,0.0,0.0,0.44666666666666677,0.603771006937762,0,0,0.1571043402710952,"{""energy"": 0.6666666666666667, ""water"": 0.2666666666666667, ""transport"": 0.33333333333333337}","{""energy"": 0.7648568793361012, ""water"": 0.3321268084462897, ""transport"": 0.6606340422314485}","{""energy"": 0.0981902126694345, ""water"": 0.065460141779623, ""transport"": 0.32730070889811513}","{""energy"": 0.0, ""water"": 0.0, ""transport"": 0.0}","{""energy"": 0.0, ""water"": 0.0, ""transport"": 0.0}","{""energy"": 0.0, ""water"": 0.0, ""transport"": 0.0}",0.3,0.1,,0.603771006937762,,,[],,v1.0,0.7,0.3
S3_transport_load,387,387,10372324319104722918,scenario=S3_transport_load|method=both|duration=0|theta=0.300000|delta_threshold=0.100000|A=v1.0|w=na|run_id=387|seed=10372324319104722918,False,"{""step_1_amount"": 0.38663000674446335}",5222c37788a096d3910624247b4a1e76a3afcfe0df2ea7ddd6490cebc16a26a9,0.44666666666666677,0.8382805808368092,0.39161391417014246,12,0.0,0.0,0.44666666666666677,0.8382805808368092,0,1,0.39161391417014246,"{""energy"": 0.6666666666666667, ""water"": 0.2666666666666667, ""transport"": 0.33333333333333337}","{""energy"": 0.9084250123398863, ""water"": 0.5830352530028491, ""transport"": 1.0}","{""energy"": 0.24175834567321952, ""water"": 0.31636858633618237, ""transport"": 0.6666666666666666}","{""energy"": 0.0, ""water"": 0.0, ""transport"": 0.0}","{""energy"": 0.0, ""water"": 0.0, ""transport"": 0.0}","{""energy"": 0.0, ""water"": 0.0, ""transport"": 0.0}",0.3,0.1,,0.8382805808368092,,,[],,v1.0,0.7,0.3
S3_transport_load,388,388,5571885877547715161,scenario=S3_transport_load|method=both|duration=0|theta=0.300000|delta_threshold=0.100000|A=v1.0|w=na|run_id=388|seed=5571885877547715161,False,"{""step_1_amount"": 0.4367552829655002}",5222c37788a096d3910624247b4a1e76a3afcfe0df2ea7ddd6490cebc16a26a9,0.44666666666666677,0.778111966436122,0.33144529976945525,30,0.0,1.0,0.44666666666666677,0.778111966436122,1,1,0.33144529976945525,"{""energy"": 0.6666666666666667, ""water"": 0.2666666666666667, ""transport"": 0.33333333333333337}","{""energy"": 0.8857421662824255, ""water"": 0.41271699974383924, ""transport"": 1.0}","{""energy"": 0.21907549961575878, ""water"": 0.14605033307717252, ""transport"": 0.6666666666666666}","{""energy"": 0.0, ""water"": 0.0, ""transport"": 0.0}","{""energy"": 1.0, ""water"": 1.0, ""transport"": 1.0}","{""energy"": 1.0, ""water"": 1.0, ""transport"": 1.0}",0.3,0.1,,0.778111966436122,,,"[""energy"", ""water""]",1,v1.0,0.7,0.3
S3_transport_load,389,389,6381828589692334085,scenario=S3_transport_load|method=both|duration=0|theta=0.300000|delta_threshold=0.100000|A=v1.0|w=na|run_id=389|seed=6381828589692334085,False,"{""step_1_amount"": 0.45235948695638556}",5222c37788a096d3910624247b4a1e76a3afcfe0df2ea7ddd6490cebc16a26a9,0.44666666666666677,0.8111046823911701,0.3644380157245033,5,0.0,1.0,0.44666666666666677,0.8111046823911701,1,1,0.3644380157245033,"{""energy"": 0.6666666666666667, ""water"": 0.2666666666666667, ""transport"": 0.33333333333333337}","{""energy"": 0.9407300262075055, ""water"": 0.44937557302722586, ""transport"": 1.0}","{""energy"": 0.2740633595408387, ""water"": 0.18270890636055914, ""transport"": 0.6666666666666666}","{""energy"": 0.0, ""water"": 0.0, ""transport"": 0.0}","{""energy"": 1.0, ""water"": 1.0, ""transport"": 1.0}","{""energy"": 1.0, ""water"": 1.0, ""transport"": 1.0}",0.3,0.1,,0.8111046823911701,,,"[""energy"", ""water""]",1,v1.0,0.7,0.3
S3_transport_load,390,390,12041609046711756961,scenario=S3_transport_load|method=both|duration=0|theta=0.300000|delta_threshold=0.100000|A=v1.0|w=na|run_id=390|seed=12041609046711756961,False,"{""step_1_amount"": 0.5930545194859345}",5222c37788a096d3910624247b4a1e76a3afcfe0df2ea7ddd6490cebc16a26a9,0.44666666666666677,0.7962863994562197,0.34961973278955294,7,0.0,1.0,0.44666666666666677,0.7962863994562197,1,1,0.34961973278955294,"{""energy"": 0.6666666666666667, ""water"": 0.2666666666666667, ""transport"": 0.33333333333333337}","{""energy"": 0.9160328879825885, ""water"": 0.4329108142106146, ""transport"": 1.0}","{""energy"": 0.2493662213159218, ""water"": 0.1662441475439479, ""transport"": 0.6666666666666666}","{""energy"": 0.0, ""water"": 0.0, ""transport"": 0.0}","{""energy"": 1.0, ""water"": 1.0, ""transport"": 1.0}","{""energy"": 1.0, ""water"": 1.0, ""transport"": 1.0}",0.3,0.1,,0.7962863994562197,,,"[""energy"", ""water""]",1,v1.0,0.7,0.3
S3_transport_load,391,391,15423271422771008439,scenario=S3_transport_load|method=both|duration=0|theta=0.300000|delta_threshold=0.100000|A=v1.0|w=na|run_id=391|seed=15423271422771008439,False,"{""step_1_amount"": 0.641398610835674}",5222c37788a096d3910624247b4a1e76a3afcfe0df2ea7ddd6490cebc16a26a9,0.44666666666666677,0.800387906394014,0.35372123972734726,30,0.0,1.0,0.44666666666666677,0.800387906394014,1,1,0.35372123972734726,"{""energy"": 0.6666666666666667, ""water"": 0.2666666666666667, ""transport"": 0.33333333333333337}","{""energy"": 0.9228687328789121, ""water"": 0.437468044141497, ""transport"": 1.0}","{""energy"": 0.2562020662122454, ""water"": 0.17080137747483026, ""transport"": 0.6666666666666666}","{""energy"": 0.0, ""water"": 0.0, ""transport"": 0.0}","{""energy"": 1.0, ""water"": 1.0, ""transport"": 1.0}","{""energy"": 1.0, ""water"": 1.0, ""transport"": 1.0}",0.3,0.1,,0.800387906394014,,,"[""energy"", ""water""]",1,v1.0,0.7,0.3
S3_transport_load,392,392,3568914726584378190,scenario=S3_transport_load|method=both|duration=0|theta=0.300000|delta_threshold=0.100000|A=v1.0|w=na|run_id=392|seed=3568914726584378190,False,"{""step_1_amount"": 0.5200806954650272}",5222c37788a096d3910624247b4a1e76a3afcfe0df2ea7ddd6490cebc16a26a9,0.44666666666666677,0.7888513295273987,0.3421846628607319,7,0.0,1.0,0.44666666666666677,0.7888513295273987,1,1,0.3421846628607319,"{""energy"": 0.6666666666666667, ""water"": 0.2666666666666667, ""transport"": 0.33333333333333337}","{""energy"": 0.9036411047678867, ""water"": 0.42464962540081336, ""transport"": 1.0}","{""energy"": 0.23697443810122, ""water"": 0.15798295873414664, ""transport"": 0.6666666666666666}","{""energy"": 0.0, ""water"": 0.0, ""transport"": 0.0}","{""energy"": 1.0, ""water"": 1.0, ""transport"": 1.0}","{""energy"": 1.0, ""water"": 1.0, ""transport"": 1.0}",0.3,0.1,,0.7888513295273987,,,"[""energy"", ""water""]",1,v1.0,0.7,0.3
S3_transport_load,393,393,6851234664712144878,scenario=S3_transport_load|method=both|duration=0|theta=0.300000|delta_threshold=0.100000|A=v1.0|w=na|run_id=393|seed=6851234664712144878,False,"{""step_1_amount"": 0.139454688617584}",5222c37788a096d3910624247b4a1e76a3afcfe0df2ea7ddd6490cebc16a26a9,0.44666666666666677,0.6107678259190434,0.16410115925237667,21,0.0,0.0,0.44666666666666677,0.6107678259190434,0,1,0.16410115925237667,"{""energy"": 0.6666666666666667, ""water"": 0.2666666666666667, ""transport"": 0.33333333333333337}","{""energy"": 0.7692298911994022, ""water"": 0.33504214968849033, ""transport"": 0.6752107484424515}","{""energy"": 0.10256322453273548, ""water"": 0.06837548302182361, ""transport"": 0.3418774151091182}","{""energy"": 0.0, ""water"": 0.0, ""transport"": 0.0}","{""energy"": 0.0, ""water"": 0.0, ""transport"": 0.0}","{""energy"": 0.0, ""water"": 0.0, ""transport"": 0.0}",0.3,0.1,,0.6107678259190434,,,[],,v1.0,0.7,0.3
S3_transport_load,394,394,17866216301103986308,scenario=S3_transport_load|method=both|duration=0|theta=0.300000|delta_threshold=0.100000|A=v1.0|w=na|run_id=394|seed=17866216301103986308,False,"{""step_1_amount"": 0.603960367050709}",5222c37788a096d3910624247b4a1e76a3afcfe0df2ea7ddd6490cebc16a26a9,0.44666666666666677,0.797264282944474,0.3505976162778073,10,0.0,1.0,0.44666666666666677,0.797264282944474,1,1,0.3505976162778073,"{""energy"": 0.6666666666666667, ""water"": 0.2666666666666667, ""transport"": 0.33333333333333337}","{""energy"": 0.9176626937963455, ""water"": 0.43399735141978585, ""transport"": 1.0}","{""energy"": 0.2509960271296787, ""water"": 0.16733068475311913, ""transport"": 0.6666666666666666}","{""energy"": 0.0, ""water"": 0.0, ""transport"": 0.0}","{""energy"": 1.0, ""water"": 1.0, ""transport"": 1.0}","{""energy"": 1.0, ""water"": 1.0, ""transport"": 1.0}",0.3,0.1,,0.797264282944474,,,"[""energy"", ""water""]",1,v1.0,0.7,0.3
S3_transport_load,395,395,18021538024993472179,scenario=S3_transport_load|method=both|duration=0|theta=0.300000|delta_threshold=0.100000|A=v1.0|w=na|run_id=395|seed=18021538024993472179,False,"{""step_1_amount"": 0.4371256292881513}",5222c37788a096d3910624247b4a1e76a3afcfe0df2ea7ddd6490cebc16a26a9,0.44666666666666677,0.7781658826430966,0.33149921597642984,30,0.0,1.0,0.44666666666666677,0.7781658826430966,1,1,0.33149921597642984,"{""energy"": 0.6666666666666667, ""water"": 0.2666666666666667, ""transport"": 0.33333333333333337}","{""energy"": 0.8858320266273833, ""water"": 0.4127769066404777, ""transport"": 1.0}","{""energy"": 0.2191653599607165, ""water"": 0.146110239973811, ""transport"": 0.6666666666666666}","{""energy"": 0.0, ""water"": 0.0, ""transport"": 0.0}","{""energy"": 1.0, ""water"": 1.0, ""transport"": 1.0}","{""energy"": 1.0, ""water"": 1.0, ""transport"": 1.0}",0.3,0.1,,0.7781658826430966,,,"[""energy"", ""water""]",1,v1.0,0.7,0.3
S3_transport_load,396,396,4696688908736187819,scenario=S3_transport_load|method=both|duration=0|theta=0.300000|delta_threshold=0.100000|A=v1.0|w=na|run_id=396|seed=4696688908736187819,False,"{""step_1_amount"": 0.5651646110624665}",5222c37788a096d3910624247b4a1e76a3afcfe0df2ea7ddd6490cebc16a26a9,0.44666666666666677,0.8275433067310618,0.38087664006439503,13,0.0,1.0,0.44666666666666677,0.8275433067310618,1,1,0.38087664006439503,"{""energy"": 0.6666666666666667, ""water"": 0.2666666666666667, ""transport"": 0.33333333333333337}","{""energy"": 0.9294605047069588, ""water"": 0.5191970161609272, ""transport"": 1.0}","{""energy"": 0.2627938380402921, ""water"": 0.25253034949426045, ""transport"": 0.6666666666666666}","{""energy"": 0.0, ""water"": 0.0, ""transport"": 0.0}","{""energy"": 1.0, ""water"": 1.0, ""transport"": 1.0}","{""energy"": 1.0, ""water"": 1.0, ""transport"": 1.0}",0.3,0.1,,0.8275433067310618,,,"[""energy"", ""water""]",1,v1.0,0.7,0.3
S3_transport_load,397,397,7402915015515436728,scenario=S3_transport_load|method=both|duration=0|theta=0.300000|delta_threshold=0.100000|A=v1.0|w=na|run_id=397|seed=7402915015515436728,False,"{""step_1_amount"": 0.26276053272418043}",5222c37788a096d3910624247b4a1e76a3afcfe0df2ea7ddd6490cebc16a26a9,0.44666666666666677,0.7258833420897577,0.2792166754230909,18,0.0,0.0,0.44666666666666677,0.7258833420897577,0,1,0.2792166754230909,"{""energy"": 0.6666666666666667, ""water"": 0.2666666666666667, ""transport"": 0.33333333333333337}","{""energy"": 0.8376989946999571, ""water"": 0.412841266425635, ""transport"": 0.8898378809402812}","{""energy"": 0.17103232803329038, ""water"": 0.1461745997589683, ""transport"": 0.5565045476069478}","{""energy"": 0.0, ""water"": 0.0, ""transport"": 0.0}","{""energy"": 0.0, ""water"": 0.0, ""transport"": 0.0}","{""energy"": 0.0, ""water"": 0.0, ""transport"": 0.0}",0.3,0.1,,0.7258833420897577,,,[],,v1.0,0.7,0.3
S3_transport_load,398,398,8587283495910552281,scenario=S3_transport_load|method=both|duration=0|theta=0.300000|delta_threshold=0.100000|A=v1.0|w=na|run_id=398|seed=8587283495910552281,False,"{""step_1_amount"": 0.24780188268560152}",5222c37788a096d3910624247b4a1e76a3afcfe0df2ea7ddd6490cebc16a26a9,0.44666666666666677,0.698430603986012,0.2517639373193452,12,0.0,0.0,0.44666666666666677,0.698430603986012,0,1,0.2517639373193452,"{""energy"": 0.6666666666666667, ""water"": 0.2666666666666667, ""transport"": 0.33333333333333337}","{""energy"": 0.8240191274912575, ""water"": 0.3715683072163939, ""transport"": 0.8578415360819692}","{""energy"": 0.15735246082459076, ""water"": 0.10490164054972717, ""transport"": 0.5245082027486359}","{""energy"": 0.0, ""water"": 0.0, ""transport"": 0.0}","{""energy"": 0.0, ""water"": 0.0, ""transport"": 0.0}","{""energy"": 0.0, ""water"": 0.0, ""transport"": 0.0}",0.3,0.1,,0.698430603986012,,,[],,v1.0,0.7,0.3
S3_transport_load,399,399,12369821481823428313,scenario=S3_transport_load|method=both|duration=0|theta=0.300000|delta_threshold=0.100000|A=v1.0|w=na|run_id=399|seed=12369821481823428313,False,"{""step_1_amount"": 0.4619822939586144}",5222c37788a096d3910624247b4a1e76a3afcfe0df2ea7ddd6490cebc16a26a9,0.44666666666666677,0.781651027373143,0.3349843607064762,20,0.0,1.0,0.44666666666666677,0.781651027373143,1,1,0.3349843607064762,"{""energy"": 0.6666666666666667, ""water"": 0.2666666666666667, ""transport"": 0.33333333333333337}","{""energy"": 0.8916406011774605, ""water"": 0.4166492896738625, ""transport"": 1.0}","{""energy"": 0.22497393451079373, ""water"": 0.14998262300719578, ""transport"": 0.6666666666666666}","{""energy"": 0.0, ""water"": 0.0, ""transport"": 0.0}","{""energy"": 1.0, ""water"": 1.0, ""transport"": 1.0}","{""energy"": 1.0, ""water"": 1.0, ""transport"": 1.0}",0.3,0.1,,0.781651027373143,,,"[""energy"", ""water""]",1,v1.0,0.7,0.3
S3_transport_load,400,400,12263418410995101410,scenario=S3_transport_load|method=both|duration=0|theta=0.300000|delta_threshold=0.100000|A=v1.0|w=na|run_id=400|seed=12263418410995101410,False,"{""step_1_amount"": 0.5542710467065852}",5222c37788a096d3910624247b4a1e76a3afcfe0df2ea7ddd6490cebc16a26a9,0.44666666666666677,0.7925377947082575,0.3458711280415907,12,0.0,1.0,0.44666666666666677,0.7925377947082575,1,1,0.3458711280415907,"{""energy"": 0.6666666666666667, ""water"": 0.2666666666666667, ""transport"": 0.33333333333333337}","{""energy"": 0.9097852134026514, ""water"": 0.42874569782398986, ""transport"": 1.0}","{""energy"": 0.24311854673598465, ""water"": 0.16207903115732314, ""transport"": 0.6666666666666666}","{""energy"": 0.0, ""water"": 0.0, ""transport"": 0.0}","{""energy"": 1.0, ""water"": 1.0, ""transport"": 1.0}","{""energy"": 1.0, ""water"": 1.0, ""transport"": 1.0}",0.3,0.1,,0.7925377947082575,,,"[""energy"", ""water""]",1,v1.0,0.7,0.3
S3_transport_load,401,401,15699991150629819231,scenario=S3_transport_load|method=both|duration=0|theta=0.300000|delta_threshold=0.100000|A=v1.0|w=na|run_id=401|seed=15699991150629819231,False,"{""step_1_amount"": 0.5062346054111144}",5222c37788a096d3910624247b4a1e76a3afcfe0df2ea7ddd6490cebc16a26a9,0.44666666666666677,0.78724746557627,0.34058079890960324,10,0.0,1.0,0.44666666666666677,0.78724746557627,1,1,0.34058079890960324,"{""energy"": 0.6666666666666667, ""water"": 0.2666666666666667, ""transport"": 0.33333333333333337}","{""energy"": 0.9009679981826723, ""water"": 0.42286755434400375, ""transport"": 1.0}","{""energy"": 0.23430133151600552, ""water"": 0.15620088767733703, ""transport"": 0.6666666666666666}","{""energy"": 0.0, ""water"": 0.0, ""transport"": 0.0}","{""energy"": 1.0, ""water"": 1.0, ""transport"": 1.0}","{""energy"": 1.0, ""water"": 1.0, ""transport"": 1.0}",0.3,0.1,,0.78724746557627,,,"[""energy"", ""water""]",1,v1.0,0.7,0.3
S3_transport_load,402,402,18301906961634231588,scenario=S3_transport_load|method=both|duration=0|theta=0.300000|delta_threshold=0.100000|A=v1.0|w=na|run_id=402|seed=18301906961634231588,False,"{""step_1_amount"": 0.4022576822211927}",5222c37788a096d3910624247b4a1e76a3afcfe0df2ea7ddd6490cebc16a26a9,0.44666666666666677,0.7728176682227634,0.32615100155609666,29,0.0,1.0,0.44666666666666677,0.7728176682227634,1,1,0.32615100155609666,"{""energy"": 0.6666666666666667, ""water"": 0.2666666666666667, ""transport"": 0.33333333333333337}","{""energy"": 0.8769183359268279, ""water"": 0.4068344461734408, ""transport"": 1.0}","{""energy"": 0.21025166926016114, ""water"": 0.14016777950677406, ""transport"": 0.6666666666666666}","{""energy"": 0.0, ""water"": 0.0, ""transport"": 0.0}","{""energy"": 1.0, ""water"": 1.0, ""transport"": 1.0}","{""energy"": 1.0, ""water"": 1.0, ""transport"": 1.0}",0.3,0.1,,0.7728176682227634,,,"[""energy"", ""water""]",1,v1.0,0.7,0.3
S3_transport_load,403,403,14620555233607474145,scenario=S3_transport_load|method=both|duration=0|theta=0.300000|delta_threshold=0.100000|A=v1.0|w=na|run_id=403|seed=14620555233607474145,False,"{""step_1_amount"": 0.6713058024199383}",5222c37788a096d3910624247b4a1e76a3afcfe0df2ea7ddd6490cebc16a26a9,0.44666666666666677,0.8026430002786842,0.3559763336120174,8,0.0,1.0,0.44666666666666677,0.8026430002786842,1,1,0.3559763336120174,"{""energy"": 0.6666666666666667, ""water"": 0.2666666666666667, ""transport"": 0.33333333333333337}","{""energy"": 0.926627222686696, ""water"": 0.4399737040133529, ""transport"": 1.0}","{""energy"": 0.2599605560200292, ""water"": 0.17330703734668618, ""transport"": 0.6666666666666666}","{""energy"": 0.0, ""water"": 0.0, ""transport"": 0.0}","{""energy"": 1.0, ""water"": 1.0, ""transport"": 1.0}","{""energy"": 1.0, ""water"": 1.0, ""transport"": 1.0}",0.3,0.1,,0.8026430002786842,,,"[""energy"", ""water""]",1,v1.0,0.7,0.3
S3_transport_load,404,404,15508550474299187037,scenario=S3_transport_load|method=both|duration=0|theta=0.300000|delta_threshold=0.100000|A=v1.0|w=na|run_id=404|seed=15508550474299187037,False,"{""step_1_amount"": 0.5115308824404842}",5222c37788a096d3910624247b4a1e76a3afcfe0df2ea7ddd6490cebc16a26a9,0.44666666666666677,0.7878688410664276,0.34120217439976086,5,0.0,1.0,0.44666666666666677,0.7878688410664276,1,1,0.34120217439976086,"{""energy"": 0.6666666666666667, ""water"": 0.2666666666666667, ""transport"": 0.33333333333333337}","{""energy"": 0.9020036239996014, ""water"": 0.42355797155528985, ""transport"": 1.0}","{""energy"": 0.2353369573329347, ""water"": 0.15689130488862313, ""transport"": 0.6666666666666666}","{""energy"": 0.0, ""water"": 0.0, ""transport"": 0.0}","{""energy"": 1.0, ""water"": 1.0, ""transport"": 1.0}","{""energy"": 1.0, ""water"": 1.0, ""transport"": 1.0}",0.3,0.1,,0.7878688410664276,,,"[""energy"", ""water""]",1,v1.0,0.7,0.3
S3_transport_load,405,405,13324627194779969768,scenario=S3_transport_load|method=both|duration=0|theta=0.300000|delta_threshold=0.100000|A=v1.0|w=na|run_id=405|seed=13324627194779969768,False,"{""step_1_amount"": 0.20361091739335516}",5222c37788a096d3910624247b4a1e76a3afcfe0df2ea7ddd6490cebc16a26a9,0.44666666666666677,0.6660753478548749,0.2194086811882081,23,0.0,0.0,0.44666666666666677,0.6660753478548749,0,1,0.2194086811882081,"{""energy"": 0.6666666666666667, ""water"": 0.2666666666666667, ""transport"": 0.33333333333333337}","{""energy"": 0.8037970924092969, ""water"": 0.3580869504950868, ""transport"": 0.7904347524754339}","{""energy"": 0.13713042574263012, ""water"": 0.0914202838284201, ""transport"": 0.45710141914210056}","{""energy"": 0.0, ""water"": 0.0, ""transport"": 0.0}","{""energy"": 0.0, ""water"": 0.0, ""transport"": 0.0}","{""energy"": 0.0, ""water"": 0.0, ""transport"": 0.0}",0.3,0.1,,0.6660753478548749,,,[],,v1.0,0.7,0.3
S3_transport_load,406,406,16465021756601202,scenario=S3_transport_load|method=both|duration=0|theta=0.300000|delta_threshold=0.100000|A=v1.0|w=na|run_id=406|seed=16465021756601202,False,"{""step_1_amount"": 0.19700751883098983}",5222c37788a096d3910624247b4a1e76a3afcfe0df2ea7ddd6490cebc16a26a9,0.44666666666666677,0.6608615097698062,0.2141948431031394,25,0.0,0.0,0.44666666666666677,0.6608615097698062,0,1,0.2141948431031394,"{""energy"": 0.6666666666666667, ""water"": 0.2666666666666667, ""transport"": 0.33333333333333337}","{""energy"": 0.8005384436061289, ""water"": 0.35591451795964146, ""transport"": 0.7795725897982071}","{""energy"": 0.13387177693946217, ""water"": 0.08924785129297474, ""transport"": 0.4462392564648737}","{""energy"": 0.0, ""water"": 0.0, ""transport"": 0.0}","{""energy"": 0.0, ""water"": 0.0, ""transport"": 0.0}","{""energy"": 0.0, ""water"": 0.0, ""transport"": 0.0}",0.3,0.1,,0.6608615097698062,,,[],,v1.0,0.7,0.3
S3_transport_load,407,407,10195094404045412384,scenario=S3_transport_load|method=both|duration=0|theta=0.300000|delta_threshold=0.100000|A=v1.0|w=na|run_id=407|seed=10195094404045412384,False,"{""step_1_amount"": 0.5047506360140891}",5222c37788a096d3910624247b4a1e76a3afcfe0df2ea7ddd6490cebc16a26a9,0.44666666666666677,0.7870715836975821,0.34040491703091535,27,0.0,1.0,0.44666666666666677,0.7870715836975821,1,1,0.34040491703091535,"{""energy"": 0.6666666666666667, ""water"": 0.2666666666666667, ""transport"": 0.33333333333333337}","{""energy"": 0.9006748617181924, ""water"": 0.42267213003435056, ""transport"": 1.0}","{""energy"": 0.2340081950515257, ""water"": 0.15600546336768384, ""transport"": 0.6666666666666666}","{""energy"": 0.0, ""water"": 0.0, ""transport"": 0.0}","{""energy"": 1.0, ""water"": 1.0, ""transport"": 1.0}","{""energy"": 1.0, ""water"": 1.0, ""transport"": 1.0}",0.3,0.1,,0.7870715836975821,,,"[""energy"", ""water""]",1,v1.0,0.7,0.3
S3_transport_load,408,408,874472389308219358,scenario=S3_transport_load|method=both|duration=0|theta=0.300000|delta_threshold=0.100000|A=v1.0|w=na|run_id=408|seed=874472389308219358,False,"{""step_1_amount"": 0.40291135501298936}",5222c37788a096d3910624247b4a1e76a3afcfe0df2ea7ddd6490cebc16a26a9,0.44666666666666677,0.7729231636251714,0.32625649695850467,9,0.0,1.0,0.44666666666666677,0.7729231636251714,1,1,0.32625649695850467,"{""energy"": 0.6666666666666667, ""water"": 0.2666666666666667, ""transport"": 0.33333333333333337}","{""energy"": 0.8770941615975079, ""water"": 0.40695166328722754, ""transport"": 1.0}","{""energy"": 0.21042749493084112, ""water"": 0.14028499662056082, ""transport"": 0.6666666666666666}","{""energy"": 0.0, ""water"": 0.0, ""transport"": 0.0}","{""energy"": 1.0, ""water"": 1.0, ""transport"": 1.0}","{""energy"": 1.0, ""water"": 1.0, ""transport"": 1.0}",0.3,0.1,,0.7729231636251714,,,"[""energy"", ""water""]",1,v1.0,0.7,0.3
S3_transport_load,409,409,16138194295227104115,scenario=S3_transport_load|method=both|duration=0|theta=0.300000|delta_threshold=0.100000|A=v1.0|w=na|run_id=409|seed=16138194295227104115,False,"{""step_1_amount"": 0.19359497185261632}",5222c37788a096d3910624247b4a1e76a3afcfe0df2ea7ddd6490cebc16a26a9,0.44666666666666677,0.6581263149333876,0.2114596482667208,24,0.0,0.0,0.44666666666666677,0.6581263149333876,0,1,0.2114596482667208,"{""energy"": 0.6666666666666667, ""water"": 0.2666666666666667, ""transport"": 0.33333333333333337}","{""energy"": 0.7988289468333672, ""water"": 0.3547748534444671, ""transport"": 0.7738742672223352}","{""energy"": 0.1321622801667005, ""water"": 0.08810818677780036, ""transport"": 0.44054093388900184}","{""energy"": 0.0, ""water"": 0.0, ""transport"": 0.0}","{""energy"": 0.0, ""water"": 0.0, ""transport"": 0.0}","{""energy"": 0.0, ""water"": 0.0, ""transport"": 0.0}",0.3,0.1,,0.6581263149333876,,,[],,v1.0,0.7,0.3
S3_transport_load,410,410,17536828464267129937,scenario=S3_transport_load|method=both|duration=0|theta=0.300000|delta_threshold=0.100000|A=v1.0|w=na|run_id=410|seed=17536828464267129937,False,"{""step_1_amount"": 0.7193111565440528}",5222c37788a096d3910624247b4a1e76a3afcfe0df2ea7ddd6490cebc16a26a9,0.44666666666666677,0.8058652024008928,0.359198535734226,5,0.0,1.0,0.44666666666666677,0.8058652024008928,1,1,0.359198535734226,"{""energy"": 0.6666666666666667, ""water"": 0.2666666666666667, ""transport"": 0.33333333333333337}","{""energy"": 0.9319975595570436, ""water"": 0.44355392859358456, ""transport"": 1.0}","{""energy"": 0.2653308928903768, ""water"": 0.17688726192691784, ""transport"": 0.6666666666666666}","{""energy"": 0.0, ""water"": 0.0, ""transport"": 0.0}","{""energy"": 1.0, ""water"": 1.0, ""transport"": 1.0}","{""energy"": 1.0, ""water"": 1.0, ""transport"": 1.0}",0.3,0.1,,0.8058652024008928,,,"[""energy"", ""water""]",1,v1.0,0.7,0.3
S3_transport_load,411,411,11196503784989727261,scenario=S3_transport_load|method=both|duration=0|theta=0.300000|delta_threshold=0.100000|A=v1.0|w=na|run_id=411|seed=11196503784989727261,False,"{""step_1_amount"": 0.4151274386315316}",5222c37788a096d3910624247b4a1e76a3afcfe0df2ea7ddd6490cebc16a26a9,0.44666666666666677,0.7748571145943425,0.3281904479276757,28,0.0,1.0,0.44666666666666677,0.7748571145943425,1,1,0.3281904479276757,"{""energy"": 0.6666666666666667, ""water"": 0.2666666666666667, ""transport"": 0.33333333333333337}","{""energy"": 0.880317413212793, ""water"": 0.4091004976974176, ""transport"": 1.0}","{""energy"": 0.21365074654612626, ""water"": 0.14243383103075086, ""transport"": 0.6666666666666666}","{""energy"": 0.0, ""water"": 0.0, ""transport"": 0.0}","{""energy"": 1.0, ""water"": 1.0, ""transport"": 1.0}","{""energy"": 1.0, ""water"": 1.0, ""transport"": 1.0}",0.3,0.1,,0.7748571145943425,,,"[""energy"", ""water""]",1,v1.0,0.7,0.3
S3_transport_load,412,412,15068092103227633136,scenario=S3_transport_load|method=both|duration=0|theta=0.300000|delta_threshold=0.100000|A=v1.0|w=na|run_id=412|seed=15068092103227633136,False,"{""step_1_amount"": 0.36118176714018974}",5222c37788a096d3910624247b4a1e76a3afcfe0df2ea7ddd6490cebc16a26a9,0.44666666666666677,0.7642376959931907,0.3175710293265239,17,0.0,0.0,0.44666666666666677,0.7642376959931907,0,1,0.3175710293265239,"{""energy"": 0.6666666666666667, ""water"": 0.2666666666666667, ""transport"": 0.33333333333333337}","{""energy"": 0.8651485599957442, ""water"": 0.3989879288860517, ""transport"": 0.9949396444302584}","{""energy"": 0.1984818933290775, ""water"": 0.132321262219385, ""transport"": 0.661606311096925}","{""energy"": 0.0, ""water"": 0.0, ""transport"": 0.0}","{""energy"": 0.0, ""water"": 0.0, ""transport"": 0.0}","{""energy"": 0.0, ""water"": 0.0, ""transport"": 0.0}",0.3,0.1,,0.7642376959931907,,,[],,v1.0,0.7,0.3
S3_transport_load,413,413,13348304902995781402,scenario=S3_transport_load|method=both|duration=0|theta=0.300000|delta_threshold=0.100000|A=v1.0|w=na|run_id=413|seed=13348304902995781402,False,"{""step_1_amount"": 0.46566602232208304}",5222c37788a096d3910624247b4a1e76a3afcfe0df2ea7ddd6490cebc16a26a9,0.44666666666666677,0.7821457647823888,0.3354790981157221,30,0.0,1.0,0.44666666666666677,0.7821457647823888,1,1,0.3354790981157221,"{""energy"": 0.6666666666666667, ""water"": 0.2666666666666667, ""transport"": 0.33333333333333337}","{""energy"": 0.8924651635262038, ""water"": 0.41719899790635806, ""transport"": 1.0}","{""energy"": 0.225798496859537, ""water"": 0.15053233123969134, ""transport"": 0.6666666666666666}","{""energy"": 0.0, ""water"": 0.0, ""transport"": 0.0}","{""energy"": 1.0, ""water"": 1.0, ""transport"": 1.0}","{""energy"": 1.0, ""water"": 1.0, ""transport"": 1.0}",0.3,0.1,,0.7821457647823888,,,"[""energy"", ""water""]",1,v1.0,0.7,0.3
S3_transport_load,414,414,17760440728717156819,scenario=S3_transport_load|method=both|duration=0|theta=0.300000|delta_threshold=0.100000|A=v1.0|w=na|run_id=414|seed=17760440728717156819,False,"{""step_1_amount"": 0.7718018522143658}",5222c37788a096d3910624247b4a1e76a3afcfe0df2ea7ddd6490cebc16a26a9,0.44666666666666677,0.8177049943559112,0.3710383276892444,12,0.0,1.0,0.44666666666666677,0.8177049943559112,1,1,0.3710383276892444,"{""energy"": 0.6666666666666667, ""water"": 0.2666666666666667, ""transport"": 0.33333333333333337}","{""energy"": 0.9517305461487406, ""water"": 0.4567092529880493, ""transport"": 1.0}","{""energy"": 0.2850638794820739, ""water"": 0.1900425863213826, ""transport"": 0.6666666666666666}","{""energy"": 0.0, ""water"": 0.0, ""transport"": 0.0}","{""energy"": 1.0, ""water"": 1.0, ""transport"": 1.0}","{""energy"": 1.0, ""water"": 1.0, ""transport"": 1.0}",0.3,0.1,,0.8177049943559112,,,"[""energy"", ""water""]",1,v1.0,0.7,0.3
S3_transport_load,415,415,1403816145466676177,scenario=S3_transport_load|method=both|duration=0|theta=0.300000|delta_threshold=0.100000|A=v1.0|w=na|run_id=415|seed=1403816145466676177,False,"{""step_1_amount"": 0.05214498291682857}",5222c37788a096d3910624247b4a1e76a3afcfe0df2ea7ddd6490cebc16a26a9,0.44666666666666677,0.7410279019646113,0.29436123529794456,17,0.0,0.0,0.44666666666666677,0.7410279019646113,0,1,0.29436123529794456,"{""energy"": 0.6666666666666667, ""water"": 0.2666666666666667, ""transport"": 0.33333333333333337}","{""energy"": 0.8506424387278821, ""water"": 0.3893171813741437, ""transport"": 0.9465859068707182}","{""energy"": 0.1839757720612154, ""water"": 0.12265051470747695, ""transport"": 0.6132525735373848}","{""energy"": 0.0, ""water"": 0.0, ""transport"": 0.0}","{""energy"": 0.0, ""water"": 0.0, ""transport"": 0.0}","{""energy"": 0.0, ""water"": 0.0, ""transport"": 0.0}",0.3,0.1,,0.7410279019646113,,,[],,v1.0,0.7,0.3
S3_transport_load,416,416,9834398096686596010,scenario=S3_transport_load|method=both|duration=0|theta=0.300000|delta_threshold=0.100000|A=v1.0|w=na|run_id=416|seed=9834398096686596010,False,"{""step_1_amount"": 0.9552868334223473}",5222c37788a096d3910624247b4a1e76a3afcfe0df2ea7ddd6490cebc16a26a9,0.44666666666666677,0.8164185253815106,0.36975185871484384,18,0.0,1.0,0.44666666666666677,0.8164185253815106,1,1,0.36975185871484384,"{""energy"": 0.6666666666666667, ""water"": 0.2666666666666667, ""transport"": 0.33333333333333337}","{""energy"": 0.9495864311914066, ""water"": 0.45527984301649327, ""transport"": 1.0}","{""energy"": 0.2829197645247399, ""water"": 0.18861317634982655, ""transport"": 0.6666666666666666}","{""energy"": 0.0, ""water"": 0.0, ""transport"": 0.0}","{""energy"": 1.0, ""water"": 1.0, ""transport"": 1.0}","{""energy"": 1.0, ""water"": 1.0, ""transport"": 1.0}",0.3,0.1,,0.8164185253815106,,,"[""energy"", ""water""]",1,v1.0,0.7,0.3
S3_transport_load,417,417,10237901586882919526,scenario=S3_transport_load|method=both|duration=0|theta=0.300000|delta_threshold=0.100000|A=v1.0|w=na|run_id=417|seed=10237901586882919526,False,"{""step_1_amount"": 0.5085743917646476}",5222c37788a096d3910624247b4a1e76a3afcfe0df2ea7ddd6490cebc16a26a9,0.44666666666666677,0.8341394475456407,0.38747278087897397,12,0.0,1.0,0.44666666666666677,0.8341394475456407,1,1,0.38747278087897397,"{""energy"": 0.6666666666666667, ""water"": 0.2666666666666667, ""transport"": 0.33333333333333337}","{""energy"": 0.9259624161291289, ""water"": 0.5458482703132973, ""transport"": 1.0}","{""energy"": 0.25929574946246214, ""water"": 0.2791816036466306, ""transport"": 0.6666666666666666}","{""energy"": 0.0, ""water"": 0.0, ""transport"": 0.0}","{""energy"": 1.0, ""water"": 1.0, ""transport"": 1.0}","{""energy"": 1.0, ""water"": 1.0, ""transport"": 1.0}",0.3,0.1,,0.8341394475456407,,,"[""energy"", ""water""]",1,v1.0,0.7,0.3
S3_transport_load,418,418,14818363380136664962,scenario=S3_transport_load|method=both|duration=0|theta=0.300000|delta_threshold=0.100000|A=v1.0|w=na|run_id=418|seed=14818363380136664962,False,"{""step_1_amount"": 0.29188778717580943}",5222c37788a096d3910624247b4a1e76a3afcfe0df2ea7ddd6490cebc16a26a9,0.44666666666666677,0.7711484042308944,0.3244817375642276,26,0.0,0.0,0.44666666666666677,0.7711484042308944,0,1,0.3244817375642276,"{""energy"": 0.6666666666666667, ""water"": 0.2666666666666667, ""transport"": 0.33333333333333337}","{""energy"": 0.8606028291310039, ""water"": 0.4779087345658892, ""transport"": 0.94511550736242}","{""energy"": 0.1939361624643372, ""water"": 0.2112420678992225, ""transport"": 0.6117821740290866}","{""energy"": 0.0, ""water"": 0.0, ""transport"": 0.0}","{""energy"": 0.0, ""water"": 0.0, ""transport"": 0.0}","{""energy"": 0.0, ""water"": 0.0, ""transport"": 0.0}",0.3,0.1,,0.7711484042308944,,,[],,v1.0,0.7,0.3
S3_transport_load,419,419,9721153837945618265,scenario=S3_transport_load|method=both|duration=0|theta=0.300000|delta_threshold=0.100000|A=v1.0|w=na|run_id=419|seed=9721153837945618265,False,"{""step_1_amount"": 0.5551083106006297}",5222c37788a096d3910624247b4a1e76a3afcfe0df2ea7ddd6490cebc16a26a9,0.44666666666666677,0.7926234117538435,0.3459567450871768,5,0.0,1.0,0.44666666666666677,0.7926234117538435,1,1,0.3459567450871768,"{""energy"": 0.6666666666666667, ""water"": 0.2666666666666667, ""transport"": 0.33333333333333337}","{""energy"": 0.909927908478628, ""water"": 0.4288408278746409, ""transport"": 1.0}","{""energy"": 0.2432612418119613, ""water"": 0.16217416120797418, ""transport"": 0.6666666666666666}","{""energy"": 0.0, ""water"": 0.0, ""transport"": 0.0}","{""energy"": 1.0, ""water"": 1.0, ""transport"": 1.0}","{""energy"": 1.0, ""water"": 1.0, ""transport"": 1.0}",0.3,0.1,,0.7926234117538435,,,"[""energy"", ""water""]",1,v1.0,0.7,0.3
S3_transport_load,420,420,18010193184190317232,scenario=S3_transport_load|method=both|duration=0|theta=0.300000|delta_threshold=0.100000|A=v1.0|w=na|run_id=420|seed=18010193184190317232,False,"{""step_1_amount"": 0.3496812818424255}",5222c37788a096d3910624247b4a1e76a3afcfe0df2ea7ddd6490cebc16a26a9,0.44666666666666677,0.7585358648761584,0.31186919820949166,18,0.0,0.0,0.44666666666666677,0.7585358648761584,0,1,0.31186919820949166,"{""energy"": 0.6666666666666667, ""water"": 0.2666666666666667, ""transport"": 0.33333333333333337}","{""energy"": 0.8615849155475991, ""water"": 0.39661216592062165, ""transport"": 0.9830608296031079}","{""energy"": 0.19491824888093234, ""water"": 0.12994549925395493, ""transport"": 0.6497274962697746}","{""energy"": 0.0, ""water"": 0.0, ""transport"": 0.0}","{""energy"": 0.0, ""water"": 0.0, ""transport"": 0.0}","{""energy"": 0.0, ""water"": 0.0, ""transport"": 0.0}",0.3,0.1,,0.7585358648761584,,,[],,v1.0,0.7,0.3
S3_transport_load,421,421,12051912456317833479,scenario=S3_transport_load|method=both|duration=0|theta=0.300000|delta_threshold=0.100000|A=v1.0|w=na|run_id=421|seed=12051912456317833479,False,"{""step_1_amount"": 0.5258404657782886}",5222c37788a096d3910624247b4a1e76a3afcfe0df2ea7ddd6490cebc16a26a9,0.44666666666666677,0.7894991395226229,0.3428324728559561,7,0.0,1.0,0.44666666666666677,0.7894991395226229,1,1,0.3428324728559561,"{""energy"": 0.6666666666666667, ""water"": 0.2666666666666667, ""transport"": 0.33333333333333337}","{""energy"": 0.9047207880932603, ""water"": 0.4253694142843958, ""transport"": 1.0}","{""energy"": 0.23805412142659355, ""water"": 0.15870274761772907, ""transport"": 0.6666666666666666}","{""energy"": 0.0, ""water"": 0.0, ""transport"": 0.0}","{""energy"": 1.0, ""water"": 1.0, ""transport"": 1.0}","{""energy"": 1.0, ""water"": 1.0, ""transport"": 1.0}",0.3,0.1,,0.7894991395226229,,,"[""energy"", ""water""]",1,v1.0,0.7,0.3
S3_transport_load,422,422,867919487229800251,scenario=S3_transport_load|method=both|duration=0|theta=0.300000|delta_threshold=0.100000|A=v1.0|w=na|run_id=422|seed=867919487229800251,False,"{""step_1_amount"": 0.520049797422489}",5222c37788a096d3910624247b4a1e76a3afcfe0df2ea7ddd6490cebc16a26a9,0.44666666666666677,0.7888478241052492,0.34218115743858246,12,0.0,1.0,0.44666666666666677,0.7888478241052492,1,1,0.34218115743858246,"{""energy"": 0.6666666666666667, ""water"": 0.2666666666666667, ""transport"": 0.33333333333333337}","{""energy"": 0.9036352623976375, ""water"": 0.4246457304873139, ""transport"": 1.0}","{""energy"": 0.23696859573097073, ""water"": 0.1579790638206472, ""transport"": 0.6666666666666666}","{""energy"": 0.0, ""water"": 0.0, ""transport"": 0.0}","{""energy"": 1.0, ""water"": 1.0, ""transport"": 1.0}","{""energy"": 1.0, ""water"": 1.0, ""transport"": 1.0}",0.3,0.1,,0.7888478241052492,,,"[""energy"", ""water""]",1,v1.0,0.7,0.3
S3_transport_load,423,423,4123923826528467571,scenario=S3_transport_load|method=both|duration=0|theta=0.300000|delta_threshold=0.100000|A=v1.0|w=na|run_id=423|seed=4123923826528467571,False,"{""step_1_amount"": 0.17684671999467041}",5222c37788a096d3910624247b4a1e76a3afcfe0df2ea7ddd6490cebc16a26a9,0.44666666666666677,0.6442888515943201,0.19762218492765338,22,0.0,0.0,0.44666666666666677,0.6442888515943201,0,1,0.19762218492765338,"{""energy"": 0.6666666666666667, ""water"": 0.2666666666666667, ""transport"": 0.33333333333333337}","{""energy"": 0.7901805322464501, ""water"": 0.34900924371985564, ""transport"": 0.745046218599278}","{""energy"": 0.12351386557978339, ""water"": 0.08234257705318893, ""transport"": 0.41171288526594463}","{""energy"": 0.0, ""water"": 0.0, ""transport"": 0.0}","{""energy"": 0.0, ""water"": 0.0, ""transport"": 0.0}","{""energy"": 0.0, ""water"": 0.0, ""transport"": 0.0}",0.3,0.1,,0.6442888515943201,,,[],,v1.0,0.7,0.3
S3_transport_load,424,424,7610295478854575857,scenario=S3_transport_load|method=both|duration=0|theta=0.300000|delta_threshold=0.100000|A=v1.0|w=na|run_id=424|seed=7610295478854575857,False,"{""step_1_amount"": 0.430981418680131}",5222c37788a096d3910624247b4a1e76a3afcfe0df2ea7ddd6490cebc16a26a9,0.44666666666666677,0.7772635953300042,0.33059692866333745,24,0.0,1.0,0.44666666666666677,0.7772635953300042,1,1,0.33059692866333745,"{""energy"": 0.6666666666666667, ""water"": 0.2666666666666667, ""transport"": 0.33333333333333337}","{""energy"": 0.8843282144388959, ""water"": 0.41177436518148613, ""transport"": 1.0}","{""energy"": 0.21766154777222912, ""water"": 0.14510769851481942, ""transport"": 0.6666666666666666}","{""energy"": 0.0, ""water"": 0.0, ""transport"": 0.0}","{""energy"": 1.0, ""water"": 1.0, ""transport"": 1.0}","{""energy"": 1.0, ""water"": 1.0, ""transport"": 1.0}",0.3,0.1,,0.7772635953300042,,,"[""energy"", ""water""]",1,v1.0,0.7,0.3
S3_transport_load,425,425,11576721719330448156,scenario=S3_transport_load|method=both|duration=0|theta=0.300000|delta_threshold=0.100000|A=v1.0|w=na|run_id=425|seed=11576721719330448156,False,"{""step_1_amount"": 0.42985488851826015}",5222c37788a096d3910624247b4a1e76a3afcfe0df2ea7ddd6490cebc16a26a9,0.44666666666666677,0.7770963507302378,0.330429684063571,26,0.0,1.0,0.44666666666666677,0.7770963507302378,1,1,0.330429684063571,"{""energy"": 0.6666666666666667, ""water"": 0.2666666666666667, ""transport"": 0.33333333333333337}","{""energy"": 0.8840494734392852, ""water"": 0.4115885378484124, ""transport"": 1.0}","{""energy"": 0.21738280677261845, ""water"": 0.14492187118174565, ""transport"": 0.6666666666666666}","{""energy"": 0.0, ""water"": 0.0, ""transport"": 0.0}","{""energy"": 1.0, ""water"": 1.0, ""transport"": 1.0}","{""energy"": 1.0, ""water"": 1.0, ""transport"": 1.0}",0.3,0.1,,0.7770963507302378,,,"[""energy"", ""water""]",1,v1.0,0.7,0.3
S3_transport_load,426,426,9008261874298018344,scenario=S3_transport_load|method=both|duration=0|theta=0.300000|delta_threshold=0.100000|A=v1.0|w=na|run_id=426|seed=9008261874298018344,False,"{""step_1_amount"": 1.0186660532575758}",5222c37788a096d3910624247b4a1e76a3afcfe0df2ea7ddd6490cebc16a26a9,0.44666666666666677,0.8177049943559112,0.3710383276892444,7,0.0,1.0,0.44666666666666677,0.8177049943559112,1,1,0.3710383276892444,"{""energy"": 0.6666666666666667, ""water"": 0.2666666666666667, ""transport"": 0.33333333333333337}","{""energy"": 0.9517305461487406, ""water"": 0.4567092529880493, ""transport"": 1.0}","{""energy"": 0.2850638794820739, ""water"": 0.1900425863213826, ""transport"": 0.6666666666666666}","{""energy"": 0.0, ""water"": 0.0, ""transport"": 0.0}","{""energy"": 1.0, ""water"": 1.0, ""transport"": 1.0}","{""energy"": 1.0, ""water"": 1.0, ""transport"": 1.0}",0.3,0.1,,0.8177049943559112,,,"[""energy"", ""water""]",1,v1.0,0.7,0.3
S3_transport_load,427,427,9562117411458993606,scenario=S3_transport_load|method=both|duration=0|theta=0.300000|delta_threshold=0.100000|A=v1.0|w=na|run_id=427|seed=9562117411458993606,False,"{""step_1_amount"": 0.7661025547923338}",5222c37788a096d3910624247b4a1e76a3afcfe0df2ea7ddd6490cebc16a26a9,0.44666666666666677,0.8085895080419478,0.3619228413752811,9,0.0,1.0,0.44666666666666677,0.8085895080419478,1,1,0.3619228413752811,"{""energy"": 0.6666666666666667, ""water"": 0.2666666666666667, ""transport"": 0.33333333333333337}","{""energy"": 0.9365380689588018, ""water"": 0.4465809348614234, ""transport"": 1.0}","{""energy"": 0.269871402292135, ""water"": 0.1799142681947567, ""transport"": 0.6666666666666666}","{""energy"": 0.0, ""water"": 0.0, ""transport"": 0.0}","{""energy"": 1.0, ""water"": 1.0, ""transport"": 1.0}","{""energy"": 1.0, ""water"": 1.0, ""transport"": 1.0}",0.3,0.1,,0.8085895080419478,,,"[""energy"", ""water""]",1,v1.0,0.7,0.3
S3_transport_load,428,428,5323182157198119499,scenario=S3_transport_load|method=both|duration=0|theta=0.300000|delta_threshold=0.100000|A=v1.0|w=na|run_id=428|seed=5323182157198119499,False,"{""step_1_amount"": 0.28886509923347536}",5222c37788a096d3910624247b4a1e76a3afcfe0df2ea7ddd6490cebc16a26a9,0.44666666666666677,0.7248840815723487,0.27821741490568197,14,0.0,0.0,0.44666666666666677,0.7248840815723487,0,1,0.27821741490568197,"{""energy"": 0.6666666666666667, ""water"": 0.2666666666666667, ""transport"": 0.33333333333333337}","{""energy"": 0.840552550982718, ""water"": 0.3825905895440342, ""transport"": 0.9129529477201708}","{""energy"": 0.17388588431605123, ""water"": 0.11592392287736747, ""transport"": 0.5796196143868374}","{""energy"": 0.0, ""water"": 0.0, ""transport"": 0.0}","{""energy"": 0.0, ""water"": 0.0, ""transport"": 0.0}","{""energy"": 0.0, ""water"": 0.0, ""transport"": 0.0}",0.3,0.1,,0.7248840815723487,,,[],,v1.0,0.7,0.3
S3_transport_load,429,429,16723944131055878861,scenario=S3_transport_load|method=both|duration=0|theta=0.300000|delta_threshold=0.100000|A=v1.0|w=na|run_id=429|seed=16723944131055878861,False,"{""step_1_amount"": 0.4952239762578144}",5222c37788a096d3910624247b4a1e76a3afcfe0df2ea7ddd6490cebc16a26a9,0.44666666666666677,0.8131945151307465,0.3665278484640797,7,0.0,1.0,0.44666666666666677,0.8131945151307465,1,1,0.3665278484640797,"{""energy"": 0.6666666666666667, ""water"": 0.2666666666666667, ""transport"": 0.33333333333333337}","{""energy"": 0.9442130807734664, ""water"": 0.4516976094045332, ""transport"": 1.0}","{""energy"": 0.2775464141067997, ""water"": 0.18503094273786647, ""transport"": 0.6666666666666666}","{""energy"": 0.0, ""water"": 0.0, ""transport"": 0.0}","{""energy"": 1.0, ""water"": 1.0, ""transport"": 1.0}","{""energy"": 1.0, ""water"": 1.0, ""transport"": 1.0}",0.3,0.1,,0.8131945151307465,,,"[""energy"", ""water""]",1,v1.0,0.7,0.3
S3_transport_load,430,430,202068405149350840,scenario=S3_transport_load|method=both|duration=0|theta=0.300000|delta_threshold=0.100000|A=v1.0|w=na|run_id=430|seed=202068405149350840,False,"{""step_1_amount"": 0.44492006880572654}",5222c37788a096d3910624247b4a1e76a3afcfe0df2ea7ddd6490cebc16a26a9,0.44666666666666677,0.7792868350564133,0.3326201683897465,30,0.0,1.0,0.44666666666666677,0.7792868350564133,1,1,0.3326201683897465,"{""energy"": 0.6666666666666667, ""water"": 0.2666666666666667, ""transport"": 0.33333333333333337}","{""energy"": 0.8877002806495776, ""water"": 0.4140224093219407, ""transport"": 1.0}","{""energy"": 0.22103361398291088, ""water"": 0.14735574265527396, ""transport"": 0.6666666666666666}","{""energy"": 0.0, ""water"": 0.0, ""transport"": 0.0}","{""energy"": 1.0, ""water"": 1.0, ""transport"": 1.0}","{""energy"": 1.0, ""water"": 1.0, ""transport"": 1.0}",0.3,0.1,,0.7792868350564133,,,"[""energy"", ""water""]",1,v1.0,0.7,0.3
S3_transport_load,431,431,4706767440704114343,scenario=S3_transport_load|method=both|duration=0|theta=0.300000|delta_threshold=0.100000|A=v1.0|w=na|run_id=431|seed=4706767440704114343,False,"{""step_1_amount"": 0.29375009150217674}",5222c37788a096d3910624247b4a1e76a3afcfe0df2ea7ddd6490cebc16a26a9,0.44666666666666677,0.7278196378829374,0.2811529712162706,20,0.0,0.0,0.44666666666666677,0.7278196378829374,0,1,0.2811529712162706,"{""energy"": 0.6666666666666667, ""water"": 0.2666666666666667, ""transport"": 0.33333333333333337}","{""energy"": 0.8423872736768359, ""water"": 0.3838137380067795, ""transport"": 0.9190686900338972}","{""energy"": 0.17572060701016912, ""water"": 0.11714707134011276, ""transport"": 0.5857353567005639}","{""energy"": 0.0, ""water"": 0.0, ""transport"": 0.0}","{""energy"": 0.0, ""water"": 0.0, ""transport"": 0.0}","{""energy"": 0.0, ""water"": 0.0, ""transport"": 0.0}",0.3,0.1,,0.7278196378829374,,,[],,v1.0,0.7,0.3
S3_transport_load,432,432,16807345177792020979,scenario=S3_transport_load|method=both|duration=0|theta=0.300000|delta_threshold=0.100000|A=v1.0|w=na|run_id=432|seed=16807345177792020979,False,"{""step_1_amount"": 0.6562064631570302}",5222c37788a096d3910624247b4a1e76a3afcfe0df2ea7ddd6490cebc16a26a9,0.44666666666666677,0.8015297521963627,0.3548630855296959,14,0.0,1.0,0.44666666666666677,0.8015297521963627,1,1,0.3548630855296959,"{""energy"": 0.6666666666666667, ""water"": 0.2666666666666667, ""transport"": 0.33333333333333337}","{""energy"": 0.9247718092161599, ""water"": 0.43873676169966214, ""transport"": 1.0}","{""energy"": 0.2581051425494931, ""water"": 0.17207009503299542, ""transport"": 0.6666666666666666}","{""energy"": 0.0, ""water"": 0.0, ""transport"": 0.0}","{""energy"": 1.0, ""water"": 1.0, ""transport"": 1.0}","{""energy"": 1.0, ""water"": 1.0, ""transport"": 1.0}",0.3,0.1,,0.8015297521963627,,,"[""energy"", ""water""]",1,v1.0,0.7,0.3
S3_transport_load,433,433,12702231361237339338,scenario=S3_transport_load|method=both|duration=0|theta=0.300000|delta_threshold=0.100000|A=v1.0|w=na|run_id=433|seed=12702231361237339338,False,"{""step_1_amount"": 0.5916193509772522}",5222c37788a096d3910624247b4a1e76a3afcfe0df2ea7ddd6490cebc16a26a9,0.44666666666666677,0.8151735148326928,0.3685068481660261,7,0.0,1.0,0.44666666666666677,0.8151735148326928,1,1,0.3685068481660261,"{""energy"": 0.6666666666666667, ""water"": 0.2666666666666667, ""transport"": 0.33333333333333337}","{""energy"": 0.9475114136100438, ""water"": 0.4538964979622514, ""transport"": 1.0}","{""energy"": 0.280844746943377, ""water"": 0.18722983129558468, ""transport"": 0.6666666666666666}","{""energy"": 0.0, ""water"": 0.0, ""transport"": 0.0}","{""energy"": 1.0, ""water"": 1.0, ""transport"": 1.0}","{""energy"": 1.0, ""water"": 1.0, ""transport"": 1.0}",0.3,0.1,,0.8151735148326928,,,"[""energy"", ""water""]",1,v1.0,0.7,0.3
S3_transport_load,434,434,13504402898538060874,scenario=S3_transport_load|method=both|duration=0|theta=0.300000|delta_threshold=0.100000|A=v1.0|w=na|run_id=434|seed=13504402898538060874,False,"{""step_1_amount"": 0.3028878822764321}",5222c37788a096d3910624247b4a1e76a3afcfe0df2ea7ddd6490cebc16a26a9,0.44666666666666677,0.7331966675303762,0.2865300008637094,20,0.0,0.0,0.44666666666666677,0.7331966675303762,0,1,0.2865300008637094,"{""energy"": 0.6666666666666667, ""water"": 0.2666666666666667, ""transport"": 0.33333333333333337}","{""energy"": 0.8457479172064851, ""water"": 0.3860541670265456, ""transport"": 0.9302708351327279}","{""energy"": 0.17908125053981838, ""water"": 0.11938750035987888, ""transport"": 0.5969375017993945}","{""energy"": 0.0, ""water"": 0.0, ""transport"": 0.0}","{""energy"": 0.0, ""water"": 0.0, ""transport"": 0.0}","{""energy"": 0.0, ""water"": 0.0, ""transport"": 0.0}",0.3,0.1,,0.7331966675303762,,,[],,v1.0,0.7,0.3
S3_transport_load,435,435,2654163973716844877,scenario=S3_transport_load|method=both|duration=0|theta=0.300000|delta_threshold=0.100000|A=v1.0|w=na|run_id=435|seed=2654163973716844877,False,"{""step_1_amount"": 0.3217926600283234}",5222c37788a096d3910624247b4a1e76a3afcfe0df2ea7ddd6490cebc16a26a9,0.44666666666666677,0.7438638396501291,0.2971971729834624,20,0.0,0.0,0.44666666666666677,0.7438638396501291,0,1,0.2971971729834624,"{""energy"": 0.6666666666666667, ""water"": 0.2666666666666667, ""transport"": 0.33333333333333337}","{""energy"": 0.8524148997813308, ""water"": 0.39049882207644276, ""transport"": 0.9524941103822137}","{""energy"": 0.18574823311466404, ""water"": 0.12383215540977605, ""transport"": 0.6191607770488803}","{""energy"": 0.0, ""water"": 0.0, ""transport"": 0.0}","{""energy"": 0.0, ""water"": 0.0, ""transport"": 0.0}","{""energy"": 0.0, ""water"": 0.0, ""transport"": 0.0}",0.3,0.1,,0.7438638396501291,,,[],,v1.0,0.7,0.3
S3_transport_load,436,436,9635124421258242142,scenario=S3_transport_load|method=both|duration=0|theta=0.300000|delta_threshold=0.100000|A=v1.0|w=na|run_id=436|seed=9635124421258242142,False,"{""step_1_amount"": 0.6280237524064097}",5222c37788a096d3910624247b4a1e76a3afcfe0df2ea7ddd6490cebc16a26a9,0.44666666666666677,0.7993120423447082,0.35264537567804144,6,0.0,1.0,0.44666666666666677,0.7993120423447082,1,1,0.35264537567804144,"{""energy"": 0.6666666666666667, ""water"": 0.2666666666666667, ""transport"": 0.33333333333333337}","{""energy"": 0.9210756261300692, ""water"": 0.43627263964226837, ""transport"": 1.0}","{""energy"": 0.2544089594634025, ""water"": 0.16960597297560165, ""transport"": 0.6666666666666666}","{""energy"": 0.0, ""water"": 0.0, ""transport"": 0.0}","{""energy"": 1.0, ""water"": 1.0, ""transport"": 1.0}","{""energy"": 1.0, ""water"": 1.0, ""transport"": 1.0}",0.3,0.1,,0.7993120423447082,,,"[""energy"", ""water""]",1,v1.0,0.7,0.3
S3_transport_load,437,437,5250188387382157070,scenario=S3_transport_load|method=both|duration=0|theta=0.300000|delta_threshold=0.100000|A=v1.0|w=na|run_id=437|seed=5250188387382157070,False,"{""step_1_amount"": 0.2644689387939851}",5222c37788a096d3910624247b4a1e76a3afcfe0df2ea7ddd6490cebc16a26a9,0.44666666666666677,0.7095620617597238,0.26289539509305704,28,0.0,0.0,0.44666666666666677,0.7095620617597238,0,1,0.26289539509305704,"{""energy"": 0.6666666666666667, ""water"": 0.2666666666666667, ""transport"": 0.33333333333333337}","{""energy"": 0.8309762885998274, ""water"": 0.37620641462210713, ""transport"": 0.8810320731105356}","{""energy"": 0.16430962193316068, ""water"": 0.10953974795544041, ""transport"": 0.5476987397772022}","{""energy"": 0.0, ""water"": 0.0, ""transport"": 0.0}","{""energy"": 0.0, ""water"": 0.0, ""transport"": 0.0}","{""energy"": 0.0, ""water"": 0.0, ""transport"": 0.0}",0.3,0.1,,0.7095620617597238,,,[],,v1.0,0.7,0.3
S3_transport_load,438,438,8754370913798637823,scenario=S3_transport_load|method=both|duration=0|theta=0.300000|delta_threshold=0.100000|A=v1.0|w=na|run_id=438|seed=8754370913798637823,False,"{""step_1_amount"": 0.3475981946054154}",5222c37788a096d3910624247b4a1e76a3afcfe0df2ea7ddd6490cebc16a26a9,0.44666666666666677,0.8012496241883815,0.35458295752171476,18,0.0,1.0,0.44666666666666677,0.8012496241883815,1,1,0.35458295752171476,"{""energy"": 0.6666666666666667, ""water"": 0.2666666666666667, ""transport"": 0.33333333333333337}","{""energy"": 0.924304929202858, ""water"": 0.43842550835746086, ""transport"": 1.0}","{""energy"": 0.25763826253619126, ""water"": 0.17175884169079414, ""transport"": 0.6666666666666666}","{""energy"": 0.0, ""water"": 0.0, ""transport"": 0.0}","{""energy"": 1.0, ""water"": 1.0, ""transport"": 1.0}","{""energy"": 1.0, ""water"": 1.0, ""transport"": 1.0}",0.3,0.1,,0.8012496241883815,,,"[""energy"", ""water""]",2,v1.0,0.7,0.3
S3_transport_load,439,439,10712580563586829167,scenario=S3_transport_load|method=both|duration=0|theta=0.300000|delta_threshold=0.100000|A=v1.0|w=na|run_id=439|seed=10712580563586829167,False,"{""step_1_amount"": 0.2905111100647405}",5222c37788a096d3910624247b4a1e76a3afcfe0df2ea7ddd6490cebc16a26a9,0.44666666666666677,0.7258780344285829,0.27921136776191613,23,0.0,0.0,0.44666666666666677,0.7258780344285829,0,1,0.27921136776191613,"{""energy"": 0.6666666666666667, ""water"": 0.2666666666666667, ""transport"": 0.33333333333333337}","{""energy"": 0.8411737715178643, ""water"": 0.38300473656746514, ""transport"": 0.9150236828373254}","{""energy"": 0.17450710485119758, ""water"": 0.11633806990079842, ""transport"": 0.581690349503992}","{""energy"": 0.0, ""water"": 0.0, ""transport"": 0.0}","{""energy"": 0.0, ""water"": 0.0, ""transport"": 0.0}","{""energy"": 0.0, ""water"": 0.0, ""transport"": 0.0}",0.3,0.1,,0.7258780344285829,,,[],,v1.0,0.7,0.3
S3_transport_load,440,440,640061175207225437,scenario=S3_transport_load|method=both|duration=0|theta=0.300000|delta_threshold=0.100000|A=v1.0|w=na|run_id=440|seed=640061175207225437,False,"{""step_1_amount"": 0.7148386764888994}",5222c37788a096d3910624247b4a1e76a3afcfe0df2ea7ddd6490cebc16a26a9,0.44666666666666677,0.8055842191763833,0.3589175525097166,9,0.0,1.0,0.44666666666666677,0.8055842191763833,1,1,0.3589175525097166,"{""energy"": 0.6666666666666667, ""water"": 0.2666666666666667, ""transport"": 0.33333333333333337}","{""energy"": 0.9315292541828613, ""water"": 0.4432417250107964, ""transport"": 1.0}","{""energy"": 0.2648625875161945, ""water"": 0.17657505834412968, ""transport"": 0.6666666666666666}","{""energy"": 0.0, ""water"": 0.0, ""transport"": 0.0}","{""energy"": 1.0, ""water"": 1.0, ""transport"": 1.0}","{""energy"": 1.0, ""water"": 1.0, ""transport"": 1.0}",0.3,0.1,,0.8055842191763833,,,"[""energy"", ""water""]",1,v1.0,0.7,0.3
S3_transport_load,441,441,15501625581759443583,scenario=S3_transport_load|method=both|duration=0|theta=0.300000|delta_threshold=0.100000|A=v1.0|w=na|run_id=441|seed=15501625581759443583,False,"{""step_1_amount"": 0.31981123876361855}",5222c37788a096d3910624247b4a1e76a3afcfe0df2ea7ddd6490cebc16a26a9,0.44666666666666677,0.8022880543628601,0.35562138769619334,7,0.0,1.0,0.44666666666666677,0.8022880543628601,1,1,0.35562138769619334,"{""energy"": 0.6666666666666667, ""water"": 0.2666666666666667, ""transport"": 0.33333333333333337}","{""energy"": 0.9260356461603223, ""water"": 0.43957931966243713, ""transport"": 1.0}","{""energy"": 0.25936897949365556, ""water"": 0.1729126529957704, ""transport"": 0.6666666666666666}","{""energy"": 0.0, ""water"": 0.0, ""transport"": 0.0}","{""energy"": 1.0, ""water"": 1.0, ""transport"": 1.0}","{""energy"": 1.0, ""water"": 1.0, ""transport"": 1.0}",0.3,0.1,,0.8022880543628601,,,"[""energy"", ""water""]",2,v1.0,0.7,0.3
S3_transport_load,442,442,15937675467932762902,scenario=S3_transport_load|method=both|duration=0|theta=0.300000|delta_threshold=0.100000|A=v1.0|w=na|run_id=442|seed=15937675467932762902,False,"{""step_1_amount"": 0.3719893768814396}",5222c37788a096d3910624247b4a1e76a3afcfe0df2ea7ddd6490cebc16a26a9,0.44666666666666677,0.7676990324707273,0.3210323658040606,24,0.0,0.0,0.44666666666666677,0.7676990324707273,0,1,0.3210323658040606,"{""energy"": 0.6666666666666667, ""water"": 0.2666666666666667, ""transport"": 0.33333333333333337}","{""energy"": 0.868387276340101, ""water"": 0.4011470731156229, ""transport"": 1.0}","{""energy"": 0.2017206096734343, ""water"": 0.1344804064489562, ""transport"": 0.6666666666666666}","{""energy"": 0.0, ""water"": 0.0, ""transport"": 0.0}","{""energy"": 0.0, ""water"": 0.0, ""transport"": 0.0}","{""energy"": 0.0, ""water"": 0.0, ""transport"": 0.0}",0.3,0.1,,0.7676990324707273,,,[],,v1.0,0.7,0.3
S3_transport_load,443,443,15438966739364168080,scenario=S3_transport_load|method=both|duration=0|theta=0.300000|delta_threshold=0.100000|A=v1.0|w=na|run_id=443|seed=15438966739364168080,False,"{""step_1_amount"": 0.4369828932165152}",5222c37788a096d3910624247b4a1e76a3afcfe0df2ea7ddd6490cebc16a26a9,0.44666666666666677,0.77814510976171,0.33147844309504326,12,0.0,1.0,0.44666666666666677,0.77814510976171,1,1,0.33147844309504326,"{""energy"": 0.6666666666666667, ""water"": 0.2666666666666667, ""transport"": 0.33333333333333337}","{""energy"": 0.8857974051584054, ""water"": 0.41275382566115915, ""transport"": 1.0}","{""energy"": 0.2191307384917387, ""water"": 0.14608715899449243, ""transport"": 0.6666666666666666}","{""energy"": 0.0, ""water"": 0.0, ""transport"": 0.0}","{""energy"": 1.0, ""water"": 1.0, ""transport"": 1.0}","{""energy"": 1.0, ""water"": 1.0, ""transport"": 1.0}",0.3,0.1,,0.77814510976171,,,"[""energy"", ""water""]",1,v1.0,0.7,0.3
S3_transport_load,444,444,5114865815607218838,scenario=S3_transport_load|method=both|duration=0|theta=0.300000|delta_threshold=0.100000|A=v1.0|w=na|run_id=444|seed=5114865815607218838,False,"{""step_1_amount"": 0.22466822533722283}",5222c37788a096d3910624247b4a1e76a3afcfe0df2ea7ddd6490cebc16a26a9,0.44666666666666677,0.7930284129620584,0.3463617462953916,23,0.0,1.0,0.44666666666666677,0.7930284129620584,1,1,0.3463617462953916,"{""energy"": 0.6666666666666667, ""water"": 0.2666666666666667, ""transport"": 0.33333333333333337}","{""energy"": 0.9106029104923195, ""water"": 0.42929082921710193, ""transport"": 1.0}","{""energy"": 0.2439362438256527, ""water"": 0.16262416255043521, ""transport"": 0.6666666666666666}","{""energy"": 0.0, ""water"": 0.0, ""transport"": 0.0}","{""energy"": 1.0, ""water"": 1.0, ""transport"": 1.0}","{""energy"": 1.0, ""water"": 1.0, ""transport"": 1.0}",0.3,0.1,,0.7930284129620584,,,"[""energy"", ""water""]",2,v1.0,0.7,0.3
S3_transport_load,445,445,4119512371032669241,scenario=S3_transport_load|method=both|duration=0|theta=0.300000|delta_threshold=0.100000|A=v1.0|w=na|run_id=445|seed=4119512371032669241,False,"{""step_1_amount"": 0.8950784131986319}",5222c37788a096d3910624247b4a1e76a3afcfe0df2ea7ddd6490cebc16a26a9,0.44666666666666677,0.8177049943559112,0.3710383276892444,26,0.0,1.0,0.44666666666666677,0.8177049943559112,1,1,0.3710383276892444,"{""energy"": 0.6666666666666667, ""water"": 0.2666666666666667, ""transport"": 0.33333333333333337}","{""energy"": 0.9517305461487406, ""water"": 0.4567092529880493, ""transport"": 1.0}","{""energy"": 0.2850638794820739, ""water"": 0.1900425863213826, ""transport"": 0.6666666666666666}","{""energy"": 0.0, ""water"": 0.0, ""transport"": 0.0}","{""energy"": 1.0, ""water"": 1.0, ""transport"": 1.0}","{""energy"": 1.0, ""water"": 1.0, ""transport"": 1.0}",0.3,0.1,,0.8177049943559112,,,"[""energy"", ""water""]",1,v1.0,0.7,0.3
S3_transport_load,446,446,16302325195601911879,scenario=S3_transport_load|method=both|duration=0|theta=0.300000|delta_threshold=0.100000|A=v1.0|w=na|run_id=446|seed=16302325195601911879,False,"{""step_1_amount"": 0.7056410222712928}",5222c37788a096d3910624247b4a1e76a3afcfe0df2ea7ddd6490cebc16a26a9,0.44666666666666677,0.8049943918715274,0.35832772520486067,7,0.0,1.0,0.44666666666666677,0.8049943918715274,1,1,0.35832772520486067,"{""energy"": 0.6666666666666667, ""water"": 0.2666666666666667, ""transport"": 0.33333333333333337}","{""energy"": 0.930546208674768, ""water"": 0.4425863613387342, ""transport"": 1.0}","{""energy"": 0.26387954200810126, ""water"": 0.17591969467206747, ""transport"": 0.6666666666666666}","{""energy"": 0.0, ""water"": 0.0, ""transport"": 0.0}","{""energy"": 1.0, ""water"": 1.0, ""transport"": 1.0}","{""energy"": 1.0, ""water"": 1.0, ""transport"": 1.0}",0.3,0.1,,0.8049943918715274,,,"[""energy"", ""water""]",1,v1.0,0.7,0.3
S3_transport_load,447,447,4589624388437535960,scenario=S3_transport_load|method=both|duration=0|theta=0.300000|delta_threshold=0.100000|A=v1.0|w=na|run_id=447|seed=4589624388437535960,False,"{""step_1_amount"": 0.18817628883768084}",5222c37788a096d3910624247b4a1e76a3afcfe0df2ea7ddd6490cebc16a26a9,0.44666666666666677,0.788967310669964,0.3423006440032972,21,0.0,1.0,0.44666666666666677,0.788967310669964,1,1,0.3423006440032972,"{""energy"": 0.6666666666666667, ""water"": 0.2666666666666667, ""transport"": 0.33333333333333337}","{""energy"": 0.903834406672162, ""water"": 0.4247784933369969, ""transport"": 1.0}","{""energy"": 0.23716774000549523, ""water"": 0.1581118266703302, ""transport"": 0.6666666666666666}","{""energy"": 0.0, ""water"": 0.0, ""transport"": 0.0}","{""energy"": 1.0, ""water"": 1.0, ""transport"": 1.0}","{""energy"": 1.0, ""water"": 1.0, ""transport"": 1.0}",0.3,0.1,,0.788967310669964,,,"[""energy"", ""water""]",2,v1.0,0.7,0.3
S3_transport_load,448,448,8121653938431022065,scenario=S3_transport_load|method=both|duration=0|theta=0.300000|delta_threshold=0.100000|A=v1.0|w=na|run_id=448|seed=8121653938431022065,False,"{""step_1_amount"": 0.25960520252259917}",5222c37788a096d3910624247b4a1e76a3afcfe0df2ea7ddd6490cebc16a26a9,0.44666666666666677,0.7063710191662527,0.2597043524995859,25,0.0,0.0,0.44666666666666677,0.7063710191662527,0,1,0.2597043524995859,"{""energy"": 0.6666666666666667, ""water"": 0.2666666666666667, ""transport"": 0.33333333333333337}","{""energy"": 0.828981886978908, ""water"": 0.37487681354149416, ""transport"": 0.8743840677074707}","{""energy"": 0.16231522031224122, ""water"": 0.10821014687482744, ""transport"": 0.5410507343741373}","{""energy"": 0.0, ""water"": 0.0, ""transport"": 0.0}","{""energy"": 0.0, ""water"": 0.0, ""transport"": 0.0}","{""energy"": 0.0, ""water"": 0.0, ""transport"": 0.0}",0.3,0.1,,0.7063710191662527,,,[],,v1.0,0.7,0.3
S3_transport_load,449,449,3592096175877013679,scenario=S3_transport_load|method=both|duration=0|theta=0.300000|delta_threshold=0.100000|A=v1.0|w=na|run_id=449|seed=3592096175877013679,False,"{""step_1_amount"": 0.2809251831046603}",5222c37788a096d3910624247b4a1e76a3afcfe0df2ea7ddd6490cebc16a26a9,0.44666666666666677,0.8144883888976746,0.36782172223100784,11,0.0,1.0,0.44666666666666677,0.8144883888976746,1,1,0.36782172223100784,"{""energy"": 0.6666666666666667, ""water"": 0.2666666666666667, ""transport"": 0.33333333333333337}","{""energy"": 0.934872649271353, ""water"": 0.46846443063044474, ""transport"": 1.0}","{""energy"": 0.2682059826046863, ""water"": 0.20179776396377802, ""transport"": 0.6666666666666666}","{""energy"": 0.0, ""water"": 0.0, ""transport"": 0.0}","{""energy"": 1.0, ""water"": 1.0, ""transport"": 1.0}","{""energy"": 1.0, ""water"": 1.0, ""transport"": 1.0}",0.3,0.1,,0.8144883888976746,,,"[""energy"", ""water""]",2,v1.0,0.7,0.3
S3_transport_load,450,450,8685063846083543193,scenario=S3_transport_load|method=both|duration=0|theta=0.300000|delta_threshold=0.100000|A=v1.0|w=na|run_id=450|seed=8685063846083543193,False,"{""step_1_amount"": 0.9334005179711836}",5222c37788a096d3910624247b4a1e76a3afcfe0df2ea7ddd6490cebc16a26a9,0.44666666666666677,0.8157230613377351,0.3690563946710683,10,0.0,1.0,0.44666666666666677,0.8157230613377351,1,1,0.3690563946710683,"{""energy"": 0.6666666666666667, ""water"": 0.2666666666666667, ""transport"": 0.33333333333333337}","{""energy"": 0.9484273244517808, ""water"": 0.4545071051900761, ""transport"": 1.0}","{""energy"": 0.28176065778511405, ""water"": 0.18784043852340937, ""transport"": 0.6666666666666666}","{""energy"": 0.0, ""water"": 0.0, ""transport"": 0.0}","{""energy"": 1.0, ""water"": 1.0, ""transport"": 1.0}","{""energy"": 1.0, ""water"": 1.0, ""transport"": 1.0}",0.3,0.1,,0.8157230613377351,,,"[""energy"", ""water""]",1,v1.0,0.7,0.3
S3_transport_load,451,451,11550774138484585529,scenario=S3_transport_load|method=both|duration=0|theta=0.300000|delta_threshold=0.100000|A=v1.0|w=na|run_id=451|seed=11550774138484585529,False,"{""step_1_amount"": 0.47381889658305026}",5222c37788a096d3910624247b4a1e76a3afcfe0df2ea7ddd6490cebc16a26a9,0.44666666666666677,0.7832214758953455,0.33655480922867875,30,0.0,1.0,0.44666666666666677,0.7832214758953455,1,1,0.33655480922867875,"{""energy"": 0.6666666666666667, ""water"": 0.2666666666666667, ""transport"": 0.33333333333333337}","{""energy"": 0.8942580153811315, ""water"": 0.4183942324763099, ""transport"": 1.0}","{""energy"": 0.22759134871446474, ""water"": 0.1517275658096432, ""transport"": 0.6666666666666666}","{""energy"": 0.0, ""water"": 0.0, ""transport"": 0.0}","{""energy"": 1.0, ""water"": 1.0, ""transport"": 1.0}","{""energy"": 1.0, ""water"": 1.0, ""transport"": 1.0}",0.3,0.1,,0.7832214758953455,,,"[""energy"", ""water""]",1,v1.0,0.7,0.3
S3_transport_load,452,452,4774241961726809117,scenario=S3_transport_load|method=both|duration=0|theta=0.300000|delta_threshold=0.100000|A=v1.0|w=na|run_id=452|seed=4774241961726809117,False,"{""step_1_amount"": 0.1444888471666662}",5222c37788a096d3910624247b4a1e76a3afcfe0df2ea7ddd6490cebc16a26a9,0.44666666666666677,0.6155028352875048,0.16883616862083806,19,0.0,0.0,0.44666666666666677,0.6155028352875048,0,1,0.16883616862083806,"{""energy"": 0.6666666666666667, ""water"": 0.2666666666666667, ""transport"": 0.33333333333333337}","{""energy"": 0.7721892720546906, ""water"": 0.3370150702586826, ""transport"": 0.6850753512934128}","{""energy"": 0.10552260538802383, ""water"": 0.07034840359201588, ""transport"": 0.3517420179600794}","{""energy"": 0.0, ""water"": 0.0, ""transport"": 0.0}","{""energy"": 0.0, ""water"": 0.0, ""transport"": 0.0}","{""energy"": 0.0, ""water"": 0.0, ""transport"": 0.0}",0.3,0.1,,0.6155028352875048,,,[],,v1.0,0.7,0.3
S3_transport_load,453,453,17768019880898733997,scenario=S3_transport_load|method=both|duration=0|theta=0.300000|delta_threshold=0.100000|A=v1.0|w=na|run_id=453|seed=17768019880898733997,False,"{""step_1_amount"": 0.5242715842240833}",5222c37788a096d3910624247b4a1e76a3afcfe0df2ea7ddd6490cebc16a26a9,0.44666666666666677,0.7893237928558678,0.3426571261892011,30,0.0,1.0,0.44666666666666677,0.7893237928558678,1,1,0.3426571261892011,"{""energy"": 0.6666666666666667, ""water"": 0.2666666666666667, ""transport"": 0.33333333333333337}","{""energy"": 0.9044285436486688, ""water"": 0.42517458465466806, ""transport"": 1.0}","{""energy"": 0.23776187698200202, ""water"": 0.15850791798800135, ""transport"": 0.6666666666666666}","{""energy"": 0.0, ""water"": 0.0, ""transport"": 0.0}","{""energy"": 1.0, ""water"": 1.0, ""transport"": 1.0}","{""energy"": 1.0, ""water"": 1.0, ""transport"": 1.0}",0.3,0.1,,0.7893237928558678,,,"[""energy"", ""water""]",1,v1.0,0.7,0.3
S3_transport_load,454,454,14634184702281777570,scenario=S3_transport_load|method=both|duration=0|theta=0.300000|delta_threshold=0.100000|A=v1.0|w=na|run_id=454|seed=14634184702281777570,False,"{""step_1_amount"": 0.3563768001737879}",5222c37788a096d3910624247b4a1e76a3afcfe0df2ea7ddd6490cebc16a26a9,0.44666666666666677,0.8043760652864875,0.35770939861982076,11,0.0,1.0,0.44666666666666677,0.8043760652864875,1,1,0.35770939861982076,"{""energy"": 0.6666666666666667, ""water"": 0.2666666666666667, ""transport"": 0.33333333333333337}","{""energy"": 0.9295156643663682, ""water"": 0.441899331799801, ""transport"": 1.0}","{""energy"": 0.2628489976997015, ""water"": 0.1752326651331343, ""transport"": 0.6666666666666666}","{""energy"": 0.0, ""water"": 0.0, ""transport"": 0.0}","{""energy"": 1.0, ""water"": 1.0, ""transport"": 1.0}","{""energy"": 1.0, ""water"": 1.0, ""transport"": 1.0}",0.3,0.1,,0.8043760652864875,,,"[""energy"", ""water""]",2,v1.0,0.7,0.3
S3_transport_load,455,455,6578126682276435356,scenario=S3_transport_load|method=both|duration=0|theta=0.300000|delta_threshold=0.100000|A=v1.0|w=na|run_id=455|seed=6578126682276435356,False,"{""step_1_amount"": 0.4803526185694947}",5222c37788a096d3910624247b4a1e76a3afcfe0df2ea7ddd6490cebc16a26a9,0.44666666666666677,0.7840647606084468,0.33739809394178,25,0.0,1.0,0.44666666666666677,0.7840647606084468,1,1,0.33739809394178,"{""energy"": 0.6666666666666667, ""water"": 0.2666666666666667, ""transport"": 0.33333333333333337}","{""energy"": 0.8956634899029668, ""water"": 0.4193312154908668, ""transport"": 1.0}","{""energy"": 0.2289968232363001, ""water"": 0.1526645488242001, ""transport"": 0.6666666666666666}","{""energy"": 0.0, ""water"": 0.0, ""transport"": 0.0}","{""energy"": 1.0, ""water"": 1.0, ""transport"": 1.0}","{""energy"": 1.0, ""water"": 1.0, ""transport"": 1.0}",0.3,0.1,,0.7840647606084468,,,"[""energy"", ""water""]",1,v1.0,0.7,0.3
S3_transport_load,456,456,10684966965656470247,scenario=S3_transport_load|method=both|duration=0|theta=0.300000|delta_threshold=0.100000|A=v1.0|w=na|run_id=456|seed=10684966965656470247,False,"{""step_1_amount"": 0.551173867234832}",5222c37788a096d3910624247b4a1e76a3afcfe0df2ea7ddd6490cebc16a26a9,0.44666666666666677,0.7922192071914043,0.3455525405247375,13,0.0,1.0,0.44666666666666677,0.7922192071914043,1,1,0.3455525405247375,"{""energy"": 0.6666666666666667, ""water"": 0.2666666666666667, ""transport"": 0.33333333333333337}","{""energy"": 0.909254234207896, ""water"": 0.4283917116941529, ""transport"": 1.0}","{""energy"": 0.24258756754122923, ""water"": 0.1617250450274862, ""transport"": 0.6666666666666666}","{""energy"": 0.0, ""water"": 0.0, ""transport"": 0.0}","{""energy"": 1.0, ""water"": 1.0, ""transport"": 1.0}","{""energy"": 1.0, ""water"": 1.0, ""transport"": 1.0}",0.3,0.1,,0.7922192071914043,,,"[""energy"", ""water""]",1,v1.0,0.7,0.3
S3_transport_load,457,457,11040392579417207328,scenario=S3_transport_load|method=both|duration=0|theta=0.300000|delta_threshold=0.100000|A=v1.0|w=na|run_id=457|seed=11040392579417207328,False,"{""step_1_amount"": 0.45937799008458957}",5222c37788a096d3910624247b4a1e76a3afcfe0df2ea7ddd6490cebc16a26a9,0.44666666666666677,0.7812979466636505,0.3346312799969837,30,0.0,1.0,0.44666666666666677,0.7812979466636505,1,1,0.3346312799969837,"{""energy"": 0.6666666666666667, ""water"": 0.2666666666666667, ""transport"": 0.33333333333333337}","{""energy"": 0.8910521333283064, ""water"": 0.4162569777744265, ""transport"": 1.0}","{""energy"": 0.2243854666616396, ""water"": 0.14959031110775978, ""transport"": 0.6666666666666666}","{""energy"": 0.0, ""water"": 0.0, ""transport"": 0.0}","{""energy"": 1.0, ""water"": 1.0, ""transport"": 1.0}","{""energy"": 1.0, ""water"": 1.0, ""transport"": 1.0}",0.3,0.1,,0.7812979466636505,,,"[""energy"", ""water""]",1,v1.0,0.7,0.3
S3_transport_load,458,458,8838390196968841389,scenario=S3_transport_load|method=both|duration=0|theta=0.300000|delta_threshold=0.100000|A=v1.0|w=na|run_id=458|seed=8838390196968841389,False,"{""step_1_amount"": 0.5524723894262055}",5222c37788a096d3910624247b4a1e76a3afcfe0df2ea7ddd6490cebc16a26a9,0.44666666666666677,0.7923531385244924,0.34568647185782564,5,0.0,1.0,0.44666666666666677,0.7923531385244924,1,1,0.34568647185782564,"{""energy"": 0.6666666666666667, ""water"": 0.2666666666666667, ""transport"": 0.33333333333333337}","{""energy"": 0.9094774530963763, ""water"": 0.42854052428647316, ""transport"": 1.0}","{""energy"": 0.24281078642970955, ""water"": 0.16187385761980644, ""transport"": 0.6666666666666666}","{""energy"": 0.0, ""water"": 0.0, ""transport"": 0.0}","{""energy"": 1.0, ""water"": 1.0, ""transport"": 1.0}","{""energy"": 1.0, ""water"": 1.0, ""transport"": 1.0}",0.3,0.1,,0.7923531385244924,,,"[""energy"", ""water""]",1,v1.0,0.7,0.3
S3_transport_load,459,459,1771215861553729239,scenario=S3_transport_load|method=both|duration=0|theta=0.300000|delta_threshold=0.100000|A=v1.0|w=na|run_id=459|seed=1771215861553729239,False,"{""step_1_amount"": 0.5554959954566846}",5222c37788a096d3910624247b4a1e76a3afcfe0df2ea7ddd6490cebc16a26a9,0.44666666666666677,0.8148257870550029,0.3681591203883361,6,0.0,1.0,0.44666666666666677,0.8148257870550029,1,1,0.3681591203883361,"{""energy"": 0.6666666666666667, ""water"": 0.2666666666666667, ""transport"": 0.33333333333333337}","{""energy"": 0.9469318673138936, ""water"": 0.45351013376481797, ""transport"": 1.0}","{""energy"": 0.2802652006472268, ""water"": 0.18684346709815125, ""transport"": 0.6666666666666666}","{""energy"": 0.0, ""water"": 0.0, ""transport"": 0.0}","{""energy"": 1.0, ""water"": 1.0, ""transport"": 1.0}","{""energy"": 1.0, ""water"": 1.0, ""transport"": 1.0}",0.3,0.1,,0.8148257870550029,,,"[""energy"", ""water""]",1,v1.0,0.7,0.3
S3_transport_load,460,460,12240672770684891902,scenario=S3_transport_load|method=both|duration=0|theta=0.300000|delta_threshold=0.100000|A=v1.0|w=na|run_id=460|seed=12240672770684891902,False,"{""step_1_amount"": 0.5220475161597843}",5222c37788a096d3910624247b4a1e76a3afcfe0df2ea7ddd6490cebc16a26a9,0.44666666666666677,0.7890738005041218,0.342407133837455,26,0.0,1.0,0.44666666666666677,0.7890738005041218,1,1,0.342407133837455,"{""energy"": 0.6666666666666667, ""water"": 0.2666666666666667, ""transport"": 0.33333333333333337}","{""energy"": 0.904011889729092, ""water"": 0.42489681537495017, ""transport"": 1.0}","{""energy"": 0.23734522306242523, ""water"": 0.15823014870828345, ""transport"": 0.6666666666666666}","{""energy"": 0.0, ""water"": 0.0, ""transport"": 0.0}","{""energy"": 1.0, ""water"": 1.0, ""transport"": 1.0}","{""energy"": 1.0, ""water"": 1.0, ""transport"": 1.0}",0.3,0.1,,0.7890738005041218,,,"[""energy"", ""water""]",1,v1.0,0.7,0.3
S3_transport_load,461,461,7735555815110770340,scenario=S3_transport_load|method=both|duration=0|theta=0.300000|delta_threshold=0.100000|A=v1.0|w=na|run_id=461|seed=7735555815110770340,False,"{""step_1_amount"": 0.31341755058993237}",5222c37788a096d3910624247b4a1e76a3afcfe0df2ea7ddd6490cebc16a26a9,0.44666666666666677,0.7392126722316255,0.2925460055649587,15,0.0,0.0,0.44666666666666677,0.7392126722316255,0,1,0.2925460055649587,"{""energy"": 0.6666666666666667, ""water"": 0.2666666666666667, ""transport"": 0.33333333333333337}","{""energy"": 0.849507920144766, ""water"": 0.3885608356520662, ""transport"": 0.9428041782603308}","{""energy"": 0.1828412534780992, ""water"": 0.12189416898539951, ""transport"": 0.6094708449269974}","{""energy"": 0.0, ""water"": 0.0, ""transport"": 0.0}","{""energy"": 0.0, ""water"": 0.0, ""transport"": 0.0}","{""energy"": 0.0, ""water"": 0.0, ""transport"": 0.0}",0.3,0.1,,0.7392126722316255,,,[],,v1.0,0.7,0.3
S3_transport_load,462,462,17757587464164806466,scenario=S3_transport_load|method=both|duration=0|theta=0.300000|delta_threshold=0.100000|A=v1.0|w=na|run_id=462|seed=17757587464164806466,False,"{""step_1_amount"": 0.7398046546585766}",5222c37788a096d3910624247b4a1e76a3afcfe0df2ea7ddd6490cebc16a26a9,0.44666666666666677,0.8071055669200797,0.36043890025341296,27,0.0,1.0,0.44666666666666677,0.8071055669200797,1,1,0.36043890025341296,"{""energy"": 0.6666666666666667, ""water"": 0.2666666666666667, ""transport"": 0.33333333333333337}","{""energy"": 0.9340648337556885, ""water"": 0.4449321113926813, ""transport"": 1.0}","{""energy"": 0.26739816708902175, ""water"": 0.17826544472601458, ""transport"": 0.6666666666666666}","{""energy"": 0.0, ""water"": 0.0, ""transport"": 0.0}","{""energy"": 1.0, ""water"": 1.0, ""transport"": 1.0}","{""energy"": 1.0, ""water"": 1.0, ""transport"": 1.0}",0.3,0.1,,0.8071055669200797,,,"[""energy"", ""water""]",1,v1.0,0.7,0.3
S3_transport_load,463,463,8859029683993358362,scenario=S3_transport_load|method=both|duration=0|theta=0.300000|delta_threshold=0.100000|A=v1.0|w=na|run_id=463|seed=8859029683993358362,False,"{""step_1_amount"": 0.38433076965759433}",5222c37788a096d3910624247b4a1e76a3afcfe0df2ea7ddd6490cebc16a26a9,0.44666666666666677,0.7698423387675661,0.32317567210089937,14,0.0,0.0,0.44666666666666677,0.7698423387675661,0,1,0.32317567210089937,"{""energy"": 0.6666666666666667, ""water"": 0.2666666666666667, ""transport"": 0.33333333333333337}","{""energy"": 0.8719594535014992, ""water"": 0.40352852455655497, ""transport"": 1.0}","{""energy"": 0.20529278683483243, ""water"": 0.13686185788988825, ""transport"": 0.6666666666666666}","{""energy"": 0.0, ""water"": 0.0, ""transport"": 0.0}","{""energy"": 0.0, ""water"": 0.0, ""transport"": 0.0}","{""energy"": 0.0, ""water"": 0.0, ""transport"": 0.0}",0.3,0.1,,0.7698423387675661,,,[],,v1.0,0.7,0.3
S3_transport_load,464,464,6109514310764681965,scenario=S3_transport_load|method=both|duration=0|theta=0.300000|delta_threshold=0.100000|A=v1.0|w=na|run_id=464|seed=6109514310764681965,False,"{""step_1_amount"": 0.4967021725776866}",5222c37788a096d3910624247b4a1e76a3afcfe0df2ea7ddd6490cebc16a26a9,0.44666666666666677,0.7861039095424163,0.3394372428757495,10,0.0,1.0,0.44666666666666677,0.7861039095424163,1,1,0.3394372428757495,"{""energy"": 0.6666666666666667, ""water"": 0.2666666666666667, ""transport"": 0.33333333333333337}","{""energy"": 0.8990620714595826, ""water"": 0.42159693652861063, ""transport"": 1.0}","{""energy"": 0.23239540479291587, ""water"": 0.15493026986194391, ""transport"": 0.6666666666666666}","{""energy"": 0.0, ""water"": 0.0, ""transport"": 0.0}","{""energy"": 1.0, ""water"": 1.0, ""transport"": 1.0}","{""energy"": 1.0, ""water"": 1.0, ""transport"": 1.0}",0.3,0.1,,0.7861039095424163,,,"[""energy"", ""water""]",1,v1.0,0.7,0.3
S3_transport_load,465,465,5964224103622289844,scenario=S3_transport_load|method=both|duration=0|theta=0.300000|delta_threshold=0.100000|A=v1.0|w=na|run_id=465|seed=5964224103622289844,False,"{""step_1_amount"": 0.3497865938006061}",5222c37788a096d3910624247b4a1e76a3afcfe0df2ea7ddd6490cebc16a26a9,0.44666666666666677,0.7770861935175564,0.3304195268508896,19,0.0,1.0,0.44666666666666677,0.7770861935175564,1,1,0.3304195268508896,"{""energy"": 0.6666666666666667, ""water"": 0.2666666666666667, ""transport"": 0.33333333333333337}","{""energy"": 0.8840325447514829, ""water"": 0.41157725205654416, ""transport"": 1.0}","{""energy"": 0.2173658780848161, ""water"": 0.14491058538987744, ""transport"": 0.6666666666666666}","{""energy"": 0.0, ""water"": 0.0, ""transport"": 0.0}","{""energy"": 1.0, ""water"": 1.0, ""transport"": 1.0}","{""energy"": 1.0, ""water"": 1.0, ""transport"": 1.0}",0.3,0.1,,0.7770861935175564,,,"[""energy"", ""water""]",2,v1.0,0.7,0.3
S3_transport_load,466,466,18157069798745210797,scenario=S3_transport_load|method=both|duration=0|theta=0.300000|delta_threshold=0.100000|A=v1.0|w=na|run_id=466|seed=18157069798745210797,False,"{""step_1_amount"": 0.7070026938196208}",5222c37788a096d3910624247b4a1e76a3afcfe0df2ea7ddd6490cebc16a26a9,0.44666666666666677,0.8050827428510563,0.35841607618438953,30,0.0,1.0,0.44666666666666677,0.8050827428510563,1,1,0.35841607618438953,"{""energy"": 0.6666666666666667, ""water"": 0.2666666666666667, ""transport"": 0.33333333333333337}","{""energy"": 0.930693460307316, ""water"": 0.4426845290937662, ""transport"": 1.0}","{""energy"": 0.2640267936406493, ""water"": 0.1760178624270995, ""transport"": 0.6666666666666666}","{""energy"": 0.0, ""water"": 0.0, ""transport"": 0.0}","{""energy"": 1.0, ""water"": 1.0, ""transport"": 1.0}","{""energy"": 1.0, ""water"": 1.0, ""transport"": 1.0}",0.3,0.1,,0.8050827428510563,,,"[""energy"", ""water""]",1,v1.0,0.7,0.3
S3_transport_load,467,467,2445020306105572251,scenario=S3_transport_load|method=both|duration=0|theta=0.300000|delta_threshold=0.100000|A=v1.0|w=na|run_id=467|seed=2445020306105572251,False,"{""step_1_amount"": 0.4922988777665791}",5222c37788a096d3910624247b4a1e76a3afcfe0df2ea7ddd6490cebc16a26a9,0.44666666666666677,0.7855645254514133,0.33889785878474654,24,0.0,1.0,0.44666666666666677,0.7855645254514133,1,1,0.33889785878474654,"{""energy"": 0.6666666666666667, ""water"": 0.2666666666666667, ""transport"": 0.33333333333333337}","{""energy"": 0.8981630979745777, ""water"": 0.4209976208719407, ""transport"": 1.0}","{""energy"": 0.23149643130791098, ""water"": 0.15433095420527398, ""transport"": 0.6666666666666666}","{""energy"": 0.0, ""water"": 0.0, ""transport"": 0.0}","{""energy"": 1.0, ""water"": 1.0, ""transport"": 1.0}","{""energy"": 1.0, ""water"": 1.0, ""transport"": 1.0}",0.3,0.1,,0.7855645254514133,,,"[""energy"", ""water""]",1,v1.0,0.7,0.3
S3_transport_load,468,468,1099969011860877333,scenario=S3_transport_load|method=both|duration=0|theta=0.300000|delta_threshold=0.100000|A=v1.0|w=na|run_id=468|seed=1099969011860877333,False,"{""step_1_amount"": 0.31385916005665526}",5222c37788a096d3910624247b4a1e76a3afcfe0df2ea7ddd6490cebc16a26a9,0.44666666666666677,0.801605825619929,0.3549391589532622,20,0.0,1.0,0.44666666666666677,0.801605825619929,1,1,0.3549391589532622,"{""energy"": 0.6666666666666667, ""water"": 0.2666666666666667, ""transport"": 0.33333333333333337}","{""energy"": 0.9248985982554373, ""water"": 0.4388212877258471, ""transport"": 1.0}","{""energy"": 0.25823193158877056, ""water"": 0.1721546210591804, ""transport"": 0.6666666666666666}","{""energy"": 0.0, ""water"": 0.0, ""transport"": 0.0}","{""energy"": 1.0, ""water"": 1.0, ""transport"": 1.0}","{""energy"": 1.0, ""water"": 1.0, ""transport"": 1.0}",0.3,0.1,,0.801605825619929,,,"[""energy"", ""water""]",2,v1.0,0.7,0.3
S3_transport_load,469,469,14302863440068773279,scenario=S3_transport_load|method=both|duration=0|theta=0.300000|delta_threshold=0.100000|A=v1.0|w=na|run_id=469|seed=14302863440068773279,False,"{""step_1_amount"": 1.1006226117138385}",5222c37788a096d3910624247b4a1e76a3afcfe0df2ea7ddd6490cebc16a26a9,0.44666666666666677,0.8200400854586256,0.37337341879195884,16,0.0,1.0,0.44666666666666677,0.8200400854586256,1,1,0.37337341879195884,"{""energy"": 0.6666666666666667, ""water"": 0.2666666666666667, ""transport"": 0.33333333333333337}","{""energy"": 0.955622364653265, ""water"": 0.45930379865773224, ""transport"": 1.0}","{""energy"": 0.28895569798659826, ""water"": 0.19263713199106552, ""transport"": 0.6666666666666666}","{""energy"": 0.0, ""water"": 0.0, ""transport"": 0.0}","{""energy"": 1.0, ""water"": 1.0, ""transport"": 1.0}","{""energy"": 1.0, ""water"": 1.0, ""transport"": 1.0}",0.3,0.1,,0.8200400854586256,,,"[""energy"", ""water""]",1,v1.0,0.7,0.3
S3_transport_load,470,470,935752167181959159,scenario=S3_transport_load|method=both|duration=0|theta=0.300000|delta_threshold=0.100000|A=v1.0|w=na|run_id=470|seed=935752167181959159,False,"{""step_1_amount"": 0.38616431628682407}",5222c37788a096d3910624247b4a1e76a3afcfe0df2ea7ddd6490cebc16a26a9,0.44666666666666677,0.7849665503057341,0.3382998836390674,7,0.0,1.0,0.44666666666666677,0.7849665503057341,1,1,0.3382998836390674,"{""energy"": 0.6666666666666667, ""water"": 0.2666666666666667, ""transport"": 0.33333333333333337}","{""energy"": 0.8971664727317792, ""water"": 0.4203332040434084, ""transport"": 1.0}","{""energy"": 0.23049980606511244, ""water"": 0.15366653737674169, ""transport"": 0.6666666666666666}","{""energy"": 0.0, ""water"": 0.0, ""transport"": 0.0}","{""energy"": 1.0, ""water"": 1.0, ""transport"": 1.0}","{""energy"": 1.0, ""water"": 1.0, ""transport"": 1.0}",0.3,0.1,,0.7849665503057341,,,"[""energy"", ""water""]",2,v1.0,0.7,0.3
S3_transport_load,471,471,819294151129785371,scenario=S3_transport_load|method=both|duration=0|theta=0.300000|delta_threshold=0.100000|A=v1.0|w=na|run_id=471|seed=819294151129785371,False,"{""step_1_amount"": 0.25741288337220136}",5222c37788a096d3910624247b4a1e76a3afcfe0df2ea7ddd6490cebc16a26a9,0.44666666666666677,0.704917369008552,0.2582507023418852,13,0.0,0.0,0.44666666666666677,0.704917369008552,0,1,0.2582507023418852,"{""energy"": 0.6666666666666667, ""water"": 0.2666666666666667, ""transport"": 0.33333333333333337}","{""energy"": 0.828073355630345, ""water"": 0.3742711259757856, ""transport"": 0.8713556298789277}","{""energy"": 0.16140668896367827, ""water"": 0.10760445930911888, ""transport"": 0.5380222965455943}","{""energy"": 0.0, ""water"": 0.0, ""transport"": 0.0}","{""energy"": 0.0, ""water"": 0.0, ""transport"": 0.0}","{""energy"": 0.0, ""water"": 0.0, ""transport"": 0.0}",0.3,0.1,,0.704917369008552,,,[],,v1.0,0.7,0.3
S3_transport_load,472,472,10627466049358084633,scenario=S3_transport_load|method=both|duration=0|theta=0.300000|delta_threshold=0.100000|A=v1.0|w=na|run_id=472|seed=10627466049358084633,False,"{""step_1_amount"": 0.2428435165312187}",5222c37788a096d3910624247b4a1e76a3afcfe0df2ea7ddd6490cebc16a26a9,0.44666666666666677,0.6950101936802029,0.24834352701353613,15,0.0,0.0,0.44666666666666677,0.6950101936802029,0,1,0.24834352701353613,"{""energy"": 0.6666666666666667, ""water"": 0.2666666666666667, ""transport"": 0.33333333333333337}","{""energy"": 0.8218813710501268, ""water"": 0.3701431362556401, ""transport"": 0.8507156812782003}","{""energy"": 0.15521470438346008, ""water"": 0.10347646958897339, ""transport"": 0.5173823479448669}","{""energy"": 0.0, ""water"": 0.0, ""transport"": 0.0}","{""energy"": 0.0, ""water"": 0.0, ""transport"": 0.0}","{""energy"": 0.0, ""water"": 0.0, ""transport"": 0.0}",0.3,0.1,,0.6950101936802029,,,[],,v1.0,0.7,0.3
S3_transport_load,473,473,15063288814608156618,scenario=S3_transport_load|method=both|duration=0|theta=0.300000|delta_threshold=0.100000|A=v1.0|w=na|run_id=473|seed=15063288814608156618,False,"{""step_1_amount"": 0.21645022036041897}",5222c37788a096d3910624247b4a1e76a3afcfe0df2ea7ddd6490cebc16a26a9,0.44666666666666677,0.7059403751087318,0.259273708442065,18,0.0,0.0,0.44666666666666677,0.7059403751087318,0,1,0.259273708442065,"{""energy"": 0.6666666666666667, ""water"": 0.2666666666666667, ""transport"": 0.33333333333333337}","{""energy"": 0.8227250123456017, ""water"": 0.42605872806373357, ""transport"": 0.83010917250457}","{""energy"": 0.15605834567893495, ""water"": 0.15939206139706685, ""transport"": 0.4967758391712366}","{""energy"": 0.0, ""water"": 0.0, ""transport"": 0.0}","{""energy"": 0.0, ""water"": 0.0, ""transport"": 0.0}","{""energy"": 0.0, ""water"": 0.0, ""transport"": 0.0}",0.3,0.1,,0.7059403751087318,,,[],,v1.0,0.7,0.3
S3_transport_load,474,474,1349097063714112216,scenario=S3_transport_load|method=both|duration=0|theta=0.300000|delta_threshold=0.100000|A=v1.0|w=na|run_id=474|seed=1349097063714112216,False,"{""step_1_amount"": 0.4079946397308862}",5222c37788a096d3910624247b4a1e76a3afcfe0df2ea7ddd6490cebc16a26a9,0.44666666666666677,0.8044212387669858,0.357754572100319,29,0.0,1.0,0.44666666666666677,0.8044212387669858,1,1,0.357754572100319,"{""energy"": 0.6666666666666667, ""water"": 0.2666666666666667, ""transport"": 0.33333333333333337}","{""energy"": 0.9295909535005319, ""water"": 0.4419495245559102, ""transport"": 1.0}","{""energy"": 0.26292428683386515, ""water"": 0.17528285788924347, ""transport"": 0.6666666666666666}","{""energy"": 0.0, ""water"": 0.0, ""transport"": 0.0}","{""energy"": 1.0, ""water"": 1.0, ""transport"": 1.0}","{""energy"": 1.0, ""water"": 1.0, ""transport"": 1.0}",0.3,0.1,,0.8044212387669858,,,"[""energy"", ""water""]",1,v1.0,0.7,0.3
S3_transport_load,475,475,10088254013498416834,scenario=S3_transport_load|method=both|duration=0|theta=0.300000|delta_threshold=0.100000|A=v1.0|w=na|run_id=475|seed=10088254013498416834,False,"{""step_1_amount"": 0.5591245657292542}",5222c37788a096d3910624247b4a1e76a3afcfe0df2ea7ddd6490cebc16a26a9,0.44666666666666677,0.7930311297634203,0.3463644630967535,30,0.0,1.0,0.44666666666666677,0.7930311297634203,1,1,0.3463644630967535,"{""energy"": 0.6666666666666667, ""water"": 0.2666666666666667, ""transport"": 0.33333333333333337}","{""energy"": 0.9106074384945892, ""water"": 0.4292938478852817, ""transport"": 1.0}","{""energy"": 0.2439407718279225, ""water"": 0.16262718121861497, ""transport"": 0.6666666666666666}","{""energy"": 0.0, ""water"": 0.0, ""transport"": 0.0}","{""energy"": 1.0, ""water"": 1.0, ""transport"": 1.0}","{""energy"": 1.0, ""water"": 1.0, ""transport"": 1.0}",0.3,0.1,,0.7930311297634203,,,"[""energy"", ""water""]",1,v1.0,0.7,0.3
S3_transport_load,476,476,3021716866631318356,scenario=S3_transport_load|method=both|duration=0|theta=0.300000|delta_threshold=0.100000|A=v1.0|w=na|run_id=476|seed=3021716866631318356,False,"{""step_1_amount"": 0.3286879818472657}",5222c37788a096d3910624247b4a1e76a3afcfe0df2ea7ddd6490cebc16a26a9,0.44666666666666677,0.7476064494093395,0.30093978274267275,26,0.0,0.0,0.44666666666666677,0.7476064494093395,0,1,0.30093978274267275,"{""energy"": 0.6666666666666667, ""water"": 0.2666666666666667, ""transport"": 0.33333333333333337}","{""energy"": 0.8547540308808372, ""water"": 0.392058242809447, ""transport"": 0.9602912140472349}","{""energy"": 0.1880873642141705, ""water"": 0.1253915761427803, ""transport"": 0.6269578807139016}","{""energy"": 0.0, ""water"": 0.0, ""transport"": 0.0}","{""energy"": 0.0, ""water"": 0.0, ""transport"": 0.0}","{""energy"": 0.0, ""water"": 0.0, ""transport"": 0.0}",0.3,0.1,,0.7476064494093395,,,[],,v1.0,0.7,0.3
S3_transport_load,477,477,11467138740874860913,scenario=S3_transport_load|method=both|duration=0|theta=0.300000|delta_threshold=0.100000|A=v1.0|w=na|run_id=477|seed=11467138740874860913,False,"{""step_1_amount"": 0.5010555429593385}",5222c37788a096d3910624247b4a1e76a3afcfe0df2ea7ddd6490cebc16a26a9,0.44666666666666677,0.7866302193455723,0.33996355267890555,9,0.0,1.0,0.44666666666666677,0.7866302193455723,1,1,0.33996355267890555,"{""energy"": 0.6666666666666667, ""water"": 0.2666666666666667, ""transport"": 0.33333333333333337}","{""energy"": 0.8999392544648428, ""water"": 0.4221817251987841, ""transport"": 1.0}","{""energy"": 0.23327258779817606, ""water"": 0.1555150585321174, ""transport"": 0.6666666666666666}","{""energy"": 0.0, ""water"": 0.0, ""transport"": 0.0}","{""energy"": 1.0, ""water"": 1.0, ""transport"": 1.0}","{""energy"": 1.0, ""water"": 1.0, ""transport"": 1.0}",0.3,0.1,,0.7866302193455723,,,"[""energy"", ""water""]",1,v1.0,0.7,0.3
S3_transport_load,478,478,571253419146075906,scenario=S3_transport_load|method=both|duration=0|theta=0.300000|delta_threshold=0.100000|A=v1.0|w=na|run_id=478|seed=571253419146075906,False,"{""step_1_amount"": 0.8211168643742124}",5222c37788a096d3910624247b4a1e76a3afcfe0df2ea7ddd6490cebc16a26a9,0.44666666666666677,0.820065773175183,0.37339910650851627,15,0.0,1.0,0.44666666666666677,0.820065773175183,1,1,0.37339910650851627,"{""energy"": 0.6666666666666667, ""water"": 0.2666666666666667, ""transport"": 0.33333333333333337}","{""energy"": 0.9529730613167785, ""water"": 0.46292182882823896, ""transport"": 1.0}","{""energy"": 0.28630639465011176, ""water"": 0.19625516216157224, ""transport"": 0.6666666666666666}","{""energy"": 0.0, ""water"": 0.0, ""transport"": 0.0}","{""energy"": 1.0, ""water"": 1.0, ""transport"": 1.0}","{""energy"": 1.0, ""water"": 1.0, ""transport"": 1.0}",0.3,0.1,,0.820065773175183,,,"[""energy"", ""water""]",1,v1.0,0.7,0.3
S3_transport_load,479,479,4584718395698536681,scenario=S3_transport_load|method=both|duration=0|theta=0.300000|delta_threshold=0.100000|A=v1.0|w=na|run_id=479|seed=4584718395698536681,False,"{""step_1_amount"": 0.6882527199676793}",5222c37788a096d3910624247b4a1e76a3afcfe0df2ea7ddd6490cebc16a26a9,0.44666666666666677,0.803833853134283,0.35716718646761625,10,0.0,1.0,0.44666666666666677,0.803833853134283,1,1,0.35716718646761625,"{""energy"": 0.6666666666666667, ""water"": 0.2666666666666667, ""transport"": 0.33333333333333337}","{""energy"": 0.9286119774460271, ""water"": 0.44129687385290695, ""transport"": 1.0}","{""energy"": 0.26194531077936034, ""water"": 0.17463020718624023, ""transport"": 0.6666666666666666}","{""energy"": 0.0, ""water"": 0.0, ""transport"": 0.0}","{""energy"": 1.0, ""water"": 1.0, ""transport"": 1.0}","{""energy"": 1.0, ""water"": 1.0, ""transport"": 1.0}",0.3,0.1,,0.803833853134283,,,"[""energy"", ""water""]",1,v1.0,0.7,0.3
S3_transport_load,480,480,13982081815842169768,scenario=S3_transport_load|method=both|duration=0|theta=0.300000|delta_threshold=0.100000|A=v1.0|w=na|run_id=480|seed=13982081815842169768,False,"{""step_1_amount"": 0.5621939452160087}",5222c37788a096d3910624247b4a1e76a3afcfe0df2ea7ddd6490cebc16a26a9,0.44666666666666677,0.7933394288357041,0.3466727621690373,10,0.0,1.0,0.44666666666666677,0.7933394288357041,1,1,0.3466727621690373,"{""energy"": 0.6666666666666667, ""water"": 0.2666666666666667, ""transport"": 0.33333333333333337}","{""energy"": 0.9111212702817291, ""water"": 0.42963640241004164, ""transport"": 1.0}","{""energy"": 0.24445460361506233, ""water"": 0.16296973574337492, ""transport"": 0.6666666666666666}","{""energy"": 0.0, ""water"": 0.0, ""transport"": 0.0}","{""energy"": 1.0, ""water"": 1.0, ""transport"": 1.0}","{""energy"": 1.0, ""water"": 1.0, ""transport"": 1.0}",0.3,0.1,,0.7933394288357041,,,"[""energy"", ""water""]",1,v1.0,0.7,0.3
S3_transport_load,481,481,5731894365413945768,scenario=S3_transport_load|method=both|duration=0|theta=0.300000|delta_threshold=0.100000|A=v1.0|w=na|run_id=481|seed=5731894365413945768,False,"{""step_1_amount"": 0.3030771188002521}",5222c37788a096d3910624247b4a1e76a3afcfe0df2ea7ddd6490cebc16a26a9,0.44666666666666677,0.7333064711294314,0.2866398044627646,20,0.0,0.0,0.44666666666666677,0.7333064711294314,0,1,0.2866398044627646,"{""energy"": 0.6666666666666667, ""water"": 0.2666666666666667, ""transport"": 0.33333333333333337}","{""energy"": 0.8458165444558947, ""water"": 0.386099918526152, ""transport"": 0.9304995926307598}","{""energy"": 0.17914987778922797, ""water"": 0.11943325185948528, ""transport"": 0.5971662592974264}","{""energy"": 0.0, ""water"": 0.0, ""transport"": 0.0}","{""energy"": 0.0, ""water"": 0.0, ""transport"": 0.0}","{""energy"": 0.0, ""water"": 0.0, ""transport"": 0.0}",0.3,0.1,,0.7333064711294314,,,[],,v1.0,0.7,0.3
S3_transport_load,482,482,4408773653789127861,scenario=S3_transport_load|method=both|duration=0|theta=0.300000|delta_threshold=0.100000|A=v1.0|w=na|run_id=482|seed=4408773653789127861,False,"{""step_1_amount"": 0.2871265448594097}",5222c37788a096d3910624247b4a1e76a3afcfe0df2ea7ddd6490cebc16a26a9,0.44666666666666677,0.7238289022468161,0.2771622355801493,26,0.0,0.0,0.44666666666666677,0.7238289022468161,0,1,0.2771622355801493,"{""energy"": 0.6666666666666667, ""water"": 0.2666666666666667, ""transport"": 0.33333333333333337}","{""energy"": 0.8398930639042601, ""water"": 0.38215093149172896, ""transport"": 0.9107546574586446}","{""energy"": 0.17322639723759337, ""water"": 0.11548426482506224, ""transport"": 0.5774213241253112}","{""energy"": 0.0, ""water"": 0.0, ""transport"": 0.0}","{""energy"": 0.0, ""water"": 0.0, ""transport"": 0.0}","{""energy"": 0.0, ""water"": 0.0, ""transport"": 0.0}",0.3,0.1,,0.7238289022468161,,,[],,v1.0,0.7,0.3
S3_transport_load,483,483,1750103402949219677,scenario=S3_transport_load|method=both|duration=0|theta=0.300000|delta_threshold=0.100000|A=v1.0|w=na|run_id=483|seed=1750103402949219677,False,"{""step_1_amount"": 0.4240227377739637}",5222c37788a096d3910624247b4a1e76a3afcfe0df2ea7ddd6490cebc16a26a9,0.44666666666666677,0.8206794275981624,0.3740127609314956,25,0.0,1.0,0.44666666666666677,0.8206794275981624,1,1,0.3740127609314956,"{""energy"": 0.6666666666666667, ""water"": 0.2666666666666667, ""transport"": 0.33333333333333337}","{""energy"": 0.9375179642095606, ""water"": 0.4855741397144603, ""transport"": 1.0}","{""energy"": 0.27085129754289383, ""water"": 0.21890747304779357, ""transport"": 0.6666666666666666}","{""energy"": 0.0, ""water"": 0.0, ""transport"": 0.0}","{""energy"": 1.0, ""water"": 1.0, ""transport"": 1.0}","{""energy"": 1.0, ""water"": 1.0, ""transport"": 1.0}",0.3,0.1,,0.8206794275981624,,,"[""energy"", ""water""]",1,v1.0,0.7,0.3
S3_transport_load,484,484,1812975592452296485,scenario=S3_transport_load|method=both|duration=0|theta=0.300000|delta_threshold=0.100000|A=v1.0|w=na|run_id=484|seed=1812975592452296485,False,"{""step_1_amount"": 0.29926402014998277}",5222c37788a096d3910624247b4a1e76a3afcfe0df2ea7ddd6490cebc16a26a9,0.44666666666666677,0.7310818669338581,0.28441520026719136,14,0.0,0.0,0.44666666666666677,0.7310818669338581,0,1,0.28441520026719136,"{""energy"": 0.6666666666666667, ""water"": 0.2666666666666667, ""transport"": 0.33333333333333337}","{""energy"": 0.8444261668336613, ""water"": 0.3851730001113298, ""transport"": 0.9258650005566488}","{""energy"": 0.1777595001669946, ""water"": 0.1185063334446631, ""transport"": 0.5925316672233154}","{""energy"": 0.0, ""water"": 0.0, ""transport"": 0.0}","{""energy"": 0.0, ""water"": 0.0, ""transport"": 0.0}","{""energy"": 0.0, ""water"": 0.0, ""transport"": 0.0}",0.3,0.1,,0.7310818669338581,,,[],,v1.0,0.7,0.3
S3_transport_load,485,485,3972437142268883259,scenario=S3_transport_load|method=both|duration=0|theta=0.300000|delta_threshold=0.100000|A=v1.0|w=na|run_id=485|seed=3972437142268883259,False,"{""step_1_amount"": 0.32967768067633213}",5222c37788a096d3910624247b4a1e76a3afcfe0df2ea7ddd6490cebc16a26a9,0.44666666666666677,0.8008866559593997,0.3542199892927329,15,0.0,1.0,0.44666666666666677,0.8008866559593997,1,1,0.3542199892927329,"{""energy"": 0.6666666666666667, ""water"": 0.2666666666666667, ""transport"": 0.33333333333333337}","{""energy"": 0.9236999821545551, ""water"": 0.4380222103252589, ""transport"": 1.0}","{""energy"": 0.2570333154878883, ""water"": 0.17135554365859218, ""transport"": 0.6666666666666666}","{""energy"": 0.0, ""water"": 0.0, ""transport"": 0.0}","{""energy"": 1.0, ""water"": 1.0, ""transport"": 1.0}","{""energy"": 1.0, ""water"": 1.0, ""transport"": 1.0}",0.3,0.1,,0.8008866559593997,,,"[""energy"", ""water""]",2,v1.0,0.7,0.3
S3_transport_load,486,486,13759208874461485719,scenario=S3_transport_load|method=both|duration=0|theta=0.300000|delta_threshold=0.100000|A=v1.0|w=na|run_id=486|seed=13759208874461485719,False,"{""step_1_amount"": 0.5299213262582569}",5222c37788a096d3910624247b4a1e76a3afcfe0df2ea7ddd6490cebc16a26a9,0.44666666666666677,0.7899513919830887,0.34328472531642196,13,0.0,1.0,0.44666666666666677,0.7899513919830887,1,1,0.34328472531642196,"{""energy"": 0.6666666666666667, ""water"": 0.2666666666666667, ""transport"": 0.33333333333333337}","{""energy"": 0.9054745421940367, ""water"": 0.4258719170182467, ""transport"": 1.0}","{""energy"": 0.23880787552736993, ""water"": 0.15920525035158, ""transport"": 0.6666666666666666}","{""energy"": 0.0, ""water"": 0.0, ""transport"": 0.0}","{""energy"": 1.0, ""water"": 1.0, ""transport"": 1.0}","{""energy"": 1.0, ""water"": 1.0, ""transport"": 1.0}",0.3,0.1,,0.7899513919830887,,,"[""energy"", ""water""]",1,v1.0,0.7,0.3
S3_transport_load,487,487,1746873520068400096,scenario=S3_transport_load|method=both|duration=0|theta=0.300000|delta_threshold=0.100000|A=v1.0|w=na|run_id=487|seed=1746873520068400096,False,"{""step_1_amount"": 0.365868024061624}",5222c37788a096d3910624247b4a1e76a3afcfe0df2ea7ddd6490cebc16a26a9,0.44666666666666677,0.7665052706522874,0.3198386039856206,16,0.0,0.0,0.44666666666666677,0.7665052706522874,0,1,0.3198386039856206,"{""energy"": 0.6666666666666667, ""water"": 0.2666666666666667, ""transport"": 0.33333333333333337}","{""energy"": 0.8665657941576796, ""water"": 0.3999327516606753, ""transport"": 0.9996637583033763}","{""energy"": 0.1998991274910129, ""water"": 0.1332660849940086, ""transport"": 0.6663304249700429}","{""energy"": 0.0, ""water"": 0.0, ""transport"": 0.0}","{""energy"": 0.0, ""water"": 0.0, ""transport"": 0.0}","{""energy"": 0.0, ""water"": 0.0, ""transport"": 0.0}",0.3,0.1,,0.7665052706522874,,,[],,v1.0,0.7,0.3
S3_transport_load,488,488,7851968199551689973,scenario=S3_transport_load|method=both|duration=0|theta=0.300000|delta_threshold=0.100000|A=v1.0|w=na|run_id=488|seed=7851968199551689973,False,"{""step_1_amount"": 0.3295204057961443}",5222c37788a096d3910624247b4a1e76a3afcfe0df2ea7ddd6490cebc16a26a9,0.44666666666666677,0.773978250004351,0.3273115833376843,23,0.0,1.0,0.44666666666666677,0.773978250004351,1,1,0.3273115833376843,"{""energy"": 0.6666666666666667, ""water"": 0.2666666666666667, ""transport"": 0.33333333333333337}","{""energy"": 0.8788526388961405, ""water"": 0.4081239814863159, ""transport"": 1.0}","{""energy"": 0.21218597222947377, ""water"": 0.14145731481964918, ""transport"": 0.6666666666666666}","{""energy"": 0.0, ""water"": 0.0, ""transport"": 0.0}","{""energy"": 1.0, ""water"": 1.0, ""transport"": 1.0}","{""energy"": 1.0, ""water"": 1.0, ""transport"": 1.0}",0.3,0.1,,0.773978250004351,,,"[""energy"", ""water""]",2,v1.0,0.7,0.3
S3_transport_load,489,489,114924809845983802,scenario=S3_transport_load|method=both|duration=0|theta=0.300000|delta_threshold=0.100000|A=v1.0|w=na|run_id=489|seed=114924809845983802,False,"{""step_1_amount"": 0.5283246012099871}",5222c37788a096d3910624247b4a1e76a3afcfe0df2ea7ddd6490cebc16a26a9,0.44666666666666677,0.7897750974832298,0.34310843081656306,29,0.0,1.0,0.44666666666666677,0.7897750974832298,1,1,0.34310843081656306,"{""energy"": 0.6666666666666667, ""water"": 0.2666666666666667, ""transport"": 0.33333333333333337}","{""energy"": 0.9051807180276051, ""water"": 0.4256760342406256, ""transport"": 1.0}","{""energy"": 0.2385140513609384, ""water"": 0.1590093675739589, ""transport"": 0.6666666666666666}","{""energy"": 0.0, ""water"": 0.0, ""transport"": 0.0}","{""energy"": 1.0, ""water"": 1.0, ""transport"": 1.0}","{""energy"": 1.0, ""water"": 1.0, ""transport"": 1.0}",0.3,0.1,,0.7897750974832298,,,"[""energy"", ""water""]",1,v1.0,0.7,0.3
S3_transport_load,490,490,4536292790022583700,scenario=S3_transport_load|method=both|duration=0|theta=0.300000|delta_threshold=0.100000|A=v1.0|w=na|run_id=490|seed=4536292790022583700,False,"{""step_1_amount"": 0.7304914818138314}",5222c37788a096d3910624247b4a1e76a3afcfe0df2ea7ddd6490cebc16a26a9,0.44666666666666677,0.8065513327465064,0.3598846660798396,26,0.0,1.0,0.44666666666666677,0.8065513327465064,1,1,0.3598846660798396,"{""energy"": 0.6666666666666667, ""water"": 0.2666666666666667, ""transport"": 0.33333333333333337}","{""energy"": 0.933141110133066, ""water"": 0.4443162956442662, ""transport"": 1.0}","{""energy"": 0.26647444346639926, ""water"": 0.1776496289775995, ""transport"": 0.6666666666666666}","{""energy"": 0.0, ""water"": 0.0, ""transport"": 0.0}","{""energy"": 1.0, ""water"": 1.0, ""transport"": 1.0}","{""energy"": 1.0, ""water"": 1.0, ""transport"": 1.0}",0.3,0.1,,0.8065513327465064,,,"[""energy"", ""water""]",1,v1.0,0.7,0.3
S3_transport_load,491,491,8131980029566754015,scenario=S3_transport_load|method=both|duration=0|theta=0.300000|delta_threshold=0.100000|A=v1.0|w=na|run_id=491|seed=8131980029566754015,False,"{""step_1_amount"": 0.48793149901131455}",5222c37788a096d3910624247b4a1e76a3afcfe0df2ea7ddd6490cebc16a26a9,0.44666666666666677,0.7850224562185575,0.3383557895518907,10,0.0,1.0,0.44666666666666677,0.7850224562185575,1,1,0.3383557895518907,"{""energy"": 0.6666666666666667, ""water"": 0.2666666666666667, ""transport"": 0.33333333333333337}","{""energy"": 0.8972596492531515, ""water"": 0.42039532172432326, ""transport"": 1.0}","{""energy"": 0.23059298258648475, ""water"": 0.15372865505765654, ""transport"": 0.6666666666666666}","{""energy"": 0.0, ""water"": 0.0, ""transport"": 0.0}","{""energy"": 1.0, ""water"": 1.0, ""transport"": 1.0}","{""energy"": 1.0, ""water"": 1.0, ""transport"": 1.0}",0.3,0.1,,0.7850224562185575,,,"[""energy"", ""water""]",1,v1.0,0.7,0.3
S3_transport_load,492,492,417398013181576764,scenario=S3_transport_load|method=both|duration=0|theta=0.300000|delta_threshold=0.100000|A=v1.0|w=na|run_id=492|seed=417398013181576764,False,"{""step_1_amount"": 0.4578612246393679}",5222c37788a096d3910624247b4a1e76a3afcfe0df2ea7ddd6490cebc16a26a9,0.44666666666666677,0.7810910351459533,0.3344243684792866,8,0.0,1.0,0.44666666666666677,0.7810910351459533,1,1,0.3344243684792866,"{""energy"": 0.6666666666666667, ""water"": 0.2666666666666667, ""transport"": 0.33333333333333337}","{""energy"": 0.8907072807988111, ""water"": 0.4160270760880963, ""transport"": 1.0}","{""energy"": 0.22404061413214438, ""water"": 0.14936040942142959, ""transport"": 0.6666666666666666}","{""energy"": 0.0, ""water"": 0.0, ""transport"": 0.0}","{""energy"": 1.0, ""water"": 1.0, ""transport"": 1.0}","{""energy"": 1.0, ""water"": 1.0, ""transport"": 1.0}",0.3,0.1,,0.7810910351459533,,,"[""energy"", ""water""]",1,v1.0,0.7,0.3
S3_transport_load,493,493,17205156606803758571,scenario=S3_transport_load|method=both|duration=0|theta=0.300000|delta_threshold=0.100000|A=v1.0|w=na|run_id=493|seed=17205156606803758571,False,"{""step_1_amount"": 0.022144228818364083}",5222c37788a096d3910624247b4a1e76a3afcfe0df2ea7ddd6490cebc16a26a9,0.44666666666666677,0.4775182342949651,0.030851567628298326,20,0.0,0.0,0.44666666666666677,0.4775182342949651,0,0,0.030851567628298326,"{""energy"": 0.6666666666666667, ""water"": 0.2666666666666667, ""transport"": 0.33333333333333337}","{""energy"": 0.6859488964343532, ""water"": 0.27952148651179104, ""transport"": 0.39760743255895503}","{""energy"": 0.019282229767686454, ""water"": 0.012854819845124321, ""transport"": 0.06427409922562166}","{""energy"": 0.0, ""water"": 0.0, ""transport"": 0.0}","{""energy"": 0.0, ""water"": 0.0, ""transport"": 0.0}","{""energy"": 0.0, ""water"": 0.0, ""transport"": 0.0}",0.3,0.1,,0.4775182342949651,,,[],,v1.0,0.7,0.3
S3_transport_load,494,494,10544968413172069808,scenario=S3_transport_load|method=both|duration=0|theta=0.300000|delta_threshold=0.100000|A=v1.0|w=na|run_id=494|seed=10544968413172069808,False,"{""step_1_amount"": 0.3022901866973398}",5222c37788a096d3910624247b4a1e76a3afcfe0df2ea7ddd6490cebc16a26a9,0.44666666666666677,0.7328494478364389,0.28618278116977214,5,0.0,0.0,0.44666666666666677,0.7328494478364389,0,1,0.28618278116977214,"{""energy"": 0.6666666666666667, ""water"": 0.2666666666666667, ""transport"": 0.33333333333333337}","{""energy"": 0.8455309048977744, ""water"": 0.38590949215407183, ""transport"": 0.9295474607703589}","{""energy"": 0.17886423823110764, ""water"": 0.11924282548740511, ""transport"": 0.5962141274370255}","{""energy"": 0.0, ""water"": 0.0, ""transport"": 0.0}","{""energy"": 0.0, ""water"": 0.0, ""transport"": 0.0}","{""energy"": 0.0, ""water"": 0.0, ""transport"": 0.0}",0.3,0.1,,0.7328494478364389,,,[],,v1.0,0.7,0.3
S3_transport_load,495,495,14844923548262905933,scenario=S3_transport_load|method=both|duration=0|theta=0.300000|delta_threshold=0.100000|A=v1.0|w=na|run_id=495|seed=14844923548262905933,False,"{""step_1_amount"": 0.6012143224336012}",5222c37788a096d3910624247b4a1e76a3afcfe0df2ea7ddd6490cebc16a26a9,0.44666666666666677,0.8625653353093083,0.4158986686426416,8,0.0,1.0,0.44666666666666677,0.8625653353093083,1,1,0.4158986686426416,"{""energy"": 0.6666666666666667, ""water"": 0.2666666666666667, ""transport"": 0.33333333333333337}","{""energy"": 0.9723514729959537, ""water"": 0.5787491537030894, ""transport"": 1.0}","{""energy"": 0.30568480632928696, ""water"": 0.3120824870364227, ""transport"": 0.6666666666666666}","{""energy"": 0.0, ""water"": 0.0, ""transport"": 0.0}","{""energy"": 1.0, ""water"": 1.0, ""transport"": 1.0}","{""energy"": 1.0, ""water"": 1.0, ""transport"": 1.0}",0.3,0.1,,0.8625653353093083,,,"[""energy"", ""water""]",1,v1.0,0.7,0.3
S3_transport_load,496,496,12695848134622119735,scenario=S3_transport_load|method=both|duration=0|theta=0.300000|delta_threshold=0.100000|A=v1.0|w=na|run_id=496|seed=12695848134622119735,False,"{""step_1_amount"": 0.4994677830145334}",5222c37788a096d3910624247b4a1e76a3afcfe0df2ea7ddd6490cebc16a26a9,0.44666666666666677,0.7864390596312647,0.33977239296459794,6,0.0,1.0,0.44666666666666677,0.7864390596312647,1,1,0.33977239296459794,"{""energy"": 0.6666666666666667, ""water"": 0.2666666666666667, ""transport"": 0.33333333333333337}","{""energy"": 0.8996206549409967, ""water"": 0.42196932551622013, ""transport"": 1.0}","{""energy"": 0.23295398827433, ""water"": 0.1553026588495534, ""transport"": 0.6666666666666666}","{""energy"": 0.0, ""water"": 0.0, ""transport"": 0.0}","{""energy"": 1.0, ""water"": 1.0, ""transport"": 1.0}","{""energy"": 1.0, ""water"": 1.0, ""transport"": 1.0}",0.3,0.1,,0.7864390596312647,,,"[""energy"", ""water""]",1,v1.0,0.7,0.3
S3_transport_load,497,497,649595075040776266,scenario=S3_transport_load|method=both|duration=0|theta=0.300000|delta_threshold=0.100000|A=v1.0|w=na|run_id=497|seed=649595075040776266,False,"{""step_1_amount"": 0.4654735986597148}",5222c37788a096d3910624247b4a1e76a3afcfe0df2ea7ddd6490cebc16a26a9,0.44666666666666677,0.7821200567378754,0.33545339007120867,8,0.0,1.0,0.44666666666666677,0.7821200567378754,1,1,0.33545339007120867,"{""energy"": 0.6666666666666667, ""water"": 0.2666666666666667, ""transport"": 0.33333333333333337}","{""energy"": 0.892422316785348, ""water"": 0.4171704334124543, ""transport"": 1.0}","{""energy"": 0.22575565011868126, ""water"": 0.15050376674578758, ""transport"": 0.6666666666666666}","{""energy"": 0.0, ""water"": 0.0, ""transport"": 0.0}","{""energy"": 1.0, ""water"": 1.0, ""transport"": 1.0}","{""energy"": 1.0, ""water"": 1.0, ""transport"": 1.0}",0.3,0.1,,0.7821200567378754,,,"[""energy"", ""water""]",1,v1.0,0.7,0.3
S3_transport_load,498,498,1149723778090702425,scenario=S3_transport_load|method=both|duration=0|theta=0.300000|delta_threshold=0.100000|A=v1.0|w=na|run_id=498|seed=1149723778090702425,False,"{""step_1_amount"": 0.8641405721675703}",5222c37788a096d3910624247b4a1e76a3afcfe0df2ea7ddd6490cebc16a26a9,0.44666666666666677,0.8177049943559112,0.3710383276892444,9,0.0,1.0,0.44666666666666677,0.8177049943559112,1,1,0.3710383276892444,"{""energy"": 0.6666666666666667, ""water"": 0.2666666666666667, ""transport"": 0.33333333333333337}","{""energy"": 0.9517305461487406, ""water"": 0.4567092529880493, ""transport"": 1.0}","{""energy"": 0.2850638794820739, ""water"": 0.1900425863213826, ""transport"": 0.6666666666666666}","{""energy"": 0.0, ""water"": 0.0, ""transport"": 0.0}","{""energy"": 1.0, ""water"": 1.0, ""transport"": 1.0}","{""energy"": 1.0, ""water"": 1.0, ""transport"": 1.0}",0.3,0.1,,0.8177049943559112,,,"[""energy"", ""water""]",1,v1.0,0.7,0.3
S3_transport_load,499,499,12058988634022129633,scenario=S3_transport_load|method=both|duration=0|theta=0.300000|delta_threshold=0.100000|A=v1.0|w=na|run_id=499|seed=12058988634022129633,False,"{""step_1_amount"": 0.21978929765212302}",5222c37788a096d3910624247b4a1e76a3afcfe0df2ea7ddd6490cebc16a26a9,0.44666666666666677,0.7435399353521346,0.2968732686854678,20,0.0,0.0,0.44666666666666677,0.7435399353521346,0,1,0.2968732686854678,"{""energy"": 0.6666666666666667, ""water"": 0.2666666666666667, ""transport"": 0.33333333333333337}","{""energy"": 0.8522124595950842, ""water"": 0.39036386195227835, ""transport"": 0.9518193097613915}","{""energy"": 0.18554579292841744, ""water"": 0.12369719528561163, ""transport"": 0.6184859764280581}","{""energy"": 0.0, ""water"": 0.0, ""transport"": 0.0}","{""energy"": 0.0, ""water"": 0.0, ""transport"": 0.0}","{""energy"": 0.0, ""water"": 0.0, ""transport"": 0.0}",0.3,0.1,,0.7435399353521346,,,[],,v1.0,0.7,0.3
S3_transport_load,500,500,12231142449885847025,scenario=S3_transport_load|method=both|duration=0|theta=0.300000|delta_threshold=0.100000|A=v1.0|w=na|run_id=500|seed=12231142449885847025,False,"{""step_1_amount"": 0.5080836383772724}",5222c37788a096d3910624247b4a1e76a3afcfe0df2ea7ddd6490cebc16a26a9,0.44666666666666677,0.83313512781728,0.3864684611506133,19,0.0,1.0,0.44666666666666677,0.83313512781728,1,1,0.3864684611506133,"{""energy"": 0.6666666666666667, ""water"": 0.2666666666666667, ""transport"": 0.33333333333333337}","{""energy"": 0.9512960145967823, ""water"": 0.5087224065952237, ""transport"": 1.0}","{""energy"": 0.2846293479301155, ""water"": 0.242055739928557, ""transport"": 0.6666666666666666}","{""energy"": 0.0, ""water"": 0.0, ""transport"": 0.0}","{""energy"": 1.0, ""water"": 1.0, ""transport"": 1.0}","{""energy"": 1.0, ""water"": 1.0, ""transport"": 1.0}",0.3,0.1,,0.83313512781728,,,"[""energy"", ""water""]",1,v1.0,0.7,0.3
