scenario_id,run_id,run,seed,cache_key,cache_hit,randomized_params,x0_hash,before,after,delta,duration,method_cl_total_before,method_cl_total_after,method_q_total_before,method_q_total_after,I_cl,I_q,delta_R,before_vec_q,after_vec_q,delta_vec_q,before_vec_cl,after_vec_cl,delta_vec_cl,theta_classical,delta_sector_threshold,theta_node,method_qi_total_before,method_qi_total_after,delta_qi,I_qi,before_vec_qi,after_vec_qi,delta_vec_qi,convergence_steps,peak_after_q,final_after_recovery_q,recovery_trajectory_q,cl_activated_sectors,cl_first_activation_step,matrix_version,theta_bin,theta_cascade
S4_water_partial,1,1,10218839302848591282,scenario=S4_water_partial|method=both|duration=0|theta=0.300000|delta_threshold=0.100000|A=v1.0|w=na|run_id=1|seed=10218839302848591282,False,"{""step_1_amount"": 1.1461148427034553}",5222c37788a096d3910624247b4a1e76a3afcfe0df2ea7ddd6490cebc16a26a9,0.44666666666666677,0.9572268526836635,0.5105601860169967,6,0.0,1.0,0.44666666666666677,0.9572268526836635,1,1,0.5105601860169967,"{""energy"": 0.6666666666666667, ""water"": 0.2666666666666667, ""transport"": 0.33333333333333337}","{""energy"": 0.9527810852502359, ""water"": 1.0, ""transport"": 0.9203813952785637}","{""energy"": 0.2861144185835691, ""water"": 0.7333333333333333, ""transport"": 0.5870480619452303}","{""energy"": 0.0, ""water"": 0.0, ""transport"": 0.0}","{""energy"": 1.0, ""water"": 1.0, ""transport"": 1.0}","{""energy"": 1.0, ""water"": 1.0, ""transport"": 1.0}",0.3,0.1,,0.44666666666666677,1.0,0.5533333333333332,1,"{""energy"": 0.6666666666666667, ""water"": 0.2666666666666667, ""transport"": 0.33333333333333337}","{""energy"": 1.0, ""water"": 1.0, ""transport"": 1.0}","{""energy"": 0.33333333333333326, ""water"": 0.7333333333333333, ""transport"": 0.6666666666666666}",3,0.9572268526836635,,,"[""energy"", ""transport""]",1,v1.0,0.7,0.3
S4_water_partial,2,2,1551714282877654289,scenario=S4_water_partial|method=both|duration=0|theta=0.300000|delta_threshold=0.100000|A=v1.0|w=na|run_id=2|seed=1551714282877654289,False,"{""step_1_amount"": 1.1220062549469612}",5222c37788a096d3910624247b4a1e76a3afcfe0df2ea7ddd6490cebc16a26a9,0.44666666666666677,1.0,0.5533333333333332,12,0.0,1.0,0.44666666666666677,1.0,1,1,0.5533333333333332,"{""energy"": 0.6666666666666667, ""water"": 0.2666666666666667, ""transport"": 0.33333333333333337}","{""energy"": 1.0, ""water"": 1.0, ""transport"": 1.0}","{""energy"": 0.33333333333333326, ""water"": 0.7333333333333333, ""transport"": 0.6666666666666666}","{""energy"": 0.0, ""water"": 0.0, ""transport"": 0.0}","{""energy"": 1.0, ""water"": 1.0, ""transport"": 1.0}","{""energy"": 1.0, ""water"": 1.0, ""transport"": 1.0}",0.3,0.1,,0.44666666666666677,1.0,0.5533333333333332,1,"{""energy"": 0.6666666666666667, ""water"": 0.2666666666666667, ""transport"": 0.33333333333333337}","{""energy"": 1.0, ""water"": 1.0, ""transport"": 1.0}","{""energy"": 0.33333333333333326, ""water"": 0.7333333333333333, ""transport"": 0.6666666666666666}",2,1.0,,,"[""energy"", ""transport""]",1,v1.0,0.7,0.3
S4_water_partial,3,3,17165758592708349444,scenario=S4_water_partial|method=both|duration=0|theta=0.300000|delta_threshold=0.100000|A=v1.0|w=na|run_id=3|seed=17165758592708349444,False,"{""step_1_amount"": 1.040599991671753}",5222c37788a096d3910624247b4a1e76a3afcfe0df2ea7ddd6490cebc16a26a9,0.44666666666666677,0.8366666666666667,0.3899999999999999,30,0.0,1.0,0.44666666666666677,0.8366666666666667,1,1,0.3899999999999999,"{""energy"": 0.6666666666666667, ""water"": 0.2666666666666667, ""transport"": 0.33333333333333337}","{""energy"": 0.8666666666666667, ""water"": 1.0, ""transport"": 0.6333333333333333}","{""energy"": 0.19999999999999996, ""water"": 0.7333333333333333, ""transport"": 0.29999999999999993}","{""energy"": 0.0, ""water"": 0.0, ""transport"": 0.0}","{""energy"": 1.0, ""water"": 1.0, ""transport"": 1.0}","{""energy"": 1.0, ""water"": 1.0, ""transport"": 1.0}",0.3,0.1,,0.44666666666666677,1.0,0.5533333333333332,1,"{""energy"": 0.6666666666666667, ""water"": 0.2666666666666667, ""transport"": 0.33333333333333337}","{""energy"": 1.0, ""water"": 1.0, ""transport"": 1.0}","{""energy"": 0.33333333333333326, ""water"": 0.7333333333333333, ""transport"": 0.6666666666666666}",3,0.8366666666666667,,,"[""energy"", ""transport""]",1,v1.0,0.7,0.3
S4_water_partial,4,4,10277558166160841261,scenario=S4_water_partial|method=both|duration=0|theta=0.300000|delta_threshold=0.100000|A=v1.0|w=na|run_id=4|seed=10277558166160841261,False,"{""step_1_amount"": 0.9457395561892179}",5222c37788a096d3910624247b4a1e76a3afcfe0df2ea7ddd6490cebc16a26a9,0.44666666666666677,0.8251363223568755,0.37846965569020874,15,0.0,1.0,0.44666666666666677,0.8251363223568755,1,1,0.37846965569020874,"{""energy"": 0.6666666666666667, ""water"": 0.2666666666666667, ""transport"": 0.33333333333333337}","{""energy"": 0.8531015557139712, ""water"": 1.0, ""transport"": 0.6129856669042901}","{""energy"": 0.18643488904730443, ""water"": 0.7333333333333333, ""transport"": 0.27965233357095676}","{""energy"": 0.0, ""water"": 0.0, ""transport"": 0.0}","{""energy"": 1.0, ""water"": 1.0, ""transport"": 1.0}","{""energy"": 1.0, ""water"": 1.0, ""transport"": 1.0}",0.3,0.1,,0.44666666666666677,1.0,0.5533333333333332,1,"{""energy"": 0.6666666666666667, ""water"": 0.2666666666666667, ""transport"": 0.33333333333333337}","{""energy"": 1.0, ""water"": 1.0, ""transport"": 1.0}","{""energy"": 0.33333333333333326, ""water"": 0.7333333333333333, ""transport"": 0.6666666666666666}",3,0.8251363223568755,,,"[""energy"", ""transport""]",1,v1.0,0.7,0.3
S4_water_partial,5,5,8113601936823812339,scenario=S4_water_partial|method=both|duration=0|theta=0.300000|delta_threshold=0.100000|A=v1.0|w=na|run_id=5|seed=8113601936823812339,False,"{""step_1_amount"": 1.6013276212521503}",5222c37788a096d3910624247b4a1e76a3afcfe0df2ea7ddd6490cebc16a26a9,0.44666666666666677,1.0,0.5533333333333332,6,0.0,1.0,0.44666666666666677,1.0,1,1,0.5533333333333332,"{""energy"": 0.6666666666666667, ""water"": 0.2666666666666667, ""transport"": 0.33333333333333337}","{""energy"": 1.0, ""water"": 1.0, ""transport"": 1.0}","{""energy"": 0.33333333333333326, ""water"": 0.7333333333333333, ""transport"": 0.6666666666666666}","{""energy"": 0.0, ""water"": 0.0, ""transport"": 0.0}","{""energy"": 1.0, ""water"": 1.0, ""transport"": 1.0}","{""energy"": 1.0, ""water"": 1.0, ""transport"": 1.0}",0.3,0.1,,0.44666666666666677,1.0,0.5533333333333332,1,"{""energy"": 0.6666666666666667, ""water"": 0.2666666666666667, ""transport"": 0.33333333333333337}","{""energy"": 1.0, ""water"": 1.0, ""transport"": 1.0}","{""energy"": 0.33333333333333326, ""water"": 0.7333333333333333, ""transport"": 0.6666666666666666}",2,1.0,,,"[""energy"", ""transport""]",1,v1.0,0.7,0.3
S4_water_partial,6,6,13820126298588664351,scenario=S4_water_partial|method=both|duration=0|theta=0.300000|delta_threshold=0.100000|A=v1.0|w=na|run_id=6|seed=13820126298588664351,False,"{""step_1_amount"": 0.6164770005228806}",5222c37788a096d3910624247b4a1e76a3afcfe0df2ea7ddd6490cebc16a26a9,0.44666666666666677,0.691346904473859,0.24468023780719228,6,0.0,0.0,0.44666666666666677,0.691346904473859,0,1,0.24468023780719228,"{""energy"": 0.6666666666666667, ""water"": 0.2666666666666667, ""transport"": 0.33333333333333337}","{""energy"": 0.770785916797387, ""water"": 0.7872629173202674, ""transport"": 0.4895122085294136}","{""energy"": 0.10411925013072021, ""water"": 0.5205962506536007, ""transport"": 0.1561788751960802}","{""energy"": 0.0, ""water"": 0.0, ""transport"": 0.0}","{""energy"": 0.0, ""water"": 0.0, ""transport"": 0.0}","{""energy"": 0.0, ""water"": 0.0, ""transport"": 0.0}",0.3,0.1,,0.44666666666666677,1.0,0.5533333333333332,1,"{""energy"": 0.6666666666666667, ""water"": 0.2666666666666667, ""transport"": 0.33333333333333337}","{""energy"": 1.0, ""water"": 1.0, ""transport"": 1.0}","{""energy"": 0.33333333333333326, ""water"": 0.7333333333333333, ""transport"": 0.6666666666666666}",3,0.691346904473859,,,[],,v1.0,0.7,0.3
S4_water_partial,7,7,15259738130958010352,scenario=S4_water_partial|method=both|duration=0|theta=0.300000|delta_threshold=0.100000|A=v1.0|w=na|run_id=7|seed=15259738130958010352,False,"{""step_1_amount"": 0.23312410975529768}",5222c37788a096d3910624247b4a1e76a3afcfe0df2ea7ddd6490cebc16a26a9,0.44666666666666677,0.46612708114790413,0.019460414481237365,21,0.0,0.0,0.44666666666666677,0.46612708114790413,0,0,0.019460414481237365,"{""energy"": 0.6666666666666667, ""water"": 0.2666666666666667, ""transport"": 0.33333333333333337}","{""energy"": 0.6749476941054912, ""water"": 0.3080718038607888, ""transport"": 0.34575487449157}","{""energy"": 0.008281027438824418, ""water"": 0.04140513719412209, ""transport"": 0.012421541158236626}","{""energy"": 0.0, ""water"": 0.0, ""transport"": 0.0}","{""energy"": 0.0, ""water"": 0.0, ""transport"": 0.0}","{""energy"": 0.0, ""water"": 0.0, ""transport"": 0.0}",0.3,0.1,,0.44666666666666677,1.0,0.5533333333333332,1,"{""energy"": 0.6666666666666667, ""water"": 0.2666666666666667, ""transport"": 0.33333333333333337}","{""energy"": 1.0, ""water"": 1.0, ""transport"": 1.0}","{""energy"": 0.33333333333333326, ""water"": 0.7333333333333333, ""transport"": 0.6666666666666666}",4,0.46612708114790413,,,[],,v1.0,0.7,0.3
S4_water_partial,8,8,10904579800364905174,scenario=S4_water_partial|method=both|duration=0|theta=0.300000|delta_threshold=0.100000|A=v1.0|w=na|run_id=8|seed=10904579800364905174,False,"{""step_1_amount"": 1.0308609430324807}",5222c37788a096d3910624247b4a1e76a3afcfe0df2ea7ddd6490cebc16a26a9,0.44666666666666677,0.8366666666666667,0.3899999999999999,20,0.0,1.0,0.44666666666666677,0.8366666666666667,1,1,0.3899999999999999,"{""energy"": 0.6666666666666667, ""water"": 0.2666666666666667, ""transport"": 0.33333333333333337}","{""energy"": 0.8666666666666667, ""water"": 1.0, ""transport"": 0.6333333333333333}","{""energy"": 0.19999999999999996, ""water"": 0.7333333333333333, ""transport"": 0.29999999999999993}","{""energy"": 0.0, ""water"": 0.0, ""transport"": 0.0}","{""energy"": 1.0, ""water"": 1.0, ""transport"": 1.0}","{""energy"": 1.0, ""water"": 1.0, ""transport"": 1.0}",0.3,0.1,,0.44666666666666677,1.0,0.5533333333333332,1,"{""energy"": 0.6666666666666667, ""water"": 0.2666666666666667, ""transport"": 0.33333333333333337}","{""energy"": 1.0, ""water"": 1.0, ""transport"": 1.0}","{""energy"": 0.33333333333333326, ""water"": 0.7333333333333333, ""transport"": 0.6666666666666666}",3,0.8366666666666667,,,"[""energy"", ""transport""]",1,v1.0,0.7,0.3
S4_water_partial,9,9,13386037884783960972,scenario=S4_water_partial|method=both|duration=0|theta=0.300000|delta_threshold=0.100000|A=v1.0|w=na|run_id=9|seed=13386037884783960972,False,"{""step_1_amount"": 1.402754744561847}",5222c37788a096d3910624247b4a1e76a3afcfe0df2ea7ddd6490cebc16a26a9,0.44666666666666677,0.8366666666666667,0.3899999999999999,17,0.0,1.0,0.44666666666666677,0.8366666666666667,1,1,0.3899999999999999,"{""energy"": 0.6666666666666667, ""water"": 0.2666666666666667, ""transport"": 0.33333333333333337}","{""energy"": 0.8666666666666667, ""water"": 1.0, ""transport"": 0.6333333333333333}","{""energy"": 0.19999999999999996, ""water"": 0.7333333333333333, ""transport"": 0.29999999999999993}","{""energy"": 0.0, ""water"": 0.0, ""transport"": 0.0}","{""energy"": 1.0, ""water"": 1.0, ""transport"": 1.0}","{""energy"": 1.0, ""water"": 1.0, ""transport"": 1.0}",0.3,0.1,,0.44666666666666677,1.0,0.5533333333333332,1,"{""energy"": 0.6666666666666667, ""water"": 0.2666666666666667, ""transport"": 0.33333333333333337}","{""energy"": 1.0, ""water"": 1.0, ""transport"": 1.0}","{""energy"": 0.33333333333333326, ""water"": 0.7333333333333333, ""transport"": 0.6666666666666666}",3,0.8366666666666667,,,"[""energy"", ""transport""]",1,v1.0,0.7,0.3
S4_water_partial,10,10,14060088024156388616,scenario=S4_water_partial|method=both|duration=0|theta=0.300000|delta_threshold=0.100000|A=v1.0|w=na|run_id=10|seed=14060088024156388616,False,"{""step_1_amount"": 0.3616876170943415}",5222c37788a096d3910624247b4a1e76a3afcfe0df2ea7ddd6490cebc16a26a9,0.44666666666666677,0.5416581417095924,0.0949914750429256,28,0.0,0.0,0.44666666666666677,0.5416581417095924,0,0,0.0949914750429256,"{""energy"": 0.6666666666666667, ""water"": 0.2666666666666667, ""transport"": 0.33333333333333337}","{""energy"": 0.7070885709402521, ""water"": 0.46877618803459353, ""transport"": 0.39396618974371145}","{""energy"": 0.040421904273585385, ""water"": 0.20210952136792681, ""transport"": 0.06063285641037808}","{""energy"": 0.0, ""water"": 0.0, ""transport"": 0.0}","{""energy"": 0.0, ""water"": 0.0, ""transport"": 0.0}","{""energy"": 0.0, ""water"": 0.0, ""transport"": 0.0}",0.3,0.1,,0.44666666666666677,1.0,0.5533333333333332,1,"{""energy"": 0.6666666666666667, ""water"": 0.2666666666666667, ""transport"": 0.33333333333333337}","{""energy"": 1.0, ""water"": 1.0, ""transport"": 1.0}","{""energy"": 0.33333333333333326, ""water"": 0.7333333333333333, ""transport"": 0.6666666666666666}",4,0.5416581417095924,,,[],,v1.0,0.7,0.3
S4_water_partial,11,11,11107337599642383062,scenario=S4_water_partial|method=both|duration=0|theta=0.300000|delta_threshold=0.100000|A=v1.0|w=na|run_id=11|seed=11107337599642383062,False,"{""step_1_amount"": 0.8566693146658418}",5222c37788a096d3910624247b4a1e76a3afcfe0df2ea7ddd6490cebc16a26a9,0.44666666666666677,0.8062088960331582,0.3595422293664914,9,0.0,1.0,0.44666666666666677,0.8062088960331582,1,1,0.3595422293664914,"{""energy"": 0.6666666666666667, ""water"": 0.2666666666666667, ""transport"": 0.33333333333333337}","{""energy"": 0.8308339953331272, ""water"": 1.0, ""transport"": 0.579584326333024}","{""energy"": 0.16416732866646044, ""water"": 0.7333333333333333, ""transport"": 0.24625099299969067}","{""energy"": 0.0, ""water"": 0.0, ""transport"": 0.0}","{""energy"": 1.0, ""water"": 1.0, ""transport"": 1.0}","{""energy"": 1.0, ""water"": 1.0, ""transport"": 1.0}",0.3,0.1,,0.44666666666666677,1.0,0.5533333333333332,1,"{""energy"": 0.6666666666666667, ""water"": 0.2666666666666667, ""transport"": 0.33333333333333337}","{""energy"": 1.0, ""water"": 1.0, ""transport"": 1.0}","{""energy"": 0.33333333333333326, ""water"": 0.7333333333333333, ""transport"": 0.6666666666666666}",3,0.8062088960331582,,,"[""energy"", ""transport""]",1,v1.0,0.7,0.3
S4_water_partial,12,12,6031167352262539807,scenario=S4_water_partial|method=both|duration=0|theta=0.300000|delta_threshold=0.100000|A=v1.0|w=na|run_id=12|seed=6031167352262539807,False,"{""step_1_amount"": 0.7868652823137864}",5222c37788a096d3910624247b4a1e76a3afcfe0df2ea7ddd6490cebc16a26a9,0.44666666666666677,0.8891078827475347,0.44244121608086795,28,0.0,1.0,0.44666666666666677,0.8891078827475347,1,1,0.44244121608086795,"{""energy"": 0.6666666666666667, ""water"": 0.2666666666666667, ""transport"": 0.33333333333333337}","{""energy"": 0.8831918040945337, ""water"": 1.0, ""transport"": 0.7861038703657375}","{""energy"": 0.21652513742786694, ""water"": 0.7333333333333333, ""transport"": 0.4527705370324041}","{""energy"": 0.0, ""water"": 0.0, ""transport"": 0.0}","{""energy"": 1.0, ""water"": 1.0, ""transport"": 1.0}","{""energy"": 1.0, ""water"": 1.0, ""transport"": 1.0}",0.3,0.1,,0.44666666666666677,1.0,0.5533333333333332,1,"{""energy"": 0.6666666666666667, ""water"": 0.2666666666666667, ""transport"": 0.33333333333333337}","{""energy"": 1.0, ""water"": 1.0, ""transport"": 1.0}","{""energy"": 0.33333333333333326, ""water"": 0.7333333333333333, ""transport"": 0.6666666666666666}",3,0.8891078827475347,,,"[""energy"", ""transport""]",1,v1.0,0.7,0.3
S4_water_partial,13,13,18032369781719048698,scenario=S4_water_partial|method=both|duration=0|theta=0.300000|delta_threshold=0.100000|A=v1.0|w=na|run_id=13|seed=18032369781719048698,False,"{""step_1_amount"": 0.7283628308157213}",5222c37788a096d3910624247b4a1e76a3afcfe0df2ea7ddd6490cebc16a26a9,0.44666666666666677,0.7570798297709029,0.31041316310423617,29,0.0,0.0,0.44666666666666677,0.7570798297709029,0,1,0.31041316310423617,"{""energy"": 0.6666666666666667, ""water"": 0.2666666666666667, ""transport"": 0.33333333333333337}","{""energy"": 0.7987573743705971, ""water"": 0.9271202051863183, ""transport"": 0.5314693948892288}","{""energy"": 0.1320907077039304, ""water"": 0.6604535385196516, ""transport"": 0.19813606155589547}","{""energy"": 0.0, ""water"": 0.0, ""transport"": 0.0}","{""energy"": 0.0, ""water"": 0.0, ""transport"": 0.0}","{""energy"": 0.0, ""water"": 0.0, ""transport"": 0.0}",0.3,0.1,,0.44666666666666677,1.0,0.5533333333333332,1,"{""energy"": 0.6666666666666667, ""water"": 0.2666666666666667, ""transport"": 0.33333333333333337}","{""energy"": 1.0, ""water"": 1.0, ""transport"": 1.0}","{""energy"": 0.33333333333333326, ""water"": 0.7333333333333333, ""transport"": 0.6666666666666666}",3,0.7570798297709029,,,[],,v1.0,0.7,0.3
S4_water_partial,14,14,11900822515345170755,scenario=S4_water_partial|method=both|duration=0|theta=0.300000|delta_threshold=0.100000|A=v1.0|w=na|run_id=14|seed=11900822515345170755,False,"{""step_1_amount"": 0.47580277621126515}",5222c37788a096d3910624247b4a1e76a3afcfe0df2ea7ddd6490cebc16a26a9,0.44666666666666677,0.608700797690785,0.16203413102411823,25,0.0,0.0,0.44666666666666677,0.608700797690785,0,1,0.16203413102411823,"{""energy"": 0.6666666666666667, ""water"": 0.2666666666666667, ""transport"": 0.33333333333333337}","{""energy"": 0.735617360719483, ""water"": 0.6114201369307481, ""transport"": 0.4367593744125578}","{""energy"": 0.06895069405281629, ""water"": 0.34475347026408143, ""transport"": 0.10342604107922443}","{""energy"": 0.0, ""water"": 0.0, ""transport"": 0.0}","{""energy"": 0.0, ""water"": 0.0, ""transport"": 0.0}","{""energy"": 0.0, ""water"": 0.0, ""transport"": 0.0}",0.3,0.1,,0.44666666666666677,1.0,0.5533333333333332,1,"{""energy"": 0.6666666666666667, ""water"": 0.2666666666666667, ""transport"": 0.33333333333333337}","{""energy"": 1.0, ""water"": 1.0, ""transport"": 1.0}","{""energy"": 0.33333333333333326, ""water"": 0.7333333333333333, ""transport"": 0.6666666666666666}",4,0.608700797690785,,,[],,v1.0,0.7,0.3
S4_water_partial,15,15,15306338854217874014,scenario=S4_water_partial|method=both|duration=0|theta=0.300000|delta_threshold=0.100000|A=v1.0|w=na|run_id=15|seed=15306338854217874014,False,"{""step_1_amount"": 1.238622027695697}",5222c37788a096d3910624247b4a1e76a3afcfe0df2ea7ddd6490cebc16a26a9,0.44666666666666677,0.9262829650053239,0.47961629833865715,19,0.0,1.0,0.44666666666666677,0.9262829650053239,1,1,0.47961629833865715,"{""energy"": 0.6666666666666667, ""water"": 0.2666666666666667, ""transport"": 0.33333333333333337}","{""energy"": 0.9306783083371362, ""water"": 1.0, ""transport"": 0.8467054722348981}","{""energy"": 0.2640116416704694, ""water"": 0.7333333333333333, ""transport"": 0.5133721389015647}","{""energy"": 0.0, ""water"": 0.0, ""transport"": 0.0}","{""energy"": 1.0, ""water"": 1.0, ""transport"": 1.0}","{""energy"": 1.0, ""water"": 1.0, ""transport"": 1.0}",0.3,0.1,,0.44666666666666677,1.0,0.5533333333333332,1,"{""energy"": 0.6666666666666667, ""water"": 0.2666666666666667, ""transport"": 0.33333333333333337}","{""energy"": 1.0, ""water"": 1.0, ""transport"": 1.0}","{""energy"": 0.33333333333333326, ""water"": 0.7333333333333333, ""transport"": 0.6666666666666666}",3,0.9262829650053239,,,"[""energy"", ""transport""]",1,v1.0,0.7,0.3
S4_water_partial,16,16,5001389734880608894,scenario=S4_water_partial|method=both|duration=0|theta=0.300000|delta_threshold=0.100000|A=v1.0|w=na|run_id=16|seed=5001389734880608894,False,"{""step_1_amount"": 0.7056843922277348}",5222c37788a096d3910624247b4a1e76a3afcfe0df2ea7ddd6490cebc16a26a9,0.44666666666666677,0.8809902618185386,0.4343235951518718,18,0.0,0.0,0.44666666666666677,0.8809902618185386,0,1,0.4343235951518718,"{""energy"": 0.6666666666666667, ""water"": 0.2666666666666667, ""transport"": 0.33333333333333337}","{""energy"": 0.878859023922399, ""water"": 0.9559529964172009, ""transport"": 0.8088691777480622}","{""energy"": 0.21219235725573227, ""water"": 0.6892863297505342, ""transport"": 0.47553584441472885}","{""energy"": 0.0, ""water"": 0.0, ""transport"": 0.0}","{""energy"": 0.0, ""water"": 0.0, ""transport"": 0.0}","{""energy"": 0.0, ""water"": 0.0, ""transport"": 0.0}",0.3,0.1,,0.44666666666666677,1.0,0.5533333333333332,1,"{""energy"": 0.6666666666666667, ""water"": 0.2666666666666667, ""transport"": 0.33333333333333337}","{""energy"": 1.0, ""water"": 1.0, ""transport"": 1.0}","{""energy"": 0.33333333333333326, ""water"": 0.7333333333333333, ""transport"": 0.6666666666666666}",3,0.8809902618185386,,,[],,v1.0,0.7,0.3
S4_water_partial,17,17,15617212558855397898,scenario=S4_water_partial|method=both|duration=0|theta=0.300000|delta_threshold=0.100000|A=v1.0|w=na|run_id=17|seed=15617212558855397898,False,"{""step_1_amount"": 0.18201774196734255}",5222c37788a096d3910624247b4a1e76a3afcfe0df2ea7ddd6490cebc16a26a9,0.44666666666666677,0.44666666666666677,0.0,23,0.0,0.0,0.44666666666666677,0.44666666666666677,0,0,0.0,"{""energy"": 0.6666666666666667, ""water"": 0.2666666666666667, ""transport"": 0.33333333333333337}","{""energy"": 0.6666666666666667, ""water"": 0.2666666666666667, ""transport"": 0.33333333333333337}","{""energy"": 0.0, ""water"": 0.0, ""transport"": 0.0}","{""energy"": 0.0, ""water"": 0.0, ""transport"": 0.0}","{""energy"": 0.0, ""water"": 0.0, ""transport"": 0.0}","{""energy"": 0.0, ""water"": 0.0, ""transport"": 0.0}",0.3,0.1,,0.44666666666666677,1.0,0.5533333333333332,1,"{""energy"": 0.6666666666666667, ""water"": 0.2666666666666667, ""transport"": 0.33333333333333337}","{""energy"": 1.0, ""water"": 1.0, ""transport"": 1.0}","{""energy"": 0.33333333333333326, ""water"": 0.7333333333333333, ""transport"": 0.6666666666666666}",4,0.44666666666666677,,,[],,v1.0,0.7,0.3
S4_water_partial,18,18,9591140204504375962,scenario=S4_water_partial|method=both|duration=0|theta=0.300000|delta_threshold=0.100000|A=v1.0|w=na|run_id=18|seed=9591140204504375962,False,"{""step_1_amount"": 0.22865679407902043}",5222c37788a096d3910624247b4a1e76a3afcfe0df2ea7ddd6490cebc16a26a9,0.44666666666666677,0.46350253318809126,0.016835866521424492,17,0.0,0.0,0.44666666666666677,0.46350253318809126,0,0,0.016835866521424492,"{""energy"": 0.6666666666666667, ""water"": 0.2666666666666667, ""transport"": 0.33333333333333337}","{""energy"": 0.6738308651864219, ""water"": 0.30248765926544224, ""transport"": 0.344079631112966}","{""energy"": 0.007164198519755138, ""water"": 0.035820992598775525, ""transport"": 0.010746297779632652}","{""energy"": 0.0, ""water"": 0.0, ""transport"": 0.0}","{""energy"": 0.0, ""water"": 0.0, ""transport"": 0.0}","{""energy"": 0.0, ""water"": 0.0, ""transport"": 0.0}",0.3,0.1,,0.44666666666666677,1.0,0.5533333333333332,1,"{""energy"": 0.6666666666666667, ""water"": 0.2666666666666667, ""transport"": 0.33333333333333337}","{""energy"": 1.0, ""water"": 1.0, ""transport"": 1.0}","{""energy"": 0.33333333333333326, ""water"": 0.7333333333333333, ""transport"": 0.6666666666666666}",4,0.46350253318809126,,,[],,v1.0,0.7,0.3
S4_water_partial,19,19,15647278731498465250,scenario=S4_water_partial|method=both|duration=0|theta=0.300000|delta_threshold=0.100000|A=v1.0|w=na|run_id=19|seed=15647278731498465250,False,"{""step_1_amount"": 0.6161911379996251}",5222c37788a096d3910624247b4a1e76a3afcfe0df2ea7ddd6490cebc16a26a9,0.44666666666666677,0.6911789602414464,0.24451229357477966,21,0.0,0.0,0.44666666666666677,0.6911789602414464,0,1,0.24451229357477966,"{""energy"": 0.6666666666666667, ""water"": 0.2666666666666667, ""transport"": 0.33333333333333337}","{""energy"": 0.770714451166573, ""water"": 0.7869055891661981, ""transport"": 0.4894050100831928}","{""energy"": 0.10404778449990626, ""water"": 0.5202389224995314, ""transport"": 0.15607167674985944}","{""energy"": 0.0, ""water"": 0.0, ""transport"": 0.0}","{""energy"": 0.0, ""water"": 0.0, ""transport"": 0.0}","{""energy"": 0.0, ""water"": 0.0, ""transport"": 0.0}",0.3,0.1,,0.44666666666666677,1.0,0.5533333333333332,1,"{""energy"": 0.6666666666666667, ""water"": 0.2666666666666667, ""transport"": 0.33333333333333337}","{""energy"": 1.0, ""water"": 1.0, ""transport"": 1.0}","{""energy"": 0.33333333333333326, ""water"": 0.7333333333333333, ""transport"": 0.6666666666666666}",3,0.6911789602414464,,,[],,v1.0,0.7,0.3
S4_water_partial,20,20,13640649211934408472,scenario=S4_water_partial|method=both|duration=0|theta=0.300000|delta_threshold=0.100000|A=v1.0|w=na|run_id=20|seed=13640649211934408472,False,"{""step_1_amount"": 0.615261580273367}",5222c37788a096d3910624247b4a1e76a3afcfe0df2ea7ddd6490cebc16a26a9,0.44666666666666677,0.6906328450772699,0.24396617841060309,30,0.0,0.0,0.44666666666666677,0.6906328450772699,0,1,0.24396617841060309,"{""energy"": 0.6666666666666667, ""water"": 0.2666666666666667, ""transport"": 0.33333333333333337}","{""energy"": 0.7704820617350084, ""water"": 0.7857436420083753, ""transport"": 0.489056425935846}","{""energy"": 0.1038153950683417, ""water"": 0.5190769753417086, ""transport"": 0.1557230926025126}","{""energy"": 0.0, ""water"": 0.0, ""transport"": 0.0}","{""energy"": 0.0, ""water"": 0.0, ""transport"": 0.0}","{""energy"": 0.0, ""water"": 0.0, ""transport"": 0.0}",0.3,0.1,,0.44666666666666677,1.0,0.5533333333333332,1,"{""energy"": 0.6666666666666667, ""water"": 0.2666666666666667, ""transport"": 0.33333333333333337}","{""energy"": 1.0, ""water"": 1.0, ""transport"": 1.0}","{""energy"": 0.33333333333333326, ""water"": 0.7333333333333333, ""transport"": 0.6666666666666666}",3,0.6906328450772699,,,[],,v1.0,0.7,0.3
S4_water_partial,21,21,15470122474697187459,scenario=S4_water_partial|method=both|duration=0|theta=0.300000|delta_threshold=0.100000|A=v1.0|w=na|run_id=21|seed=15470122474697187459,False,"{""step_1_amount"": 1.5452173444498771}",5222c37788a096d3910624247b4a1e76a3afcfe0df2ea7ddd6490cebc16a26a9,0.44666666666666677,0.8366666666666667,0.3899999999999999,18,0.0,1.0,0.44666666666666677,0.8366666666666667,1,1,0.3899999999999999,"{""energy"": 0.6666666666666667, ""water"": 0.2666666666666667, ""transport"": 0.33333333333333337}","{""energy"": 0.8666666666666667, ""water"": 1.0, ""transport"": 0.6333333333333333}","{""energy"": 0.19999999999999996, ""water"": 0.7333333333333333, ""transport"": 0.29999999999999993}","{""energy"": 0.0, ""water"": 0.0, ""transport"": 0.0}","{""energy"": 1.0, ""water"": 1.0, ""transport"": 1.0}","{""energy"": 1.0, ""water"": 1.0, ""transport"": 1.0}",0.3,0.1,,0.44666666666666677,1.0,0.5533333333333332,1,"{""energy"": 0.6666666666666667, ""water"": 0.2666666666666667, ""transport"": 0.33333333333333337}","{""energy"": 1.0, ""water"": 1.0, ""transport"": 1.0}","{""energy"": 0.33333333333333326, ""water"": 0.7333333333333333, ""transport"": 0.6666666666666666}",3,0.8366666666666667,,,"[""energy"", ""transport""]",1,v1.0,0.7,0.3
S4_water_partial,22,22,5940197039253332730,scenario=S4_water_partial|method=both|duration=0|theta=0.300000|delta_threshold=0.100000|A=v1.0|w=na|run_id=22|seed=5940197039253332730,False,"{""step_1_amount"": 0.5058086218530053}",5222c37788a096d3910624247b4a1e76a3afcfe0df2ea7ddd6490cebc16a26a9,0.44666666666666677,0.6263292320053073,0.17966256533864056,18,0.0,0.0,0.44666666666666677,0.6263292320053073,0,1,0.17966256533864056,"{""energy"": 0.6666666666666667, ""water"": 0.2666666666666667, ""transport"": 0.33333333333333337}","{""energy"": 0.7431188221299181, ""water"": 0.6489274439829233, ""transport"": 0.44801156652821034}","{""energy"": 0.07645215546325135, ""water"": 0.38226077731625663, ""transport"": 0.11467823319487697}","{""energy"": 0.0, ""water"": 0.0, ""transport"": 0.0}","{""energy"": 0.0, ""water"": 0.0, ""transport"": 0.0}","{""energy"": 0.0, ""water"": 0.0, ""transport"": 0.0}",0.3,0.1,,0.44666666666666677,1.0,0.5533333333333332,1,"{""energy"": 0.6666666666666667, ""water"": 0.2666666666666667, ""transport"": 0.33333333333333337}","{""energy"": 1.0, ""water"": 1.0, ""transport"": 1.0}","{""energy"": 0.33333333333333326, ""water"": 0.7333333333333333, ""transport"": 0.6666666666666666}",3,0.6263292320053073,,,[],,v1.0,0.7,0.3
S4_water_partial,23,23,15079937952478830977,scenario=S4_water_partial|method=both|duration=0|theta=0.300000|delta_threshold=0.100000|A=v1.0|w=na|run_id=23|seed=15079937952478830977,False,"{""step_1_amount"": 0.8963905041603135}",5222c37788a096d3910624247b4a1e76a3afcfe0df2ea7ddd6490cebc16a26a9,0.44666666666666677,0.8146496488007333,0.36798298213406655,30,0.0,1.0,0.44666666666666677,0.8146496488007333,1,1,0.36798298213406655,"{""energy"": 0.6666666666666667, ""water"": 0.2666666666666667, ""transport"": 0.33333333333333337}","{""energy"": 0.8407642927067451, ""water"": 1.0, ""transport"": 0.594479772393451}","{""energy"": 0.1740976260400784, ""water"": 0.7333333333333333, ""transport"": 0.2611464390601176}","{""energy"": 0.0, ""water"": 0.0, ""transport"": 0.0}","{""energy"": 1.0, ""water"": 1.0, ""transport"": 1.0}","{""energy"": 1.0, ""water"": 1.0, ""transport"": 1.0}",0.3,0.1,,0.44666666666666677,1.0,0.5533333333333332,1,"{""energy"": 0.6666666666666667, ""water"": 0.2666666666666667, ""transport"": 0.33333333333333337}","{""energy"": 1.0, ""water"": 1.0, ""transport"": 1.0}","{""energy"": 0.33333333333333326, ""water"": 0.7333333333333333, ""transport"": 0.6666666666666666}",3,0.8146496488007333,,,"[""energy"", ""transport""]",1,v1.0,0.7,0.3
S4_water_partial,24,24,18398304805037614264,scenario=S4_water_partial|method=both|duration=0|theta=0.300000|delta_threshold=0.100000|A=v1.0|w=na|run_id=24|seed=18398304805037614264,False,"{""step_1_amount"": 0.6922593542221586}",5222c37788a096d3910624247b4a1e76a3afcfe0df2ea7ddd6490cebc16a26a9,0.44666666666666677,0.8571960085016493,0.4105293418349826,25,0.0,0.0,0.44666666666666677,0.8571960085016493,0,1,0.4105293418349826,"{""energy"": 0.6666666666666667, ""water"": 0.2666666666666667, ""transport"": 0.33333333333333337}","{""energy"": 0.8655608622406217, ""water"": 0.9325437641233085, ""transport"": 0.7706951145613606}","{""energy"": 0.19889419557395493, ""water"": 0.6658770974566418, ""transport"": 0.43736178122802727}","{""energy"": 0.0, ""water"": 0.0, ""transport"": 0.0}","{""energy"": 0.0, ""water"": 0.0, ""transport"": 0.0}","{""energy"": 0.0, ""water"": 0.0, ""transport"": 0.0}",0.3,0.1,,0.44666666666666677,1.0,0.5533333333333332,1,"{""energy"": 0.6666666666666667, ""water"": 0.2666666666666667, ""transport"": 0.33333333333333337}","{""energy"": 1.0, ""water"": 1.0, ""transport"": 1.0}","{""energy"": 0.33333333333333326, ""water"": 0.7333333333333333, ""transport"": 0.6666666666666666}",3,0.8571960085016493,,,[],,v1.0,0.7,0.3
S4_water_partial,25,25,2364586817660495334,scenario=S4_water_partial|method=both|duration=0|theta=0.300000|delta_threshold=0.100000|A=v1.0|w=na|run_id=25|seed=2364586817660495334,False,"{""step_1_amount"": 0.7680099177479067}",5222c37788a096d3910624247b4a1e76a3afcfe0df2ea7ddd6490cebc16a26a9,0.44666666666666677,0.9027393789673374,0.4560727123006706,9,0.0,1.0,0.44666666666666677,0.9027393789673374,1,1,0.4560727123006706,"{""energy"": 0.6666666666666667, ""water"": 0.2666666666666667, ""transport"": 0.33333333333333337}","{""energy"": 0.891076720945958, ""water"": 1.0, ""transport"": 0.8210289686298471}","{""energy"": 0.22441005427929128, ""water"": 0.7333333333333333, ""transport"": 0.4876956352965137}","{""energy"": 0.0, ""water"": 0.0, ""transport"": 0.0}","{""energy"": 1.0, ""water"": 1.0, ""transport"": 1.0}","{""energy"": 1.0, ""water"": 1.0, ""transport"": 1.0}",0.3,0.1,,0.44666666666666677,1.0,0.5533333333333332,1,"{""energy"": 0.6666666666666667, ""water"": 0.2666666666666667, ""transport"": 0.33333333333333337}","{""energy"": 1.0, ""water"": 1.0, ""transport"": 1.0}","{""energy"": 0.33333333333333326, ""water"": 0.7333333333333333, ""transport"": 0.6666666666666666}",3,0.9027393789673374,,,"[""energy"", ""transport""]",1,v1.0,0.7,0.3
S4_water_partial,26,26,8196816392734326037,scenario=S4_water_partial|method=both|duration=0|theta=0.300000|delta_threshold=0.100000|A=v1.0|w=na|run_id=26|seed=8196816392734326037,False,"{""step_1_amount"": 0.7215723285584263}",5222c37788a096d3910624247b4a1e76a3afcfe0df2ea7ddd6490cebc16a26a9,0.44666666666666677,0.7530904096947423,0.3064237430280755,28,0.0,0.0,0.44666666666666677,0.7530904096947423,0,1,0.3064237430280755,"{""energy"": 0.6666666666666667, ""water"": 0.2666666666666667, ""transport"": 0.33333333333333337}","{""energy"": 0.7970597488062734, ""water"": 0.9186320773646997, ""transport"": 0.5289229565427432}","{""energy"": 0.13039308213960665, ""water"": 0.6519654106980329, ""transport"": 0.19558962320940987}","{""energy"": 0.0, ""water"": 0.0, ""transport"": 0.0}","{""energy"": 0.0, ""water"": 0.0, ""transport"": 0.0}","{""energy"": 0.0, ""water"": 0.0, ""transport"": 0.0}",0.3,0.1,,0.44666666666666677,1.0,0.5533333333333332,1,"{""energy"": 0.6666666666666667, ""water"": 0.2666666666666667, ""transport"": 0.33333333333333337}","{""energy"": 1.0, ""water"": 1.0, ""transport"": 1.0}","{""energy"": 0.33333333333333326, ""water"": 0.7333333333333333, ""transport"": 0.6666666666666666}",3,0.7530904096947423,,,[],,v1.0,0.7,0.3
S4_water_partial,27,27,3007928521934060512,scenario=S4_water_partial|method=both|duration=0|theta=0.300000|delta_threshold=0.100000|A=v1.0|w=na|run_id=27|seed=3007928521934060512,False,"{""step_1_amount"": 0.11903458292010444}",5222c37788a096d3910624247b4a1e76a3afcfe0df2ea7ddd6490cebc16a26a9,0.44666666666666677,0.44666666666666677,0.0,18,0.0,0.0,0.44666666666666677,0.44666666666666677,0,0,0.0,"{""energy"": 0.6666666666666667, ""water"": 0.2666666666666667, ""transport"": 0.33333333333333337}","{""energy"": 0.6666666666666667, ""water"": 0.2666666666666667, ""transport"": 0.33333333333333337}","{""energy"": 0.0, ""water"": 0.0, ""transport"": 0.0}","{""energy"": 0.0, ""water"": 0.0, ""transport"": 0.0}","{""energy"": 0.0, ""water"": 0.0, ""transport"": 0.0}","{""energy"": 0.0, ""water"": 0.0, ""transport"": 0.0}",0.3,0.1,,0.44666666666666677,1.0,0.5533333333333332,1,"{""energy"": 0.6666666666666667, ""water"": 0.2666666666666667, ""transport"": 0.33333333333333337}","{""energy"": 1.0, ""water"": 1.0, ""transport"": 1.0}","{""energy"": 0.33333333333333326, ""water"": 0.7333333333333333, ""transport"": 0.6666666666666666}",4,0.44666666666666677,,,[],,v1.0,0.7,0.3
S4_water_partial,28,28,18102942462236469828,scenario=S4_water_partial|method=both|duration=0|theta=0.300000|delta_threshold=0.100000|A=v1.0|w=na|run_id=28|seed=18102942462236469828,False,"{""step_1_amount"": 0.9617066643427546}",5222c37788a096d3910624247b4a1e76a3afcfe0df2ea7ddd6490cebc16a26a9,0.44666666666666677,0.9297062343434459,0.48303956767677914,26,0.0,1.0,0.44666666666666677,0.9297062343434459,1,1,0.48303956767677914,"{""energy"": 0.6666666666666667, ""water"": 0.2666666666666667, ""transport"": 0.33333333333333337}","{""energy"": 0.9293625481123152, ""water"": 1.0, ""transport"": 0.8598707169950657}","{""energy"": 0.2626958814456485, ""water"": 0.7333333333333333, ""transport"": 0.5265373836617323}","{""energy"": 0.0, ""water"": 0.0, ""transport"": 0.0}","{""energy"": 1.0, ""water"": 1.0, ""transport"": 1.0}","{""energy"": 1.0, ""water"": 1.0, ""transport"": 1.0}",0.3,0.1,,0.44666666666666677,1.0,0.5533333333333332,1,"{""energy"": 0.6666666666666667, ""water"": 0.2666666666666667, ""transport"": 0.33333333333333337}","{""energy"": 1.0, ""water"": 1.0, ""transport"": 1.0}","{""energy"": 0.33333333333333326, ""water"": 0.7333333333333333, ""transport"": 0.6666666666666666}",3,0.9297062343434459,,,"[""energy"", ""transport""]",1,v1.0,0.7,0.3
S4_water_partial,29,29,6413856347726543668,scenario=S4_water_partial|method=both|duration=0|theta=0.300000|delta_threshold=0.100000|A=v1.0|w=na|run_id=29|seed=6413856347726543668,False,"{""step_1_amount"": 0.8085992841622165}",5222c37788a096d3910624247b4a1e76a3afcfe0df2ea7ddd6490cebc16a26a9,0.44666666666666677,0.7959940145511377,0.34932734788447095,28,0.0,1.0,0.44666666666666677,0.7959940145511377,1,1,0.34932734788447095,"{""energy"": 0.6666666666666667, ""water"": 0.2666666666666667, ""transport"": 0.33333333333333337}","{""energy"": 0.8188164877072208, ""water"": 1.0, ""transport"": 0.5615580648941645}","{""energy"": 0.15214982104055408, ""water"": 0.7333333333333333, ""transport"": 0.22822473156083112}","{""energy"": 0.0, ""water"": 0.0, ""transport"": 0.0}","{""energy"": 1.0, ""water"": 1.0, ""transport"": 1.0}","{""energy"": 1.0, ""water"": 1.0, ""transport"": 1.0}",0.3,0.1,,0.44666666666666677,1.0,0.5533333333333332,1,"{""energy"": 0.6666666666666667, ""water"": 0.2666666666666667, ""transport"": 0.33333333333333337}","{""energy"": 1.0, ""water"": 1.0, ""transport"": 1.0}","{""energy"": 0.33333333333333326, ""water"": 0.7333333333333333, ""transport"": 0.6666666666666666}",3,0.7959940145511377,,,"[""energy"", ""transport""]",1,v1.0,0.7,0.3
S4_water_partial,30,30,12627893614935164751,scenario=S4_water_partial|method=both|duration=0|theta=0.300000|delta_threshold=0.100000|A=v1.0|w=na|run_id=30|seed=12627893614935164751,False,"{""step_1_amount"": 0.894216948739696}",5222c37788a096d3910624247b4a1e76a3afcfe0df2ea7ddd6490cebc16a26a9,0.44666666666666677,0.8141877682738521,0.3675211016071853,9,0.0,1.0,0.44666666666666677,0.8141877682738521,1,1,0.3675211016071853,"{""energy"": 0.6666666666666667, ""water"": 0.2666666666666667, ""transport"": 0.33333333333333337}","{""energy"": 0.8402209038515908, ""water"": 1.0, ""transport"": 0.5936646891107193}","{""energy"": 0.17355423718492402, ""water"": 0.7333333333333333, ""transport"": 0.260331355777386}","{""energy"": 0.0, ""water"": 0.0, ""transport"": 0.0}","{""energy"": 1.0, ""water"": 1.0, ""transport"": 1.0}","{""energy"": 1.0, ""water"": 1.0, ""transport"": 1.0}",0.3,0.1,,0.44666666666666677,1.0,0.5533333333333332,1,"{""energy"": 0.6666666666666667, ""water"": 0.2666666666666667, ""transport"": 0.33333333333333337}","{""energy"": 1.0, ""water"": 1.0, ""transport"": 1.0}","{""energy"": 0.33333333333333326, ""water"": 0.7333333333333333, ""transport"": 0.6666666666666666}",3,0.8141877682738521,,,"[""energy"", ""transport""]",1,v1.0,0.7,0.3
S4_water_partial,31,31,909690535146821269,scenario=S4_water_partial|method=both|duration=0|theta=0.300000|delta_threshold=0.100000|A=v1.0|w=na|run_id=31|seed=909690535146821269,False,"{""step_1_amount"": 0.5811862492884632}",5222c37788a096d3910624247b4a1e76a3afcfe0df2ea7ddd6490cebc16a26a9,0.44666666666666677,0.6706135881236388,0.22394692145697204,19,0.0,0.0,0.44666666666666677,0.6706135881236388,0,1,0.22394692145697204,"{""energy"": 0.6666666666666667, ""water"": 0.2666666666666667, ""transport"": 0.33333333333333337}","{""energy"": 0.7619632289887825, ""water"": 0.7431494782772456, ""transport"": 0.4762781768165071}","{""energy"": 0.09529656232211581, ""water"": 0.4764828116105789, ""transport"": 0.1429448434831737}","{""energy"": 0.0, ""water"": 0.0, ""transport"": 0.0}","{""energy"": 0.0, ""water"": 0.0, ""transport"": 0.0}","{""energy"": 0.0, ""water"": 0.0, ""transport"": 0.0}",0.3,0.1,,0.44666666666666677,1.0,0.5533333333333332,1,"{""energy"": 0.6666666666666667, ""water"": 0.2666666666666667, ""transport"": 0.33333333333333337}","{""energy"": 1.0, ""water"": 1.0, ""transport"": 1.0}","{""energy"": 0.33333333333333326, ""water"": 0.7333333333333333, ""transport"": 0.6666666666666666}",3,0.6706135881236388,,,[],,v1.0,0.7,0.3
S4_water_partial,32,32,17791115670937532745,scenario=S4_water_partial|method=both|duration=0|theta=0.300000|delta_threshold=0.100000|A=v1.0|w=na|run_id=32|seed=17791115670937532745,False,"{""step_1_amount"": 0.49689168384239346}",5222c37788a096d3910624247b4a1e76a3afcfe0df2ea7ddd6490cebc16a26a9,0.44666666666666677,0.6210905309240728,0.17442386425740608,17,0.0,0.0,0.44666666666666677,0.6210905309240728,0,1,0.17442386425740608,"{""energy"": 0.6666666666666667, ""water"": 0.2666666666666667, ""transport"": 0.33333333333333337}","{""energy"": 0.7408895876272651, ""water"": 0.6377812714696585, ""transport"": 0.4446677147742309}","{""energy"": 0.07422292096059835, ""water"": 0.37111460480299174, ""transport"": 0.11133438144089752}","{""energy"": 0.0, ""water"": 0.0, ""transport"": 0.0}","{""energy"": 0.0, ""water"": 0.0, ""transport"": 0.0}","{""energy"": 0.0, ""water"": 0.0, ""transport"": 0.0}",0.3,0.1,,0.44666666666666677,1.0,0.5533333333333332,1,"{""energy"": 0.6666666666666667, ""water"": 0.2666666666666667, ""transport"": 0.33333333333333337}","{""energy"": 1.0, ""water"": 1.0, ""transport"": 1.0}","{""energy"": 0.33333333333333326, ""water"": 0.7333333333333333, ""transport"": 0.6666666666666666}",3,0.6210905309240728,,,[],,v1.0,0.7,0.3
S4_water_partial,33,33,10347521973348156400,scenario=S4_water_partial|method=both|duration=0|theta=0.300000|delta_threshold=0.100000|A=v1.0|w=na|run_id=33|seed=10347521973348156400,False,"{""step_1_amount"": 1.4529870028426373}",5222c37788a096d3910624247b4a1e76a3afcfe0df2ea7ddd6490cebc16a26a9,0.44666666666666677,0.9421671131657273,0.49550044649906055,23,0.0,1.0,0.44666666666666677,0.9421671131657273,1,1,0.49550044649906055,"{""energy"": 0.6666666666666667, ""water"": 0.2666666666666667, ""transport"": 0.33333333333333337}","{""energy"": 0.9420241284517101, ""water"": 1.0, ""transport"": 0.884524872616811}","{""energy"": 0.2753574617850434, ""water"": 0.7333333333333333, ""transport"": 0.5511915392834776}","{""energy"": 0.0, ""water"": 0.0, ""transport"": 0.0}","{""energy"": 1.0, ""water"": 1.0, ""transport"": 1.0}","{""energy"": 1.0, ""water"": 1.0, ""transport"": 1.0}",0.3,0.1,,0.44666666666666677,1.0,0.5533333333333332,1,"{""energy"": 0.6666666666666667, ""water"": 0.2666666666666667, ""transport"": 0.33333333333333337}","{""energy"": 1.0, ""water"": 1.0, ""transport"": 1.0}","{""energy"": 0.33333333333333326, ""water"": 0.7333333333333333, ""transport"": 0.6666666666666666}",3,0.9421671131657273,,,"[""energy"", ""transport""]",1,v1.0,0.7,0.3
S4_water_partial,34,34,17202410043010978944,scenario=S4_water_partial|method=both|duration=0|theta=0.300000|delta_threshold=0.100000|A=v1.0|w=na|run_id=34|seed=17202410043010978944,False,"{""step_1_amount"": 0.5993949890118656}",5222c37788a096d3910624247b4a1e76a3afcfe0df2ea7ddd6490cebc16a26a9,0.44666666666666677,0.6813112227111378,0.234644556044471,17,0.0,0.0,0.44666666666666677,0.6813112227111378,0,1,0.234644556044471,"{""energy"": 0.6666666666666667, ""water"": 0.2666666666666667, ""transport"": 0.33333333333333337}","{""energy"": 0.7665154139196332, ""water"": 0.7659104029314987, ""transport"": 0.483106454212783}","{""energy"": 0.09984874725296644, ""water"": 0.499243736264832, ""transport"": 0.1497731208794496}","{""energy"": 0.0, ""water"": 0.0, ""transport"": 0.0}","{""energy"": 0.0, ""water"": 0.0, ""transport"": 0.0}","{""energy"": 0.0, ""water"": 0.0, ""transport"": 0.0}",0.3,0.1,,0.44666666666666677,1.0,0.5533333333333332,1,"{""energy"": 0.6666666666666667, ""water"": 0.2666666666666667, ""transport"": 0.33333333333333337}","{""energy"": 1.0, ""water"": 1.0, ""transport"": 1.0}","{""energy"": 0.33333333333333326, ""water"": 0.7333333333333333, ""transport"": 0.6666666666666666}",3,0.6813112227111378,,,[],,v1.0,0.7,0.3
S4_water_partial,35,35,841781259846663069,scenario=S4_water_partial|method=both|duration=0|theta=0.300000|delta_threshold=0.100000|A=v1.0|w=na|run_id=35|seed=841781259846663069,False,"{""step_1_amount"": 0.7522821426109865}",5222c37788a096d3910624247b4a1e76a3afcfe0df2ea7ddd6490cebc16a26a9,0.44666666666666677,0.7711324254506213,0.32446575878395456,27,0.0,0.0,0.44666666666666677,0.7711324254506213,0,1,0.32446575878395456,"{""energy"": 0.6666666666666667, ""water"": 0.2666666666666667, ""transport"": 0.33333333333333337}","{""energy"": 0.8047372023194134, ""water"": 0.9570193449303999, ""transport"": 0.5404391368124533}","{""energy"": 0.13807053565274663, ""water"": 0.6903526782637331, ""transport"": 0.2071058034791199}","{""energy"": 0.0, ""water"": 0.0, ""transport"": 0.0}","{""energy"": 0.0, ""water"": 0.0, ""transport"": 0.0}","{""energy"": 0.0, ""water"": 0.0, ""transport"": 0.0}",0.3,0.1,,0.44666666666666677,1.0,0.5533333333333332,1,"{""energy"": 0.6666666666666667, ""water"": 0.2666666666666667, ""transport"": 0.33333333333333337}","{""energy"": 1.0, ""water"": 1.0, ""transport"": 1.0}","{""energy"": 0.33333333333333326, ""water"": 0.7333333333333333, ""transport"": 0.6666666666666666}",3,0.7711324254506213,,,[],,v1.0,0.7,0.3
S4_water_partial,36,36,12058017244859475611,scenario=S4_water_partial|method=both|duration=0|theta=0.300000|delta_threshold=0.100000|A=v1.0|w=na|run_id=36|seed=12058017244859475611,False,"{""step_1_amount"": 0.44344408343374153}",5222c37788a096d3910624247b4a1e76a3afcfe0df2ea7ddd6490cebc16a26a9,0.44666666666666677,0.5896900656839899,0.14302339901732308,24,0.0,0.0,0.44666666666666677,0.5896900656839899,0,0,0.14302339901732308,"{""energy"": 0.6666666666666667, ""water"": 0.2666666666666667, ""transport"": 0.33333333333333337}","{""energy"": 0.7275276875251021, ""water"": 0.5709717709588435, ""transport"": 0.4246248646209864}","{""energy"": 0.060861020858435366, ""water"": 0.30430510429217683, ""transport"": 0.09129153128765305}","{""energy"": 0.0, ""water"": 0.0, ""transport"": 0.0}","{""energy"": 0.0, ""water"": 0.0, ""transport"": 0.0}","{""energy"": 0.0, ""water"": 0.0, ""transport"": 0.0}",0.3,0.1,,0.44666666666666677,1.0,0.5533333333333332,1,"{""energy"": 0.6666666666666667, ""water"": 0.2666666666666667, ""transport"": 0.33333333333333337}","{""energy"": 1.0, ""water"": 1.0, ""transport"": 1.0}","{""energy"": 0.33333333333333326, ""water"": 0.7333333333333333, ""transport"": 0.6666666666666666}",4,0.5896900656839899,,,[],,v1.0,0.7,0.3
S4_water_partial,37,37,13685498511174957915,scenario=S4_water_partial|method=both|duration=0|theta=0.300000|delta_threshold=0.100000|A=v1.0|w=na|run_id=37|seed=13685498511174957915,False,"{""step_1_amount"": 0.6188346639421406}",5222c37788a096d3910624247b4a1e76a3afcfe0df2ea7ddd6490cebc16a26a9,0.44666666666666677,0.6927320317326744,0.24606536506600762,12,0.0,0.0,0.44666666666666677,0.6927320317326744,0,1,0.24606536506600762,"{""energy"": 0.6666666666666667, ""water"": 0.2666666666666667, ""transport"": 0.33333333333333337}","{""energy"": 0.7713753326522019, ""water"": 0.7902099965943425, ""transport"": 0.49039633231163615}","{""energy"": 0.10470866598553519, ""water"": 0.5235433299276758, ""transport"": 0.15706299897830278}","{""energy"": 0.0, ""water"": 0.0, ""transport"": 0.0}","{""energy"": 0.0, ""water"": 0.0, ""transport"": 0.0}","{""energy"": 0.0, ""water"": 0.0, ""transport"": 0.0}",0.3,0.1,,0.44666666666666677,1.0,0.5533333333333332,1,"{""energy"": 0.6666666666666667, ""water"": 0.2666666666666667, ""transport"": 0.33333333333333337}","{""energy"": 1.0, ""water"": 1.0, ""transport"": 1.0}","{""energy"": 0.33333333333333326, ""water"": 0.7333333333333333, ""transport"": 0.6666666666666666}",3,0.6927320317326744,,,[],,v1.0,0.7,0.3
S4_water_partial,38,38,4940284560367536149,scenario=S4_water_partial|method=both|duration=0|theta=0.300000|delta_threshold=0.100000|A=v1.0|w=na|run_id=38|seed=4940284560367536149,False,"{""step_1_amount"": 0.9464043742841548}",5222c37788a096d3910624247b4a1e76a3afcfe0df2ea7ddd6490cebc16a26a9,0.44666666666666677,0.8252775962020495,0.3786109295353828,17,0.0,1.0,0.44666666666666677,0.8252775962020495,1,1,0.3786109295353828,"{""energy"": 0.6666666666666667, ""water"": 0.2666666666666667, ""transport"": 0.33333333333333337}","{""energy"": 0.8532677602377055, ""water"": 1.0, ""transport"": 0.6132349736898914}","{""energy"": 0.1866010935710387, ""water"": 0.7333333333333333, ""transport"": 0.27990164035655807}","{""energy"": 0.0, ""water"": 0.0, ""transport"": 0.0}","{""energy"": 1.0, ""water"": 1.0, ""transport"": 1.0}","{""energy"": 1.0, ""water"": 1.0, ""transport"": 1.0}",0.3,0.1,,0.44666666666666677,1.0,0.5533333333333332,1,"{""energy"": 0.6666666666666667, ""water"": 0.2666666666666667, ""transport"": 0.33333333333333337}","{""energy"": 1.0, ""water"": 1.0, ""transport"": 1.0}","{""energy"": 0.33333333333333326, ""water"": 0.7333333333333333, ""transport"": 0.6666666666666666}",3,0.8252775962020495,,,"[""energy"", ""transport""]",1,v1.0,0.7,0.3
S4_water_partial,39,39,11740285691425283413,scenario=S4_water_partial|method=both|duration=0|theta=0.300000|delta_threshold=0.100000|A=v1.0|w=na|run_id=39|seed=11740285691425283413,False,"{""step_1_amount"": 1.1202570556436755}",5222c37788a096d3910624247b4a1e76a3afcfe0df2ea7ddd6490cebc16a26a9,0.44666666666666677,0.8366666666666667,0.3899999999999999,6,0.0,1.0,0.44666666666666677,0.8366666666666667,1,1,0.3899999999999999,"{""energy"": 0.6666666666666667, ""water"": 0.2666666666666667, ""transport"": 0.33333333333333337}","{""energy"": 0.8666666666666667, ""water"": 1.0, ""transport"": 0.6333333333333333}","{""energy"": 0.19999999999999996, ""water"": 0.7333333333333333, ""transport"": 0.29999999999999993}","{""energy"": 0.0, ""water"": 0.0, ""transport"": 0.0}","{""energy"": 1.0, ""water"": 1.0, ""transport"": 1.0}","{""energy"": 1.0, ""water"": 1.0, ""transport"": 1.0}",0.3,0.1,,0.44666666666666677,1.0,0.5533333333333332,1,"{""energy"": 0.6666666666666667, ""water"": 0.2666666666666667, ""transport"": 0.33333333333333337}","{""energy"": 1.0, ""water"": 1.0, ""transport"": 1.0}","{""energy"": 0.33333333333333326, ""water"": 0.7333333333333333, ""transport"": 0.6666666666666666}",3,0.8366666666666667,,,"[""energy"", ""transport""]",1,v1.0,0.7,0.3
S4_water_partial,40,40,17360560650164099058,scenario=S4_water_partial|method=both|duration=0|theta=0.300000|delta_threshold=0.100000|A=v1.0|w=na|run_id=40|seed=17360560650164099058,False,"{""step_1_amount"": 0.797861640768382}",5222c37788a096d3910624247b4a1e76a3afcfe0df2ea7ddd6490cebc16a26a9,0.44666666666666677,0.807248981732291,0.3605823150656242,11,0.0,1.0,0.44666666666666677,0.807248981732291,1,1,0.3605823150656242,"{""energy"": 0.6666666666666667, ""water"": 0.2666666666666667, ""transport"": 0.33333333333333337}","{""energy"": 0.832057625567401, ""water"": 1.0, ""transport"": 0.5814197716844348}","{""energy"": 0.1653909589007343, ""water"": 0.7333333333333333, ""transport"": 0.24808643835110145}","{""energy"": 0.0, ""water"": 0.0, ""transport"": 0.0}","{""energy"": 1.0, ""water"": 1.0, ""transport"": 1.0}","{""energy"": 1.0, ""water"": 1.0, ""transport"": 1.0}",0.3,0.1,,0.44666666666666677,1.0,0.5533333333333332,1,"{""energy"": 0.6666666666666667, ""water"": 0.2666666666666667, ""transport"": 0.33333333333333337}","{""energy"": 1.0, ""water"": 1.0, ""transport"": 1.0}","{""energy"": 0.33333333333333326, ""water"": 0.7333333333333333, ""transport"": 0.6666666666666666}",3,0.807248981732291,,,"[""energy"", ""transport""]",1,v1.0,0.7,0.3
S4_water_partial,41,41,16036444718172029513,scenario=S4_water_partial|method=both|duration=0|theta=0.300000|delta_threshold=0.100000|A=v1.0|w=na|run_id=41|seed=16036444718172029513,False,"{""step_1_amount"": 0.5635773382739099}",5222c37788a096d3910624247b4a1e76a3afcfe0df2ea7ddd6490cebc16a26a9,0.44666666666666677,0.9361996428418857,0.48953297617521896,15,0.0,0.0,0.44666666666666677,0.9361996428418857,0,1,0.48953297617521896,"{""energy"": 0.6666666666666667, ""water"": 0.2666666666666667, ""transport"": 0.33333333333333337}","{""energy"": 0.9522839020603304, ""water"": 0.850953606725845, ""transport"": 1.0}","{""energy"": 0.2856172353936637, ""water"": 0.5842869400591783, ""transport"": 0.6666666666666666}","{""energy"": 0.0, ""water"": 0.0, ""transport"": 0.0}","{""energy"": 0.0, ""water"": 0.0, ""transport"": 0.0}","{""energy"": 0.0, ""water"": 0.0, ""transport"": 0.0}",0.3,0.1,,0.44666666666666677,1.0,0.5533333333333332,1,"{""energy"": 0.6666666666666667, ""water"": 0.2666666666666667, ""transport"": 0.33333333333333337}","{""energy"": 1.0, ""water"": 1.0, ""transport"": 1.0}","{""energy"": 0.33333333333333326, ""water"": 0.7333333333333333, ""transport"": 0.6666666666666666}",3,0.9361996428418857,,,[],,v1.0,0.7,0.3
S4_water_partial,42,42,11652405765506262032,scenario=S4_water_partial|method=both|duration=0|theta=0.300000|delta_threshold=0.100000|A=v1.0|w=na|run_id=42|seed=11652405765506262032,False,"{""step_1_amount"": 1.0199059612961547}",5222c37788a096d3910624247b4a1e76a3afcfe0df2ea7ddd6490cebc16a26a9,0.44666666666666677,0.8366666666666667,0.3899999999999999,10,0.0,1.0,0.44666666666666677,0.8366666666666667,1,1,0.3899999999999999,"{""energy"": 0.6666666666666667, ""water"": 0.2666666666666667, ""transport"": 0.33333333333333337}","{""energy"": 0.8666666666666667, ""water"": 1.0, ""transport"": 0.6333333333333333}","{""energy"": 0.19999999999999996, ""water"": 0.7333333333333333, ""transport"": 0.29999999999999993}","{""energy"": 0.0, ""water"": 0.0, ""transport"": 0.0}","{""energy"": 1.0, ""water"": 1.0, ""transport"": 1.0}","{""energy"": 1.0, ""water"": 1.0, ""transport"": 1.0}",0.3,0.1,,0.44666666666666677,1.0,0.5533333333333332,1,"{""energy"": 0.6666666666666667, ""water"": 0.2666666666666667, ""transport"": 0.33333333333333337}","{""energy"": 1.0, ""water"": 1.0, ""transport"": 1.0}","{""energy"": 0.33333333333333326, ""water"": 0.7333333333333333, ""transport"": 0.6666666666666666}",3,0.8366666666666667,,,"[""energy"", ""transport""]",1,v1.0,0.7,0.3
S4_water_partial,43,43,2850560672235176225,scenario=S4_water_partial|method=both|duration=0|theta=0.300000|delta_threshold=0.100000|A=v1.0|w=na|run_id=43|seed=2850560672235176225,False,"{""step_1_amount"": 0.48066535390166854}",5222c37788a096d3910624247b4a1e76a3afcfe0df2ea7ddd6490cebc16a26a9,0.44666666666666677,0.611557562083897,0.16489089541723023,20,0.0,0.0,0.44666666666666677,0.611557562083897,0,1,0.16489089541723023,"{""energy"": 0.6666666666666667, ""water"": 0.2666666666666667, ""transport"": 0.33333333333333337}","{""energy"": 0.7368330051420839, ""water"": 0.6174983590437524, ""transport"": 0.43858284104645906}","{""energy"": 0.0701663384754172, ""water"": 0.35083169237708567, ""transport"": 0.10524950771312569}","{""energy"": 0.0, ""water"": 0.0, ""transport"": 0.0}","{""energy"": 0.0, ""water"": 0.0, ""transport"": 0.0}","{""energy"": 0.0, ""water"": 0.0, ""transport"": 0.0}",0.3,0.1,,0.44666666666666677,1.0,0.5533333333333332,1,"{""energy"": 0.6666666666666667, ""water"": 0.2666666666666667, ""transport"": 0.33333333333333337}","{""energy"": 1.0, ""water"": 1.0, ""transport"": 1.0}","{""energy"": 0.33333333333333326, ""water"": 0.7333333333333333, ""transport"": 0.6666666666666666}",4,0.611557562083897,,,[],,v1.0,0.7,0.3
S4_water_partial,44,44,10810536567327217450,scenario=S4_water_partial|method=both|duration=0|theta=0.300000|delta_threshold=0.100000|A=v1.0|w=na|run_id=44|seed=10810536567327217450,False,"{""step_1_amount"": 0.7138809813212256}",5222c37788a096d3910624247b4a1e76a3afcfe0df2ea7ddd6490cebc16a26a9,0.44666666666666677,0.7485717431928868,0.30190507652622,28,0.0,0.0,0.44666666666666677,0.7485717431928868,0,1,0.30190507652622,"{""energy"": 0.6666666666666667, ""water"": 0.2666666666666667, ""transport"": 0.33333333333333337}","{""energy"": 0.7951369119969731, ""water"": 0.9090178933181987, ""transport"": 0.5260387013287929}","{""energy"": 0.12847024533030638, ""water"": 0.642351226651532, ""transport"": 0.19270536799545956}","{""energy"": 0.0, ""water"": 0.0, ""transport"": 0.0}","{""energy"": 0.0, ""water"": 0.0, ""transport"": 0.0}","{""energy"": 0.0, ""water"": 0.0, ""transport"": 0.0}",0.3,0.1,,0.44666666666666677,1.0,0.5533333333333332,1,"{""energy"": 0.6666666666666667, ""water"": 0.2666666666666667, ""transport"": 0.33333333333333337}","{""energy"": 1.0, ""water"": 1.0, ""transport"": 1.0}","{""energy"": 0.33333333333333326, ""water"": 0.7333333333333333, ""transport"": 0.6666666666666666}",3,0.7485717431928868,,,[],,v1.0,0.7,0.3
S4_water_partial,45,45,9766553461246277721,scenario=S4_water_partial|method=both|duration=0|theta=0.300000|delta_threshold=0.100000|A=v1.0|w=na|run_id=45|seed=9766553461246277721,False,"{""step_1_amount"": 0.7674233424104885}",5222c37788a096d3910624247b4a1e76a3afcfe0df2ea7ddd6490cebc16a26a9,0.44666666666666677,0.896910254811148,0.4502435881444813,27,0.0,1.0,0.44666666666666677,0.896910254811148,1,1,0.4502435881444813,"{""energy"": 0.6666666666666667, ""water"": 0.2666666666666667, ""transport"": 0.33333333333333337}","{""energy"": 0.8868554507566121, ""water"": 1.0, ""transport"": 0.8072269150283439}","{""energy"": 0.22018878408994536, ""water"": 0.7333333333333333, ""transport"": 0.4738935816950105}","{""energy"": 0.0, ""water"": 0.0, ""transport"": 0.0}","{""energy"": 1.0, ""water"": 1.0, ""transport"": 1.0}","{""energy"": 1.0, ""water"": 1.0, ""transport"": 1.0}",0.3,0.1,,0.44666666666666677,1.0,0.5533333333333332,1,"{""energy"": 0.6666666666666667, ""water"": 0.2666666666666667, ""transport"": 0.33333333333333337}","{""energy"": 1.0, ""water"": 1.0, ""transport"": 1.0}","{""energy"": 0.33333333333333326, ""water"": 0.7333333333333333, ""transport"": 0.6666666666666666}",3,0.896910254811148,,,"[""energy"", ""transport""]",1,v1.0,0.7,0.3
S4_water_partial,46,46,8486792860555470012,scenario=S4_water_partial|method=both|duration=0|theta=0.300000|delta_threshold=0.100000|A=v1.0|w=na|run_id=46|seed=8486792860555470012,False,"{""step_1_amount"": 0.5050231841046766}",5222c37788a096d3910624247b4a1e76a3afcfe0df2ea7ddd6490cebc16a26a9,0.44666666666666677,0.9077688026695057,0.4611021360028389,24,0.0,0.0,0.44666666666666677,0.9077688026695057,0,1,0.4611021360028389,"{""energy"": 0.6666666666666667, ""water"": 0.2666666666666667, ""transport"": 0.33333333333333337}","{""energy"": 0.9366160019480316, ""water"": 0.777074672967643, ""transport"": 1.0}","{""energy"": 0.2699493352813649, ""water"": 0.5104080063009763, ""transport"": 0.6666666666666666}","{""energy"": 0.0, ""water"": 0.0, ""transport"": 0.0}","{""energy"": 0.0, ""water"": 0.0, ""transport"": 0.0}","{""energy"": 0.0, ""water"": 0.0, ""transport"": 0.0}",0.3,0.1,,0.44666666666666677,1.0,0.5533333333333332,1,"{""energy"": 0.6666666666666667, ""water"": 0.2666666666666667, ""transport"": 0.33333333333333337}","{""energy"": 1.0, ""water"": 1.0, ""transport"": 1.0}","{""energy"": 0.33333333333333326, ""water"": 0.7333333333333333, ""transport"": 0.6666666666666666}",3,0.9077688026695057,,,[],,v1.0,0.7,0.3
S4_water_partial,47,47,14718045167175309202,scenario=S4_water_partial|method=both|duration=0|theta=0.300000|delta_threshold=0.100000|A=v1.0|w=na|run_id=47|seed=14718045167175309202,False,"{""step_1_amount"": 0.8716143514596846}",5222c37788a096d3910624247b4a1e76a3afcfe0df2ea7ddd6490cebc16a26a9,0.44666666666666677,1.0,0.5533333333333332,17,0.0,1.0,0.44666666666666677,1.0,1,1,0.5533333333333332,"{""energy"": 0.6666666666666667, ""water"": 0.2666666666666667, ""transport"": 0.33333333333333337}","{""energy"": 1.0, ""water"": 1.0, ""transport"": 1.0}","{""energy"": 0.33333333333333326, ""water"": 0.7333333333333333, ""transport"": 0.6666666666666666}","{""energy"": 0.0, ""water"": 0.0, ""transport"": 0.0}","{""energy"": 1.0, ""water"": 1.0, ""transport"": 1.0}","{""energy"": 1.0, ""water"": 1.0, ""transport"": 1.0}",0.3,0.1,,0.44666666666666677,1.0,0.5533333333333332,1,"{""energy"": 0.6666666666666667, ""water"": 0.2666666666666667, ""transport"": 0.33333333333333337}","{""energy"": 1.0, ""water"": 1.0, ""transport"": 1.0}","{""energy"": 0.33333333333333326, ""water"": 0.7333333333333333, ""transport"": 0.6666666666666666}",2,1.0,,,"[""energy"", ""transport""]",1,v1.0,0.7,0.3
S4_water_partial,48,48,11348723768287533545,scenario=S4_water_partial|method=both|duration=0|theta=0.300000|delta_threshold=0.100000|A=v1.0|w=na|run_id=48|seed=11348723768287533545,False,"{""step_1_amount"": 0.5249882269142111}",5222c37788a096d3910624247b4a1e76a3afcfe0df2ea7ddd6490cebc16a26a9,0.44666666666666677,0.6375972499787658,0.190930583312099,15,0.0,0.0,0.44666666666666677,0.6375972499787658,0,1,0.190930583312099,"{""energy"": 0.6666666666666667, ""water"": 0.2666666666666667, ""transport"": 0.33333333333333337}","{""energy"": 0.7479137233952196, ""water"": 0.6729019503094306, ""transport"": 0.45520391842616253}","{""energy"": 0.08124705672855281, ""water"": 0.40623528364276384, ""transport"": 0.12187058509282916}","{""energy"": 0.0, ""water"": 0.0, ""transport"": 0.0}","{""energy"": 0.0, ""water"": 0.0, ""transport"": 0.0}","{""energy"": 0.0, ""water"": 0.0, ""transport"": 0.0}",0.3,0.1,,0.44666666666666677,1.0,0.5533333333333332,1,"{""energy"": 0.6666666666666667, ""water"": 0.2666666666666667, ""transport"": 0.33333333333333337}","{""energy"": 1.0, ""water"": 1.0, ""transport"": 1.0}","{""energy"": 0.33333333333333326, ""water"": 0.7333333333333333, ""transport"": 0.6666666666666666}",3,0.6375972499787658,,,[],,v1.0,0.7,0.3
S4_water_partial,49,49,1110684862360046755,scenario=S4_water_partial|method=both|duration=0|theta=0.300000|delta_threshold=0.100000|A=v1.0|w=na|run_id=49|seed=1110684862360046755,False,"{""step_1_amount"": 1.3350774864841997}",5222c37788a096d3910624247b4a1e76a3afcfe0df2ea7ddd6490cebc16a26a9,0.44666666666666677,0.8366666666666667,0.3899999999999999,5,0.0,1.0,0.44666666666666677,0.8366666666666667,1,1,0.3899999999999999,"{""energy"": 0.6666666666666667, ""water"": 0.2666666666666667, ""transport"": 0.33333333333333337}","{""energy"": 0.8666666666666667, ""water"": 1.0, ""transport"": 0.6333333333333333}","{""energy"": 0.19999999999999996, ""water"": 0.7333333333333333, ""transport"": 0.29999999999999993}","{""energy"": 0.0, ""water"": 0.0, ""transport"": 0.0}","{""energy"": 1.0, ""water"": 1.0, ""transport"": 1.0}","{""energy"": 1.0, ""water"": 1.0, ""transport"": 1.0}",0.3,0.1,,0.44666666666666677,1.0,0.5533333333333332,1,"{""energy"": 0.6666666666666667, ""water"": 0.2666666666666667, ""transport"": 0.33333333333333337}","{""energy"": 1.0, ""water"": 1.0, ""transport"": 1.0}","{""energy"": 0.33333333333333326, ""water"": 0.7333333333333333, ""transport"": 0.6666666666666666}",3,0.8366666666666667,,,"[""energy"", ""transport""]",1,v1.0,0.7,0.3
S4_water_partial,50,50,5741775707253652681,scenario=S4_water_partial|method=both|duration=0|theta=0.300000|delta_threshold=0.100000|A=v1.0|w=na|run_id=50|seed=5741775707253652681,False,"{""step_1_amount"": 0.40411346476161525}",5222c37788a096d3910624247b4a1e76a3afcfe0df2ea7ddd6490cebc16a26a9,0.44666666666666677,0.6957135663341676,0.24904689966750082,22,0.0,0.0,0.44666666666666677,0.6957135663341676,0,1,0.24904689966750082,"{""energy"": 0.6666666666666667, ""water"": 0.2666666666666667, ""transport"": 0.33333333333333337}","{""energy"": 0.7984014323071029, ""water"": 0.5756127639187074, ""transport"": 0.678897214119047}","{""energy"": 0.13173476564043618, ""water"": 0.3089460972520407, ""transport"": 0.34556388078571365}","{""energy"": 0.0, ""water"": 0.0, ""transport"": 0.0}","{""energy"": 0.0, ""water"": 0.0, ""transport"": 0.0}","{""energy"": 0.0, ""water"": 0.0, ""transport"": 0.0}",0.3,0.1,,0.44666666666666677,1.0,0.5533333333333332,1,"{""energy"": 0.6666666666666667, ""water"": 0.2666666666666667, ""transport"": 0.33333333333333337}","{""energy"": 1.0, ""water"": 1.0, ""transport"": 1.0}","{""energy"": 0.33333333333333326, ""water"": 0.7333333333333333, ""transport"": 0.6666666666666666}",3,0.6957135663341676,,,[],,v1.0,0.7,0.3
S4_water_partial,51,51,4124506235195252065,scenario=S4_water_partial|method=both|duration=0|theta=0.300000|delta_threshold=0.100000|A=v1.0|w=na|run_id=51|seed=4124506235195252065,False,"{""step_1_amount"": 0.8944361727288664}",5222c37788a096d3910624247b4a1e76a3afcfe0df2ea7ddd6490cebc16a26a9,0.44666666666666677,0.9336435273005548,0.486976860633888,7,0.0,1.0,0.44666666666666677,0.9336435273005548,1,1,0.486976860633888,"{""energy"": 0.6666666666666667, ""water"": 0.2666666666666667, ""transport"": 0.33333333333333337}","{""energy"": 0.9285555192740711, ""water"": 1.0, ""transport"": 0.8740710653030875}","{""energy"": 0.26188885260740435, ""water"": 0.7333333333333333, ""transport"": 0.5407377319697542}","{""energy"": 0.0, ""water"": 0.0, ""transport"": 0.0}","{""energy"": 1.0, ""water"": 1.0, ""transport"": 1.0}","{""energy"": 1.0, ""water"": 1.0, ""transport"": 1.0}",0.3,0.1,,0.44666666666666677,1.0,0.5533333333333332,1,"{""energy"": 0.6666666666666667, ""water"": 0.2666666666666667, ""transport"": 0.33333333333333337}","{""energy"": 1.0, ""water"": 1.0, ""transport"": 1.0}","{""energy"": 0.33333333333333326, ""water"": 0.7333333333333333, ""transport"": 0.6666666666666666}",3,0.9336435273005548,,,"[""energy"", ""transport""]",1,v1.0,0.7,0.3
S4_water_partial,52,52,12033688272786432157,scenario=S4_water_partial|method=both|duration=0|theta=0.300000|delta_threshold=0.100000|A=v1.0|w=na|run_id=52|seed=12033688272786432157,False,"{""step_1_amount"": 0.4608564496173434}",5222c37788a096d3910624247b4a1e76a3afcfe0df2ea7ddd6490cebc16a26a9,0.44666666666666677,0.722348351139875,0.2756816844732082,12,0.0,0.0,0.44666666666666677,0.722348351139875,0,1,0.2756816844732082,"{""energy"": 0.6666666666666667, ""water"": 0.2666666666666667, ""transport"": 0.33333333333333337}","{""energy"": 0.8083986042728895, ""water"": 0.6437491121562706, ""transport"": 0.6862139192794601}","{""energy"": 0.1417319376062227, ""water"": 0.3770824454896039, ""transport"": 0.3528805859461267}","{""energy"": 0.0, ""water"": 0.0, ""transport"": 0.0}","{""energy"": 0.0, ""water"": 0.0, ""transport"": 0.0}","{""energy"": 0.0, ""water"": 0.0, ""transport"": 0.0}",0.3,0.1,,0.44666666666666677,1.0,0.5533333333333332,1,"{""energy"": 0.6666666666666667, ""water"": 0.2666666666666667, ""transport"": 0.33333333333333337}","{""energy"": 1.0, ""water"": 1.0, ""transport"": 1.0}","{""energy"": 0.33333333333333326, ""water"": 0.7333333333333333, ""transport"": 0.6666666666666666}",3,0.722348351139875,,,[],,v1.0,0.7,0.3
S4_water_partial,53,53,11546189266912442977,scenario=S4_water_partial|method=both|duration=0|theta=0.300000|delta_threshold=0.100000|A=v1.0|w=na|run_id=53|seed=11546189266912442977,False,"{""step_1_amount"": 0.6493245892165577}",5222c37788a096d3910624247b4a1e76a3afcfe0df2ea7ddd6490cebc16a26a9,0.44666666666666677,0.7106448628313944,0.2639781961647276,11,0.0,0.0,0.44666666666666677,0.7106448628313944,0,1,0.2639781961647276,"{""energy"": 0.6666666666666667, ""water"": 0.2666666666666667, ""transport"": 0.33333333333333337}","{""energy"": 0.7789978139708061, ""water"": 0.8283224031873638, ""transport"": 0.5018300542895425}","{""energy"": 0.1123311473041394, ""water"": 0.5616557365206971, ""transport"": 0.16849672095620916}","{""energy"": 0.0, ""water"": 0.0, ""transport"": 0.0}","{""energy"": 0.0, ""water"": 0.0, ""transport"": 0.0}","{""energy"": 0.0, ""water"": 0.0, ""transport"": 0.0}",0.3,0.1,,0.44666666666666677,1.0,0.5533333333333332,1,"{""energy"": 0.6666666666666667, ""water"": 0.2666666666666667, ""transport"": 0.33333333333333337}","{""energy"": 1.0, ""water"": 1.0, ""transport"": 1.0}","{""energy"": 0.33333333333333326, ""water"": 0.7333333333333333, ""transport"": 0.6666666666666666}",3,0.7106448628313944,,,[],,v1.0,0.7,0.3
S4_water_partial,54,54,5311542573671650603,scenario=S4_water_partial|method=both|duration=0|theta=0.300000|delta_threshold=0.100000|A=v1.0|w=na|run_id=54|seed=5311542573671650603,False,"{""step_1_amount"": 0.4531774617942726}",5222c37788a096d3910624247b4a1e76a3afcfe0df2ea7ddd6490cebc16a26a9,0.44666666666666677,0.697827052143553,0.25116038547688624,8,0.0,0.0,0.44666666666666677,0.697827052143553,0,1,0.25116038547688624,"{""energy"": 0.6666666666666667, ""water"": 0.2666666666666667, ""transport"": 0.33333333333333337}","{""energy"": 0.7939726737857044, ""water"": 0.6258129216898205, ""transport"": 0.6416470204077505}","{""energy"": 0.1273060071190376, ""water"": 0.3591462550231538, ""transport"": 0.3083136870744171}","{""energy"": 0.0, ""water"": 0.0, ""transport"": 0.0}","{""energy"": 0.0, ""water"": 0.0, ""transport"": 0.0}","{""energy"": 0.0, ""water"": 0.0, ""transport"": 0.0}",0.3,0.1,,0.44666666666666677,1.0,0.5533333333333332,1,"{""energy"": 0.6666666666666667, ""water"": 0.2666666666666667, ""transport"": 0.33333333333333337}","{""energy"": 1.0, ""water"": 1.0, ""transport"": 1.0}","{""energy"": 0.33333333333333326, ""water"": 0.7333333333333333, ""transport"": 0.6666666666666666}",3,0.697827052143553,,,[],,v1.0,0.7,0.3
S4_water_partial,55,55,3267442772181836608,scenario=S4_water_partial|method=both|duration=0|theta=0.300000|delta_threshold=0.100000|A=v1.0|w=na|run_id=55|seed=3267442772181836608,False,"{""step_1_amount"": 0.87033329283363}",5222c37788a096d3910624247b4a1e76a3afcfe0df2ea7ddd6490cebc16a26a9,0.44666666666666677,0.8091124913938131,0.36244582472714637,12,0.0,1.0,0.44666666666666677,0.8091124913938131,1,1,0.36244582472714637,"{""energy"": 0.6666666666666667, ""water"": 0.2666666666666667, ""transport"": 0.33333333333333337}","{""energy"": 0.8342499898750743, ""water"": 1.0, ""transport"": 0.5847083181459446}","{""energy"": 0.16758332320840752, ""water"": 0.7333333333333333, ""transport"": 0.2513749848126112}","{""energy"": 0.0, ""water"": 0.0, ""transport"": 0.0}","{""energy"": 1.0, ""water"": 1.0, ""transport"": 1.0}","{""energy"": 1.0, ""water"": 1.0, ""transport"": 1.0}",0.3,0.1,,0.44666666666666677,1.0,0.5533333333333332,1,"{""energy"": 0.6666666666666667, ""water"": 0.2666666666666667, ""transport"": 0.33333333333333337}","{""energy"": 1.0, ""water"": 1.0, ""transport"": 1.0}","{""energy"": 0.33333333333333326, ""water"": 0.7333333333333333, ""transport"": 0.6666666666666666}",3,0.8091124913938131,,,"[""energy"", ""transport""]",1,v1.0,0.7,0.3
S4_water_partial,56,56,8647406620607275838,scenario=S4_water_partial|method=both|duration=0|theta=0.300000|delta_threshold=0.100000|A=v1.0|w=na|run_id=56|seed=8647406620607275838,False,"{""step_1_amount"": 0.3393853137737375}",5222c37788a096d3910624247b4a1e76a3afcfe0df2ea7ddd6490cebc16a26a9,0.44666666666666677,0.5285555385087375,0.08188887184207072,27,0.0,0.0,0.44666666666666677,0.5285555385087375,0,0,0.08188887184207072,"{""energy"": 0.6666666666666667, ""water"": 0.2666666666666667, ""transport"": 0.33333333333333337}","{""energy"": 0.7015129951101011, ""water"": 0.4408983088838386, ""transport"": 0.38560282599848494}","{""energy"": 0.03484632844343438, ""water"": 0.17423164221717186, ""transport"": 0.05226949266515157}","{""energy"": 0.0, ""water"": 0.0, ""transport"": 0.0}","{""energy"": 0.0, ""water"": 0.0, ""transport"": 0.0}","{""energy"": 0.0, ""water"": 0.0, ""transport"": 0.0}",0.3,0.1,,0.44666666666666677,1.0,0.5533333333333332,1,"{""energy"": 0.6666666666666667, ""water"": 0.2666666666666667, ""transport"": 0.33333333333333337}","{""energy"": 1.0, ""water"": 1.0, ""transport"": 1.0}","{""energy"": 0.33333333333333326, ""water"": 0.7333333333333333, ""transport"": 0.6666666666666666}",4,0.5285555385087375,,,[],,v1.0,0.7,0.3
S4_water_partial,57,57,7454949612748248832,scenario=S4_water_partial|method=both|duration=0|theta=0.300000|delta_threshold=0.100000|A=v1.0|w=na|run_id=57|seed=7454949612748248832,False,"{""step_1_amount"": 0.31258555392227266}",5222c37788a096d3910624247b4a1e76a3afcfe0df2ea7ddd6490cebc16a26a9,0.44666666666666677,0.6167967617656949,0.1701300950990281,24,0.0,0.0,0.44666666666666677,0.6167967617656949,0,1,0.1701300950990281,"{""energy"": 0.6666666666666667, ""water"": 0.2666666666666667, ""transport"": 0.33333333333333337}","{""energy"": 0.7390624518151894, ""water"": 0.62864559240928, ""transport"": 0.4419270110561173}","{""energy"": 0.07239578514852263, ""water"": 0.36197892574261326, ""transport"": 0.10859367772278394}","{""energy"": 0.0, ""water"": 0.0, ""transport"": 0.0}","{""energy"": 0.0, ""water"": 0.0, ""transport"": 0.0}","{""energy"": 0.0, ""water"": 0.0, ""transport"": 0.0}",0.3,0.1,,0.44666666666666677,1.0,0.5533333333333332,1,"{""energy"": 0.6666666666666667, ""water"": 0.2666666666666667, ""transport"": 0.33333333333333337}","{""energy"": 1.0, ""water"": 1.0, ""transport"": 1.0}","{""energy"": 0.33333333333333326, ""water"": 0.7333333333333333, ""transport"": 0.6666666666666666}",4,0.6167967617656949,,,[],,v1.0,0.7,0.3
S4_water_partial,58,58,5028326982104737181,scenario=S4_water_partial|method=both|duration=0|theta=0.300000|delta_threshold=0.100000|A=v1.0|w=na|run_id=58|seed=5028326982104737181,False,"{""step_1_amount"": 0.8606489548401748}",5222c37788a096d3910624247b4a1e76a3afcfe0df2ea7ddd6490cebc16a26a9,0.44666666666666677,0.8070545695702038,0.36038790290353706,16,0.0,1.0,0.44666666666666677,0.8070545695702038,1,1,0.36038790290353706,"{""energy"": 0.6666666666666667, ""water"": 0.2666666666666667, ""transport"": 0.33333333333333337}","{""energy"": 0.8318289053767105, ""water"": 1.0, ""transport"": 0.5810766913983989}","{""energy"": 0.16516223871004376, ""water"": 0.7333333333333333, ""transport"": 0.24774335806506553}","{""energy"": 0.0, ""water"": 0.0, ""transport"": 0.0}","{""energy"": 1.0, ""water"": 1.0, ""transport"": 1.0}","{""energy"": 1.0, ""water"": 1.0, ""transport"": 1.0}",0.3,0.1,,0.44666666666666677,1.0,0.5533333333333332,1,"{""energy"": 0.6666666666666667, ""water"": 0.2666666666666667, ""transport"": 0.33333333333333337}","{""energy"": 1.0, ""water"": 1.0, ""transport"": 1.0}","{""energy"": 0.33333333333333326, ""water"": 0.7333333333333333, ""transport"": 0.6666666666666666}",3,0.8070545695702038,,,"[""energy"", ""transport""]",1,v1.0,0.7,0.3
S4_water_partial,59,59,8572128630902707358,scenario=S4_water_partial|method=both|duration=0|theta=0.300000|delta_threshold=0.100000|A=v1.0|w=na|run_id=59|seed=8572128630902707358,False,"{""step_1_amount"": 1.3783427015420886}",5222c37788a096d3910624247b4a1e76a3afcfe0df2ea7ddd6490cebc16a26a9,0.44666666666666677,0.9290260030465769,0.48235933637991013,7,0.0,1.0,0.44666666666666677,0.9290260030465769,1,1,0.48235933637991013,"{""energy"": 0.6666666666666667, ""water"": 0.2666666666666667, ""transport"": 0.33333333333333337}","{""energy"": 0.9326376212237455, ""water"": 1.0, ""transport"": 0.8532365151902623}","{""energy"": 0.26597095455707875, ""water"": 0.7333333333333333, ""transport"": 0.519903181856929}","{""energy"": 0.0, ""water"": 0.0, ""transport"": 0.0}","{""energy"": 1.0, ""water"": 1.0, ""transport"": 1.0}","{""energy"": 1.0, ""water"": 1.0, ""transport"": 1.0}",0.3,0.1,,0.44666666666666677,1.0,0.5533333333333332,1,"{""energy"": 0.6666666666666667, ""water"": 0.2666666666666667, ""transport"": 0.33333333333333337}","{""energy"": 1.0, ""water"": 1.0, ""transport"": 1.0}","{""energy"": 0.33333333333333326, ""water"": 0.7333333333333333, ""transport"": 0.6666666666666666}",3,0.9290260030465769,,,"[""energy"", ""transport""]",1,v1.0,0.7,0.3
S4_water_partial,60,60,1229984526848907376,scenario=S4_water_partial|method=both|duration=0|theta=0.300000|delta_threshold=0.100000|A=v1.0|w=na|run_id=60|seed=1229984526848907376,False,"{""step_1_amount"": 1.0670574796227592}",5222c37788a096d3910624247b4a1e76a3afcfe0df2ea7ddd6490cebc16a26a9,0.44666666666666677,0.938178584096077,0.49151191742941025,25,0.0,1.0,0.44666666666666677,0.938178584096077,1,1,0.49151191742941025,"{""energy"": 0.6666666666666667, ""water"": 0.2666666666666667, ""transport"": 0.33333333333333337}","{""energy"": 0.9391751791162455, ""water"": 1.0, ""transport"": 0.8750283748319293}","{""energy"": 0.27250851244957874, ""water"": 0.7333333333333333, ""transport"": 0.5416950414985959}","{""energy"": 0.0, ""water"": 0.0, ""transport"": 0.0}","{""energy"": 1.0, ""water"": 1.0, ""transport"": 1.0}","{""energy"": 1.0, ""water"": 1.0, ""transport"": 1.0}",0.3,0.1,,0.44666666666666677,1.0,0.5533333333333332,1,"{""energy"": 0.6666666666666667, ""water"": 0.2666666666666667, ""transport"": 0.33333333333333337}","{""energy"": 1.0, ""water"": 1.0, ""transport"": 1.0}","{""energy"": 0.33333333333333326, ""water"": 0.7333333333333333, ""transport"": 0.6666666666666666}",3,0.938178584096077,,,"[""energy"", ""transport""]",1,v1.0,0.7,0.3
S4_water_partial,61,61,8929698642429340292,scenario=S4_water_partial|method=both|duration=0|theta=0.300000|delta_threshold=0.100000|A=v1.0|w=na|run_id=61|seed=8929698642429340292,False,"{""step_1_amount"": 0.28526187915447343}",5222c37788a096d3910624247b4a1e76a3afcfe0df2ea7ddd6490cebc16a26a9,0.44666666666666677,0.4967580206699199,0.05009135400325315,20,0.0,0.0,0.44666666666666677,0.4967580206699199,0,0,0.05009135400325315,"{""energy"": 0.6666666666666667, ""water"": 0.2666666666666667, ""transport"": 0.33333333333333337}","{""energy"": 0.6879821364552852, ""water"": 0.37324401560975856, ""transport"": 0.3653065380162609}","{""energy"": 0.021315469788618424, ""water"": 0.10657734894309184, ""transport"": 0.031973204682927525}","{""energy"": 0.0, ""water"": 0.0, ""transport"": 0.0}","{""energy"": 0.0, ""water"": 0.0, ""transport"": 0.0}","{""energy"": 0.0, ""water"": 0.0, ""transport"": 0.0}",0.3,0.1,,0.44666666666666677,1.0,0.5533333333333332,1,"{""energy"": 0.6666666666666667, ""water"": 0.2666666666666667, ""transport"": 0.33333333333333337}","{""energy"": 1.0, ""water"": 1.0, ""transport"": 1.0}","{""energy"": 0.33333333333333326, ""water"": 0.7333333333333333, ""transport"": 0.6666666666666666}",4,0.4967580206699199,,,[],,v1.0,0.7,0.3
S4_water_partial,62,62,3764674457525266519,scenario=S4_water_partial|method=both|duration=0|theta=0.300000|delta_threshold=0.100000|A=v1.0|w=na|run_id=62|seed=3764674457525266519,False,"{""step_1_amount"": 0.9410427813436488}",5222c37788a096d3910624247b4a1e76a3afcfe0df2ea7ddd6490cebc16a26a9,0.44666666666666677,0.8241382577021921,0.3774715910355253,17,0.0,1.0,0.44666666666666677,0.8241382577021921,1,1,0.3774715910355253,"{""energy"": 0.6666666666666667, ""water"": 0.2666666666666667, ""transport"": 0.33333333333333337}","{""energy"": 0.8519273620025789, ""water"": 1.0, ""transport"": 0.6112243763372016}","{""energy"": 0.18526069533591216, ""water"": 0.7333333333333333, ""transport"": 0.27789104300386824}","{""energy"": 0.0, ""water"": 0.0, ""transport"": 0.0}","{""energy"": 1.0, ""water"": 1.0, ""transport"": 1.0}","{""energy"": 1.0, ""water"": 1.0, ""transport"": 1.0}",0.3,0.1,,0.44666666666666677,1.0,0.5533333333333332,1,"{""energy"": 0.6666666666666667, ""water"": 0.2666666666666667, ""transport"": 0.33333333333333337}","{""energy"": 1.0, ""water"": 1.0, ""transport"": 1.0}","{""energy"": 0.33333333333333326, ""water"": 0.7333333333333333, ""transport"": 0.6666666666666666}",3,0.8241382577021921,,,"[""energy"", ""transport""]",1,v1.0,0.7,0.3
S4_water_partial,63,63,7141325424481020265,scenario=S4_water_partial|method=both|duration=0|theta=0.300000|delta_threshold=0.100000|A=v1.0|w=na|run_id=63|seed=7141325424481020265,False,"{""step_1_amount"": 0.6373871701958037}",5222c37788a096d3910624247b4a1e76a3afcfe0df2ea7ddd6490cebc16a26a9,0.44666666666666677,0.7036316291567014,0.25696496249003464,28,0.0,0.0,0.44666666666666677,0.7036316291567014,0,1,0.25696496249003464,"{""energy"": 0.6666666666666667, ""water"": 0.2666666666666667, ""transport"": 0.33333333333333337}","{""energy"": 0.7760134592156177, ""water"": 0.8134006294114213, ""transport"": 0.49735352215675976}","{""energy"": 0.10934679254895097, ""water"": 0.5467339627447546, ""transport"": 0.1640201888234264}","{""energy"": 0.0, ""water"": 0.0, ""transport"": 0.0}","{""energy"": 0.0, ""water"": 0.0, ""transport"": 0.0}","{""energy"": 0.0, ""water"": 0.0, ""transport"": 0.0}",0.3,0.1,,0.44666666666666677,1.0,0.5533333333333332,1,"{""energy"": 0.6666666666666667, ""water"": 0.2666666666666667, ""transport"": 0.33333333333333337}","{""energy"": 1.0, ""water"": 1.0, ""transport"": 1.0}","{""energy"": 0.33333333333333326, ""water"": 0.7333333333333333, ""transport"": 0.6666666666666666}",3,0.7036316291567014,,,[],,v1.0,0.7,0.3
S4_water_partial,64,64,1774066358495312745,scenario=S4_water_partial|method=both|duration=0|theta=0.300000|delta_threshold=0.100000|A=v1.0|w=na|run_id=64|seed=1774066358495312745,False,"{""step_1_amount"": 0.3014986196228077}",5222c37788a096d3910624247b4a1e76a3afcfe0df2ea7ddd6490cebc16a26a9,0.44666666666666677,0.6150522493773719,0.16838558271070514,7,0.0,0.0,0.44666666666666677,0.6150522493773719,0,1,0.16838558271070514,"{""energy"": 0.6666666666666667, ""water"": 0.2666666666666667, ""transport"": 0.33333333333333337}","{""energy"": 0.7600132863738097, ""water"": 0.43885458439613706, ""transport"": 0.5979685316966896}","{""energy"": 0.09334661970714297, ""water"": 0.17218791772947034, ""transport"": 0.26463519836335625}","{""energy"": 0.0, ""water"": 0.0, ""transport"": 0.0}","{""energy"": 0.0, ""water"": 0.0, ""transport"": 0.0}","{""energy"": 0.0, ""water"": 0.0, ""transport"": 0.0}",0.3,0.1,,0.44666666666666677,1.0,0.5533333333333332,1,"{""energy"": 0.6666666666666667, ""water"": 0.2666666666666667, ""transport"": 0.33333333333333337}","{""energy"": 1.0, ""water"": 1.0, ""transport"": 1.0}","{""energy"": 0.33333333333333326, ""water"": 0.7333333333333333, ""transport"": 0.6666666666666666}",4,0.6150522493773719,,,[],,v1.0,0.7,0.3
S4_water_partial,65,65,13655815968418168898,scenario=S4_water_partial|method=both|duration=0|theta=0.300000|delta_threshold=0.100000|A=v1.0|w=na|run_id=65|seed=13655815968418168898,False,"{""step_1_amount"": 0.5140948647980581}",5222c37788a096d3910624247b4a1e76a3afcfe0df2ea7ddd6490cebc16a26a9,0.44666666666666677,0.7618034708122328,0.315136804145566,16,0.0,0.0,0.44666666666666677,0.7618034708122328,0,1,0.315136804145566,"{""energy"": 0.6666666666666667, ""water"": 0.2666666666666667, ""transport"": 0.33333333333333337}","{""energy"": 0.826819177289123, ""water"": 0.7137044439462006, ""transport"": 0.723214889042411}","{""energy"": 0.16015251062245628, ""water"": 0.44703777727953387, ""transport"": 0.3898815557090777}","{""energy"": 0.0, ""water"": 0.0, ""transport"": 0.0}","{""energy"": 0.0, ""water"": 0.0, ""transport"": 0.0}","{""energy"": 0.0, ""water"": 0.0, ""transport"": 0.0}",0.3,0.1,,0.44666666666666677,1.0,0.5533333333333332,1,"{""energy"": 0.6666666666666667, ""water"": 0.2666666666666667, ""transport"": 0.33333333333333337}","{""energy"": 1.0, ""water"": 1.0, ""transport"": 1.0}","{""energy"": 0.33333333333333326, ""water"": 0.7333333333333333, ""transport"": 0.6666666666666666}",3,0.7618034708122328,,,[],,v1.0,0.7,0.3
S4_water_partial,66,66,2775426475770517754,scenario=S4_water_partial|method=both|duration=0|theta=0.300000|delta_threshold=0.100000|A=v1.0|w=na|run_id=66|seed=2775426475770517754,False,"{""step_1_amount"": 0.6606145617921299}",5222c37788a096d3910624247b4a1e76a3afcfe0df2ea7ddd6490cebc16a26a9,0.44666666666666677,0.8245055702604555,0.3778389035937887,18,0.0,0.0,0.44666666666666677,0.8245055702604555,0,1,0.3778389035937887,"{""energy"": 0.6666666666666667, ""water"": 0.2666666666666667, ""transport"": 0.33333333333333337}","{""energy"": 0.8488377124527695, ""water"": 0.8871131391322092, ""transport"": 0.7294551451322829}","{""energy"": 0.18217104578610277, ""water"": 0.6204464724655425, ""transport"": 0.39612181179894956}","{""energy"": 0.0, ""water"": 0.0, ""transport"": 0.0}","{""energy"": 0.0, ""water"": 0.0, ""transport"": 0.0}","{""energy"": 0.0, ""water"": 0.0, ""transport"": 0.0}",0.3,0.1,,0.44666666666666677,1.0,0.5533333333333332,1,"{""energy"": 0.6666666666666667, ""water"": 0.2666666666666667, ""transport"": 0.33333333333333337}","{""energy"": 1.0, ""water"": 1.0, ""transport"": 1.0}","{""energy"": 0.33333333333333326, ""water"": 0.7333333333333333, ""transport"": 0.6666666666666666}",3,0.8245055702604555,,,[],,v1.0,0.7,0.3
S4_water_partial,67,67,16261945308108820769,scenario=S4_water_partial|method=both|duration=0|theta=0.300000|delta_threshold=0.100000|A=v1.0|w=na|run_id=67|seed=16261945308108820769,False,"{""step_1_amount"": 0.8084442530561152}",5222c37788a096d3910624247b4a1e76a3afcfe0df2ea7ddd6490cebc16a26a9,0.44666666666666677,0.7959610704410911,0.34929440377442433,30,0.0,1.0,0.44666666666666677,0.7959610704410911,1,1,0.34929440377442433,"{""energy"": 0.6666666666666667, ""water"": 0.2666666666666667, ""transport"": 0.33333333333333337}","{""energy"": 0.8187777299306955, ""water"": 1.0, ""transport"": 0.5614999282293766}","{""energy"": 0.1521110632640288, ""water"": 0.7333333333333333, ""transport"": 0.22816659489604318}","{""energy"": 0.0, ""water"": 0.0, ""transport"": 0.0}","{""energy"": 1.0, ""water"": 1.0, ""transport"": 1.0}","{""energy"": 1.0, ""water"": 1.0, ""transport"": 1.0}",0.3,0.1,,0.44666666666666677,1.0,0.5533333333333332,1,"{""energy"": 0.6666666666666667, ""water"": 0.2666666666666667, ""transport"": 0.33333333333333337}","{""energy"": 1.0, ""water"": 1.0, ""transport"": 1.0}","{""energy"": 0.33333333333333326, ""water"": 0.7333333333333333, ""transport"": 0.6666666666666666}",3,0.7959610704410911,,,"[""energy"", ""transport""]",1,v1.0,0.7,0.3
S4_water_partial,68,68,7214094352513058112,scenario=S4_water_partial|method=both|duration=0|theta=0.300000|delta_threshold=0.100000|A=v1.0|w=na|run_id=68|seed=7214094352513058112,False,"{""step_1_amount"": 0.6702276947581532}",5222c37788a096d3910624247b4a1e76a3afcfe0df2ea7ddd6490cebc16a26a9,0.44666666666666677,0.7229254373370817,0.27625877067041493,10,0.0,0.0,0.44666666666666677,0.7229254373370817,0,1,0.27625877067041493,"{""energy"": 0.6666666666666667, ""water"": 0.2666666666666667, ""transport"": 0.33333333333333337}","{""energy"": 0.784223590356205, ""water"": 0.8544512851143583, ""transport"": 0.5096687188676409}","{""energy"": 0.1175569236895383, ""water"": 0.5877846184476916, ""transport"": 0.1763353855343075}","{""energy"": 0.0, ""water"": 0.0, ""transport"": 0.0}","{""energy"": 0.0, ""water"": 0.0, ""transport"": 0.0}","{""energy"": 0.0, ""water"": 0.0, ""transport"": 0.0}",0.3,0.1,,0.44666666666666677,1.0,0.5533333333333332,1,"{""energy"": 0.6666666666666667, ""water"": 0.2666666666666667, ""transport"": 0.33333333333333337}","{""energy"": 1.0, ""water"": 1.0, ""transport"": 1.0}","{""energy"": 0.33333333333333326, ""water"": 0.7333333333333333, ""transport"": 0.6666666666666666}",3,0.7229254373370817,,,[],,v1.0,0.7,0.3
S4_water_partial,69,69,14783421248601069761,scenario=S4_water_partial|method=both|duration=0|theta=0.300000|delta_threshold=0.100000|A=v1.0|w=na|run_id=69|seed=14783421248601069761,False,"{""step_1_amount"": 0.23905828558887676}",5222c37788a096d3910624247b4a1e76a3afcfe0df2ea7ddd6490cebc16a26a9,0.44666666666666677,0.6029677169189633,0.15630105025229657,13,0.0,0.0,0.44666666666666677,0.6029677169189633,0,1,0.15630105025229657,"{""energy"": 0.6666666666666667, ""water"": 0.2666666666666667, ""transport"": 0.33333333333333337}","{""energy"": 0.7597776802319056, ""water"": 0.3710538184314425, ""transport"": 0.6258016643225611}","{""energy"": 0.09311101356523888, ""water"": 0.10438715176477575, ""transport"": 0.29246833098922775}","{""energy"": 0.0, ""water"": 0.0, ""transport"": 0.0}","{""energy"": 0.0, ""water"": 0.0, ""transport"": 0.0}","{""energy"": 0.0, ""water"": 0.0, ""transport"": 0.0}",0.3,0.1,,0.44666666666666677,1.0,0.5533333333333332,1,"{""energy"": 0.6666666666666667, ""water"": 0.2666666666666667, ""transport"": 0.33333333333333337}","{""energy"": 1.0, ""water"": 1.0, ""transport"": 1.0}","{""energy"": 0.33333333333333326, ""water"": 0.7333333333333333, ""transport"": 0.6666666666666666}",4,0.6029677169189633,,,[],,v1.0,0.7,0.3
S4_water_partial,70,70,15944498297609425387,scenario=S4_water_partial|method=both|duration=0|theta=0.300000|delta_threshold=0.100000|A=v1.0|w=na|run_id=70|seed=15944498297609425387,False,"{""step_1_amount"": 0.8101279144992385}",5222c37788a096d3910624247b4a1e76a3afcfe0df2ea7ddd6490cebc16a26a9,0.44666666666666677,0.7963188484977548,0.34965218183108804,5,0.0,1.0,0.44666666666666677,0.7963188484977548,1,1,0.34965218183108804,"{""energy"": 0.6666666666666667, ""water"": 0.2666666666666667, ""transport"": 0.33333333333333337}","{""energy"": 0.8191986452914763, ""water"": 1.0, ""transport"": 0.5621313012705478}","{""energy"": 0.1525319786248096, ""water"": 0.7333333333333333, ""transport"": 0.2287979679372144}","{""energy"": 0.0, ""water"": 0.0, ""transport"": 0.0}","{""energy"": 1.0, ""water"": 1.0, ""transport"": 1.0}","{""energy"": 1.0, ""water"": 1.0, ""transport"": 1.0}",0.3,0.1,,0.44666666666666677,1.0,0.5533333333333332,1,"{""energy"": 0.6666666666666667, ""water"": 0.2666666666666667, ""transport"": 0.33333333333333337}","{""energy"": 1.0, ""water"": 1.0, ""transport"": 1.0}","{""energy"": 0.33333333333333326, ""water"": 0.7333333333333333, ""transport"": 0.6666666666666666}",3,0.7963188484977548,,,"[""energy"", ""transport""]",1,v1.0,0.7,0.3
S4_water_partial,71,71,8002905350515494752,scenario=S4_water_partial|method=both|duration=0|theta=0.300000|delta_threshold=0.100000|A=v1.0|w=na|run_id=71|seed=8002905350515494752,False,"{""step_1_amount"": 0.8872695152772992}",5222c37788a096d3910624247b4a1e76a3afcfe0df2ea7ddd6490cebc16a26a9,0.44666666666666677,0.8127114386630928,0.36604477199642604,10,0.0,1.0,0.44666666666666677,0.8127114386630928,1,1,0.36604477199642604,"{""energy"": 0.6666666666666667, ""water"": 0.2666666666666667, ""transport"": 0.33333333333333337}","{""energy"": 0.8384840454859915, ""water"": 1.0, ""transport"": 0.5910594015623205}","{""energy"": 0.1718173788193248, ""water"": 0.7333333333333333, ""transport"": 0.25772606822898714}","{""energy"": 0.0, ""water"": 0.0, ""transport"": 0.0}","{""energy"": 1.0, ""water"": 1.0, ""transport"": 1.0}","{""energy"": 1.0, ""water"": 1.0, ""transport"": 1.0}",0.3,0.1,,0.44666666666666677,1.0,0.5533333333333332,1,"{""energy"": 0.6666666666666667, ""water"": 0.2666666666666667, ""transport"": 0.33333333333333337}","{""energy"": 1.0, ""water"": 1.0, ""transport"": 1.0}","{""energy"": 0.33333333333333326, ""water"": 0.7333333333333333, ""transport"": 0.6666666666666666}",3,0.8127114386630928,,,"[""energy"", ""transport""]",1,v1.0,0.7,0.3
S4_water_partial,72,72,9562330598974836259,scenario=S4_water_partial|method=both|duration=0|theta=0.300000|delta_threshold=0.100000|A=v1.0|w=na|run_id=72|seed=9562330598974836259,False,"{""step_1_amount"": 0.9740964876744187}",5222c37788a096d3910624247b4a1e76a3afcfe0df2ea7ddd6490cebc16a26a9,0.44666666666666677,0.920778468636138,0.4741118019694712,6,0.0,1.0,0.44666666666666677,0.920778468636138,1,1,0.4741118019694712,"{""energy"": 0.6666666666666667, ""water"": 0.2666666666666667, ""transport"": 0.33333333333333337}","{""energy"": 0.9242024302557409, ""water"": 1.0, ""transport"": 0.8369916551128052}","{""energy"": 0.25753576358907415, ""water"": 0.7333333333333333, ""transport"": 0.5036583217794718}","{""energy"": 0.0, ""water"": 0.0, ""transport"": 0.0}","{""energy"": 1.0, ""water"": 1.0, ""transport"": 1.0}","{""energy"": 1.0, ""water"": 1.0, ""transport"": 1.0}",0.3,0.1,,0.44666666666666677,1.0,0.5533333333333332,1,"{""energy"": 0.6666666666666667, ""water"": 0.2666666666666667, ""transport"": 0.33333333333333337}","{""energy"": 1.0, ""water"": 1.0, ""transport"": 1.0}","{""energy"": 0.33333333333333326, ""water"": 0.7333333333333333, ""transport"": 0.6666666666666666}",3,0.920778468636138,,,"[""energy"", ""transport""]",1,v1.0,0.7,0.3
S4_water_partial,73,73,7733240352742554039,scenario=S4_water_partial|method=both|duration=0|theta=0.300000|delta_threshold=0.100000|A=v1.0|w=na|run_id=73|seed=7733240352742554039,False,"{""step_1_amount"": 0.55576077812901}",5222c37788a096d3910624247b4a1e76a3afcfe0df2ea7ddd6490cebc16a26a9,0.44666666666666677,0.6556761238174602,0.20900945715079344,25,0.0,0.0,0.44666666666666677,0.6556761238174602,0,1,0.20900945715079344,"{""energy"": 0.6666666666666667, ""water"": 0.2666666666666667, ""transport"": 0.33333333333333337}","{""energy"": 0.7556068611989193, ""water"": 0.7113676393279293, ""transport"": 0.46674362513171214}","{""energy"": 0.08894019453225255, ""water"": 0.44470097266126263, ""transport"": 0.13341029179837877}","{""energy"": 0.0, ""water"": 0.0, ""transport"": 0.0}","{""energy"": 0.0, ""water"": 0.0, ""transport"": 0.0}","{""energy"": 0.0, ""water"": 0.0, ""transport"": 0.0}",0.3,0.1,,0.44666666666666677,1.0,0.5533333333333332,1,"{""energy"": 0.6666666666666667, ""water"": 0.2666666666666667, ""transport"": 0.33333333333333337}","{""energy"": 1.0, ""water"": 1.0, ""transport"": 1.0}","{""energy"": 0.33333333333333326, ""water"": 0.7333333333333333, ""transport"": 0.6666666666666666}",3,0.6556761238174602,,,[],,v1.0,0.7,0.3
S4_water_partial,74,74,18391666356804118016,scenario=S4_water_partial|method=both|duration=0|theta=0.300000|delta_threshold=0.100000|A=v1.0|w=na|run_id=74|seed=18391666356804118016,False,"{""step_1_amount"": 0.26130954198470685}",5222c37788a096d3910624247b4a1e76a3afcfe0df2ea7ddd6490cebc16a26a9,0.44666666666666677,0.5870909264903055,0.1404242598236387,22,0.0,0.0,0.44666666666666677,0.5870909264903055,0,1,0.1404242598236387,"{""energy"": 0.6666666666666667, ""water"": 0.2666666666666667, ""transport"": 0.33333333333333337}","{""energy"": 0.7472471171051082, ""water"": 0.3868056374423934, ""transport"": 0.5738346280518141}","{""energy"": 0.08058045043844142, ""water"": 0.12013897077572666, ""transport"": 0.2405012947184807}","{""energy"": 0.0, ""water"": 0.0, ""transport"": 0.0}","{""energy"": 0.0, ""water"": 0.0, ""transport"": 0.0}","{""energy"": 0.0, ""water"": 0.0, ""transport"": 0.0}",0.3,0.1,,0.44666666666666677,1.0,0.5533333333333332,1,"{""energy"": 0.6666666666666667, ""water"": 0.2666666666666667, ""transport"": 0.33333333333333337}","{""energy"": 1.0, ""water"": 1.0, ""transport"": 1.0}","{""energy"": 0.33333333333333326, ""water"": 0.7333333333333333, ""transport"": 0.6666666666666666}",4,0.5870909264903055,,,[],,v1.0,0.7,0.3
S4_water_partial,75,75,16988051353415945781,scenario=S4_water_partial|method=both|duration=0|theta=0.300000|delta_threshold=0.100000|A=v1.0|w=na|run_id=75|seed=16988051353415945781,False,"{""step_1_amount"": 0.7796489309397977}",5222c37788a096d3910624247b4a1e76a3afcfe0df2ea7ddd6490cebc16a26a9,0.44666666666666677,0.7872104135937978,0.3405437469271311,28,0.0,1.0,0.44666666666666677,0.7872104135937978,1,1,0.3405437469271311,"{""energy"": 0.6666666666666667, ""water"": 0.2666666666666667, ""transport"": 0.33333333333333337}","{""energy"": 0.8115788994016162, ""water"": 0.9912278303414138, ""transport"": 0.5507016824357575}","{""energy"": 0.14491223273494946, ""water"": 0.7245611636747471, ""transport"": 0.21736834910242409}","{""energy"": 0.0, ""water"": 0.0, ""transport"": 0.0}","{""energy"": 1.0, ""water"": 1.0, ""transport"": 1.0}","{""energy"": 1.0, ""water"": 1.0, ""transport"": 1.0}",0.3,0.1,,0.44666666666666677,1.0,0.5533333333333332,1,"{""energy"": 0.6666666666666667, ""water"": 0.2666666666666667, ""transport"": 0.33333333333333337}","{""energy"": 1.0, ""water"": 1.0, ""transport"": 1.0}","{""energy"": 0.33333333333333326, ""water"": 0.7333333333333333, ""transport"": 0.6666666666666666}",3,0.7872104135937978,,,"[""energy"", ""transport""]",1,v1.0,0.7,0.3
S4_water_partial,76,76,2092687872990446924,scenario=S4_water_partial|method=both|duration=0|theta=0.300000|delta_threshold=0.100000|A=v1.0|w=na|run_id=76|seed=2092687872990446924,False,"{""step_1_amount"": 0.7327927504368865}",5222c37788a096d3910624247b4a1e76a3afcfe0df2ea7ddd6490cebc16a26a9,0.44666666666666677,0.7596824075483377,0.31301574088167095,9,0.0,0.0,0.44666666666666677,0.7596824075483377,0,1,0.31301574088167095,"{""energy"": 0.6666666666666667, ""water"": 0.2666666666666667, ""transport"": 0.33333333333333337}","{""energy"": 0.7998648542758884, ""water"": 0.9326576047127749, ""transport"": 0.5331306147471658}","{""energy"": 0.13319818760922164, ""water"": 0.6659909380461082, ""transport"": 0.19979728141383246}","{""energy"": 0.0, ""water"": 0.0, ""transport"": 0.0}","{""energy"": 0.0, ""water"": 0.0, ""transport"": 0.0}","{""energy"": 0.0, ""water"": 0.0, ""transport"": 0.0}",0.3,0.1,,0.44666666666666677,1.0,0.5533333333333332,1,"{""energy"": 0.6666666666666667, ""water"": 0.2666666666666667, ""transport"": 0.33333333333333337}","{""energy"": 1.0, ""water"": 1.0, ""transport"": 1.0}","{""energy"": 0.33333333333333326, ""water"": 0.7333333333333333, ""transport"": 0.6666666666666666}",3,0.7596824075483377,,,[],,v1.0,0.7,0.3
S4_water_partial,77,77,1751755269748274299,scenario=S4_water_partial|method=both|duration=0|theta=0.300000|delta_threshold=0.100000|A=v1.0|w=na|run_id=77|seed=1751755269748274299,False,"{""step_1_amount"": 0.5924532799843001}",5222c37788a096d3910624247b4a1e76a3afcfe0df2ea7ddd6490cebc16a26a9,0.44666666666666677,0.677232968657443,0.2305663019907762,12,0.0,0.0,0.44666666666666677,0.677232968657443,0,1,0.2305663019907762,"{""energy"": 0.6666666666666667, ""water"": 0.2666666666666667, ""transport"": 0.33333333333333337}","{""energy"": 0.7647799866627418, ""water"": 0.7572332666470418, ""transport"": 0.4805033133274459}","{""energy"": 0.09811331999607509, ""water"": 0.4905665999803751, ""transport"": 0.14716997999411252}","{""energy"": 0.0, ""water"": 0.0, ""transport"": 0.0}","{""energy"": 0.0, ""water"": 0.0, ""transport"": 0.0}","{""energy"": 0.0, ""water"": 0.0, ""transport"": 0.0}",0.3,0.1,,0.44666666666666677,1.0,0.5533333333333332,1,"{""energy"": 0.6666666666666667, ""water"": 0.2666666666666667, ""transport"": 0.33333333333333337}","{""energy"": 1.0, ""water"": 1.0, ""transport"": 1.0}","{""energy"": 0.33333333333333326, ""water"": 0.7333333333333333, ""transport"": 0.6666666666666666}",3,0.677232968657443,,,[],,v1.0,0.7,0.3
S4_water_partial,78,78,8334271184384794293,scenario=S4_water_partial|method=both|duration=0|theta=0.300000|delta_threshold=0.100000|A=v1.0|w=na|run_id=78|seed=8334271184384794293,False,"{""step_1_amount"": 0.6689804273765224}",5222c37788a096d3910624247b4a1e76a3afcfe0df2ea7ddd6490cebc16a26a9,0.44666666666666677,0.841595123041214,0.3949284563745472,7,0.0,0.0,0.44666666666666677,0.841595123041214,0,1,0.3949284563745472,"{""energy"": 0.6666666666666667, ""water"": 0.2666666666666667, ""transport"": 0.33333333333333337}","{""energy"": 0.8585383080675726, ""water"": 0.9026432239251698, ""transport"": 0.7579561087887798}","{""energy"": 0.19187164140090585, ""water"": 0.6359765572585031, ""transport"": 0.42462277545544647}","{""energy"": 0.0, ""water"": 0.0, ""transport"": 0.0}","{""energy"": 0.0, ""water"": 0.0, ""transport"": 0.0}","{""energy"": 0.0, ""water"": 0.0, ""transport"": 0.0}",0.3,0.1,,0.44666666666666677,1.0,0.5533333333333332,1,"{""energy"": 0.6666666666666667, ""water"": 0.2666666666666667, ""transport"": 0.33333333333333337}","{""energy"": 1.0, ""water"": 1.0, ""transport"": 1.0}","{""energy"": 0.33333333333333326, ""water"": 0.7333333333333333, ""transport"": 0.6666666666666666}",3,0.841595123041214,,,[],,v1.0,0.7,0.3
S4_water_partial,79,79,1642847440866692549,scenario=S4_water_partial|method=both|duration=0|theta=0.300000|delta_threshold=0.100000|A=v1.0|w=na|run_id=79|seed=1642847440866692549,False,"{""step_1_amount"": 0.9641263183970696}",5222c37788a096d3910624247b4a1e76a3afcfe0df2ea7ddd6490cebc16a26a9,0.44666666666666677,0.949695168582285,0.5030285019156182,6,0.0,1.0,0.44666666666666677,0.949695168582285,1,1,0.5030285019156182,"{""energy"": 0.6666666666666667, ""water"": 0.2666666666666667, ""transport"": 0.33333333333333337}","{""energy"": 0.944685580598174, ""water"": 1.0, ""transport"": 0.9060697878100509}","{""energy"": 0.27801891393150724, ""water"": 0.7333333333333333, ""transport"": 0.5727364544767175}","{""energy"": 0.0, ""water"": 0.0, ""transport"": 0.0}","{""energy"": 1.0, ""water"": 1.0, ""transport"": 1.0}","{""energy"": 1.0, ""water"": 1.0, ""transport"": 1.0}",0.3,0.1,,0.44666666666666677,1.0,0.5533333333333332,1,"{""energy"": 0.6666666666666667, ""water"": 0.2666666666666667, ""transport"": 0.33333333333333337}","{""energy"": 1.0, ""water"": 1.0, ""transport"": 1.0}","{""energy"": 0.33333333333333326, ""water"": 0.7333333333333333, ""transport"": 0.6666666666666666}",3,0.949695168582285,,,"[""energy"", ""transport""]",1,v1.0,0.7,0.3
S4_water_partial,80,80,1420662767268625284,scenario=S4_water_partial|method=both|duration=0|theta=0.300000|delta_threshold=0.100000|A=v1.0|w=na|run_id=80|seed=1420662767268625284,False,"{""step_1_amount"": 0.491244177683115}",5222c37788a096d3910624247b4a1e76a3afcfe0df2ea7ddd6490cebc16a26a9,0.44666666666666677,0.6177726210554968,0.17110595438883003,20,0.0,0.0,0.44666666666666677,0.6177726210554968,0,1,0.17110595438883003,"{""energy"": 0.6666666666666667, ""water"": 0.2666666666666667, ""transport"": 0.33333333333333337}","{""energy"": 0.7394777110874455, ""water"": 0.6307218887705606, ""transport"": 0.4425498999645015}","{""energy"": 0.07281104442077879, ""water"": 0.36405522210389385, ""transport"": 0.10921656663116813}","{""energy"": 0.0, ""water"": 0.0, ""transport"": 0.0}","{""energy"": 0.0, ""water"": 0.0, ""transport"": 0.0}","{""energy"": 0.0, ""water"": 0.0, ""transport"": 0.0}",0.3,0.1,,0.44666666666666677,1.0,0.5533333333333332,1,"{""energy"": 0.6666666666666667, ""water"": 0.2666666666666667, ""transport"": 0.33333333333333337}","{""energy"": 1.0, ""water"": 1.0, ""transport"": 1.0}","{""energy"": 0.33333333333333326, ""water"": 0.7333333333333333, ""transport"": 0.6666666666666666}",4,0.6177726210554968,,,[],,v1.0,0.7,0.3
S4_water_partial,81,81,14147820851424047205,scenario=S4_water_partial|method=both|duration=0|theta=0.300000|delta_threshold=0.100000|A=v1.0|w=na|run_id=81|seed=14147820851424047205,False,"{""step_1_amount"": 0.6263322125344556}",5222c37788a096d3910624247b4a1e76a3afcfe0df2ea7ddd6490cebc16a26a9,0.44666666666666677,0.7995554682034104,0.3528888015367436,30,0.0,0.0,0.44666666666666677,0.7995554682034104,0,1,0.3528888015367436,"{""energy"": 0.6666666666666667, ""water"": 0.2666666666666667, ""transport"": 0.33333333333333337}","{""energy"": 0.83726136147075, ""water"": 0.8422563601150491, ""transport"": 0.706580051935319}","{""energy"": 0.1705946948040833, ""water"": 0.5755896934483824, ""transport"": 0.37324671860198566}","{""energy"": 0.0, ""water"": 0.0, ""transport"": 0.0}","{""energy"": 0.0, ""water"": 0.0, ""transport"": 0.0}","{""energy"": 0.0, ""water"": 0.0, ""transport"": 0.0}",0.3,0.1,,0.44666666666666677,1.0,0.5533333333333332,1,"{""energy"": 0.6666666666666667, ""water"": 0.2666666666666667, ""transport"": 0.33333333333333337}","{""energy"": 1.0, ""water"": 1.0, ""transport"": 1.0}","{""energy"": 0.33333333333333326, ""water"": 0.7333333333333333, ""transport"": 0.6666666666666666}",3,0.7995554682034104,,,[],,v1.0,0.7,0.3
S4_water_partial,82,82,8561226425437802968,scenario=S4_water_partial|method=both|duration=0|theta=0.300000|delta_threshold=0.100000|A=v1.0|w=na|run_id=82|seed=8561226425437802968,False,"{""step_1_amount"": 0.21617667618673211}",5222c37788a096d3910624247b4a1e76a3afcfe0df2ea7ddd6490cebc16a26a9,0.44666666666666677,0.5806118786086587,0.13394521194199194,16,0.0,0.0,0.44666666666666677,0.5806118786086587,0,1,0.13394521194199194,"{""energy"": 0.6666666666666667, ""water"": 0.2666666666666667, ""transport"": 0.33333333333333337}","{""energy"": 0.7484867198897791, ""water"": 0.33873810135103477, ""transport"": 0.5986525341581223}","{""energy"": 0.08182005322311237, ""water"": 0.07207143468436805, ""transport"": 0.2653192008247889}","{""energy"": 0.0, ""water"": 0.0, ""transport"": 0.0}","{""energy"": 0.0, ""water"": 0.0, ""transport"": 0.0}","{""energy"": 0.0, ""water"": 0.0, ""transport"": 0.0}",0.3,0.1,,0.44666666666666677,1.0,0.5533333333333332,1,"{""energy"": 0.6666666666666667, ""water"": 0.2666666666666667, ""transport"": 0.33333333333333337}","{""energy"": 1.0, ""water"": 1.0, ""transport"": 1.0}","{""energy"": 0.33333333333333326, ""water"": 0.7333333333333333, ""transport"": 0.6666666666666666}",4,0.5806118786086587,,,[],,v1.0,0.7,0.3
S4_water_partial,83,83,1250852429173046739,scenario=S4_water_partial|method=both|duration=0|theta=0.300000|delta_threshold=0.100000|A=v1.0|w=na|run_id=83|seed=1250852429173046739,False,"{""step_1_amount"": 0.3714703498137609}",5222c37788a096d3910624247b4a1e76a3afcfe0df2ea7ddd6490cebc16a26a9,0.44666666666666677,0.5474054971822513,0.10073883051558452,13,0.0,0.0,0.44666666666666677,0.5474054971822513,0,0,0.10073883051558452,"{""energy"": 0.6666666666666667, ""water"": 0.2666666666666667, ""transport"": 0.33333333333333337}","{""energy"": 0.709534254120107, ""water"": 0.481004603933868, ""transport"": 0.39763471451349375}","{""energy"": 0.042867587453440215, ""water"": 0.2143379372672013, ""transport"": 0.06430138118016038}","{""energy"": 0.0, ""water"": 0.0, ""transport"": 0.0}","{""energy"": 0.0, ""water"": 0.0, ""transport"": 0.0}","{""energy"": 0.0, ""water"": 0.0, ""transport"": 0.0}",0.3,0.1,,0.44666666666666677,1.0,0.5533333333333332,1,"{""energy"": 0.6666666666666667, ""water"": 0.2666666666666667, ""transport"": 0.33333333333333337}","{""energy"": 1.0, ""water"": 1.0, ""transport"": 1.0}","{""energy"": 0.33333333333333326, ""water"": 0.7333333333333333, ""transport"": 0.6666666666666666}",4,0.5474054971822513,,,[],,v1.0,0.7,0.3
S4_water_partial,84,84,7425194573735772200,scenario=S4_water_partial|method=both|duration=0|theta=0.300000|delta_threshold=0.100000|A=v1.0|w=na|run_id=84|seed=7425194573735772200,False,"{""step_1_amount"": 0.47739920421358933}",5222c37788a096d3910624247b4a1e76a3afcfe0df2ea7ddd6490cebc16a26a9,0.44666666666666677,0.6096386991421505,0.16297203247548375,8,0.0,0.0,0.44666666666666677,0.6096386991421505,0,1,0.16297203247548375,"{""energy"": 0.6666666666666667, ""water"": 0.2666666666666667, ""transport"": 0.33333333333333337}","{""energy"": 0.736016467720064, ""water"": 0.6134156719336534, ""transport"": 0.4373580349134294}","{""energy"": 0.06934980105339728, ""water"": 0.3467490052669867, ""transport"": 0.10402470158009602}","{""energy"": 0.0, ""water"": 0.0, ""transport"": 0.0}","{""energy"": 0.0, ""water"": 0.0, ""transport"": 0.0}","{""energy"": 0.0, ""water"": 0.0, ""transport"": 0.0}",0.3,0.1,,0.44666666666666677,1.0,0.5533333333333332,1,"{""energy"": 0.6666666666666667, ""water"": 0.2666666666666667, ""transport"": 0.33333333333333337}","{""energy"": 1.0, ""water"": 1.0, ""transport"": 1.0}","{""energy"": 0.33333333333333326, ""water"": 0.7333333333333333, ""transport"": 0.6666666666666666}",4,0.6096386991421505,,,[],,v1.0,0.7,0.3
S4_water_partial,85,85,15260954950351742583,scenario=S4_water_partial|method=both|duration=0|theta=0.300000|delta_threshold=0.100000|A=v1.0|w=na|run_id=85|seed=15260954950351742583,False,"{""step_1_amount"": 0.5392535763428243}",5222c37788a096d3910624247b4a1e76a3afcfe0df2ea7ddd6490cebc16a26a9,0.44666666666666677,0.6459781427680761,0.1993114761014093,11,0.0,0.0,0.44666666666666677,0.6459781427680761,0,1,0.1993114761014093,"{""energy"": 0.6666666666666667, ""water"": 0.2666666666666667, ""transport"": 0.33333333333333337}","{""energy"": 0.7514800607523728, ""water"": 0.6907336370951971, ""transport"": 0.4605534244618925}","{""energy"": 0.0848133940857061, ""water"": 0.42406697042853037, ""transport"": 0.12722009112855914}","{""energy"": 0.0, ""water"": 0.0, ""transport"": 0.0}","{""energy"": 0.0, ""water"": 0.0, ""transport"": 0.0}","{""energy"": 0.0, ""water"": 0.0, ""transport"": 0.0}",0.3,0.1,,0.44666666666666677,1.0,0.5533333333333332,1,"{""energy"": 0.6666666666666667, ""water"": 0.2666666666666667, ""transport"": 0.33333333333333337}","{""energy"": 1.0, ""water"": 1.0, ""transport"": 1.0}","{""energy"": 0.33333333333333326, ""water"": 0.7333333333333333, ""transport"": 0.6666666666666666}",3,0.6459781427680761,,,[],,v1.0,0.7,0.3
S4_water_partial,86,86,11381267490594193770,scenario=S4_water_partial|method=both|duration=0|theta=0.300000|delta_threshold=0.100000|A=v1.0|w=na|run_id=86|seed=11381267490594193770,False,"{""step_1_amount"": 1.1073350675996847}",5222c37788a096d3910624247b4a1e76a3afcfe0df2ea7ddd6490cebc16a26a9,0.44666666666666677,0.9323890246868596,0.4857223580201928,7,0.0,1.0,0.44666666666666677,0.9323890246868596,1,1,0.4857223580201928,"{""energy"": 0.6666666666666667, ""water"": 0.2666666666666667, ""transport"": 0.33333333333333337}","{""energy"": 0.9350397795382331, ""water"": 1.0, ""transport"": 0.8612437095718879}","{""energy"": 0.2683731128715664, ""water"": 0.7333333333333333, ""transport"": 0.5279103762385545}","{""energy"": 0.0, ""water"": 0.0, ""transport"": 0.0}","{""energy"": 1.0, ""water"": 1.0, ""transport"": 1.0}","{""energy"": 1.0, ""water"": 1.0, ""transport"": 1.0}",0.3,0.1,,0.44666666666666677,1.0,0.5533333333333332,1,"{""energy"": 0.6666666666666667, ""water"": 0.2666666666666667, ""transport"": 0.33333333333333337}","{""energy"": 1.0, ""water"": 1.0, ""transport"": 1.0}","{""energy"": 0.33333333333333326, ""water"": 0.7333333333333333, ""transport"": 0.6666666666666666}",3,0.9323890246868596,,,"[""energy"", ""transport""]",1,v1.0,0.7,0.3
S4_water_partial,87,87,80164666388430721,scenario=S4_water_partial|method=both|duration=0|theta=0.300000|delta_threshold=0.100000|A=v1.0|w=na|run_id=87|seed=80164666388430721,False,"{""step_1_amount"": 0.7639005544401044}",5222c37788a096d3910624247b4a1e76a3afcfe0df2ea7ddd6490cebc16a26a9,0.44666666666666677,0.8867546364807201,0.4400879698140533,21,0.0,1.0,0.44666666666666677,0.8867546364807201,1,1,0.4400879698140533,"{""energy"": 0.6666666666666667, ""water"": 0.2666666666666667, ""transport"": 0.33333333333333337}","{""energy"": 0.8792554495592151, ""water"": 1.0, ""transport"": 0.78350818885678}","{""energy"": 0.21258878289254834, ""water"": 0.7333333333333333, ""transport"": 0.4501748555234466}","{""energy"": 0.0, ""water"": 0.0, ""transport"": 0.0}","{""energy"": 1.0, ""water"": 1.0, ""transport"": 1.0}","{""energy"": 1.0, ""water"": 1.0, ""transport"": 1.0}",0.3,0.1,,0.44666666666666677,1.0,0.5533333333333332,1,"{""energy"": 0.6666666666666667, ""water"": 0.2666666666666667, ""transport"": 0.33333333333333337}","{""energy"": 1.0, ""water"": 1.0, ""transport"": 1.0}","{""energy"": 0.33333333333333326, ""water"": 0.7333333333333333, ""transport"": 0.6666666666666666}",3,0.8867546364807201,,,"[""energy"", ""transport""]",1,v1.0,0.7,0.3
S4_water_partial,88,88,12708113422258725747,scenario=S4_water_partial|method=both|duration=0|theta=0.300000|delta_threshold=0.100000|A=v1.0|w=na|run_id=88|seed=12708113422258725747,False,"{""step_1_amount"": 0.6172969406249487}",5222c37788a096d3910624247b4a1e76a3afcfe0df2ea7ddd6490cebc16a26a9,0.44666666666666677,0.7994911684392771,0.3528245017726104,15,0.0,0.0,0.44666666666666677,0.7994911684392771,0,1,0.3528245017726104,"{""energy"": 0.6666666666666667, ""water"": 0.2666666666666667, ""transport"": 0.33333333333333337}","{""energy"": 0.8382799950450621, ""water"": 0.8331472379292914, ""transport"": 0.7141166634748831}","{""energy"": 0.17161332837839538, ""water"": 0.5664805712626246, ""transport"": 0.38078333014154975}","{""energy"": 0.0, ""water"": 0.0, ""transport"": 0.0}","{""energy"": 0.0, ""water"": 0.0, ""transport"": 0.0}","{""energy"": 0.0, ""water"": 0.0, ""transport"": 0.0}",0.3,0.1,,0.44666666666666677,1.0,0.5533333333333332,1,"{""energy"": 0.6666666666666667, ""water"": 0.2666666666666667, ""transport"": 0.33333333333333337}","{""energy"": 1.0, ""water"": 1.0, ""transport"": 1.0}","{""energy"": 0.33333333333333326, ""water"": 0.7333333333333333, ""transport"": 0.6666666666666666}",3,0.7994911684392771,,,[],,v1.0,0.7,0.3
S4_water_partial,89,89,8867120843981940346,scenario=S4_water_partial|method=both|duration=0|theta=0.300000|delta_threshold=0.100000|A=v1.0|w=na|run_id=89|seed=8867120843981940346,False,"{""step_1_amount"": 0.901552145950131}",5222c37788a096d3910624247b4a1e76a3afcfe0df2ea7ddd6490cebc16a26a9,0.44666666666666677,0.9233721950417286,0.47670552837506186,10,0.0,1.0,0.44666666666666677,0.9233721950417286,1,1,0.47670552837506186,"{""energy"": 0.6666666666666667, ""water"": 0.2666666666666667, ""transport"": 0.33333333333333337}","{""energy"": 0.9189302012689559, ""water"": 1.0, ""transport"": 0.8526670484471538}","{""energy"": 0.2522635346022891, ""water"": 0.7333333333333333, ""transport"": 0.5193337151138204}","{""energy"": 0.0, ""water"": 0.0, ""transport"": 0.0}","{""energy"": 1.0, ""water"": 1.0, ""transport"": 1.0}","{""energy"": 1.0, ""water"": 1.0, ""transport"": 1.0}",0.3,0.1,,0.44666666666666677,1.0,0.5533333333333332,1,"{""energy"": 0.6666666666666667, ""water"": 0.2666666666666667, ""transport"": 0.33333333333333337}","{""energy"": 1.0, ""water"": 1.0, ""transport"": 1.0}","{""energy"": 0.33333333333333326, ""water"": 0.7333333333333333, ""transport"": 0.6666666666666666}",3,0.9233721950417286,,,"[""energy"", ""transport""]",1,v1.0,0.7,0.3
S4_water_partial,90,90,4058492044138165467,scenario=S4_water_partial|method=both|duration=0|theta=0.300000|delta_threshold=0.100000|A=v1.0|w=na|run_id=90|seed=4058492044138165467,False,"{""step_1_amount"": 1.437734843031667}",5222c37788a096d3910624247b4a1e76a3afcfe0df2ea7ddd6490cebc16a26a9,0.44666666666666677,0.9338607028213122,0.4871940361546454,15,0.0,1.0,0.44666666666666677,0.9338607028213122,1,1,0.4871940361546454,"{""energy"": 0.6666666666666667, ""water"": 0.2666666666666667, ""transport"": 0.33333333333333337}","{""energy"": 0.9360909782056993, ""water"": 1.0, ""transport"": 0.8647477051301085}","{""energy"": 0.26942431153903257, ""water"": 0.7333333333333333, ""transport"": 0.5314143717967751}","{""energy"": 0.0, ""water"": 0.0, ""transport"": 0.0}","{""energy"": 1.0, ""water"": 1.0, ""transport"": 1.0}","{""energy"": 1.0, ""water"": 1.0, ""transport"": 1.0}",0.3,0.1,,0.44666666666666677,1.0,0.5533333333333332,1,"{""energy"": 0.6666666666666667, ""water"": 0.2666666666666667, ""transport"": 0.33333333333333337}","{""energy"": 1.0, ""water"": 1.0, ""transport"": 1.0}","{""energy"": 0.33333333333333326, ""water"": 0.7333333333333333, ""transport"": 0.6666666666666666}",3,0.9338607028213122,,,"[""energy"", ""transport""]",1,v1.0,0.7,0.3
S4_water_partial,91,91,15912074883326657484,scenario=S4_water_partial|method=both|duration=0|theta=0.300000|delta_threshold=0.100000|A=v1.0|w=na|run_id=91|seed=15912074883326657484,False,"{""step_1_amount"": 0.9935623118528069}",5222c37788a096d3910624247b4a1e76a3afcfe0df2ea7ddd6490cebc16a26a9,0.44666666666666677,0.9249149562740453,0.47824828960737853,11,0.0,1.0,0.44666666666666677,0.9249149562740453,1,1,0.47824828960737853,"{""energy"": 0.6666666666666667, ""water"": 0.2666666666666667, ""transport"": 0.33333333333333337}","{""energy"": 0.9290688863003379, ""water"": 1.0, ""transport"": 0.8442913391797007}","{""energy"": 0.26240221963367116, ""water"": 0.7333333333333333, ""transport"": 0.5109580058463673}","{""energy"": 0.0, ""water"": 0.0, ""transport"": 0.0}","{""energy"": 1.0, ""water"": 1.0, ""transport"": 1.0}","{""energy"": 1.0, ""water"": 1.0, ""transport"": 1.0}",0.3,0.1,,0.44666666666666677,1.0,0.5533333333333332,1,"{""energy"": 0.6666666666666667, ""water"": 0.2666666666666667, ""transport"": 0.33333333333333337}","{""energy"": 1.0, ""water"": 1.0, ""transport"": 1.0}","{""energy"": 0.33333333333333326, ""water"": 0.7333333333333333, ""transport"": 0.6666666666666666}",3,0.9249149562740453,,,"[""energy"", ""transport""]",1,v1.0,0.7,0.3
S4_water_partial,92,92,7392199704636312351,scenario=S4_water_partial|method=both|duration=0|theta=0.300000|delta_threshold=0.100000|A=v1.0|w=na|run_id=92|seed=7392199704636312351,False,"{""step_1_amount"": 0.7191348278638516}",5222c37788a096d3910624247b4a1e76a3afcfe0df2ea7ddd6490cebc16a26a9,0.44666666666666677,0.7516583780366797,0.3049917113700129,18,0.0,0.0,0.44666666666666677,0.7516583780366797,0,1,0.3049917113700129,"{""energy"": 0.6666666666666667, ""water"": 0.2666666666666667, ""transport"": 0.33333333333333337}","{""energy"": 0.7964503736326297, ""water"": 0.9155852014964814, ""transport"": 0.5280088937822778}","{""energy"": 0.12978370696596297, ""water"": 0.6489185348298147, ""transport"": 0.1946755604489444}","{""energy"": 0.0, ""water"": 0.0, ""transport"": 0.0}","{""energy"": 0.0, ""water"": 0.0, ""transport"": 0.0}","{""energy"": 0.0, ""water"": 0.0, ""transport"": 0.0}",0.3,0.1,,0.44666666666666677,1.0,0.5533333333333332,1,"{""energy"": 0.6666666666666667, ""water"": 0.2666666666666667, ""transport"": 0.33333333333333337}","{""energy"": 1.0, ""water"": 1.0, ""transport"": 1.0}","{""energy"": 0.33333333333333326, ""water"": 0.7333333333333333, ""transport"": 0.6666666666666666}",3,0.7516583780366797,,,[],,v1.0,0.7,0.3
S4_water_partial,93,93,11504188257648308180,scenario=S4_water_partial|method=both|duration=0|theta=0.300000|delta_threshold=0.100000|A=v1.0|w=na|run_id=93|seed=11504188257648308180,False,"{""step_1_amount"": 1.055539234014646}",5222c37788a096d3910624247b4a1e76a3afcfe0df2ea7ddd6490cebc16a26a9,0.44666666666666677,0.8366666666666667,0.3899999999999999,30,0.0,1.0,0.44666666666666677,0.8366666666666667,1,1,0.3899999999999999,"{""energy"": 0.6666666666666667, ""water"": 0.2666666666666667, ""transport"": 0.33333333333333337}","{""energy"": 0.8666666666666667, ""water"": 1.0, ""transport"": 0.6333333333333333}","{""energy"": 0.19999999999999996, ""water"": 0.7333333333333333, ""transport"": 0.29999999999999993}","{""energy"": 0.0, ""water"": 0.0, ""transport"": 0.0}","{""energy"": 1.0, ""water"": 1.0, ""transport"": 1.0}","{""energy"": 1.0, ""water"": 1.0, ""transport"": 1.0}",0.3,0.1,,0.44666666666666677,1.0,0.5533333333333332,1,"{""energy"": 0.6666666666666667, ""water"": 0.2666666666666667, ""transport"": 0.33333333333333337}","{""energy"": 1.0, ""water"": 1.0, ""transport"": 1.0}","{""energy"": 0.33333333333333326, ""water"": 0.7333333333333333, ""transport"": 0.6666666666666666}",3,0.8366666666666667,,,"[""energy"", ""transport""]",1,v1.0,0.7,0.3
S4_water_partial,94,94,5635282467787295542,scenario=S4_water_partial|method=both|duration=0|theta=0.300000|delta_threshold=0.100000|A=v1.0|w=na|run_id=94|seed=5635282467787295542,False,"{""step_1_amount"": 0.6126551342927025}",5222c37788a096d3910624247b4a1e76a3afcfe0df2ea7ddd6490cebc16a26a9,0.44666666666666677,0.6891015580636294,0.24243489139696262,13,0.0,0.0,0.44666666666666677,0.6891015580636294,0,1,0.24243489139696262,"{""energy"": 0.6666666666666667, ""water"": 0.2666666666666667, ""transport"": 0.33333333333333337}","{""energy"": 0.7698304502398423, ""water"": 0.7824855845325448, ""transport"": 0.4880790086930968}","{""energy"": 0.10316378357317557, ""water"": 0.5158189178658781, ""transport"": 0.1547456753597634}","{""energy"": 0.0, ""water"": 0.0, ""transport"": 0.0}","{""energy"": 0.0, ""water"": 0.0, ""transport"": 0.0}","{""energy"": 0.0, ""water"": 0.0, ""transport"": 0.0}",0.3,0.1,,0.44666666666666677,1.0,0.5533333333333332,1,"{""energy"": 0.6666666666666667, ""water"": 0.2666666666666667, ""transport"": 0.33333333333333337}","{""energy"": 1.0, ""water"": 1.0, ""transport"": 1.0}","{""energy"": 0.33333333333333326, ""water"": 0.7333333333333333, ""transport"": 0.6666666666666666}",3,0.6891015580636294,,,[],,v1.0,0.7,0.3
S4_water_partial,95,95,3875456935289174021,scenario=S4_water_partial|method=both|duration=0|theta=0.300000|delta_threshold=0.100000|A=v1.0|w=na|run_id=95|seed=3875456935289174021,False,"{""step_1_amount"": 0.8564824220176318}",5222c37788a096d3910624247b4a1e76a3afcfe0df2ea7ddd6490cebc16a26a9,0.44666666666666677,0.8957854796840707,0.449118813017404,11,0.0,1.0,0.44666666666666677,0.8957854796840707,1,1,0.449118813017404,"{""energy"": 0.6666666666666667, ""water"": 0.2666666666666667, ""transport"": 0.33333333333333337}","{""energy"": 0.8947989138415442, ""water"": 1.0, ""transport"": 0.7928863804915101}","{""energy"": 0.22813224717487746, ""water"": 0.7333333333333333, ""transport"": 0.4595530471581767}","{""energy"": 0.0, ""water"": 0.0, ""transport"": 0.0}","{""energy"": 1.0, ""water"": 1.0, ""transport"": 1.0}","{""energy"": 1.0, ""water"": 1.0, ""transport"": 1.0}",0.3,0.1,,0.44666666666666677,1.0,0.5533333333333332,1,"{""energy"": 0.6666666666666667, ""water"": 0.2666666666666667, ""transport"": 0.33333333333333337}","{""energy"": 1.0, ""water"": 1.0, ""transport"": 1.0}","{""energy"": 0.33333333333333326, ""water"": 0.7333333333333333, ""transport"": 0.6666666666666666}",3,0.8957854796840707,,,"[""energy"", ""transport""]",1,v1.0,0.7,0.3
S4_water_partial,96,96,18169044808566949883,scenario=S4_water_partial|method=both|duration=0|theta=0.300000|delta_threshold=0.100000|A=v1.0|w=na|run_id=96|seed=18169044808566949883,False,"{""step_1_amount"": 0.2004073375390265}",5222c37788a096d3910624247b4a1e76a3afcfe0df2ea7ddd6490cebc16a26a9,0.44666666666666677,0.4469059774708447,0.00023931080417793904,21,0.0,0.0,0.44666666666666677,0.4469059774708447,0,0,0.00023931080417793904,"{""energy"": 0.6666666666666667, ""water"": 0.2666666666666667, ""transport"": 0.33333333333333337}","{""energy"": 0.6667685010514234, ""water"": 0.2671758385904498, ""transport"": 0.3334860849104683}","{""energy"": 0.00010183438475663831, ""water"": 0.0005091719237830805, ""transport"": 0.00015275157713490195}","{""energy"": 0.0, ""water"": 0.0, ""transport"": 0.0}","{""energy"": 0.0, ""water"": 0.0, ""transport"": 0.0}","{""energy"": 0.0, ""water"": 0.0, ""transport"": 0.0}",0.3,0.1,,0.44666666666666677,1.0,0.5533333333333332,1,"{""energy"": 0.6666666666666667, ""water"": 0.2666666666666667, ""transport"": 0.33333333333333337}","{""energy"": 1.0, ""water"": 1.0, ""transport"": 1.0}","{""energy"": 0.33333333333333326, ""water"": 0.7333333333333333, ""transport"": 0.6666666666666666}",4,0.4469059774708447,,,[],,v1.0,0.7,0.3
S4_water_partial,97,97,16980838789281089329,scenario=S4_water_partial|method=both|duration=0|theta=0.300000|delta_threshold=0.100000|A=v1.0|w=na|run_id=97|seed=16980838789281089329,False,"{""step_1_amount"": 0.7698923590765325}",5222c37788a096d3910624247b4a1e76a3afcfe0df2ea7ddd6490cebc16a26a9,0.44666666666666677,0.7814784276241296,0.3348117609574628,11,0.0,1.0,0.44666666666666677,0.7814784276241296,1,1,0.3348117609574628,"{""energy"": 0.6666666666666667, ""water"": 0.2666666666666667, ""transport"": 0.33333333333333337}","{""energy"": 0.8091397564357998, ""water"": 0.9790321155123324, ""transport"": 0.547042967987033}","{""energy"": 0.1424730897691331, ""water"": 0.7123654488456657, ""transport"": 0.21370963465369963}","{""energy"": 0.0, ""water"": 0.0, ""transport"": 0.0}","{""energy"": 1.0, ""water"": 1.0, ""transport"": 1.0}","{""energy"": 1.0, ""water"": 1.0, ""transport"": 1.0}",0.3,0.1,,0.44666666666666677,1.0,0.5533333333333332,1,"{""energy"": 0.6666666666666667, ""water"": 0.2666666666666667, ""transport"": 0.33333333333333337}","{""energy"": 1.0, ""water"": 1.0, ""transport"": 1.0}","{""energy"": 0.33333333333333326, ""water"": 0.7333333333333333, ""transport"": 0.6666666666666666}",3,0.7814784276241296,,,"[""energy"", ""transport""]",1,v1.0,0.7,0.3
S4_water_partial,98,98,17896873331811656149,scenario=S4_water_partial|method=both|duration=0|theta=0.300000|delta_threshold=0.100000|A=v1.0|w=na|run_id=98|seed=17896873331811656149,False,"{""step_1_amount"": 0.896270864177491}",5222c37788a096d3910624247b4a1e76a3afcfe0df2ea7ddd6490cebc16a26a9,0.44666666666666677,0.9373793474930032,0.49071268082633646,9,0.0,1.0,0.44666666666666677,0.9373793474930032,1,1,0.49071268082633646,"{""energy"": 0.6666666666666667, ""water"": 0.2666666666666667, ""transport"": 0.33333333333333337}","{""energy"": 0.9284166128457678, ""water"": 1.0, ""transport"": 0.8867090078489871}","{""energy"": 0.2617499461791011, ""water"": 0.7333333333333333, ""transport"": 0.5533756745156537}","{""energy"": 0.0, ""water"": 0.0, ""transport"": 0.0}","{""energy"": 1.0, ""water"": 1.0, ""transport"": 1.0}","{""energy"": 1.0, ""water"": 1.0, ""transport"": 1.0}",0.3,0.1,,0.44666666666666677,1.0,0.5533333333333332,1,"{""energy"": 0.6666666666666667, ""water"": 0.2666666666666667, ""transport"": 0.33333333333333337}","{""energy"": 1.0, ""water"": 1.0, ""transport"": 1.0}","{""energy"": 0.33333333333333326, ""water"": 0.7333333333333333, ""transport"": 0.6666666666666666}",3,0.9373793474930032,,,"[""energy"", ""transport""]",1,v1.0,0.7,0.3
S4_water_partial,99,99,7529843156918877302,scenario=S4_water_partial|method=both|duration=0|theta=0.300000|delta_threshold=0.100000|A=v1.0|w=na|run_id=99|seed=7529843156918877302,False,"{""step_1_amount"": 0.7232984174288544}",5222c37788a096d3910624247b4a1e76a3afcfe0df2ea7ddd6490cebc16a26a9,0.44666666666666677,0.8724396087007249,0.42577294203405813,19,0.0,0.0,0.44666666666666677,0.8724396087007249,0,1,0.42577294203405813,"{""energy"": 0.6666666666666667, ""water"": 0.2666666666666667, ""transport"": 0.33333333333333337}","{""energy"": 0.8714507221455092, ""water"": 0.9700959892004872, ""transport"": 0.7761017436079167}","{""energy"": 0.20478405547884249, ""water"": 0.7034293225338205, ""transport"": 0.44276841027458336}","{""energy"": 0.0, ""water"": 0.0, ""transport"": 0.0}","{""energy"": 0.0, ""water"": 0.0, ""transport"": 0.0}","{""energy"": 0.0, ""water"": 0.0, ""transport"": 0.0}",0.3,0.1,,0.44666666666666677,1.0,0.5533333333333332,1,"{""energy"": 0.6666666666666667, ""water"": 0.2666666666666667, ""transport"": 0.33333333333333337}","{""energy"": 1.0, ""water"": 1.0, ""transport"": 1.0}","{""energy"": 0.33333333333333326, ""water"": 0.7333333333333333, ""transport"": 0.6666666666666666}",3,0.8724396087007249,,,[],,v1.0,0.7,0.3
S4_water_partial,100,100,6236880601955346558,scenario=S4_water_partial|method=both|duration=0|theta=0.300000|delta_threshold=0.100000|A=v1.0|w=na|run_id=100|seed=6236880601955346558,False,"{""step_1_amount"": 0.30965722796098144}",5222c37788a096d3910624247b4a1e76a3afcfe0df2ea7ddd6490cebc16a26a9,0.44666666666666677,0.5110902880937434,0.06442362142707658,18,0.0,0.0,0.44666666666666677,0.5110902880937434,0,0,0.06442362142707658,"{""energy"": 0.6666666666666667, ""water"": 0.2666666666666667, ""transport"": 0.33333333333333337}","{""energy"": 0.6940809736569121, ""water"": 0.40373820161789353, ""transport"": 0.3744547938187014}","{""energy"": 0.027414306990245385, ""water"": 0.13707153495122681, ""transport"": 0.04112146048536802}","{""energy"": 0.0, ""water"": 0.0, ""transport"": 0.0}","{""energy"": 0.0, ""water"": 0.0, ""transport"": 0.0}","{""energy"": 0.0, ""water"": 0.0, ""transport"": 0.0}",0.3,0.1,,0.44666666666666677,1.0,0.5533333333333332,1,"{""energy"": 0.6666666666666667, ""water"": 0.2666666666666667, ""transport"": 0.33333333333333337}","{""energy"": 1.0, ""water"": 1.0, ""transport"": 1.0}","{""energy"": 0.33333333333333326, ""water"": 0.7333333333333333, ""transport"": 0.6666666666666666}",4,0.5110902880937434,,,[],,v1.0,0.7,0.3
