scenario_id,run_id,run,seed,cache_key,cache_hit,randomized_params,x0_hash,before,after,delta,duration,method_cl_total_before,method_cl_total_after,method_q_total_before,method_q_total_after,I_cl,I_q,delta_R,before_vec_q,after_vec_q,delta_vec_q,before_vec_cl,after_vec_cl,delta_vec_cl,theta_classical,delta_sector_threshold,theta_node,method_qi_total_before,method_qi_total_after,delta_qi,I_qi,before_vec_qi,after_vec_qi,delta_vec_qi,convergence_steps,peak_after_q,final_after_recovery_q,recovery_trajectory_q,cl_activated_sectors,cl_first_activation_step,matrix_version,theta_bin,theta_cascade
S1b_energy_partial,1,1,7503052176777656031,scenario=S1b_energy_partial|method=both|duration=0|theta=0.300000|delta_threshold=0.100000|A=v1.0|w=na|run_id=1|seed=7503052176777656031,False,"{""step_1_amount"": 0.009407796610517646}",5222c37788a096d3910624247b4a1e76a3afcfe0df2ea7ddd6490cebc16a26a9,0.44666666666666677,0.7619372894867079,0.31527062282004115,10,0.0,0.0,0.44666666666666677,0.7619372894867079,0,1,0.31527062282004115,"{""energy"": 0.6666666666666667, ""water"": 0.2666666666666667, ""transport"": 0.33333333333333337}","{""energy"": 0.880271450444118, ""water"": 0.4014721408053602, ""transport"": 0.9646235568915089}","{""energy"": 0.2136047837774513, ""water"": 0.13480547413869348, ""transport"": 0.6312902235581755}","{""energy"": 0.0, ""water"": 0.0, ""transport"": 0.0}","{""energy"": 0.0, ""water"": 0.0, ""transport"": 0.0}","{""energy"": 0.0, ""water"": 0.0, ""transport"": 0.0}",0.3,0.1,,0.44666666666666677,1.0,0.5533333333333332,1,"{""energy"": 0.6666666666666667, ""water"": 0.2666666666666667, ""transport"": 0.33333333333333337}","{""energy"": 1.0, ""water"": 1.0, ""transport"": 1.0}","{""energy"": 0.33333333333333326, ""water"": 0.7333333333333333, ""transport"": 0.6666666666666666}",4,0.7619372894867079,,,[],,v1.0,0.7,0.3
S1b_energy_partial,2,2,5972002773307931991,scenario=S1b_energy_partial|method=both|duration=0|theta=0.300000|delta_threshold=0.100000|A=v1.0|w=na|run_id=2|seed=5972002773307931991,False,"{""step_1_amount"": 0.01637315754781428}",5222c37788a096d3910624247b4a1e76a3afcfe0df2ea7ddd6490cebc16a26a9,0.44666666666666677,0.48012452410888695,0.033457857442220185,18,0.0,1.0,0.44666666666666677,0.48012452410888695,1,0,0.033457857442220185,"{""energy"": 0.6666666666666667, ""water"": 0.2666666666666667, ""transport"": 0.33333333333333337}","{""energy"": 0.716603767326697, ""water"": 0.2866415069306788, ""transport"": 0.3583018836633485}","{""energy"": 0.04993710066003021, ""water"": 0.019974840264012084, ""transport"": 0.024968550330015105}","{""energy"": 0.0, ""water"": 0.0, ""transport"": 0.0}","{""energy"": 1.0, ""water"": 1.0, ""transport"": 1.0}","{""energy"": 1.0, ""water"": 1.0, ""transport"": 1.0}",0.3,0.1,,0.44666666666666677,1.0,0.5533333333333332,1,"{""energy"": 0.6666666666666667, ""water"": 0.2666666666666667, ""transport"": 0.33333333333333337}","{""energy"": 1.0, ""water"": 1.0, ""transport"": 1.0}","{""energy"": 0.33333333333333326, ""water"": 0.7333333333333333, ""transport"": 0.6666666666666666}",4,0.48012452410888695,,,"[""water"", ""transport""]",1,v1.0,0.7,0.3
S1b_energy_partial,3,3,16231202705897451784,scenario=S1b_energy_partial|method=both|duration=0|theta=0.300000|delta_threshold=0.100000|A=v1.0|w=na|run_id=3|seed=16231202705897451784,False,"{""step_1_amount"": 0.019800985222899564}",5222c37788a096d3910624247b4a1e76a3afcfe0df2ea7ddd6490cebc16a26a9,0.44666666666666677,0.8182355362928619,0.3715688696261952,11,0.0,1.0,0.44666666666666677,0.8182355362928619,1,1,0.3715688696261952,"{""energy"": 0.6666666666666667, ""water"": 0.2666666666666667, ""transport"": 0.33333333333333337}","{""energy"": 0.9483515623985567, ""water"": 0.4629830377781309, ""transport"": 1.0}","{""energy"": 0.28168489573188993, ""water"": 0.19631637111146416, ""transport"": 0.6666666666666666}","{""energy"": 0.0, ""water"": 0.0, ""transport"": 0.0}","{""energy"": 1.0, ""water"": 1.0, ""transport"": 1.0}","{""energy"": 1.0, ""water"": 1.0, ""transport"": 1.0}",0.3,0.1,,0.44666666666666677,1.0,0.5533333333333332,1,"{""energy"": 0.6666666666666667, ""water"": 0.2666666666666667, ""transport"": 0.33333333333333337}","{""energy"": 1.0, ""water"": 1.0, ""transport"": 1.0}","{""energy"": 0.33333333333333326, ""water"": 0.7333333333333333, ""transport"": 0.6666666666666666}",3,0.8182355362928619,,,"[""water"", ""transport""]",1,v1.0,0.7,0.3
S1b_energy_partial,4,4,16516850713144165433,scenario=S1b_energy_partial|method=both|duration=0|theta=0.300000|delta_threshold=0.100000|A=v1.0|w=na|run_id=4|seed=16516850713144165433,False,"{""step_1_amount"": 0.011157350414018587}",5222c37788a096d3910624247b4a1e76a3afcfe0df2ea7ddd6490cebc16a26a9,0.44666666666666677,0.6398561921197691,0.1931895254531023,11,0.0,1.0,0.44666666666666677,0.6398561921197691,1,1,0.1931895254531023,"{""energy"": 0.6666666666666667, ""water"": 0.2666666666666667, ""transport"": 0.33333333333333337}","{""energy"": 0.7947718276606879, ""water"": 0.4568744702111445, ""transport"": 0.6162837333071683}","{""energy"": 0.12810516099402114, ""water"": 0.1902078035444778, ""transport"": 0.282950399973835}","{""energy"": 0.0, ""water"": 0.0, ""transport"": 0.0}","{""energy"": 1.0, ""water"": 1.0, ""transport"": 1.0}","{""energy"": 1.0, ""water"": 1.0, ""transport"": 1.0}",0.3,0.1,,0.44666666666666677,1.0,0.5533333333333332,1,"{""energy"": 0.6666666666666667, ""water"": 0.2666666666666667, ""transport"": 0.33333333333333337}","{""energy"": 1.0, ""water"": 1.0, ""transport"": 1.0}","{""energy"": 0.33333333333333326, ""water"": 0.7333333333333333, ""transport"": 0.6666666666666666}",4,0.6398561921197691,,,"[""water"", ""transport""]",1,v1.0,0.7,0.3
S1b_energy_partial,5,5,638480941145962202,scenario=S1b_energy_partial|method=both|duration=0|theta=0.300000|delta_threshold=0.100000|A=v1.0|w=na|run_id=5|seed=638480941145962202,False,"{""step_1_amount"": 0.026934102469562387}",5222c37788a096d3910624247b4a1e76a3afcfe0df2ea7ddd6490cebc16a26a9,0.44666666666666677,0.5023027197862109,0.055636053119544115,8,0.0,1.0,0.44666666666666677,0.5023027197862109,1,0,0.055636053119544115,"{""energy"": 0.6666666666666667, ""water"": 0.2666666666666667, ""transport"": 0.33333333333333337}","{""energy"": 0.7497055519197178, ""water"": 0.2998822207678871, ""transport"": 0.3748527759598589}","{""energy"": 0.08303888525305103, ""water"": 0.0332155541012204, ""transport"": 0.041519442626525516}","{""energy"": 0.0, ""water"": 0.0, ""transport"": 0.0}","{""energy"": 1.0, ""water"": 1.0, ""transport"": 1.0}","{""energy"": 1.0, ""water"": 1.0, ""transport"": 1.0}",0.3,0.1,,0.44666666666666677,1.0,0.5533333333333332,1,"{""energy"": 0.6666666666666667, ""water"": 0.2666666666666667, ""transport"": 0.33333333333333337}","{""energy"": 1.0, ""water"": 1.0, ""transport"": 1.0}","{""energy"": 0.33333333333333326, ""water"": 0.7333333333333333, ""transport"": 0.6666666666666666}",4,0.5023027197862109,,,"[""water"", ""transport""]",1,v1.0,0.7,0.3
S1b_energy_partial,6,6,1850675761291901737,scenario=S1b_energy_partial|method=both|duration=0|theta=0.300000|delta_threshold=0.100000|A=v1.0|w=na|run_id=6|seed=1850675761291901737,False,"{""step_1_amount"": 0.011393165882464978}",5222c37788a096d3910624247b4a1e76a3afcfe0df2ea7ddd6490cebc16a26a9,0.44666666666666677,0.7919032262488552,0.34523655958218846,15,0.0,1.0,0.44666666666666677,0.7919032262488552,1,1,0.34523655958218846,"{""energy"": 0.6666666666666667, ""water"": 0.2666666666666667, ""transport"": 0.33333333333333337}","{""energy"": 0.9133373857179341, ""water"": 0.42189423987227165, ""transport"": 1.0}","{""energy"": 0.24667071905126736, ""water"": 0.15522757320560493, ""transport"": 0.6666666666666666}","{""energy"": 0.0, ""water"": 0.0, ""transport"": 0.0}","{""energy"": 1.0, ""water"": 1.0, ""transport"": 1.0}","{""energy"": 1.0, ""water"": 1.0, ""transport"": 1.0}",0.3,0.1,,0.44666666666666677,1.0,0.5533333333333332,1,"{""energy"": 0.6666666666666667, ""water"": 0.2666666666666667, ""transport"": 0.33333333333333337}","{""energy"": 1.0, ""water"": 1.0, ""transport"": 1.0}","{""energy"": 0.33333333333333326, ""water"": 0.7333333333333333, ""transport"": 0.6666666666666666}",4,0.7919032262488552,,,"[""water"", ""transport""]",1,v1.0,0.7,0.3
S1b_energy_partial,7,7,4364626042913279780,scenario=S1b_energy_partial|method=both|duration=0|theta=0.300000|delta_threshold=0.100000|A=v1.0|w=na|run_id=7|seed=4364626042913279780,False,"{""step_1_amount"": 0.010233078843807848}",5222c37788a096d3910624247b4a1e76a3afcfe0df2ea7ddd6490cebc16a26a9,0.44666666666666677,0.6387363713394337,0.19206970467276696,17,0.0,0.0,0.44666666666666677,0.6387363713394337,0,1,0.19206970467276696,"{""energy"": 0.6666666666666667, ""water"": 0.2666666666666667, ""transport"": 0.33333333333333337}","{""energy"": 0.7965606292511097, ""water"": 0.42059279401984995, ""transport"": 0.6464476047767826}","{""energy"": 0.12989396258444297, ""water"": 0.15392612735318323, ""transport"": 0.3131142714434493}","{""energy"": 0.0, ""water"": 0.0, ""transport"": 0.0}","{""energy"": 0.0, ""water"": 0.0, ""transport"": 0.0}","{""energy"": 0.0, ""water"": 0.0, ""transport"": 0.0}",0.3,0.1,,0.44666666666666677,1.0,0.5533333333333332,1,"{""energy"": 0.6666666666666667, ""water"": 0.2666666666666667, ""transport"": 0.33333333333333337}","{""energy"": 1.0, ""water"": 1.0, ""transport"": 1.0}","{""energy"": 0.33333333333333326, ""water"": 0.7333333333333333, ""transport"": 0.6666666666666666}",4,0.6387363713394337,,,[],,v1.0,0.7,0.3
S1b_energy_partial,8,8,1984633518365568483,scenario=S1b_energy_partial|method=both|duration=0|theta=0.300000|delta_threshold=0.100000|A=v1.0|w=na|run_id=8|seed=1984633518365568483,False,"{""step_1_amount"": 0.023135812720512954}",5222c37788a096d3910624247b4a1e76a3afcfe0df2ea7ddd6490cebc16a26a9,0.44666666666666677,0.5382946739674532,0.09162800730078646,17,0.0,1.0,0.44666666666666677,0.5382946739674532,1,1,0.09162800730078646,"{""energy"": 0.6666666666666667, ""water"": 0.2666666666666667, ""transport"": 0.33333333333333337}","{""energy"": 0.7564514053077099, ""water"": 0.38875453182065695, ""transport"": 0.39695917432724037}","{""energy"": 0.0897847386410432, ""water"": 0.12208786515399023, ""transport"": 0.063625840993907}","{""energy"": 0.0, ""water"": 0.0, ""transport"": 0.0}","{""energy"": 1.0, ""water"": 1.0, ""transport"": 1.0}","{""energy"": 1.0, ""water"": 1.0, ""transport"": 1.0}",0.3,0.1,,0.44666666666666677,1.0,0.5533333333333332,1,"{""energy"": 0.6666666666666667, ""water"": 0.2666666666666667, ""transport"": 0.33333333333333337}","{""energy"": 1.0, ""water"": 1.0, ""transport"": 1.0}","{""energy"": 0.33333333333333326, ""water"": 0.7333333333333333, ""transport"": 0.6666666666666666}",4,0.5382946739674532,,,"[""water"", ""transport""]",1,v1.0,0.7,0.3
S1b_energy_partial,9,9,182900992343669894,scenario=S1b_energy_partial|method=both|duration=0|theta=0.300000|delta_threshold=0.100000|A=v1.0|w=na|run_id=9|seed=182900992343669894,False,"{""step_1_amount"": 0.015364947820681327}",5222c37788a096d3910624247b4a1e76a3afcfe0df2ea7ddd6490cebc16a26a9,0.44666666666666677,0.5905949762867362,0.14392830962006942,24,0.0,1.0,0.44666666666666677,0.5905949762867362,1,1,0.14392830962006942,"{""energy"": 0.6666666666666667, ""water"": 0.2666666666666667, ""transport"": 0.33333333333333337}","{""energy"": 0.7827050707561785, ""water"": 0.34196502133580636, ""transport"": 0.5830781386117432}","{""energy"": 0.11603840408951172, ""water"": 0.07529835466913964, ""transport"": 0.2497448052784098}","{""energy"": 0.0, ""water"": 0.0, ""transport"": 0.0}","{""energy"": 1.0, ""water"": 1.0, ""transport"": 1.0}","{""energy"": 1.0, ""water"": 1.0, ""transport"": 1.0}",0.3,0.1,,0.44666666666666677,1.0,0.5533333333333332,1,"{""energy"": 0.6666666666666667, ""water"": 0.2666666666666667, ""transport"": 0.33333333333333337}","{""energy"": 1.0, ""water"": 1.0, ""transport"": 1.0}","{""energy"": 0.33333333333333326, ""water"": 0.7333333333333333, ""transport"": 0.6666666666666666}",4,0.5905949762867362,,,"[""water"", ""transport""]",1,v1.0,0.7,0.3
S1b_energy_partial,10,10,17214301901029362506,scenario=S1b_energy_partial|method=both|duration=0|theta=0.300000|delta_threshold=0.100000|A=v1.0|w=na|run_id=10|seed=17214301901029362506,False,"{""step_1_amount"": 0.0013254068090293762}",5222c37788a096d3910624247b4a1e76a3afcfe0df2ea7ddd6490cebc16a26a9,0.44666666666666677,0.4493342700124539,0.0026676033457871395,22,0.0,0.0,0.44666666666666677,0.4493342700124539,0,0,0.0026676033457871395,"{""energy"": 0.6666666666666667, ""water"": 0.2666666666666667, ""transport"": 0.33333333333333337}","{""energy"": 0.6706481641976924, ""water"": 0.26825926567907693, ""transport"": 0.3353240820988462}","{""energy"": 0.003981497531025613, ""water"": 0.0015925990124102118, ""transport"": 0.0019907487655128064}","{""energy"": 0.0, ""water"": 0.0, ""transport"": 0.0}","{""energy"": 0.0, ""water"": 0.0, ""transport"": 0.0}","{""energy"": 0.0, ""water"": 0.0, ""transport"": 0.0}",0.3,0.1,,0.44666666666666677,1.0,0.5533333333333332,1,"{""energy"": 0.6666666666666667, ""water"": 0.2666666666666667, ""transport"": 0.33333333333333337}","{""energy"": 1.0, ""water"": 1.0, ""transport"": 1.0}","{""energy"": 0.33333333333333326, ""water"": 0.7333333333333333, ""transport"": 0.6666666666666666}",4,0.4493342700124539,,,[],,v1.0,0.7,0.3
S1b_energy_partial,11,11,2770684348829933336,scenario=S1b_energy_partial|method=both|duration=0|theta=0.300000|delta_threshold=0.100000|A=v1.0|w=na|run_id=11|seed=2770684348829933336,False,"{""step_1_amount"": 0.005186446371985488}",5222c37788a096d3910624247b4a1e76a3afcfe0df2ea7ddd6490cebc16a26a9,0.44666666666666677,0.45714577319841093,0.010479106531744165,29,0.0,0.0,0.44666666666666677,0.45714577319841093,0,0,0.010479106531744165,"{""energy"": 0.6666666666666667, ""water"": 0.2666666666666667, ""transport"": 0.33333333333333337}","{""energy"": 0.6823071241767327, ""water"": 0.2729228496706931, ""transport"": 0.34115356208836634}","{""energy"": 0.01564045751006593, ""water"": 0.006256183004026361, ""transport"": 0.007820228755032965}","{""energy"": 0.0, ""water"": 0.0, ""transport"": 0.0}","{""energy"": 0.0, ""water"": 0.0, ""transport"": 0.0}","{""energy"": 0.0, ""water"": 0.0, ""transport"": 0.0}",0.3,0.1,,0.44666666666666677,1.0,0.5533333333333332,1,"{""energy"": 0.6666666666666667, ""water"": 0.2666666666666667, ""transport"": 0.33333333333333337}","{""energy"": 1.0, ""water"": 1.0, ""transport"": 1.0}","{""energy"": 0.33333333333333326, ""water"": 0.7333333333333333, ""transport"": 0.6666666666666666}",4,0.45714577319841093,,,[],,v1.0,0.7,0.3
S1b_energy_partial,12,12,2689630241626968011,scenario=S1b_energy_partial|method=both|duration=0|theta=0.300000|delta_threshold=0.100000|A=v1.0|w=na|run_id=12|seed=2689630241626968011,False,"{""step_1_amount"": 0.013602994603204068}",5222c37788a096d3910624247b4a1e76a3afcfe0df2ea7ddd6490cebc16a26a9,0.44666666666666677,0.8180456937375167,0.3713790270708499,19,0.0,1.0,0.44666666666666677,0.8180456937375167,1,1,0.3713790270708499,"{""energy"": 0.6666666666666667, ""water"": 0.2666666666666667, ""transport"": 0.33333333333333337}","{""energy"": 0.9146806086177943, ""water"": 0.5072448343013298, ""transport"": 1.0}","{""energy"": 0.24801394195112758, ""water"": 0.2405781676346631, ""transport"": 0.6666666666666666}","{""energy"": 0.0, ""water"": 0.0, ""transport"": 0.0}","{""energy"": 1.0, ""water"": 1.0, ""transport"": 1.0}","{""energy"": 1.0, ""water"": 1.0, ""transport"": 1.0}",0.3,0.1,,0.44666666666666677,1.0,0.5533333333333332,1,"{""energy"": 0.6666666666666667, ""water"": 0.2666666666666667, ""transport"": 0.33333333333333337}","{""energy"": 1.0, ""water"": 1.0, ""transport"": 1.0}","{""energy"": 0.33333333333333326, ""water"": 0.7333333333333333, ""transport"": 0.6666666666666666}",3,0.8180456937375167,,,"[""water"", ""transport""]",1,v1.0,0.7,0.3
S1b_energy_partial,13,13,9248770133230552976,scenario=S1b_energy_partial|method=both|duration=0|theta=0.300000|delta_threshold=0.100000|A=v1.0|w=na|run_id=13|seed=9248770133230552976,False,"{""step_1_amount"": 0.015151933556949247}",5222c37788a096d3910624247b4a1e76a3afcfe0df2ea7ddd6490cebc16a26a9,0.44666666666666677,0.5376458659973116,0.0909791993306448,8,0.0,1.0,0.44666666666666677,0.5376458659973116,1,1,0.0909791993306448,"{""energy"": 0.6666666666666667, ""water"": 0.2666666666666667, ""transport"": 0.33333333333333337}","{""energy"": 0.7383772347592461, ""water"": 0.4129058617963395, ""transport"": 0.39474404518237105}","{""energy"": 0.07171056809257936, ""water"": 0.14623919512967276, ""transport"": 0.06141071184903768}","{""energy"": 0.0, ""water"": 0.0, ""transport"": 0.0}","{""energy"": 1.0, ""water"": 1.0, ""transport"": 1.0}","{""energy"": 1.0, ""water"": 1.0, ""transport"": 1.0}",0.3,0.1,,0.44666666666666677,1.0,0.5533333333333332,1,"{""energy"": 0.6666666666666667, ""water"": 0.2666666666666667, ""transport"": 0.33333333333333337}","{""energy"": 1.0, ""water"": 1.0, ""transport"": 1.0}","{""energy"": 0.33333333333333326, ""water"": 0.7333333333333333, ""transport"": 0.6666666666666666}",4,0.5376458659973116,,,"[""water"", ""transport""]",1,v1.0,0.7,0.3
S1b_energy_partial,14,14,1304692194358293273,scenario=S1b_energy_partial|method=both|duration=0|theta=0.300000|delta_threshold=0.100000|A=v1.0|w=na|run_id=14|seed=1304692194358293273,False,"{""step_1_amount"": 0.014342898074533612}",5222c37788a096d3910624247b4a1e76a3afcfe0df2ea7ddd6490cebc16a26a9,0.44666666666666677,0.7595507516321709,0.31288408496550413,10,0.0,1.0,0.44666666666666677,0.7595507516321709,1,1,0.31288408496550413,"{""energy"": 0.6666666666666667, ""water"": 0.2666666666666667, ""transport"": 0.33333333333333337}","{""energy"": 0.8830915998457501, ""water"": 0.44092706780498087, ""transport"": 0.9134533045079218}","{""energy"": 0.2164249331790834, ""water"": 0.17426040113831415, ""transport"": 0.5801199711745885}","{""energy"": 0.0, ""water"": 0.0, ""transport"": 0.0}","{""energy"": 1.0, ""water"": 1.0, ""transport"": 1.0}","{""energy"": 1.0, ""water"": 1.0, ""transport"": 1.0}",0.3,0.1,,0.44666666666666677,1.0,0.5533333333333332,1,"{""energy"": 0.6666666666666667, ""water"": 0.2666666666666667, ""transport"": 0.33333333333333337}","{""energy"": 1.0, ""water"": 1.0, ""transport"": 1.0}","{""energy"": 0.33333333333333326, ""water"": 0.7333333333333333, ""transport"": 0.6666666666666666}",4,0.7595507516321709,,,"[""water"", ""transport""]",1,v1.0,0.7,0.3
S1b_energy_partial,15,15,59571510906928754,scenario=S1b_energy_partial|method=both|duration=0|theta=0.300000|delta_threshold=0.100000|A=v1.0|w=na|run_id=15|seed=59571510906928754,False,"{""step_1_amount"": 0.01993789356322104}",5222c37788a096d3910624247b4a1e76a3afcfe0df2ea7ddd6490cebc16a26a9,0.44666666666666677,0.5208651062999781,0.0741984396333113,29,0.0,1.0,0.44666666666666677,0.5208651062999781,1,0,0.0741984396333113,"{""energy"": 0.6666666666666667, ""water"": 0.2666666666666667, ""transport"": 0.33333333333333337}","{""energy"": 0.7418707858804191, ""water"": 0.3619469613143389, ""transport"": 0.3851090118450294}","{""energy"": 0.07520411921375236, ""water"": 0.09528029464767218, ""transport"": 0.05177567851169601}","{""energy"": 0.0, ""water"": 0.0, ""transport"": 0.0}","{""energy"": 1.0, ""water"": 1.0, ""transport"": 1.0}","{""energy"": 1.0, ""water"": 1.0, ""transport"": 1.0}",0.3,0.1,,0.44666666666666677,1.0,0.5533333333333332,1,"{""energy"": 0.6666666666666667, ""water"": 0.2666666666666667, ""transport"": 0.33333333333333337}","{""energy"": 1.0, ""water"": 1.0, ""transport"": 1.0}","{""energy"": 0.33333333333333326, ""water"": 0.7333333333333333, ""transport"": 0.6666666666666666}",4,0.5208651062999781,,,"[""water"", ""transport""]",1,v1.0,0.7,0.3
S1b_energy_partial,16,16,12284062540322840645,scenario=S1b_energy_partial|method=both|duration=0|theta=0.300000|delta_threshold=0.100000|A=v1.0|w=na|run_id=16|seed=12284062540322840645,False,"{""step_1_amount"": 0.023256583435045004}",5222c37788a096d3910624247b4a1e76a3afcfe0df2ea7ddd6490cebc16a26a9,0.44666666666666677,0.7972083259393921,0.3505416592727253,30,0.0,1.0,0.44666666666666677,0.7972083259393921,1,1,0.3505416592727253,"{""energy"": 0.6666666666666667, ""water"": 0.2666666666666667, ""transport"": 0.33333333333333337}","{""energy"": 0.9272744672946485, ""water"": 0.4213569361227275, ""transport"": 0.9996381939490482}","{""energy"": 0.2606078006279817, ""water"": 0.1546902694560608, ""transport"": 0.6663048606157148}","{""energy"": 0.0, ""water"": 0.0, ""transport"": 0.0}","{""energy"": 1.0, ""water"": 1.0, ""transport"": 1.0}","{""energy"": 1.0, ""water"": 1.0, ""transport"": 1.0}",0.3,0.1,,0.44666666666666677,1.0,0.5533333333333332,1,"{""energy"": 0.6666666666666667, ""water"": 0.2666666666666667, ""transport"": 0.33333333333333337}","{""energy"": 1.0, ""water"": 1.0, ""transport"": 1.0}","{""energy"": 0.33333333333333326, ""water"": 0.7333333333333333, ""transport"": 0.6666666666666666}",4,0.7972083259393921,,,"[""water"", ""transport""]",1,v1.0,0.7,0.3
S1b_energy_partial,17,17,10869889180864591410,scenario=S1b_energy_partial|method=both|duration=0|theta=0.300000|delta_threshold=0.100000|A=v1.0|w=na|run_id=17|seed=10869889180864591410,False,"{""step_1_amount"": 0.019546216737270878}",5222c37788a096d3910624247b4a1e76a3afcfe0df2ea7ddd6490cebc16a26a9,0.44666666666666677,0.4867378013928476,0.040071134726180846,23,0.0,1.0,0.44666666666666677,0.4867378013928476,1,0,0.040071134726180846,"{""energy"": 0.6666666666666667, ""water"": 0.2666666666666667, ""transport"": 0.33333333333333337}","{""energy"": 0.726474330437086, ""water"": 0.2905897321748344, ""transport"": 0.363237165218543}","{""energy"": 0.05980766377041924, ""water"": 0.023923065508167696, ""transport"": 0.02990383188520962}","{""energy"": 0.0, ""water"": 0.0, ""transport"": 0.0}","{""energy"": 1.0, ""water"": 1.0, ""transport"": 1.0}","{""energy"": 1.0, ""water"": 1.0, ""transport"": 1.0}",0.3,0.1,,0.44666666666666677,1.0,0.5533333333333332,1,"{""energy"": 0.6666666666666667, ""water"": 0.2666666666666667, ""transport"": 0.33333333333333337}","{""energy"": 1.0, ""water"": 1.0, ""transport"": 1.0}","{""energy"": 0.33333333333333326, ""water"": 0.7333333333333333, ""transport"": 0.6666666666666666}",4,0.4867378013928476,,,"[""water"", ""transport""]",1,v1.0,0.7,0.3
S1b_energy_partial,18,18,5713717337582926264,scenario=S1b_energy_partial|method=both|duration=0|theta=0.300000|delta_threshold=0.100000|A=v1.0|w=na|run_id=18|seed=5713717337582926264,False,"{""step_1_amount"": 0.018729247531665928}",5222c37788a096d3910624247b4a1e76a3afcfe0df2ea7ddd6490cebc16a26a9,0.44666666666666677,0.4850309890964879,0.03836432242982113,19,0.0,1.0,0.44666666666666677,0.4850309890964879,1,0,0.03836432242982113,"{""energy"": 0.6666666666666667, ""water"": 0.2666666666666667, ""transport"": 0.33333333333333337}","{""energy"": 0.7239268493977431, ""water"": 0.28957073975909725, ""transport"": 0.36196342469887155}","{""energy"": 0.05726018273107636, ""water"": 0.022904073092430532, ""transport"": 0.02863009136553818}","{""energy"": 0.0, ""water"": 0.0, ""transport"": 0.0}","{""energy"": 1.0, ""water"": 1.0, ""transport"": 1.0}","{""energy"": 1.0, ""water"": 1.0, ""transport"": 1.0}",0.3,0.1,,0.44666666666666677,1.0,0.5533333333333332,1,"{""energy"": 0.6666666666666667, ""water"": 0.2666666666666667, ""transport"": 0.33333333333333337}","{""energy"": 1.0, ""water"": 1.0, ""transport"": 1.0}","{""energy"": 0.33333333333333326, ""water"": 0.7333333333333333, ""transport"": 0.6666666666666666}",4,0.4850309890964879,,,"[""water"", ""transport""]",1,v1.0,0.7,0.3
S1b_energy_partial,19,19,16509679943302288045,scenario=S1b_energy_partial|method=both|duration=0|theta=0.300000|delta_threshold=0.100000|A=v1.0|w=na|run_id=19|seed=16509679943302288045,False,"{""step_1_amount"": 0.010207495887144521}",5222c37788a096d3910624247b4a1e76a3afcfe0df2ea7ddd6490cebc16a26a9,0.44666666666666677,0.8020898926784297,0.3554232260117629,9,0.0,0.0,0.44666666666666677,0.8020898926784297,0,1,0.3554232260117629,"{""energy"": 0.6666666666666667, ""water"": 0.2666666666666667, ""transport"": 0.33333333333333337}","{""energy"": 0.9042213710570907, ""water"": 0.4680044808519782, ""transport"": 1.0}","{""energy"": 0.23755470439042392, ""water"": 0.2013378141853115, ""transport"": 0.6666666666666666}","{""energy"": 0.0, ""water"": 0.0, ""transport"": 0.0}","{""energy"": 0.0, ""water"": 0.0, ""transport"": 0.0}","{""energy"": 0.0, ""water"": 0.0, ""transport"": 0.0}",0.3,0.1,,0.44666666666666677,1.0,0.5533333333333332,1,"{""energy"": 0.6666666666666667, ""water"": 0.2666666666666667, ""transport"": 0.33333333333333337}","{""energy"": 1.0, ""water"": 1.0, ""transport"": 1.0}","{""energy"": 0.33333333333333326, ""water"": 0.7333333333333333, ""transport"": 0.6666666666666666}",3,0.8020898926784297,,,[],,v1.0,0.7,0.3
S1b_energy_partial,20,20,11406042785682043661,scenario=S1b_energy_partial|method=both|duration=0|theta=0.300000|delta_threshold=0.100000|A=v1.0|w=na|run_id=20|seed=11406042785682043661,False,"{""step_1_amount"": 0.022263999412267577}",5222c37788a096d3910624247b4a1e76a3afcfe0df2ea7ddd6490cebc16a26a9,0.44666666666666677,0.8243517600428747,0.3776850933762079,5,0.0,1.0,0.44666666666666677,0.8243517600428747,1,1,0.3776850933762079,"{""energy"": 0.6666666666666667, ""water"": 0.2666666666666667, ""transport"": 0.33333333333333337}","{""energy"": 0.9521036453590066, ""water"": 0.47836767299757343, ""transport"": 1.0}","{""energy"": 0.28543697869233986, ""water"": 0.21170100633090672, ""transport"": 0.6666666666666666}","{""energy"": 0.0, ""water"": 0.0, ""transport"": 0.0}","{""energy"": 1.0, ""water"": 1.0, ""transport"": 1.0}","{""energy"": 1.0, ""water"": 1.0, ""transport"": 1.0}",0.3,0.1,,0.44666666666666677,1.0,0.5533333333333332,1,"{""energy"": 0.6666666666666667, ""water"": 0.2666666666666667, ""transport"": 0.33333333333333337}","{""energy"": 1.0, ""water"": 1.0, ""transport"": 1.0}","{""energy"": 0.33333333333333326, ""water"": 0.7333333333333333, ""transport"": 0.6666666666666666}",3,0.8243517600428747,,,"[""water"", ""transport""]",1,v1.0,0.7,0.3
S1b_energy_partial,21,21,3813879761341112953,scenario=S1b_energy_partial|method=both|duration=0|theta=0.300000|delta_threshold=0.100000|A=v1.0|w=na|run_id=21|seed=3813879761341112953,False,"{""step_1_amount"": 0.035613255817989055}",5222c37788a096d3910624247b4a1e76a3afcfe0df2ea7ddd6490cebc16a26a9,0.44666666666666677,0.5774436654634679,0.13077699879680116,23,0.0,1.0,0.44666666666666677,0.5774436654634679,1,1,0.13077699879680116,"{""energy"": 0.6666666666666667, ""water"": 0.2666666666666667, ""transport"": 0.33333333333333337}","{""energy"": 0.8015160776656517, ""water"": 0.43130185354626893, ""transport"": 0.4248222611110885}","{""energy"": 0.13484941099898495, ""water"": 0.1646351868796022, ""transport"": 0.09148892777775514}","{""energy"": 0.0, ""water"": 0.0, ""transport"": 0.0}","{""energy"": 1.0, ""water"": 1.0, ""transport"": 1.0}","{""energy"": 1.0, ""water"": 1.0, ""transport"": 1.0}",0.3,0.1,,0.44666666666666677,1.0,0.5533333333333332,1,"{""energy"": 0.6666666666666667, ""water"": 0.2666666666666667, ""transport"": 0.33333333333333337}","{""energy"": 1.0, ""water"": 1.0, ""transport"": 1.0}","{""energy"": 0.33333333333333326, ""water"": 0.7333333333333333, ""transport"": 0.6666666666666666}",4,0.5774436654634679,,,"[""water"", ""transport""]",1,v1.0,0.7,0.3
S1b_energy_partial,22,22,9494459621433622817,scenario=S1b_energy_partial|method=both|duration=0|theta=0.300000|delta_threshold=0.100000|A=v1.0|w=na|run_id=22|seed=9494459621433622817,False,"{""step_1_amount"": 0.020556053719809605}",5222c37788a096d3910624247b4a1e76a3afcfe0df2ea7ddd6490cebc16a26a9,0.44666666666666677,0.4888514880990079,0.042184821432341146,6,0.0,1.0,0.44666666666666677,0.4888514880990079,1,0,0.042184821432341146,"{""energy"": 0.6666666666666667, ""water"": 0.2666666666666667, ""transport"": 0.33333333333333337}","{""energy"": 0.7296290867149371, ""water"": 0.29185163468597486, ""transport"": 0.36481454335746855}","{""energy"": 0.06296242004827035, ""water"": 0.02518496801930814, ""transport"": 0.031481210024135176}","{""energy"": 0.0, ""water"": 0.0, ""transport"": 0.0}","{""energy"": 1.0, ""water"": 1.0, ""transport"": 1.0}","{""energy"": 1.0, ""water"": 1.0, ""transport"": 1.0}",0.3,0.1,,0.44666666666666677,1.0,0.5533333333333332,1,"{""energy"": 0.6666666666666667, ""water"": 0.2666666666666667, ""transport"": 0.33333333333333337}","{""energy"": 1.0, ""water"": 1.0, ""transport"": 1.0}","{""energy"": 0.33333333333333326, ""water"": 0.7333333333333333, ""transport"": 0.6666666666666666}",4,0.4888514880990079,,,"[""water"", ""transport""]",1,v1.0,0.7,0.3
S1b_energy_partial,23,23,13522494941954293797,scenario=S1b_energy_partial|method=both|duration=0|theta=0.300000|delta_threshold=0.100000|A=v1.0|w=na|run_id=23|seed=13522494941954293797,False,"{""step_1_amount"": 0.032502345189988714}",5222c37788a096d3910624247b4a1e76a3afcfe0df2ea7ddd6490cebc16a26a9,0.44666666666666677,0.8117443880821422,0.36507772141547545,7,0.0,1.0,0.44666666666666677,0.8117443880821422,1,1,0.36507772141547545,"{""energy"": 0.6666666666666667, ""water"": 0.2666666666666667, ""transport"": 0.33333333333333337}","{""energy"": 0.9552338970257332, ""water"": 0.4321694309061632, ""transport"": 1.0}","{""energy"": 0.2885672303590665, ""water"": 0.1655027642394965, ""transport"": 0.6666666666666666}","{""energy"": 0.0, ""water"": 0.0, ""transport"": 0.0}","{""energy"": 1.0, ""water"": 1.0, ""transport"": 1.0}","{""energy"": 1.0, ""water"": 1.0, ""transport"": 1.0}",0.3,0.1,,0.44666666666666677,1.0,0.5533333333333332,1,"{""energy"": 0.6666666666666667, ""water"": 0.2666666666666667, ""transport"": 0.33333333333333337}","{""energy"": 1.0, ""water"": 1.0, ""transport"": 1.0}","{""energy"": 0.33333333333333326, ""water"": 0.7333333333333333, ""transport"": 0.6666666666666666}",3,0.8117443880821422,,,"[""water"", ""transport""]",1,v1.0,0.7,0.3
S1b_energy_partial,24,24,9619648493659892234,scenario=S1b_energy_partial|method=both|duration=0|theta=0.300000|delta_threshold=0.100000|A=v1.0|w=na|run_id=24|seed=9619648493659892234,False,"{""step_1_amount"": 0.016583433457606246}",5222c37788a096d3910624247b4a1e76a3afcfe0df2ea7ddd6490cebc16a26a9,0.44666666666666677,0.4805614599656889,0.03389479329902212,12,0.0,1.0,0.44666666666666677,0.4805614599656889,1,0,0.03389479329902212,"{""energy"": 0.6666666666666667, ""water"": 0.2666666666666667, ""transport"": 0.33333333333333337}","{""energy"": 0.7172559103965506, ""water"": 0.28690236415862025, ""transport"": 0.3586279551982753}","{""energy"": 0.050589243729883826, ""water"": 0.02023569749195353, ""transport"": 0.025294621864941913}","{""energy"": 0.0, ""water"": 0.0, ""transport"": 0.0}","{""energy"": 1.0, ""water"": 1.0, ""transport"": 1.0}","{""energy"": 1.0, ""water"": 1.0, ""transport"": 1.0}",0.3,0.1,,0.44666666666666677,1.0,0.5533333333333332,1,"{""energy"": 0.6666666666666667, ""water"": 0.2666666666666667, ""transport"": 0.33333333333333337}","{""energy"": 1.0, ""water"": 1.0, ""transport"": 1.0}","{""energy"": 0.33333333333333326, ""water"": 0.7333333333333333, ""transport"": 0.6666666666666666}",4,0.4805614599656889,,,"[""water"", ""transport""]",1,v1.0,0.7,0.3
S1b_energy_partial,25,25,7214059622254253124,scenario=S1b_energy_partial|method=both|duration=0|theta=0.300000|delta_threshold=0.100000|A=v1.0|w=na|run_id=25|seed=7214059622254253124,False,"{""step_1_amount"": 0.013572450954188645}",5222c37788a096d3910624247b4a1e76a3afcfe0df2ea7ddd6490cebc16a26a9,0.44666666666666677,0.5379455376755113,0.09127887100884458,13,0.0,1.0,0.44666666666666677,0.5379455376755113,1,1,0.09127887100884458,"{""energy"": 0.6666666666666667, ""water"": 0.2666666666666667, ""transport"": 0.33333333333333337}","{""energy"": 0.7350178257262107, ""water"": 0.418545543635229, ""transport"": 0.3945824809815281}","{""energy"": 0.06835115905954392, ""water"": 0.15187887696856228, ""transport"": 0.061249147648194724}","{""energy"": 0.0, ""water"": 0.0, ""transport"": 0.0}","{""energy"": 1.0, ""water"": 1.0, ""transport"": 1.0}","{""energy"": 1.0, ""water"": 1.0, ""transport"": 1.0}",0.3,0.1,,0.44666666666666677,1.0,0.5533333333333332,1,"{""energy"": 0.6666666666666667, ""water"": 0.2666666666666667, ""transport"": 0.33333333333333337}","{""energy"": 1.0, ""water"": 1.0, ""transport"": 1.0}","{""energy"": 0.33333333333333326, ""water"": 0.7333333333333333, ""transport"": 0.6666666666666666}",4,0.5379455376755113,,,"[""water"", ""transport""]",1,v1.0,0.7,0.3
S1b_energy_partial,26,26,12705749498551697664,scenario=S1b_energy_partial|method=both|duration=0|theta=0.300000|delta_threshold=0.100000|A=v1.0|w=na|run_id=26|seed=12705749498551697664,False,"{""step_1_amount"": 0.012834922268503579}",5222c37788a096d3910624247b4a1e76a3afcfe0df2ea7ddd6490cebc16a26a9,0.44666666666666677,0.7827621681220256,0.3360955014553588,29,0.0,1.0,0.44666666666666677,0.7827621681220256,1,1,0.3360955014553588,"{""energy"": 0.6666666666666667, ""water"": 0.2666666666666667, ""transport"": 0.33333333333333337}","{""energy"": 0.8993982426972648, ""water"": 0.4114196112050301, ""transport"": 0.9985899589387023}","{""energy"": 0.23273157603059802, ""water"": 0.1447529445383634, ""transport"": 0.6652566256053689}","{""energy"": 0.0, ""water"": 0.0, ""transport"": 0.0}","{""energy"": 1.0, ""water"": 1.0, ""transport"": 1.0}","{""energy"": 1.0, ""water"": 1.0, ""transport"": 1.0}",0.3,0.1,,0.44666666666666677,1.0,0.5533333333333332,1,"{""energy"": 0.6666666666666667, ""water"": 0.2666666666666667, ""transport"": 0.33333333333333337}","{""energy"": 1.0, ""water"": 1.0, ""transport"": 1.0}","{""energy"": 0.33333333333333326, ""water"": 0.7333333333333333, ""transport"": 0.6666666666666666}",4,0.7827621681220256,,,"[""water"", ""transport""]",1,v1.0,0.7,0.3
S1b_energy_partial,27,27,17230070667599100148,scenario=S1b_energy_partial|method=both|duration=0|theta=0.300000|delta_threshold=0.100000|A=v1.0|w=na|run_id=27|seed=17230070667599100148,False,"{""step_1_amount"": 0.025472293327364563}",5222c37788a096d3910624247b4a1e76a3afcfe0df2ea7ddd6490cebc16a26a9,0.44666666666666677,0.7851088154838666,0.3384421488171998,5,0.0,1.0,0.44666666666666677,0.7851088154838666,1,1,0.3384421488171998,"{""energy"": 0.6666666666666667, ""water"": 0.2666666666666667, ""transport"": 0.33333333333333337}","{""energy"": 0.9237713048715549, ""water"": 0.41715928645612727, ""transport"": 0.9681750253280212}","{""energy"": 0.25710463820488816, ""water"": 0.15049261978946055, ""transport"": 0.6348416919946879}","{""energy"": 0.0, ""water"": 0.0, ""transport"": 0.0}","{""energy"": 1.0, ""water"": 1.0, ""transport"": 1.0}","{""energy"": 1.0, ""water"": 1.0, ""transport"": 1.0}",0.3,0.1,,0.44666666666666677,1.0,0.5533333333333332,1,"{""energy"": 0.6666666666666667, ""water"": 0.2666666666666667, ""transport"": 0.33333333333333337}","{""energy"": 1.0, ""water"": 1.0, ""transport"": 1.0}","{""energy"": 0.33333333333333326, ""water"": 0.7333333333333333, ""transport"": 0.6666666666666666}",4,0.7851088154838666,,,"[""water"", ""transport""]",1,v1.0,0.7,0.3
S1b_energy_partial,28,28,10695147261109513353,scenario=S1b_energy_partial|method=both|duration=0|theta=0.300000|delta_threshold=0.100000|A=v1.0|w=na|run_id=28|seed=10695147261109513353,False,"{""step_1_amount"": 0.02765843588483205}",5222c37788a096d3910624247b4a1e76a3afcfe0df2ea7ddd6490cebc16a26a9,0.44666666666666677,0.782481748083433,0.3358150814167662,10,0.0,1.0,0.44666666666666677,0.782481748083433,1,1,0.3358150814167662,"{""energy"": 0.6666666666666667, ""water"": 0.2666666666666667, ""transport"": 0.33333333333333337}","{""energy"": 0.9261523842731931, ""water"": 0.4169009968979206, ""transport"": 0.9565016510159319}","{""energy"": 0.2594857176065264, ""water"": 0.15023433023125388, ""transport"": 0.6231683176825985}","{""energy"": 0.0, ""water"": 0.0, ""transport"": 0.0}","{""energy"": 1.0, ""water"": 1.0, ""transport"": 1.0}","{""energy"": 1.0, ""water"": 1.0, ""transport"": 1.0}",0.3,0.1,,0.44666666666666677,1.0,0.5533333333333332,1,"{""energy"": 0.6666666666666667, ""water"": 0.2666666666666667, ""transport"": 0.33333333333333337}","{""energy"": 1.0, ""water"": 1.0, ""transport"": 1.0}","{""energy"": 0.33333333333333326, ""water"": 0.7333333333333333, ""transport"": 0.6666666666666666}",4,0.782481748083433,,,"[""water"", ""transport""]",1,v1.0,0.7,0.3
S1b_energy_partial,29,29,17477522586691555954,scenario=S1b_energy_partial|method=both|duration=0|theta=0.300000|delta_threshold=0.100000|A=v1.0|w=na|run_id=29|seed=17477522586691555954,False,"{""step_1_amount"": 0.006708246241083888}",5222c37788a096d3910624247b4a1e76a3afcfe0df2ea7ddd6490cebc16a26a9,0.44666666666666677,0.5016730464071122,0.05500637974044542,22,0.0,0.0,0.44666666666666677,0.5016730464071122,0,0,0.05500637974044542,"{""energy"": 0.6666666666666667, ""water"": 0.2666666666666667, ""transport"": 0.33333333333333337}","{""energy"": 0.7045578476798554, ""water"": 0.3629235717644431, ""transport"": 0.3699094526861236}","{""energy"": 0.03789118101318867, ""water"": 0.0962569050977764, ""transport"": 0.036576119352790204}","{""energy"": 0.0, ""water"": 0.0, ""transport"": 0.0}","{""energy"": 0.0, ""water"": 0.0, ""transport"": 0.0}","{""energy"": 0.0, ""water"": 0.0, ""transport"": 0.0}",0.3,0.1,,0.44666666666666677,1.0,0.5533333333333332,1,"{""energy"": 0.6666666666666667, ""water"": 0.2666666666666667, ""transport"": 0.33333333333333337}","{""energy"": 1.0, ""water"": 1.0, ""transport"": 1.0}","{""energy"": 0.33333333333333326, ""water"": 0.7333333333333333, ""transport"": 0.6666666666666666}",4,0.5016730464071122,,,[],,v1.0,0.7,0.3
S1b_energy_partial,30,30,584984748902947449,scenario=S1b_energy_partial|method=both|duration=0|theta=0.300000|delta_threshold=0.100000|A=v1.0|w=na|run_id=30|seed=584984748902947449,False,"{""step_1_amount"": 0.011108036917096793}",5222c37788a096d3910624247b4a1e76a3afcfe0df2ea7ddd6490cebc16a26a9,0.44666666666666677,0.4692446175823148,0.022577950915648015,26,0.0,1.0,0.44666666666666677,0.4692446175823148,1,0,0.022577950915648015,"{""energy"": 0.6666666666666667, ""water"": 0.2666666666666667, ""transport"": 0.33333333333333337}","{""energy"": 0.7003651008691265, ""water"": 0.2801460403476506, ""transport"": 0.35018255043456326}","{""energy"": 0.03369843420245977, ""water"": 0.013479373680983897, ""transport"": 0.016849217101229885}","{""energy"": 0.0, ""water"": 0.0, ""transport"": 0.0}","{""energy"": 1.0, ""water"": 1.0, ""transport"": 1.0}","{""energy"": 1.0, ""water"": 1.0, ""transport"": 1.0}",0.3,0.1,,0.44666666666666677,1.0,0.5533333333333332,1,"{""energy"": 0.6666666666666667, ""water"": 0.2666666666666667, ""transport"": 0.33333333333333337}","{""energy"": 1.0, ""water"": 1.0, ""transport"": 1.0}","{""energy"": 0.33333333333333326, ""water"": 0.7333333333333333, ""transport"": 0.6666666666666666}",4,0.4692446175823148,,,"[""water"", ""transport""]",1,v1.0,0.7,0.3
S1b_energy_partial,31,31,13227633599821376487,scenario=S1b_energy_partial|method=both|duration=0|theta=0.300000|delta_threshold=0.100000|A=v1.0|w=na|run_id=31|seed=13227633599821376487,False,"{""step_1_amount"": 0.012728078764213306}",5222c37788a096d3910624247b4a1e76a3afcfe0df2ea7ddd6490cebc16a26a9,0.44666666666666677,0.4940231930571034,0.04735652639043664,8,0.0,1.0,0.44666666666666677,0.4940231930571034,1,0,0.04735652639043664,"{""energy"": 0.6666666666666667, ""water"": 0.2666666666666667, ""transport"": 0.33333333333333337}","{""energy"": 0.7144679730181639, ""water"": 0.3277612339814884, ""transport"": 0.3663587788513043}","{""energy"": 0.04780130635149715, ""water"": 0.06109456731482166, ""transport"": 0.03302544551797093}","{""energy"": 0.0, ""water"": 0.0, ""transport"": 0.0}","{""energy"": 1.0, ""water"": 1.0, ""transport"": 1.0}","{""energy"": 1.0, ""water"": 1.0, ""transport"": 1.0}",0.3,0.1,,0.44666666666666677,1.0,0.5533333333333332,1,"{""energy"": 0.6666666666666667, ""water"": 0.2666666666666667, ""transport"": 0.33333333333333337}","{""energy"": 1.0, ""water"": 1.0, ""transport"": 1.0}","{""energy"": 0.33333333333333326, ""water"": 0.7333333333333333, ""transport"": 0.6666666666666666}",4,0.4940231930571034,,,"[""water"", ""transport""]",1,v1.0,0.7,0.3
S1b_energy_partial,32,32,3908619205529204826,scenario=S1b_energy_partial|method=both|duration=0|theta=0.300000|delta_threshold=0.100000|A=v1.0|w=na|run_id=32|seed=3908619205529204826,False,"{""step_1_amount"": 0.020108274313205825}",5222c37788a096d3910624247b4a1e76a3afcfe0df2ea7ddd6490cebc16a26a9,0.44666666666666677,0.791281214981385,0.34461454831471827,13,0.0,1.0,0.44666666666666677,0.791281214981385,1,1,0.34461454831471827,"{""energy"": 0.6666666666666667, ""water"": 0.2666666666666667, ""transport"": 0.33333333333333337}","{""energy"": 0.9178341040069555, ""water"": 0.4176948933007678, ""transport"": 0.9961303512945748}","{""energy"": 0.2511674373402888, ""water"": 0.1510282266341011, ""transport"": 0.6627970179612415}","{""energy"": 0.0, ""water"": 0.0, ""transport"": 0.0}","{""energy"": 1.0, ""water"": 1.0, ""transport"": 1.0}","{""energy"": 1.0, ""water"": 1.0, ""transport"": 1.0}",0.3,0.1,,0.44666666666666677,1.0,0.5533333333333332,1,"{""energy"": 0.6666666666666667, ""water"": 0.2666666666666667, ""transport"": 0.33333333333333337}","{""energy"": 1.0, ""water"": 1.0, ""transport"": 1.0}","{""energy"": 0.33333333333333326, ""water"": 0.7333333333333333, ""transport"": 0.6666666666666666}",4,0.791281214981385,,,"[""water"", ""transport""]",1,v1.0,0.7,0.3
S1b_energy_partial,33,33,1421692298551225411,scenario=S1b_energy_partial|method=both|duration=0|theta=0.300000|delta_threshold=0.100000|A=v1.0|w=na|run_id=33|seed=1421692298551225411,False,"{""step_1_amount"": 0.0182267872526231}",5222c37788a096d3910624247b4a1e76a3afcfe0df2ea7ddd6490cebc16a26a9,0.44666666666666677,0.48398265971077437,0.0373159930441076,6,0.0,1.0,0.44666666666666677,0.48398265971077437,1,0,0.0373159930441076,"{""energy"": 0.6666666666666667, ""water"": 0.2666666666666667, ""transport"": 0.33333333333333337}","{""energy"": 0.7223621786727976, ""water"": 0.28894487146911907, ""transport"": 0.3611810893363988}","{""energy"": 0.055695512006130876, ""water"": 0.02227820480245235, ""transport"": 0.027847756003065438}","{""energy"": 0.0, ""water"": 0.0, ""transport"": 0.0}","{""energy"": 1.0, ""water"": 1.0, ""transport"": 1.0}","{""energy"": 1.0, ""water"": 1.0, ""transport"": 1.0}",0.3,0.1,,0.44666666666666677,1.0,0.5533333333333332,1,"{""energy"": 0.6666666666666667, ""water"": 0.2666666666666667, ""transport"": 0.33333333333333337}","{""energy"": 1.0, ""water"": 1.0, ""transport"": 1.0}","{""energy"": 0.33333333333333326, ""water"": 0.7333333333333333, ""transport"": 0.6666666666666666}",4,0.48398265971077437,,,"[""water"", ""transport""]",1,v1.0,0.7,0.3
S1b_energy_partial,34,34,7791723485742974392,scenario=S1b_energy_partial|method=both|duration=0|theta=0.300000|delta_threshold=0.100000|A=v1.0|w=na|run_id=34|seed=7791723485742974392,False,"{""step_1_amount"": 0.021691907470280488}",5222c37788a096d3910624247b4a1e76a3afcfe0df2ea7ddd6490cebc16a26a9,0.44666666666666677,0.7714038599102855,0.3247371932436187,29,0.0,1.0,0.44666666666666677,0.7714038599102855,1,1,0.3247371932436187,"{""energy"": 0.6666666666666667, ""water"": 0.2666666666666667, ""transport"": 0.33333333333333337}","{""energy"": 0.9082913711090281, ""water"": 0.41001149934461106, ""transport"": 0.9502795388776366}","{""energy"": 0.2416247044423614, ""water"": 0.14334483267794434, ""transport"": 0.6169462055443032}","{""energy"": 0.0, ""water"": 0.0, ""transport"": 0.0}","{""energy"": 1.0, ""water"": 1.0, ""transport"": 1.0}","{""energy"": 1.0, ""water"": 1.0, ""transport"": 1.0}",0.3,0.1,,0.44666666666666677,1.0,0.5533333333333332,1,"{""energy"": 0.6666666666666667, ""water"": 0.2666666666666667, ""transport"": 0.33333333333333337}","{""energy"": 1.0, ""water"": 1.0, ""transport"": 1.0}","{""energy"": 0.33333333333333326, ""water"": 0.7333333333333333, ""transport"": 0.6666666666666666}",4,0.7714038599102855,,,"[""water"", ""transport""]",1,v1.0,0.7,0.3
S1b_energy_partial,35,35,17168046731259503133,scenario=S1b_energy_partial|method=both|duration=0|theta=0.300000|delta_threshold=0.100000|A=v1.0|w=na|run_id=35|seed=17168046731259503133,False,"{""step_1_amount"": 0.011581660378459773}",5222c37788a096d3910624247b4a1e76a3afcfe0df2ea7ddd6490cebc16a26a9,0.44666666666666677,0.7678011461961167,0.32113447952944996,30,0.0,1.0,0.44666666666666677,0.7678011461961167,1,1,0.32113447952944996,"{""energy"": 0.6666666666666667, ""water"": 0.2666666666666667, ""transport"": 0.33333333333333337}","{""energy"": 0.8843165719631289, ""water"": 0.43466786674829716, ""transport"": 0.9455805246212534}","{""energy"": 0.2176499052964621, ""water"": 0.16800120008163044, ""transport"": 0.61224719128792}","{""energy"": 0.0, ""water"": 0.0, ""transport"": 0.0}","{""energy"": 1.0, ""water"": 1.0, ""transport"": 1.0}","{""energy"": 1.0, ""water"": 1.0, ""transport"": 1.0}",0.3,0.1,,0.44666666666666677,1.0,0.5533333333333332,1,"{""energy"": 0.6666666666666667, ""water"": 0.2666666666666667, ""transport"": 0.33333333333333337}","{""energy"": 1.0, ""water"": 1.0, ""transport"": 1.0}","{""energy"": 0.33333333333333326, ""water"": 0.7333333333333333, ""transport"": 0.6666666666666666}",4,0.7678011461961167,,,"[""water"", ""transport""]",1,v1.0,0.7,0.3
S1b_energy_partial,36,36,11857376005529107812,scenario=S1b_energy_partial|method=both|duration=0|theta=0.300000|delta_threshold=0.100000|A=v1.0|w=na|run_id=36|seed=11857376005529107812,False,"{""step_1_amount"": 0.011290936546050468}",5222c37788a096d3910624247b4a1e76a3afcfe0df2ea7ddd6490cebc16a26a9,0.44666666666666677,0.7565109360373682,0.3098442693707014,28,0.0,1.0,0.44666666666666677,0.7565109360373682,1,1,0.3098442693707014,"{""energy"": 0.6666666666666667, ""water"": 0.2666666666666667, ""transport"": 0.33333333333333337}","{""energy"": 0.8802327466931092, ""water"": 0.39990815122290246, ""transport"": 0.9481513066441791}","{""energy"": 0.2135660800264425, ""water"": 0.13324148455623575, ""transport"": 0.6148179733108458}","{""energy"": 0.0, ""water"": 0.0, ""transport"": 0.0}","{""energy"": 1.0, ""water"": 1.0, ""transport"": 1.0}","{""energy"": 1.0, ""water"": 1.0, ""transport"": 1.0}",0.3,0.1,,0.44666666666666677,1.0,0.5533333333333332,1,"{""energy"": 0.6666666666666667, ""water"": 0.2666666666666667, ""transport"": 0.33333333333333337}","{""energy"": 1.0, ""water"": 1.0, ""transport"": 1.0}","{""energy"": 0.33333333333333326, ""water"": 0.7333333333333333, ""transport"": 0.6666666666666666}",4,0.7565109360373682,,,"[""water"", ""transport""]",1,v1.0,0.7,0.3
S1b_energy_partial,37,37,4731229648960708708,scenario=S1b_energy_partial|method=both|duration=0|theta=0.300000|delta_threshold=0.100000|A=v1.0|w=na|run_id=37|seed=4731229648960708708,False,"{""step_1_amount"": 0.023031811516639904}",5222c37788a096d3910624247b4a1e76a3afcfe0df2ea7ddd6490cebc16a26a9,0.44666666666666677,0.6429167289550154,0.19625006228834863,30,0.0,1.0,0.44666666666666677,0.6429167289550154,1,1,0.19625006228834863,"{""energy"": 0.6666666666666667, ""water"": 0.2666666666666667, ""transport"": 0.33333333333333337}","{""energy"": 0.8211669611327309, ""water"": 0.43645237456267333, ""transport"": 0.6117141071104033}","{""energy"": 0.15450029446606417, ""water"": 0.1697857078960066, ""transport"": 0.27838077377706993}","{""energy"": 0.0, ""water"": 0.0, ""transport"": 0.0}","{""energy"": 1.0, ""water"": 1.0, ""transport"": 1.0}","{""energy"": 1.0, ""water"": 1.0, ""transport"": 1.0}",0.3,0.1,,0.44666666666666677,1.0,0.5533333333333332,1,"{""energy"": 0.6666666666666667, ""water"": 0.2666666666666667, ""transport"": 0.33333333333333337}","{""energy"": 1.0, ""water"": 1.0, ""transport"": 1.0}","{""energy"": 0.33333333333333326, ""water"": 0.7333333333333333, ""transport"": 0.6666666666666666}",4,0.6429167289550154,,,"[""water"", ""transport""]",1,v1.0,0.7,0.3
S1b_energy_partial,38,38,18294266651029255933,scenario=S1b_energy_partial|method=both|duration=0|theta=0.300000|delta_threshold=0.100000|A=v1.0|w=na|run_id=38|seed=18294266651029255933,False,"{""step_1_amount"": 0.013124784969313866}",5222c37788a096d3910624247b4a1e76a3afcfe0df2ea7ddd6490cebc16a26a9,0.44666666666666677,0.5496010533910656,0.10293438672439881,21,0.0,1.0,0.44666666666666677,0.5496010533910656,1,1,0.10293438672439881,"{""energy"": 0.6666666666666667, ""water"": 0.2666666666666667, ""transport"": 0.33333333333333337}","{""energy"": 0.7389913643797966, ""water"": 0.44475931990689976, ""transport"": 0.40192237222358984}","{""energy"": 0.07232469771312988, ""water"": 0.17809265324023305, ""transport"": 0.06858903889025647}","{""energy"": 0.0, ""water"": 0.0, ""transport"": 0.0}","{""energy"": 1.0, ""water"": 1.0, ""transport"": 1.0}","{""energy"": 1.0, ""water"": 1.0, ""transport"": 1.0}",0.3,0.1,,0.44666666666666677,1.0,0.5533333333333332,1,"{""energy"": 0.6666666666666667, ""water"": 0.2666666666666667, ""transport"": 0.33333333333333337}","{""energy"": 1.0, ""water"": 1.0, ""transport"": 1.0}","{""energy"": 0.33333333333333326, ""water"": 0.7333333333333333, ""transport"": 0.6666666666666666}",4,0.5496010533910656,,,"[""water"", ""transport""]",1,v1.0,0.7,0.3
S1b_energy_partial,39,39,11473634767106080020,scenario=S1b_energy_partial|method=both|duration=0|theta=0.300000|delta_threshold=0.100000|A=v1.0|w=na|run_id=39|seed=11473634767106080020,False,"{""step_1_amount"": 0.01814538731686591}",5222c37788a096d3910624247b4a1e76a3afcfe0df2ea7ddd6490cebc16a26a9,0.44666666666666677,0.48381292848157254,0.03714626181490577,24,0.0,1.0,0.44666666666666677,0.48381292848157254,1,0,0.03714626181490577,"{""energy"": 0.6666666666666667, ""water"": 0.2666666666666667, ""transport"": 0.33333333333333337}","{""energy"": 0.7221088484799589, ""water"": 0.2888435393919836, ""transport"": 0.36105442423997947}","{""energy"": 0.05544218181329219, ""water"": 0.022176872725316876, ""transport"": 0.027721090906646095}","{""energy"": 0.0, ""water"": 0.0, ""transport"": 0.0}","{""energy"": 1.0, ""water"": 1.0, ""transport"": 1.0}","{""energy"": 1.0, ""water"": 1.0, ""transport"": 1.0}",0.3,0.1,,0.44666666666666677,1.0,0.5533333333333332,1,"{""energy"": 0.6666666666666667, ""water"": 0.2666666666666667, ""transport"": 0.33333333333333337}","{""energy"": 1.0, ""water"": 1.0, ""transport"": 1.0}","{""energy"": 0.33333333333333326, ""water"": 0.7333333333333333, ""transport"": 0.6666666666666666}",4,0.48381292848157254,,,"[""water"", ""transport""]",1,v1.0,0.7,0.3
S1b_energy_partial,40,40,6406266148738844164,scenario=S1b_energy_partial|method=both|duration=0|theta=0.300000|delta_threshold=0.100000|A=v1.0|w=na|run_id=40|seed=6406266148738844164,False,"{""step_1_amount"": 0.015279022641407502}",5222c37788a096d3910624247b4a1e76a3afcfe0df2ea7ddd6490cebc16a26a9,0.44666666666666677,0.7953743095706143,0.3487076429039475,25,0.0,1.0,0.44666666666666677,0.7953743095706143,1,1,0.3487076429039475,"{""energy"": 0.6666666666666667, ""water"": 0.2666666666666667, ""transport"": 0.33333333333333337}","{""energy"": 0.9207191755266544, ""water"": 0.42362213119984204, ""transport"": 1.0}","{""energy"": 0.25405250885998765, ""water"": 0.15695546453317533, ""transport"": 0.6666666666666666}","{""energy"": 0.0, ""water"": 0.0, ""transport"": 0.0}","{""energy"": 1.0, ""water"": 1.0, ""transport"": 1.0}","{""energy"": 1.0, ""water"": 1.0, ""transport"": 1.0}",0.3,0.1,,0.44666666666666677,1.0,0.5533333333333332,1,"{""energy"": 0.6666666666666667, ""water"": 0.2666666666666667, ""transport"": 0.33333333333333337}","{""energy"": 1.0, ""water"": 1.0, ""transport"": 1.0}","{""energy"": 0.33333333333333326, ""water"": 0.7333333333333333, ""transport"": 0.6666666666666666}",4,0.7953743095706143,,,"[""water"", ""transport""]",1,v1.0,0.7,0.3
S1b_energy_partial,41,41,279409615800979769,scenario=S1b_energy_partial|method=both|duration=0|theta=0.300000|delta_threshold=0.100000|A=v1.0|w=na|run_id=41|seed=279409615800979769,False,"{""step_1_amount"": 0.013977691427276942}",5222c37788a096d3910624247b4a1e76a3afcfe0df2ea7ddd6490cebc16a26a9,0.44666666666666677,0.7621579796122516,0.31549131294558486,18,0.0,1.0,0.44666666666666677,0.7621579796122516,1,1,0.31549131294558486,"{""energy"": 0.6666666666666667, ""water"": 0.2666666666666667, ""transport"": 0.33333333333333337}","{""energy"": 0.8885678528541341, ""water"": 0.4032601212706807, ""transport"": 0.9525093402979793}","{""energy"": 0.22190118618746735, ""water"": 0.136593454604014, ""transport"": 0.6191760069646459}","{""energy"": 0.0, ""water"": 0.0, ""transport"": 0.0}","{""energy"": 1.0, ""water"": 1.0, ""transport"": 1.0}","{""energy"": 1.0, ""water"": 1.0, ""transport"": 1.0}",0.3,0.1,,0.44666666666666677,1.0,0.5533333333333332,1,"{""energy"": 0.6666666666666667, ""water"": 0.2666666666666667, ""transport"": 0.33333333333333337}","{""energy"": 1.0, ""water"": 1.0, ""transport"": 1.0}","{""energy"": 0.33333333333333326, ""water"": 0.7333333333333333, ""transport"": 0.6666666666666666}",4,0.7621579796122516,,,"[""water"", ""transport""]",1,v1.0,0.7,0.3
S1b_energy_partial,42,42,1590574786419779174,scenario=S1b_energy_partial|method=both|duration=0|theta=0.300000|delta_threshold=0.100000|A=v1.0|w=na|run_id=42|seed=1590574786419779174,False,"{""step_1_amount"": 0.01930745823146417}",5222c37788a096d3910624247b4a1e76a3afcfe0df2ea7ddd6490cebc16a26a9,0.44666666666666677,0.48822819268837947,0.0415615260217127,13,0.0,1.0,0.44666666666666677,0.48822819268837947,1,0,0.0415615260217127,"{""energy"": 0.6666666666666667, ""water"": 0.2666666666666667, ""transport"": 0.33333333333333337}","{""energy"": 0.7265759881031219, ""water"": 0.2945247351416797, ""transport"": 0.3641345896820894}","{""energy"": 0.05990932143645511, ""water"": 0.027858068475012987, ""transport"": 0.030801256348756023}","{""energy"": 0.0, ""water"": 0.0, ""transport"": 0.0}","{""energy"": 1.0, ""water"": 1.0, ""transport"": 1.0}","{""energy"": 1.0, ""water"": 1.0, ""transport"": 1.0}",0.3,0.1,,0.44666666666666677,1.0,0.5533333333333332,1,"{""energy"": 0.6666666666666667, ""water"": 0.2666666666666667, ""transport"": 0.33333333333333337}","{""energy"": 1.0, ""water"": 1.0, ""transport"": 1.0}","{""energy"": 0.33333333333333326, ""water"": 0.7333333333333333, ""transport"": 0.6666666666666666}",4,0.48822819268837947,,,"[""water"", ""transport""]",1,v1.0,0.7,0.3
S1b_energy_partial,43,43,15406426963983981025,scenario=S1b_energy_partial|method=both|duration=0|theta=0.300000|delta_threshold=0.100000|A=v1.0|w=na|run_id=43|seed=15406426963983981025,False,"{""step_1_amount"": 0.018657766947042485}",5222c37788a096d3910624247b4a1e76a3afcfe0df2ea7ddd6490cebc16a26a9,0.44666666666666677,0.5513426415719129,0.10467597490524616,5,0.0,1.0,0.44666666666666677,0.5513426415719129,1,1,0.10467597490524616,"{""energy"": 0.6666666666666667, ""water"": 0.2666666666666667, ""transport"": 0.33333333333333337}","{""energy"": 0.7519853744556257, ""water"": 0.43088773737663166, ""transport"": 0.4042739019222436}","{""energy"": 0.085318707788959, ""water"": 0.16422107070996494, ""transport"": 0.07094056858891024}","{""energy"": 0.0, ""water"": 0.0, ""transport"": 0.0}","{""energy"": 1.0, ""water"": 1.0, ""transport"": 1.0}","{""energy"": 1.0, ""water"": 1.0, ""transport"": 1.0}",0.3,0.1,,0.44666666666666677,1.0,0.5533333333333332,1,"{""energy"": 0.6666666666666667, ""water"": 0.2666666666666667, ""transport"": 0.33333333333333337}","{""energy"": 1.0, ""water"": 1.0, ""transport"": 1.0}","{""energy"": 0.33333333333333326, ""water"": 0.7333333333333333, ""transport"": 0.6666666666666666}",4,0.5513426415719129,,,"[""water"", ""transport""]",1,v1.0,0.7,0.3
S1b_energy_partial,44,44,15433607991206517311,scenario=S1b_energy_partial|method=both|duration=0|theta=0.300000|delta_threshold=0.100000|A=v1.0|w=na|run_id=44|seed=15433607991206517311,False,"{""step_1_amount"": 0.007880652168554499}",5222c37788a096d3910624247b4a1e76a3afcfe0df2ea7ddd6490cebc16a26a9,0.44666666666666677,0.5006142014403123,0.053947534773645556,24,0.0,0.0,0.44666666666666677,0.5006142014403123,0,0,0.053947534773645556,"{""energy"": 0.6666666666666667, ""water"": 0.2666666666666667, ""transport"": 0.33333333333333337}","{""energy"": 0.7066588009563795, ""water"": 0.35701048590509665, ""transport"": 0.36949178428743856}","{""energy"": 0.03999213428971271, ""water"": 0.09034381923842993, ""transport"": 0.03615845095410519}","{""energy"": 0.0, ""water"": 0.0, ""transport"": 0.0}","{""energy"": 0.0, ""water"": 0.0, ""transport"": 0.0}","{""energy"": 0.0, ""water"": 0.0, ""transport"": 0.0}",0.3,0.1,,0.44666666666666677,1.0,0.5533333333333332,1,"{""energy"": 0.6666666666666667, ""water"": 0.2666666666666667, ""transport"": 0.33333333333333337}","{""energy"": 1.0, ""water"": 1.0, ""transport"": 1.0}","{""energy"": 0.33333333333333326, ""water"": 0.7333333333333333, ""transport"": 0.6666666666666666}",4,0.5006142014403123,,,[],,v1.0,0.7,0.3
S1b_energy_partial,45,45,4166558310334481319,scenario=S1b_energy_partial|method=both|duration=0|theta=0.300000|delta_threshold=0.100000|A=v1.0|w=na|run_id=45|seed=4166558310334481319,False,"{""step_1_amount"": 0.012782767026670562}",5222c37788a096d3910624247b4a1e76a3afcfe0df2ea7ddd6490cebc16a26a9,0.44666666666666677,0.7853453480821542,0.3386786814154874,26,0.0,1.0,0.44666666666666677,0.7853453480821542,1,1,0.3386786814154874,"{""energy"": 0.6666666666666667, ""water"": 0.2666666666666667, ""transport"": 0.33333333333333337}","{""energy"": 0.9029771151181709, ""water"": 0.413848340116286, ""transport"": 1.0}","{""energy"": 0.23631044845150417, ""water"": 0.1471816734496193, ""transport"": 0.6666666666666666}","{""energy"": 0.0, ""water"": 0.0, ""transport"": 0.0}","{""energy"": 1.0, ""water"": 1.0, ""transport"": 1.0}","{""energy"": 1.0, ""water"": 1.0, ""transport"": 1.0}",0.3,0.1,,0.44666666666666677,1.0,0.5533333333333332,1,"{""energy"": 0.6666666666666667, ""water"": 0.2666666666666667, ""transport"": 0.33333333333333337}","{""energy"": 1.0, ""water"": 1.0, ""transport"": 1.0}","{""energy"": 0.33333333333333326, ""water"": 0.7333333333333333, ""transport"": 0.6666666666666666}",4,0.7853453480821542,,,"[""water"", ""transport""]",1,v1.0,0.7,0.3
S1b_energy_partial,46,46,15334169885503255930,scenario=S1b_energy_partial|method=both|duration=0|theta=0.300000|delta_threshold=0.100000|A=v1.0|w=na|run_id=46|seed=15334169885503255930,False,"{""step_1_amount"": 0.009190638139387128}",5222c37788a096d3910624247b4a1e76a3afcfe0df2ea7ddd6490cebc16a26a9,0.44666666666666677,0.7812780499581142,0.33461138329144746,23,0.0,0.0,0.44666666666666677,0.7812780499581142,0,1,0.33461138329144746,"{""energy"": 0.6666666666666667, ""water"": 0.2666666666666667, ""transport"": 0.33333333333333337}","{""energy"": 0.8947293279456314, ""water"": 0.4112877292662057, ""transport"": 1.0}","{""energy"": 0.22806266127896468, ""water"": 0.144621062599539, ""transport"": 0.6666666666666666}","{""energy"": 0.0, ""water"": 0.0, ""transport"": 0.0}","{""energy"": 0.0, ""water"": 0.0, ""transport"": 0.0}","{""energy"": 0.0, ""water"": 0.0, ""transport"": 0.0}",0.3,0.1,,0.44666666666666677,1.0,0.5533333333333332,1,"{""energy"": 0.6666666666666667, ""water"": 0.2666666666666667, ""transport"": 0.33333333333333337}","{""energy"": 1.0, ""water"": 1.0, ""transport"": 1.0}","{""energy"": 0.33333333333333326, ""water"": 0.7333333333333333, ""transport"": 0.6666666666666666}",4,0.7812780499581142,,,[],,v1.0,0.7,0.3
S1b_energy_partial,47,47,13790538994876181516,scenario=S1b_energy_partial|method=both|duration=0|theta=0.300000|delta_threshold=0.100000|A=v1.0|w=na|run_id=47|seed=13790538994876181516,False,"{""step_1_amount"": 0.00915377157319788}",5222c37788a096d3910624247b4a1e76a3afcfe0df2ea7ddd6490cebc16a26a9,0.44666666666666677,0.645912608868308,0.19924594220164127,5,0.0,0.0,0.44666666666666677,0.645912608868308,0,1,0.19924594220164127,"{""energy"": 0.6666666666666667, ""water"": 0.2666666666666667, ""transport"": 0.33333333333333337}","{""energy"": 0.7944591699415435, ""water"": 0.4632210750032741, ""transport"": 0.6305420613023612}","{""energy"": 0.1277925032748768, ""water"": 0.19655440833660737, ""transport"": 0.29720872796902786}","{""energy"": 0.0, ""water"": 0.0, ""transport"": 0.0}","{""energy"": 0.0, ""water"": 0.0, ""transport"": 0.0}","{""energy"": 0.0, ""water"": 0.0, ""transport"": 0.0}",0.3,0.1,,0.44666666666666677,1.0,0.5533333333333332,1,"{""energy"": 0.6666666666666667, ""water"": 0.2666666666666667, ""transport"": 0.33333333333333337}","{""energy"": 1.0, ""water"": 1.0, ""transport"": 1.0}","{""energy"": 0.33333333333333326, ""water"": 0.7333333333333333, ""transport"": 0.6666666666666666}",4,0.645912608868308,,,[],,v1.0,0.7,0.3
S1b_energy_partial,48,48,7561793680045593696,scenario=S1b_energy_partial|method=both|duration=0|theta=0.300000|delta_threshold=0.100000|A=v1.0|w=na|run_id=48|seed=7561793680045593696,False,"{""step_1_amount"": 0.033573894309597924}",5222c37788a096d3910624247b4a1e76a3afcfe0df2ea7ddd6490cebc16a26a9,0.44666666666666677,0.6846309780050188,0.23796431133835205,5,0.0,1.0,0.44666666666666677,0.6846309780050188,1,1,0.23796431133835205,"{""energy"": 0.6666666666666667, ""water"": 0.2666666666666667, ""transport"": 0.33333333333333337}","{""energy"": 0.8665156977164581, ""water"": 0.459531784387496, ""transport"": 0.6672172120072892}","{""energy"": 0.19984903104979135, ""water"": 0.19286511772082926, ""transport"": 0.33388387867395586}","{""energy"": 0.0, ""water"": 0.0, ""transport"": 0.0}","{""energy"": 1.0, ""water"": 1.0, ""transport"": 1.0}","{""energy"": 1.0, ""water"": 1.0, ""transport"": 1.0}",0.3,0.1,,0.44666666666666677,1.0,0.5533333333333332,1,"{""energy"": 0.6666666666666667, ""water"": 0.2666666666666667, ""transport"": 0.33333333333333337}","{""energy"": 1.0, ""water"": 1.0, ""transport"": 1.0}","{""energy"": 0.33333333333333326, ""water"": 0.7333333333333333, ""transport"": 0.6666666666666666}",4,0.6846309780050188,,,"[""water"", ""transport""]",1,v1.0,0.7,0.3
S1b_energy_partial,49,49,17936094367662824317,scenario=S1b_energy_partial|method=both|duration=0|theta=0.300000|delta_threshold=0.100000|A=v1.0|w=na|run_id=49|seed=17936094367662824317,False,"{""step_1_amount"": 0.01827290999911779}",5222c37788a096d3910624247b4a1e76a3afcfe0df2ea7ddd6490cebc16a26a9,0.44666666666666677,0.7849332841633121,0.3382666174966453,30,0.0,1.0,0.44666666666666677,0.7849332841633121,1,1,0.3382666174966453,"{""energy"": 0.6666666666666667, ""water"": 0.2666666666666667, ""transport"": 0.33333333333333337}","{""energy"": 0.9105397634000838, ""water"": 0.4143583118647664, ""transport"": 0.9880329508128286}","{""energy"": 0.24387309673341706, ""water"": 0.14769164519809969, ""transport"": 0.6546996174794952}","{""energy"": 0.0, ""water"": 0.0, ""transport"": 0.0}","{""energy"": 1.0, ""water"": 1.0, ""transport"": 1.0}","{""energy"": 1.0, ""water"": 1.0, ""transport"": 1.0}",0.3,0.1,,0.44666666666666677,1.0,0.5533333333333332,1,"{""energy"": 0.6666666666666667, ""water"": 0.2666666666666667, ""transport"": 0.33333333333333337}","{""energy"": 1.0, ""water"": 1.0, ""transport"": 1.0}","{""energy"": 0.33333333333333326, ""water"": 0.7333333333333333, ""transport"": 0.6666666666666666}",4,0.7849332841633121,,,"[""water"", ""transport""]",1,v1.0,0.7,0.3
S1b_energy_partial,50,50,327833452578554759,scenario=S1b_energy_partial|method=both|duration=0|theta=0.300000|delta_threshold=0.100000|A=v1.0|w=na|run_id=50|seed=327833452578554759,False,"{""step_1_amount"": 0.005246491148215116}",5222c37788a096d3910624247b4a1e76a3afcfe0df2ea7ddd6490cebc16a26a9,0.44666666666666677,0.4572677322714362,0.010601065604769422,20,0.0,0.0,0.44666666666666677,0.4572677322714362,0,0,0.010601065604769422,"{""energy"": 0.6666666666666667, ""water"": 0.2666666666666667, ""transport"": 0.33333333333333337}","{""energy"": 0.6824891526439346, ""water"": 0.27299566105757384, ""transport"": 0.3412445763219673}","{""energy"": 0.015822485977267875, ""water"": 0.006328994390907117, ""transport"": 0.007911242988633937}","{""energy"": 0.0, ""water"": 0.0, ""transport"": 0.0}","{""energy"": 0.0, ""water"": 0.0, ""transport"": 0.0}","{""energy"": 0.0, ""water"": 0.0, ""transport"": 0.0}",0.3,0.1,,0.44666666666666677,1.0,0.5533333333333332,1,"{""energy"": 0.6666666666666667, ""water"": 0.2666666666666667, ""transport"": 0.33333333333333337}","{""energy"": 1.0, ""water"": 1.0, ""transport"": 1.0}","{""energy"": 0.33333333333333326, ""water"": 0.7333333333333333, ""transport"": 0.6666666666666666}",4,0.4572677322714362,,,[],,v1.0,0.7,0.3
S1b_energy_partial,51,51,11415693926624268148,scenario=S1b_energy_partial|method=both|duration=0|theta=0.300000|delta_threshold=0.100000|A=v1.0|w=na|run_id=51|seed=11415693926624268148,False,"{""step_1_amount"": 0.012671753950887224}",5222c37788a096d3910624247b4a1e76a3afcfe0df2ea7ddd6490cebc16a26a9,0.44666666666666677,0.4957094814902724,0.04904281482360562,24,0.0,1.0,0.44666666666666677,0.4957094814902724,1,0,0.04904281482360562,"{""energy"": 0.6666666666666667, ""water"": 0.2666666666666667, ""transport"": 0.33333333333333337}","{""energy"": 0.7150616160916818, ""water"": 0.331526857187083, ""transport"": 0.36742259299158225}","{""energy"": 0.0483949494250151, ""water"": 0.0648601905204163, ""transport"": 0.03408925965824888}","{""energy"": 0.0, ""water"": 0.0, ""transport"": 0.0}","{""energy"": 1.0, ""water"": 1.0, ""transport"": 1.0}","{""energy"": 1.0, ""water"": 1.0, ""transport"": 1.0}",0.3,0.1,,0.44666666666666677,1.0,0.5533333333333332,1,"{""energy"": 0.6666666666666667, ""water"": 0.2666666666666667, ""transport"": 0.33333333333333337}","{""energy"": 1.0, ""water"": 1.0, ""transport"": 1.0}","{""energy"": 0.33333333333333326, ""water"": 0.7333333333333333, ""transport"": 0.6666666666666666}",4,0.4957094814902724,,,"[""water"", ""transport""]",1,v1.0,0.7,0.3
S1b_energy_partial,52,52,12443240097490227349,scenario=S1b_energy_partial|method=both|duration=0|theta=0.300000|delta_threshold=0.100000|A=v1.0|w=na|run_id=52|seed=12443240097490227349,False,"{""step_1_amount"": 0.016523239620633467}",5222c37788a096d3910624247b4a1e76a3afcfe0df2ea7ddd6490cebc16a26a9,0.44666666666666677,0.48043636309005994,0.03376969642339317,14,0.0,1.0,0.44666666666666677,0.48043636309005994,1,0,0.03376969642339317,"{""energy"": 0.6666666666666667, ""water"": 0.2666666666666667, ""transport"": 0.33333333333333337}","{""energy"": 0.7170691986418805, ""water"": 0.2868276794567522, ""transport"": 0.35853459932094023}","{""energy"": 0.050402531975213716, ""water"": 0.020161012790085475, ""transport"": 0.025201265987606858}","{""energy"": 0.0, ""water"": 0.0, ""transport"": 0.0}","{""energy"": 1.0, ""water"": 1.0, ""transport"": 1.0}","{""energy"": 1.0, ""water"": 1.0, ""transport"": 1.0}",0.3,0.1,,0.44666666666666677,1.0,0.5533333333333332,1,"{""energy"": 0.6666666666666667, ""water"": 0.2666666666666667, ""transport"": 0.33333333333333337}","{""energy"": 1.0, ""water"": 1.0, ""transport"": 1.0}","{""energy"": 0.33333333333333326, ""water"": 0.7333333333333333, ""transport"": 0.6666666666666666}",4,0.48043636309005994,,,"[""water"", ""transport""]",1,v1.0,0.7,0.3
S1b_energy_partial,53,53,7386595656981879518,scenario=S1b_energy_partial|method=both|duration=0|theta=0.300000|delta_threshold=0.100000|A=v1.0|w=na|run_id=53|seed=7386595656981879518,False,"{""step_1_amount"": 0.00703857354269871}",5222c37788a096d3910624247b4a1e76a3afcfe0df2ea7ddd6490cebc16a26a9,0.44666666666666677,0.6385626695257689,0.19189600285910213,30,0.0,0.0,0.44666666666666677,0.6385626695257689,0,1,0.19189600285910213,"{""energy"": 0.6666666666666667, ""water"": 0.2666666666666667, ""transport"": 0.33333333333333337}","{""energy"": 0.7839691529694451, ""water"": 0.47779977004289187, ""transport"": 0.6054502577504108}","{""energy"": 0.1173024863027784, ""water"": 0.21113310337622515, ""transport"": 0.27211692441707747}","{""energy"": 0.0, ""water"": 0.0, ""transport"": 0.0}","{""energy"": 0.0, ""water"": 0.0, ""transport"": 0.0}","{""energy"": 0.0, ""water"": 0.0, ""transport"": 0.0}",0.3,0.1,,0.44666666666666677,1.0,0.5533333333333332,1,"{""energy"": 0.6666666666666667, ""water"": 0.2666666666666667, ""transport"": 0.33333333333333337}","{""energy"": 1.0, ""water"": 1.0, ""transport"": 1.0}","{""energy"": 0.33333333333333326, ""water"": 0.7333333333333333, ""transport"": 0.6666666666666666}",4,0.6385626695257689,,,[],,v1.0,0.7,0.3
S1b_energy_partial,54,54,15681117363975165673,scenario=S1b_energy_partial|method=both|duration=0|theta=0.300000|delta_threshold=0.100000|A=v1.0|w=na|run_id=54|seed=15681117363975165673,False,"{""step_1_amount"": 0.011209265657179229}",5222c37788a096d3910624247b4a1e76a3afcfe0df2ea7ddd6490cebc16a26a9,0.44666666666666677,0.5246631520053613,0.07799648533869452,27,0.0,1.0,0.44666666666666677,0.5246631520053613,1,1,0.07799648533869452,"{""energy"": 0.6666666666666667, ""water"": 0.2666666666666667, ""transport"": 0.33333333333333337}","{""energy"": 0.7241694867665609, ""water"": 0.39773930721264916, ""transport"": 0.38557855044980754}","{""energy"": 0.05750282009989416, ""water"": 0.13107264054598244, ""transport"": 0.052245217116474174}","{""energy"": 0.0, ""water"": 0.0, ""transport"": 0.0}","{""energy"": 1.0, ""water"": 1.0, ""transport"": 1.0}","{""energy"": 1.0, ""water"": 1.0, ""transport"": 1.0}",0.3,0.1,,0.44666666666666677,1.0,0.5533333333333332,1,"{""energy"": 0.6666666666666667, ""water"": 0.2666666666666667, ""transport"": 0.33333333333333337}","{""energy"": 1.0, ""water"": 1.0, ""transport"": 1.0}","{""energy"": 0.33333333333333326, ""water"": 0.7333333333333333, ""transport"": 0.6666666666666666}",4,0.5246631520053613,,,"[""water"", ""transport""]",1,v1.0,0.7,0.3
S1b_energy_partial,55,55,5464407091416519866,scenario=S1b_energy_partial|method=both|duration=0|theta=0.300000|delta_threshold=0.100000|A=v1.0|w=na|run_id=55|seed=5464407091416519866,False,"{""step_1_amount"": 0.006531259437667747}",5222c37788a096d3910624247b4a1e76a3afcfe0df2ea7ddd6490cebc16a26a9,0.44666666666666677,0.7596767544767336,0.3130100878100668,23,0.0,0.0,0.44666666666666677,0.7596767544767336,0,1,0.3130100878100668,"{""energy"": 0.6666666666666667, ""water"": 0.2666666666666667, ""transport"": 0.33333333333333337}","{""energy"": 0.8737617279596466, ""water"": 0.39947068308171396, ""transport"": 0.9677695278945361}","{""energy"": 0.20709506129297983, ""water"": 0.13280401641504724, ""transport"": 0.6344361945612027}","{""energy"": 0.0, ""water"": 0.0, ""transport"": 0.0}","{""energy"": 0.0, ""water"": 0.0, ""transport"": 0.0}","{""energy"": 0.0, ""water"": 0.0, ""transport"": 0.0}",0.3,0.1,,0.44666666666666677,1.0,0.5533333333333332,1,"{""energy"": 0.6666666666666667, ""water"": 0.2666666666666667, ""transport"": 0.33333333333333337}","{""energy"": 1.0, ""water"": 1.0, ""transport"": 1.0}","{""energy"": 0.33333333333333326, ""water"": 0.7333333333333333, ""transport"": 0.6666666666666666}",4,0.7596767544767336,,,[],,v1.0,0.7,0.3
S1b_energy_partial,56,56,9893251022010600027,scenario=S1b_energy_partial|method=both|duration=0|theta=0.300000|delta_threshold=0.100000|A=v1.0|w=na|run_id=56|seed=9893251022010600027,False,"{""step_1_amount"": 0.015045212048296827}",5222c37788a096d3910624247b4a1e76a3afcfe0df2ea7ddd6490cebc16a26a9,0.44666666666666677,0.8017843151754656,0.3551176485087988,28,0.0,1.0,0.44666666666666677,0.8017843151754656,1,1,0.3551176485087988,"{""energy"": 0.6666666666666667, ""water"": 0.2666666666666667, ""transport"": 0.33333333333333337}","{""energy"": 0.9163668833547265, ""water"": 0.4507918727785832, ""transport"": 1.0}","{""energy"": 0.24970021668805975, ""water"": 0.18412520611191646, ""transport"": 0.6666666666666666}","{""energy"": 0.0, ""water"": 0.0, ""transport"": 0.0}","{""energy"": 1.0, ""water"": 1.0, ""transport"": 1.0}","{""energy"": 1.0, ""water"": 1.0, ""transport"": 1.0}",0.3,0.1,,0.44666666666666677,1.0,0.5533333333333332,1,"{""energy"": 0.6666666666666667, ""water"": 0.2666666666666667, ""transport"": 0.33333333333333337}","{""energy"": 1.0, ""water"": 1.0, ""transport"": 1.0}","{""energy"": 0.33333333333333326, ""water"": 0.7333333333333333, ""transport"": 0.6666666666666666}",3,0.8017843151754656,,,"[""water"", ""transport""]",1,v1.0,0.7,0.3
S1b_energy_partial,57,57,3403844424343930103,scenario=S1b_energy_partial|method=both|duration=0|theta=0.300000|delta_threshold=0.100000|A=v1.0|w=na|run_id=57|seed=3403844424343930103,False,"{""step_1_amount"": 0.01252994360782313}",5222c37788a096d3910624247b4a1e76a3afcfe0df2ea7ddd6490cebc16a26a9,0.44666666666666677,0.4721714265210983,0.025504759854431513,17,0.0,1.0,0.44666666666666677,0.4721714265210983,1,0,0.025504759854431513,"{""energy"": 0.6666666666666667, ""water"": 0.2666666666666667, ""transport"": 0.33333333333333337}","{""energy"": 0.7047334724195496, ""water"": 0.28189338896781985, ""transport"": 0.3523667362097748}","{""energy"": 0.038066805752882904, ""water"": 0.015226722301153128, ""transport"": 0.019033402876441452}","{""energy"": 0.0, ""water"": 0.0, ""transport"": 0.0}","{""energy"": 1.0, ""water"": 1.0, ""transport"": 1.0}","{""energy"": 1.0, ""water"": 1.0, ""transport"": 1.0}",0.3,0.1,,0.44666666666666677,1.0,0.5533333333333332,1,"{""energy"": 0.6666666666666667, ""water"": 0.2666666666666667, ""transport"": 0.33333333333333337}","{""energy"": 1.0, ""water"": 1.0, ""transport"": 1.0}","{""energy"": 0.33333333333333326, ""water"": 0.7333333333333333, ""transport"": 0.6666666666666666}",4,0.4721714265210983,,,"[""water"", ""transport""]",1,v1.0,0.7,0.3
S1b_energy_partial,58,58,9711815001405437581,scenario=S1b_energy_partial|method=both|duration=0|theta=0.300000|delta_threshold=0.100000|A=v1.0|w=na|run_id=58|seed=9711815001405437581,False,"{""step_1_amount"": 0.019010649444092954}",5222c37788a096d3910624247b4a1e76a3afcfe0df2ea7ddd6490cebc16a26a9,0.44666666666666677,0.788258241534868,0.34159157486820124,15,0.0,1.0,0.44666666666666677,0.788258241534868,1,1,0.34159157486820124,"{""energy"": 0.6666666666666667, ""water"": 0.2666666666666667, ""transport"": 0.33333333333333337}","{""energy"": 0.9139536332086554, ""water"": 0.4160213980247006, ""transport"": 0.9929012294799854}","{""energy"": 0.24728696654198867, ""water"": 0.1493547313580339, ""transport"": 0.659567896146652}","{""energy"": 0.0, ""water"": 0.0, ""transport"": 0.0}","{""energy"": 1.0, ""water"": 1.0, ""transport"": 1.0}","{""energy"": 1.0, ""water"": 1.0, ""transport"": 1.0}",0.3,0.1,,0.44666666666666677,1.0,0.5533333333333332,1,"{""energy"": 0.6666666666666667, ""water"": 0.2666666666666667, ""transport"": 0.33333333333333337}","{""energy"": 1.0, ""water"": 1.0, ""transport"": 1.0}","{""energy"": 0.33333333333333326, ""water"": 0.7333333333333333, ""transport"": 0.6666666666666666}",4,0.788258241534868,,,"[""water"", ""transport""]",1,v1.0,0.7,0.3
S1b_energy_partial,59,59,2642408337555230615,scenario=S1b_energy_partial|method=both|duration=0|theta=0.300000|delta_threshold=0.100000|A=v1.0|w=na|run_id=59|seed=2642408337555230615,False,"{""step_1_amount"": 0.018822566718304463}",5222c37788a096d3910624247b4a1e76a3afcfe0df2ea7ddd6490cebc16a26a9,0.44666666666666677,0.7738908078821851,0.32722414121551835,30,0.0,1.0,0.44666666666666677,0.7738908078821851,1,1,0.32722414121551835,"{""energy"": 0.6666666666666667, ""water"": 0.2666666666666667, ""transport"": 0.33333333333333337}","{""energy"": 0.9046332486131554, ""water"": 0.4099641327961929, ""transport"": 0.9634942286602168}","{""energy"": 0.23796658194648868, ""water"": 0.1432974661295262, ""transport"": 0.6301608953268835}","{""energy"": 0.0, ""water"": 0.0, ""transport"": 0.0}","{""energy"": 1.0, ""water"": 1.0, ""transport"": 1.0}","{""energy"": 1.0, ""water"": 1.0, ""transport"": 1.0}",0.3,0.1,,0.44666666666666677,1.0,0.5533333333333332,1,"{""energy"": 0.6666666666666667, ""water"": 0.2666666666666667, ""transport"": 0.33333333333333337}","{""energy"": 1.0, ""water"": 1.0, ""transport"": 1.0}","{""energy"": 0.33333333333333326, ""water"": 0.7333333333333333, ""transport"": 0.6666666666666666}",4,0.7738908078821851,,,"[""water"", ""transport""]",1,v1.0,0.7,0.3
S1b_energy_partial,60,60,18166898106638938746,scenario=S1b_energy_partial|method=both|duration=0|theta=0.300000|delta_threshold=0.100000|A=v1.0|w=na|run_id=60|seed=18166898106638938746,False,"{""step_1_amount"": 0.02184277656199726}",5222c37788a096d3910624247b4a1e76a3afcfe0df2ea7ddd6490cebc16a26a9,0.44666666666666677,0.5386616258931922,0.09199495922652545,22,0.0,1.0,0.44666666666666677,0.5386616258931922,1,1,0.09199495922652545,"{""energy"": 0.6666666666666667, ""water"": 0.2666666666666667, ""transport"": 0.33333333333333337}","{""energy"": 0.753705334003942, ""water"": 0.3936985858090378, ""transport"": 0.3968997218296799}","{""energy"": 0.08703866733727528, ""water"": 0.1270319191423711, ""transport"": 0.06356638849634655}","{""energy"": 0.0, ""water"": 0.0, ""transport"": 0.0}","{""energy"": 1.0, ""water"": 1.0, ""transport"": 1.0}","{""energy"": 1.0, ""water"": 1.0, ""transport"": 1.0}",0.3,0.1,,0.44666666666666677,1.0,0.5533333333333332,1,"{""energy"": 0.6666666666666667, ""water"": 0.2666666666666667, ""transport"": 0.33333333333333337}","{""energy"": 1.0, ""water"": 1.0, ""transport"": 1.0}","{""energy"": 0.33333333333333326, ""water"": 0.7333333333333333, ""transport"": 0.6666666666666666}",4,0.5386616258931922,,,"[""water"", ""transport""]",1,v1.0,0.7,0.3
S1b_energy_partial,61,61,12937077815270132892,scenario=S1b_energy_partial|method=both|duration=0|theta=0.300000|delta_threshold=0.100000|A=v1.0|w=na|run_id=61|seed=12937077815270132892,False,"{""step_1_amount"": 0.01324859863123007}",5222c37788a096d3910624247b4a1e76a3afcfe0df2ea7ddd6490cebc16a26a9,0.44666666666666677,0.7630465289953732,0.3163798623287064,22,0.0,1.0,0.44666666666666677,0.7630465289953732,1,1,0.3163798623287064,"{""energy"": 0.6666666666666667, ""water"": 0.2666666666666667, ""transport"": 0.33333333333333337}","{""energy"": 0.8878165063163217, ""water"": 0.40335870855188716, ""transport"": 0.9563743796775942}","{""energy"": 0.22114983964965496, ""water"": 0.13669204188522044, ""transport"": 0.6230410463442608}","{""energy"": 0.0, ""water"": 0.0, ""transport"": 0.0}","{""energy"": 1.0, ""water"": 1.0, ""transport"": 1.0}","{""energy"": 1.0, ""water"": 1.0, ""transport"": 1.0}",0.3,0.1,,0.44666666666666677,1.0,0.5533333333333332,1,"{""energy"": 0.6666666666666667, ""water"": 0.2666666666666667, ""transport"": 0.33333333333333337}","{""energy"": 1.0, ""water"": 1.0, ""transport"": 1.0}","{""energy"": 0.33333333333333326, ""water"": 0.7333333333333333, ""transport"": 0.6666666666666666}",4,0.7630465289953732,,,"[""water"", ""transport""]",1,v1.0,0.7,0.3
S1b_energy_partial,62,62,7241149919601365317,scenario=S1b_energy_partial|method=both|duration=0|theta=0.300000|delta_threshold=0.100000|A=v1.0|w=na|run_id=62|seed=7241149919601365317,False,"{""step_1_amount"": 0.016838952018167926}",5222c37788a096d3910624247b4a1e76a3afcfe0df2ea7ddd6490cebc16a26a9,0.44666666666666677,0.5932145165991913,0.14654784993252457,5,0.0,1.0,0.44666666666666677,0.5932145165991913,1,1,0.14654784993252457,"{""energy"": 0.6666666666666667, ""water"": 0.2666666666666667, ""transport"": 0.33333333333333337}","{""energy"": 0.7872781853994972, ""water"": 0.34119990893628, ""transport"": 0.586477565861695}","{""energy"": 0.12061151873283049, ""water"": 0.07453324226961328, ""transport"": 0.2531442325283616}","{""energy"": 0.0, ""water"": 0.0, ""transport"": 0.0}","{""energy"": 1.0, ""water"": 1.0, ""transport"": 1.0}","{""energy"": 1.0, ""water"": 1.0, ""transport"": 1.0}",0.3,0.1,,0.44666666666666677,1.0,0.5533333333333332,1,"{""energy"": 0.6666666666666667, ""water"": 0.2666666666666667, ""transport"": 0.33333333333333337}","{""energy"": 1.0, ""water"": 1.0, ""transport"": 1.0}","{""energy"": 0.33333333333333326, ""water"": 0.7333333333333333, ""transport"": 0.6666666666666666}",4,0.5932145165991913,,,"[""water"", ""transport""]",1,v1.0,0.7,0.3
S1b_energy_partial,63,63,12816476105316066774,scenario=S1b_energy_partial|method=both|duration=0|theta=0.300000|delta_threshold=0.100000|A=v1.0|w=na|run_id=63|seed=12816476105316066774,False,"{""step_1_amount"": 0.013825926441324445}",5222c37788a096d3910624247b4a1e76a3afcfe0df2ea7ddd6490cebc16a26a9,0.44666666666666677,0.8445491130732079,0.39788244640654113,15,0.0,1.0,0.44666666666666677,0.8445491130732079,1,1,0.39788244640654113,"{""energy"": 0.6666666666666667, ""water"": 0.2666666666666667, ""transport"": 0.33333333333333337}","{""energy"": 0.9507281726840011, ""water"": 0.547526146665358, ""transport"": 1.0}","{""energy"": 0.2840615060173344, ""water"": 0.2808594799986913, ""transport"": 0.6666666666666666}","{""energy"": 0.0, ""water"": 0.0, ""transport"": 0.0}","{""energy"": 1.0, ""water"": 1.0, ""transport"": 1.0}","{""energy"": 1.0, ""water"": 1.0, ""transport"": 1.0}",0.3,0.1,,0.44666666666666677,1.0,0.5533333333333332,1,"{""energy"": 0.6666666666666667, ""water"": 0.2666666666666667, ""transport"": 0.33333333333333337}","{""energy"": 1.0, ""water"": 1.0, ""transport"": 1.0}","{""energy"": 0.33333333333333326, ""water"": 0.7333333333333333, ""transport"": 0.6666666666666666}",3,0.8445491130732079,,,"[""water"", ""transport""]",1,v1.0,0.7,0.3
S1b_energy_partial,64,64,18419830247420164479,scenario=S1b_energy_partial|method=both|duration=0|theta=0.300000|delta_threshold=0.100000|A=v1.0|w=na|run_id=64|seed=18419830247420164479,False,"{""step_1_amount"": 0.014113022333759224}",5222c37788a096d3910624247b4a1e76a3afcfe0df2ea7ddd6490cebc16a26a9,0.44666666666666677,0.786261276095302,0.3395946094286353,23,0.0,1.0,0.44666666666666677,0.786261276095302,1,1,0.3395946094286353,"{""energy"": 0.6666666666666667, ""water"": 0.2666666666666667, ""transport"": 0.33333333333333337}","{""energy"": 0.9050503694348362, ""water"": 0.4141370944045586, ""transport"": 1.0}","{""energy"": 0.23838370276816945, ""water"": 0.14747042773789187, ""transport"": 0.6666666666666666}","{""energy"": 0.0, ""water"": 0.0, ""transport"": 0.0}","{""energy"": 1.0, ""water"": 1.0, ""transport"": 1.0}","{""energy"": 1.0, ""water"": 1.0, ""transport"": 1.0}",0.3,0.1,,0.44666666666666677,1.0,0.5533333333333332,1,"{""energy"": 0.6666666666666667, ""water"": 0.2666666666666667, ""transport"": 0.33333333333333337}","{""energy"": 1.0, ""water"": 1.0, ""transport"": 1.0}","{""energy"": 0.33333333333333326, ""water"": 0.7333333333333333, ""transport"": 0.6666666666666666}",4,0.786261276095302,,,"[""water"", ""transport""]",1,v1.0,0.7,0.3
S1b_energy_partial,65,65,5301274801876348814,scenario=S1b_energy_partial|method=both|duration=0|theta=0.300000|delta_threshold=0.100000|A=v1.0|w=na|run_id=65|seed=5301274801876348814,False,"{""step_1_amount"": 0.016171329700804055}",5222c37788a096d3910624247b4a1e76a3afcfe0df2ea7ddd6490cebc16a26a9,0.44666666666666677,0.7781084692021689,0.33144180253550215,19,0.0,1.0,0.44666666666666677,0.7781084692021689,1,1,0.33144180253550215,"{""energy"": 0.6666666666666667, ""water"": 0.2666666666666667, ""transport"": 0.33333333333333337}","{""energy"": 0.9024800563232392, ""water"": 0.41072588101405516, ""transport"": 0.9796622745621886}","{""energy"": 0.2358133896565725, ""water"": 0.14405921434738844, ""transport"": 0.6463289412288552}","{""energy"": 0.0, ""water"": 0.0, ""transport"": 0.0}","{""energy"": 1.0, ""water"": 1.0, ""transport"": 1.0}","{""energy"": 1.0, ""water"": 1.0, ""transport"": 1.0}",0.3,0.1,,0.44666666666666677,1.0,0.5533333333333332,1,"{""energy"": 0.6666666666666667, ""water"": 0.2666666666666667, ""transport"": 0.33333333333333337}","{""energy"": 1.0, ""water"": 1.0, ""transport"": 1.0}","{""energy"": 0.33333333333333326, ""water"": 0.7333333333333333, ""transport"": 0.6666666666666666}",4,0.7781084692021689,,,"[""water"", ""transport""]",1,v1.0,0.7,0.3
S1b_energy_partial,66,66,8207323856171074538,scenario=S1b_energy_partial|method=both|duration=0|theta=0.300000|delta_threshold=0.100000|A=v1.0|w=na|run_id=66|seed=8207323856171074538,False,"{""step_1_amount"": 0.013792961873291883}",5222c37788a096d3910624247b4a1e76a3afcfe0df2ea7ddd6490cebc16a26a9,0.44666666666666677,0.4747782621973353,0.028111595530668554,10,0.0,1.0,0.44666666666666677,0.4747782621973353,1,0,0.028111595530668554,"{""energy"": 0.6666666666666667, ""water"": 0.2666666666666667, ""transport"": 0.33333333333333337}","{""energy"": 0.7086242719363214, ""water"": 0.2834497087745286, ""transport"": 0.3543121359681607}","{""energy"": 0.04195760526965464, ""water"": 0.016783042107861856, ""transport"": 0.02097880263482732}","{""energy"": 0.0, ""water"": 0.0, ""transport"": 0.0}","{""energy"": 1.0, ""water"": 1.0, ""transport"": 1.0}","{""energy"": 1.0, ""water"": 1.0, ""transport"": 1.0}",0.3,0.1,,0.44666666666666677,1.0,0.5533333333333332,1,"{""energy"": 0.6666666666666667, ""water"": 0.2666666666666667, ""transport"": 0.33333333333333337}","{""energy"": 1.0, ""water"": 1.0, ""transport"": 1.0}","{""energy"": 0.33333333333333326, ""water"": 0.7333333333333333, ""transport"": 0.6666666666666666}",4,0.4747782621973353,,,"[""water"", ""transport""]",1,v1.0,0.7,0.3
S1b_energy_partial,67,67,3644804886343412535,scenario=S1b_energy_partial|method=both|duration=0|theta=0.300000|delta_threshold=0.100000|A=v1.0|w=na|run_id=67|seed=3644804886343412535,False,"{""step_1_amount"": 0.016199083771929426}",5222c37788a096d3910624247b4a1e76a3afcfe0df2ea7ddd6490cebc16a26a9,0.44666666666666677,0.7884285865167369,0.3417619198500701,28,0.0,1.0,0.44666666666666677,0.7884285865167369,1,1,0.3417619198500701,"{""energy"": 0.6666666666666667, ""water"": 0.2666666666666667, ""transport"": 0.33333333333333337}","{""energy"": 0.909522859038111, ""water"": 0.41539814300497513, ""transport"": 1.0}","{""energy"": 0.2428561923714443, ""water"": 0.1487314763383084, ""transport"": 0.6666666666666666}","{""energy"": 0.0, ""water"": 0.0, ""transport"": 0.0}","{""energy"": 1.0, ""water"": 1.0, ""transport"": 1.0}","{""energy"": 1.0, ""water"": 1.0, ""transport"": 1.0}",0.3,0.1,,0.44666666666666677,1.0,0.5533333333333332,1,"{""energy"": 0.6666666666666667, ""water"": 0.2666666666666667, ""transport"": 0.33333333333333337}","{""energy"": 1.0, ""water"": 1.0, ""transport"": 1.0}","{""energy"": 0.33333333333333326, ""water"": 0.7333333333333333, ""transport"": 0.6666666666666666}",4,0.7884285865167369,,,"[""water"", ""transport""]",1,v1.0,0.7,0.3
S1b_energy_partial,68,68,1933487660903259041,scenario=S1b_energy_partial|method=both|duration=0|theta=0.300000|delta_threshold=0.100000|A=v1.0|w=na|run_id=68|seed=1933487660903259041,False,"{""step_1_amount"": 0.019247493119821}",5222c37788a096d3910624247b4a1e76a3afcfe0df2ea7ddd6490cebc16a26a9,0.44666666666666677,0.7588428424755451,0.31217617580887835,27,0.0,1.0,0.44666666666666677,0.7588428424755451,1,1,0.31217617580887835,"{""energy"": 0.6666666666666667, ""water"": 0.2666666666666667, ""transport"": 0.33333333333333337}","{""energy"": 0.8959982706471419, ""water"": 0.4038542189805658, ""transport"": 0.930957561741729}","{""energy"": 0.22933160398047514, ""water"": 0.13718755231389906, ""transport"": 0.5976242284083956}","{""energy"": 0.0, ""water"": 0.0, ""transport"": 0.0}","{""energy"": 1.0, ""water"": 1.0, ""transport"": 1.0}","{""energy"": 1.0, ""water"": 1.0, ""transport"": 1.0}",0.3,0.1,,0.44666666666666677,1.0,0.5533333333333332,1,"{""energy"": 0.6666666666666667, ""water"": 0.2666666666666667, ""transport"": 0.33333333333333337}","{""energy"": 1.0, ""water"": 1.0, ""transport"": 1.0}","{""energy"": 0.33333333333333326, ""water"": 0.7333333333333333, ""transport"": 0.6666666666666666}",4,0.7588428424755451,,,"[""water"", ""transport""]",1,v1.0,0.7,0.3
S1b_energy_partial,69,69,12147075483664653073,scenario=S1b_energy_partial|method=both|duration=0|theta=0.300000|delta_threshold=0.100000|A=v1.0|w=na|run_id=69|seed=12147075483664653073,False,"{""step_1_amount"": 0.007759259939048222}",5222c37788a096d3910624247b4a1e76a3afcfe0df2ea7ddd6490cebc16a26a9,0.44666666666666677,0.7497046785392698,0.30303801187260304,15,0.0,0.0,0.44666666666666677,0.7497046785392698,0,1,0.30303801187260304,"{""energy"": 0.6666666666666667, ""water"": 0.2666666666666667, ""transport"": 0.33333333333333337}","{""energy"": 0.8697014389899232, ""water"": 0.3957672320593446, ""transport"": 0.9436464444183239}","{""energy"": 0.2030347723232565, ""water"": 0.1291005653926779, ""transport"": 0.6103131110849905}","{""energy"": 0.0, ""water"": 0.0, ""transport"": 0.0}","{""energy"": 0.0, ""water"": 0.0, ""transport"": 0.0}","{""energy"": 0.0, ""water"": 0.0, ""transport"": 0.0}",0.3,0.1,,0.44666666666666677,1.0,0.5533333333333332,1,"{""energy"": 0.6666666666666667, ""water"": 0.2666666666666667, ""transport"": 0.33333333333333337}","{""energy"": 1.0, ""water"": 1.0, ""transport"": 1.0}","{""energy"": 0.33333333333333326, ""water"": 0.7333333333333333, ""transport"": 0.6666666666666666}",4,0.7497046785392698,,,[],,v1.0,0.7,0.3
S1b_energy_partial,70,70,6475132395540564571,scenario=S1b_energy_partial|method=both|duration=0|theta=0.300000|delta_threshold=0.100000|A=v1.0|w=na|run_id=70|seed=6475132395540564571,False,"{""step_1_amount"": 0.024293987681249646}",5222c37788a096d3910624247b4a1e76a3afcfe0df2ea7ddd6490cebc16a26a9,0.44666666666666677,0.8022972363435907,0.35563056967692397,18,0.0,1.0,0.44666666666666677,0.8022972363435907,1,1,0.35563056967692397,"{""energy"": 0.6666666666666667, ""water"": 0.2666666666666667, ""transport"": 0.33333333333333337}","{""energy"": 0.93601050177526, ""water"": 0.4263101187782886, ""transport"": 1.0}","{""energy"": 0.2693438351085933, ""water"": 0.1596434521116219, ""transport"": 0.6666666666666666}","{""energy"": 0.0, ""water"": 0.0, ""transport"": 0.0}","{""energy"": 1.0, ""water"": 1.0, ""transport"": 1.0}","{""energy"": 1.0, ""water"": 1.0, ""transport"": 1.0}",0.3,0.1,,0.44666666666666677,1.0,0.5533333333333332,1,"{""energy"": 0.6666666666666667, ""water"": 0.2666666666666667, ""transport"": 0.33333333333333337}","{""energy"": 1.0, ""water"": 1.0, ""transport"": 1.0}","{""energy"": 0.33333333333333326, ""water"": 0.7333333333333333, ""transport"": 0.6666666666666666}",3,0.8022972363435907,,,"[""water"", ""transport""]",1,v1.0,0.7,0.3
S1b_energy_partial,71,71,13162586783372600118,scenario=S1b_energy_partial|method=both|duration=0|theta=0.300000|delta_threshold=0.100000|A=v1.0|w=na|run_id=71|seed=13162586783372600118,False,"{""step_1_amount"": 0.01701722337786222}",5222c37788a096d3910624247b4a1e76a3afcfe0df2ea7ddd6490cebc16a26a9,0.44666666666666677,0.4814634299497853,0.03479676328311854,27,0.0,1.0,0.44666666666666677,0.4814634299497853,1,0,0.03479676328311854,"{""energy"": 0.6666666666666667, ""water"": 0.2666666666666667, ""transport"": 0.33333333333333337}","{""energy"": 0.7186021342534109, ""water"": 0.28744085370136435, ""transport"": 0.35930106712670545}","{""energy"": 0.051935467586744166, ""water"": 0.020774187034697633, ""transport"": 0.025967733793372083}","{""energy"": 0.0, ""water"": 0.0, ""transport"": 0.0}","{""energy"": 1.0, ""water"": 1.0, ""transport"": 1.0}","{""energy"": 1.0, ""water"": 1.0, ""transport"": 1.0}",0.3,0.1,,0.44666666666666677,1.0,0.5533333333333332,1,"{""energy"": 0.6666666666666667, ""water"": 0.2666666666666667, ""transport"": 0.33333333333333337}","{""energy"": 1.0, ""water"": 1.0, ""transport"": 1.0}","{""energy"": 0.33333333333333326, ""water"": 0.7333333333333333, ""transport"": 0.6666666666666666}",4,0.4814634299497853,,,"[""water"", ""transport""]",1,v1.0,0.7,0.3
S1b_energy_partial,72,72,5805249418289239607,scenario=S1b_energy_partial|method=both|duration=0|theta=0.300000|delta_threshold=0.100000|A=v1.0|w=na|run_id=72|seed=5805249418289239607,False,"{""step_1_amount"": 0.004078305507360745}",5222c37788a096d3910624247b4a1e76a3afcfe0df2ea7ddd6490cebc16a26a9,0.44666666666666677,0.4548976291159495,0.00823096244928273,23,0.0,0.0,0.44666666666666677,0.4548976291159495,0,0,0.00823096244928273,"{""energy"": 0.6666666666666667, ""water"": 0.2666666666666667, ""transport"": 0.33333333333333337}","{""energy"": 0.6789516852476858, ""water"": 0.2715806740990743, ""transport"": 0.3394758426238429}","{""energy"": 0.012285018581019047, ""water"": 0.004914007432407608, ""transport"": 0.0061425092905095235}","{""energy"": 0.0, ""water"": 0.0, ""transport"": 0.0}","{""energy"": 0.0, ""water"": 0.0, ""transport"": 0.0}","{""energy"": 0.0, ""water"": 0.0, ""transport"": 0.0}",0.3,0.1,,0.44666666666666677,1.0,0.5533333333333332,1,"{""energy"": 0.6666666666666667, ""water"": 0.2666666666666667, ""transport"": 0.33333333333333337}","{""energy"": 1.0, ""water"": 1.0, ""transport"": 1.0}","{""energy"": 0.33333333333333326, ""water"": 0.7333333333333333, ""transport"": 0.6666666666666666}",4,0.4548976291159495,,,[],,v1.0,0.7,0.3
S1b_energy_partial,73,73,13683961808684507763,scenario=S1b_energy_partial|method=both|duration=0|theta=0.300000|delta_threshold=0.100000|A=v1.0|w=na|run_id=73|seed=13683961808684507763,False,"{""step_1_amount"": 0.008145807246620871}",5222c37788a096d3910624247b4a1e76a3afcfe0df2ea7ddd6490cebc16a26a9,0.44666666666666677,0.4631742064697262,0.016507539803059412,16,0.0,0.0,0.44666666666666677,0.4631742064697262,0,0,0.016507539803059412,"{""energy"": 0.6666666666666667, ""water"": 0.2666666666666667, ""transport"": 0.33333333333333337}","{""energy"": 0.6913047857757106, ""water"": 0.2765219143102843, ""transport"": 0.3456523928878553}","{""energy"": 0.0246381191090439, ""water"": 0.00985524764361756, ""transport"": 0.01231905955452195}","{""energy"": 0.0, ""water"": 0.0, ""transport"": 0.0}","{""energy"": 0.0, ""water"": 0.0, ""transport"": 0.0}","{""energy"": 0.0, ""water"": 0.0, ""transport"": 0.0}",0.3,0.1,,0.44666666666666677,1.0,0.5533333333333332,1,"{""energy"": 0.6666666666666667, ""water"": 0.2666666666666667, ""transport"": 0.33333333333333337}","{""energy"": 1.0, ""water"": 1.0, ""transport"": 1.0}","{""energy"": 0.33333333333333326, ""water"": 0.7333333333333333, ""transport"": 0.6666666666666666}",4,0.4631742064697262,,,[],,v1.0,0.7,0.3
S1b_energy_partial,74,74,14656223534524916921,scenario=S1b_energy_partial|method=both|duration=0|theta=0.300000|delta_threshold=0.100000|A=v1.0|w=na|run_id=74|seed=14656223534524916921,False,"{""step_1_amount"": 0.020161264135628184}",5222c37788a096d3910624247b4a1e76a3afcfe0df2ea7ddd6490cebc16a26a9,0.44666666666666677,0.7760104414448923,0.3293437747782255,29,0.0,1.0,0.44666666666666677,0.7760104414448923,1,1,0.3293437747782255,"{""energy"": 0.6666666666666667, ""water"": 0.2666666666666667, ""transport"": 0.33333333333333337}","{""energy"": 0.908386107970701, ""water"": 0.4113520773401148, ""transport"": 0.9641679168485912}","{""energy"": 0.24171944130403422, ""water"": 0.1446854106734481, ""transport"": 0.6308345835152578}","{""energy"": 0.0, ""water"": 0.0, ""transport"": 0.0}","{""energy"": 1.0, ""water"": 1.0, ""transport"": 1.0}","{""energy"": 1.0, ""water"": 1.0, ""transport"": 1.0}",0.3,0.1,,0.44666666666666677,1.0,0.5533333333333332,1,"{""energy"": 0.6666666666666667, ""water"": 0.2666666666666667, ""transport"": 0.33333333333333337}","{""energy"": 1.0, ""water"": 1.0, ""transport"": 1.0}","{""energy"": 0.33333333333333326, ""water"": 0.7333333333333333, ""transport"": 0.6666666666666666}",4,0.7760104414448923,,,"[""water"", ""transport""]",1,v1.0,0.7,0.3
S1b_energy_partial,75,75,3546926698147442258,scenario=S1b_energy_partial|method=both|duration=0|theta=0.300000|delta_threshold=0.100000|A=v1.0|w=na|run_id=75|seed=3546926698147442258,False,"{""step_1_amount"": 0.011294610346888029}",5222c37788a096d3910624247b4a1e76a3afcfe0df2ea7ddd6490cebc16a26a9,0.44666666666666677,0.745620027257837,0.2989533605911703,14,0.0,1.0,0.44666666666666677,0.745620027257837,1,1,0.2989533605911703,"{""energy"": 0.6666666666666667, ""water"": 0.2666666666666667, ""transport"": 0.33333333333333337}","{""energy"": 0.8734324820717346, ""water"": 0.39537163491321714, ""transport"": 0.9254518131839267}","{""energy"": 0.2067658154050679, ""water"": 0.12870496824655042, ""transport"": 0.5921184798505933}","{""energy"": 0.0, ""water"": 0.0, ""transport"": 0.0}","{""energy"": 1.0, ""water"": 1.0, ""transport"": 1.0}","{""energy"": 1.0, ""water"": 1.0, ""transport"": 1.0}",0.3,0.1,,0.44666666666666677,1.0,0.5533333333333332,1,"{""energy"": 0.6666666666666667, ""water"": 0.2666666666666667, ""transport"": 0.33333333333333337}","{""energy"": 1.0, ""water"": 1.0, ""transport"": 1.0}","{""energy"": 0.33333333333333326, ""water"": 0.7333333333333333, ""transport"": 0.6666666666666666}",4,0.745620027257837,,,"[""water"", ""transport""]",1,v1.0,0.7,0.3
S1b_energy_partial,76,76,8429066555198221049,scenario=S1b_energy_partial|method=both|duration=0|theta=0.300000|delta_threshold=0.100000|A=v1.0|w=na|run_id=76|seed=8429066555198221049,False,"{""step_1_amount"": 0.013476794145842873}",5222c37788a096d3910624247b4a1e76a3afcfe0df2ea7ddd6490cebc16a26a9,0.44666666666666677,0.754641623234134,0.3079749565674672,28,0.0,1.0,0.44666666666666677,0.754641623234134,1,1,0.3079749565674672,"{""energy"": 0.6666666666666667, ""water"": 0.2666666666666667, ""transport"": 0.33333333333333337}","{""energy"": 0.8829722076289672, ""water"": 0.3999416412229778, ""transport"": 0.9382341593855124}","{""energy"": 0.21630554096230048, ""water"": 0.1332749745563111, ""transport"": 0.604900826052179}","{""energy"": 0.0, ""water"": 0.0, ""transport"": 0.0}","{""energy"": 1.0, ""water"": 1.0, ""transport"": 1.0}","{""energy"": 1.0, ""water"": 1.0, ""transport"": 1.0}",0.3,0.1,,0.44666666666666677,1.0,0.5533333333333332,1,"{""energy"": 0.6666666666666667, ""water"": 0.2666666666666667, ""transport"": 0.33333333333333337}","{""energy"": 1.0, ""water"": 1.0, ""transport"": 1.0}","{""energy"": 0.33333333333333326, ""water"": 0.7333333333333333, ""transport"": 0.6666666666666666}",4,0.754641623234134,,,"[""water"", ""transport""]",1,v1.0,0.7,0.3
S1b_energy_partial,77,77,2539720170149015358,scenario=S1b_energy_partial|method=both|duration=0|theta=0.300000|delta_threshold=0.100000|A=v1.0|w=na|run_id=77|seed=2539720170149015358,False,"{""step_1_amount"": 0.012298328653500008}",5222c37788a096d3910624247b4a1e76a3afcfe0df2ea7ddd6490cebc16a26a9,0.44666666666666677,0.844030808112687,0.3973641414460203,17,0.0,1.0,0.44666666666666677,0.844030808112687,1,1,0.3973641414460203,"{""energy"": 0.6666666666666667, ""water"": 0.2666666666666667, ""transport"": 0.33333333333333337}","{""energy"": 0.9454847929024439, ""water"": 0.5527896365056982, ""transport"": 1.0}","{""energy"": 0.2788181262357772, ""water"": 0.2861229698390315, ""transport"": 0.6666666666666666}","{""energy"": 0.0, ""water"": 0.0, ""transport"": 0.0}","{""energy"": 1.0, ""water"": 1.0, ""transport"": 1.0}","{""energy"": 1.0, ""water"": 1.0, ""transport"": 1.0}",0.3,0.1,,0.44666666666666677,1.0,0.5533333333333332,1,"{""energy"": 0.6666666666666667, ""water"": 0.2666666666666667, ""transport"": 0.33333333333333337}","{""energy"": 1.0, ""water"": 1.0, ""transport"": 1.0}","{""energy"": 0.33333333333333326, ""water"": 0.7333333333333333, ""transport"": 0.6666666666666666}",3,0.844030808112687,,,"[""water"", ""transport""]",1,v1.0,0.7,0.3
S1b_energy_partial,78,78,5545366565740779289,scenario=S1b_energy_partial|method=both|duration=0|theta=0.300000|delta_threshold=0.100000|A=v1.0|w=na|run_id=78|seed=5545366565740779289,False,"{""step_1_amount"": 0.00828385776833376}",5222c37788a096d3910624247b4a1e76a3afcfe0df2ea7ddd6490cebc16a26a9,0.44666666666666677,0.4634563037465694,0.01678963707990261,17,0.0,0.0,0.44666666666666677,0.4634563037465694,0,0,0.01678963707990261,"{""energy"": 0.6666666666666667, ""water"": 0.2666666666666667, ""transport"": 0.33333333333333337}","{""energy"": 0.691725826487417, ""water"": 0.2766903305949668, ""transport"": 0.3458629132437085}","{""energy"": 0.025059159820750243, ""water"": 0.010023663928300064, ""transport"": 0.012529579910375122}","{""energy"": 0.0, ""water"": 0.0, ""transport"": 0.0}","{""energy"": 0.0, ""water"": 0.0, ""transport"": 0.0}","{""energy"": 0.0, ""water"": 0.0, ""transport"": 0.0}",0.3,0.1,,0.44666666666666677,1.0,0.5533333333333332,1,"{""energy"": 0.6666666666666667, ""water"": 0.2666666666666667, ""transport"": 0.33333333333333337}","{""energy"": 1.0, ""water"": 1.0, ""transport"": 1.0}","{""energy"": 0.33333333333333326, ""water"": 0.7333333333333333, ""transport"": 0.6666666666666666}",4,0.4634563037465694,,,[],,v1.0,0.7,0.3
S1b_energy_partial,79,79,1078960436878012169,scenario=S1b_energy_partial|method=both|duration=0|theta=0.300000|delta_threshold=0.100000|A=v1.0|w=na|run_id=79|seed=1078960436878012169,False,"{""step_1_amount"": 0.019601324745056246}",5222c37788a096d3910624247b4a1e76a3afcfe0df2ea7ddd6490cebc16a26a9,0.44666666666666677,0.7816050064250277,0.33493833975836096,13,0.0,1.0,0.44666666666666677,0.7816050064250277,1,1,0.33493833975836096,"{""energy"": 0.6666666666666667, ""water"": 0.2666666666666667, ""transport"": 0.33333333333333337}","{""energy"": 0.9108663034434368, ""water"": 0.4134718498699697, ""transport"": 0.9773897669555401}","{""energy"": 0.24419963677677003, ""water"": 0.146805183203303, ""transport"": 0.6440564336222068}","{""energy"": 0.0, ""water"": 0.0, ""transport"": 0.0}","{""energy"": 1.0, ""water"": 1.0, ""transport"": 1.0}","{""energy"": 1.0, ""water"": 1.0, ""transport"": 1.0}",0.3,0.1,,0.44666666666666677,1.0,0.5533333333333332,1,"{""energy"": 0.6666666666666667, ""water"": 0.2666666666666667, ""transport"": 0.33333333333333337}","{""energy"": 1.0, ""water"": 1.0, ""transport"": 1.0}","{""energy"": 0.33333333333333326, ""water"": 0.7333333333333333, ""transport"": 0.6666666666666666}",4,0.7816050064250277,,,"[""water"", ""transport""]",1,v1.0,0.7,0.3
S1b_energy_partial,80,80,1262233166009605195,scenario=S1b_energy_partial|method=both|duration=0|theta=0.300000|delta_threshold=0.100000|A=v1.0|w=na|run_id=80|seed=1262233166009605195,False,"{""step_1_amount"": 0.017464654948012755}",5222c37788a096d3910624247b4a1e76a3afcfe0df2ea7ddd6490cebc16a26a9,0.44666666666666677,0.48239459912455507,0.0357279324578883,15,0.0,1.0,0.44666666666666677,0.48239459912455507,1,0,0.0357279324578883,"{""energy"": 0.6666666666666667, ""water"": 0.2666666666666667, ""transport"": 0.33333333333333337}","{""energy"": 0.7199919389918732, ""water"": 0.2879967755967493, ""transport"": 0.3599959694959366}","{""energy"": 0.05332527232520645, ""water"": 0.02133010893008258, ""transport"": 0.026662636162603226}","{""energy"": 0.0, ""water"": 0.0, ""transport"": 0.0}","{""energy"": 1.0, ""water"": 1.0, ""transport"": 1.0}","{""energy"": 1.0, ""water"": 1.0, ""transport"": 1.0}",0.3,0.1,,0.44666666666666677,1.0,0.5533333333333332,1,"{""energy"": 0.6666666666666667, ""water"": 0.2666666666666667, ""transport"": 0.33333333333333337}","{""energy"": 1.0, ""water"": 1.0, ""transport"": 1.0}","{""energy"": 0.33333333333333326, ""water"": 0.7333333333333333, ""transport"": 0.6666666666666666}",4,0.48239459912455507,,,"[""water"", ""transport""]",1,v1.0,0.7,0.3
S1b_energy_partial,81,81,11989698830533200521,scenario=S1b_energy_partial|method=both|duration=0|theta=0.300000|delta_threshold=0.100000|A=v1.0|w=na|run_id=81|seed=11989698830533200521,False,"{""step_1_amount"": 0.026539171869948593}",5222c37788a096d3910624247b4a1e76a3afcfe0df2ea7ddd6490cebc16a26a9,0.44666666666666677,0.8087791508020026,0.3621124841353358,25,0.0,1.0,0.44666666666666677,0.8087791508020026,1,1,0.3621124841353358,"{""energy"": 0.6666666666666667, ""water"": 0.2666666666666667, ""transport"": 0.33333333333333337}","{""energy"": 0.9477592207806462, ""water"": 0.43225154163248003, ""transport"": 1.0}","{""energy"": 0.2810925541139795, ""water"": 0.1655848749658133, ""transport"": 0.6666666666666666}","{""energy"": 0.0, ""water"": 0.0, ""transport"": 0.0}","{""energy"": 1.0, ""water"": 1.0, ""transport"": 1.0}","{""energy"": 1.0, ""water"": 1.0, ""transport"": 1.0}",0.3,0.1,,0.44666666666666677,1.0,0.5533333333333332,1,"{""energy"": 0.6666666666666667, ""water"": 0.2666666666666667, ""transport"": 0.33333333333333337}","{""energy"": 1.0, ""water"": 1.0, ""transport"": 1.0}","{""energy"": 0.33333333333333326, ""water"": 0.7333333333333333, ""transport"": 0.6666666666666666}",3,0.8087791508020026,,,"[""water"", ""transport""]",1,v1.0,0.7,0.3
S1b_energy_partial,82,82,14320647143110667280,scenario=S1b_energy_partial|method=both|duration=0|theta=0.300000|delta_threshold=0.100000|A=v1.0|w=na|run_id=82|seed=14320647143110667280,False,"{""step_1_amount"": 0.012959567026072186}",5222c37788a096d3910624247b4a1e76a3afcfe0df2ea7ddd6490cebc16a26a9,0.44666666666666677,0.7863343491765034,0.3396676825098366,26,0.0,1.0,0.44666666666666677,0.7863343491765034,1,1,0.3396676825098366,"{""energy"": 0.6666666666666667, ""water"": 0.2666666666666667, ""transport"": 0.33333333333333337}","{""energy"": 0.9046980265345677, ""water"": 0.4148504618755873, ""transport"": 1.0}","{""energy"": 0.23803135986790092, ""water"": 0.14818379520892055, ""transport"": 0.6666666666666666}","{""energy"": 0.0, ""water"": 0.0, ""transport"": 0.0}","{""energy"": 1.0, ""water"": 1.0, ""transport"": 1.0}","{""energy"": 1.0, ""water"": 1.0, ""transport"": 1.0}",0.3,0.1,,0.44666666666666677,1.0,0.5533333333333332,1,"{""energy"": 0.6666666666666667, ""water"": 0.2666666666666667, ""transport"": 0.33333333333333337}","{""energy"": 1.0, ""water"": 1.0, ""transport"": 1.0}","{""energy"": 0.33333333333333326, ""water"": 0.7333333333333333, ""transport"": 0.6666666666666666}",4,0.7863343491765034,,,"[""water"", ""transport""]",1,v1.0,0.7,0.3
S1b_energy_partial,83,83,16293478476706275012,scenario=S1b_energy_partial|method=both|duration=0|theta=0.300000|delta_threshold=0.100000|A=v1.0|w=na|run_id=83|seed=16293478476706275012,False,"{""step_1_amount"": 0.01306005785038825}",5222c37788a096d3910624247b4a1e76a3afcfe0df2ea7ddd6490cebc16a26a9,0.44666666666666677,0.8058786081897462,0.35921194152307945,20,0.0,1.0,0.44666666666666677,0.8058786081897462,1,1,0.35921194152307945,"{""energy"": 0.6666666666666667, ""water"": 0.2666666666666667, ""transport"": 0.33333333333333337}","{""energy"": 0.9282937378408402, ""water"": 0.4485370435113672, ""transport"": 1.0}","{""energy"": 0.2616270711741735, ""water"": 0.18187037684470048, ""transport"": 0.6666666666666666}","{""energy"": 0.0, ""water"": 0.0, ""transport"": 0.0}","{""energy"": 1.0, ""water"": 1.0, ""transport"": 1.0}","{""energy"": 1.0, ""water"": 1.0, ""transport"": 1.0}",0.3,0.1,,0.44666666666666677,1.0,0.5533333333333332,1,"{""energy"": 0.6666666666666667, ""water"": 0.2666666666666667, ""transport"": 0.33333333333333337}","{""energy"": 1.0, ""water"": 1.0, ""transport"": 1.0}","{""energy"": 0.33333333333333326, ""water"": 0.7333333333333333, ""transport"": 0.6666666666666666}",3,0.8058786081897462,,,"[""water"", ""transport""]",1,v1.0,0.7,0.3
S1b_energy_partial,84,84,11446363096013960991,scenario=S1b_energy_partial|method=both|duration=0|theta=0.300000|delta_threshold=0.100000|A=v1.0|w=na|run_id=84|seed=11446363096013960991,False,"{""step_1_amount"": 0.028257613694006325}",5222c37788a096d3910624247b4a1e76a3afcfe0df2ea7ddd6490cebc16a26a9,0.44666666666666677,0.5051161120395966,0.05844944537292984,12,0.0,1.0,0.44666666666666677,0.5051161120395966,1,0,0.05844944537292984,"{""energy"": 0.6666666666666667, ""water"": 0.2666666666666667, ""transport"": 0.33333333333333337}","{""energy"": 0.7539046448352189, ""water"": 0.3015618579340876, ""transport"": 0.37695232241760945}","{""energy"": 0.08723797816855217, ""water"": 0.034895191267420855, ""transport"": 0.04361898908427608}","{""energy"": 0.0, ""water"": 0.0, ""transport"": 0.0}","{""energy"": 1.0, ""water"": 1.0, ""transport"": 1.0}","{""energy"": 1.0, ""water"": 1.0, ""transport"": 1.0}",0.3,0.1,,0.44666666666666677,1.0,0.5533333333333332,1,"{""energy"": 0.6666666666666667, ""water"": 0.2666666666666667, ""transport"": 0.33333333333333337}","{""energy"": 1.0, ""water"": 1.0, ""transport"": 1.0}","{""energy"": 0.33333333333333326, ""water"": 0.7333333333333333, ""transport"": 0.6666666666666666}",4,0.5051161120395966,,,"[""water"", ""transport""]",1,v1.0,0.7,0.3
S1b_energy_partial,85,85,9438961973470872913,scenario=S1b_energy_partial|method=both|duration=0|theta=0.300000|delta_threshold=0.100000|A=v1.0|w=na|run_id=85|seed=9438961973470872913,False,"{""step_1_amount"": 0.01553561331856715}",5222c37788a096d3910624247b4a1e76a3afcfe0df2ea7ddd6490cebc16a26a9,0.44666666666666677,0.4783860291878269,0.031719362521160144,21,0.0,1.0,0.44666666666666677,0.4783860291878269,1,0,0.031719362521160144,"{""energy"": 0.6666666666666667, ""water"": 0.2666666666666667, ""transport"": 0.33333333333333337}","{""energy"": 0.7140089987878013, ""water"": 0.28560359951512054, ""transport"": 0.35700449939390067}","{""energy"": 0.04734233212113459, ""water"": 0.018936932848453825, ""transport"": 0.023671166060567295}","{""energy"": 0.0, ""water"": 0.0, ""transport"": 0.0}","{""energy"": 1.0, ""water"": 1.0, ""transport"": 1.0}","{""energy"": 1.0, ""water"": 1.0, ""transport"": 1.0}",0.3,0.1,,0.44666666666666677,1.0,0.5533333333333332,1,"{""energy"": 0.6666666666666667, ""water"": 0.2666666666666667, ""transport"": 0.33333333333333337}","{""energy"": 1.0, ""water"": 1.0, ""transport"": 1.0}","{""energy"": 0.33333333333333326, ""water"": 0.7333333333333333, ""transport"": 0.6666666666666666}",4,0.4783860291878269,,,"[""water"", ""transport""]",1,v1.0,0.7,0.3
S1b_energy_partial,86,86,955691986962341848,scenario=S1b_energy_partial|method=both|duration=0|theta=0.300000|delta_threshold=0.100000|A=v1.0|w=na|run_id=86|seed=955691986962341848,False,"{""step_1_amount"": 0.013248107580374915}",5222c37788a096d3910624247b4a1e76a3afcfe0df2ea7ddd6490cebc16a26a9,0.44666666666666677,0.5033995415310906,0.0567328748644238,18,0.0,1.0,0.44666666666666677,0.5033995415310906,1,0,0.0567328748644238,"{""energy"": 0.6666666666666667, ""water"": 0.2666666666666667, ""transport"": 0.33333333333333337}","{""energy"": 0.7196027499503245, ""water"": 0.3460686093230564, ""transport"": 0.37245952918014624}","{""energy"": 0.05293608328365773, ""water"": 0.07940194265638967, ""transport"": 0.03912619584681287}","{""energy"": 0.0, ""water"": 0.0, ""transport"": 0.0}","{""energy"": 1.0, ""water"": 1.0, ""transport"": 1.0}","{""energy"": 1.0, ""water"": 1.0, ""transport"": 1.0}",0.3,0.1,,0.44666666666666677,1.0,0.5533333333333332,1,"{""energy"": 0.6666666666666667, ""water"": 0.2666666666666667, ""transport"": 0.33333333333333337}","{""energy"": 1.0, ""water"": 1.0, ""transport"": 1.0}","{""energy"": 0.33333333333333326, ""water"": 0.7333333333333333, ""transport"": 0.6666666666666666}",4,0.5033995415310906,,,"[""water"", ""transport""]",1,v1.0,0.7,0.3
S1b_energy_partial,87,87,6874023674474912533,scenario=S1b_energy_partial|method=both|duration=0|theta=0.300000|delta_threshold=0.100000|A=v1.0|w=na|run_id=87|seed=6874023674474912533,False,"{""step_1_amount"": 0.008799055052001714}",5222c37788a096d3910624247b4a1e76a3afcfe0df2ea7ddd6490cebc16a26a9,0.44666666666666677,0.46450976976767433,0.017843103101007562,5,0.0,0.0,0.44666666666666677,0.46450976976767433,0,0,0.017843103101007562,"{""energy"": 0.6666666666666667, ""water"": 0.2666666666666667, ""transport"": 0.33333333333333337}","{""energy"": 0.6932981638323498, ""water"": 0.2773192655329399, ""transport"": 0.3466490819161749}","{""energy"": 0.026631497165683027, ""water"": 0.010652598866273177, ""transport"": 0.013315748582841513}","{""energy"": 0.0, ""water"": 0.0, ""transport"": 0.0}","{""energy"": 0.0, ""water"": 0.0, ""transport"": 0.0}","{""energy"": 0.0, ""water"": 0.0, ""transport"": 0.0}",0.3,0.1,,0.44666666666666677,1.0,0.5533333333333332,1,"{""energy"": 0.6666666666666667, ""water"": 0.2666666666666667, ""transport"": 0.33333333333333337}","{""energy"": 1.0, ""water"": 1.0, ""transport"": 1.0}","{""energy"": 0.33333333333333326, ""water"": 0.7333333333333333, ""transport"": 0.6666666666666666}",4,0.46450976976767433,,,[],,v1.0,0.7,0.3
S1b_energy_partial,88,88,11291324776040176791,scenario=S1b_energy_partial|method=both|duration=0|theta=0.300000|delta_threshold=0.100000|A=v1.0|w=na|run_id=88|seed=11291324776040176791,False,"{""step_1_amount"": 0.018411315598639573}",5222c37788a096d3910624247b4a1e76a3afcfe0df2ea7ddd6490cebc16a26a9,0.44666666666666677,0.4843675335789974,0.037700866912330655,19,0.0,1.0,0.44666666666666677,0.4843675335789974,1,0,0.037700866912330655,"{""energy"": 0.6666666666666667, ""water"": 0.2666666666666667, ""transport"": 0.33333333333333337}","{""energy"": 0.7229366172820857, ""water"": 0.2891746469128343, ""transport"": 0.36146830864104285}","{""energy"": 0.05626995061541895, ""water"": 0.02250798024616757, ""transport"": 0.028134975307709476}","{""energy"": 0.0, ""water"": 0.0, ""transport"": 0.0}","{""energy"": 1.0, ""water"": 1.0, ""transport"": 1.0}","{""energy"": 1.0, ""water"": 1.0, ""transport"": 1.0}",0.3,0.1,,0.44666666666666677,1.0,0.5533333333333332,1,"{""energy"": 0.6666666666666667, ""water"": 0.2666666666666667, ""transport"": 0.33333333333333337}","{""energy"": 1.0, ""water"": 1.0, ""transport"": 1.0}","{""energy"": 0.33333333333333326, ""water"": 0.7333333333333333, ""transport"": 0.6666666666666666}",4,0.4843675335789974,,,"[""water"", ""transport""]",1,v1.0,0.7,0.3
S1b_energy_partial,89,89,11241575738065213728,scenario=S1b_energy_partial|method=both|duration=0|theta=0.300000|delta_threshold=0.100000|A=v1.0|w=na|run_id=89|seed=11241575738065213728,False,"{""step_1_amount"": 0.009530908185767982}",5222c37788a096d3910624247b4a1e76a3afcfe0df2ea7ddd6490cebc16a26a9,0.44666666666666677,0.7852640044753405,0.33859733780867374,26,0.0,0.0,0.44666666666666677,0.7852640044753405,0,1,0.33859733780867374,"{""energy"": 0.6666666666666667, ""water"": 0.2666666666666667, ""transport"": 0.33333333333333337}","{""energy"": 0.9015112778804204, ""water"": 0.4155316444105745, ""transport"": 1.0}","{""energy"": 0.23484461121375366, ""water"": 0.14886497774390778, ""transport"": 0.6666666666666666}","{""energy"": 0.0, ""water"": 0.0, ""transport"": 0.0}","{""energy"": 0.0, ""water"": 0.0, ""transport"": 0.0}","{""energy"": 0.0, ""water"": 0.0, ""transport"": 0.0}",0.3,0.1,,0.44666666666666677,1.0,0.5533333333333332,1,"{""energy"": 0.6666666666666667, ""water"": 0.2666666666666667, ""transport"": 0.33333333333333337}","{""energy"": 1.0, ""water"": 1.0, ""transport"": 1.0}","{""energy"": 0.33333333333333326, ""water"": 0.7333333333333333, ""transport"": 0.6666666666666666}",4,0.7852640044753405,,,[],,v1.0,0.7,0.3
S1b_energy_partial,90,90,931270576490677168,scenario=S1b_energy_partial|method=both|duration=0|theta=0.300000|delta_threshold=0.100000|A=v1.0|w=na|run_id=90|seed=931270576490677168,False,"{""step_1_amount"": 0.025922617262027405}",5222c37788a096d3910624247b4a1e76a3afcfe0df2ea7ddd6490cebc16a26a9,0.44666666666666677,0.8088056466133364,0.36213897994666966,25,0.0,1.0,0.44666666666666677,0.8088056466133364,1,1,0.36213897994666966,"{""energy"": 0.6666666666666667, ""water"": 0.2666666666666667, ""transport"": 0.33333333333333337}","{""energy"": 0.9475432928948, ""water"": 0.43262776485138765, ""transport"": 1.0}","{""energy"": 0.28087662622813325, ""water"": 0.16596109818472093, ""transport"": 0.6666666666666666}","{""energy"": 0.0, ""water"": 0.0, ""transport"": 0.0}","{""energy"": 1.0, ""water"": 1.0, ""transport"": 1.0}","{""energy"": 1.0, ""water"": 1.0, ""transport"": 1.0}",0.3,0.1,,0.44666666666666677,1.0,0.5533333333333332,1,"{""energy"": 0.6666666666666667, ""water"": 0.2666666666666667, ""transport"": 0.33333333333333337}","{""energy"": 1.0, ""water"": 1.0, ""transport"": 1.0}","{""energy"": 0.33333333333333326, ""water"": 0.7333333333333333, ""transport"": 0.6666666666666666}",3,0.8088056466133364,,,"[""water"", ""transport""]",1,v1.0,0.7,0.3
S1b_energy_partial,91,91,12578688961188707646,scenario=S1b_energy_partial|method=both|duration=0|theta=0.300000|delta_threshold=0.100000|A=v1.0|w=na|run_id=91|seed=12578688961188707646,False,"{""step_1_amount"": 0.025336196881748475}",5222c37788a096d3910624247b4a1e76a3afcfe0df2ea7ddd6490cebc16a26a9,0.44666666666666677,0.7853721001744265,0.3387054335077597,20,0.0,1.0,0.44666666666666677,0.7853721001744265,1,1,0.3387054335077597,"{""energy"": 0.6666666666666667, ""water"": 0.2666666666666667, ""transport"": 0.33333333333333337}","{""energy"": 0.9236860062951404, ""water"": 0.41721704795366404, ""transport"": 0.9691086109009037}","{""energy"": 0.2570193396284737, ""water"": 0.15055038128699733, ""transport"": 0.6357752775675704}","{""energy"": 0.0, ""water"": 0.0, ""transport"": 0.0}","{""energy"": 1.0, ""water"": 1.0, ""transport"": 1.0}","{""energy"": 1.0, ""water"": 1.0, ""transport"": 1.0}",0.3,0.1,,0.44666666666666677,1.0,0.5533333333333332,1,"{""energy"": 0.6666666666666667, ""water"": 0.2666666666666667, ""transport"": 0.33333333333333337}","{""energy"": 1.0, ""water"": 1.0, ""transport"": 1.0}","{""energy"": 0.33333333333333326, ""water"": 0.7333333333333333, ""transport"": 0.6666666666666666}",4,0.7853721001744265,,,"[""water"", ""transport""]",1,v1.0,0.7,0.3
S1b_energy_partial,92,92,14339944115507770640,scenario=S1b_energy_partial|method=both|duration=0|theta=0.300000|delta_threshold=0.100000|A=v1.0|w=na|run_id=92|seed=14339944115507770640,False,"{""step_1_amount"": 0.011987064167897597}",5222c37788a096d3910624247b4a1e76a3afcfe0df2ea7ddd6490cebc16a26a9,0.44666666666666677,0.5220427779115722,0.0753761112449054,6,0.0,1.0,0.44666666666666677,0.5220427779115722,1,1,0.0753761112449054,"{""energy"": 0.6666666666666667, ""water"": 0.2666666666666667, ""transport"": 0.33333333333333337}","{""energy"": 0.7247619420214259, ""water"": 0.38971458221523536, ""transport"": 0.3840787547947705}","{""energy"": 0.05809527535475911, ""water"": 0.12304791554856864, ""transport"": 0.050745421461437124}","{""energy"": 0.0, ""water"": 0.0, ""transport"": 0.0}","{""energy"": 1.0, ""water"": 1.0, ""transport"": 1.0}","{""energy"": 1.0, ""water"": 1.0, ""transport"": 1.0}",0.3,0.1,,0.44666666666666677,1.0,0.5533333333333332,1,"{""energy"": 0.6666666666666667, ""water"": 0.2666666666666667, ""transport"": 0.33333333333333337}","{""energy"": 1.0, ""water"": 1.0, ""transport"": 1.0}","{""energy"": 0.33333333333333326, ""water"": 0.7333333333333333, ""transport"": 0.6666666666666666}",4,0.5220427779115722,,,"[""water"", ""transport""]",1,v1.0,0.7,0.3
S1b_energy_partial,93,93,13996456400847584459,scenario=S1b_energy_partial|method=both|duration=0|theta=0.300000|delta_threshold=0.100000|A=v1.0|w=na|run_id=93|seed=13996456400847584459,False,"{""step_1_amount"": 0.014255128835948502}",5222c37788a096d3910624247b4a1e76a3afcfe0df2ea7ddd6490cebc16a26a9,0.44666666666666677,0.4757338318109509,0.029067165144284146,17,0.0,1.0,0.44666666666666677,0.4757338318109509,1,0,0.029067165144284146,"{""energy"": 0.6666666666666667, ""water"": 0.2666666666666667, ""transport"": 0.33333333333333337}","{""energy"": 0.7100504952402252, ""water"": 0.2840201980960901, ""transport"": 0.3550252476201126}","{""energy"": 0.04338382857355849, ""water"": 0.017353531429423363, ""transport"": 0.021691914286779246}","{""energy"": 0.0, ""water"": 0.0, ""transport"": 0.0}","{""energy"": 1.0, ""water"": 1.0, ""transport"": 1.0}","{""energy"": 1.0, ""water"": 1.0, ""transport"": 1.0}",0.3,0.1,,0.44666666666666677,1.0,0.5533333333333332,1,"{""energy"": 0.6666666666666667, ""water"": 0.2666666666666667, ""transport"": 0.33333333333333337}","{""energy"": 1.0, ""water"": 1.0, ""transport"": 1.0}","{""energy"": 0.33333333333333326, ""water"": 0.7333333333333333, ""transport"": 0.6666666666666666}",4,0.4757338318109509,,,"[""water"", ""transport""]",1,v1.0,0.7,0.3
S1b_energy_partial,94,94,7337734993495760905,scenario=S1b_energy_partial|method=both|duration=0|theta=0.300000|delta_threshold=0.100000|A=v1.0|w=na|run_id=94|seed=7337734993495760905,False,"{""step_1_amount"": 0.021179401655007174}",5222c37788a096d3910624247b4a1e76a3afcfe0df2ea7ddd6490cebc16a26a9,0.44666666666666677,0.490158392728157,0.04349172606149021,27,0.0,1.0,0.44666666666666677,0.490158392728157,1,0,0.04349172606149021,"{""energy"": 0.6666666666666667, ""water"": 0.2666666666666667, ""transport"": 0.33333333333333337}","{""energy"": 0.7315796906390403, ""water"": 0.2926318762556161, ""transport"": 0.36578984531952013}","{""energy"": 0.06491302397237353, ""water"": 0.02596520958894938, ""transport"": 0.032456511986186765}","{""energy"": 0.0, ""water"": 0.0, ""transport"": 0.0}","{""energy"": 1.0, ""water"": 1.0, ""transport"": 1.0}","{""energy"": 1.0, ""water"": 1.0, ""transport"": 1.0}",0.3,0.1,,0.44666666666666677,1.0,0.5533333333333332,1,"{""energy"": 0.6666666666666667, ""water"": 0.2666666666666667, ""transport"": 0.33333333333333337}","{""energy"": 1.0, ""water"": 1.0, ""transport"": 1.0}","{""energy"": 0.33333333333333326, ""water"": 0.7333333333333333, ""transport"": 0.6666666666666666}",4,0.490158392728157,,,"[""water"", ""transport""]",1,v1.0,0.7,0.3
S1b_energy_partial,95,95,17257167588679608247,scenario=S1b_energy_partial|method=both|duration=0|theta=0.300000|delta_threshold=0.100000|A=v1.0|w=na|run_id=95|seed=17257167588679608247,False,"{""step_1_amount"": 0.017277579883007082}",5222c37788a096d3910624247b4a1e76a3afcfe0df2ea7ddd6490cebc16a26a9,0.44666666666666677,0.7763971411263406,0.32973047445967385,18,0.0,1.0,0.44666666666666677,0.7763971411263406,1,1,0.32973047445967385,"{""energy"": 0.6666666666666667, ""water"": 0.2666666666666667, ""transport"": 0.33333333333333337}","{""energy"": 0.9034056799557716, ""water"": 0.4104276011739857, ""transport"": 0.9730219626394545}","{""energy"": 0.23673901328910485, ""water"": 0.14376093450731897, ""transport"": 0.6396886293061211}","{""energy"": 0.0, ""water"": 0.0, ""transport"": 0.0}","{""energy"": 1.0, ""water"": 1.0, ""transport"": 1.0}","{""energy"": 1.0, ""water"": 1.0, ""transport"": 1.0}",0.3,0.1,,0.44666666666666677,1.0,0.5533333333333332,1,"{""energy"": 0.6666666666666667, ""water"": 0.2666666666666667, ""transport"": 0.33333333333333337}","{""energy"": 1.0, ""water"": 1.0, ""transport"": 1.0}","{""energy"": 0.33333333333333326, ""water"": 0.7333333333333333, ""transport"": 0.6666666666666666}",4,0.7763971411263406,,,"[""water"", ""transport""]",1,v1.0,0.7,0.3
S1b_energy_partial,96,96,16679297527833590357,scenario=S1b_energy_partial|method=both|duration=0|theta=0.300000|delta_threshold=0.100000|A=v1.0|w=na|run_id=96|seed=16679297527833590357,False,"{""step_1_amount"": 0.009800835538402958}",5222c37788a096d3910624247b4a1e76a3afcfe0df2ea7ddd6490cebc16a26a9,0.44666666666666677,0.5959646123495279,0.14929794568286114,16,0.0,0.0,0.44666666666666677,0.5959646123495279,0,1,0.14929794568286114,"{""energy"": 0.6666666666666667, ""water"": 0.2666666666666667, ""transport"": 0.33333333333333337}","{""energy"": 0.771854668358237, ""water"": 0.3786326657539161, ""transport"": 0.5787764842668608}","{""energy"": 0.10518800169157028, ""water"": 0.11196599908724936, ""transport"": 0.24544315093352742}","{""energy"": 0.0, ""water"": 0.0, ""transport"": 0.0}","{""energy"": 0.0, ""water"": 0.0, ""transport"": 0.0}","{""energy"": 0.0, ""water"": 0.0, ""transport"": 0.0}",0.3,0.1,,0.44666666666666677,1.0,0.5533333333333332,1,"{""energy"": 0.6666666666666667, ""water"": 0.2666666666666667, ""transport"": 0.33333333333333337}","{""energy"": 1.0, ""water"": 1.0, ""transport"": 1.0}","{""energy"": 0.33333333333333326, ""water"": 0.7333333333333333, ""transport"": 0.6666666666666666}",4,0.5959646123495279,,,[],,v1.0,0.7,0.3
S1b_energy_partial,97,97,4259024432745342829,scenario=S1b_energy_partial|method=both|duration=0|theta=0.300000|delta_threshold=0.100000|A=v1.0|w=na|run_id=97|seed=4259024432745342829,False,"{""step_1_amount"": 0.010933995227700716}",5222c37788a096d3910624247b4a1e76a3afcfe0df2ea7ddd6490cebc16a26a9,0.44666666666666677,0.7985992047733844,0.35193253810671765,6,0.0,0.0,0.44666666666666677,0.7985992047733844,0,1,0.35193253810671765,"{""energy"": 0.6666666666666667, ""water"": 0.2666666666666667, ""transport"": 0.33333333333333337}","{""energy"": 0.8963959297325658, ""water"": 0.49884869180859726, ""transport"": 0.9679540844592631}","{""energy"": 0.22972926306589903, ""water"": 0.23218202514193054, ""transport"": 0.6346207511259297}","{""energy"": 0.0, ""water"": 0.0, ""transport"": 0.0}","{""energy"": 0.0, ""water"": 0.0, ""transport"": 0.0}","{""energy"": 0.0, ""water"": 0.0, ""transport"": 0.0}",0.3,0.1,,0.44666666666666677,1.0,0.5533333333333332,1,"{""energy"": 0.6666666666666667, ""water"": 0.2666666666666667, ""transport"": 0.33333333333333337}","{""energy"": 1.0, ""water"": 1.0, ""transport"": 1.0}","{""energy"": 0.33333333333333326, ""water"": 0.7333333333333333, ""transport"": 0.6666666666666666}",3,0.7985992047733844,,,[],,v1.0,0.7,0.3
S1b_energy_partial,98,98,1319463704516134831,scenario=S1b_energy_partial|method=both|duration=0|theta=0.300000|delta_threshold=0.100000|A=v1.0|w=na|run_id=98|seed=1319463704516134831,False,"{""step_1_amount"": 0.013603630325477265}",5222c37788a096d3910624247b4a1e76a3afcfe0df2ea7ddd6490cebc16a26a9,0.44666666666666677,0.646275759122515,0.19960909245584824,6,0.0,1.0,0.44666666666666677,0.646275759122515,1,1,0.19960909245584824,"{""energy"": 0.6666666666666667, ""water"": 0.2666666666666667, ""transport"": 0.33333333333333337}","{""energy"": 0.8059761883172304, ""water"": 0.43627934256328726, ""transport"": 0.6433382700887886}","{""energy"": 0.13930952165056365, ""water"": 0.16961267589662055, ""transport"": 0.31000493675545526}","{""energy"": 0.0, ""water"": 0.0, ""transport"": 0.0}","{""energy"": 1.0, ""water"": 1.0, ""transport"": 1.0}","{""energy"": 1.0, ""water"": 1.0, ""transport"": 1.0}",0.3,0.1,,0.44666666666666677,1.0,0.5533333333333332,1,"{""energy"": 0.6666666666666667, ""water"": 0.2666666666666667, ""transport"": 0.33333333333333337}","{""energy"": 1.0, ""water"": 1.0, ""transport"": 1.0}","{""energy"": 0.33333333333333326, ""water"": 0.7333333333333333, ""transport"": 0.6666666666666666}",4,0.646275759122515,,,"[""water"", ""transport""]",1,v1.0,0.7,0.3
S1b_energy_partial,99,99,10890083190835821113,scenario=S1b_energy_partial|method=both|duration=0|theta=0.300000|delta_threshold=0.100000|A=v1.0|w=na|run_id=99|seed=10890083190835821113,False,"{""step_1_amount"": 0.011473334781621308}",5222c37788a096d3910624247b4a1e76a3afcfe0df2ea7ddd6490cebc16a26a9,0.44666666666666677,0.49817051934824275,0.05150385268157598,6,0.0,1.0,0.44666666666666677,0.49817051934824275,1,0,0.05150385268157598,"{""energy"": 0.6666666666666667, ""water"": 0.2666666666666667, ""transport"": 0.33333333333333337}","{""energy"": 0.7134754381111396, ""water"": 0.34054082330599417, ""transport"": 0.3687269903732955}","{""energy"": 0.04680877144447282, ""water"": 0.07387415663932745, ""transport"": 0.03539365703996211}","{""energy"": 0.0, ""water"": 0.0, ""transport"": 0.0}","{""energy"": 1.0, ""water"": 1.0, ""transport"": 1.0}","{""energy"": 1.0, ""water"": 1.0, ""transport"": 1.0}",0.3,0.1,,0.44666666666666677,1.0,0.5533333333333332,1,"{""energy"": 0.6666666666666667, ""water"": 0.2666666666666667, ""transport"": 0.33333333333333337}","{""energy"": 1.0, ""water"": 1.0, ""transport"": 1.0}","{""energy"": 0.33333333333333326, ""water"": 0.7333333333333333, ""transport"": 0.6666666666666666}",4,0.49817051934824275,,,"[""water"", ""transport""]",1,v1.0,0.7,0.3
S1b_energy_partial,100,100,11085353571525043434,scenario=S1b_energy_partial|method=both|duration=0|theta=0.300000|delta_threshold=0.100000|A=v1.0|w=na|run_id=100|seed=11085353571525043434,False,"{""step_1_amount"": 0.017272293087805715}",5222c37788a096d3910624247b4a1e76a3afcfe0df2ea7ddd6490cebc16a26a9,0.44666666666666677,0.8010458280372983,0.3543791613706315,28,0.0,1.0,0.44666666666666677,0.8010458280372983,1,1,0.3543791613706315,"{""energy"": 0.6666666666666667, ""water"": 0.2666666666666667, ""transport"": 0.33333333333333337}","{""energy"": 0.9309956164079599, ""water"": 0.4288252715803813, ""transport"": 1.0}","{""energy"": 0.2643289497412932, ""water"": 0.1621586049137146, ""transport"": 0.6666666666666666}","{""energy"": 0.0, ""water"": 0.0, ""transport"": 0.0}","{""energy"": 1.0, ""water"": 1.0, ""transport"": 1.0}","{""energy"": 1.0, ""water"": 1.0, ""transport"": 1.0}",0.3,0.1,,0.44666666666666677,1.0,0.5533333333333332,1,"{""energy"": 0.6666666666666667, ""water"": 0.2666666666666667, ""transport"": 0.33333333333333337}","{""energy"": 1.0, ""water"": 1.0, ""transport"": 1.0}","{""energy"": 0.33333333333333326, ""water"": 0.7333333333333333, ""transport"": 0.6666666666666666}",3,0.8010458280372983,,,"[""water"", ""transport""]",1,v1.0,0.7,0.3
