scenario_id,run_id,run,seed,cache_key,cache_hit,randomized_params,x0_hash,before,after,delta,duration,method_cl_total_before,method_cl_total_after,method_q_total_before,method_q_total_after,I_cl,I_q,delta_R,before_vec_q,after_vec_q,delta_vec_q,before_vec_cl,after_vec_cl,delta_vec_cl,theta_classical,delta_sector_threshold,theta_node,method_qi_total_before,method_qi_total_after,delta_qi,I_qi,before_vec_qi,after_vec_qi,delta_vec_qi,convergence_steps,peak_after_q,final_after_recovery_q,recovery_trajectory_q,cl_activated_sectors,cl_first_activation_step,matrix_version,theta_bin,theta_cascade
S3_transport_load,1,1,8890827646628305625,scenario=S3_transport_load|method=both|duration=0|theta=0.300000|delta_threshold=0.100000|A=v2.0|w=na|run_id=1|seed=8890827646628305625,False,"{""step_1_amount"": 0.16448926468715752}",033832c9a51598bd69064fc3910037f6fde292830c04f0066e6d9779dc60f4ca,0.38314666666666675,0.5234620201569381,0.14031535349027136,21,0.0,0.0,0.38314666666666675,0.5234620201569381,0,0,0.14031535349027136,"{""energy"": 0.6666666666666667, ""water"": 0.05493333333333334, ""transport"": 0.33333333333333337}","{""energy"": 0.7195210551986024, ""water"": 0.06268427166631432, ""transport"": 0.7228277219253427}","{""energy"": 0.05285438853193569, ""water"": 0.007750938332980982, ""transport"": 0.38949438859200936}","{""energy"": 0.0, ""water"": 0.0, ""transport"": 0.0}","{""energy"": 0.0, ""water"": 0.0, ""transport"": 0.0}","{""energy"": 0.0, ""water"": 0.0, ""transport"": 0.0}",0.3,0.1,,0.38314666666666675,1.0,0.6168533333333333,1,"{""energy"": 0.6666666666666667, ""water"": 0.05493333333333334, ""transport"": 0.33333333333333337}","{""energy"": 1.0, ""water"": 1.0, ""transport"": 1.0}","{""energy"": 0.33333333333333326, ""water"": 0.9450666666666666, ""transport"": 0.6666666666666666}",12,0.5234620201569381,,,[],,v2.0,0.7,0.3
S3_transport_load,2,2,15064064706037321761,scenario=S3_transport_load|method=both|duration=0|theta=0.300000|delta_threshold=0.100000|A=v2.0|w=na|run_id=2|seed=15064064706037321761,False,"{""step_1_amount"": 0.4069245996807116}",033832c9a51598bd69064fc3910037f6fde292830c04f0066e6d9779dc60f4ca,0.38314666666666675,0.6256228078233306,0.24247614115666383,21,0.0,1.0,0.38314666666666675,0.6256228078233306,1,0,0.24247614115666383,"{""energy"": 0.6666666666666667, ""water"": 0.05493333333333334, ""transport"": 0.33333333333333337}","{""energy"": 0.7623349215207627, ""water"": 0.06896279738341815, ""transport"": 1.0}","{""energy"": 0.09566825485409591, ""water"": 0.01402946405008481, ""transport"": 0.6666666666666666}","{""energy"": 0.0, ""water"": 0.0, ""transport"": 0.0}","{""energy"": 1.0, ""water"": 1.0, ""transport"": 1.0}","{""energy"": 1.0, ""water"": 1.0, ""transport"": 1.0}",0.3,0.1,,0.38314666666666675,1.0,0.6168533333333333,1,"{""energy"": 0.6666666666666667, ""water"": 0.05493333333333334, ""transport"": 0.33333333333333337}","{""energy"": 1.0, ""water"": 1.0, ""transport"": 1.0}","{""energy"": 0.33333333333333326, ""water"": 0.9450666666666666, ""transport"": 0.6666666666666666}",12,0.6256228078233306,,,"[""energy"", ""water""]",1,v2.0,0.7,0.3
S3_transport_load,3,3,5736000442184912993,scenario=S3_transport_load|method=both|duration=0|theta=0.300000|delta_threshold=0.100000|A=v2.0|w=na|run_id=3|seed=5736000442184912993,False,"{""step_1_amount"": 0.6397562889089384}",033832c9a51598bd69064fc3910037f6fde292830c04f0066e6d9779dc60f4ca,0.38314666666666675,0.6345571366829954,0.25141047001632866,8,0.0,1.0,0.38314666666666675,0.6345571366829954,1,1,0.25141047001632866,"{""energy"": 0.6666666666666667, ""water"": 0.05493333333333334, ""transport"": 0.33333333333333337}","{""energy"": 0.7824575510021988, ""water"": 0.07191372094038631, ""transport"": 1.0}","{""energy"": 0.11579088433553208, ""water"": 0.01698038760705297, ""transport"": 0.6666666666666666}","{""energy"": 0.0, ""water"": 0.0, ""transport"": 0.0}","{""energy"": 1.0, ""water"": 1.0, ""transport"": 1.0}","{""energy"": 1.0, ""water"": 1.0, ""transport"": 1.0}",0.3,0.1,,0.38314666666666675,1.0,0.6168533333333333,1,"{""energy"": 0.6666666666666667, ""water"": 0.05493333333333334, ""transport"": 0.33333333333333337}","{""energy"": 1.0, ""water"": 1.0, ""transport"": 1.0}","{""energy"": 0.33333333333333326, ""water"": 0.9450666666666666, ""transport"": 0.6666666666666666}",12,0.6345571366829954,,,"[""energy"", ""water""]",1,v2.0,0.7,0.3
S3_transport_load,4,4,7352399632207347592,scenario=S3_transport_load|method=both|duration=0|theta=0.300000|delta_threshold=0.100000|A=v2.0|w=na|run_id=4|seed=7352399632207347592,False,"{""step_1_amount"": 0.3016806379667568}",033832c9a51598bd69064fc3910037f6fde292830c04f0066e6d9779dc60f4ca,0.38314666666666675,0.597666560781164,0.21451989411449723,17,0.0,0.0,0.38314666666666675,0.597666560781164,0,0,0.21451989411449723,"{""energy"": 0.6666666666666667, ""water"": 0.05493333333333334, ""transport"": 0.33333333333333337}","{""energy"": 0.7474726337210381, ""water"": 0.06678328723445338, ""transport"": 0.9288084037413759}","{""energy"": 0.08080596705437137, ""water"": 0.011849953901120043, ""transport"": 0.5954750704080425}","{""energy"": 0.0, ""water"": 0.0, ""transport"": 0.0}","{""energy"": 0.0, ""water"": 0.0, ""transport"": 0.0}","{""energy"": 0.0, ""water"": 0.0, ""transport"": 0.0}",0.3,0.1,,0.38314666666666675,1.0,0.6168533333333333,1,"{""energy"": 0.6666666666666667, ""water"": 0.05493333333333334, ""transport"": 0.33333333333333337}","{""energy"": 1.0, ""water"": 1.0, ""transport"": 1.0}","{""energy"": 0.33333333333333326, ""water"": 0.9450666666666666, ""transport"": 0.6666666666666666}",12,0.597666560781164,,,[],,v2.0,0.7,0.3
S3_transport_load,5,5,16687246383841892249,scenario=S3_transport_load|method=both|duration=0|theta=0.300000|delta_threshold=0.100000|A=v2.0|w=na|run_id=5|seed=16687246383841892249,False,"{""step_1_amount"": 0.27496282020792073}",033832c9a51598bd69064fc3910037f6fde292830c04f0066e6d9779dc60f4ca,0.38314666666666675,0.5855049004421906,0.20235823377552387,20,0.0,0.0,0.38314666666666675,0.5855049004421906,0,0,0.20235823377552387,"{""energy"": 0.6666666666666667, ""water"": 0.05493333333333334, ""transport"": 0.33333333333333337}","{""energy"": 0.7428915447328391, ""water"": 0.06611148420670718, ""transport"": 0.8950494576234761}","{""energy"": 0.0762248780661724, ""water"": 0.011178150873373836, ""transport"": 0.5617161242901427}","{""energy"": 0.0, ""water"": 0.0, ""transport"": 0.0}","{""energy"": 0.0, ""water"": 0.0, ""transport"": 0.0}","{""energy"": 0.0, ""water"": 0.0, ""transport"": 0.0}",0.3,0.1,,0.38314666666666675,1.0,0.6168533333333333,1,"{""energy"": 0.6666666666666667, ""water"": 0.05493333333333334, ""transport"": 0.33333333333333337}","{""energy"": 1.0, ""water"": 1.0, ""transport"": 1.0}","{""energy"": 0.33333333333333326, ""water"": 0.9450666666666666, ""transport"": 0.6666666666666666}",12,0.5855049004421906,,,[],,v2.0,0.7,0.3
S3_transport_load,6,6,5722309517077894813,scenario=S3_transport_load|method=both|duration=0|theta=0.300000|delta_threshold=0.100000|A=v2.0|w=na|run_id=6|seed=5722309517077894813,False,"{""step_1_amount"": 0.21799268420297813}",033832c9a51598bd69064fc3910037f6fde292830c04f0066e6d9779dc60f4ca,0.38314666666666675,0.556076329852679,0.17292966318601222,16,0.0,0.0,0.38314666666666675,0.556076329852679,0,0,0.17292966318601222,"{""energy"": 0.6666666666666667, ""water"": 0.05493333333333334, ""transport"": 0.33333333333333337}","{""energy"": 0.7318063066232021, ""water"": 0.06448586712209572, ""transport"": 0.8133601568892317}","{""energy"": 0.06513963995653538, ""water"": 0.009552533788762384, ""transport"": 0.4800268235558983}","{""energy"": 0.0, ""water"": 0.0, ""transport"": 0.0}","{""energy"": 0.0, ""water"": 0.0, ""transport"": 0.0}","{""energy"": 0.0, ""water"": 0.0, ""transport"": 0.0}",0.3,0.1,,0.38314666666666675,1.0,0.6168533333333333,1,"{""energy"": 0.6666666666666667, ""water"": 0.05493333333333334, ""transport"": 0.33333333333333337}","{""energy"": 1.0, ""water"": 1.0, ""transport"": 1.0}","{""energy"": 0.33333333333333326, ""water"": 0.9450666666666666, ""transport"": 0.6666666666666666}",12,0.556076329852679,,,[],,v2.0,0.7,0.3
S3_transport_load,7,7,14093114895253656616,scenario=S3_transport_load|method=both|duration=0|theta=0.300000|delta_threshold=0.100000|A=v2.0|w=na|run_id=7|seed=14093114895253656616,False,"{""step_1_amount"": 0.3013913324035048}",033832c9a51598bd69064fc3910037f6fde292830c04f0066e6d9779dc60f4ca,0.38314666666666675,0.5975400242864628,0.21439335761979605,15,0.0,0.0,0.38314666666666675,0.5975400242864628,0,0,0.21439335761979605,"{""energy"": 0.6666666666666667, ""water"": 0.05493333333333334, ""transport"": 0.33333333333333337}","{""energy"": 0.7474249695924303, ""water"": 0.06677629743224782, ""transport"": 0.9284571573993876}","{""energy"": 0.08075830292576358, ""water"": 0.011842964098914478, ""transport"": 0.5951238240660542}","{""energy"": 0.0, ""water"": 0.0, ""transport"": 0.0}","{""energy"": 0.0, ""water"": 0.0, ""transport"": 0.0}","{""energy"": 0.0, ""water"": 0.0, ""transport"": 0.0}",0.3,0.1,,0.38314666666666675,1.0,0.6168533333333333,1,"{""energy"": 0.6666666666666667, ""water"": 0.05493333333333334, ""transport"": 0.33333333333333337}","{""energy"": 1.0, ""water"": 1.0, ""transport"": 1.0}","{""energy"": 0.33333333333333326, ""water"": 0.9450666666666666, ""transport"": 0.6666666666666666}",12,0.5975400242864628,,,[],,v2.0,0.7,0.3
S3_transport_load,8,8,7099181496046430618,scenario=S3_transport_load|method=both|duration=0|theta=0.300000|delta_threshold=0.100000|A=v2.0|w=na|run_id=8|seed=7099181496046430618,False,"{""step_1_amount"": 0.4802300141705774}",033832c9a51598bd69064fc3910037f6fde292830c04f0066e6d9779dc60f4ca,0.38314666666666675,0.6291316160909202,0.24598494942425342,16,0.0,1.0,0.38314666666666675,0.6291316160909202,1,1,0.24598494942425342,"{""energy"": 0.6666666666666667, ""water"": 0.05493333333333334, ""transport"": 0.33333333333333337}","{""energy"": 0.7702377477765622, ""water"": 0.07012172326765109, ""transport"": 1.0}","{""energy"": 0.10357108110989544, ""water"": 0.015188389934317752, ""transport"": 0.6666666666666666}","{""energy"": 0.0, ""water"": 0.0, ""transport"": 0.0}","{""energy"": 1.0, ""water"": 1.0, ""transport"": 1.0}","{""energy"": 1.0, ""water"": 1.0, ""transport"": 1.0}",0.3,0.1,,0.38314666666666675,1.0,0.6168533333333333,1,"{""energy"": 0.6666666666666667, ""water"": 0.05493333333333334, ""transport"": 0.33333333333333337}","{""energy"": 1.0, ""water"": 1.0, ""transport"": 1.0}","{""energy"": 0.33333333333333326, ""water"": 0.9450666666666666, ""transport"": 0.6666666666666666}",12,0.6291316160909202,,,"[""energy"", ""water""]",1,v2.0,0.7,0.3
S3_transport_load,9,9,16933441105734861115,scenario=S3_transport_load|method=both|duration=0|theta=0.300000|delta_threshold=0.100000|A=v2.0|w=na|run_id=9|seed=16933441105734861115,False,"{""step_1_amount"": 0.22028588560507475}",033832c9a51598bd69064fc3910037f6fde292830c04f0066e6d9779dc60f4ca,0.38314666666666675,0.5573605969396571,0.17421393027299037,8,0.0,0.0,0.38314666666666675,0.5573605969396571,0,0,0.17421393027299037,"{""energy"": 0.6666666666666667, ""water"": 0.05493333333333334, ""transport"": 0.33333333333333337}","{""energy"": 0.732290068021406, ""water"": 0.06455680928734447, ""transport"": 0.8169250898163045}","{""energy"": 0.06562340135473921, ""water"": 0.009623475954011133, ""transport"": 0.48359175648297115}","{""energy"": 0.0, ""water"": 0.0, ""transport"": 0.0}","{""energy"": 0.0, ""water"": 0.0, ""transport"": 0.0}","{""energy"": 0.0, ""water"": 0.0, ""transport"": 0.0}",0.3,0.1,,0.38314666666666675,1.0,0.6168533333333333,1,"{""energy"": 0.6666666666666667, ""water"": 0.05493333333333334, ""transport"": 0.33333333333333337}","{""energy"": 1.0, ""water"": 1.0, ""transport"": 1.0}","{""energy"": 0.33333333333333326, ""water"": 0.9450666666666666, ""transport"": 0.6666666666666666}",12,0.5573605969396571,,,[],,v2.0,0.7,0.3
S3_transport_load,10,10,13585426720487505899,scenario=S3_transport_load|method=both|duration=0|theta=0.300000|delta_threshold=0.100000|A=v2.0|w=na|run_id=10|seed=13585426720487505899,False,"{""step_1_amount"": 0.36172338631294504}",033832c9a51598bd69064fc3910037f6fde292830c04f0066e6d9779dc60f4ca,0.38314666666666675,0.621688259811223,0.23854159314455625,11,0.0,0.0,0.38314666666666675,0.621688259811223,0,0,0.23854159314455625,"{""energy"": 0.6666666666666667, ""water"": 0.05493333333333334, ""transport"": 0.33333333333333337}","{""energy"": 0.7565211959927356, ""water"": 0.06811023188594034, ""transport"": 0.995489039494489}","{""energy"": 0.08985452932606885, ""water"": 0.013176898552607001, ""transport"": 0.6621557061611556}","{""energy"": 0.0, ""water"": 0.0, ""transport"": 0.0}","{""energy"": 0.0, ""water"": 0.0, ""transport"": 0.0}","{""energy"": 0.0, ""water"": 0.0, ""transport"": 0.0}",0.3,0.1,,0.38314666666666675,1.0,0.6168533333333333,1,"{""energy"": 0.6666666666666667, ""water"": 0.05493333333333334, ""transport"": 0.33333333333333337}","{""energy"": 1.0, ""water"": 1.0, ""transport"": 1.0}","{""energy"": 0.33333333333333326, ""water"": 0.9450666666666666, ""transport"": 0.6666666666666666}",12,0.621688259811223,,,[],,v2.0,0.7,0.3
S3_transport_load,11,11,15366264700698212262,scenario=S3_transport_load|method=both|duration=0|theta=0.300000|delta_threshold=0.100000|A=v2.0|w=na|run_id=11|seed=15366264700698212262,False,"{""step_1_amount"": 0.3648046773618723}",033832c9a51598bd69064fc3910037f6fde292830c04f0066e6d9779dc60f4ca,0.38314666666666675,0.6228081329280435,0.23966146626137674,8,0.0,0.0,0.38314666666666675,0.6228081329280435,0,0,0.23966146626137674,"{""energy"": 0.6666666666666667, ""water"": 0.05493333333333334, ""transport"": 0.33333333333333337}","{""energy"": 0.7569430330002374, ""water"": 0.06817209302410751, ""transport"": 0.9985976394023873}","{""energy"": 0.09027636633357061, ""water"": 0.01323875969077417, ""transport"": 0.665264306069054}","{""energy"": 0.0, ""water"": 0.0, ""transport"": 0.0}","{""energy"": 0.0, ""water"": 0.0, ""transport"": 0.0}","{""energy"": 0.0, ""water"": 0.0, ""transport"": 0.0}",0.3,0.1,,0.38314666666666675,1.0,0.6168533333333333,1,"{""energy"": 0.6666666666666667, ""water"": 0.05493333333333334, ""transport"": 0.33333333333333337}","{""energy"": 1.0, ""water"": 1.0, ""transport"": 1.0}","{""energy"": 0.33333333333333326, ""water"": 0.9450666666666666, ""transport"": 0.6666666666666666}",12,0.6228081329280435,,,[],,v2.0,0.7,0.3
S3_transport_load,12,12,6256907488579367365,scenario=S3_transport_load|method=both|duration=0|theta=0.300000|delta_threshold=0.100000|A=v2.0|w=na|run_id=12|seed=6256907488579367365,False,"{""step_1_amount"": 0.25962451065221687}",033832c9a51598bd69064fc3910037f6fde292830c04f0066e6d9779dc60f4ca,0.38314666666666675,0.5780697704617324,0.1949231037950656,24,0.0,0.0,0.38314666666666675,0.5780697704617324,0,0,0.1949231037950656,"{""energy"": 0.6666666666666667, ""water"": 0.05493333333333334, ""transport"": 0.33333333333333337}","{""energy"": 0.7400908587138295, ""water"": 0.065700771960736, ""transport"": 0.8744106512932658}","{""energy"": 0.07342419204716277, ""water"": 0.010767438627402655, ""transport"": 0.5410773179599324}","{""energy"": 0.0, ""water"": 0.0, ""transport"": 0.0}","{""energy"": 0.0, ""water"": 0.0, ""transport"": 0.0}","{""energy"": 0.0, ""water"": 0.0, ""transport"": 0.0}",0.3,0.1,,0.38314666666666675,1.0,0.6168533333333333,1,"{""energy"": 0.6666666666666667, ""water"": 0.05493333333333334, ""transport"": 0.33333333333333337}","{""energy"": 1.0, ""water"": 1.0, ""transport"": 1.0}","{""energy"": 0.33333333333333326, ""water"": 0.9450666666666666, ""transport"": 0.6666666666666666}",12,0.5780697704617324,,,[],,v2.0,0.7,0.3
S3_transport_load,13,13,5724359574337817711,scenario=S3_transport_load|method=both|duration=0|theta=0.300000|delta_threshold=0.100000|A=v2.0|w=na|run_id=13|seed=5724359574337817711,False,"{""step_1_amount"": 0.5346713530562834}",033832c9a51598bd69064fc3910037f6fde292830c04f0066e6d9779dc60f4ca,0.38314666666666675,0.631281131666094,0.24813446499942726,11,0.0,1.0,0.38314666666666675,0.631281131666094,1,1,0.24813446499942726,"{""energy"": 0.6666666666666667, ""water"": 0.05493333333333334, ""transport"": 0.33333333333333337}","{""energy"": 0.7750790633541738, ""water"": 0.07083168774808198, ""transport"": 1.0}","{""energy"": 0.10841239668750702, ""water"": 0.015898354414748635, ""transport"": 0.6666666666666666}","{""energy"": 0.0, ""water"": 0.0, ""transport"": 0.0}","{""energy"": 1.0, ""water"": 1.0, ""transport"": 1.0}","{""energy"": 1.0, ""water"": 1.0, ""transport"": 1.0}",0.3,0.1,,0.38314666666666675,1.0,0.6168533333333333,1,"{""energy"": 0.6666666666666667, ""water"": 0.05493333333333334, ""transport"": 0.33333333333333337}","{""energy"": 1.0, ""water"": 1.0, ""transport"": 1.0}","{""energy"": 0.33333333333333326, ""water"": 0.9450666666666666, ""transport"": 0.6666666666666666}",12,0.631281131666094,,,"[""energy"", ""water""]",1,v2.0,0.7,0.3
S3_transport_load,14,14,16009105258324448555,scenario=S3_transport_load|method=both|duration=0|theta=0.300000|delta_threshold=0.100000|A=v2.0|w=na|run_id=14|seed=16009105258324448555,False,"{""step_1_amount"": 0.3485657155627191}",033832c9a51598bd69064fc3910037f6fde292830c04f0066e6d9779dc60f4ca,0.38314666666666675,0.6167879843108566,0.23364131764418983,28,0.0,0.0,0.38314666666666675,0.6167879843108566,0,0,0.23364131764418983,"{""energy"": 0.6666666666666667, ""water"": 0.05493333333333334, ""transport"": 0.33333333333333337}","{""energy"": 0.7546753462067544, ""water"": 0.06783954352381046, ""transport"": 0.9818866092367057}","{""energy"": 0.08800867954008762, ""water"": 0.012906210190477115, ""transport"": 0.6485532759033723}","{""energy"": 0.0, ""water"": 0.0, ""transport"": 0.0}","{""energy"": 0.0, ""water"": 0.0, ""transport"": 0.0}","{""energy"": 0.0, ""water"": 0.0, ""transport"": 0.0}",0.3,0.1,,0.38314666666666675,1.0,0.6168533333333333,1,"{""energy"": 0.6666666666666667, ""water"": 0.05493333333333334, ""transport"": 0.33333333333333337}","{""energy"": 1.0, ""water"": 1.0, ""transport"": 1.0}","{""energy"": 0.33333333333333326, ""water"": 0.9450666666666666, ""transport"": 0.6666666666666666}",12,0.6167879843108566,,,[],,v2.0,0.7,0.3
S3_transport_load,15,15,13361959329272287971,scenario=S3_transport_load|method=both|duration=0|theta=0.300000|delta_threshold=0.100000|A=v2.0|w=na|run_id=15|seed=13361959329272287971,False,"{""step_1_amount"": 0.43573518612923134}",033832c9a51598bd69064fc3910037f6fde292830c04f0066e6d9779dc60f4ca,0.38314666666666675,0.6270945164506811,0.2439478497840144,25,0.0,1.0,0.38314666666666675,0.6270945164506811,1,0,0.2439478497840144,"{""energy"": 0.6666666666666667, ""water"": 0.05493333333333334, ""transport"": 0.33333333333333337}","{""energy"": 0.7656496246034429, ""water"": 0.06944888869768004, ""transport"": 1.0}","{""energy"": 0.09898295793677614, ""water"": 0.014515555364346698, ""transport"": 0.6666666666666666}","{""energy"": 0.0, ""water"": 0.0, ""transport"": 0.0}","{""energy"": 1.0, ""water"": 1.0, ""transport"": 1.0}","{""energy"": 1.0, ""water"": 1.0, ""transport"": 1.0}",0.3,0.1,,0.38314666666666675,1.0,0.6168533333333333,1,"{""energy"": 0.6666666666666667, ""water"": 0.05493333333333334, ""transport"": 0.33333333333333337}","{""energy"": 1.0, ""water"": 1.0, ""transport"": 1.0}","{""energy"": 0.33333333333333326, ""water"": 0.9450666666666666, ""transport"": 0.6666666666666666}",12,0.6270945164506811,,,"[""energy"", ""water""]",1,v2.0,0.7,0.3
S3_transport_load,16,16,8417414299755024503,scenario=S3_transport_load|method=both|duration=0|theta=0.300000|delta_threshold=0.100000|A=v2.0|w=na|run_id=16|seed=8417414299755024503,False,"{""step_1_amount"": 0.5665510099153586}",033832c9a51598bd69064fc3910037f6fde292830c04f0066e6d9779dc60f4ca,0.38314666666666675,0.6323861646853535,0.24923949801868672,8,0.0,1.0,0.38314666666666675,0.6323861646853535,1,1,0.24923949801868672,"{""energy"": 0.6666666666666667, ""water"": 0.05493333333333334, ""transport"": 0.33333333333333337}","{""energy"": 0.7775679095070948, ""water"": 0.07119666960838505, ""transport"": 1.0}","{""energy"": 0.11090124284042802, ""water"": 0.016263336275051714, ""transport"": 0.6666666666666666}","{""energy"": 0.0, ""water"": 0.0, ""transport"": 0.0}","{""energy"": 1.0, ""water"": 1.0, ""transport"": 1.0}","{""energy"": 1.0, ""water"": 1.0, ""transport"": 1.0}",0.3,0.1,,0.38314666666666675,1.0,0.6168533333333333,1,"{""energy"": 0.6666666666666667, ""water"": 0.05493333333333334, ""transport"": 0.33333333333333337}","{""energy"": 1.0, ""water"": 1.0, ""transport"": 1.0}","{""energy"": 0.33333333333333326, ""water"": 0.9450666666666666, ""transport"": 0.6666666666666666}",12,0.6323861646853535,,,"[""energy"", ""water""]",1,v2.0,0.7,0.3
S3_transport_load,17,17,3036334066948276230,scenario=S3_transport_load|method=both|duration=0|theta=0.300000|delta_threshold=0.100000|A=v2.0|w=na|run_id=17|seed=3036334066948276230,False,"{""step_1_amount"": 0.7215460568336938}",033832c9a51598bd69064fc3910037f6fde292830c04f0066e6d9779dc60f4ca,0.38314666666666675,0.6364804810773681,0.25333381441070135,5,0.0,1.0,0.38314666666666675,0.6364804810773681,1,1,0.25333381441070135,"{""energy"": 0.6666666666666667, ""water"": 0.05493333333333334, ""transport"": 0.33333333333333337}","{""energy"": 0.7867894652647112, ""water"": 0.0725489832382787, ""transport"": 1.0}","{""energy"": 0.12012279859804442, ""water"": 0.01761564990494536, ""transport"": 0.6666666666666666}","{""energy"": 0.0, ""water"": 0.0, ""transport"": 0.0}","{""energy"": 1.0, ""water"": 1.0, ""transport"": 1.0}","{""energy"": 1.0, ""water"": 1.0, ""transport"": 1.0}",0.3,0.1,,0.38314666666666675,1.0,0.6168533333333333,1,"{""energy"": 0.6666666666666667, ""water"": 0.05493333333333334, ""transport"": 0.33333333333333337}","{""energy"": 1.0, ""water"": 1.0, ""transport"": 1.0}","{""energy"": 0.33333333333333326, ""water"": 0.9450666666666666, ""transport"": 0.6666666666666666}",12,0.6364804810773681,,,"[""energy"", ""water""]",1,v2.0,0.7,0.3
S3_transport_load,18,18,7150244649693364022,scenario=S3_transport_load|method=both|duration=0|theta=0.300000|delta_threshold=0.100000|A=v2.0|w=na|run_id=18|seed=7150244649693364022,False,"{""step_1_amount"": 0.21739299023810577}",033832c9a51598bd69064fc3910037f6fde292830c04f0066e6d9779dc60f4ca,0.38314666666666675,0.5557390218949408,0.1725923552282741,29,0.0,0.0,0.38314666666666675,0.5557390218949408,0,0,0.1725923552282741,"{""energy"": 0.6666666666666667, ""water"": 0.05493333333333334, ""transport"": 0.33333333333333337}","{""energy"": 0.7316792484972755, ""water"": 0.06446723442713669, ""transport"": 0.8124238405596321}","{""energy"": 0.06501258183060876, ""water"": 0.009533901093803344, ""transport"": 0.47909050722629876}","{""energy"": 0.0, ""water"": 0.0, ""transport"": 0.0}","{""energy"": 0.0, ""water"": 0.0, ""transport"": 0.0}","{""energy"": 0.0, ""water"": 0.0, ""transport"": 0.0}",0.3,0.1,,0.38314666666666675,1.0,0.6168533333333333,1,"{""energy"": 0.6666666666666667, ""water"": 0.05493333333333334, ""transport"": 0.33333333333333337}","{""energy"": 1.0, ""water"": 1.0, ""transport"": 1.0}","{""energy"": 0.33333333333333326, ""water"": 0.9450666666666666, ""transport"": 0.6666666666666666}",12,0.5557390218949408,,,[],,v2.0,0.7,0.3
S3_transport_load,19,19,9401572442365823527,scenario=S3_transport_load|method=both|duration=0|theta=0.300000|delta_threshold=0.100000|A=v2.0|w=na|run_id=19|seed=9401572442365823527,False,"{""step_1_amount"": 0.12898884031515234}",033832c9a51598bd69064fc3910037f6fde292830c04f0066e6d9779dc60f4ca,0.38314666666666675,0.49874590916441086,0.11559924249774411,16,0.0,0.0,0.38314666666666675,0.49874590916441086,0,0,0.11559924249774411,"{""energy"": 0.6666666666666667, ""water"": 0.05493333333333334, ""transport"": 0.33333333333333337}","{""energy"": 0.7102109198434714, ""water"": 0.061318968102813176, ""transport"": 0.654219502653928}","{""energy"": 0.04354425317680466, ""water"": 0.006385634769479835, ""transport"": 0.32088616932059466}","{""energy"": 0.0, ""water"": 0.0, ""transport"": 0.0}","{""energy"": 0.0, ""water"": 0.0, ""transport"": 0.0}","{""energy"": 0.0, ""water"": 0.0, ""transport"": 0.0}",0.3,0.1,,0.38314666666666675,1.0,0.6168533333333333,1,"{""energy"": 0.6666666666666667, ""water"": 0.05493333333333334, ""transport"": 0.33333333333333337}","{""energy"": 1.0, ""water"": 1.0, ""transport"": 1.0}","{""energy"": 0.33333333333333326, ""water"": 0.9450666666666666, ""transport"": 0.6666666666666666}",12,0.49874590916441086,,,[],,v2.0,0.7,0.3
S3_transport_load,20,20,4504664692610417991,scenario=S3_transport_load|method=both|duration=0|theta=0.300000|delta_threshold=0.100000|A=v2.0|w=na|run_id=20|seed=4504664692610417991,False,"{""step_1_amount"": 0.3708545415453991}",033832c9a51598bd69064fc3910037f6fde292830c04f0066e6d9779dc60f4ca,0.38314666666666675,0.6235915772102788,0.24044491054361206,7,0.0,0.0,0.38314666666666675,0.6235915772102788,0,0,0.24044491054361206,"{""energy"": 0.6666666666666667, ""water"": 0.05493333333333334, ""transport"": 0.33333333333333337}","{""energy"": 0.7577600170528602, ""water"": 0.06829190129711558, ""transport"": 1.0}","{""energy"": 0.09109335038619348, ""water"": 0.013358567963782243, ""transport"": 0.6666666666666666}","{""energy"": 0.0, ""water"": 0.0, ""transport"": 0.0}","{""energy"": 0.0, ""water"": 0.0, ""transport"": 0.0}","{""energy"": 0.0, ""water"": 0.0, ""transport"": 0.0}",0.3,0.1,,0.38314666666666675,1.0,0.6168533333333333,1,"{""energy"": 0.6666666666666667, ""water"": 0.05493333333333334, ""transport"": 0.33333333333333337}","{""energy"": 1.0, ""water"": 1.0, ""transport"": 1.0}","{""energy"": 0.33333333333333326, ""water"": 0.9450666666666666, ""transport"": 0.6666666666666666}",12,0.6235915772102788,,,[],,v2.0,0.7,0.3
S3_transport_load,21,21,13451080246356810447,scenario=S3_transport_load|method=both|duration=0|theta=0.300000|delta_threshold=0.100000|A=v2.0|w=na|run_id=21|seed=13451080246356810447,False,"{""step_1_amount"": 0.7791368082025691}",033832c9a51598bd69064fc3910037f6fde292830c04f0066e6d9779dc60f4ca,0.38314666666666675,0.6375778777617076,0.25443121109504085,9,0.0,1.0,0.38314666666666675,0.6375778777617076,1,1,0.25443121109504085,"{""energy"": 0.6666666666666667, ""water"": 0.05493333333333334, ""transport"": 0.33333333333333337}","{""energy"": 0.7892611122367423, ""water"": 0.07291144289003566, ""transport"": 1.0}","{""energy"": 0.1225944455700756, ""water"": 0.017978109556702322, ""transport"": 0.6666666666666666}","{""energy"": 0.0, ""water"": 0.0, ""transport"": 0.0}","{""energy"": 1.0, ""water"": 1.0, ""transport"": 1.0}","{""energy"": 1.0, ""water"": 1.0, ""transport"": 1.0}",0.3,0.1,,0.38314666666666675,1.0,0.6168533333333333,1,"{""energy"": 0.6666666666666667, ""water"": 0.05493333333333334, ""transport"": 0.33333333333333337}","{""energy"": 1.0, ""water"": 1.0, ""transport"": 1.0}","{""energy"": 0.33333333333333326, ""water"": 0.9450666666666666, ""transport"": 0.6666666666666666}",12,0.6375778777617076,,,"[""energy"", ""water""]",1,v2.0,0.7,0.3
S3_transport_load,22,22,175124498767938981,scenario=S3_transport_load|method=both|duration=0|theta=0.300000|delta_threshold=0.100000|A=v2.0|w=na|run_id=22|seed=175124498767938981,False,"{""step_1_amount"": 0.2655338216359576}",033832c9a51598bd69064fc3910037f6fde292830c04f0066e6d9779dc60f4ca,0.38314666666666675,0.5809748479988118,0.19782818133214508,30,0.0,0.0,0.38314666666666675,0.5809748479988118,0,0,0.19782818133214508,"{""energy"": 0.6666666666666667, ""water"": 0.05493333333333334, ""transport"": 0.33333333333333337}","{""energy"": 0.7411851516264782, ""water"": 0.06586124675043172, ""transport"": 0.8824747110769701}","{""energy"": 0.0745184849598115, ""water"": 0.010927913417098374, ""transport"": 0.5491413777436367}","{""energy"": 0.0, ""water"": 0.0, ""transport"": 0.0}","{""energy"": 0.0, ""water"": 0.0, ""transport"": 0.0}","{""energy"": 0.0, ""water"": 0.0, ""transport"": 0.0}",0.3,0.1,,0.38314666666666675,1.0,0.6168533333333333,1,"{""energy"": 0.6666666666666667, ""water"": 0.05493333333333334, ""transport"": 0.33333333333333337}","{""energy"": 1.0, ""water"": 1.0, ""transport"": 1.0}","{""energy"": 0.33333333333333326, ""water"": 0.9450666666666666, ""transport"": 0.6666666666666666}",12,0.5809748479988118,,,[],,v2.0,0.7,0.3
S3_transport_load,23,23,17003949108129404438,scenario=S3_transport_load|method=both|duration=0|theta=0.300000|delta_threshold=0.100000|A=v2.0|w=na|run_id=23|seed=17003949108129404438,False,"{""step_1_amount"": 0.3955790166111843}",033832c9a51598bd69064fc3910037f6fde292830c04f0066e6d9779dc60f4ca,0.38314666666666675,0.6250074301278263,0.2418607634611596,8,0.0,0.0,0.38314666666666675,0.6250074301278263,0,0,0.2418607634611596,"{""energy"": 0.6666666666666667, ""water"": 0.05493333333333334, ""transport"": 0.33333333333333337}","{""energy"": 0.7609489173169466, ""water"": 0.0687595440034923, ""transport"": 1.0}","{""energy"": 0.09428225065027984, ""water"": 0.013826210670158955, ""transport"": 0.6666666666666666}","{""energy"": 0.0, ""water"": 0.0, ""transport"": 0.0}","{""energy"": 0.0, ""water"": 0.0, ""transport"": 0.0}","{""energy"": 0.0, ""water"": 0.0, ""transport"": 0.0}",0.3,0.1,,0.38314666666666675,1.0,0.6168533333333333,1,"{""energy"": 0.6666666666666667, ""water"": 0.05493333333333334, ""transport"": 0.33333333333333337}","{""energy"": 1.0, ""water"": 1.0, ""transport"": 1.0}","{""energy"": 0.33333333333333326, ""water"": 0.9450666666666666, ""transport"": 0.6666666666666666}",12,0.6250074301278263,,,[],,v2.0,0.7,0.3
S3_transport_load,24,24,11040116348213503842,scenario=S3_transport_load|method=both|duration=0|theta=0.300000|delta_threshold=0.100000|A=v2.0|w=na|run_id=24|seed=11040116348213503842,False,"{""step_1_amount"": 0.39433548215357506}",033832c9a51598bd69064fc3910037f6fde292830c04f0066e6d9779dc60f4ca,0.38314666666666675,0.6249386990555105,0.24179203238884373,23,0.0,0.0,0.38314666666666675,0.6249386990555105,0,0,0.24179203238884373,"{""energy"": 0.6666666666666667, ""water"": 0.05493333333333334, ""transport"": 0.33333333333333337}","{""energy"": 0.7607941155490916, ""water"": 0.06873684278624606, ""transport"": 1.0}","{""energy"": 0.09412744888242486, ""water"": 0.01380350945291272, ""transport"": 0.6666666666666666}","{""energy"": 0.0, ""water"": 0.0, ""transport"": 0.0}","{""energy"": 0.0, ""water"": 0.0, ""transport"": 0.0}","{""energy"": 0.0, ""water"": 0.0, ""transport"": 0.0}",0.3,0.1,,0.38314666666666675,1.0,0.6168533333333333,1,"{""energy"": 0.6666666666666667, ""water"": 0.05493333333333334, ""transport"": 0.33333333333333337}","{""energy"": 1.0, ""water"": 1.0, ""transport"": 1.0}","{""energy"": 0.33333333333333326, ""water"": 0.9450666666666666, ""transport"": 0.6666666666666666}",12,0.6249386990555105,,,[],,v2.0,0.7,0.3
S3_transport_load,25,25,4546238076976720157,scenario=S3_transport_load|method=both|duration=0|theta=0.300000|delta_threshold=0.100000|A=v2.0|w=na|run_id=25|seed=4546238076976720157,False,"{""step_1_amount"": 0.47513107026095747}",033832c9a51598bd69064fc3910037f6fde292830c04f0066e6d9779dc60f4ca,0.38314666666666675,0.628911728508688,0.2457650618420213,11,0.0,1.0,0.38314666666666675,0.628911728508688,1,1,0.2457650618420213,"{""energy"": 0.6666666666666667, ""water"": 0.05493333333333334, ""transport"": 0.33333333333333337}","{""energy"": 0.7697424988984062, ""water"": 0.07004909649775203, ""transport"": 1.0}","{""energy"": 0.10307583223173944, ""water"": 0.015115763164418684, ""transport"": 0.6666666666666666}","{""energy"": 0.0, ""water"": 0.0, ""transport"": 0.0}","{""energy"": 1.0, ""water"": 1.0, ""transport"": 1.0}","{""energy"": 1.0, ""water"": 1.0, ""transport"": 1.0}",0.3,0.1,,0.38314666666666675,1.0,0.6168533333333333,1,"{""energy"": 0.6666666666666667, ""water"": 0.05493333333333334, ""transport"": 0.33333333333333337}","{""energy"": 1.0, ""water"": 1.0, ""transport"": 1.0}","{""energy"": 0.33333333333333326, ""water"": 0.9450666666666666, ""transport"": 0.6666666666666666}",12,0.628911728508688,,,"[""energy"", ""water""]",1,v2.0,0.7,0.3
S3_transport_load,26,26,4949935012460106905,scenario=S3_transport_load|method=both|duration=0|theta=0.300000|delta_threshold=0.100000|A=v2.0|w=na|run_id=26|seed=4949935012460106905,False,"{""step_1_amount"": 0.40945315842809205}",033832c9a51598bd69064fc3910037f6fde292830c04f0066e6d9779dc60f4ca,0.38314666666666675,0.6257571244766683,0.24261045781000157,12,0.0,1.0,0.38314666666666675,0.6257571244766683,1,0,0.24261045781000157,"{""energy"": 0.6666666666666667, ""water"": 0.05493333333333334, ""transport"": 0.33333333333333337}","{""energy"": 0.7626374405225541, ""water"": 0.06900716089215544, ""transport"": 1.0}","{""energy"": 0.09597077385588737, ""water"": 0.014073827558822104, ""transport"": 0.6666666666666666}","{""energy"": 0.0, ""water"": 0.0, ""transport"": 0.0}","{""energy"": 1.0, ""water"": 1.0, ""transport"": 1.0}","{""energy"": 1.0, ""water"": 1.0, ""transport"": 1.0}",0.3,0.1,,0.38314666666666675,1.0,0.6168533333333333,1,"{""energy"": 0.6666666666666667, ""water"": 0.05493333333333334, ""transport"": 0.33333333333333337}","{""energy"": 1.0, ""water"": 1.0, ""transport"": 1.0}","{""energy"": 0.33333333333333326, ""water"": 0.9450666666666666, ""transport"": 0.6666666666666666}",12,0.6257571244766683,,,"[""energy"", ""water""]",1,v2.0,0.7,0.3
S3_transport_load,27,27,7640283237503766578,scenario=S3_transport_load|method=both|duration=0|theta=0.300000|delta_threshold=0.100000|A=v2.0|w=na|run_id=27|seed=7640283237503766578,False,"{""step_1_amount"": 0.1244989675177957}",033832c9a51598bd69064fc3910037f6fde292830c04f0066e6d9779dc60f4ca,0.38314666666666675,0.4954282632700674,0.11228159660340065,22,0.0,0.0,0.38314666666666675,0.4954282632700674,0,0,0.11228159660340065,"{""energy"": 0.6666666666666667, ""water"": 0.05493333333333334, ""transport"": 0.33333333333333337}","{""energy"": 0.7089612195024237, ""water"": 0.06113570327756006, ""transport"": 0.6450102149527662}","{""energy"": 0.042294552835757004, ""water"": 0.006202369944226717, ""transport"": 0.31167688161943286}","{""energy"": 0.0, ""water"": 0.0, ""transport"": 0.0}","{""energy"": 0.0, ""water"": 0.0, ""transport"": 0.0}","{""energy"": 0.0, ""water"": 0.0, ""transport"": 0.0}",0.3,0.1,,0.38314666666666675,1.0,0.6168533333333333,1,"{""energy"": 0.6666666666666667, ""water"": 0.05493333333333334, ""transport"": 0.33333333333333337}","{""energy"": 1.0, ""water"": 1.0, ""transport"": 1.0}","{""energy"": 0.33333333333333326, ""water"": 0.9450666666666666, ""transport"": 0.6666666666666666}",12,0.4954282632700674,,,[],,v2.0,0.7,0.3
S3_transport_load,28,28,4401661243634622307,scenario=S3_transport_load|method=both|duration=0|theta=0.300000|delta_threshold=0.100000|A=v2.0|w=na|run_id=28|seed=4401661243634622307,False,"{""step_1_amount"": 0.5656881213083913}",033832c9a51598bd69064fc3910037f6fde292830c04f0066e6d9779dc60f4ca,0.38314666666666675,0.6323576252516173,0.24921095858495057,5,0.0,1.0,0.38314666666666675,0.6323576252516173,1,1,0.24921095858495057,"{""energy"": 0.6666666666666667, ""water"": 0.05493333333333334, ""transport"": 0.33333333333333337}","{""energy"": 0.7775036306497006, ""water"": 0.07118724330579004, ""transport"": 1.0}","{""energy"": 0.11083696398303389, ""water"": 0.016253909972456702, ""transport"": 0.6666666666666666}","{""energy"": 0.0, ""water"": 0.0, ""transport"": 0.0}","{""energy"": 1.0, ""water"": 1.0, ""transport"": 1.0}","{""energy"": 1.0, ""water"": 1.0, ""transport"": 1.0}",0.3,0.1,,0.38314666666666675,1.0,0.6168533333333333,1,"{""energy"": 0.6666666666666667, ""water"": 0.05493333333333334, ""transport"": 0.33333333333333337}","{""energy"": 1.0, ""water"": 1.0, ""transport"": 1.0}","{""energy"": 0.33333333333333326, ""water"": 0.9450666666666666, ""transport"": 0.6666666666666666}",12,0.6323576252516173,,,"[""energy"", ""water""]",1,v2.0,0.7,0.3
S3_transport_load,29,29,10518337584195250457,scenario=S3_transport_load|method=both|duration=0|theta=0.300000|delta_threshold=0.100000|A=v2.0|w=na|run_id=29|seed=10518337584195250457,False,"{""step_1_amount"": 0.3531843496725026}",033832c9a51598bd69064fc3910037f6fde292830c04f0066e6d9779dc60f4ca,0.38314666666666675,0.6185301642371216,0.23538349757045485,30,0.0,0.0,0.38314666666666675,0.6185301642371216,0,0,0.23538349757045485,"{""energy"": 0.6666666666666667, ""water"": 0.05493333333333334, ""transport"": 0.33333333333333337}","{""energy"": 0.7553315955224911, ""water"": 0.06793578052737097, ""transport"": 0.9867226395663796}","{""energy"": 0.08866492885582433, ""water"": 0.013002447194037627, ""transport"": 0.6533893062330463}","{""energy"": 0.0, ""water"": 0.0, ""transport"": 0.0}","{""energy"": 0.0, ""water"": 0.0, ""transport"": 0.0}","{""energy"": 0.0, ""water"": 0.0, ""transport"": 0.0}",0.3,0.1,,0.38314666666666675,1.0,0.6168533333333333,1,"{""energy"": 0.6666666666666667, ""water"": 0.05493333333333334, ""transport"": 0.33333333333333337}","{""energy"": 1.0, ""water"": 1.0, ""transport"": 1.0}","{""energy"": 0.33333333333333326, ""water"": 0.9450666666666666, ""transport"": 0.6666666666666666}",12,0.6185301642371216,,,[],,v2.0,0.7,0.3
S3_transport_load,30,30,3035379247479952198,scenario=S3_transport_load|method=both|duration=0|theta=0.300000|delta_threshold=0.100000|A=v2.0|w=na|run_id=30|seed=3035379247479952198,False,"{""step_1_amount"": 0.5135249248724459}",033832c9a51598bd69064fc3910037f6fde292830c04f0066e6d9779dc60f4ca,0.38314666666666675,0.6304876272232987,0.2473409605566319,19,0.0,1.0,0.38314666666666675,0.6304876272232987,1,1,0.2473409605566319,"{""energy"": 0.6666666666666667, ""water"": 0.05493333333333334, ""transport"": 0.33333333333333337}","{""energy"": 0.7732918674556288, ""water"": 0.07056960080349065, ""transport"": 1.0}","{""energy"": 0.1066252007889621, ""water"": 0.015636267470157304, ""transport"": 0.6666666666666666}","{""energy"": 0.0, ""water"": 0.0, ""transport"": 0.0}","{""energy"": 1.0, ""water"": 1.0, ""transport"": 1.0}","{""energy"": 1.0, ""water"": 1.0, ""transport"": 1.0}",0.3,0.1,,0.38314666666666675,1.0,0.6168533333333333,1,"{""energy"": 0.6666666666666667, ""water"": 0.05493333333333334, ""transport"": 0.33333333333333337}","{""energy"": 1.0, ""water"": 1.0, ""transport"": 1.0}","{""energy"": 0.33333333333333326, ""water"": 0.9450666666666666, ""transport"": 0.6666666666666666}",12,0.6304876272232987,,,"[""energy"", ""water""]",1,v2.0,0.7,0.3
S3_transport_load,31,31,15326341186512808866,scenario=S3_transport_load|method=both|duration=0|theta=0.300000|delta_threshold=0.100000|A=v2.0|w=na|run_id=31|seed=15326341186512808866,False,"{""step_1_amount"": 0.498168347775863}",033832c9a51598bd69064fc3910037f6fde292830c04f0066e6d9779dc60f4ca,0.38314666666666675,0.6298789992240661,0.24673233255739935,11,0.0,1.0,0.38314666666666675,0.6298789992240661,1,1,0.24673233255739935,"{""energy"": 0.6666666666666667, ""water"": 0.05493333333333334, ""transport"": 0.33333333333333337}","{""energy"": 0.7719210654722948, ""water"": 0.07036857678382707, ""transport"": 1.0}","{""energy"": 0.10525439880562804, ""water"": 0.015435243450493734, ""transport"": 0.6666666666666666}","{""energy"": 0.0, ""water"": 0.0, ""transport"": 0.0}","{""energy"": 1.0, ""water"": 1.0, ""transport"": 1.0}","{""energy"": 1.0, ""water"": 1.0, ""transport"": 1.0}",0.3,0.1,,0.38314666666666675,1.0,0.6168533333333333,1,"{""energy"": 0.6666666666666667, ""water"": 0.05493333333333334, ""transport"": 0.33333333333333337}","{""energy"": 1.0, ""water"": 1.0, ""transport"": 1.0}","{""energy"": 0.33333333333333326, ""water"": 0.9450666666666666, ""transport"": 0.6666666666666666}",12,0.6298789992240661,,,"[""energy"", ""water""]",1,v2.0,0.7,0.3
S3_transport_load,32,32,7380478080297004380,scenario=S3_transport_load|method=both|duration=0|theta=0.300000|delta_threshold=0.100000|A=v2.0|w=na|run_id=32|seed=7380478080297004380,False,"{""step_1_amount"": 0.18604945462913755}",033832c9a51598bd69064fc3910037f6fde292830c04f0066e6d9779dc60f4ca,0.38314666666666675,0.5372372223202317,0.154090555653565,22,0.0,0.0,0.38314666666666675,0.5372372223202317,0,0,0.154090555653565,"{""energy"": 0.6666666666666667, ""water"": 0.05493333333333334, ""transport"": 0.33333333333333337}","{""energy"": 0.7247099377345051, ""water"": 0.06344520580385643, ""transport"": 0.7610656182842427}","{""energy"": 0.05804327106783835, ""water"": 0.00851187247052309, ""transport"": 0.4277322849509093}","{""energy"": 0.0, ""water"": 0.0, ""transport"": 0.0}","{""energy"": 0.0, ""water"": 0.0, ""transport"": 0.0}","{""energy"": 0.0, ""water"": 0.0, ""transport"": 0.0}",0.3,0.1,,0.38314666666666675,1.0,0.6168533333333333,1,"{""energy"": 0.6666666666666667, ""water"": 0.05493333333333334, ""transport"": 0.33333333333333337}","{""energy"": 1.0, ""water"": 1.0, ""transport"": 1.0}","{""energy"": 0.33333333333333326, ""water"": 0.9450666666666666, ""transport"": 0.6666666666666666}",12,0.5372372223202317,,,[],,v2.0,0.7,0.3
S3_transport_load,33,33,341885810885497397,scenario=S3_transport_load|method=both|duration=0|theta=0.300000|delta_threshold=0.100000|A=v2.0|w=na|run_id=33|seed=341885810885497397,False,"{""step_1_amount"": 0.15175892342493194}",033832c9a51598bd69064fc3910037f6fde292830c04f0066e6d9779dc60f4ca,0.38314666666666675,0.5149000360234303,0.13175336935676352,17,0.0,0.0,0.38314666666666675,0.5149000360234303,0,0,0.13175336935676352,"{""energy"": 0.6666666666666667, ""water"": 0.05493333333333334, ""transport"": 0.33333333333333337}","{""energy"": 0.7162959025354045, ""water"": 0.06221131265380411, ""transport"": 0.6990609373770906}","{""energy"": 0.0496292358687378, ""water"": 0.007277979320470772, ""transport"": 0.36572760404375726}","{""energy"": 0.0, ""water"": 0.0, ""transport"": 0.0}","{""energy"": 0.0, ""water"": 0.0, ""transport"": 0.0}","{""energy"": 0.0, ""water"": 0.0, ""transport"": 0.0}",0.3,0.1,,0.38314666666666675,1.0,0.6168533333333333,1,"{""energy"": 0.6666666666666667, ""water"": 0.05493333333333334, ""transport"": 0.33333333333333337}","{""energy"": 1.0, ""water"": 1.0, ""transport"": 1.0}","{""energy"": 0.33333333333333326, ""water"": 0.9450666666666666, ""transport"": 0.6666666666666666}",12,0.5149000360234303,,,[],,v2.0,0.7,0.3
S3_transport_load,34,34,17103422991207695056,scenario=S3_transport_load|method=both|duration=0|theta=0.300000|delta_threshold=0.100000|A=v2.0|w=na|run_id=34|seed=17103422991207695056,False,"{""step_1_amount"": 0.25857316981207623}",033832c9a51598bd69064fc3910037f6fde292830c04f0066e6d9779dc60f4ca,0.38314666666666675,0.5775475025184853,0.19440083585181855,18,0.0,0.0,0.38314666666666675,0.5775475025184853,0,0,0.19440083585181855,"{""energy"": 0.6666666666666667, ""water"": 0.05493333333333334, ""transport"": 0.33333333333333337}","{""energy"": 0.7398941293317376, ""water"": 0.06567192218399591, ""transport"": 0.8729609137686382}","{""energy"": 0.07322746266507085, ""water"": 0.010738588850662568, ""transport"": 0.5396275804353048}","{""energy"": 0.0, ""water"": 0.0, ""transport"": 0.0}","{""energy"": 0.0, ""water"": 0.0, ""transport"": 0.0}","{""energy"": 0.0, ""water"": 0.0, ""transport"": 0.0}",0.3,0.1,,0.38314666666666675,1.0,0.6168533333333333,1,"{""energy"": 0.6666666666666667, ""water"": 0.05493333333333334, ""transport"": 0.33333333333333337}","{""energy"": 1.0, ""water"": 1.0, ""transport"": 1.0}","{""energy"": 0.33333333333333326, ""water"": 0.9450666666666666, ""transport"": 0.6666666666666666}",12,0.5775475025184853,,,[],,v2.0,0.7,0.3
S3_transport_load,35,35,9152197164544394606,scenario=S3_transport_load|method=both|duration=0|theta=0.300000|delta_threshold=0.100000|A=v2.0|w=na|run_id=35|seed=9152197164544394606,False,"{""step_1_amount"": 0.23510220515261443}",033832c9a51598bd69064fc3910037f6fde292830c04f0066e6d9779dc60f4ca,0.38314666666666675,0.5654486227562194,0.18230195608955269,16,0.0,0.0,0.38314666666666675,0.5654486227562194,0,0,0.18230195608955269,"{""energy"": 0.6666666666666667, ""water"": 0.05493333333333334, ""transport"": 0.33333333333333337}","{""energy"": 0.7353366887106704, ""water"": 0.06500358711871043, ""transport"": 0.839376237121127}","{""energy"": 0.06867002204400363, ""water"": 0.010070253785377091, ""transport"": 0.5060429037877936}","{""energy"": 0.0, ""water"": 0.0, ""transport"": 0.0}","{""energy"": 0.0, ""water"": 0.0, ""transport"": 0.0}","{""energy"": 0.0, ""water"": 0.0, ""transport"": 0.0}",0.3,0.1,,0.38314666666666675,1.0,0.6168533333333333,1,"{""energy"": 0.6666666666666667, ""water"": 0.05493333333333334, ""transport"": 0.33333333333333337}","{""energy"": 1.0, ""water"": 1.0, ""transport"": 1.0}","{""energy"": 0.33333333333333326, ""water"": 0.9450666666666666, ""transport"": 0.6666666666666666}",12,0.5654486227562194,,,[],,v2.0,0.7,0.3
S3_transport_load,36,36,5795491704971180843,scenario=S3_transport_load|method=both|duration=0|theta=0.300000|delta_threshold=0.100000|A=v2.0|w=na|run_id=36|seed=5795491704971180843,False,"{""step_1_amount"": 0.5133561807864545}",033832c9a51598bd69064fc3910037f6fde292830c04f0066e6d9779dc60f4ca,0.38314666666666675,0.6304810905967282,0.24733442393006144,8,0.0,1.0,0.38314666666666675,0.6304810905967282,1,1,0.24733442393006144,"{""energy"": 0.6666666666666667, ""water"": 0.05493333333333334, ""transport"": 0.33333333333333337}","{""energy"": 0.7732771451282324, ""water"": 0.07056744181811711, ""transport"": 1.0}","{""energy"": 0.10661047846156568, ""water"": 0.01563410848478377, ""transport"": 0.6666666666666666}","{""energy"": 0.0, ""water"": 0.0, ""transport"": 0.0}","{""energy"": 1.0, ""water"": 1.0, ""transport"": 1.0}","{""energy"": 1.0, ""water"": 1.0, ""transport"": 1.0}",0.3,0.1,,0.38314666666666675,1.0,0.6168533333333333,1,"{""energy"": 0.6666666666666667, ""water"": 0.05493333333333334, ""transport"": 0.33333333333333337}","{""energy"": 1.0, ""water"": 1.0, ""transport"": 1.0}","{""energy"": 0.33333333333333326, ""water"": 0.9450666666666666, ""transport"": 0.6666666666666666}",12,0.6304810905967282,,,"[""energy"", ""water""]",1,v2.0,0.7,0.3
S3_transport_load,37,37,2875966844219020543,scenario=S3_transport_load|method=both|duration=0|theta=0.300000|delta_threshold=0.100000|A=v2.0|w=na|run_id=37|seed=2875966844219020543,False,"{""step_1_amount"": 0.4222006288328064}",033832c9a51598bd69064fc3910037f6fde292830c04f0066e6d9779dc60f4ca,0.38314666666666675,0.6264189672124596,0.24327230054579285,13,0.0,1.0,0.38314666666666675,0.6264189672124596,1,0,0.24327230054579285,"{""energy"": 0.6666666666666667, ""water"": 0.05493333333333334, ""transport"": 0.33333333333333337}","{""energy"": 0.7641280971075646, ""water"": 0.06922576123144585, ""transport"": 1.0}","{""energy"": 0.09746143044089783, ""water"": 0.014292427898112504, ""transport"": 0.6666666666666666}","{""energy"": 0.0, ""water"": 0.0, ""transport"": 0.0}","{""energy"": 1.0, ""water"": 1.0, ""transport"": 1.0}","{""energy"": 1.0, ""water"": 1.0, ""transport"": 1.0}",0.3,0.1,,0.38314666666666675,1.0,0.6168533333333333,1,"{""energy"": 0.6666666666666667, ""water"": 0.05493333333333334, ""transport"": 0.33333333333333337}","{""energy"": 1.0, ""water"": 1.0, ""transport"": 1.0}","{""energy"": 0.33333333333333326, ""water"": 0.9450666666666666, ""transport"": 0.6666666666666666}",12,0.6264189672124596,,,"[""energy"", ""water""]",1,v2.0,0.7,0.3
S3_transport_load,38,38,9537033078799593423,scenario=S3_transport_load|method=both|duration=0|theta=0.300000|delta_threshold=0.100000|A=v2.0|w=na|run_id=38|seed=9537033078799593423,False,"{""step_1_amount"": 0.246716220306629}",033832c9a51598bd69064fc3910037f6fde292830c04f0066e6d9779dc60f4ca,0.38314666666666675,0.5715419285612791,0.1883952618946123,29,0.0,0.0,0.38314666666666675,0.5715419285612791,0,0,0.1883952618946123,"{""energy"": 0.6666666666666667, ""water"": 0.05493333333333334, ""transport"": 0.33333333333333337}","{""energy"": 0.7376319325628469, ""water"": 0.0653401777794202, ""transport"": 0.856290340674381}","{""energy"": 0.07096526589618013, ""water"": 0.010406844446086853, ""transport"": 0.5229570073410477}","{""energy"": 0.0, ""water"": 0.0, ""transport"": 0.0}","{""energy"": 0.0, ""water"": 0.0, ""transport"": 0.0}","{""energy"": 0.0, ""water"": 0.0, ""transport"": 0.0}",0.3,0.1,,0.38314666666666675,1.0,0.6168533333333333,1,"{""energy"": 0.6666666666666667, ""water"": 0.05493333333333334, ""transport"": 0.33333333333333337}","{""energy"": 1.0, ""water"": 1.0, ""transport"": 1.0}","{""energy"": 0.33333333333333326, ""water"": 0.9450666666666666, ""transport"": 0.6666666666666666}",12,0.5715419285612791,,,[],,v2.0,0.7,0.3
S3_transport_load,39,39,16766224098216360880,scenario=S3_transport_load|method=both|duration=0|theta=0.300000|delta_threshold=0.100000|A=v2.0|w=na|run_id=39|seed=16766224098216360880,False,"{""step_1_amount"": 0.15721704907217057}",033832c9a51598bd69064fc3910037f6fde292830c04f0066e6d9779dc60f4ca,0.38314666666666675,0.5186110602120676,0.13546439354540085,17,0.0,0.0,0.38314666666666675,0.5186110602120676,0,0,0.13546439354540085,"{""energy"": 0.6666666666666667, ""water"": 0.05493333333333334, ""transport"": 0.33333333333333337}","{""energy"": 0.7176937817370648, ""water"": 0.062416307466722595, ""transport"": 0.7093621842574165}","{""energy"": 0.05102711507039803, ""water"": 0.007482974133389254, ""transport"": 0.3760288509240831}","{""energy"": 0.0, ""water"": 0.0, ""transport"": 0.0}","{""energy"": 0.0, ""water"": 0.0, ""transport"": 0.0}","{""energy"": 0.0, ""water"": 0.0, ""transport"": 0.0}",0.3,0.1,,0.38314666666666675,1.0,0.6168533333333333,1,"{""energy"": 0.6666666666666667, ""water"": 0.05493333333333334, ""transport"": 0.33333333333333337}","{""energy"": 1.0, ""water"": 1.0, ""transport"": 1.0}","{""energy"": 0.33333333333333326, ""water"": 0.9450666666666666, ""transport"": 0.6666666666666666}",12,0.5186110602120676,,,[],,v2.0,0.7,0.3
S3_transport_load,40,40,6474050726416507053,scenario=S3_transport_load|method=both|duration=0|theta=0.300000|delta_threshold=0.100000|A=v2.0|w=na|run_id=40|seed=6474050726416507053,False,"{""step_1_amount"": 0.5442185091584052}",033832c9a51598bd69064fc3910037f6fde292830c04f0066e6d9779dc60f4ca,0.38314666666666675,0.6316232160926765,0.24847654942600972,11,0.0,1.0,0.38314666666666675,0.6316232160926765,1,1,0.24847654942600972,"{""energy"": 0.6666666666666667, ""water"": 0.05493333333333334, ""transport"": 0.33333333333333337}","{""energy"": 0.7758495340045841, ""water"": 0.07094467496947597, ""transport"": 1.0}","{""energy"": 0.10918286733791738, ""water"": 0.01601134163614263, ""transport"": 0.6666666666666666}","{""energy"": 0.0, ""water"": 0.0, ""transport"": 0.0}","{""energy"": 1.0, ""water"": 1.0, ""transport"": 1.0}","{""energy"": 1.0, ""water"": 1.0, ""transport"": 1.0}",0.3,0.1,,0.38314666666666675,1.0,0.6168533333333333,1,"{""energy"": 0.6666666666666667, ""water"": 0.05493333333333334, ""transport"": 0.33333333333333337}","{""energy"": 1.0, ""water"": 1.0, ""transport"": 1.0}","{""energy"": 0.33333333333333326, ""water"": 0.9450666666666666, ""transport"": 0.6666666666666666}",12,0.6316232160926765,,,"[""energy"", ""water""]",1,v2.0,0.7,0.3
S3_transport_load,41,41,13548828647178168546,scenario=S3_transport_load|method=both|duration=0|theta=0.300000|delta_threshold=0.100000|A=v2.0|w=na|run_id=41|seed=13548828647178168546,False,"{""step_1_amount"": 0.38215982376115065}",033832c9a51598bd69064fc3910037f6fde292830c04f0066e6d9779dc60f4ca,0.38314666666666675,0.6242520205328437,0.24110535386617693,14,0.0,0.0,0.38314666666666675,0.6242520205328437,0,0,0.24110535386617693,"{""energy"": 0.6666666666666667, ""water"": 0.05493333333333334, ""transport"": 0.33333333333333337}","{""energy"": 0.7592475217644297, ""water"": 0.06851003942357273, ""transport"": 1.0}","{""energy"": 0.09258085509776293, ""water"": 0.013576706090239386, ""transport"": 0.6666666666666666}","{""energy"": 0.0, ""water"": 0.0, ""transport"": 0.0}","{""energy"": 0.0, ""water"": 0.0, ""transport"": 0.0}","{""energy"": 0.0, ""water"": 0.0, ""transport"": 0.0}",0.3,0.1,,0.38314666666666675,1.0,0.6168533333333333,1,"{""energy"": 0.6666666666666667, ""water"": 0.05493333333333334, ""transport"": 0.33333333333333337}","{""energy"": 1.0, ""water"": 1.0, ""transport"": 1.0}","{""energy"": 0.33333333333333326, ""water"": 0.9450666666666666, ""transport"": 0.6666666666666666}",12,0.6242520205328437,,,[],,v2.0,0.7,0.3
S3_transport_load,42,42,8102322032445934021,scenario=S3_transport_load|method=both|duration=0|theta=0.300000|delta_threshold=0.100000|A=v2.0|w=na|run_id=42|seed=8102322032445934021,False,"{""step_1_amount"": 0.4638050869979353}",033832c9a51598bd69064fc3910037f6fde292830c04f0066e6d9779dc60f4ca,0.38314666666666675,0.628411103057581,0.24526443639091422,28,0.0,1.0,0.38314666666666675,0.628411103057581,1,1,0.24526443639091422,"{""energy"": 0.6666666666666667, ""water"": 0.05493333333333334, ""transport"": 0.33333333333333337}","{""energy"": 0.7686149491271989, ""water"": 0.0698837446890046, ""transport"": 1.0}","{""energy"": 0.10194828246053211, ""water"": 0.01495041135567126, ""transport"": 0.6666666666666666}","{""energy"": 0.0, ""water"": 0.0, ""transport"": 0.0}","{""energy"": 1.0, ""water"": 1.0, ""transport"": 1.0}","{""energy"": 1.0, ""water"": 1.0, ""transport"": 1.0}",0.3,0.1,,0.38314666666666675,1.0,0.6168533333333333,1,"{""energy"": 0.6666666666666667, ""water"": 0.05493333333333334, ""transport"": 0.33333333333333337}","{""energy"": 1.0, ""water"": 1.0, ""transport"": 1.0}","{""energy"": 0.33333333333333326, ""water"": 0.9450666666666666, ""transport"": 0.6666666666666666}",12,0.628411103057581,,,"[""energy"", ""water""]",1,v2.0,0.7,0.3
S3_transport_load,43,43,6954951661001857303,scenario=S3_transport_load|method=both|duration=0|theta=0.300000|delta_threshold=0.100000|A=v2.0|w=na|run_id=43|seed=6954951661001857303,False,"{""step_1_amount"": 0.23146897829915314}",033832c9a51598bd69064fc3910037f6fde292830c04f0066e6d9779dc60f4ca,0.38314666666666675,0.5634984370281388,0.1803517703614721,21,0.0,0.0,0.38314666666666675,0.5634984370281388,0,0,0.1803517703614721,"{""energy"": 0.6666666666666667, ""water"": 0.05493333333333334, ""transport"": 0.33333333333333337}","{""energy"": 0.734602087174791, ""water"": 0.06489585999591015, ""transport"": 0.8339628138648312}","{""energy"": 0.06793542050812429, ""water"": 0.009962526662576805, ""transport"": 0.5006294805314978}","{""energy"": 0.0, ""water"": 0.0, ""transport"": 0.0}","{""energy"": 0.0, ""water"": 0.0, ""transport"": 0.0}","{""energy"": 0.0, ""water"": 0.0, ""transport"": 0.0}",0.3,0.1,,0.38314666666666675,1.0,0.6168533333333333,1,"{""energy"": 0.6666666666666667, ""water"": 0.05493333333333334, ""transport"": 0.33333333333333337}","{""energy"": 1.0, ""water"": 1.0, ""transport"": 1.0}","{""energy"": 0.33333333333333326, ""water"": 0.9450666666666666, ""transport"": 0.6666666666666666}",12,0.5634984370281388,,,[],,v2.0,0.7,0.3
S3_transport_load,44,44,14710134947916348776,scenario=S3_transport_load|method=both|duration=0|theta=0.300000|delta_threshold=0.100000|A=v2.0|w=na|run_id=44|seed=14710134947916348776,False,"{""step_1_amount"": 0.010108758144863278}",033832c9a51598bd69064fc3910037f6fde292830c04f0066e6d9779dc60f4ca,0.38314666666666675,0.3939077111198405,0.010761044453173774,21,0.0,0.0,0.38314666666666675,0.3939077111198405,0,0,0.010761044453173774,"{""energy"": 0.6666666666666667, ""water"": 0.05493333333333334, ""transport"": 0.33333333333333337}","{""energy"": 0.670720167658466, ""water"": 0.05552776715600693, ""transport"": 0.3632043796988401}","{""energy"": 0.0040535009917992415, ""water"": 0.0005944338226735874, ""transport"": 0.029871046365506748}","{""energy"": 0.0, ""water"": 0.0, ""transport"": 0.0}","{""energy"": 0.0, ""water"": 0.0, ""transport"": 0.0}","{""energy"": 0.0, ""water"": 0.0, ""transport"": 0.0}",0.3,0.1,,0.38314666666666675,1.0,0.6168533333333333,1,"{""energy"": 0.6666666666666667, ""water"": 0.05493333333333334, ""transport"": 0.33333333333333337}","{""energy"": 1.0, ""water"": 1.0, ""transport"": 1.0}","{""energy"": 0.33333333333333326, ""water"": 0.9450666666666666, ""transport"": 0.6666666666666666}",12,0.3939077111198405,,,[],,v2.0,0.7,0.3
S3_transport_load,45,45,14533527275950514094,scenario=S3_transport_load|method=both|duration=0|theta=0.300000|delta_threshold=0.100000|A=v2.0|w=na|run_id=45|seed=14533527275950514094,False,"{""step_1_amount"": 0.4454481110282179}",033832c9a51598bd69064fc3910037f6fde292830c04f0066e6d9779dc60f4ca,0.38314666666666675,0.6275626870487715,0.24441602038210475,29,0.0,1.0,0.38314666666666675,0.6275626870487715,1,1,0.24441602038210475,"{""energy"": 0.6666666666666667, ""water"": 0.05493333333333334, ""transport"": 0.33333333333333337}","{""energy"": 0.7667040768882704, ""water"": 0.06960352097821111, ""transport"": 1.0}","{""energy"": 0.10003741022160362, ""water"": 0.01467018764487777, ""transport"": 0.6666666666666666}","{""energy"": 0.0, ""water"": 0.0, ""transport"": 0.0}","{""energy"": 1.0, ""water"": 1.0, ""transport"": 1.0}","{""energy"": 1.0, ""water"": 1.0, ""transport"": 1.0}",0.3,0.1,,0.38314666666666675,1.0,0.6168533333333333,1,"{""energy"": 0.6666666666666667, ""water"": 0.05493333333333334, ""transport"": 0.33333333333333337}","{""energy"": 1.0, ""water"": 1.0, ""transport"": 1.0}","{""energy"": 0.33333333333333326, ""water"": 0.9450666666666666, ""transport"": 0.6666666666666666}",12,0.6275626870487715,,,"[""energy"", ""water""]",1,v2.0,0.7,0.3
S3_transport_load,46,46,14114700733617504374,scenario=S3_transport_load|method=both|duration=0|theta=0.300000|delta_threshold=0.100000|A=v2.0|w=na|run_id=46|seed=14114700733617504374,False,"{""step_1_amount"": 0.5283658680751323}",033832c9a51598bd69064fc3910037f6fde292830c04f0066e6d9779dc60f4ca,0.38314666666666675,0.6310497672964372,0.2479031006297705,17,0.0,1.0,0.38314666666666675,0.6310497672964372,1,1,0.2479031006297705,"{""energy"": 0.6666666666666667, ""water"": 0.05493333333333334, ""transport"": 0.33333333333333337}","{""energy"": 0.7745579655124735, ""water"": 0.070755270304826, ""transport"": 1.0}","{""energy"": 0.10789129884580673, ""water"": 0.015821936971492666, ""transport"": 0.6666666666666666}","{""energy"": 0.0, ""water"": 0.0, ""transport"": 0.0}","{""energy"": 1.0, ""water"": 1.0, ""transport"": 1.0}","{""energy"": 1.0, ""water"": 1.0, ""transport"": 1.0}",0.3,0.1,,0.38314666666666675,1.0,0.6168533333333333,1,"{""energy"": 0.6666666666666667, ""water"": 0.05493333333333334, ""transport"": 0.33333333333333337}","{""energy"": 1.0, ""water"": 1.0, ""transport"": 1.0}","{""energy"": 0.33333333333333326, ""water"": 0.9450666666666666, ""transport"": 0.6666666666666666}",12,0.6310497672964372,,,"[""energy"", ""water""]",1,v2.0,0.7,0.3
S3_transport_load,47,47,15114467867139512117,scenario=S3_transport_load|method=both|duration=0|theta=0.300000|delta_threshold=0.100000|A=v2.0|w=na|run_id=47|seed=15114467867139512117,False,"{""step_1_amount"": 0.24349967647378104}",033832c9a51598bd69064fc3910037f6fde292830c04f0066e6d9779dc60f4ca,0.38314666666666675,0.5698755667089632,0.18672890004229648,18,0.0,0.0,0.38314666666666675,0.5698755667089632,0,0,0.18672890004229648,"{""energy"": 0.6666666666666667, ""water"": 0.05493333333333334, ""transport"": 0.33333333333333337}","{""energy"": 0.7370042426159786, ""water"": 0.0652481289220681, ""transport"": 0.8516647699531709}","{""energy"": 0.07033757594931189, ""water"": 0.010314795588734764, ""transport"": 0.5183314366198375}","{""energy"": 0.0, ""water"": 0.0, ""transport"": 0.0}","{""energy"": 0.0, ""water"": 0.0, ""transport"": 0.0}","{""energy"": 0.0, ""water"": 0.0, ""transport"": 0.0}",0.3,0.1,,0.38314666666666675,1.0,0.6168533333333333,1,"{""energy"": 0.6666666666666667, ""water"": 0.05493333333333334, ""transport"": 0.33333333333333337}","{""energy"": 1.0, ""water"": 1.0, ""transport"": 1.0}","{""energy"": 0.33333333333333326, ""water"": 0.9450666666666666, ""transport"": 0.6666666666666666}",12,0.5698755667089632,,,[],,v2.0,0.7,0.3
S3_transport_load,48,48,9087828319327491264,scenario=S3_transport_load|method=both|duration=0|theta=0.300000|delta_threshold=0.100000|A=v2.0|w=na|run_id=48|seed=9087828319327491264,False,"{""step_1_amount"": 0.48128237483011055}",033832c9a51598bd69064fc3910037f6fde292830c04f0066e6d9779dc60f4ca,0.38314666666666675,0.6291765810086956,0.2460299143420288,7,0.0,1.0,0.38314666666666675,0.6291765810086956,1,1,0.2460299143420288,"{""energy"": 0.6666666666666667, ""water"": 0.05493333333333334, ""transport"": 0.33333333333333337}","{""energy"": 0.770339021458589, ""water"": 0.07013657475086653, ""transport"": 1.0}","{""energy"": 0.10367235479192227, ""water"": 0.015203241417533188, ""transport"": 0.6666666666666666}","{""energy"": 0.0, ""water"": 0.0, ""transport"": 0.0}","{""energy"": 1.0, ""water"": 1.0, ""transport"": 1.0}","{""energy"": 1.0, ""water"": 1.0, ""transport"": 1.0}",0.3,0.1,,0.38314666666666675,1.0,0.6168533333333333,1,"{""energy"": 0.6666666666666667, ""water"": 0.05493333333333334, ""transport"": 0.33333333333333337}","{""energy"": 1.0, ""water"": 1.0, ""transport"": 1.0}","{""energy"": 0.33333333333333326, ""water"": 0.9450666666666666, ""transport"": 0.6666666666666666}",12,0.6291765810086956,,,"[""energy"", ""water""]",1,v2.0,0.7,0.3
S3_transport_load,49,49,13784796035759046326,scenario=S3_transport_load|method=both|duration=0|theta=0.300000|delta_threshold=0.100000|A=v2.0|w=na|run_id=49|seed=13784796035759046326,False,"{""step_1_amount"": 0.7721957552043777}",033832c9a51598bd69064fc3910037f6fde292830c04f0066e6d9779dc60f4ca,0.38314666666666675,0.637455441868191,0.2543087752015243,6,0.0,1.0,0.38314666666666675,0.637455441868191,1,1,0.2543087752015243,"{""energy"": 0.6666666666666667, ""water"": 0.05493333333333334, ""transport"": 0.33333333333333337}","{""energy"": 0.7889853520583159, ""water"": 0.07287100348288247, ""transport"": 1.0}","{""energy"": 0.12231868539164914, ""water"": 0.017937670149549133, ""transport"": 0.6666666666666666}","{""energy"": 0.0, ""water"": 0.0, ""transport"": 0.0}","{""energy"": 1.0, ""water"": 1.0, ""transport"": 1.0}","{""energy"": 1.0, ""water"": 1.0, ""transport"": 1.0}",0.3,0.1,,0.38314666666666675,1.0,0.6168533333333333,1,"{""energy"": 0.6666666666666667, ""water"": 0.05493333333333334, ""transport"": 0.33333333333333337}","{""energy"": 1.0, ""water"": 1.0, ""transport"": 1.0}","{""energy"": 0.33333333333333326, ""water"": 0.9450666666666666, ""transport"": 0.6666666666666666}",12,0.637455441868191,,,"[""energy"", ""water""]",1,v2.0,0.7,0.3
S3_transport_load,50,50,14142361206657072350,scenario=S3_transport_load|method=both|duration=0|theta=0.300000|delta_threshold=0.100000|A=v2.0|w=na|run_id=50|seed=14142361206657072350,False,"{""step_1_amount"": 0.28240817180059874}",033832c9a51598bd69064fc3910037f6fde292830c04f0066e6d9779dc60f4ca,0.38314666666666675,0.5889924851445769,0.20584581847791017,10,0.0,0.0,0.38314666666666675,0.5889924851445769,0,0,0.20584581847791017,"{""energy"": 0.6666666666666667, ""water"": 0.05493333333333334, ""transport"": 0.33333333333333337}","{""energy"": 0.7442052581099767, ""water"": 0.0663041363526544, ""transport"": 0.9047304699826331}","{""energy"": 0.07753859144330999, ""water"": 0.011370803019321064, ""transport"": 0.5713971366492997}","{""energy"": 0.0, ""water"": 0.0, ""transport"": 0.0}","{""energy"": 0.0, ""water"": 0.0, ""transport"": 0.0}","{""energy"": 0.0, ""water"": 0.0, ""transport"": 0.0}",0.3,0.1,,0.38314666666666675,1.0,0.6168533333333333,1,"{""energy"": 0.6666666666666667, ""water"": 0.05493333333333334, ""transport"": 0.33333333333333337}","{""energy"": 1.0, ""water"": 1.0, ""transport"": 1.0}","{""energy"": 0.33333333333333326, ""water"": 0.9450666666666666, ""transport"": 0.6666666666666666}",12,0.5889924851445769,,,[],,v2.0,0.7,0.3
S3_transport_load,51,51,16547310904293415223,scenario=S3_transport_load|method=both|duration=0|theta=0.300000|delta_threshold=0.100000|A=v2.0|w=na|run_id=51|seed=16547310904293415223,False,"{""step_1_amount"": 0.37202876192377826}",033832c9a51598bd69064fc3910037f6fde292830c04f0066e6d9779dc60f4ca,0.38314666666666675,0.6236612210912581,0.24051455442459135,16,0.0,0.0,0.38314666666666675,0.6236612210912581,0,0,0.24051455442459135,"{""energy"": 0.6666666666666667, ""water"": 0.05493333333333334, ""transport"": 0.33333333333333337}","{""energy"": 0.7579168747233813, ""water"": 0.06831490400635193, ""transport"": 1.0}","{""energy"": 0.09125020805671458, ""water"": 0.013381570673018588, ""transport"": 0.6666666666666666}","{""energy"": 0.0, ""water"": 0.0, ""transport"": 0.0}","{""energy"": 0.0, ""water"": 0.0, ""transport"": 0.0}","{""energy"": 0.0, ""water"": 0.0, ""transport"": 0.0}",0.3,0.1,,0.38314666666666675,1.0,0.6168533333333333,1,"{""energy"": 0.6666666666666667, ""water"": 0.05493333333333334, ""transport"": 0.33333333333333337}","{""energy"": 1.0, ""water"": 1.0, ""transport"": 1.0}","{""energy"": 0.33333333333333326, ""water"": 0.9450666666666666, ""transport"": 0.6666666666666666}",12,0.6236612210912581,,,[],,v2.0,0.7,0.3
S3_transport_load,52,52,13070184402977852700,scenario=S3_transport_load|method=both|duration=0|theta=0.300000|delta_threshold=0.100000|A=v2.0|w=na|run_id=52|seed=13070184402977852700,False,"{""step_1_amount"": 0.5068362635562085}",033832c9a51598bd69064fc3910037f6fde292830c04f0066e6d9779dc60f4ca,0.38314666666666675,0.6302259783027748,0.24707931163610808,26,0.0,1.0,0.38314666666666675,0.6302259783027748,1,1,0.24707931163610808,"{""energy"": 0.6666666666666667, ""water"": 0.05493333333333334, ""transport"": 0.33333333333333337}","{""energy"": 0.7727025602603574, ""water"": 0.07048318066210596, ""transport"": 1.0}","{""energy"": 0.1060358935936907, ""water"": 0.015549847328772619, ""transport"": 0.6666666666666666}","{""energy"": 0.0, ""water"": 0.0, ""transport"": 0.0}","{""energy"": 1.0, ""water"": 1.0, ""transport"": 1.0}","{""energy"": 1.0, ""water"": 1.0, ""transport"": 1.0}",0.3,0.1,,0.38314666666666675,1.0,0.6168533333333333,1,"{""energy"": 0.6666666666666667, ""water"": 0.05493333333333334, ""transport"": 0.33333333333333337}","{""energy"": 1.0, ""water"": 1.0, ""transport"": 1.0}","{""energy"": 0.33333333333333326, ""water"": 0.9450666666666666, ""transport"": 0.6666666666666666}",12,0.6302259783027748,,,"[""energy"", ""water""]",1,v2.0,0.7,0.3
S3_transport_load,53,53,3377870681463300587,scenario=S3_transport_load|method=both|duration=0|theta=0.300000|delta_threshold=0.100000|A=v2.0|w=na|run_id=53|seed=3377870681463300587,False,"{""step_1_amount"": 0.35230247001277004}",033832c9a51598bd69064fc3910037f6fde292830c04f0066e6d9779dc60f4ca,0.38314666666666675,0.6181993751698727,0.23505270850320592,17,0.0,0.0,0.38314666666666675,0.6181993751698727,0,0,0.23505270850320592,"{""energy"": 0.6666666666666667, ""water"": 0.05493333333333334, ""transport"": 0.33333333333333337}","{""energy"": 0.7552069929508722, ""water"": 0.0679175079321225, ""transport"": 0.9858044186996232}","{""energy"": 0.0885403262842055, ""water"": 0.012984174598789165, ""transport"": 0.6524710853662898}","{""energy"": 0.0, ""water"": 0.0, ""transport"": 0.0}","{""energy"": 0.0, ""water"": 0.0, ""transport"": 0.0}","{""energy"": 0.0, ""water"": 0.0, ""transport"": 0.0}",0.3,0.1,,0.38314666666666675,1.0,0.6168533333333333,1,"{""energy"": 0.6666666666666667, ""water"": 0.05493333333333334, ""transport"": 0.33333333333333337}","{""energy"": 1.0, ""water"": 1.0, ""transport"": 1.0}","{""energy"": 0.33333333333333326, ""water"": 0.9450666666666666, ""transport"": 0.6666666666666666}",12,0.6181993751698727,,,[],,v2.0,0.7,0.3
S3_transport_load,54,54,3946472892230901394,scenario=S3_transport_load|method=both|duration=0|theta=0.300000|delta_threshold=0.100000|A=v2.0|w=na|run_id=54|seed=3946472892230901394,False,"{""step_1_amount"": 0.3457904618500076}",033832c9a51598bd69064fc3910037f6fde292830c04f0066e6d9779dc60f4ca,0.38314666666666675,0.6157294703108898,0.232582803644223,20,0.0,0.0,0.38314666666666675,0.6157294703108898,0,0,0.232582803644223,"{""energy"": 0.6666666666666667, ""water"": 0.05493333333333334, ""transport"": 0.33333333333333337}","{""energy"": 0.7542766221268223, ""water"": 0.06778107182749028, ""transport"": 0.9789483330397124}","{""energy"": 0.0876099554601556, ""water"": 0.012847738494156942, ""transport"": 0.645614999706379}","{""energy"": 0.0, ""water"": 0.0, ""transport"": 0.0}","{""energy"": 0.0, ""water"": 0.0, ""transport"": 0.0}","{""energy"": 0.0, ""water"": 0.0, ""transport"": 0.0}",0.3,0.1,,0.38314666666666675,1.0,0.6168533333333333,1,"{""energy"": 0.6666666666666667, ""water"": 0.05493333333333334, ""transport"": 0.33333333333333337}","{""energy"": 1.0, ""water"": 1.0, ""transport"": 1.0}","{""energy"": 0.33333333333333326, ""water"": 0.9450666666666666, ""transport"": 0.6666666666666666}",12,0.6157294703108898,,,[],,v2.0,0.7,0.3
S3_transport_load,55,55,7028552605511348582,scenario=S3_transport_load|method=both|duration=0|theta=0.300000|delta_threshold=0.100000|A=v2.0|w=na|run_id=55|seed=7028552605511348582,False,"{""step_1_amount"": 0.19273251714961298}",033832c9a51598bd69064fc3910037f6fde292830c04f0066e6d9779dc60f4ca,0.38314666666666675,0.5413293922688672,0.15818272560220048,22,0.0,0.0,0.38314666666666675,0.5413293922688672,0,0,0.15818272560220048,"{""energy"": 0.6666666666666667, ""water"": 0.05493333333333334, ""transport"": 0.33333333333333337}","{""energy"": 0.726251388010785, ""water"": 0.06367125488637648, ""transport"": 0.7724248686621343}","{""energy"": 0.0595847213441183, ""water"": 0.008737921553043142, ""transport"": 0.43909153532880096}","{""energy"": 0.0, ""water"": 0.0, ""transport"": 0.0}","{""energy"": 0.0, ""water"": 0.0, ""transport"": 0.0}","{""energy"": 0.0, ""water"": 0.0, ""transport"": 0.0}",0.3,0.1,,0.38314666666666675,1.0,0.6168533333333333,1,"{""energy"": 0.6666666666666667, ""water"": 0.05493333333333334, ""transport"": 0.33333333333333337}","{""energy"": 1.0, ""water"": 1.0, ""transport"": 1.0}","{""energy"": 0.33333333333333326, ""water"": 0.9450666666666666, ""transport"": 0.6666666666666666}",12,0.5413293922688672,,,[],,v2.0,0.7,0.3
S3_transport_load,56,56,12307181361380352301,scenario=S3_transport_load|method=both|duration=0|theta=0.300000|delta_threshold=0.100000|A=v2.0|w=na|run_id=56|seed=12307181361380352301,False,"{""step_1_amount"": 0.3075578904443607}",033832c9a51598bd69064fc3910037f6fde292830c04f0066e6d9779dc60f4ca,0.38314666666666675,0.6002135190009874,0.21706685233432066,30,0.0,0.0,0.38314666666666675,0.6002135190009874,0,0,0.21706685233432066,"{""energy"": 0.6666666666666667, ""water"": 0.05493333333333334, ""transport"": 0.33333333333333337}","{""energy"": 0.7484320292253547, ""water"": 0.06692397972182185, ""transport"": 0.9358783779809966}","{""energy"": 0.08176536255868794, ""water"": 0.011990646388488506, ""transport"": 0.6025450446476632}","{""energy"": 0.0, ""water"": 0.0, ""transport"": 0.0}","{""energy"": 0.0, ""water"": 0.0, ""transport"": 0.0}","{""energy"": 0.0, ""water"": 0.0, ""transport"": 0.0}",0.3,0.1,,0.38314666666666675,1.0,0.6168533333333333,1,"{""energy"": 0.6666666666666667, ""water"": 0.05493333333333334, ""transport"": 0.33333333333333337}","{""energy"": 1.0, ""water"": 1.0, ""transport"": 1.0}","{""energy"": 0.33333333333333326, ""water"": 0.9450666666666666, ""transport"": 0.6666666666666666}",12,0.6002135190009874,,,[],,v2.0,0.7,0.3
S3_transport_load,57,57,9704838868303648438,scenario=S3_transport_load|method=both|duration=0|theta=0.300000|delta_threshold=0.100000|A=v2.0|w=na|run_id=57|seed=9704838868303648438,False,"{""step_1_amount"": 0.47601313923260385}",033832c9a51598bd69064fc3910037f6fde292830c04f0066e6d9779dc60f4ca,0.38314666666666675,0.6289500079821566,0.24580334131548986,28,0.0,1.0,0.38314666666666675,0.6289500079821566,1,1,0.24580334131548986,"{""energy"": 0.6666666666666667, ""water"": 0.05493333333333334, ""transport"": 0.33333333333333337}","{""energy"": 0.7698287150735047, ""water"": 0.07006173984251592, ""transport"": 1.0}","{""energy"": 0.10316204840683796, ""water"": 0.015128406509182575, ""transport"": 0.6666666666666666}","{""energy"": 0.0, ""water"": 0.0, ""transport"": 0.0}","{""energy"": 1.0, ""water"": 1.0, ""transport"": 1.0}","{""energy"": 1.0, ""water"": 1.0, ""transport"": 1.0}",0.3,0.1,,0.38314666666666675,1.0,0.6168533333333333,1,"{""energy"": 0.6666666666666667, ""water"": 0.05493333333333334, ""transport"": 0.33333333333333337}","{""energy"": 1.0, ""water"": 1.0, ""transport"": 1.0}","{""energy"": 0.33333333333333326, ""water"": 0.9450666666666666, ""transport"": 0.6666666666666666}",12,0.6289500079821566,,,"[""energy"", ""water""]",1,v2.0,0.7,0.3
S3_transport_load,58,58,3064978711700541878,scenario=S3_transport_load|method=both|duration=0|theta=0.300000|delta_threshold=0.100000|A=v2.0|w=na|run_id=58|seed=3064978711700541878,False,"{""step_1_amount"": 0.8997126973033333}",033832c9a51598bd69064fc3910037f6fde292830c04f0066e6d9779dc60f4ca,0.38314666666666675,0.6393440430380453,0.2561973763713785,27,0.0,1.0,0.38314666666666675,0.6393440430380453,1,1,0.2561973763713785,"{""energy"": 0.6666666666666667, ""water"": 0.05493333333333334, ""transport"": 0.33333333333333337}","{""energy"": 0.7932390147761451, ""water"": 0.07349479042529075, ""transport"": 1.0}","{""energy"": 0.12657234810947837, ""water"": 0.01856145709195741, ""transport"": 0.6666666666666666}","{""energy"": 0.0, ""water"": 0.0, ""transport"": 0.0}","{""energy"": 1.0, ""water"": 1.0, ""transport"": 1.0}","{""energy"": 1.0, ""water"": 1.0, ""transport"": 1.0}",0.3,0.1,,0.38314666666666675,1.0,0.6168533333333333,1,"{""energy"": 0.6666666666666667, ""water"": 0.05493333333333334, ""transport"": 0.33333333333333337}","{""energy"": 1.0, ""water"": 1.0, ""transport"": 1.0}","{""energy"": 0.33333333333333326, ""water"": 0.9450666666666666, ""transport"": 0.6666666666666666}",12,0.6393440430380453,,,"[""energy"", ""water""]",1,v2.0,0.7,0.3
S3_transport_load,59,59,1427140081835728258,scenario=S3_transport_load|method=both|duration=0|theta=0.300000|delta_threshold=0.100000|A=v2.0|w=na|run_id=59|seed=1427140081835728258,False,"{""step_1_amount"": 0.8155567987247943}",033832c9a51598bd69064fc3910037f6fde292830c04f0066e6d9779dc60f4ca,0.38314666666666675,0.6381801379879211,0.2550334713212543,7,0.0,1.0,0.38314666666666675,0.6381801379879211,1,1,0.2550334713212543,"{""energy"": 0.6666666666666667, ""water"": 0.05493333333333334, ""transport"": 0.33333333333333337}","{""energy"": 0.7906175721985208, ""water"": 0.07311036369504223, ""transport"": 1.0}","{""energy"": 0.12395090553185406, ""water"": 0.01817703036170889, ""transport"": 0.6666666666666666}","{""energy"": 0.0, ""water"": 0.0, ""transport"": 0.0}","{""energy"": 1.0, ""water"": 1.0, ""transport"": 1.0}","{""energy"": 1.0, ""water"": 1.0, ""transport"": 1.0}",0.3,0.1,,0.38314666666666675,1.0,0.6168533333333333,1,"{""energy"": 0.6666666666666667, ""water"": 0.05493333333333334, ""transport"": 0.33333333333333337}","{""energy"": 1.0, ""water"": 1.0, ""transport"": 1.0}","{""energy"": 0.33333333333333326, ""water"": 0.9450666666666666, ""transport"": 0.6666666666666666}",12,0.6381801379879211,,,"[""energy"", ""water""]",1,v2.0,0.7,0.3
S3_transport_load,60,60,14629378938094824395,scenario=S3_transport_load|method=both|duration=0|theta=0.300000|delta_threshold=0.100000|A=v2.0|w=na|run_id=60|seed=14629378938094824395,False,"{""step_1_amount"": 0.2614931798568539}",033832c9a51598bd69064fc3910037f6fde292830c04f0066e6d9779dc60f4ca,0.38314666666666675,0.5789940012575393,0.19584733459087256,23,0.0,0.0,0.38314666666666675,0.5789940012575393,0,0,0.19584733459087256,"{""energy"": 0.6666666666666667, ""water"": 0.05493333333333334, ""transport"": 0.33333333333333337}","{""energy"": 0.740439000612486, ""water"": 0.06575182593113588, ""transport"": 0.8769761774440138}","{""energy"": 0.07377233394581928, ""water"": 0.010818492597802536, ""transport"": 0.5436428441106804}","{""energy"": 0.0, ""water"": 0.0, ""transport"": 0.0}","{""energy"": 0.0, ""water"": 0.0, ""transport"": 0.0}","{""energy"": 0.0, ""water"": 0.0, ""transport"": 0.0}",0.3,0.1,,0.38314666666666675,1.0,0.6168533333333333,1,"{""energy"": 0.6666666666666667, ""water"": 0.05493333333333334, ""transport"": 0.33333333333333337}","{""energy"": 1.0, ""water"": 1.0, ""transport"": 1.0}","{""energy"": 0.33333333333333326, ""water"": 0.9450666666666666, ""transport"": 0.6666666666666666}",12,0.5789940012575393,,,[],,v2.0,0.7,0.3
S3_transport_load,61,61,3370057095382879468,scenario=S3_transport_load|method=both|duration=0|theta=0.300000|delta_threshold=0.100000|A=v2.0|w=na|run_id=61|seed=3370057095382879468,False,"{""step_1_amount"": 0.40823959533945237}",033832c9a51598bd69064fc3910037f6fde292830c04f0066e6d9779dc60f4ca,0.38314666666666675,0.6256927873400746,0.24254612067340786,30,0.0,1.0,0.38314666666666675,0.6256927873400746,1,0,0.24254612067340786,"{""energy"": 0.6666666666666667, ""water"": 0.05493333333333334, ""transport"": 0.33333333333333337}","{""energy"": 0.7624925351377283, ""water"": 0.06898591094994444, ""transport"": 1.0}","{""energy"": 0.09582586847106156, ""water"": 0.014052577616611099, ""transport"": 0.6666666666666666}","{""energy"": 0.0, ""water"": 0.0, ""transport"": 0.0}","{""energy"": 1.0, ""water"": 1.0, ""transport"": 1.0}","{""energy"": 1.0, ""water"": 1.0, ""transport"": 1.0}",0.3,0.1,,0.38314666666666675,1.0,0.6168533333333333,1,"{""energy"": 0.6666666666666667, ""water"": 0.05493333333333334, ""transport"": 0.33333333333333337}","{""energy"": 1.0, ""water"": 1.0, ""transport"": 1.0}","{""energy"": 0.33333333333333326, ""water"": 0.9450666666666666, ""transport"": 0.6666666666666666}",12,0.6256927873400746,,,"[""energy"", ""water""]",1,v2.0,0.7,0.3
S3_transport_load,62,62,17883115582044246318,scenario=S3_transport_load|method=both|duration=0|theta=0.300000|delta_threshold=0.100000|A=v2.0|w=na|run_id=62|seed=17883115582044246318,False,"{""step_1_amount"": 0.5119909260733135}",033832c9a51598bd69064fc3910037f6fde292830c04f0066e6d9779dc60f4ca,0.38314666666666675,0.630428082964151,0.24728141629748424,11,0.0,1.0,0.38314666666666675,0.630428082964151,1,1,0.24728141629748424,"{""energy"": 0.6666666666666667, ""water"": 0.05493333333333334, ""transport"": 0.33333333333333337}","{""energy"": 0.7731577569831584, ""water"": 0.07054993390295886, ""transport"": 1.0}","{""energy"": 0.10649109031649162, ""water"": 0.015616600569625515, ""transport"": 0.6666666666666666}","{""energy"": 0.0, ""water"": 0.0, ""transport"": 0.0}","{""energy"": 1.0, ""water"": 1.0, ""transport"": 1.0}","{""energy"": 1.0, ""water"": 1.0, ""transport"": 1.0}",0.3,0.1,,0.38314666666666675,1.0,0.6168533333333333,1,"{""energy"": 0.6666666666666667, ""water"": 0.05493333333333334, ""transport"": 0.33333333333333337}","{""energy"": 1.0, ""water"": 1.0, ""transport"": 1.0}","{""energy"": 0.33333333333333326, ""water"": 0.9450666666666666, ""transport"": 0.6666666666666666}",12,0.630428082964151,,,"[""energy"", ""water""]",1,v2.0,0.7,0.3
S3_transport_load,63,63,6263301735003985734,scenario=S3_transport_load|method=both|duration=0|theta=0.300000|delta_threshold=0.100000|A=v2.0|w=na|run_id=63|seed=6263301735003985734,False,"{""step_1_amount"": 0.2993359279095463}",033832c9a51598bd69064fc3910037f6fde292830c04f0066e6d9779dc60f4ca,0.38314666666666675,0.5966378624893431,0.2134911958226764,17,0.0,0.0,0.38314666666666675,0.5966378624893431,0,0,0.2134911958226764,"{""energy"": 0.6666666666666667, ""water"": 0.05493333333333334, ""transport"": 0.33333333333333337}","{""energy"": 0.7470851407072974, ""water"": 0.06672646254047078, ""transport"": 0.9259528914809431}","{""energy"": 0.08041847404063063, ""water"": 0.011793129207137439, ""transport"": 0.5926195581476097}","{""energy"": 0.0, ""water"": 0.0, ""transport"": 0.0}","{""energy"": 0.0, ""water"": 0.0, ""transport"": 0.0}","{""energy"": 0.0, ""water"": 0.0, ""transport"": 0.0}",0.3,0.1,,0.38314666666666675,1.0,0.6168533333333333,1,"{""energy"": 0.6666666666666667, ""water"": 0.05493333333333334, ""transport"": 0.33333333333333337}","{""energy"": 1.0, ""water"": 1.0, ""transport"": 1.0}","{""energy"": 0.33333333333333326, ""water"": 0.9450666666666666, ""transport"": 0.6666666666666666}",12,0.5966378624893431,,,[],,v2.0,0.7,0.3
S3_transport_load,64,64,17783660201457000081,scenario=S3_transport_load|method=both|duration=0|theta=0.300000|delta_threshold=0.100000|A=v2.0|w=na|run_id=64|seed=17783660201457000081,False,"{""step_1_amount"": 0.4384040317109398}",033832c9a51598bd69064fc3910037f6fde292830c04f0066e6d9779dc60f4ca,0.38314666666666675,0.6272245190854717,0.24407785241880497,9,0.0,1.0,0.38314666666666675,0.6272245190854717,1,0,0.24407785241880497,"{""energy"": 0.6666666666666667, ""water"": 0.05493333333333334, ""transport"": 0.33333333333333337}","{""energy"": 0.7659424272182325, ""water"": 0.06949182732726229, ""transport"": 1.0}","{""energy"": 0.09927576055156573, ""water"": 0.014558493993928952, ""transport"": 0.6666666666666666}","{""energy"": 0.0, ""water"": 0.0, ""transport"": 0.0}","{""energy"": 1.0, ""water"": 1.0, ""transport"": 1.0}","{""energy"": 1.0, ""water"": 1.0, ""transport"": 1.0}",0.3,0.1,,0.38314666666666675,1.0,0.6168533333333333,1,"{""energy"": 0.6666666666666667, ""water"": 0.05493333333333334, ""transport"": 0.33333333333333337}","{""energy"": 1.0, ""water"": 1.0, ""transport"": 1.0}","{""energy"": 0.33333333333333326, ""water"": 0.9450666666666666, ""transport"": 0.6666666666666666}",12,0.6272245190854717,,,"[""energy"", ""water""]",1,v2.0,0.7,0.3
S3_transport_load,65,65,13293808346710686042,scenario=S3_transport_load|method=both|duration=0|theta=0.300000|delta_threshold=0.100000|A=v2.0|w=na|run_id=65|seed=13293808346710686042,False,"{""step_1_amount"": 0.03968063550216136}",033832c9a51598bd69064fc3910037f6fde292830c04f0066e6d9779dc60f4ca,0.38314666666666675,0.42357730922855097,0.04043064256188422,19,0.0,0.0,0.38314666666666675,0.42357730922855097,0,0,0.04043064256188422,"{""energy"": 0.6666666666666667, ""water"": 0.05493333333333334, ""transport"": 0.33333333333333337}","{""energy"": 0.6818961967031627, ""water"": 0.05716669846027712, ""transport"": 0.44556273669734237}","{""energy"": 0.015229530036495964, ""water"": 0.002233365126943776, ""transport"": 0.112229403364009}","{""energy"": 0.0, ""water"": 0.0, ""transport"": 0.0}","{""energy"": 0.0, ""water"": 0.0, ""transport"": 0.0}","{""energy"": 0.0, ""water"": 0.0, ""transport"": 0.0}",0.3,0.1,,0.38314666666666675,1.0,0.6168533333333333,1,"{""energy"": 0.6666666666666667, ""water"": 0.05493333333333334, ""transport"": 0.33333333333333337}","{""energy"": 1.0, ""water"": 1.0, ""transport"": 1.0}","{""energy"": 0.33333333333333326, ""water"": 0.9450666666666666, ""transport"": 0.6666666666666666}",12,0.42357730922855097,,,[],,v2.0,0.7,0.3
S3_transport_load,66,66,8828136742452539615,scenario=S3_transport_load|method=both|duration=0|theta=0.300000|delta_threshold=0.100000|A=v2.0|w=na|run_id=66|seed=8828136742452539615,False,"{""step_1_amount"": 0.35384213752409244}",033832c9a51598bd69064fc3910037f6fde292830c04f0066e6d9779dc60f4ca,0.38314666666666675,0.6187763282767305,0.2356296616100637,12,0.0,0.0,0.38314666666666675,0.6187763282767305,0,0,0.2356296616100637,"{""energy"": 0.6666666666666667, ""water"": 0.05493333333333334, ""transport"": 0.33333333333333337}","{""energy"": 0.7554243212967449, ""water"": 0.06794937848542291, ""transport"": 0.9874059540413519}","{""energy"": 0.08875765463007812, ""water"": 0.013016045152089574, ""transport"": 0.6540726207080185}","{""energy"": 0.0, ""water"": 0.0, ""transport"": 0.0}","{""energy"": 0.0, ""water"": 0.0, ""transport"": 0.0}","{""energy"": 0.0, ""water"": 0.0, ""transport"": 0.0}",0.3,0.1,,0.38314666666666675,1.0,0.6168533333333333,1,"{""energy"": 0.6666666666666667, ""water"": 0.05493333333333334, ""transport"": 0.33333333333333337}","{""energy"": 1.0, ""water"": 1.0, ""transport"": 1.0}","{""energy"": 0.33333333333333326, ""water"": 0.9450666666666666, ""transport"": 0.6666666666666666}",12,0.6187763282767305,,,[],,v2.0,0.7,0.3
S3_transport_load,67,67,6341279296879737447,scenario=S3_transport_load|method=both|duration=0|theta=0.300000|delta_threshold=0.100000|A=v2.0|w=na|run_id=67|seed=6341279296879737447,False,"{""step_1_amount"": 0.4589590521185048}",033832c9a51598bd69064fc3910037f6fde292830c04f0066e6d9779dc60f4ca,0.38314666666666675,0.6281916500153817,0.24504498334871494,20,0.0,1.0,0.38314666666666675,0.6281916500153817,1,1,0.24504498334871494,"{""energy"": 0.6666666666666667, ""water"": 0.05493333333333334, ""transport"": 0.33333333333333337}","{""energy"": 0.7681206789558057, ""water"": 0.06981126144353132, ""transport"": 1.0}","{""energy"": 0.10145401228913897, ""water"": 0.014877928110197981, ""transport"": 0.6666666666666666}","{""energy"": 0.0, ""water"": 0.0, ""transport"": 0.0}","{""energy"": 1.0, ""water"": 1.0, ""transport"": 1.0}","{""energy"": 1.0, ""water"": 1.0, ""transport"": 1.0}",0.3,0.1,,0.38314666666666675,1.0,0.6168533333333333,1,"{""energy"": 0.6666666666666667, ""water"": 0.05493333333333334, ""transport"": 0.33333333333333337}","{""energy"": 1.0, ""water"": 1.0, ""transport"": 1.0}","{""energy"": 0.33333333333333326, ""water"": 0.9450666666666666, ""transport"": 0.6666666666666666}",12,0.6281916500153817,,,"[""energy"", ""water""]",1,v2.0,0.7,0.3
S3_transport_load,68,68,2796880666480280477,scenario=S3_transport_load|method=both|duration=0|theta=0.300000|delta_threshold=0.100000|A=v2.0|w=na|run_id=68|seed=2796880666480280477,False,"{""step_1_amount"": 0.3513080210887539}",033832c9a51598bd69064fc3910037f6fde292830c04f0066e6d9779dc60f4ca,0.38314666666666675,0.6178253105296536,0.23467864386298687,16,0.0,0.0,0.38314666666666675,0.6178253105296536,0,0,0.23467864386298687,"{""energy"": 0.6666666666666667, ""water"": 0.05493333333333334, ""transport"": 0.33333333333333337}","{""energy"": 0.7550660892126968, ""water"": 0.06789684481944976, ""transport"": 0.9847660713291331}","{""energy"": 0.08839942254603006, ""water"": 0.012963511486116415, ""transport"": 0.6514327379957997}","{""energy"": 0.0, ""water"": 0.0, ""transport"": 0.0}","{""energy"": 0.0, ""water"": 0.0, ""transport"": 0.0}","{""energy"": 0.0, ""water"": 0.0, ""transport"": 0.0}",0.3,0.1,,0.38314666666666675,1.0,0.6168533333333333,1,"{""energy"": 0.6666666666666667, ""water"": 0.05493333333333334, ""transport"": 0.33333333333333337}","{""energy"": 1.0, ""water"": 1.0, ""transport"": 1.0}","{""energy"": 0.33333333333333326, ""water"": 0.9450666666666666, ""transport"": 0.6666666666666666}",12,0.6178253105296536,,,[],,v2.0,0.7,0.3
S3_transport_load,69,69,13703029104163410303,scenario=S3_transport_load|method=both|duration=0|theta=0.300000|delta_threshold=0.100000|A=v2.0|w=na|run_id=69|seed=13703029104163410303,False,"{""step_1_amount"": 0.30354915866409354}",033832c9a51598bd69064fc3910037f6fde292830c04f0066e6d9779dc60f4ca,0.38314666666666675,0.5984811746209255,0.2153345079542588,14,0.0,0.0,0.38314666666666675,0.5984811746209255,0,0,0.2153345079542588,"{""energy"": 0.6666666666666667, ""water"": 0.05493333333333334, ""transport"": 0.33333333333333337}","{""energy"": 0.7477794847912828, ""water"": 0.06682828602810018, ""transport"": 0.9310696496532748}","{""energy"": 0.08111281812461602, ""water"": 0.011894952694766835, ""transport"": 0.5977363163199414}","{""energy"": 0.0, ""water"": 0.0, ""transport"": 0.0}","{""energy"": 0.0, ""water"": 0.0, ""transport"": 0.0}","{""energy"": 0.0, ""water"": 0.0, ""transport"": 0.0}",0.3,0.1,,0.38314666666666675,1.0,0.6168533333333333,1,"{""energy"": 0.6666666666666667, ""water"": 0.05493333333333334, ""transport"": 0.33333333333333337}","{""energy"": 1.0, ""water"": 1.0, ""transport"": 1.0}","{""energy"": 0.33333333333333326, ""water"": 0.9450666666666666, ""transport"": 0.6666666666666666}",12,0.5984811746209255,,,[],,v2.0,0.7,0.3
S3_transport_load,70,70,3458444422037962768,scenario=S3_transport_load|method=both|duration=0|theta=0.300000|delta_threshold=0.100000|A=v2.0|w=na|run_id=70|seed=3458444422037962768,False,"{""step_1_amount"": 0.374530737738291}",033832c9a51598bd69064fc3910037f6fde292830c04f0066e6d9779dc60f4ca,0.38314666666666675,0.6238087993650142,0.24066213269834746,13,0.0,0.0,0.38314666666666675,0.6238087993650142,0,0,0.24066213269834746,"{""energy"": 0.6666666666666667, ""water"": 0.05493333333333334, ""transport"": 0.33333333333333337}","{""energy"": 0.7582492626362228, ""water"": 0.0683636477017502, ""transport"": 1.0}","{""energy"": 0.09158259596955609, ""water"": 0.013430314368416858, ""transport"": 0.6666666666666666}","{""energy"": 0.0, ""water"": 0.0, ""transport"": 0.0}","{""energy"": 0.0, ""water"": 0.0, ""transport"": 0.0}","{""energy"": 0.0, ""water"": 0.0, ""transport"": 0.0}",0.3,0.1,,0.38314666666666675,1.0,0.6168533333333333,1,"{""energy"": 0.6666666666666667, ""water"": 0.05493333333333334, ""transport"": 0.33333333333333337}","{""energy"": 1.0, ""water"": 1.0, ""transport"": 1.0}","{""energy"": 0.33333333333333326, ""water"": 0.9450666666666666, ""transport"": 0.6666666666666666}",12,0.6238087993650142,,,[],,v2.0,0.7,0.3
S3_transport_load,71,71,9195586368077327883,scenario=S3_transport_load|method=both|duration=0|theta=0.300000|delta_threshold=0.100000|A=v2.0|w=na|run_id=71|seed=9195586368077327883,False,"{""step_1_amount"": 0.25647948267787135}",033832c9a51598bd69064fc3910037f6fde292830c04f0066e6d9779dc60f4ca,0.38314666666666675,0.5765025153563534,0.1933558486896867,16,0.0,0.0,0.38314666666666675,0.5765025153563534,0,0,0.1933558486896867,"{""energy"": 0.6666666666666667, ""water"": 0.05493333333333334, ""transport"": 0.33333333333333337}","{""energy"": 0.7395005005797562, ""water"": 0.06561419770231257, ""transport"": 0.8700601860458572}","{""energy"": 0.07283383391308951, ""water"": 0.010680864368979227, ""transport"": 0.5367268527125238}","{""energy"": 0.0, ""water"": 0.0, ""transport"": 0.0}","{""energy"": 0.0, ""water"": 0.0, ""transport"": 0.0}","{""energy"": 0.0, ""water"": 0.0, ""transport"": 0.0}",0.3,0.1,,0.38314666666666675,1.0,0.6168533333333333,1,"{""energy"": 0.6666666666666667, ""water"": 0.05493333333333334, ""transport"": 0.33333333333333337}","{""energy"": 1.0, ""water"": 1.0, ""transport"": 1.0}","{""energy"": 0.33333333333333326, ""water"": 0.9450666666666666, ""transport"": 0.6666666666666666}",12,0.5765025153563534,,,[],,v2.0,0.7,0.3
S3_transport_load,72,72,12431553931124822002,scenario=S3_transport_load|method=both|duration=0|theta=0.300000|delta_threshold=0.100000|A=v2.0|w=na|run_id=72|seed=12431553931124822002,False,"{""step_1_amount"": 0.4468819106329341}",033832c9a51598bd69064fc3910037f6fde292830c04f0066e6d9779dc60f4ca,0.38314666666666675,0.6276306490393126,0.2444839823726459,9,0.0,1.0,0.38314666666666675,0.6276306490393126,1,1,0.2444839823726459,"{""energy"": 0.6666666666666667, ""water"": 0.05493333333333334, ""transport"": 0.33333333333333337}","{""energy"": 0.7668571464669666, ""water"": 0.06962596817508697, ""transport"": 1.0}","{""energy"": 0.10019047980029983, ""water"": 0.014692634841753628, ""transport"": 0.6666666666666666}","{""energy"": 0.0, ""water"": 0.0, ""transport"": 0.0}","{""energy"": 1.0, ""water"": 1.0, ""transport"": 1.0}","{""energy"": 1.0, ""water"": 1.0, ""transport"": 1.0}",0.3,0.1,,0.38314666666666675,1.0,0.6168533333333333,1,"{""energy"": 0.6666666666666667, ""water"": 0.05493333333333334, ""transport"": 0.33333333333333337}","{""energy"": 1.0, ""water"": 1.0, ""transport"": 1.0}","{""energy"": 0.33333333333333326, ""water"": 0.9450666666666666, ""transport"": 0.6666666666666666}",12,0.6276306490393126,,,"[""energy"", ""water""]",1,v2.0,0.7,0.3
S3_transport_load,73,73,14578681191090969637,scenario=S3_transport_load|method=both|duration=0|theta=0.300000|delta_threshold=0.100000|A=v2.0|w=na|run_id=73|seed=14578681191090969637,False,"{""step_1_amount"": 0.2594335521345856}",033832c9a51598bd69064fc3910037f6fde292830c04f0066e6d9779dc60f4ca,0.38314666666666675,0.5779750315904761,0.1948283649238094,6,0.0,0.0,0.38314666666666675,0.5779750315904761,0,0,0.1948283649238094,"{""energy"": 0.6666666666666667, ""water"": 0.05493333333333334, ""transport"": 0.33333333333333337}","{""energy"": 0.7400551722049344, ""water"": 0.06569553864071379, ""transport"": 0.8741476703876273}","{""energy"": 0.0733885055382677, ""water"": 0.010762205307380444, ""transport"": 0.5408143370542939}","{""energy"": 0.0, ""water"": 0.0, ""transport"": 0.0}","{""energy"": 0.0, ""water"": 0.0, ""transport"": 0.0}","{""energy"": 0.0, ""water"": 0.0, ""transport"": 0.0}",0.3,0.1,,0.38314666666666675,1.0,0.6168533333333333,1,"{""energy"": 0.6666666666666667, ""water"": 0.05493333333333334, ""transport"": 0.33333333333333337}","{""energy"": 1.0, ""water"": 1.0, ""transport"": 1.0}","{""energy"": 0.33333333333333326, ""water"": 0.9450666666666666, ""transport"": 0.6666666666666666}",12,0.5779750315904761,,,[],,v2.0,0.7,0.3
S3_transport_load,74,74,1244781795176152607,scenario=S3_transport_load|method=both|duration=0|theta=0.300000|delta_threshold=0.100000|A=v2.0|w=na|run_id=74|seed=1244781795176152607,False,"{""step_1_amount"": 0.43407667264130806}",033832c9a51598bd69064fc3910037f6fde292830c04f0066e6d9779dc60f4ca,0.38314666666666675,0.627013202319525,0.2438665356528582,12,0.0,1.0,0.38314666666666675,0.627013202319525,1,0,0.2438665356528582,"{""energy"": 0.6666666666666667, ""water"": 0.05493333333333334, ""transport"": 0.33333333333333337}","{""energy"": 0.7654664822366727, ""water"": 0.0694220314161861, ""transport"": 1.0}","{""energy"": 0.09879981557000594, ""water"": 0.014488698082852754, ""transport"": 0.6666666666666666}","{""energy"": 0.0, ""water"": 0.0, ""transport"": 0.0}","{""energy"": 1.0, ""water"": 1.0, ""transport"": 1.0}","{""energy"": 1.0, ""water"": 1.0, ""transport"": 1.0}",0.3,0.1,,0.38314666666666675,1.0,0.6168533333333333,1,"{""energy"": 0.6666666666666667, ""water"": 0.05493333333333334, ""transport"": 0.33333333333333337}","{""energy"": 1.0, ""water"": 1.0, ""transport"": 1.0}","{""energy"": 0.33333333333333326, ""water"": 0.9450666666666666, ""transport"": 0.6666666666666666}",12,0.627013202319525,,,"[""energy"", ""water""]",1,v2.0,0.7,0.3
S3_transport_load,75,75,5428470119931192713,scenario=S3_transport_load|method=both|duration=0|theta=0.300000|delta_threshold=0.100000|A=v2.0|w=na|run_id=75|seed=5428470119931192713,False,"{""step_1_amount"": 0.3698829690013715}",033832c9a51598bd69064fc3910037f6fde292830c04f0066e6d9779dc60f4ca,0.38314666666666675,0.6235337667571994,0.24038710009053266,16,0.0,0.0,0.38314666666666675,0.6235337667571994,0,0,0.24038710009053266,"{""energy"": 0.6666666666666667, ""water"": 0.05493333333333334, ""transport"": 0.33333333333333337}","{""energy"": 0.7576298116008622, ""water"": 0.06827280705618145, ""transport"": 1.0}","{""energy"": 0.09096314493419544, ""water"": 0.013339473722848112, ""transport"": 0.6666666666666666}","{""energy"": 0.0, ""water"": 0.0, ""transport"": 0.0}","{""energy"": 0.0, ""water"": 0.0, ""transport"": 0.0}","{""energy"": 0.0, ""water"": 0.0, ""transport"": 0.0}",0.3,0.1,,0.38314666666666675,1.0,0.6168533333333333,1,"{""energy"": 0.6666666666666667, ""water"": 0.05493333333333334, ""transport"": 0.33333333333333337}","{""energy"": 1.0, ""water"": 1.0, ""transport"": 1.0}","{""energy"": 0.33333333333333326, ""water"": 0.9450666666666666, ""transport"": 0.6666666666666666}",12,0.6235337667571994,,,[],,v2.0,0.7,0.3
S3_transport_load,76,76,12320210584015313568,scenario=S3_transport_load|method=both|duration=0|theta=0.300000|delta_threshold=0.100000|A=v2.0|w=na|run_id=76|seed=12320210584015313568,False,"{""step_1_amount"": 0.3043011990921897}",033832c9a51598bd69064fc3910037f6fde292830c04f0066e6d9779dc60f4ca,0.38314666666666675,0.5988077530081468,0.21566108634148007,22,0.0,0.0,0.38314666666666675,0.5988077530081468,0,0,0.21566108634148007,"{""energy"": 0.6666666666666667, ""water"": 0.05493333333333334, ""transport"": 0.33333333333333337}","{""energy"": 0.7479025012719099, ""water"": 0.06684632602783842, ""transport"": 0.9319761823034378}","{""energy"": 0.0812358346052432, ""water"": 0.011912992694505083, ""transport"": 0.5986428489701044}","{""energy"": 0.0, ""water"": 0.0, ""transport"": 0.0}","{""energy"": 0.0, ""water"": 0.0, ""transport"": 0.0}","{""energy"": 0.0, ""water"": 0.0, ""transport"": 0.0}",0.3,0.1,,0.38314666666666675,1.0,0.6168533333333333,1,"{""energy"": 0.6666666666666667, ""water"": 0.05493333333333334, ""transport"": 0.33333333333333337}","{""energy"": 1.0, ""water"": 1.0, ""transport"": 1.0}","{""energy"": 0.33333333333333326, ""water"": 0.9450666666666666, ""transport"": 0.6666666666666666}",12,0.5988077530081468,,,[],,v2.0,0.7,0.3
S3_transport_load,77,77,9011100481232643931,scenario=S3_transport_load|method=both|duration=0|theta=0.300000|delta_threshold=0.100000|A=v2.0|w=na|run_id=77|seed=9011100481232643931,False,"{""step_1_amount"": 0.16117155486500376}",033832c9a51598bd69064fc3910037f6fde292830c04f0066e6d9779dc60f4ca,0.38314666666666675,0.5212620520241986,0.13811538535753187,14,0.0,0.0,0.38314666666666675,0.5212620520241986,0,0,0.13811538535753187,"{""energy"": 0.6666666666666667, ""water"": 0.05493333333333334, ""transport"": 0.33333333333333337}","{""energy"": 0.7186923649123769, ""water"": 0.06256274670908597, ""transport"": 0.7167209401550736}","{""energy"": 0.05202569824571013, ""water"": 0.007629413375752632, ""transport"": 0.3833876068217402}","{""energy"": 0.0, ""water"": 0.0, ""transport"": 0.0}","{""energy"": 0.0, ""water"": 0.0, ""transport"": 0.0}","{""energy"": 0.0, ""water"": 0.0, ""transport"": 0.0}",0.3,0.1,,0.38314666666666675,1.0,0.6168533333333333,1,"{""energy"": 0.6666666666666667, ""water"": 0.05493333333333334, ""transport"": 0.33333333333333337}","{""energy"": 1.0, ""water"": 1.0, ""transport"": 1.0}","{""energy"": 0.33333333333333326, ""water"": 0.9450666666666666, ""transport"": 0.6666666666666666}",12,0.5212620520241986,,,[],,v2.0,0.7,0.3
S3_transport_load,78,78,7132272864970580114,scenario=S3_transport_load|method=both|duration=0|theta=0.300000|delta_threshold=0.100000|A=v2.0|w=na|run_id=78|seed=7132272864970580114,False,"{""step_1_amount"": 0.35430310872785997}",033832c9a51598bd69064fc3910037f6fde292830c04f0066e6d9779dc60f4ca,0.38314666666666675,0.618948548328732,0.23580188166206528,6,0.0,0.0,0.38314666666666675,0.618948548328732,0,0,0.23580188166206528,"{""energy"": 0.6666666666666667, ""water"": 0.05493333333333334, ""transport"": 0.33333333333333337}","{""energy"": 0.7554891936383316, ""water"": 0.0679588918207035, ""transport"": 0.9878840110906277}","{""energy"": 0.08882252697166482, ""water"": 0.013025558487370158, ""transport"": 0.6545506777572944}","{""energy"": 0.0, ""water"": 0.0, ""transport"": 0.0}","{""energy"": 0.0, ""water"": 0.0, ""transport"": 0.0}","{""energy"": 0.0, ""water"": 0.0, ""transport"": 0.0}",0.3,0.1,,0.38314666666666675,1.0,0.6168533333333333,1,"{""energy"": 0.6666666666666667, ""water"": 0.05493333333333334, ""transport"": 0.33333333333333337}","{""energy"": 1.0, ""water"": 1.0, ""transport"": 1.0}","{""energy"": 0.33333333333333326, ""water"": 0.9450666666666666, ""transport"": 0.6666666666666666}",12,0.618948548328732,,,[],,v2.0,0.7,0.3
S3_transport_load,79,79,7570320247820597051,scenario=S3_transport_load|method=both|duration=0|theta=0.300000|delta_threshold=0.100000|A=v2.0|w=na|run_id=79|seed=7570320247820597051,False,"{""step_1_amount"": 0.4846860360787924}",033832c9a51598bd69064fc3910037f6fde292830c04f0066e6d9779dc60f4ca,0.38314666666666675,0.6293210432661263,0.2461743765994595,5,0.0,1.0,0.38314666666666675,0.6293210432661263,1,1,0.2461743765994595,"{""energy"": 0.6666666666666667, ""water"": 0.05493333333333334, ""transport"": 0.33333333333333337}","{""energy"": 0.770664391223458, ""water"": 0.07018428925581047, ""transport"": 1.0}","{""energy"": 0.10399772455679124, ""water"": 0.015250955922477126, ""transport"": 0.6666666666666666}","{""energy"": 0.0, ""water"": 0.0, ""transport"": 0.0}","{""energy"": 1.0, ""water"": 1.0, ""transport"": 1.0}","{""energy"": 1.0, ""water"": 1.0, ""transport"": 1.0}",0.3,0.1,,0.38314666666666675,1.0,0.6168533333333333,1,"{""energy"": 0.6666666666666667, ""water"": 0.05493333333333334, ""transport"": 0.33333333333333337}","{""energy"": 1.0, ""water"": 1.0, ""transport"": 1.0}","{""energy"": 0.33333333333333326, ""water"": 0.9450666666666666, ""transport"": 0.6666666666666666}",12,0.6293210432661263,,,"[""energy"", ""water""]",1,v2.0,0.7,0.3
S3_transport_load,80,80,6912133186202259221,scenario=S3_transport_load|method=both|duration=0|theta=0.300000|delta_threshold=0.100000|A=v2.0|w=na|run_id=80|seed=6912133186202259221,False,"{""step_1_amount"": 0.17143296129915514}",033832c9a51598bd69064fc3910037f6fde292830c04f0066e6d9779dc60f4ca,0.38314666666666675,0.5279961095668608,0.14484944290019408,25,0.0,0.0,0.38314666666666675,0.5279961095668608,0,0,0.14484944290019408,"{""energy"": 0.6666666666666667, ""water"": 0.05493333333333334, ""transport"": 0.33333333333333337}","{""energy"": 0.7212289689610633, ""water"": 0.06293473212226842, ""transport"": 0.7354136744858499}","{""energy"": 0.054562302294396514, ""water"": 0.008001398788935084, ""transport"": 0.40208034115251656}","{""energy"": 0.0, ""water"": 0.0, ""transport"": 0.0}","{""energy"": 0.0, ""water"": 0.0, ""transport"": 0.0}","{""energy"": 0.0, ""water"": 0.0, ""transport"": 0.0}",0.3,0.1,,0.38314666666666675,1.0,0.6168533333333333,1,"{""energy"": 0.6666666666666667, ""water"": 0.05493333333333334, ""transport"": 0.33333333333333337}","{""energy"": 1.0, ""water"": 1.0, ""transport"": 1.0}","{""energy"": 0.33333333333333326, ""water"": 0.9450666666666666, ""transport"": 0.6666666666666666}",12,0.5279961095668608,,,[],,v2.0,0.7,0.3
S3_transport_load,81,81,7011206626025804733,scenario=S3_transport_load|method=both|duration=0|theta=0.300000|delta_threshold=0.100000|A=v2.0|w=na|run_id=81|seed=7011206626025804733,False,"{""step_1_amount"": 0.08266002384086957}",033832c9a51598bd69064fc3910037f6fde292830c04f0066e6d9779dc60f4ca,0.38314666666666675,0.46226639464653646,0.07911972797986971,21,0.0,0.0,0.38314666666666675,0.46226639464653646,0,0,0.07911972797986971,"{""energy"": 0.6666666666666667, ""water"": 0.05493333333333334, ""transport"": 0.33333333333333337}","{""energy"": 0.6964697120153643, ""water"": 0.059303860985795265, ""transport"": 0.5529578384821737}","{""energy"": 0.0298030453486976, ""water"": 0.004370527652461924, ""transport"": 0.21962450514884035}","{""energy"": 0.0, ""water"": 0.0, ""transport"": 0.0}","{""energy"": 0.0, ""water"": 0.0, ""transport"": 0.0}","{""energy"": 0.0, ""water"": 0.0, ""transport"": 0.0}",0.3,0.1,,0.38314666666666675,1.0,0.6168533333333333,1,"{""energy"": 0.6666666666666667, ""water"": 0.05493333333333334, ""transport"": 0.33333333333333337}","{""energy"": 1.0, ""water"": 1.0, ""transport"": 1.0}","{""energy"": 0.33333333333333326, ""water"": 0.9450666666666666, ""transport"": 0.6666666666666666}",12,0.46226639464653646,,,[],,v2.0,0.7,0.3
S3_transport_load,82,82,14293243736906690689,scenario=S3_transport_load|method=both|duration=0|theta=0.300000|delta_threshold=0.100000|A=v2.0|w=na|run_id=82|seed=14293243736906690689,False,"{""step_1_amount"": 0.1113181408464823}",033832c9a51598bd69064fc3910037f6fde292830c04f0066e6d9779dc60f4ca,0.38314666666666675,0.48542653424917015,0.1022798675825034,22,0.0,0.0,0.38314666666666675,0.48542653424917015,0,0,0.1022798675825034,"{""energy"": 0.6666666666666667, ""water"": 0.05493333333333334, ""transport"": 0.33333333333333337}","{""energy"": 0.7051937396186326, ""water"": 0.06058321359673881, ""transport"": 0.6172469144089848}","{""energy"": 0.03852707295196589, ""water"": 0.005649880263405467, ""transport"": 0.28391358107565146}","{""energy"": 0.0, ""water"": 0.0, ""transport"": 0.0}","{""energy"": 0.0, ""water"": 0.0, ""transport"": 0.0}","{""energy"": 0.0, ""water"": 0.0, ""transport"": 0.0}",0.3,0.1,,0.38314666666666675,1.0,0.6168533333333333,1,"{""energy"": 0.6666666666666667, ""water"": 0.05493333333333334, ""transport"": 0.33333333333333337}","{""energy"": 1.0, ""water"": 1.0, ""transport"": 1.0}","{""energy"": 0.33333333333333326, ""water"": 0.9450666666666666, ""transport"": 0.6666666666666666}",12,0.48542653424917015,,,[],,v2.0,0.7,0.3
S3_transport_load,83,83,3228965552339798957,scenario=S3_transport_load|method=both|duration=0|theta=0.300000|delta_threshold=0.100000|A=v2.0|w=na|run_id=83|seed=3228965552339798957,False,"{""step_1_amount"": 0.43862557700523064}",033832c9a51598bd69064fc3910037f6fde292830c04f0066e6d9779dc60f4ca,0.38314666666666675,0.6272352641038975,0.24408859743723077,30,0.0,1.0,0.38314666666666675,0.6272352641038975,1,0,0.24408859743723077,"{""energy"": 0.6666666666666667, ""water"": 0.05493333333333334, ""transport"": 0.33333333333333337}","{""energy"": 0.7659666280315168, ""water"": 0.06949537630430253, ""transport"": 1.0}","{""energy"": 0.09929996136485009, ""water"": 0.014562042970969184, ""transport"": 0.6666666666666666}","{""energy"": 0.0, ""water"": 0.0, ""transport"": 0.0}","{""energy"": 1.0, ""water"": 1.0, ""transport"": 1.0}","{""energy"": 1.0, ""water"": 1.0, ""transport"": 1.0}",0.3,0.1,,0.38314666666666675,1.0,0.6168533333333333,1,"{""energy"": 0.6666666666666667, ""water"": 0.05493333333333334, ""transport"": 0.33333333333333337}","{""energy"": 1.0, ""water"": 1.0, ""transport"": 1.0}","{""energy"": 0.33333333333333326, ""water"": 0.9450666666666666, ""transport"": 0.6666666666666666}",12,0.6272352641038975,,,"[""energy"", ""water""]",1,v2.0,0.7,0.3
S3_transport_load,84,84,8489888865141892216,scenario=S3_transport_load|method=both|duration=0|theta=0.300000|delta_threshold=0.100000|A=v2.0|w=na|run_id=84|seed=8489888865141892216,False,"{""step_1_amount"": 0.3073105717154378}",033832c9a51598bd69064fc3910037f6fde292830c04f0066e6d9779dc60f4ca,0.38314666666666675,0.6001072439579163,0.2169605772912495,26,0.0,0.0,0.38314666666666675,0.6001072439579163,0,0,0.2169605772912495,"{""energy"": 0.6666666666666667, ""water"": 0.05493333333333334, ""transport"": 0.33333333333333337}","{""energy"": 0.7483919972382769, ""water"": 0.06691810915039334, ""transport"": 0.935583374391625}","{""energy"": 0.08172533057161013, ""water"": 0.011984775817059999, ""transport"": 0.6022500410582916}","{""energy"": 0.0, ""water"": 0.0, ""transport"": 0.0}","{""energy"": 0.0, ""water"": 0.0, ""transport"": 0.0}","{""energy"": 0.0, ""water"": 0.0, ""transport"": 0.0}",0.3,0.1,,0.38314666666666675,1.0,0.6168533333333333,1,"{""energy"": 0.6666666666666667, ""water"": 0.05493333333333334, ""transport"": 0.33333333333333337}","{""energy"": 1.0, ""water"": 1.0, ""transport"": 1.0}","{""energy"": 0.33333333333333326, ""water"": 0.9450666666666666, ""transport"": 0.6666666666666666}",12,0.6001072439579163,,,[],,v2.0,0.7,0.3
S3_transport_load,85,85,6847496216321507292,scenario=S3_transport_load|method=both|duration=0|theta=0.300000|delta_threshold=0.100000|A=v2.0|w=na|run_id=85|seed=6847496216321507292,False,"{""step_1_amount"": 0.5164294946763038}",033832c9a51598bd69064fc3910037f6fde292830c04f0066e6d9779dc60f4ca,0.38314666666666675,0.6305996241786619,0.24745295751199514,8,0.0,1.0,0.38314666666666675,0.6305996241786619,1,1,0.24745295751199514,"{""energy"": 0.6666666666666667, ""water"": 0.05493333333333334, ""transport"": 0.33333333333333337}","{""energy"": 0.7735441161999073, ""water"": 0.07060659232899646, ""transport"": 1.0}","{""energy"": 0.10687744953324052, ""water"": 0.015673258995663124, ""transport"": 0.6666666666666666}","{""energy"": 0.0, ""water"": 0.0, ""transport"": 0.0}","{""energy"": 1.0, ""water"": 1.0, ""transport"": 1.0}","{""energy"": 1.0, ""water"": 1.0, ""transport"": 1.0}",0.3,0.1,,0.38314666666666675,1.0,0.6168533333333333,1,"{""energy"": 0.6666666666666667, ""water"": 0.05493333333333334, ""transport"": 0.33333333333333337}","{""energy"": 1.0, ""water"": 1.0, ""transport"": 1.0}","{""energy"": 0.33333333333333326, ""water"": 0.9450666666666666, ""transport"": 0.6666666666666666}",12,0.6305996241786619,,,"[""energy"", ""water""]",1,v2.0,0.7,0.3
S3_transport_load,86,86,6853721116919065020,scenario=S3_transport_load|method=both|duration=0|theta=0.300000|delta_threshold=0.100000|A=v2.0|w=na|run_id=86|seed=6853721116919065020,False,"{""step_1_amount"": 0.3519049926243849}",033832c9a51598bd69064fc3910037f6fde292830c04f0066e6d9779dc60f4ca,0.38314666666666675,0.6180499968484692,0.23490333018180243,29,0.0,0.0,0.38314666666666675,0.6180499968484692,0,0,0.23490333018180243,"{""energy"": 0.6666666666666667, ""water"": 0.05493333333333334, ""transport"": 0.33333333333333337}","{""energy"": 0.7551507246976746, ""water"": 0.06790925636072506, ""transport"": 0.9853897668706059}","{""energy"": 0.0884840580310079, ""water"": 0.012975923027391721, ""transport"": 0.6520564335372725}","{""energy"": 0.0, ""water"": 0.0, ""transport"": 0.0}","{""energy"": 0.0, ""water"": 0.0, ""transport"": 0.0}","{""energy"": 0.0, ""water"": 0.0, ""transport"": 0.0}",0.3,0.1,,0.38314666666666675,1.0,0.6168533333333333,1,"{""energy"": 0.6666666666666667, ""water"": 0.05493333333333334, ""transport"": 0.33333333333333337}","{""energy"": 1.0, ""water"": 1.0, ""transport"": 1.0}","{""energy"": 0.33333333333333326, ""water"": 0.9450666666666666, ""transport"": 0.6666666666666666}",12,0.6180499968484692,,,[],,v2.0,0.7,0.3
S3_transport_load,87,87,10682380790361524332,scenario=S3_transport_load|method=both|duration=0|theta=0.300000|delta_threshold=0.100000|A=v2.0|w=na|run_id=87|seed=10682380790361524332,False,"{""step_1_amount"": 0.35104039914093227}",033832c9a51598bd69064fc3910037f6fde292830c04f0066e6d9779dc60f4ca,0.38314666666666675,0.6177244530948336,0.23457778642816685,5,0.0,0.0,0.38314666666666675,0.6177244530948336,0,0,0.23457778642816685,"{""energy"": 0.6666666666666667, ""water"": 0.05493333333333334, ""transport"": 0.33333333333333337}","{""energy"": 0.7550280979457846, ""water"": 0.06789127351354297, ""transport"": 0.9844861062081892}","{""energy"": 0.08836143127911789, ""water"": 0.012957940180209633, ""transport"": 0.6511527728748558}","{""energy"": 0.0, ""water"": 0.0, ""transport"": 0.0}","{""energy"": 0.0, ""water"": 0.0, ""transport"": 0.0}","{""energy"": 0.0, ""water"": 0.0, ""transport"": 0.0}",0.3,0.1,,0.38314666666666675,1.0,0.6168533333333333,1,"{""energy"": 0.6666666666666667, ""water"": 0.05493333333333334, ""transport"": 0.33333333333333337}","{""energy"": 1.0, ""water"": 1.0, ""transport"": 1.0}","{""energy"": 0.33333333333333326, ""water"": 0.9450666666666666, ""transport"": 0.6666666666666666}",12,0.6177244530948336,,,[],,v2.0,0.7,0.3
S3_transport_load,88,88,3634760778312322807,scenario=S3_transport_load|method=both|duration=0|theta=0.300000|delta_threshold=0.100000|A=v2.0|w=na|run_id=88|seed=3634760778312322807,False,"{""step_1_amount"": 0.4906433100103719}",033832c9a51598bd69064fc3910037f6fde292830c04f0066e6d9779dc60f4ca,0.38314666666666675,0.6295703657396012,0.2464236990729345,27,0.0,1.0,0.38314666666666675,0.6295703657396012,1,1,0.2464236990729345,"{""energy"": 0.6666666666666667, ""water"": 0.05493333333333334, ""transport"": 0.33333333333333337}","{""energy"": 0.7712259357819731, ""water"": 0.07026663808937311, ""transport"": 1.0}","{""energy"": 0.10455926911530633, ""water"": 0.015333304756039771, ""transport"": 0.6666666666666666}","{""energy"": 0.0, ""water"": 0.0, ""transport"": 0.0}","{""energy"": 1.0, ""water"": 1.0, ""transport"": 1.0}","{""energy"": 1.0, ""water"": 1.0, ""transport"": 1.0}",0.3,0.1,,0.38314666666666675,1.0,0.6168533333333333,1,"{""energy"": 0.6666666666666667, ""water"": 0.05493333333333334, ""transport"": 0.33333333333333337}","{""energy"": 1.0, ""water"": 1.0, ""transport"": 1.0}","{""energy"": 0.33333333333333326, ""water"": 0.9450666666666666, ""transport"": 0.6666666666666666}",12,0.6295703657396012,,,"[""energy"", ""water""]",1,v2.0,0.7,0.3
S3_transport_load,89,89,15599441393092841948,scenario=S3_transport_load|method=both|duration=0|theta=0.300000|delta_threshold=0.100000|A=v2.0|w=na|run_id=89|seed=15599441393092841948,False,"{""step_1_amount"": 0.06428293194751437}",033832c9a51598bd69064fc3910037f6fde292830c04f0066e6d9779dc60f4ca,0.38314666666666675,0.44633212147479107,0.06318545480812432,21,0.0,0.0,0.38314666666666675,0.44633212147479107,0,0,0.06318545480812432,"{""energy"": 0.6666666666666667, ""water"": 0.05493333333333334, ""transport"": 0.33333333333333337}","{""energy"": 0.6904675444389429, ""water"": 0.05842366102433036, ""transport"": 0.5087266846397162}","{""energy"": 0.02380087777227613, ""water"": 0.003490327690997018, ""transport"": 0.17539335130638278}","{""energy"": 0.0, ""water"": 0.0, ""transport"": 0.0}","{""energy"": 0.0, ""water"": 0.0, ""transport"": 0.0}","{""energy"": 0.0, ""water"": 0.0, ""transport"": 0.0}",0.3,0.1,,0.38314666666666675,1.0,0.6168533333333333,1,"{""energy"": 0.6666666666666667, ""water"": 0.05493333333333334, ""transport"": 0.33333333333333337}","{""energy"": 1.0, ""water"": 1.0, ""transport"": 1.0}","{""energy"": 0.33333333333333326, ""water"": 0.9450666666666666, ""transport"": 0.6666666666666666}",12,0.44633212147479107,,,[],,v2.0,0.7,0.3
S3_transport_load,90,90,15793723896452033373,scenario=S3_transport_load|method=both|duration=0|theta=0.300000|delta_threshold=0.100000|A=v2.0|w=na|run_id=90|seed=15793723896452033373,False,"{""step_1_amount"": 0.207487605168667}",033832c9a51598bd69064fc3910037f6fde292830c04f0066e6d9779dc60f4ca,0.38314666666666675,0.5500788758179836,0.1669322091513169,16,0.0,0.0,0.38314666666666675,0.5500788758179836,0,0,0.1669322091513169,"{""energy"": 0.6666666666666667, ""water"": 0.05493333333333334, ""transport"": 0.33333333333333337}","{""energy"": 0.7295471684899386, ""water"": 0.06415457125730616, ""transport"": 0.7967121234827212}","{""energy"": 0.06288050182327187, ""water"": 0.009221237923972815, ""transport"": 0.4633787901493879}","{""energy"": 0.0, ""water"": 0.0, ""transport"": 0.0}","{""energy"": 0.0, ""water"": 0.0, ""transport"": 0.0}","{""energy"": 0.0, ""water"": 0.0, ""transport"": 0.0}",0.3,0.1,,0.38314666666666675,1.0,0.6168533333333333,1,"{""energy"": 0.6666666666666667, ""water"": 0.05493333333333334, ""transport"": 0.33333333333333337}","{""energy"": 1.0, ""water"": 1.0, ""transport"": 1.0}","{""energy"": 0.33333333333333326, ""water"": 0.9450666666666666, ""transport"": 0.6666666666666666}",12,0.5500788758179836,,,[],,v2.0,0.7,0.3
S3_transport_load,91,91,9689721048339751950,scenario=S3_transport_load|method=both|duration=0|theta=0.300000|delta_threshold=0.100000|A=v2.0|w=na|run_id=91|seed=9689721048339751950,False,"{""step_1_amount"": 0.7523219627550866}",033832c9a51598bd69064fc3910037f6fde292830c04f0066e6d9779dc60f4ca,0.38314666666666675,0.637090445174845,0.2539437785081783,24,0.0,1.0,0.38314666666666675,0.637090445174845,1,1,0.2539437785081783,"{""energy"": 0.6666666666666667, ""water"": 0.05493333333333334, ""transport"": 0.33333333333333337}","{""energy"": 0.7881632765182816, ""water"": 0.07275044855844119, ""transport"": 1.0}","{""energy"": 0.12149660985161481, ""water"": 0.01781711522510785, ""transport"": 0.6666666666666666}","{""energy"": 0.0, ""water"": 0.0, ""transport"": 0.0}","{""energy"": 1.0, ""water"": 1.0, ""transport"": 1.0}","{""energy"": 1.0, ""water"": 1.0, ""transport"": 1.0}",0.3,0.1,,0.38314666666666675,1.0,0.6168533333333333,1,"{""energy"": 0.6666666666666667, ""water"": 0.05493333333333334, ""transport"": 0.33333333333333337}","{""energy"": 1.0, ""water"": 1.0, ""transport"": 1.0}","{""energy"": 0.33333333333333326, ""water"": 0.9450666666666666, ""transport"": 0.6666666666666666}",12,0.637090445174845,,,"[""energy"", ""water""]",1,v2.0,0.7,0.3
S3_transport_load,92,92,15764053567246779340,scenario=S3_transport_load|method=both|duration=0|theta=0.300000|delta_threshold=0.100000|A=v2.0|w=na|run_id=92|seed=15764053567246779340,False,"{""step_1_amount"": 0.43898395448250227}",033832c9a51598bd69064fc3910037f6fde292830c04f0066e6d9779dc60f4ca,0.38314666666666675,0.6272526304147186,0.24410596374805182,29,0.0,1.0,0.38314666666666675,0.6272526304147186,1,0,0.24410596374805182,"{""energy"": 0.6666666666666667, ""water"": 0.05493333333333334, ""transport"": 0.33333333333333337}","{""energy"": 0.7660057418635239, ""water"": 0.06950111223103016, ""transport"": 1.0}","{""energy"": 0.09933907519685714, ""water"": 0.014567778897696816, ""transport"": 0.6666666666666666}","{""energy"": 0.0, ""water"": 0.0, ""transport"": 0.0}","{""energy"": 1.0, ""water"": 1.0, ""transport"": 1.0}","{""energy"": 1.0, ""water"": 1.0, ""transport"": 1.0}",0.3,0.1,,0.38314666666666675,1.0,0.6168533333333333,1,"{""energy"": 0.6666666666666667, ""water"": 0.05493333333333334, ""transport"": 0.33333333333333337}","{""energy"": 1.0, ""water"": 1.0, ""transport"": 1.0}","{""energy"": 0.33333333333333326, ""water"": 0.9450666666666666, ""transport"": 0.6666666666666666}",12,0.6272526304147186,,,"[""energy"", ""water""]",1,v2.0,0.7,0.3
S3_transport_load,93,93,6047789127205465359,scenario=S3_transport_load|method=both|duration=0|theta=0.300000|delta_threshold=0.100000|A=v2.0|w=na|run_id=93|seed=6047789127205465359,False,"{""step_1_amount"": 0.4702644659018901}",033832c9a51598bd69064fc3910037f6fde292830c04f0066e6d9779dc60f4ca,0.38314666666666675,0.628698699813608,0.2455520331469413,16,0.0,1.0,0.38314666666666675,0.628698699813608,1,1,0.2455520331469413,"{""energy"": 0.6666666666666667, ""water"": 0.05493333333333334, ""transport"": 0.33333333333333337}","{""energy"": 0.7692626981694043, ""water"": 0.06997873515282102, ""transport"": 1.0}","{""energy"": 0.10259603150273755, ""water"": 0.015045401819487679, ""transport"": 0.6666666666666666}","{""energy"": 0.0, ""water"": 0.0, ""transport"": 0.0}","{""energy"": 1.0, ""water"": 1.0, ""transport"": 1.0}","{""energy"": 1.0, ""water"": 1.0, ""transport"": 1.0}",0.3,0.1,,0.38314666666666675,1.0,0.6168533333333333,1,"{""energy"": 0.6666666666666667, ""water"": 0.05493333333333334, ""transport"": 0.33333333333333337}","{""energy"": 1.0, ""water"": 1.0, ""transport"": 1.0}","{""energy"": 0.33333333333333326, ""water"": 0.9450666666666666, ""transport"": 0.6666666666666666}",12,0.628698699813608,,,"[""energy"", ""water""]",1,v2.0,0.7,0.3
S3_transport_load,94,94,12950486580316299111,scenario=S3_transport_load|method=both|duration=0|theta=0.300000|delta_threshold=0.100000|A=v2.0|w=na|run_id=94|seed=12950486580316299111,False,"{""step_1_amount"": 0.494457469446578}",033832c9a51598bd69064fc3910037f6fde292830c04f0066e6d9779dc60f4ca,0.38314666666666675,0.6297276711895875,0.24658100452292075,5,0.0,1.0,0.38314666666666675,0.6297276711895875,1,1,0.24658100452292075,"{""energy"": 0.6666666666666667, ""water"": 0.05493333333333334, ""transport"": 0.33333333333333337}","{""energy"": 0.7715802320402825, ""water"": 0.07031859457824825, ""transport"": 1.0}","{""energy"": 0.10491356537361574, ""water"": 0.015385261244914912, ""transport"": 0.6666666666666666}","{""energy"": 0.0, ""water"": 0.0, ""transport"": 0.0}","{""energy"": 1.0, ""water"": 1.0, ""transport"": 1.0}","{""energy"": 1.0, ""water"": 1.0, ""transport"": 1.0}",0.3,0.1,,0.38314666666666675,1.0,0.6168533333333333,1,"{""energy"": 0.6666666666666667, ""water"": 0.05493333333333334, ""transport"": 0.33333333333333337}","{""energy"": 1.0, ""water"": 1.0, ""transport"": 1.0}","{""energy"": 0.33333333333333326, ""water"": 0.9450666666666666, ""transport"": 0.6666666666666666}",12,0.6297276711895875,,,"[""energy"", ""water""]",1,v2.0,0.7,0.3
S3_transport_load,95,95,4631728191499945232,scenario=S3_transport_load|method=both|duration=0|theta=0.300000|delta_threshold=0.100000|A=v2.0|w=na|run_id=95|seed=4631728191499945232,False,"{""step_1_amount"": 0.412454825548473}",033832c9a51598bd69064fc3910037f6fde292830c04f0066e6d9779dc60f4ca,0.38314666666666675,0.6259152555243529,0.24276858885768615,23,0.0,1.0,0.38314666666666675,0.6259152555243529,1,0,0.24276858885768615,"{""energy"": 0.6666666666666667, ""water"": 0.05493333333333334, ""transport"": 0.33333333333333337}","{""energy"": 0.7629935962598288, ""water"": 0.06905939006807119, ""transport"": 1.0}","{""energy"": 0.09632692959316203, ""water"": 0.014126056734737845, ""transport"": 0.6666666666666666}","{""energy"": 0.0, ""water"": 0.0, ""transport"": 0.0}","{""energy"": 1.0, ""water"": 1.0, ""transport"": 1.0}","{""energy"": 1.0, ""water"": 1.0, ""transport"": 1.0}",0.3,0.1,,0.38314666666666675,1.0,0.6168533333333333,1,"{""energy"": 0.6666666666666667, ""water"": 0.05493333333333334, ""transport"": 0.33333333333333337}","{""energy"": 1.0, ""water"": 1.0, ""transport"": 1.0}","{""energy"": 0.33333333333333326, ""water"": 0.9450666666666666, ""transport"": 0.6666666666666666}",12,0.6259152555243529,,,"[""energy"", ""water""]",1,v2.0,0.7,0.3
S3_transport_load,96,96,5029051501949555396,scenario=S3_transport_load|method=both|duration=0|theta=0.300000|delta_threshold=0.100000|A=v2.0|w=na|run_id=96|seed=5029051501949555396,False,"{""step_1_amount"": 0.5363501838968857}",033832c9a51598bd69064fc3910037f6fde292830c04f0066e6d9779dc60f4ca,0.38314666666666675,0.6313419980622745,0.2481953313956078,16,0.0,1.0,0.38314666666666675,0.6313419980622745,1,1,0.2481953313956078,"{""energy"": 0.6666666666666667, ""water"": 0.05493333333333334, ""transport"": 0.33333333333333337}","{""energy"": 0.7752161516522932, ""water"": 0.07085179133785778, ""transport"": 1.0}","{""energy"": 0.10854948498562644, ""water"": 0.01591845800452444, ""transport"": 0.6666666666666666}","{""energy"": 0.0, ""water"": 0.0, ""transport"": 0.0}","{""energy"": 1.0, ""water"": 1.0, ""transport"": 1.0}","{""energy"": 1.0, ""water"": 1.0, ""transport"": 1.0}",0.3,0.1,,0.38314666666666675,1.0,0.6168533333333333,1,"{""energy"": 0.6666666666666667, ""water"": 0.05493333333333334, ""transport"": 0.33333333333333337}","{""energy"": 1.0, ""water"": 1.0, ""transport"": 1.0}","{""energy"": 0.33333333333333326, ""water"": 0.9450666666666666, ""transport"": 0.6666666666666666}",12,0.6313419980622745,,,"[""energy"", ""water""]",1,v2.0,0.7,0.3
S3_transport_load,97,97,5459606772682946712,scenario=S3_transport_load|method=both|duration=0|theta=0.300000|delta_threshold=0.100000|A=v2.0|w=na|run_id=97|seed=5459606772682946712,False,"{""step_1_amount"": 0.24877847439556283}",033832c9a51598bd69064fc3910037f6fde292830c04f0066e6d9779dc60f4ca,0.38314666666666675,0.5726018707840446,0.18945520411737782,15,0.0,0.0,0.38314666666666675,0.5726018707840446,0,0,0.18945520411737782,"{""energy"": 0.6666666666666667, ""water"": 0.05493333333333334, ""transport"": 0.33333333333333337}","{""energy"": 0.7380311946298261, ""water"": 0.0653987283699352, ""transport"": 0.8592325814037785}","{""energy"": 0.0713645279631594, ""water"": 0.010465395036601856, ""transport"": 0.5258992480704451}","{""energy"": 0.0, ""water"": 0.0, ""transport"": 0.0}","{""energy"": 0.0, ""water"": 0.0, ""transport"": 0.0}","{""energy"": 0.0, ""water"": 0.0, ""transport"": 0.0}",0.3,0.1,,0.38314666666666675,1.0,0.6168533333333333,1,"{""energy"": 0.6666666666666667, ""water"": 0.05493333333333334, ""transport"": 0.33333333333333337}","{""energy"": 1.0, ""water"": 1.0, ""transport"": 1.0}","{""energy"": 0.33333333333333326, ""water"": 0.9450666666666666, ""transport"": 0.6666666666666666}",12,0.5726018707840446,,,[],,v2.0,0.7,0.3
S3_transport_load,98,98,1496592330219819879,scenario=S3_transport_load|method=both|duration=0|theta=0.300000|delta_threshold=0.100000|A=v2.0|w=na|run_id=98|seed=1496592330219819879,False,"{""step_1_amount"": 0.19745630691884816}",033832c9a51598bd69064fc3910037f6fde292830c04f0066e6d9779dc60f4ca,0.38314666666666675,0.5441727673938418,0.16102610072717505,27,0.0,0.0,0.38314666666666675,0.5441727673938418,0,0,0.16102610072717505,"{""energy"": 0.6666666666666667, ""water"": 0.05493333333333334, ""transport"": 0.33333333333333337}","{""energy"": 0.7273224386824271, ""water"": 0.06382832127079562, ""transport"": 0.7803176517987742}","{""energy"": 0.060655772015760334, ""water"": 0.008894987937462275, ""transport"": 0.44698431846544084}","{""energy"": 0.0, ""water"": 0.0, ""transport"": 0.0}","{""energy"": 0.0, ""water"": 0.0, ""transport"": 0.0}","{""energy"": 0.0, ""water"": 0.0, ""transport"": 0.0}",0.3,0.1,,0.38314666666666675,1.0,0.6168533333333333,1,"{""energy"": 0.6666666666666667, ""water"": 0.05493333333333334, ""transport"": 0.33333333333333337}","{""energy"": 1.0, ""water"": 1.0, ""transport"": 1.0}","{""energy"": 0.33333333333333326, ""water"": 0.9450666666666666, ""transport"": 0.6666666666666666}",12,0.5441727673938418,,,[],,v2.0,0.7,0.3
S3_transport_load,99,99,11276710964437414624,scenario=S3_transport_load|method=both|duration=0|theta=0.300000|delta_threshold=0.100000|A=v2.0|w=na|run_id=99|seed=11276710964437414624,False,"{""step_1_amount"": 0.1707843591085762}",033832c9a51598bd69064fc3910037f6fde292830c04f0066e6d9779dc60f4ca,0.38314666666666675,0.5275765737119286,0.14442990704526182,19,0.0,0.0,0.38314666666666675,0.5275765737119286,0,0,0.14442990704526182,"{""energy"": 0.6666666666666667, ""water"": 0.05493333333333334, ""transport"": 0.33333333333333337}","{""energy"": 0.7210709369957217, ""water"": 0.06291155720620138, ""transport"": 0.7342491058392648}","{""energy"": 0.05440427032905493, ""water"": 0.007978223872868041, ""transport"": 0.40091577250593147}","{""energy"": 0.0, ""water"": 0.0, ""transport"": 0.0}","{""energy"": 0.0, ""water"": 0.0, ""transport"": 0.0}","{""energy"": 0.0, ""water"": 0.0, ""transport"": 0.0}",0.3,0.1,,0.38314666666666675,1.0,0.6168533333333333,1,"{""energy"": 0.6666666666666667, ""water"": 0.05493333333333334, ""transport"": 0.33333333333333337}","{""energy"": 1.0, ""water"": 1.0, ""transport"": 1.0}","{""energy"": 0.33333333333333326, ""water"": 0.9450666666666666, ""transport"": 0.6666666666666666}",12,0.5275765737119286,,,[],,v2.0,0.7,0.3
S3_transport_load,100,100,17969905077286119396,scenario=S3_transport_load|method=both|duration=0|theta=0.300000|delta_threshold=0.100000|A=v2.0|w=na|run_id=100|seed=17969905077286119396,False,"{""step_1_amount"": 0.2597188764191052}",033832c9a51598bd69064fc3910037f6fde292830c04f0066e6d9779dc60f4ca,0.38314666666666675,0.5781165674354063,0.19496990076873955,23,0.0,0.0,0.38314666666666675,0.5781165674354063,0,0,0.19496990076873955,"{""energy"": 0.6666666666666667, ""water"": 0.05493333333333334, ""transport"": 0.33333333333333337}","{""energy"": 0.7401084863316715, ""water"": 0.06570335699828246, ""transport"": 0.8745405526775101}","{""energy"": 0.07344181966500474, ""water"": 0.01077002366494912, ""transport"": 0.5412072193441767}","{""energy"": 0.0, ""water"": 0.0, ""transport"": 0.0}","{""energy"": 0.0, ""water"": 0.0, ""transport"": 0.0}","{""energy"": 0.0, ""water"": 0.0, ""transport"": 0.0}",0.3,0.1,,0.38314666666666675,1.0,0.6168533333333333,1,"{""energy"": 0.6666666666666667, ""water"": 0.05493333333333334, ""transport"": 0.33333333333333337}","{""energy"": 1.0, ""water"": 1.0, ""transport"": 1.0}","{""energy"": 0.33333333333333326, ""water"": 0.9450666666666666, ""transport"": 0.6666666666666666}",12,0.5781165674354063,,,[],,v2.0,0.7,0.3
