scenario_id,run_id,run,seed,cache_key,cache_hit,randomized_params,x0_hash,before,after,delta,duration,method_cl_total_before,method_cl_total_after,method_q_total_before,method_q_total_after,I_cl,I_q,delta_R,before_vec_q,after_vec_q,delta_vec_q,before_vec_cl,after_vec_cl,delta_vec_cl,theta_classical,delta_sector_threshold,theta_node,method_qi_total_before,method_qi_total_after,delta_qi,I_qi,before_vec_qi,after_vec_qi,delta_vec_qi,convergence_steps,peak_after_q,final_after_recovery_q,recovery_trajectory_q,cl_activated_sectors,cl_first_activation_step,matrix_version,theta_bin,theta_cascade
S4_water_partial,1,1,10218839302848591282,scenario=S4_water_partial|method=both|duration=0|theta=0.300000|delta_threshold=0.100000|A=v2.0|w=na|run_id=1|seed=10218839302848591282,False,"{""step_1_amount"": 1.1461148427034553}",033832c9a51598bd69064fc3910037f6fde292830c04f0066e6d9779dc60f4ca,0.38314666666666675,0.8564466666666667,0.47329999999999994,6,0.0,1.0,0.38314666666666675,0.8564466666666667,1,1,0.47329999999999994,"{""energy"": 0.6666666666666667, ""water"": 0.05493333333333334, ""transport"": 0.33333333333333337}","{""energy"": 0.9912666666666667, ""water"": 1.0, ""transport"": 0.5331333333333333}","{""energy"": 0.3246, ""water"": 0.9450666666666666, ""transport"": 0.19979999999999998}","{""energy"": 0.0, ""water"": 0.0, ""transport"": 0.0}","{""energy"": 1.0, ""water"": 1.0, ""transport"": 1.0}","{""energy"": 1.0, ""water"": 1.0, ""transport"": 1.0}",0.3,0.1,,0.38314666666666675,1.0,0.6168533333333333,1,"{""energy"": 0.6666666666666667, ""water"": 0.05493333333333334, ""transport"": 0.33333333333333337}","{""energy"": 1.0, ""water"": 1.0, ""transport"": 1.0}","{""energy"": 0.33333333333333326, ""water"": 0.9450666666666666, ""transport"": 0.6666666666666666}",3,0.8564466666666667,,,"[""energy"", ""transport""]",1,v2.0,0.7,0.3
S4_water_partial,2,2,1551714282877654289,scenario=S4_water_partial|method=both|duration=0|theta=0.300000|delta_threshold=0.100000|A=v2.0|w=na|run_id=2|seed=1551714282877654289,False,"{""step_1_amount"": 1.1220062549469612}",033832c9a51598bd69064fc3910037f6fde292830c04f0066e6d9779dc60f4ca,0.38314666666666675,0.8564466666666667,0.47329999999999994,12,0.0,1.0,0.38314666666666675,0.8564466666666667,1,1,0.47329999999999994,"{""energy"": 0.6666666666666667, ""water"": 0.05493333333333334, ""transport"": 0.33333333333333337}","{""energy"": 0.9912666666666667, ""water"": 1.0, ""transport"": 0.5331333333333333}","{""energy"": 0.3246, ""water"": 0.9450666666666666, ""transport"": 0.19979999999999998}","{""energy"": 0.0, ""water"": 0.0, ""transport"": 0.0}","{""energy"": 1.0, ""water"": 1.0, ""transport"": 1.0}","{""energy"": 1.0, ""water"": 1.0, ""transport"": 1.0}",0.3,0.1,,0.38314666666666675,1.0,0.6168533333333333,1,"{""energy"": 0.6666666666666667, ""water"": 0.05493333333333334, ""transport"": 0.33333333333333337}","{""energy"": 1.0, ""water"": 1.0, ""transport"": 1.0}","{""energy"": 0.33333333333333326, ""water"": 0.9450666666666666, ""transport"": 0.6666666666666666}",3,0.8564466666666667,,,"[""energy"", ""transport""]",1,v2.0,0.7,0.3
S4_water_partial,3,3,17165758592708349444,scenario=S4_water_partial|method=both|duration=0|theta=0.300000|delta_threshold=0.100000|A=v2.0|w=na|run_id=3|seed=17165758592708349444,False,"{""step_1_amount"": 1.040599991671753}",033832c9a51598bd69064fc3910037f6fde292830c04f0066e6d9779dc60f4ca,0.38314666666666675,0.8564466666666667,0.47329999999999994,30,0.0,1.0,0.38314666666666675,0.8564466666666667,1,1,0.47329999999999994,"{""energy"": 0.6666666666666667, ""water"": 0.05493333333333334, ""transport"": 0.33333333333333337}","{""energy"": 0.9912666666666667, ""water"": 1.0, ""transport"": 0.5331333333333333}","{""energy"": 0.3246, ""water"": 0.9450666666666666, ""transport"": 0.19979999999999998}","{""energy"": 0.0, ""water"": 0.0, ""transport"": 0.0}","{""energy"": 1.0, ""water"": 1.0, ""transport"": 1.0}","{""energy"": 1.0, ""water"": 1.0, ""transport"": 1.0}",0.3,0.1,,0.38314666666666675,1.0,0.6168533333333333,1,"{""energy"": 0.6666666666666667, ""water"": 0.05493333333333334, ""transport"": 0.33333333333333337}","{""energy"": 1.0, ""water"": 1.0, ""transport"": 1.0}","{""energy"": 0.33333333333333326, ""water"": 0.9450666666666666, ""transport"": 0.6666666666666666}",3,0.8564466666666667,,,"[""energy"", ""transport""]",1,v2.0,0.7,0.3
S4_water_partial,4,4,10277558166160841261,scenario=S4_water_partial|method=both|duration=0|theta=0.300000|delta_threshold=0.100000|A=v2.0|w=na|run_id=4|seed=10277558166160841261,False,"{""step_1_amount"": 0.9457395561892179}",033832c9a51598bd69064fc3910037f6fde292830c04f0066e6d9779dc60f4ca,0.38314666666666675,0.8397070664546107,0.45656039978794394,15,0.0,1.0,0.38314666666666675,0.8397070664546107,1,1,0.45656039978794394,"{""energy"": 0.6666666666666667, ""water"": 0.05493333333333334, ""transport"": 0.33333333333333337}","{""energy"": 0.9692504915904419, ""water"": 0.9871077785698558, ""transport"": 0.5195817874915906}","{""energy"": 0.3025838249237751, ""water"": 0.9321744452365224, ""transport"": 0.1862484541582572}","{""energy"": 0.0, ""water"": 0.0, ""transport"": 0.0}","{""energy"": 1.0, ""water"": 1.0, ""transport"": 1.0}","{""energy"": 1.0, ""water"": 1.0, ""transport"": 1.0}",0.3,0.1,,0.38314666666666675,1.0,0.6168533333333333,1,"{""energy"": 0.6666666666666667, ""water"": 0.05493333333333334, ""transport"": 0.33333333333333337}","{""energy"": 1.0, ""water"": 1.0, ""transport"": 1.0}","{""energy"": 0.33333333333333326, ""water"": 0.9450666666666666, ""transport"": 0.6666666666666666}",3,0.8397070664546107,,,"[""energy"", ""transport""]",1,v2.0,0.7,0.3
S4_water_partial,5,5,8113601936823812339,scenario=S4_water_partial|method=both|duration=0|theta=0.300000|delta_threshold=0.100000|A=v2.0|w=na|run_id=5|seed=8113601936823812339,False,"{""step_1_amount"": 1.6013276212521503}",033832c9a51598bd69064fc3910037f6fde292830c04f0066e6d9779dc60f4ca,0.38314666666666675,0.8564466666666667,0.47329999999999994,6,0.0,1.0,0.38314666666666675,0.8564466666666667,1,1,0.47329999999999994,"{""energy"": 0.6666666666666667, ""water"": 0.05493333333333334, ""transport"": 0.33333333333333337}","{""energy"": 0.9912666666666667, ""water"": 1.0, ""transport"": 0.5331333333333333}","{""energy"": 0.3246, ""water"": 0.9450666666666666, ""transport"": 0.19979999999999998}","{""energy"": 0.0, ""water"": 0.0, ""transport"": 0.0}","{""energy"": 1.0, ""water"": 1.0, ""transport"": 1.0}","{""energy"": 1.0, ""water"": 1.0, ""transport"": 1.0}",0.3,0.1,,0.38314666666666675,1.0,0.6168533333333333,1,"{""energy"": 0.6666666666666667, ""water"": 0.05493333333333334, ""transport"": 0.33333333333333337}","{""energy"": 1.0, ""water"": 1.0, ""transport"": 1.0}","{""energy"": 0.33333333333333326, ""water"": 0.9450666666666666, ""transport"": 0.6666666666666666}",3,0.8564466666666667,,,"[""energy"", ""transport""]",1,v2.0,0.7,0.3
S4_water_partial,6,6,13820126298588664351,scenario=S4_water_partial|method=both|duration=0|theta=0.300000|delta_threshold=0.100000|A=v2.0|w=na|run_id=6|seed=13820126298588664351,False,"{""step_1_amount"": 0.6164770005228806}",033832c9a51598bd69064fc3910037f6fde292830c04f0066e6d9779dc60f4ca,0.38314666666666675,0.6381242983117873,0.25497763164512055,6,0.0,0.0,0.38314666666666675,0.6381242983117873,0,1,0.25497763164512055,"{""energy"": 0.6666666666666667, ""water"": 0.05493333333333334, ""transport"": 0.33333333333333337}","{""energy"": 0.8356522096288255, ""water"": 0.5755295839869341, ""transport"": 0.4373484642139228}","{""energy"": 0.16898554296215873, ""water"": 0.5205962506536007, ""transport"": 0.10401513088058945}","{""energy"": 0.0, ""water"": 0.0, ""transport"": 0.0}","{""energy"": 0.0, ""water"": 0.0, ""transport"": 0.0}","{""energy"": 0.0, ""water"": 0.0, ""transport"": 0.0}",0.3,0.1,,0.38314666666666675,1.0,0.6168533333333333,1,"{""energy"": 0.6666666666666667, ""water"": 0.05493333333333334, ""transport"": 0.33333333333333337}","{""energy"": 1.0, ""water"": 1.0, ""transport"": 1.0}","{""energy"": 0.33333333333333326, ""water"": 0.9450666666666666, ""transport"": 0.6666666666666666}",7,0.6381242983117873,,,[],,v2.0,0.7,0.3
S4_water_partial,7,7,15259738130958010352,scenario=S4_water_partial|method=both|duration=0|theta=0.300000|delta_threshold=0.100000|A=v2.0|w=na|run_id=7|seed=15259738130958010352,False,"{""step_1_amount"": 0.23312410975529768}",033832c9a51598bd69064fc3910037f6fde292830c04f0066e6d9779dc60f4ca,0.38314666666666675,0.40342607476160386,0.020279408094937112,21,0.0,0.0,0.38314666666666675,0.40342607476160386,0,0,0.020279408094937112,"{""energy"": 0.6666666666666667, ""water"": 0.05493333333333334, ""transport"": 0.33333333333333337}","{""energy"": 0.6801067741998787, ""water"": 0.09633847052745545, ""transport"": 0.34160607974471896}","{""energy"": 0.013440107533212009, ""water"": 0.04140513719412211, ""transport"": 0.00827274641138559}","{""energy"": 0.0, ""water"": 0.0, ""transport"": 0.0}","{""energy"": 0.0, ""water"": 0.0, ""transport"": 0.0}","{""energy"": 0.0, ""water"": 0.0, ""transport"": 0.0}",0.3,0.1,,0.38314666666666675,1.0,0.6168533333333333,1,"{""energy"": 0.6666666666666667, ""water"": 0.05493333333333334, ""transport"": 0.33333333333333337}","{""energy"": 1.0, ""water"": 1.0, ""transport"": 1.0}","{""energy"": 0.33333333333333326, ""water"": 0.9450666666666666, ""transport"": 0.6666666666666666}",12,0.40342607476160386,,,[],,v2.0,0.7,0.3
S4_water_partial,8,8,10904579800364905174,scenario=S4_water_partial|method=both|duration=0|theta=0.300000|delta_threshold=0.100000|A=v2.0|w=na|run_id=8|seed=10904579800364905174,False,"{""step_1_amount"": 1.0308609430324807}",033832c9a51598bd69064fc3910037f6fde292830c04f0066e6d9779dc60f4ca,0.38314666666666675,0.8564466666666667,0.47329999999999994,20,0.0,1.0,0.38314666666666675,0.8564466666666667,1,1,0.47329999999999994,"{""energy"": 0.6666666666666667, ""water"": 0.05493333333333334, ""transport"": 0.33333333333333337}","{""energy"": 0.9912666666666667, ""water"": 1.0, ""transport"": 0.5331333333333333}","{""energy"": 0.3246, ""water"": 0.9450666666666666, ""transport"": 0.19979999999999998}","{""energy"": 0.0, ""water"": 0.0, ""transport"": 0.0}","{""energy"": 1.0, ""water"": 1.0, ""transport"": 1.0}","{""energy"": 1.0, ""water"": 1.0, ""transport"": 1.0}",0.3,0.1,,0.38314666666666675,1.0,0.6168533333333333,1,"{""energy"": 0.6666666666666667, ""water"": 0.05493333333333334, ""transport"": 0.33333333333333337}","{""energy"": 1.0, ""water"": 1.0, ""transport"": 1.0}","{""energy"": 0.33333333333333326, ""water"": 0.9450666666666666, ""transport"": 0.6666666666666666}",3,0.8564466666666667,,,"[""energy"", ""transport""]",1,v2.0,0.7,0.3
S4_water_partial,9,9,13386037884783960972,scenario=S4_water_partial|method=both|duration=0|theta=0.300000|delta_threshold=0.100000|A=v2.0|w=na|run_id=9|seed=13386037884783960972,False,"{""step_1_amount"": 1.402754744561847}",033832c9a51598bd69064fc3910037f6fde292830c04f0066e6d9779dc60f4ca,0.38314666666666675,0.8564466666666667,0.47329999999999994,17,0.0,1.0,0.38314666666666675,0.8564466666666667,1,1,0.47329999999999994,"{""energy"": 0.6666666666666667, ""water"": 0.05493333333333334, ""transport"": 0.33333333333333337}","{""energy"": 0.9912666666666667, ""water"": 1.0, ""transport"": 0.5331333333333333}","{""energy"": 0.3246, ""water"": 0.9450666666666666, ""transport"": 0.19979999999999998}","{""energy"": 0.0, ""water"": 0.0, ""transport"": 0.0}","{""energy"": 1.0, ""water"": 1.0, ""transport"": 1.0}","{""energy"": 1.0, ""water"": 1.0, ""transport"": 1.0}",0.3,0.1,,0.38314666666666675,1.0,0.6168533333333333,1,"{""energy"": 0.6666666666666667, ""water"": 0.05493333333333334, ""transport"": 0.33333333333333337}","{""energy"": 1.0, ""water"": 1.0, ""transport"": 1.0}","{""energy"": 0.33333333333333326, ""water"": 0.9450666666666666, ""transport"": 0.6666666666666666}",3,0.8564466666666667,,,"[""energy"", ""transport""]",1,v2.0,0.7,0.3
S4_water_partial,10,10,14060088024156388616,scenario=S4_water_partial|method=both|duration=0|theta=0.300000|delta_threshold=0.100000|A=v2.0|w=na|run_id=10|seed=14060088024156388616,False,"{""step_1_amount"": 0.3616876170943415}",033832c9a51598bd69064fc3910037f6fde292830c04f0066e6d9779dc60f4ca,0.38314666666666675,0.48213586804224995,0.0989892013755832,28,0.0,0.0,0.38314666666666675,0.48213586804224995,0,0,0.0989892013755832,"{""energy"": 0.6666666666666667, ""water"": 0.05493333333333334, ""transport"": 0.33333333333333337}","{""energy"": 0.7322714173026958, ""water"": 0.2570428547012602, ""transport"": 0.37371481570264514}","{""energy"": 0.06560475063602911, ""water"": 0.20210952136792687, ""transport"": 0.04038148236931177}","{""energy"": 0.0, ""water"": 0.0, ""transport"": 0.0}","{""energy"": 0.0, ""water"": 0.0, ""transport"": 0.0}","{""energy"": 0.0, ""water"": 0.0, ""transport"": 0.0}",0.3,0.1,,0.38314666666666675,1.0,0.6168533333333333,1,"{""energy"": 0.6666666666666667, ""water"": 0.05493333333333334, ""transport"": 0.33333333333333337}","{""energy"": 1.0, ""water"": 1.0, ""transport"": 1.0}","{""energy"": 0.33333333333333326, ""water"": 0.9450666666666666, ""transport"": 0.6666666666666666}",10,0.48213586804224995,,,[],,v2.0,0.7,0.3
S4_water_partial,11,11,11107337599642383062,scenario=S4_water_partial|method=both|duration=0|theta=0.300000|delta_threshold=0.100000|A=v2.0|w=na|run_id=11|seed=11107337599642383062,False,"{""step_1_amount"": 0.8566693146658418}",033832c9a51598bd69064fc3910037f6fde292830c04f0066e6d9779dc60f4ca,0.38314666666666675,0.7851760378379619,0.4020293711712951,9,0.0,1.0,0.38314666666666675,0.7851760378379619,1,1,0.4020293711712951,"{""energy"": 0.6666666666666667, ""water"": 0.05493333333333334, ""transport"": 0.33333333333333337}","{""energy"": 0.9331102410923321, ""water"": 0.8757699766656357, ""transport"": 0.4973364946711274}","{""energy"": 0.26644357442566535, ""water"": 0.8208366433323023, ""transport"": 0.16400316133779402}","{""energy"": 0.0, ""water"": 0.0, ""transport"": 0.0}","{""energy"": 1.0, ""water"": 1.0, ""transport"": 1.0}","{""energy"": 1.0, ""water"": 1.0, ""transport"": 1.0}",0.3,0.1,,0.38314666666666675,1.0,0.6168533333333333,1,"{""energy"": 0.6666666666666667, ""water"": 0.05493333333333334, ""transport"": 0.33333333333333337}","{""energy"": 1.0, ""water"": 1.0, ""transport"": 1.0}","{""energy"": 0.33333333333333326, ""water"": 0.9450666666666666, ""transport"": 0.6666666666666666}",4,0.7851760378379619,,,"[""energy"", ""transport""]",1,v2.0,0.7,0.3
S4_water_partial,12,12,6031167352262539807,scenario=S4_water_partial|method=both|duration=0|theta=0.300000|delta_threshold=0.100000|A=v2.0|w=na|run_id=12|seed=6031167352262539807,False,"{""step_1_amount"": 0.7868652823137864}",033832c9a51598bd69064fc3910037f6fde292830c04f0066e6d9779dc60f4ca,0.38314666666666675,0.7424402641312245,0.3592935974645578,28,0.0,1.0,0.38314666666666675,0.7424402641312245,1,1,0.3592935974645578,"{""energy"": 0.6666666666666667, ""water"": 0.05493333333333334, ""transport"": 0.33333333333333337}","{""energy"": 0.9047872549654856, ""water"": 0.7885149362255663, ""transport"": 0.4799029375912015}","{""energy"": 0.23812058829881888, ""water"": 0.733581602892233, ""transport"": 0.14656960425786814}","{""energy"": 0.0, ""water"": 0.0, ""transport"": 0.0}","{""energy"": 1.0, ""water"": 1.0, ""transport"": 1.0}","{""energy"": 1.0, ""water"": 1.0, ""transport"": 1.0}",0.3,0.1,,0.38314666666666675,1.0,0.6168533333333333,1,"{""energy"": 0.6666666666666667, ""water"": 0.05493333333333334, ""transport"": 0.33333333333333337}","{""energy"": 1.0, ""water"": 1.0, ""transport"": 1.0}","{""energy"": 0.33333333333333326, ""water"": 0.9450666666666666, ""transport"": 0.6666666666666666}",5,0.7424402641312245,,,"[""energy"", ""transport""]",1,v2.0,0.7,0.3
S4_water_partial,13,13,18032369781719048698,scenario=S4_water_partial|method=both|duration=0|theta=0.300000|delta_threshold=0.100000|A=v2.0|w=na|run_id=13|seed=18032369781719048698,False,"{""step_1_amount"": 0.7283628308157213}",033832c9a51598bd69064fc3910037f6fde292830c04f0066e6d9779dc60f4ca,0.38314666666666675,0.7066236007628217,0.32347693409615497,29,0.0,0.0,0.38314666666666675,0.7066236007628217,0,1,0.32347693409615497,"{""energy"": 0.6666666666666667, ""water"": 0.05493333333333334, ""transport"": 0.33333333333333337}","{""energy"": 0.8810498852701456, ""water"": 0.715386871852985, ""transport"": 0.4652919503295598}","{""energy"": 0.21438321860347886, ""water"": 0.6604535385196516, ""transport"": 0.1319586169962264}","{""energy"": 0.0, ""water"": 0.0, ""transport"": 0.0}","{""energy"": 0.0, ""water"": 0.0, ""transport"": 0.0}","{""energy"": 0.0, ""water"": 0.0, ""transport"": 0.0}",0.3,0.1,,0.38314666666666675,1.0,0.6168533333333333,1,"{""energy"": 0.6666666666666667, ""water"": 0.05493333333333334, ""transport"": 0.33333333333333337}","{""energy"": 1.0, ""water"": 1.0, ""transport"": 1.0}","{""energy"": 0.33333333333333326, ""water"": 0.9450666666666666, ""transport"": 0.6666666666666666}",5,0.7066236007628217,,,[],,v2.0,0.7,0.3
S4_water_partial,14,14,11900822515345170755,scenario=S4_water_partial|method=both|duration=0|theta=0.300000|delta_threshold=0.100000|A=v2.0|w=na|run_id=14|seed=11900822515345170755,False,"{""step_1_amount"": 0.47580277621126515}",033832c9a51598bd69064fc3910037f6fde292830c04f0066e6d9779dc60f4ca,0.38314666666666675,0.5520000213326085,0.16885335466594176,25,0.0,0.0,0.38314666666666675,0.5520000213326085,0,1,0.16885335466594176,"{""energy"": 0.6666666666666667, ""water"": 0.05493333333333334, ""transport"": 0.33333333333333337}","{""energy"": 0.7785736431143876, ""water"": 0.39968680359741476, ""transport"": 0.40221507669209683}","{""energy"": 0.11190697644772085, ""water"": 0.34475347026408143, ""transport"": 0.06888174335876346}","{""energy"": 0.0, ""water"": 0.0, ""transport"": 0.0}","{""energy"": 0.0, ""water"": 0.0, ""transport"": 0.0}","{""energy"": 0.0, ""water"": 0.0, ""transport"": 0.0}",0.3,0.1,,0.38314666666666675,1.0,0.6168533333333333,1,"{""energy"": 0.6666666666666667, ""water"": 0.05493333333333334, ""transport"": 0.33333333333333337}","{""energy"": 1.0, ""water"": 1.0, ""transport"": 1.0}","{""energy"": 0.33333333333333326, ""water"": 0.9450666666666666, ""transport"": 0.6666666666666666}",9,0.5520000213326085,,,[],,v2.0,0.7,0.3
S4_water_partial,15,15,15306338854217874014,scenario=S4_water_partial|method=both|duration=0|theta=0.300000|delta_threshold=0.100000|A=v2.0|w=na|run_id=15|seed=15306338854217874014,False,"{""step_1_amount"": 1.238622027695697}",033832c9a51598bd69064fc3910037f6fde292830c04f0066e6d9779dc60f4ca,0.38314666666666675,0.8564466666666667,0.47329999999999994,19,0.0,1.0,0.38314666666666675,0.8564466666666667,1,1,0.47329999999999994,"{""energy"": 0.6666666666666667, ""water"": 0.05493333333333334, ""transport"": 0.33333333333333337}","{""energy"": 0.9912666666666667, ""water"": 1.0, ""transport"": 0.5331333333333333}","{""energy"": 0.3246, ""water"": 0.9450666666666666, ""transport"": 0.19979999999999998}","{""energy"": 0.0, ""water"": 0.0, ""transport"": 0.0}","{""energy"": 1.0, ""water"": 1.0, ""transport"": 1.0}","{""energy"": 1.0, ""water"": 1.0, ""transport"": 1.0}",0.3,0.1,,0.38314666666666675,1.0,0.6168533333333333,1,"{""energy"": 0.6666666666666667, ""water"": 0.05493333333333334, ""transport"": 0.33333333333333337}","{""energy"": 1.0, ""water"": 1.0, ""transport"": 1.0}","{""energy"": 0.33333333333333326, ""water"": 0.9450666666666666, ""transport"": 0.6666666666666666}",3,0.8564466666666667,,,"[""energy"", ""transport""]",1,v2.0,0.7,0.3
S4_water_partial,16,16,5001389734880608894,scenario=S4_water_partial|method=both|duration=0|theta=0.300000|delta_threshold=0.100000|A=v2.0|w=na|run_id=16|seed=5001389734880608894,False,"{""step_1_amount"": 0.7056843922277348}",033832c9a51598bd69064fc3910037f6fde292830c04f0066e6d9779dc60f4ca,0.38314666666666675,0.6927392936982917,0.30959262703162493,18,0.0,0.0,0.38314666666666675,0.6927392936982917,0,1,0.30959262703162493,"{""energy"": 0.6666666666666667, ""water"": 0.05493333333333334, ""transport"": 0.33333333333333337}","{""energy"": 0.8718481088130702, ""water"": 0.687038823618002, ""transport"": 0.4596280102922101}","{""energy"": 0.20518144214640344, ""water"": 0.6321054902846686, ""transport"": 0.12629467695887675}","{""energy"": 0.0, ""water"": 0.0, ""transport"": 0.0}","{""energy"": 0.0, ""water"": 0.0, ""transport"": 0.0}","{""energy"": 0.0, ""water"": 0.0, ""transport"": 0.0}",0.3,0.1,,0.38314666666666675,1.0,0.6168533333333333,1,"{""energy"": 0.6666666666666667, ""water"": 0.05493333333333334, ""transport"": 0.33333333333333337}","{""energy"": 1.0, ""water"": 1.0, ""transport"": 1.0}","{""energy"": 0.33333333333333326, ""water"": 0.9450666666666666, ""transport"": 0.6666666666666666}",6,0.6927392936982917,,,[],,v2.0,0.7,0.3
S4_water_partial,17,17,15617212558855397898,scenario=S4_water_partial|method=both|duration=0|theta=0.300000|delta_threshold=0.100000|A=v2.0|w=na|run_id=17|seed=15617212558855397898,False,"{""step_1_amount"": 0.18201774196734255}",033832c9a51598bd69064fc3910037f6fde292830c04f0066e6d9779dc60f4ca,0.38314666666666675,0.38314666666666675,0.0,23,0.0,0.0,0.38314666666666675,0.38314666666666675,0,0,0.0,"{""energy"": 0.6666666666666667, ""water"": 0.05493333333333334, ""transport"": 0.33333333333333337}","{""energy"": 0.6666666666666667, ""water"": 0.05493333333333334, ""transport"": 0.33333333333333337}","{""energy"": 0.0, ""water"": 0.0, ""transport"": 0.0}","{""energy"": 0.0, ""water"": 0.0, ""transport"": 0.0}","{""energy"": 0.0, ""water"": 0.0, ""transport"": 0.0}","{""energy"": 0.0, ""water"": 0.0, ""transport"": 0.0}",0.3,0.1,,0.38314666666666675,1.0,0.6168533333333333,1,"{""energy"": 0.6666666666666667, ""water"": 0.05493333333333334, ""transport"": 0.33333333333333337}","{""energy"": 1.0, ""water"": 1.0, ""transport"": 1.0}","{""energy"": 0.33333333333333326, ""water"": 0.9450666666666666, ""transport"": 0.6666666666666666}",13,0.38314666666666675,,,[],,v2.0,0.7,0.3
S4_water_partial,18,18,9591140204504375962,scenario=S4_water_partial|method=both|duration=0|theta=0.300000|delta_threshold=0.100000|A=v2.0|w=na|run_id=18|seed=9591140204504375962,False,"{""step_1_amount"": 0.22865679407902043}",033832c9a51598bd69064fc3910037f6fde292830c04f0066e6d9779dc60f4ca,0.38314666666666675,0.400691072421695,0.017544405755028247,17,0.0,0.0,0.38314666666666675,0.400691072421695,0,0,0.017544405755028247,"{""energy"": 0.6666666666666667, ""water"": 0.05493333333333334, ""transport"": 0.33333333333333337}","{""energy"": 0.6782941608642292, ""water"": 0.09075432593210886, ""transport"": 0.3404903676545687}","{""energy"": 0.011627494197562482, ""water"": 0.03582099259877552, ""transport"": 0.007157034321235323}","{""energy"": 0.0, ""water"": 0.0, ""transport"": 0.0}","{""energy"": 0.0, ""water"": 0.0, ""transport"": 0.0}","{""energy"": 0.0, ""water"": 0.0, ""transport"": 0.0}",0.3,0.1,,0.38314666666666675,1.0,0.6168533333333333,1,"{""energy"": 0.6666666666666667, ""water"": 0.05493333333333334, ""transport"": 0.33333333333333337}","{""energy"": 1.0, ""water"": 1.0, ""transport"": 1.0}","{""energy"": 0.33333333333333326, ""water"": 0.9450666666666666, ""transport"": 0.6666666666666666}",12,0.400691072421695,,,[],,v2.0,0.7,0.3
S4_water_partial,19,19,15647278731498465250,scenario=S4_water_partial|method=both|duration=0|theta=0.300000|delta_threshold=0.100000|A=v2.0|w=na|run_id=19|seed=15647278731498465250,False,"{""step_1_amount"": 0.6161911379996251}",033832c9a51598bd69064fc3910037f6fde292830c04f0066e6d9779dc60f4ca,0.38314666666666675,0.6379492861284872,0.2548026194618205,21,0.0,0.0,0.38314666666666675,0.6379492861284872,0,1,0.2548026194618205,"{""energy"": 0.6666666666666667, ""water"": 0.05493333333333334, ""transport"": 0.33333333333333337}","{""energy"": 0.8355362209100147, ""water"": 0.5751722558328648, ""transport"": 0.4372770700487397}","{""energy"": 0.16886955424334793, ""water"": 0.5202389224995314, ""transport"": 0.10394373671540635}","{""energy"": 0.0, ""water"": 0.0, ""transport"": 0.0}","{""energy"": 0.0, ""water"": 0.0, ""transport"": 0.0}","{""energy"": 0.0, ""water"": 0.0, ""transport"": 0.0}",0.3,0.1,,0.38314666666666675,1.0,0.6168533333333333,1,"{""energy"": 0.6666666666666667, ""water"": 0.05493333333333334, ""transport"": 0.33333333333333337}","{""energy"": 1.0, ""water"": 1.0, ""transport"": 1.0}","{""energy"": 0.33333333333333326, ""water"": 0.9450666666666666, ""transport"": 0.6666666666666666}",7,0.6379492861284872,,,[],,v2.0,0.7,0.3
S4_water_partial,20,20,13640649211934408472,scenario=S4_water_partial|method=both|duration=0|theta=0.300000|delta_threshold=0.100000|A=v2.0|w=na|run_id=20|seed=13640649211934408472,False,"{""step_1_amount"": 0.615261580273367}",033832c9a51598bd69064fc3910037f6fde292830c04f0066e6d9779dc60f4ca,0.38314666666666675,0.6373801876495288,0.254233520982862,30,0.0,0.0,0.38314666666666675,0.6373801876495288,0,1,0.254233520982862,"{""energy"": 0.6666666666666667, ""water"": 0.05493333333333334, ""transport"": 0.33333333333333337}","{""energy"": 0.8351590528625854, ""water"": 0.574010308675042, ""transport"": 0.43704491300660675}","{""energy"": 0.16849238619591866, ""water"": 0.5190769753417086, ""transport"": 0.10371157967327338}","{""energy"": 0.0, ""water"": 0.0, ""transport"": 0.0}","{""energy"": 0.0, ""water"": 0.0, ""transport"": 0.0}","{""energy"": 0.0, ""water"": 0.0, ""transport"": 0.0}",0.3,0.1,,0.38314666666666675,1.0,0.6168533333333333,1,"{""energy"": 0.6666666666666667, ""water"": 0.05493333333333334, ""transport"": 0.33333333333333337}","{""energy"": 1.0, ""water"": 1.0, ""transport"": 1.0}","{""energy"": 0.33333333333333326, ""water"": 0.9450666666666666, ""transport"": 0.6666666666666666}",7,0.6373801876495288,,,[],,v2.0,0.7,0.3
S4_water_partial,21,21,15470122474697187459,scenario=S4_water_partial|method=both|duration=0|theta=0.300000|delta_threshold=0.100000|A=v2.0|w=na|run_id=21|seed=15470122474697187459,False,"{""step_1_amount"": 1.5452173444498771}",033832c9a51598bd69064fc3910037f6fde292830c04f0066e6d9779dc60f4ca,0.38314666666666675,0.8564466666666667,0.47329999999999994,18,0.0,1.0,0.38314666666666675,0.8564466666666667,1,1,0.47329999999999994,"{""energy"": 0.6666666666666667, ""water"": 0.05493333333333334, ""transport"": 0.33333333333333337}","{""energy"": 0.9912666666666667, ""water"": 1.0, ""transport"": 0.5331333333333333}","{""energy"": 0.3246, ""water"": 0.9450666666666666, ""transport"": 0.19979999999999998}","{""energy"": 0.0, ""water"": 0.0, ""transport"": 0.0}","{""energy"": 1.0, ""water"": 1.0, ""transport"": 1.0}","{""energy"": 1.0, ""water"": 1.0, ""transport"": 1.0}",0.3,0.1,,0.38314666666666675,1.0,0.6168533333333333,1,"{""energy"": 0.6666666666666667, ""water"": 0.05493333333333334, ""transport"": 0.33333333333333337}","{""energy"": 1.0, ""water"": 1.0, ""transport"": 1.0}","{""energy"": 0.33333333333333326, ""water"": 0.9450666666666666, ""transport"": 0.6666666666666666}",3,0.8564466666666667,,,"[""energy"", ""transport""]",1,v2.0,0.7,0.3
S4_water_partial,22,22,5940197039253332730,scenario=S4_water_partial|method=both|duration=0|theta=0.300000|delta_threshold=0.100000|A=v2.0|w=na|run_id=22|seed=5940197039253332730,False,"{""step_1_amount"": 0.5058086218530053}",033832c9a51598bd69064fc3910037f6fde292830c04f0066e6d9779dc60f4ca,0.38314666666666675,0.5703703501806229,0.18722368351395613,18,0.0,0.0,0.38314666666666675,0.5703703501806229,0,1,0.18722368351395613,"{""energy"": 0.6666666666666667, ""water"": 0.05493333333333334, ""transport"": 0.33333333333333337}","{""energy"": 0.7907485149835236, ""water"": 0.43719411064958996, ""transport"": 0.40970903664112146}","{""energy"": 0.12408184831685687, ""water"": 0.38226077731625663, ""transport"": 0.07637570330778809}","{""energy"": 0.0, ""water"": 0.0, ""transport"": 0.0}","{""energy"": 0.0, ""water"": 0.0, ""transport"": 0.0}","{""energy"": 0.0, ""water"": 0.0, ""transport"": 0.0}",0.3,0.1,,0.38314666666666675,1.0,0.6168533333333333,1,"{""energy"": 0.6666666666666667, ""water"": 0.05493333333333334, ""transport"": 0.33333333333333337}","{""energy"": 1.0, ""water"": 1.0, ""transport"": 1.0}","{""energy"": 0.33333333333333326, ""water"": 0.9450666666666666, ""transport"": 0.6666666666666666}",8,0.5703703501806229,,,[],,v2.0,0.7,0.3
S4_water_partial,23,23,15079937952478830977,scenario=S4_water_partial|method=both|duration=0|theta=0.300000|delta_threshold=0.100000|A=v2.0|w=na|run_id=23|seed=15079937952478830977,False,"{""step_1_amount"": 0.8963905041603135}",033832c9a51598bd69064fc3910037f6fde292830c04f0066e6d9779dc60f4ca,0.38314666666666675,0.8094943430762147,0.42634767640954796,30,0.0,1.0,0.38314666666666675,0.8094943430762147,1,1,0.42634767640954796,"{""energy"": 0.6666666666666667, ""water"": 0.05493333333333334, ""transport"": 0.33333333333333337}","{""energy"": 0.9492271137297139, ""water"": 0.9254214635337253, ""transport"": 0.5072568617473717}","{""energy"": 0.28256044706304717, ""water"": 0.870488130200392, ""transport"": 0.17392352841403835}","{""energy"": 0.0, ""water"": 0.0, ""transport"": 0.0}","{""energy"": 1.0, ""water"": 1.0, ""transport"": 1.0}","{""energy"": 1.0, ""water"": 1.0, ""transport"": 1.0}",0.3,0.1,,0.38314666666666675,1.0,0.6168533333333333,1,"{""energy"": 0.6666666666666667, ""water"": 0.05493333333333334, ""transport"": 0.33333333333333337}","{""energy"": 1.0, ""water"": 1.0, ""transport"": 1.0}","{""energy"": 0.33333333333333326, ""water"": 0.9450666666666666, ""transport"": 0.6666666666666666}",3,0.8094943430762147,,,"[""energy"", ""transport""]",1,v2.0,0.7,0.3
S4_water_partial,24,24,18398304805037614264,scenario=S4_water_partial|method=both|duration=0|theta=0.300000|delta_threshold=0.100000|A=v2.0|w=na|run_id=24|seed=18398304805037614264,False,"{""step_1_amount"": 0.6922593542221586}",033832c9a51598bd69064fc3910037f6fde292830c04f0066e6d9779dc60f4ca,0.38314666666666675,0.6845201498053278,0.3013734831386611,25,0.0,0.0,0.38314666666666675,0.6845201498053278,0,1,0.3013734831386611,"{""energy"": 0.6666666666666667, ""water"": 0.05493333333333334, ""transport"": 0.33333333333333337}","{""energy"": 0.8664008996423076, ""water"": 0.6702575261110316, ""transport"": 0.4562751070503175}","{""energy"": 0.19973423297564086, ""water"": 0.6153241927776982, ""transport"": 0.12294177371698412}","{""energy"": 0.0, ""water"": 0.0, ""transport"": 0.0}","{""energy"": 0.0, ""water"": 0.0, ""transport"": 0.0}","{""energy"": 0.0, ""water"": 0.0, ""transport"": 0.0}",0.3,0.1,,0.38314666666666675,1.0,0.6168533333333333,1,"{""energy"": 0.6666666666666667, ""water"": 0.05493333333333334, ""transport"": 0.33333333333333337}","{""energy"": 1.0, ""water"": 1.0, ""transport"": 1.0}","{""energy"": 0.33333333333333326, ""water"": 0.9450666666666666, ""transport"": 0.6666666666666666}",6,0.6845201498053278,,,[],,v2.0,0.7,0.3
S4_water_partial,25,25,2364586817660495334,scenario=S4_water_partial|method=both|duration=0|theta=0.300000|delta_threshold=0.100000|A=v2.0|w=na|run_id=25|seed=2364586817660495334,False,"{""step_1_amount"": 0.7680099177479067}",033832c9a51598bd69064fc3910037f6fde292830c04f0066e6d9779dc60f4ca,0.38314666666666675,0.7308965385598789,0.34774987189321216,9,0.0,1.0,0.38314666666666675,0.7308965385598789,1,1,0.34774987189321216,"{""energy"": 0.6666666666666667, ""water"": 0.05493333333333334, ""transport"": 0.33333333333333337}","{""energy"": 0.8971366907928799, ""water"": 0.7649457305182168, ""transport"": 0.47519381029087304}","{""energy"": 0.2304700241262132, ""water"": 0.7100123971848834, ""transport"": 0.14186047695753967}","{""energy"": 0.0, ""water"": 0.0, ""transport"": 0.0}","{""energy"": 1.0, ""water"": 1.0, ""transport"": 1.0}","{""energy"": 1.0, ""water"": 1.0, ""transport"": 1.0}",0.3,0.1,,0.38314666666666675,1.0,0.6168533333333333,1,"{""energy"": 0.6666666666666667, ""water"": 0.05493333333333334, ""transport"": 0.33333333333333337}","{""energy"": 1.0, ""water"": 1.0, ""transport"": 1.0}","{""energy"": 0.33333333333333326, ""water"": 0.9450666666666666, ""transport"": 0.6666666666666666}",5,0.7308965385598789,,,"[""energy"", ""transport""]",1,v2.0,0.7,0.3
S4_water_partial,26,26,8196816392734326037,scenario=S4_water_partial|method=both|duration=0|theta=0.300000|delta_threshold=0.100000|A=v2.0|w=na|run_id=26|seed=8196816392734326037,False,"{""step_1_amount"": 0.7215723285584263}",033832c9a51598bd69064fc3910037f6fde292830c04f0066e6d9779dc60f4ca,0.38314666666666675,0.7024662855183492,0.3193196188516825,28,0.0,0.0,0.38314666666666675,0.7024662855183492,0,1,0.3193196188516825,"{""energy"": 0.6666666666666667, ""water"": 0.05493333333333334, ""transport"": 0.33333333333333337}","{""energy"": 0.8782946389792482, ""water"": 0.7068987440313663, ""transport"": 0.46359602239080033}","{""energy"": 0.21162797231258146, ""water"": 0.6519654106980329, ""transport"": 0.13026268905746696}","{""energy"": 0.0, ""water"": 0.0, ""transport"": 0.0}","{""energy"": 0.0, ""water"": 0.0, ""transport"": 0.0}","{""energy"": 0.0, ""water"": 0.0, ""transport"": 0.0}",0.3,0.1,,0.38314666666666675,1.0,0.6168533333333333,1,"{""energy"": 0.6666666666666667, ""water"": 0.05493333333333334, ""transport"": 0.33333333333333337}","{""energy"": 1.0, ""water"": 1.0, ""transport"": 1.0}","{""energy"": 0.33333333333333326, ""water"": 0.9450666666666666, ""transport"": 0.6666666666666666}",6,0.7024662855183492,,,[],,v2.0,0.7,0.3
S4_water_partial,27,27,3007928521934060512,scenario=S4_water_partial|method=both|duration=0|theta=0.300000|delta_threshold=0.100000|A=v2.0|w=na|run_id=27|seed=3007928521934060512,False,"{""step_1_amount"": 0.11903458292010444}",033832c9a51598bd69064fc3910037f6fde292830c04f0066e6d9779dc60f4ca,0.38314666666666675,0.38314666666666675,0.0,18,0.0,0.0,0.38314666666666675,0.38314666666666675,0,0,0.0,"{""energy"": 0.6666666666666667, ""water"": 0.05493333333333334, ""transport"": 0.33333333333333337}","{""energy"": 0.6666666666666667, ""water"": 0.05493333333333334, ""transport"": 0.33333333333333337}","{""energy"": 0.0, ""water"": 0.0, ""transport"": 0.0}","{""energy"": 0.0, ""water"": 0.0, ""transport"": 0.0}","{""energy"": 0.0, ""water"": 0.0, ""transport"": 0.0}","{""energy"": 0.0, ""water"": 0.0, ""transport"": 0.0}",0.3,0.1,,0.38314666666666675,1.0,0.6168533333333333,1,"{""energy"": 0.6666666666666667, ""water"": 0.05493333333333334, ""transport"": 0.33333333333333337}","{""energy"": 1.0, ""water"": 1.0, ""transport"": 1.0}","{""energy"": 0.33333333333333326, ""water"": 0.9450666666666666, ""transport"": 0.6666666666666666}",13,0.38314666666666675,,,[],,v2.0,0.7,0.3
S4_water_partial,28,28,18102942462236469828,scenario=S4_water_partial|method=both|duration=0|theta=0.300000|delta_threshold=0.100000|A=v2.0|w=na|run_id=28|seed=18102942462236469828,False,"{""step_1_amount"": 0.9617066643427546}",033832c9a51598bd69064fc3910037f6fde292830c04f0066e6d9779dc60f4ca,0.38314666666666675,0.8473625301153767,0.4642158634487099,26,0.0,1.0,0.38314666666666675,0.8473625301153767,1,1,0.4642158634487099,"{""energy"": 0.6666666666666667, ""water"": 0.05493333333333334, ""transport"": 0.33333333333333337}","{""energy"": 0.9757291457237394, ""water"": 1.0, ""transport"": 0.5235695727529364}","{""energy"": 0.3090624790570726, ""water"": 0.9450666666666666, ""transport"": 0.190236239419603}","{""energy"": 0.0, ""water"": 0.0, ""transport"": 0.0}","{""energy"": 1.0, ""water"": 1.0, ""transport"": 1.0}","{""energy"": 1.0, ""water"": 1.0, ""transport"": 1.0}",0.3,0.1,,0.38314666666666675,1.0,0.6168533333333333,1,"{""energy"": 0.6666666666666667, ""water"": 0.05493333333333334, ""transport"": 0.33333333333333337}","{""energy"": 1.0, ""water"": 1.0, ""transport"": 1.0}","{""energy"": 0.33333333333333326, ""water"": 0.9450666666666666, ""transport"": 0.6666666666666666}",3,0.8473625301153767,,,"[""energy"", ""transport""]",1,v2.0,0.7,0.3
S4_water_partial,29,29,6413856347726543668,scenario=S4_water_partial|method=both|duration=0|theta=0.300000|delta_threshold=0.100000|A=v2.0|w=na|run_id=29|seed=6413856347726543668,False,"{""step_1_amount"": 0.8085992841622165}",033832c9a51598bd69064fc3910037f6fde292830c04f0066e6d9779dc60f4ca,0.38314666666666675,0.7557463634128797,0.37259969674621296,28,0.0,1.0,0.38314666666666675,0.7557463634128797,1,1,0.37259969674621296,"{""energy"": 0.6666666666666667, ""water"": 0.05493333333333334, ""transport"": 0.33333333333333337}","{""energy"": 0.913605826215486, ""water"": 0.815682438536104, ""transport"": 0.48533100455284695}","{""energy"": 0.2469391595488193, ""water"": 0.7607491052027706, ""transport"": 0.15199767121951357}","{""energy"": 0.0, ""water"": 0.0, ""transport"": 0.0}","{""energy"": 1.0, ""water"": 1.0, ""transport"": 1.0}","{""energy"": 1.0, ""water"": 1.0, ""transport"": 1.0}",0.3,0.1,,0.38314666666666675,1.0,0.6168533333333333,1,"{""energy"": 0.6666666666666667, ""water"": 0.05493333333333334, ""transport"": 0.33333333333333337}","{""energy"": 1.0, ""water"": 1.0, ""transport"": 1.0}","{""energy"": 0.33333333333333326, ""water"": 0.9450666666666666, ""transport"": 0.6666666666666666}",4,0.7557463634128797,,,"[""energy"", ""transport""]",1,v2.0,0.7,0.3
S4_water_partial,30,30,12627893614935164751,scenario=S4_water_partial|method=both|duration=0|theta=0.300000|delta_threshold=0.100000|A=v2.0|w=na|run_id=30|seed=12627893614935164751,False,"{""step_1_amount"": 0.894216948739696}",033832c9a51598bd69064fc3910037f6fde292830c04f0066e6d9779dc60f4ca,0.38314666666666675,0.8081636381088272,0.42501697144216044,9,0.0,1.0,0.38314666666666675,0.8081636381088272,1,1,0.42501697144216044,"{""energy"": 0.6666666666666667, ""water"": 0.05493333333333334, ""transport"": 0.33333333333333337}","{""energy"": 0.9483451936177985, ""water"": 0.9227045192579534, ""transport"": 0.5067140162810725}","{""energy"": 0.2816785269511317, ""water"": 0.86777118592462, ""transport"": 0.17338068294773912}","{""energy"": 0.0, ""water"": 0.0, ""transport"": 0.0}","{""energy"": 1.0, ""water"": 1.0, ""transport"": 1.0}","{""energy"": 1.0, ""water"": 1.0, ""transport"": 1.0}",0.3,0.1,,0.38314666666666675,1.0,0.6168533333333333,1,"{""energy"": 0.6666666666666667, ""water"": 0.05493333333333334, ""transport"": 0.33333333333333337}","{""energy"": 1.0, ""water"": 1.0, ""transport"": 1.0}","{""energy"": 0.33333333333333326, ""water"": 0.9450666666666666, ""transport"": 0.6666666666666666}",3,0.8081636381088272,,,"[""energy"", ""transport""]",1,v2.0,0.7,0.3
S4_water_partial,31,31,909690535146821269,scenario=S4_water_partial|method=both|duration=0|theta=0.300000|delta_threshold=0.100000|A=v2.0|w=na|run_id=31|seed=909690535146821269,False,"{""step_1_amount"": 0.5811862492884632}",033832c9a51598bd69064fc3910037f6fde292830c04f0066e6d9779dc60f4ca,0.38314666666666675,0.616518418137296,0.23337175147062927,19,0.0,0.0,0.38314666666666675,0.616518418137296,0,1,0.23337175147062927,"{""energy"": 0.6666666666666667, ""water"": 0.05493333333333334, ""transport"": 0.33333333333333337}","{""energy"": 0.8213329873154607, ""water"": 0.5314161449439123, ""transport"": 0.428534599093127}","{""energy"": 0.15466632064879393, ""water"": 0.476482811610579, ""transport"": 0.09520126575979365}","{""energy"": 0.0, ""water"": 0.0, ""transport"": 0.0}","{""energy"": 0.0, ""water"": 0.0, ""transport"": 0.0}","{""energy"": 0.0, ""water"": 0.0, ""transport"": 0.0}",0.3,0.1,,0.38314666666666675,1.0,0.6168533333333333,1,"{""energy"": 0.6666666666666667, ""water"": 0.05493333333333334, ""transport"": 0.33333333333333337}","{""energy"": 1.0, ""water"": 1.0, ""transport"": 1.0}","{""energy"": 0.33333333333333326, ""water"": 0.9450666666666666, ""transport"": 0.6666666666666666}",7,0.616518418137296,,,[],,v2.0,0.7,0.3
S4_water_partial,32,32,17791115670937532745,scenario=S4_water_partial|method=both|duration=0|theta=0.300000|delta_threshold=0.100000|A=v2.0|w=na|run_id=32|seed=17791115670937532745,False,"{""step_1_amount"": 0.49689168384239346}",033832c9a51598bd69064fc3910037f6fde292830c04f0066e6d9779dc60f4ca,0.38314666666666675,0.564911177807076,0.18176451114040926,17,0.0,0.0,0.38314666666666675,0.564911177807076,0,1,0.18176451114040926,"{""energy"": 0.6666666666666667, ""water"": 0.05493333333333334, ""transport"": 0.33333333333333337}","{""energy"": 0.7871304673857179, ""water"": 0.42604793813632513, ""transport"": 0.4074820313729711}","{""energy"": 0.12046380071905116, ""water"": 0.3711146048029918, ""transport"": 0.07414869803963775}","{""energy"": 0.0, ""water"": 0.0, ""transport"": 0.0}","{""energy"": 0.0, ""water"": 0.0, ""transport"": 0.0}","{""energy"": 0.0, ""water"": 0.0, ""transport"": 0.0}",0.3,0.1,,0.38314666666666675,1.0,0.6168533333333333,1,"{""energy"": 0.6666666666666667, ""water"": 0.05493333333333334, ""transport"": 0.33333333333333337}","{""energy"": 1.0, ""water"": 1.0, ""transport"": 1.0}","{""energy"": 0.33333333333333326, ""water"": 0.9450666666666666, ""transport"": 0.6666666666666666}",8,0.564911177807076,,,[],,v2.0,0.7,0.3
S4_water_partial,33,33,10347521973348156400,scenario=S4_water_partial|method=both|duration=0|theta=0.300000|delta_threshold=0.100000|A=v2.0|w=na|run_id=33|seed=10347521973348156400,False,"{""step_1_amount"": 1.4529870028426373}",033832c9a51598bd69064fc3910037f6fde292830c04f0066e6d9779dc60f4ca,0.38314666666666675,0.8564466666666667,0.47329999999999994,23,0.0,1.0,0.38314666666666675,0.8564466666666667,1,1,0.47329999999999994,"{""energy"": 0.6666666666666667, ""water"": 0.05493333333333334, ""transport"": 0.33333333333333337}","{""energy"": 0.9912666666666667, ""water"": 1.0, ""transport"": 0.5331333333333333}","{""energy"": 0.3246, ""water"": 0.9450666666666666, ""transport"": 0.19979999999999998}","{""energy"": 0.0, ""water"": 0.0, ""transport"": 0.0}","{""energy"": 1.0, ""water"": 1.0, ""transport"": 1.0}","{""energy"": 1.0, ""water"": 1.0, ""transport"": 1.0}",0.3,0.1,,0.38314666666666675,1.0,0.6168533333333333,1,"{""energy"": 0.6666666666666667, ""water"": 0.05493333333333334, ""transport"": 0.33333333333333337}","{""energy"": 1.0, ""water"": 1.0, ""transport"": 1.0}","{""energy"": 0.33333333333333326, ""water"": 0.9450666666666666, ""transport"": 0.6666666666666666}",3,0.8564466666666667,,,"[""energy"", ""transport""]",1,v2.0,0.7,0.3
S4_water_partial,34,34,17202410043010978944,scenario=S4_water_partial|method=both|duration=0|theta=0.300000|delta_threshold=0.100000|A=v2.0|w=na|run_id=34|seed=17202410043010978944,False,"{""step_1_amount"": 0.5993949890118656}",033832c9a51598bd69064fc3910037f6fde292830c04f0066e6d9779dc60f4ca,0.38314666666666675,0.6276662638144561,0.24451959714778937,17,0.0,0.0,0.38314666666666675,0.6276662638144561,0,1,0.24451959714778937,"{""energy"": 0.6666666666666667, ""water"": 0.05493333333333334, ""transport"": 0.33333333333333337}","{""energy"": 0.8287211834582312, ""water"": 0.5541770695981654, ""transport"": 0.4330822318390468}","{""energy"": 0.16205451679156446, ""water"": 0.49924373626483204, ""transport"": 0.09974889850571345}","{""energy"": 0.0, ""water"": 0.0, ""transport"": 0.0}","{""energy"": 0.0, ""water"": 0.0, ""transport"": 0.0}","{""energy"": 0.0, ""water"": 0.0, ""transport"": 0.0}",0.3,0.1,,0.38314666666666675,1.0,0.6168533333333333,1,"{""energy"": 0.6666666666666667, ""water"": 0.05493333333333334, ""transport"": 0.33333333333333337}","{""energy"": 1.0, ""water"": 1.0, ""transport"": 1.0}","{""energy"": 0.33333333333333326, ""water"": 0.9450666666666666, ""transport"": 0.6666666666666666}",7,0.6276662638144561,,,[],,v2.0,0.7,0.3
S4_water_partial,35,35,841781259846663069,scenario=S4_water_partial|method=both|duration=0|theta=0.300000|delta_threshold=0.100000|A=v2.0|w=na|run_id=35|seed=841781259846663069,False,"{""step_1_amount"": 0.7522821426109865}",033832c9a51598bd69064fc3910037f6fde292830c04f0066e6d9779dc60f4ca,0.38314666666666675,0.721267601426678,0.33812093476001126,27,0.0,0.0,0.38314666666666675,0.721267601426678,0,1,0.33812093476001126,"{""energy"": 0.6666666666666667, ""water"": 0.05493333333333334, ""transport"": 0.33333333333333337}","{""energy"": 0.8907551460310745, ""water"": 0.7452860115970665, ""transport"": 0.47126579845042726}","{""energy"": 0.2240884793644078, ""water"": 0.6903526782637331, ""transport"": 0.1379324651170939}","{""energy"": 0.0, ""water"": 0.0, ""transport"": 0.0}","{""energy"": 0.0, ""water"": 0.0, ""transport"": 0.0}","{""energy"": 0.0, ""water"": 0.0, ""transport"": 0.0}",0.3,0.1,,0.38314666666666675,1.0,0.6168533333333333,1,"{""energy"": 0.6666666666666667, ""water"": 0.05493333333333334, ""transport"": 0.33333333333333337}","{""energy"": 1.0, ""water"": 1.0, ""transport"": 1.0}","{""energy"": 0.33333333333333326, ""water"": 0.9450666666666666, ""transport"": 0.6666666666666666}",5,0.721267601426678,,,[],,v2.0,0.7,0.3
S4_water_partial,36,36,12058017244859475611,scenario=S4_water_partial|method=both|duration=0|theta=0.300000|delta_threshold=0.100000|A=v2.0|w=na|run_id=36|seed=12058017244859475611,False,"{""step_1_amount"": 0.44344408343374153}",033832c9a51598bd69064fc3910037f6fde292830c04f0066e6d9779dc60f4ca,0.38314666666666675,0.532189220646889,0.14904255398022226,24,0.0,0.0,0.38314666666666675,0.532189220646889,0,0,0.14904255398022226,"{""energy"": 0.6666666666666667, ""water"": 0.05493333333333334, ""transport"": 0.33333333333333337}","{""energy"": 0.7654441035199073, ""water"": 0.3592384376255102, ""transport"": 0.3941334931709103}","{""energy"": 0.09877743685324059, ""water"": 0.3043051042921769, ""transport"": 0.06080015983757692}","{""energy"": 0.0, ""water"": 0.0, ""transport"": 0.0}","{""energy"": 0.0, ""water"": 0.0, ""transport"": 0.0}","{""energy"": 0.0, ""water"": 0.0, ""transport"": 0.0}",0.3,0.1,,0.38314666666666675,1.0,0.6168533333333333,1,"{""energy"": 0.6666666666666667, ""water"": 0.05493333333333334, ""transport"": 0.33333333333333337}","{""energy"": 1.0, ""water"": 1.0, ""transport"": 1.0}","{""energy"": 0.33333333333333326, ""water"": 0.9450666666666666, ""transport"": 0.6666666666666666}",9,0.532189220646889,,,[],,v2.0,0.7,0.3
S4_water_partial,37,37,13685498511174957915,scenario=S4_water_partial|method=both|duration=0|theta=0.300000|delta_threshold=0.100000|A=v2.0|w=na|run_id=37|seed=13685498511174957915,False,"{""step_1_amount"": 0.6188346639421406}",033832c9a51598bd69064fc3910037f6fde292830c04f0066e6d9779dc60f4ca,0.38314666666666675,0.6395677187986438,0.2564210521319771,12,0.0,0.0,0.38314666666666675,0.6395677187986438,0,1,0.2564210521319771,"{""energy"": 0.6666666666666667, ""water"": 0.05493333333333334, ""transport"": 0.33333333333333337}","{""energy"": 0.8366088315611904, ""water"": 0.5784766632610092, ""transport"": 0.437937290652883}","{""energy"": 0.16994216489452363, ""water"": 0.5235433299276758, ""transport"": 0.10460395731954963}","{""energy"": 0.0, ""water"": 0.0, ""transport"": 0.0}","{""energy"": 0.0, ""water"": 0.0, ""transport"": 0.0}","{""energy"": 0.0, ""water"": 0.0, ""transport"": 0.0}",0.3,0.1,,0.38314666666666675,1.0,0.6168533333333333,1,"{""energy"": 0.6666666666666667, ""water"": 0.05493333333333334, ""transport"": 0.33333333333333337}","{""energy"": 1.0, ""water"": 1.0, ""transport"": 1.0}","{""energy"": 0.33333333333333326, ""water"": 0.9450666666666666, ""transport"": 0.6666666666666666}",7,0.6395677187986438,,,[],,v2.0,0.7,0.3
S4_water_partial,38,38,4940284560367536149,scenario=S4_water_partial|method=both|duration=0|theta=0.300000|delta_threshold=0.100000|A=v2.0|w=na|run_id=38|seed=4940284560367536149,False,"{""step_1_amount"": 0.9464043742841548}",033832c9a51598bd69064fc3910037f6fde292830c04f0066e6d9779dc60f4ca,0.38314666666666675,0.8401140847127834,0.4569674180461166,17,0.0,1.0,0.38314666666666675,0.8401140847127834,1,1,0.4569674180461166,"{""energy"": 0.6666666666666667, ""water"": 0.05493333333333334, ""transport"": 0.33333333333333337}","{""energy"": 0.9695202415324625, ""water"": 0.9879388011885268, ""transport"": 0.519747825810801}","{""energy"": 0.3028535748657958, ""water"": 0.9330054678551934, ""transport"": 0.18641449247746766}","{""energy"": 0.0, ""water"": 0.0, ""transport"": 0.0}","{""energy"": 1.0, ""water"": 1.0, ""transport"": 1.0}","{""energy"": 1.0, ""water"": 1.0, ""transport"": 1.0}",0.3,0.1,,0.38314666666666675,1.0,0.6168533333333333,1,"{""energy"": 0.6666666666666667, ""water"": 0.05493333333333334, ""transport"": 0.33333333333333337}","{""energy"": 1.0, ""water"": 1.0, ""transport"": 1.0}","{""energy"": 0.33333333333333326, ""water"": 0.9450666666666666, ""transport"": 0.6666666666666666}",3,0.8401140847127834,,,"[""energy"", ""transport""]",1,v2.0,0.7,0.3
S4_water_partial,39,39,11740285691425283413,scenario=S4_water_partial|method=both|duration=0|theta=0.300000|delta_threshold=0.100000|A=v2.0|w=na|run_id=39|seed=11740285691425283413,False,"{""step_1_amount"": 1.1202570556436755}",033832c9a51598bd69064fc3910037f6fde292830c04f0066e6d9779dc60f4ca,0.38314666666666675,0.8564466666666667,0.47329999999999994,6,0.0,1.0,0.38314666666666675,0.8564466666666667,1,1,0.47329999999999994,"{""energy"": 0.6666666666666667, ""water"": 0.05493333333333334, ""transport"": 0.33333333333333337}","{""energy"": 0.9912666666666667, ""water"": 1.0, ""transport"": 0.5331333333333333}","{""energy"": 0.3246, ""water"": 0.9450666666666666, ""transport"": 0.19979999999999998}","{""energy"": 0.0, ""water"": 0.0, ""transport"": 0.0}","{""energy"": 1.0, ""water"": 1.0, ""transport"": 1.0}","{""energy"": 1.0, ""water"": 1.0, ""transport"": 1.0}",0.3,0.1,,0.38314666666666675,1.0,0.6168533333333333,1,"{""energy"": 0.6666666666666667, ""water"": 0.05493333333333334, ""transport"": 0.33333333333333337}","{""energy"": 1.0, ""water"": 1.0, ""transport"": 1.0}","{""energy"": 0.33333333333333326, ""water"": 0.9450666666666666, ""transport"": 0.6666666666666666}",3,0.8564466666666667,,,"[""energy"", ""transport""]",1,v2.0,0.7,0.3
S4_water_partial,40,40,17360560650164099058,scenario=S4_water_partial|method=both|duration=0|theta=0.300000|delta_threshold=0.100000|A=v2.0|w=na|run_id=40|seed=17360560650164099058,False,"{""step_1_amount"": 0.797861640768382}",033832c9a51598bd69064fc3910037f6fde292830c04f0066e6d9779dc60f4ca,0.38314666666666675,0.7491725096860893,0.36602584301942254,11,0.0,1.0,0.38314666666666675,0.7491725096860893,1,1,0.36602584301942254,"{""energy"": 0.6666666666666667, ""water"": 0.05493333333333334, ""transport"": 0.33333333333333337}","{""energy"": 0.9092490274084377, ""water"": 0.8022603842938107, ""transport"": 0.4826492781152367}","{""energy"": 0.24258236074177097, ""water"": 0.7473270509604774, ""transport"": 0.14931594478190335}","{""energy"": 0.0, ""water"": 0.0, ""transport"": 0.0}","{""energy"": 1.0, ""water"": 1.0, ""transport"": 1.0}","{""energy"": 1.0, ""water"": 1.0, ""transport"": 1.0}",0.3,0.1,,0.38314666666666675,1.0,0.6168533333333333,1,"{""energy"": 0.6666666666666667, ""water"": 0.05493333333333334, ""transport"": 0.33333333333333337}","{""energy"": 1.0, ""water"": 1.0, ""transport"": 1.0}","{""energy"": 0.33333333333333326, ""water"": 0.9450666666666666, ""transport"": 0.6666666666666666}",5,0.7491725096860893,,,"[""energy"", ""transport""]",1,v2.0,0.7,0.3
S4_water_partial,41,41,16036444718172029513,scenario=S4_water_partial|method=both|duration=0|theta=0.300000|delta_threshold=0.100000|A=v2.0|w=na|run_id=41|seed=16036444718172029513,False,"{""step_1_amount"": 0.5635773382739099}",033832c9a51598bd69064fc3910037f6fde292830c04f0066e6d9779dc60f4ca,0.38314666666666675,0.6057378025914112,0.22259113592474444,15,0.0,0.0,0.38314666666666675,0.6057378025914112,0,1,0.22259113592474444,"{""energy"": 0.6666666666666667, ""water"": 0.05493333333333334, ""transport"": 0.33333333333333337}","{""energy"": 0.8141881716713056, ""water"": 0.5094050061757207, ""transport"": 0.42413677356724233}","{""energy"": 0.1475215050046389, ""water"": 0.4544716728423874, ""transport"": 0.09080344023390896}","{""energy"": 0.0, ""water"": 0.0, ""transport"": 0.0}","{""energy"": 0.0, ""water"": 0.0, ""transport"": 0.0}","{""energy"": 0.0, ""water"": 0.0, ""transport"": 0.0}",0.3,0.1,,0.38314666666666675,1.0,0.6168533333333333,1,"{""energy"": 0.6666666666666667, ""water"": 0.05493333333333334, ""transport"": 0.33333333333333337}","{""energy"": 1.0, ""water"": 1.0, ""transport"": 1.0}","{""energy"": 0.33333333333333326, ""water"": 0.9450666666666666, ""transport"": 0.6666666666666666}",8,0.6057378025914112,,,[],,v2.0,0.7,0.3
S4_water_partial,42,42,11652405765506262032,scenario=S4_water_partial|method=both|duration=0|theta=0.300000|delta_threshold=0.100000|A=v2.0|w=na|run_id=42|seed=11652405765506262032,False,"{""step_1_amount"": 1.0199059612961547}",033832c9a51598bd69064fc3910037f6fde292830c04f0066e6d9779dc60f4ca,0.38314666666666675,0.8564466666666667,0.47329999999999994,10,0.0,1.0,0.38314666666666675,0.8564466666666667,1,1,0.47329999999999994,"{""energy"": 0.6666666666666667, ""water"": 0.05493333333333334, ""transport"": 0.33333333333333337}","{""energy"": 0.9912666666666667, ""water"": 1.0, ""transport"": 0.5331333333333333}","{""energy"": 0.3246, ""water"": 0.9450666666666666, ""transport"": 0.19979999999999998}","{""energy"": 0.0, ""water"": 0.0, ""transport"": 0.0}","{""energy"": 1.0, ""water"": 1.0, ""transport"": 1.0}","{""energy"": 1.0, ""water"": 1.0, ""transport"": 1.0}",0.3,0.1,,0.38314666666666675,1.0,0.6168533333333333,1,"{""energy"": 0.6666666666666667, ""water"": 0.05493333333333334, ""transport"": 0.33333333333333337}","{""energy"": 1.0, ""water"": 1.0, ""transport"": 1.0}","{""energy"": 0.33333333333333326, ""water"": 0.9450666666666666, ""transport"": 0.6666666666666666}",3,0.8564466666666667,,,"[""energy"", ""transport""]",1,v2.0,0.7,0.3
S4_water_partial,43,43,2850560672235176225,scenario=S4_water_partial|method=both|duration=0|theta=0.300000|delta_threshold=0.100000|A=v2.0|w=na|run_id=43|seed=2850560672235176225,False,"{""step_1_amount"": 0.48066535390166854}",033832c9a51598bd69064fc3910037f6fde292830c04f0066e6d9779dc60f4ca,0.38314666666666675,0.5549770129591158,0.1718303462924491,20,0.0,0.0,0.38314666666666675,0.5549770129591158,0,1,0.1718303462924491,"{""energy"": 0.6666666666666667, ""water"": 0.05493333333333334, ""transport"": 0.33333333333333337}","{""energy"": 0.7805466340122688, ""water"": 0.40576502571041906, ""transport"": 0.4034295054702751}","{""energy"": 0.11387996734560202, ""water"": 0.3508316923770857, ""transport"": 0.07009617213694175}","{""energy"": 0.0, ""water"": 0.0, ""transport"": 0.0}","{""energy"": 0.0, ""water"": 0.0, ""transport"": 0.0}","{""energy"": 0.0, ""water"": 0.0, ""transport"": 0.0}",0.3,0.1,,0.38314666666666675,1.0,0.6168533333333333,1,"{""energy"": 0.6666666666666667, ""water"": 0.05493333333333334, ""transport"": 0.33333333333333337}","{""energy"": 1.0, ""water"": 1.0, ""transport"": 1.0}","{""energy"": 0.33333333333333326, ""water"": 0.9450666666666666, ""transport"": 0.6666666666666666}",9,0.5549770129591158,,,[],,v2.0,0.7,0.3
S4_water_partial,44,44,10810536567327217450,scenario=S4_water_partial|method=both|duration=0|theta=0.300000|delta_threshold=0.100000|A=v2.0|w=na|run_id=44|seed=10810536567327217450,False,"{""step_1_amount"": 0.7138809813212256}",033832c9a51598bd69064fc3910037f6fde292830c04f0066e6d9779dc60f4ca,0.38314666666666675,0.6977574504560541,0.31461078378938734,28,0.0,0.0,0.38314666666666675,0.6977574504560541,0,1,0.31461078378938734,"{""energy"": 0.6666666666666667, ""water"": 0.05493333333333334, ""transport"": 0.33333333333333337}","{""energy"": 0.875173874837754, ""water"": 0.6972845599848654, ""transport"": 0.4616751084183095}","{""energy"": 0.20850720817108725, ""water"": 0.642351226651532, ""transport"": 0.12834177508497613}","{""energy"": 0.0, ""water"": 0.0, ""transport"": 0.0}","{""energy"": 0.0, ""water"": 0.0, ""transport"": 0.0}","{""energy"": 0.0, ""water"": 0.0, ""transport"": 0.0}",0.3,0.1,,0.38314666666666675,1.0,0.6168533333333333,1,"{""energy"": 0.6666666666666667, ""water"": 0.05493333333333334, ""transport"": 0.33333333333333337}","{""energy"": 1.0, ""water"": 1.0, ""transport"": 1.0}","{""energy"": 0.33333333333333326, ""water"": 0.9450666666666666, ""transport"": 0.6666666666666666}",6,0.6977574504560541,,,[],,v2.0,0.7,0.3
S4_water_partial,45,45,9766553461246277721,scenario=S4_water_partial|method=both|duration=0|theta=0.300000|delta_threshold=0.100000|A=v2.0|w=na|run_id=45|seed=9766553461246277721,False,"{""step_1_amount"": 0.7674233424104885}",033832c9a51598bd69064fc3910037f6fde292830c04f0066e6d9779dc60f4ca,0.38314666666666675,0.7305374224739282,0.3473907558072614,27,0.0,1.0,0.38314666666666675,0.7305374224739282,1,1,0.3473907558072614,"{""energy"": 0.6666666666666667, ""water"": 0.05493333333333334, ""transport"": 0.33333333333333337}","{""energy"": 0.8968986878497225, ""water"": 0.764212511346444, ""transport"": 0.47504731310035286}","{""energy"": 0.23023202118305575, ""water"": 0.7092791780131106, ""transport"": 0.1417139797670195}","{""energy"": 0.0, ""water"": 0.0, ""transport"": 0.0}","{""energy"": 1.0, ""water"": 1.0, ""transport"": 1.0}","{""energy"": 1.0, ""water"": 1.0, ""transport"": 1.0}",0.3,0.1,,0.38314666666666675,1.0,0.6168533333333333,1,"{""energy"": 0.6666666666666667, ""water"": 0.05493333333333334, ""transport"": 0.33333333333333337}","{""energy"": 1.0, ""water"": 1.0, ""transport"": 1.0}","{""energy"": 0.33333333333333326, ""water"": 0.9450666666666666, ""transport"": 0.6666666666666666}",5,0.7305374224739282,,,"[""energy"", ""transport""]",1,v2.0,0.7,0.3
S4_water_partial,46,46,8486792860555470012,scenario=S4_water_partial|method=both|duration=0|theta=0.300000|delta_threshold=0.100000|A=v2.0|w=na|run_id=46|seed=8486792860555470012,False,"{""step_1_amount"": 0.5050231841046766}",033832c9a51598bd69064fc3910037f6fde292830c04f0066e6d9779dc60f4ca,0.38314666666666675,0.5698894855551524,0.18674281888848565,24,0.0,0.0,0.38314666666666675,0.5698894855551524,0,1,0.18674281888848565,"{""energy"": 0.6666666666666667, ""water"": 0.05493333333333334, ""transport"": 0.33333333333333337}","{""energy"": 0.7904298236171393, ""water"": 0.4362123134641791, ""transport"": 0.4095128735634764}","{""energy"": 0.12376315695047257, ""water"": 0.38127898013084577, ""transport"": 0.076179540230143}","{""energy"": 0.0, ""water"": 0.0, ""transport"": 0.0}","{""energy"": 0.0, ""water"": 0.0, ""transport"": 0.0}","{""energy"": 0.0, ""water"": 0.0, ""transport"": 0.0}",0.3,0.1,,0.38314666666666675,1.0,0.6168533333333333,1,"{""energy"": 0.6666666666666667, ""water"": 0.05493333333333334, ""transport"": 0.33333333333333337}","{""energy"": 1.0, ""water"": 1.0, ""transport"": 1.0}","{""energy"": 0.33333333333333326, ""water"": 0.9450666666666666, ""transport"": 0.6666666666666666}",8,0.5698894855551524,,,[],,v2.0,0.7,0.3
S4_water_partial,47,47,14718045167175309202,scenario=S4_water_partial|method=both|duration=0|theta=0.300000|delta_threshold=0.100000|A=v2.0|w=na|run_id=47|seed=14718045167175309202,False,"{""step_1_amount"": 0.8716143514596846}",033832c9a51598bd69064fc3910037f6fde292830c04f0066e6d9779dc60f4ca,0.38314666666666675,0.7943257629890721,0.41117909632240535,17,0.0,1.0,0.38314666666666675,0.7943257629890721,1,1,0.41117909632240535,"{""energy"": 0.6666666666666667, ""water"": 0.05493333333333334, ""transport"": 0.33333333333333337}","{""energy"": 0.9391741897714337, ""water"": 0.8944512726579391, ""transport"": 0.5010690176103896}","{""energy"": 0.272507523104767, ""water"": 0.8395179393246057, ""transport"": 0.1677356842770562}","{""energy"": 0.0, ""water"": 0.0, ""transport"": 0.0}","{""energy"": 1.0, ""water"": 1.0, ""transport"": 1.0}","{""energy"": 1.0, ""water"": 1.0, ""transport"": 1.0}",0.3,0.1,,0.38314666666666675,1.0,0.6168533333333333,1,"{""energy"": 0.6666666666666667, ""water"": 0.05493333333333334, ""transport"": 0.33333333333333337}","{""energy"": 1.0, ""water"": 1.0, ""transport"": 1.0}","{""energy"": 0.33333333333333326, ""water"": 0.9450666666666666, ""transport"": 0.6666666666666666}",4,0.7943257629890721,,,"[""energy"", ""transport""]",1,v2.0,0.7,0.3
S4_water_partial,48,48,11348723768287533545,scenario=S4_water_partial|method=both|duration=0|theta=0.300000|delta_threshold=0.100000|A=v2.0|w=na|run_id=48|seed=11348723768287533545,False,"{""step_1_amount"": 0.5249882269142111}",033832c9a51598bd69064fc3910037f6fde292830c04f0066e6d9779dc60f4ca,0.38314666666666675,0.5821125838892196,0.19896591722255286,15,0.0,0.0,0.38314666666666675,0.5821125838892196,0,1,0.19896591722255286,"{""energy"": 0.6666666666666667, ""water"": 0.05493333333333334, ""transport"": 0.33333333333333337}","{""energy"": 0.7985306397371079, ""water"": 0.4611686169760972, ""transport"": 0.41449914300515756}","{""energy"": 0.13186397307044118, ""water"": 0.40623528364276384, ""transport"": 0.08116580967182419}","{""energy"": 0.0, ""water"": 0.0, ""transport"": 0.0}","{""energy"": 0.0, ""water"": 0.0, ""transport"": 0.0}","{""energy"": 0.0, ""water"": 0.0, ""transport"": 0.0}",0.3,0.1,,0.38314666666666675,1.0,0.6168533333333333,1,"{""energy"": 0.6666666666666667, ""water"": 0.05493333333333334, ""transport"": 0.33333333333333337}","{""energy"": 1.0, ""water"": 1.0, ""transport"": 1.0}","{""energy"": 0.33333333333333326, ""water"": 0.9450666666666666, ""transport"": 0.6666666666666666}",8,0.5821125838892196,,,[],,v2.0,0.7,0.3
S4_water_partial,49,49,1110684862360046755,scenario=S4_water_partial|method=both|duration=0|theta=0.300000|delta_threshold=0.100000|A=v2.0|w=na|run_id=49|seed=1110684862360046755,False,"{""step_1_amount"": 1.3350774864841997}",033832c9a51598bd69064fc3910037f6fde292830c04f0066e6d9779dc60f4ca,0.38314666666666675,0.8564466666666667,0.47329999999999994,5,0.0,1.0,0.38314666666666675,0.8564466666666667,1,1,0.47329999999999994,"{""energy"": 0.6666666666666667, ""water"": 0.05493333333333334, ""transport"": 0.33333333333333337}","{""energy"": 0.9912666666666667, ""water"": 1.0, ""transport"": 0.5331333333333333}","{""energy"": 0.3246, ""water"": 0.9450666666666666, ""transport"": 0.19979999999999998}","{""energy"": 0.0, ""water"": 0.0, ""transport"": 0.0}","{""energy"": 1.0, ""water"": 1.0, ""transport"": 1.0}","{""energy"": 1.0, ""water"": 1.0, ""transport"": 1.0}",0.3,0.1,,0.38314666666666675,1.0,0.6168533333333333,1,"{""energy"": 0.6666666666666667, ""water"": 0.05493333333333334, ""transport"": 0.33333333333333337}","{""energy"": 1.0, ""water"": 1.0, ""transport"": 1.0}","{""energy"": 0.33333333333333326, ""water"": 0.9450666666666666, ""transport"": 0.6666666666666666}",3,0.8564466666666667,,,"[""energy"", ""transport""]",1,v2.0,0.7,0.3
S4_water_partial,50,50,5741775707253652681,scenario=S4_water_partial|method=both|duration=0|theta=0.300000|delta_threshold=0.100000|A=v2.0|w=na|run_id=50|seed=5741775707253652681,False,"{""step_1_amount"": 0.40411346476161525}",033832c9a51598bd69064fc3910037f6fde292830c04f0066e6d9779dc60f4ca,0.38314666666666675,0.5081100326303466,0.12496336596367985,22,0.0,0.0,0.38314666666666675,0.5081100326303466,0,0,0.12496336596367985,"{""energy"": 0.6666666666666667, ""water"": 0.05493333333333334, ""transport"": 0.33333333333333337}","{""energy"": 0.7494857049936922, ""water"": 0.31007516428535237, ""transport"": 0.3843106711575468}","{""energy"": 0.08281903832702542, ""water"": 0.25514183095201903, ""transport"": 0.05097733782421343}","{""energy"": 0.0, ""water"": 0.0, ""transport"": 0.0}","{""energy"": 0.0, ""water"": 0.0, ""transport"": 0.0}","{""energy"": 0.0, ""water"": 0.0, ""transport"": 0.0}",0.3,0.1,,0.38314666666666675,1.0,0.6168533333333333,1,"{""energy"": 0.6666666666666667, ""water"": 0.05493333333333334, ""transport"": 0.33333333333333337}","{""energy"": 1.0, ""water"": 1.0, ""transport"": 1.0}","{""energy"": 0.33333333333333326, ""water"": 0.9450666666666666, ""transport"": 0.6666666666666666}",10,0.5081100326303466,,,[],,v2.0,0.7,0.3
S4_water_partial,51,51,4124506235195252065,scenario=S4_water_partial|method=both|duration=0|theta=0.300000|delta_threshold=0.100000|A=v2.0|w=na|run_id=51|seed=4124506235195252065,False,"{""step_1_amount"": 0.8944361727288664}",033832c9a51598bd69064fc3910037f6fde292830c04f0066e6d9779dc60f4ca,0.38314666666666675,0.808297852515597,0.4251511858489303,7,0.0,1.0,0.38314666666666675,0.808297852515597,1,1,0.4251511858489303,"{""energy"": 0.6666666666666667, ""water"": 0.05493333333333334, ""transport"": 0.33333333333333337}","{""energy"": 0.9484341437514043, ""water"": 0.9229785492444165, ""transport"": 0.5067687674723678}","{""energy"": 0.2817674770847376, ""water"": 0.8680452159110831, ""transport"": 0.1734354341390344}","{""energy"": 0.0, ""water"": 0.0, ""transport"": 0.0}","{""energy"": 1.0, ""water"": 1.0, ""transport"": 1.0}","{""energy"": 1.0, ""water"": 1.0, ""transport"": 1.0}",0.3,0.1,,0.38314666666666675,1.0,0.6168533333333333,1,"{""energy"": 0.6666666666666667, ""water"": 0.05493333333333334, ""transport"": 0.33333333333333337}","{""energy"": 1.0, ""water"": 1.0, ""transport"": 1.0}","{""energy"": 0.33333333333333326, ""water"": 0.9450666666666666, ""transport"": 0.6666666666666666}",3,0.808297852515597,,,"[""energy"", ""transport""]",1,v2.0,0.7,0.3
S4_water_partial,52,52,12033688272786432157,scenario=S4_water_partial|method=both|duration=0|theta=0.300000|delta_threshold=0.100000|A=v2.0|w=na|run_id=52|seed=12033688272786432157,False,"{""step_1_amount"": 0.4608564496173434}",033832c9a51598bd69064fc3910037f6fde292830c04f0066e6d9779dc60f4ca,0.38314666666666675,0.5428495065336448,0.15970283986697809,12,0.0,0.0,0.38314666666666675,0.5428495065336448,0,1,0.15970283986697809,"{""energy"": 0.6666666666666667, ""water"": 0.05493333333333334, ""transport"": 0.33333333333333337}","{""energy"": 0.7725091710989038, ""water"": 0.3810038953550126, ""transport"": 0.39848223162526486}","{""energy"": 0.10584250443223708, ""water"": 0.3260705620216793, ""transport"": 0.06514889829193149}","{""energy"": 0.0, ""water"": 0.0, ""transport"": 0.0}","{""energy"": 0.0, ""water"": 0.0, ""transport"": 0.0}","{""energy"": 0.0, ""water"": 0.0, ""transport"": 0.0}",0.3,0.1,,0.38314666666666675,1.0,0.6168533333333333,1,"{""energy"": 0.6666666666666667, ""water"": 0.05493333333333334, ""transport"": 0.33333333333333337}","{""energy"": 1.0, ""water"": 1.0, ""transport"": 1.0}","{""energy"": 0.33333333333333326, ""water"": 0.9450666666666666, ""transport"": 0.6666666666666666}",9,0.5428495065336448,,,[],,v2.0,0.7,0.3
S4_water_partial,53,53,11546189266912442977,scenario=S4_water_partial|method=both|duration=0|theta=0.300000|delta_threshold=0.100000|A=v2.0|w=na|run_id=53|seed=11546189266912442977,False,"{""step_1_amount"": 0.6493245892165577}",033832c9a51598bd69064fc3910037f6fde292830c04f0066e6d9779dc60f4ca,0.38314666666666675,0.6582344132997737,0.275087746633107,11,0.0,0.0,0.38314666666666675,0.6582344132997737,0,1,0.275087746633107,"{""energy"": 0.6666666666666667, ""water"": 0.05493333333333334, ""transport"": 0.33333333333333337}","{""energy"": 0.848980118741285, ""water"": 0.6165890698540305, ""transport"": 0.44555214949016864}","{""energy"": 0.18231345207461824, ""water"": 0.5616557365206971, ""transport"": 0.11221881615683527}","{""energy"": 0.0, ""water"": 0.0, ""transport"": 0.0}","{""energy"": 0.0, ""water"": 0.0, ""transport"": 0.0}","{""energy"": 0.0, ""water"": 0.0, ""transport"": 0.0}",0.3,0.1,,0.38314666666666675,1.0,0.6168533333333333,1,"{""energy"": 0.6666666666666667, ""water"": 0.05493333333333334, ""transport"": 0.33333333333333337}","{""energy"": 1.0, ""water"": 1.0, ""transport"": 1.0}","{""energy"": 0.33333333333333326, ""water"": 0.9450666666666666, ""transport"": 0.6666666666666666}",6,0.6582344132997737,,,[],,v2.0,0.7,0.3
S4_water_partial,54,54,5311542573671650603,scenario=S4_water_partial|method=both|duration=0|theta=0.300000|delta_threshold=0.100000|A=v2.0|w=na|run_id=54|seed=5311542573671650603,False,"{""step_1_amount"": 0.4531774617942726}",033832c9a51598bd69064fc3910037f6fde292830c04f0066e6d9779dc60f4ca,0.38314666666666675,0.5381482382136653,0.15500157154699856,8,0.0,0.0,0.38314666666666675,0.5381482382136653,0,1,0.15500157154699856,"{""energy"": 0.6666666666666667, ""water"": 0.05493333333333334, ""transport"": 0.33333333333333337}","{""energy"": 0.7693934217896928, ""water"": 0.3714051605761741, ""transport"": 0.39656440441645296}","{""energy"": 0.10272675512302609, ""water"": 0.3164718272428408, ""transport"": 0.0632310710831196}","{""energy"": 0.0, ""water"": 0.0, ""transport"": 0.0}","{""energy"": 0.0, ""water"": 0.0, ""transport"": 0.0}","{""energy"": 0.0, ""water"": 0.0, ""transport"": 0.0}",0.3,0.1,,0.38314666666666675,1.0,0.6168533333333333,1,"{""energy"": 0.6666666666666667, ""water"": 0.05493333333333334, ""transport"": 0.33333333333333337}","{""energy"": 1.0, ""water"": 1.0, ""transport"": 1.0}","{""energy"": 0.33333333333333326, ""water"": 0.9450666666666666, ""transport"": 0.6666666666666666}",9,0.5381482382136653,,,[],,v2.0,0.7,0.3
S4_water_partial,55,55,3267442772181836608,scenario=S4_water_partial|method=both|duration=0|theta=0.300000|delta_threshold=0.100000|A=v2.0|w=na|run_id=55|seed=3267442772181836608,False,"{""step_1_amount"": 0.87033329283363}",033832c9a51598bd69064fc3910037f6fde292830c04f0066e6d9779dc60f4ca,0.38314666666666675,0.7935414668717358,0.410394800205069,12,0.0,1.0,0.38314666666666675,0.7935414668717358,1,1,0.410394800205069,"{""energy"": 0.6666666666666667, ""water"": 0.05493333333333334, ""transport"": 0.33333333333333337}","{""energy"": 0.9386544002339121, ""water"": 0.8928499493753709, ""transport"": 0.5007490732185325}","{""energy"": 0.27198773356724537, ""water"": 0.8379166160420375, ""transport"": 0.1674157398851991}","{""energy"": 0.0, ""water"": 0.0, ""transport"": 0.0}","{""energy"": 1.0, ""water"": 1.0, ""transport"": 1.0}","{""energy"": 1.0, ""water"": 1.0, ""transport"": 1.0}",0.3,0.1,,0.38314666666666675,1.0,0.6168533333333333,1,"{""energy"": 0.6666666666666667, ""water"": 0.05493333333333334, ""transport"": 0.33333333333333337}","{""energy"": 1.0, ""water"": 1.0, ""transport"": 1.0}","{""energy"": 0.33333333333333326, ""water"": 0.9450666666666666, ""transport"": 0.6666666666666666}",4,0.7935414668717358,,,"[""energy"", ""transport""]",1,v2.0,0.7,0.3
S4_water_partial,56,56,8647406620607275838,scenario=S4_water_partial|method=both|duration=0|theta=0.300000|delta_threshold=0.100000|A=v2.0|w=na|run_id=56|seed=8647406620607275838,False,"{""step_1_amount"": 0.3393853137737375}",033832c9a51598bd69064fc3910037f6fde292830c04f0066e6d9779dc60f4ca,0.38314666666666675,0.4684818403917932,0.08533517372512645,27,0.0,0.0,0.38314666666666675,0.4684818403917932,0,0,0.08533517372512645,"{""energy"": 0.6666666666666667, ""water"": 0.05493333333333334, ""transport"": 0.33333333333333337}","{""energy"": 0.7232222577303608, ""water"": 0.2291649755505052, ""transport"": 0.36814481544832434}","{""energy"": 0.05655559106369401, ""water"": 0.17423164221717186, ""transport"": 0.034811482114990966}","{""energy"": 0.0, ""water"": 0.0, ""transport"": 0.0}","{""energy"": 0.0, ""water"": 0.0, ""transport"": 0.0}","{""energy"": 0.0, ""water"": 0.0, ""transport"": 0.0}",0.3,0.1,,0.38314666666666675,1.0,0.6168533333333333,1,"{""energy"": 0.6666666666666667, ""water"": 0.05493333333333334, ""transport"": 0.33333333333333337}","{""energy"": 1.0, ""water"": 1.0, ""transport"": 1.0}","{""energy"": 0.33333333333333326, ""water"": 0.9450666666666666, ""transport"": 0.6666666666666666}",11,0.4684818403917932,,,[],,v2.0,0.7,0.3
S4_water_partial,57,57,7454949612748248832,scenario=S4_water_partial|method=both|duration=0|theta=0.300000|delta_threshold=0.100000|A=v2.0|w=na|run_id=57|seed=7454949612748248832,False,"{""step_1_amount"": 0.31258555392227266}",033832c9a51598bd69064fc3910037f6fde292830c04f0066e6d9779dc60f4ca,0.38314666666666675,0.45207435741673,0.06892769075006328,24,0.0,0.0,0.38314666666666675,0.45207435741673,0,0,0.06892769075006328,"{""energy"": 0.6666666666666667, ""water"": 0.05493333333333334, ""transport"": 0.33333333333333337}","{""energy"": 0.7123482551706288, ""water"": 0.19566527573617415, ""transport"": 0.36145157542542095}","{""energy"": 0.04568158850396209, ""water"": 0.14073194240284082, ""transport"": 0.028118242092087575}","{""energy"": 0.0, ""water"": 0.0, ""transport"": 0.0}","{""energy"": 0.0, ""water"": 0.0, ""transport"": 0.0}","{""energy"": 0.0, ""water"": 0.0, ""transport"": 0.0}",0.3,0.1,,0.38314666666666675,1.0,0.6168533333333333,1,"{""energy"": 0.6666666666666667, ""water"": 0.05493333333333334, ""transport"": 0.33333333333333337}","{""energy"": 1.0, ""water"": 1.0, ""transport"": 1.0}","{""energy"": 0.33333333333333326, ""water"": 0.9450666666666666, ""transport"": 0.6666666666666666}",11,0.45207435741673,,,[],,v2.0,0.7,0.3
S4_water_partial,58,58,5028326982104737181,scenario=S4_water_partial|method=both|duration=0|theta=0.300000|delta_threshold=0.100000|A=v2.0|w=na|run_id=58|seed=5028326982104737181,False,"{""step_1_amount"": 0.8606489548401748}",033832c9a51598bd69064fc3910037f6fde292830c04f0066e6d9779dc60f4ca,0.38314666666666675,0.7876124730436928,0.404465806377026,16,0.0,1.0,0.38314666666666675,0.7876124730436928,1,1,0.404465806377026,"{""energy"": 0.6666666666666667, ""water"": 0.05493333333333334, ""transport"": 0.33333333333333337}","{""energy"": 0.9347249800930677, ""water"": 0.880744526883552, ""transport"": 0.49833040980466703}","{""energy"": 0.26805831342640096, ""water"": 0.8258111935502186, ""transport"": 0.16499707647133366}","{""energy"": 0.0, ""water"": 0.0, ""transport"": 0.0}","{""energy"": 1.0, ""water"": 1.0, ""transport"": 1.0}","{""energy"": 1.0, ""water"": 1.0, ""transport"": 1.0}",0.3,0.1,,0.38314666666666675,1.0,0.6168533333333333,1,"{""energy"": 0.6666666666666667, ""water"": 0.05493333333333334, ""transport"": 0.33333333333333337}","{""energy"": 1.0, ""water"": 1.0, ""transport"": 1.0}","{""energy"": 0.33333333333333326, ""water"": 0.9450666666666666, ""transport"": 0.6666666666666666}",4,0.7876124730436928,,,"[""energy"", ""transport""]",1,v2.0,0.7,0.3
S4_water_partial,59,59,8572128630902707358,scenario=S4_water_partial|method=both|duration=0|theta=0.300000|delta_threshold=0.100000|A=v2.0|w=na|run_id=59|seed=8572128630902707358,False,"{""step_1_amount"": 1.3783427015420886}",033832c9a51598bd69064fc3910037f6fde292830c04f0066e6d9779dc60f4ca,0.38314666666666675,0.8564466666666667,0.47329999999999994,7,0.0,1.0,0.38314666666666675,0.8564466666666667,1,1,0.47329999999999994,"{""energy"": 0.6666666666666667, ""water"": 0.05493333333333334, ""transport"": 0.33333333333333337}","{""energy"": 0.9912666666666667, ""water"": 1.0, ""transport"": 0.5331333333333333}","{""energy"": 0.3246, ""water"": 0.9450666666666666, ""transport"": 0.19979999999999998}","{""energy"": 0.0, ""water"": 0.0, ""transport"": 0.0}","{""energy"": 1.0, ""water"": 1.0, ""transport"": 1.0}","{""energy"": 1.0, ""water"": 1.0, ""transport"": 1.0}",0.3,0.1,,0.38314666666666675,1.0,0.6168533333333333,1,"{""energy"": 0.6666666666666667, ""water"": 0.05493333333333334, ""transport"": 0.33333333333333337}","{""energy"": 1.0, ""water"": 1.0, ""transport"": 1.0}","{""energy"": 0.33333333333333326, ""water"": 0.9450666666666666, ""transport"": 0.6666666666666666}",3,0.8564466666666667,,,"[""energy"", ""transport""]",1,v2.0,0.7,0.3
S4_water_partial,60,60,1229984526848907376,scenario=S4_water_partial|method=both|duration=0|theta=0.300000|delta_threshold=0.100000|A=v2.0|w=na|run_id=60|seed=1229984526848907376,False,"{""step_1_amount"": 1.0670574796227592}",033832c9a51598bd69064fc3910037f6fde292830c04f0066e6d9779dc60f4ca,0.38314666666666675,0.8564466666666667,0.47329999999999994,25,0.0,1.0,0.38314666666666675,0.8564466666666667,1,1,0.47329999999999994,"{""energy"": 0.6666666666666667, ""water"": 0.05493333333333334, ""transport"": 0.33333333333333337}","{""energy"": 0.9912666666666667, ""water"": 1.0, ""transport"": 0.5331333333333333}","{""energy"": 0.3246, ""water"": 0.9450666666666666, ""transport"": 0.19979999999999998}","{""energy"": 0.0, ""water"": 0.0, ""transport"": 0.0}","{""energy"": 1.0, ""water"": 1.0, ""transport"": 1.0}","{""energy"": 1.0, ""water"": 1.0, ""transport"": 1.0}",0.3,0.1,,0.38314666666666675,1.0,0.6168533333333333,1,"{""energy"": 0.6666666666666667, ""water"": 0.05493333333333334, ""transport"": 0.33333333333333337}","{""energy"": 1.0, ""water"": 1.0, ""transport"": 1.0}","{""energy"": 0.33333333333333326, ""water"": 0.9450666666666666, ""transport"": 0.6666666666666666}",3,0.8564466666666667,,,"[""energy"", ""transport""]",1,v2.0,0.7,0.3
S4_water_partial,61,61,8929698642429340292,scenario=S4_water_partial|method=both|duration=0|theta=0.300000|delta_threshold=0.100000|A=v2.0|w=na|run_id=61|seed=8929698642429340292,False,"{""step_1_amount"": 0.28526187915447343}",033832c9a51598bd69064fc3910037f6fde292830c04f0066e6d9779dc60f4ca,0.38314666666666675,0.4353461206320143,0.05219945396534753,20,0.0,0.0,0.38314666666666675,0.4353461206320143,0,0,0.05219945396534753,"{""energy"": 0.6666666666666667, ""water"": 0.05493333333333334, ""transport"": 0.33333333333333337}","{""energy"": 0.7012616741335944, ""water"": 0.1615106822764252, ""transport"": 0.3546274876521631}","{""energy"": 0.034595007466927674, ""water"": 0.10657734894309187, ""transport"": 0.02129415431882975}","{""energy"": 0.0, ""water"": 0.0, ""transport"": 0.0}","{""energy"": 0.0, ""water"": 0.0, ""transport"": 0.0}","{""energy"": 0.0, ""water"": 0.0, ""transport"": 0.0}",0.3,0.1,,0.38314666666666675,1.0,0.6168533333333333,1,"{""energy"": 0.6666666666666667, ""water"": 0.05493333333333334, ""transport"": 0.33333333333333337}","{""energy"": 1.0, ""water"": 1.0, ""transport"": 1.0}","{""energy"": 0.33333333333333326, ""water"": 0.9450666666666666, ""transport"": 0.6666666666666666}",11,0.4353461206320143,,,[],,v2.0,0.7,0.3
S4_water_partial,62,62,3764674457525266519,scenario=S4_water_partial|method=both|duration=0|theta=0.300000|delta_threshold=0.100000|A=v2.0|w=na|run_id=62|seed=3764674457525266519,False,"{""step_1_amount"": 0.9410427813436488}",033832c9a51598bd69064fc3910037f6fde292830c04f0066e6d9779dc60f4ca,0.38314666666666675,0.8368315834747821,0.4536849168081154,17,0.0,1.0,0.38314666666666675,0.8368315834747821,1,1,0.4536849168081154,"{""energy"": 0.6666666666666667, ""water"": 0.05493333333333334, ""transport"": 0.33333333333333337}","{""energy"": 0.9673447751968522, ""water"": 0.9812368100128944, ""transport"": 0.5184087679739097}","{""energy"": 0.3006781085301855, ""water"": 0.926303476679561, ""transport"": 0.1850754346405763}","{""energy"": 0.0, ""water"": 0.0, ""transport"": 0.0}","{""energy"": 1.0, ""water"": 1.0, ""transport"": 1.0}","{""energy"": 1.0, ""water"": 1.0, ""transport"": 1.0}",0.3,0.1,,0.38314666666666675,1.0,0.6168533333333333,1,"{""energy"": 0.6666666666666667, ""water"": 0.05493333333333334, ""transport"": 0.33333333333333337}","{""energy"": 1.0, ""water"": 1.0, ""transport"": 1.0}","{""energy"": 0.33333333333333326, ""water"": 0.9450666666666666, ""transport"": 0.6666666666666666}",3,0.8368315834747821,,,"[""energy"", ""transport""]",1,v2.0,0.7,0.3
S4_water_partial,63,63,7141325424481020265,scenario=S4_water_partial|method=both|duration=0|theta=0.300000|delta_threshold=0.100000|A=v2.0|w=na|run_id=63|seed=7141325424481020265,False,"{""step_1_amount"": 0.6373871701958037}",033832c9a51598bd69064fc3910037f6fde292830c04f0066e6d9779dc60f4ca,0.38314666666666675,0.6509260269397926,0.2677793602731259,28,0.0,0.0,0.38314666666666675,0.6509260269397926,0,1,0.2677793602731259,"{""energy"": 0.6666666666666667, ""water"": 0.05493333333333334, ""transport"": 0.33333333333333337}","{""energy"": 0.8441365109736141, ""water"": 0.601667296078088, ""transport"": 0.44257077908973536}","{""energy"": 0.17746984430694734, ""water"": 0.5467339627447546, ""transport"": 0.10923744575640199}","{""energy"": 0.0, ""water"": 0.0, ""transport"": 0.0}","{""energy"": 0.0, ""water"": 0.0, ""transport"": 0.0}","{""energy"": 0.0, ""water"": 0.0, ""transport"": 0.0}",0.3,0.1,,0.38314666666666675,1.0,0.6168533333333333,1,"{""energy"": 0.6666666666666667, ""water"": 0.05493333333333334, ""transport"": 0.33333333333333337}","{""energy"": 1.0, ""water"": 1.0, ""transport"": 1.0}","{""energy"": 0.33333333333333326, ""water"": 0.9450666666666666, ""transport"": 0.6666666666666666}",7,0.6509260269397926,,,[],,v2.0,0.7,0.3
S4_water_partial,64,64,1774066358495312745,scenario=S4_water_partial|method=both|duration=0|theta=0.300000|delta_threshold=0.100000|A=v2.0|w=na|run_id=64|seed=1774066358495312745,False,"{""step_1_amount"": 0.3014986196228077}",033832c9a51598bd69064fc3910037f6fde292830c04f0066e6d9779dc60f4ca,0.38314666666666675,0.4452866590652402,0.06213999239857343,7,0.0,0.0,0.38314666666666675,0.4452866590652402,0,0,0.06213999239857343,"{""energy"": 0.6666666666666667, ""water"": 0.05493333333333334, ""transport"": 0.33333333333333337}","{""energy"": 0.707849731578621, ""water"": 0.181806607861843, ""transport"": 0.3586826135841296}","{""energy"": 0.041183064911954226, ""water"": 0.12687327452850966, ""transport"": 0.025349280250796247}","{""energy"": 0.0, ""water"": 0.0, ""transport"": 0.0}","{""energy"": 0.0, ""water"": 0.0, ""transport"": 0.0}","{""energy"": 0.0, ""water"": 0.0, ""transport"": 0.0}",0.3,0.1,,0.38314666666666675,1.0,0.6168533333333333,1,"{""energy"": 0.6666666666666667, ""water"": 0.05493333333333334, ""transport"": 0.33333333333333337}","{""energy"": 1.0, ""water"": 1.0, ""transport"": 1.0}","{""energy"": 0.33333333333333326, ""water"": 0.9450666666666666, ""transport"": 0.6666666666666666}",11,0.4452866590652402,,,[],,v2.0,0.7,0.3
S4_water_partial,65,65,13655815968418168898,scenario=S4_water_partial|method=both|duration=0|theta=0.300000|delta_threshold=0.100000|A=v2.0|w=na|run_id=65|seed=13655815968418168898,False,"{""step_1_amount"": 0.5140948647980581}",033832c9a51598bd69064fc3910037f6fde292830c04f0066e6d9779dc60f4ca,0.38314666666666675,0.5754433952676579,0.19229672860099112,16,0.0,0.0,0.38314666666666675,0.5754433952676579,0,1,0.19229672860099112,"{""energy"": 0.6666666666666667, ""water"": 0.05493333333333334, ""transport"": 0.33333333333333337}","{""energy"": 0.7941106580584788, ""water"": 0.44755191433090596, ""transport"": 0.41177852581664837}","{""energy"": 0.12744399139181206, ""water"": 0.39261858099757263, ""transport"": 0.078445192483315}","{""energy"": 0.0, ""water"": 0.0, ""transport"": 0.0}","{""energy"": 0.0, ""water"": 0.0, ""transport"": 0.0}","{""energy"": 0.0, ""water"": 0.0, ""transport"": 0.0}",0.3,0.1,,0.38314666666666675,1.0,0.6168533333333333,1,"{""energy"": 0.6666666666666667, ""water"": 0.05493333333333334, ""transport"": 0.33333333333333337}","{""energy"": 1.0, ""water"": 1.0, ""transport"": 1.0}","{""energy"": 0.33333333333333326, ""water"": 0.9450666666666666, ""transport"": 0.6666666666666666}",8,0.5754433952676579,,,[],,v2.0,0.7,0.3
S4_water_partial,66,66,2775426475770517754,scenario=S4_water_partial|method=both|duration=0|theta=0.300000|delta_threshold=0.100000|A=v2.0|w=na|run_id=66|seed=2775426475770517754,False,"{""step_1_amount"": 0.6606145617921299}",033832c9a51598bd69064fc3910037f6fde292830c04f0066e6d9779dc60f4ca,0.38314666666666675,0.6651464167598534,0.2819997500931867,18,0.0,0.0,0.38314666666666675,0.6651464167598534,0,1,0.2819997500931867,"{""energy"": 0.6666666666666667, ""water"": 0.05493333333333334, ""transport"": 0.33333333333333337}","{""energy"": 0.8535610251138235, ""water"": 0.6307015355734957, ""transport"": 0.4483718201409178}","{""energy"": 0.18689435844715674, ""water"": 0.5757682022401623, ""transport"": 0.11503848680758444}","{""energy"": 0.0, ""water"": 0.0, ""transport"": 0.0}","{""energy"": 0.0, ""water"": 0.0, ""transport"": 0.0}","{""energy"": 0.0, ""water"": 0.0, ""transport"": 0.0}",0.3,0.1,,0.38314666666666675,1.0,0.6168533333333333,1,"{""energy"": 0.6666666666666667, ""water"": 0.05493333333333334, ""transport"": 0.33333333333333337}","{""energy"": 1.0, ""water"": 1.0, ""transport"": 1.0}","{""energy"": 0.33333333333333326, ""water"": 0.9450666666666666, ""transport"": 0.6666666666666666}",6,0.6651464167598534,,,[],,v2.0,0.7,0.3
S4_water_partial,67,67,16261945308108820769,scenario=S4_water_partial|method=both|duration=0|theta=0.300000|delta_threshold=0.100000|A=v2.0|w=na|run_id=67|seed=16261945308108820769,False,"{""step_1_amount"": 0.8084442530561152}",033832c9a51598bd69064fc3910037f6fde292830c04f0066e6d9779dc60f4ca,0.38314666666666675,0.7556514494939468,0.37250478282728006,30,0.0,1.0,0.38314666666666675,0.7556514494939468,1,1,0.37250478282728006,"{""energy"": 0.6666666666666667, ""water"": 0.05493333333333334, ""transport"": 0.33333333333333337}","{""energy"": 0.9135429223441855, ""water"": 0.8154886496534774, ""transport"": 0.48529228553409814}","{""energy"": 0.2468762556775188, ""water"": 0.7605553163201441, ""transport"": 0.15195895220076477}","{""energy"": 0.0, ""water"": 0.0, ""transport"": 0.0}","{""energy"": 1.0, ""water"": 1.0, ""transport"": 1.0}","{""energy"": 1.0, ""water"": 1.0, ""transport"": 1.0}",0.3,0.1,,0.38314666666666675,1.0,0.6168533333333333,1,"{""energy"": 0.6666666666666667, ""water"": 0.05493333333333334, ""transport"": 0.33333333333333337}","{""energy"": 1.0, ""water"": 1.0, ""transport"": 1.0}","{""energy"": 0.33333333333333326, ""water"": 0.9450666666666666, ""transport"": 0.6666666666666666}",4,0.7556514494939468,,,"[""energy"", ""transport""]",1,v2.0,0.7,0.3
S4_water_partial,68,68,7214094352513058112,scenario=S4_water_partial|method=both|duration=0|theta=0.300000|delta_threshold=0.100000|A=v2.0|w=na|run_id=68|seed=7214094352513058112,False,"{""step_1_amount"": 0.6702276947581532}",033832c9a51598bd69064fc3910037f6fde292830c04f0066e6d9779dc60f4ca,0.38314666666666675,0.6710318170899771,0.2878851504233103,10,0.0,0.0,0.38314666666666675,0.6710318170899771,0,1,0.2878851504233103,"{""energy"": 0.6666666666666667, ""water"": 0.05493333333333334, ""transport"": 0.33333333333333337}","{""energy"": 0.8574615538147874, ""water"": 0.642717951781025, ""transport"": 0.45077270009918213}","{""energy"": 0.19079488714812065, ""water"": 0.5877846184476916, ""transport"": 0.11743936676584876}","{""energy"": 0.0, ""water"": 0.0, ""transport"": 0.0}","{""energy"": 0.0, ""water"": 0.0, ""transport"": 0.0}","{""energy"": 0.0, ""water"": 0.0, ""transport"": 0.0}",0.3,0.1,,0.38314666666666675,1.0,0.6168533333333333,1,"{""energy"": 0.6666666666666667, ""water"": 0.05493333333333334, ""transport"": 0.33333333333333337}","{""energy"": 1.0, ""water"": 1.0, ""transport"": 1.0}","{""energy"": 0.33333333333333326, ""water"": 0.9450666666666666, ""transport"": 0.6666666666666666}",6,0.6710318170899771,,,[],,v2.0,0.7,0.3
S4_water_partial,69,69,14783421248601069761,scenario=S4_water_partial|method=both|duration=0|theta=0.300000|delta_threshold=0.100000|A=v2.0|w=na|run_id=69|seed=14783421248601069761,False,"{""step_1_amount"": 0.23905828558887676}",033832c9a51598bd69064fc3910037f6fde292830c04f0066e6d9779dc60f4ca,0.38314666666666675,0.4070591255613168,0.023912458894650046,13,0.0,0.0,0.38314666666666675,0.4070591255613168,0,0,0.023912458894650046,"{""energy"": 0.6666666666666667, ""water"": 0.05493333333333334, ""transport"": 0.33333333333333337}","{""energy"": 0.6825145660443535, ""water"": 0.10375619031942926, ""transport"": 0.34308814015915534}","{""energy"": 0.015847899377686714, ""water"": 0.04882285698609592, ""transport"": 0.009754806825821971}","{""energy"": 0.0, ""water"": 0.0, ""transport"": 0.0}","{""energy"": 0.0, ""water"": 0.0, ""transport"": 0.0}","{""energy"": 0.0, ""water"": 0.0, ""transport"": 0.0}",0.3,0.1,,0.38314666666666675,1.0,0.6168533333333333,1,"{""energy"": 0.6666666666666667, ""water"": 0.05493333333333334, ""transport"": 0.33333333333333337}","{""energy"": 1.0, ""water"": 1.0, ""transport"": 1.0}","{""energy"": 0.33333333333333326, ""water"": 0.9450666666666666, ""transport"": 0.6666666666666666}",12,0.4070591255613168,,,[],,v2.0,0.7,0.3
S4_water_partial,70,70,15944498297609425387,scenario=S4_water_partial|method=both|duration=0|theta=0.300000|delta_threshold=0.100000|A=v2.0|w=na|run_id=70|seed=15944498297609425387,False,"{""step_1_amount"": 0.8101279144992385}",033832c9a51598bd69064fc3910037f6fde292830c04f0066e6d9779dc60f4ca,0.38314666666666675,0.756682229120963,0.3735355624542962,5,0.0,1.0,0.38314666666666675,0.756682229120963,1,1,0.3735355624542962,"{""energy"": 0.6666666666666667, ""water"": 0.05493333333333334, ""transport"": 0.33333333333333337}","{""energy"": 0.9142260679747327, ""water"": 0.8175932264573815, ""transport"": 0.4857127799795182}","{""energy"": 0.24755940130806597, ""water"": 0.7626598931240481, ""transport"": 0.15237944664618486}","{""energy"": 0.0, ""water"": 0.0, ""transport"": 0.0}","{""energy"": 1.0, ""water"": 1.0, ""transport"": 1.0}","{""energy"": 1.0, ""water"": 1.0, ""transport"": 1.0}",0.3,0.1,,0.38314666666666675,1.0,0.6168533333333333,1,"{""energy"": 0.6666666666666667, ""water"": 0.05493333333333334, ""transport"": 0.33333333333333337}","{""energy"": 1.0, ""water"": 1.0, ""transport"": 1.0}","{""energy"": 0.33333333333333326, ""water"": 0.9450666666666666, ""transport"": 0.6666666666666666}",4,0.756682229120963,,,"[""energy"", ""transport""]",1,v2.0,0.7,0.3
S4_water_partial,71,71,8002905350515494752,scenario=S4_water_partial|method=both|duration=0|theta=0.300000|delta_threshold=0.100000|A=v2.0|w=na|run_id=71|seed=8002905350515494752,False,"{""step_1_amount"": 0.8872695152772992}",033832c9a51598bd69064fc3910037f6fde292830c04f0066e6d9779dc60f4ca,0.38314666666666675,0.8039102456573112,0.4207635789906444,10,0.0,1.0,0.38314666666666675,0.8039102456573112,1,1,0.4207635789906444,"{""energy"": 0.6666666666666667, ""water"": 0.05493333333333334, ""transport"": 0.33333333333333337}","{""energy"": 0.9455262724904309, ""water"": 0.9140202274299574, ""transport"": 0.5049788947738388}","{""energy"": 0.2788596058237641, ""water"": 0.859086894096624, ""transport"": 0.17164556144050547}","{""energy"": 0.0, ""water"": 0.0, ""transport"": 0.0}","{""energy"": 1.0, ""water"": 1.0, ""transport"": 1.0}","{""energy"": 1.0, ""water"": 1.0, ""transport"": 1.0}",0.3,0.1,,0.38314666666666675,1.0,0.6168533333333333,1,"{""energy"": 0.6666666666666667, ""water"": 0.05493333333333334, ""transport"": 0.33333333333333337}","{""energy"": 1.0, ""water"": 1.0, ""transport"": 1.0}","{""energy"": 0.33333333333333326, ""water"": 0.9450666666666666, ""transport"": 0.6666666666666666}",3,0.8039102456573112,,,"[""energy"", ""transport""]",1,v2.0,0.7,0.3
S4_water_partial,72,72,9562330598974836259,scenario=S4_water_partial|method=both|duration=0|theta=0.300000|delta_threshold=0.100000|A=v2.0|w=na|run_id=72|seed=9562330598974836259,False,"{""step_1_amount"": 0.9740964876744187}",033832c9a51598bd69064fc3910037f6fde292830c04f0066e6d9779dc60f4ca,0.38314666666666675,0.8503017059552307,0.46715503928856394,6,0.0,1.0,0.38314666666666675,0.8503017059552307,1,1,0.46715503928856394,"{""energy"": 0.6666666666666667, ""water"": 0.05493333333333334, ""transport"": 0.33333333333333337}","{""energy"": 0.9807563165405622, ""water"": 1.0, ""transport"": 0.5266639311300194}","{""energy"": 0.3140896498738954, ""water"": 0.9450666666666666, ""transport"": 0.19333059779668604}","{""energy"": 0.0, ""water"": 0.0, ""transport"": 0.0}","{""energy"": 1.0, ""water"": 1.0, ""transport"": 1.0}","{""energy"": 1.0, ""water"": 1.0, ""transport"": 1.0}",0.3,0.1,,0.38314666666666675,1.0,0.6168533333333333,1,"{""energy"": 0.6666666666666667, ""water"": 0.05493333333333334, ""transport"": 0.33333333333333337}","{""energy"": 1.0, ""water"": 1.0, ""transport"": 1.0}","{""energy"": 0.33333333333333326, ""water"": 0.9450666666666666, ""transport"": 0.6666666666666666}",3,0.8503017059552307,,,"[""energy"", ""transport""]",1,v2.0,0.7,0.3
S4_water_partial,73,73,7733240352742554039,scenario=S4_water_partial|method=both|duration=0|theta=0.300000|delta_threshold=0.100000|A=v2.0|w=na|run_id=73|seed=7733240352742554039,False,"{""step_1_amount"": 0.55576077812901}",033832c9a51598bd69064fc3910037f6fde292830c04f0066e6d9779dc60f4ca,0.38314666666666675,0.6009523090566999,0.2178056423900332,25,0.0,0.0,0.38314666666666675,0.6009523090566999,0,1,0.2178056423900332,"{""energy"": 0.6666666666666667, ""water"": 0.05493333333333334, ""transport"": 0.33333333333333337}","{""energy"": 0.8110166023925126, ""water"": 0.4996343059945959, ""transport"": 0.4221845876710536}","{""energy"": 0.14434993572584587, ""water"": 0.4447009726612626, ""transport"": 0.08885125433772023}","{""energy"": 0.0, ""water"": 0.0, ""transport"": 0.0}","{""energy"": 0.0, ""water"": 0.0, ""transport"": 0.0}","{""energy"": 0.0, ""water"": 0.0, ""transport"": 0.0}",0.3,0.1,,0.38314666666666675,1.0,0.6168533333333333,1,"{""energy"": 0.6666666666666667, ""water"": 0.05493333333333334, ""transport"": 0.33333333333333337}","{""energy"": 1.0, ""water"": 1.0, ""transport"": 1.0}","{""energy"": 0.33333333333333326, ""water"": 0.9450666666666666, ""transport"": 0.6666666666666666}",8,0.6009523090566999,,,[],,v2.0,0.7,0.3
S4_water_partial,74,74,18391666356804118016,scenario=S4_water_partial|method=both|duration=0|theta=0.300000|delta_threshold=0.100000|A=v2.0|w=na|run_id=74|seed=18391666356804118016,False,"{""step_1_amount"": 0.26130954198470685}",033832c9a51598bd69064fc3910037f6fde292830c04f0066e6d9779dc60f4ca,0.38314666666666675,0.42068190100825387,0.03753523434158712,22,0.0,0.0,0.38314666666666675,0.42068190100825387,0,0,0.03753523434158712,"{""energy"": 0.6666666666666667, ""water"": 0.05493333333333334, ""transport"": 0.33333333333333337}","{""energy"": 0.6915430133269616, ""water"": 0.13157026081421686, ""transport"": 0.3486453914440139}","{""energy"": 0.024876346660294812, ""water"": 0.07663692748088352, ""transport"": 0.015312058110680538}","{""energy"": 0.0, ""water"": 0.0, ""transport"": 0.0}","{""energy"": 0.0, ""water"": 0.0, ""transport"": 0.0}","{""energy"": 0.0, ""water"": 0.0, ""transport"": 0.0}",0.3,0.1,,0.38314666666666675,1.0,0.6168533333333333,1,"{""energy"": 0.6666666666666667, ""water"": 0.05493333333333334, ""transport"": 0.33333333333333337}","{""energy"": 1.0, ""water"": 1.0, ""transport"": 1.0}","{""energy"": 0.33333333333333326, ""water"": 0.9450666666666666, ""transport"": 0.6666666666666666}",12,0.42068190100825387,,,[],,v2.0,0.7,0.3
S4_water_partial,75,75,16988051353415945781,scenario=S4_water_partial|method=both|duration=0|theta=0.300000|delta_threshold=0.100000|A=v2.0|w=na|run_id=75|seed=16988051353415945781,False,"{""step_1_amount"": 0.7796489309397977}",033832c9a51598bd69064fc3910037f6fde292830c04f0066e6d9779dc60f4ca,0.38314666666666675,0.7380222334112843,0.3548755667446175,28,0.0,1.0,0.38314666666666675,0.7380222334112843,1,1,0.3548755667446175,"{""energy"": 0.6666666666666667, ""water"": 0.05493333333333334, ""transport"": 0.33333333333333337}","{""energy"": 0.9018592203954896, ""water"": 0.7794944970080805, ""transport"": 0.47810065383554784}","{""energy"": 0.23519255372882286, ""water"": 0.7245611636747471, ""transport"": 0.14476732050221447}","{""energy"": 0.0, ""water"": 0.0, ""transport"": 0.0}","{""energy"": 1.0, ""water"": 1.0, ""transport"": 1.0}","{""energy"": 1.0, ""water"": 1.0, ""transport"": 1.0}",0.3,0.1,,0.38314666666666675,1.0,0.6168533333333333,1,"{""energy"": 0.6666666666666667, ""water"": 0.05493333333333334, ""transport"": 0.33333333333333337}","{""energy"": 1.0, ""water"": 1.0, ""transport"": 1.0}","{""energy"": 0.33333333333333326, ""water"": 0.9450666666666666, ""transport"": 0.6666666666666666}",5,0.7380222334112843,,,"[""energy"", ""transport""]",1,v2.0,0.7,0.3
S4_water_partial,76,76,2092687872990446924,scenario=S4_water_partial|method=both|duration=0|theta=0.300000|delta_threshold=0.100000|A=v2.0|w=na|run_id=76|seed=2092687872990446924,False,"{""step_1_amount"": 0.7327927504368865}",033832c9a51598bd69064fc3910037f6fde292830c04f0066e6d9779dc60f4ca,0.38314666666666675,0.7093357083028896,0.32618904163622287,9,0.0,0.0,0.38314666666666675,0.7093357083028896,0,1,0.32618904163622287,"{""energy"": 0.6666666666666667, ""water"": 0.05493333333333334, ""transport"": 0.33333333333333337}","{""energy"": 0.8828473251564335, ""water"": 0.7209242713794416, ""transport"": 0.4663983227549458}","{""energy"": 0.21618065848976675, ""water"": 0.6659909380461082, ""transport"": 0.13306498942161243}","{""energy"": 0.0, ""water"": 0.0, ""transport"": 0.0}","{""energy"": 0.0, ""water"": 0.0, ""transport"": 0.0}","{""energy"": 0.0, ""water"": 0.0, ""transport"": 0.0}",0.3,0.1,,0.38314666666666675,1.0,0.6168533333333333,1,"{""energy"": 0.6666666666666667, ""water"": 0.05493333333333334, ""transport"": 0.33333333333333337}","{""energy"": 1.0, ""water"": 1.0, ""transport"": 1.0}","{""energy"": 0.33333333333333326, ""water"": 0.9450666666666666, ""transport"": 0.6666666666666666}",5,0.7093357083028896,,,[],,v2.0,0.7,0.3
S4_water_partial,77,77,1751755269748274299,scenario=S4_water_partial|method=both|duration=0|theta=0.300000|delta_threshold=0.100000|A=v2.0|w=na|run_id=77|seed=1751755269748274299,False,"{""step_1_amount"": 0.5924532799843001}",033832c9a51598bd69064fc3910037f6fde292830c04f0066e6d9779dc60f4ca,0.38314666666666675,0.6234163760050548,0.2402697093383881,12,0.0,0.0,0.38314666666666675,0.6234163760050548,0,1,0.2402697093383881,"{""energy"": 0.6666666666666667, ""water"": 0.05493333333333334, ""transport"": 0.33333333333333337}","{""energy"": 0.8259045850202965, ""water"": 0.5454999333137085, ""transport"": 0.43134854000941236}","{""energy"": 0.15923791835362977, ""water"": 0.49056659998037516, ""transport"": 0.09801520667607899}","{""energy"": 0.0, ""water"": 0.0, ""transport"": 0.0}","{""energy"": 0.0, ""water"": 0.0, ""transport"": 0.0}","{""energy"": 0.0, ""water"": 0.0, ""transport"": 0.0}",0.3,0.1,,0.38314666666666675,1.0,0.6168533333333333,1,"{""energy"": 0.6666666666666667, ""water"": 0.05493333333333334, ""transport"": 0.33333333333333337}","{""energy"": 1.0, ""water"": 1.0, ""transport"": 1.0}","{""energy"": 0.33333333333333326, ""water"": 0.9450666666666666, ""transport"": 0.6666666666666666}",7,0.6234163760050548,,,[],,v2.0,0.7,0.3
S4_water_partial,78,78,8334271184384794293,scenario=S4_water_partial|method=both|duration=0|theta=0.300000|delta_threshold=0.100000|A=v2.0|w=na|run_id=78|seed=8334271184384794293,False,"{""step_1_amount"": 0.6689804273765224}",033832c9a51598bd69064fc3910037f6fde292830c04f0066e6d9779dc60f4ca,0.38314666666666675,0.6702682088172581,0.2871215421505914,7,0.0,0.0,0.38314666666666675,0.6702682088172581,0,1,0.2871215421505914,"{""energy"": 0.6666666666666667, ""water"": 0.05493333333333334, ""transport"": 0.33333333333333337}","{""energy"": 0.8569554750746907, ""water"": 0.6411588675539863, ""transport"": 0.4504611950706198}","{""energy"": 0.19028880840802398, ""water"": 0.5862255342206529, ""transport"": 0.11712786173728645}","{""energy"": 0.0, ""water"": 0.0, ""transport"": 0.0}","{""energy"": 0.0, ""water"": 0.0, ""transport"": 0.0}","{""energy"": 0.0, ""water"": 0.0, ""transport"": 0.0}",0.3,0.1,,0.38314666666666675,1.0,0.6168533333333333,1,"{""energy"": 0.6666666666666667, ""water"": 0.05493333333333334, ""transport"": 0.33333333333333337}","{""energy"": 1.0, ""water"": 1.0, ""transport"": 1.0}","{""energy"": 0.33333333333333326, ""water"": 0.9450666666666666, ""transport"": 0.6666666666666666}",6,0.6702682088172581,,,[],,v2.0,0.7,0.3
S4_water_partial,79,79,1642847440866692549,scenario=S4_water_partial|method=both|duration=0|theta=0.300000|delta_threshold=0.100000|A=v2.0|w=na|run_id=79|seed=1642847440866692549,False,"{""step_1_amount"": 0.9641263183970696}",033832c9a51598bd69064fc3910037f6fde292830c04f0066e6d9779dc60f4ca,0.38314666666666675,0.8479365325484116,0.46478986588174487,6,0.0,1.0,0.38314666666666675,0.8479365325484116,1,1,0.46478986588174487,"{""energy"": 0.6666666666666667, ""water"": 0.05493333333333334, ""transport"": 0.33333333333333337}","{""energy"": 0.9767109203562778, ""water"": 1.0, ""transport"": 0.5241738813530015}","{""energy"": 0.3100442536896111, ""water"": 0.9450666666666666, ""transport"": 0.1908405480196681}","{""energy"": 0.0, ""water"": 0.0, ""transport"": 0.0}","{""energy"": 1.0, ""water"": 1.0, ""transport"": 1.0}","{""energy"": 1.0, ""water"": 1.0, ""transport"": 1.0}",0.3,0.1,,0.38314666666666675,1.0,0.6168533333333333,1,"{""energy"": 0.6666666666666667, ""water"": 0.05493333333333334, ""transport"": 0.33333333333333337}","{""energy"": 1.0, ""water"": 1.0, ""transport"": 1.0}","{""energy"": 0.33333333333333326, ""water"": 0.9450666666666666, ""transport"": 0.6666666666666666}",3,0.8479365325484116,,,"[""energy"", ""transport""]",1,v2.0,0.7,0.3
S4_water_partial,80,80,1420662767268625284,scenario=S4_water_partial|method=both|duration=0|theta=0.300000|delta_threshold=0.100000|A=v2.0|w=na|run_id=80|seed=1420662767268625284,False,"{""step_1_amount"": 0.491244177683115}",033832c9a51598bd69064fc3910037f6fde292830c04f0066e6d9779dc60f4ca,0.38314666666666675,0.5614536333487118,0.17830696668204504,20,0.0,0.0,0.38314666666666675,0.5614536333487118,0,1,0.17830696668204504,"{""energy"": 0.6666666666666667, ""water"": 0.05493333333333334, ""transport"": 0.33333333333333337}","{""energy"": 0.7848389917615907, ""water"": 0.41898855543722713, ""transport"": 0.40607156670969136}","{""energy"": 0.11817232509492392, ""water"": 0.3640552221038938, ""transport"": 0.07273823337635799}","{""energy"": 0.0, ""water"": 0.0, ""transport"": 0.0}","{""energy"": 0.0, ""water"": 0.0, ""transport"": 0.0}","{""energy"": 0.0, ""water"": 0.0, ""transport"": 0.0}",0.3,0.1,,0.38314666666666675,1.0,0.6168533333333333,1,"{""energy"": 0.6666666666666667, ""water"": 0.05493333333333334, ""transport"": 0.33333333333333337}","{""energy"": 1.0, ""water"": 1.0, ""transport"": 1.0}","{""energy"": 0.33333333333333326, ""water"": 0.9450666666666666, ""transport"": 0.6666666666666666}",9,0.5614536333487118,,,[],,v2.0,0.7,0.3
S4_water_partial,81,81,14147820851424047205,scenario=S4_water_partial|method=both|duration=0|theta=0.300000|delta_threshold=0.100000|A=v2.0|w=na|run_id=81|seed=14147820851424047205,False,"{""step_1_amount"": 0.6263322125344556}",033832c9a51598bd69064fc3910037f6fde292830c04f0066e6d9779dc60f4ca,0.38314666666666675,0.6441579054855738,0.2610112388189071,30,0.0,0.0,0.38314666666666675,0.6441579054855738,0,1,0.2610112388189071,"{""energy"": 0.6666666666666667, ""water"": 0.05493333333333334, ""transport"": 0.33333333333333337}","{""energy"": 0.8396509619025221, ""water"": 0.5878485990014028, ""transport"": 0.43980980341381365}","{""energy"": 0.17298429523585535, ""water"": 0.5329152656680695, ""transport"": 0.10647647008048028}","{""energy"": 0.0, ""water"": 0.0, ""transport"": 0.0}","{""energy"": 0.0, ""water"": 0.0, ""transport"": 0.0}","{""energy"": 0.0, ""water"": 0.0, ""transport"": 0.0}",0.3,0.1,,0.38314666666666675,1.0,0.6168533333333333,1,"{""energy"": 0.6666666666666667, ""water"": 0.05493333333333334, ""transport"": 0.33333333333333337}","{""energy"": 1.0, ""water"": 1.0, ""transport"": 1.0}","{""energy"": 0.33333333333333326, ""water"": 0.9450666666666666, ""transport"": 0.6666666666666666}",7,0.6441579054855738,,,[],,v2.0,0.7,0.3
S4_water_partial,82,82,8561226425437802968,scenario=S4_water_partial|method=both|duration=0|theta=0.300000|delta_threshold=0.100000|A=v2.0|w=na|run_id=82|seed=8561226425437802968,False,"{""step_1_amount"": 0.21617667618673211}",033832c9a51598bd69064fc3910037f6fde292830c04f0066e6d9779dc60f4ca,0.38314666666666675,0.39305043224508884,0.009903765578422097,16,0.0,0.0,0.38314666666666675,0.39305043224508884,0,0,0.009903765578422097,"{""energy"": 0.6666666666666667, ""water"": 0.05493333333333334, ""transport"": 0.33333333333333337}","{""energy"": 0.6732303530294333, ""water"": 0.07515417856674853, ""transport"": 0.3373734582109697}","{""energy"": 0.0065636863627666076, ""water"": 0.020220845233415184, ""transport"": 0.004040124877636331}","{""energy"": 0.0, ""water"": 0.0, ""transport"": 0.0}","{""energy"": 0.0, ""water"": 0.0, ""transport"": 0.0}","{""energy"": 0.0, ""water"": 0.0, ""transport"": 0.0}",0.3,0.1,,0.38314666666666675,1.0,0.6168533333333333,1,"{""energy"": 0.6666666666666667, ""water"": 0.05493333333333334, ""transport"": 0.33333333333333337}","{""energy"": 1.0, ""water"": 1.0, ""transport"": 1.0}","{""energy"": 0.33333333333333326, ""water"": 0.9450666666666666, ""transport"": 0.6666666666666666}",12,0.39305043224508884,,,[],,v2.0,0.7,0.3
S4_water_partial,83,83,1250852429173046739,scenario=S4_water_partial|method=both|duration=0|theta=0.300000|delta_threshold=0.100000|A=v2.0|w=na|run_id=83|seed=1250852429173046739,False,"{""step_1_amount"": 0.3714703498137609}",033832c9a51598bd69064fc3910037f6fde292830c04f0066e6d9779dc60f4ca,0.38314666666666675,0.4881251015813965,0.10497843491472975,13,0.0,0.0,0.38314666666666675,0.4881251015813965,0,0,0.10497843491472975,"{""energy"": 0.6666666666666667, ""water"": 0.05493333333333334, ""transport"": 0.33333333333333337}","{""energy"": 0.7362407611036003, ""water"": 0.26927127060053463, ""transport"": 0.37615805319932016}","{""energy"": 0.06957409443693352, ""water"": 0.2143379372672013, ""transport"": 0.04282471986598679}","{""energy"": 0.0, ""water"": 0.0, ""transport"": 0.0}","{""energy"": 0.0, ""water"": 0.0, ""transport"": 0.0}","{""energy"": 0.0, ""water"": 0.0, ""transport"": 0.0}",0.3,0.1,,0.38314666666666675,1.0,0.6168533333333333,1,"{""energy"": 0.6666666666666667, ""water"": 0.05493333333333334, ""transport"": 0.33333333333333337}","{""energy"": 1.0, ""water"": 1.0, ""transport"": 1.0}","{""energy"": 0.33333333333333326, ""water"": 0.9450666666666666, ""transport"": 0.6666666666666666}",10,0.4881251015813965,,,[],,v2.0,0.7,0.3
S4_water_partial,84,84,7425194573735772200,scenario=S4_water_partial|method=both|duration=0|theta=0.300000|delta_threshold=0.100000|A=v2.0|w=na|run_id=84|seed=7425194573735772200,False,"{""step_1_amount"": 0.47739920421358933}",033832c9a51598bd69064fc3910037f6fde292830c04f0066e6d9779dc60f4ca,0.38314666666666675,0.5529773944663314,0.16983072779966468,8,0.0,0.0,0.38314666666666675,0.5529773944663314,0,1,0.16983072779966468,"{""energy"": 0.6666666666666667, ""water"": 0.05493333333333334, ""transport"": 0.33333333333333337}","{""energy"": 0.7792213937763306, ""water"": 0.40168233860032, ""transport"": 0.4026137845856773}","{""energy"": 0.11255472710966385, ""water"": 0.34674900526698665, ""transport"": 0.06928045125234394}","{""energy"": 0.0, ""water"": 0.0, ""transport"": 0.0}","{""energy"": 0.0, ""water"": 0.0, ""transport"": 0.0}","{""energy"": 0.0, ""water"": 0.0, ""transport"": 0.0}",0.3,0.1,,0.38314666666666675,1.0,0.6168533333333333,1,"{""energy"": 0.6666666666666667, ""water"": 0.05493333333333334, ""transport"": 0.33333333333333337}","{""energy"": 1.0, ""water"": 1.0, ""transport"": 1.0}","{""energy"": 0.33333333333333326, ""water"": 0.9450666666666666, ""transport"": 0.6666666666666666}",9,0.5529773944663314,,,[],,v2.0,0.7,0.3
S4_water_partial,85,85,15260954950351742583,scenario=S4_water_partial|method=both|duration=0|theta=0.300000|delta_threshold=0.100000|A=v2.0|w=na|run_id=85|seed=15260954950351742583,False,"{""step_1_amount"": 0.5392535763428243}",033832c9a51598bd69064fc3910037f6fde292830c04f0066e6d9779dc60f4ca,0.38314666666666675,0.5908461874431523,0.20769952077648557,11,0.0,0.0,0.38314666666666675,0.5908461874431523,0,1,0.20769952077648557,"{""energy"": 0.6666666666666667, ""water"": 0.05493333333333334, ""transport"": 0.33333333333333337}","{""energy"": 0.8043188052677677, ""water"": 0.47900030376186375, ""transport"": 0.41806191402495374}","{""energy"": 0.13765213860110093, ""water"": 0.4240669704285304, ""transport"": 0.08472858069162037}","{""energy"": 0.0, ""water"": 0.0, ""transport"": 0.0}","{""energy"": 0.0, ""water"": 0.0, ""transport"": 0.0}","{""energy"": 0.0, ""water"": 0.0, ""transport"": 0.0}",0.3,0.1,,0.38314666666666675,1.0,0.6168533333333333,1,"{""energy"": 0.6666666666666667, ""water"": 0.05493333333333334, ""transport"": 0.33333333333333337}","{""energy"": 1.0, ""water"": 1.0, ""transport"": 1.0}","{""energy"": 0.33333333333333326, ""water"": 0.9450666666666666, ""transport"": 0.6666666666666666}",8,0.5908461874431523,,,[],,v2.0,0.7,0.3
S4_water_partial,86,86,11381267490594193770,scenario=S4_water_partial|method=both|duration=0|theta=0.300000|delta_threshold=0.100000|A=v2.0|w=na|run_id=86|seed=11381267490594193770,False,"{""step_1_amount"": 1.1073350675996847}",033832c9a51598bd69064fc3910037f6fde292830c04f0066e6d9779dc60f4ca,0.38314666666666675,0.8564466666666667,0.47329999999999994,7,0.0,1.0,0.38314666666666675,0.8564466666666667,1,1,0.47329999999999994,"{""energy"": 0.6666666666666667, ""water"": 0.05493333333333334, ""transport"": 0.33333333333333337}","{""energy"": 0.9912666666666667, ""water"": 1.0, ""transport"": 0.5331333333333333}","{""energy"": 0.3246, ""water"": 0.9450666666666666, ""transport"": 0.19979999999999998}","{""energy"": 0.0, ""water"": 0.0, ""transport"": 0.0}","{""energy"": 1.0, ""water"": 1.0, ""transport"": 1.0}","{""energy"": 1.0, ""water"": 1.0, ""transport"": 1.0}",0.3,0.1,,0.38314666666666675,1.0,0.6168533333333333,1,"{""energy"": 0.6666666666666667, ""water"": 0.05493333333333334, ""transport"": 0.33333333333333337}","{""energy"": 1.0, ""water"": 1.0, ""transport"": 1.0}","{""energy"": 0.33333333333333326, ""water"": 0.9450666666666666, ""transport"": 0.6666666666666666}",3,0.8564466666666667,,,"[""energy"", ""transport""]",1,v2.0,0.7,0.3
S4_water_partial,87,87,80164666388430721,scenario=S4_water_partial|method=both|duration=0|theta=0.300000|delta_threshold=0.100000|A=v2.0|w=na|run_id=87|seed=80164666388430721,False,"{""step_1_amount"": 0.7639005544401044}",033832c9a51598bd69064fc3910037f6fde292830c04f0066e6d9779dc60f4ca,0.38314666666666675,0.7283806836087596,0.3452340169420929,21,0.0,1.0,0.38314666666666675,0.7283806836087596,1,1,0.3452340169420929,"{""energy"": 0.6666666666666667, ""water"": 0.05493333333333334, ""transport"": 0.33333333333333337}","{""energy"": 0.8954693166307391, ""water"": 0.7598090263834639, ""transport"": 0.47416749680474946}","{""energy"": 0.2288026499640724, ""water"": 0.7048756930501305, ""transport"": 0.14083416347141609}","{""energy"": 0.0, ""water"": 0.0, ""transport"": 0.0}","{""energy"": 1.0, ""water"": 1.0, ""transport"": 1.0}","{""energy"": 1.0, ""water"": 1.0, ""transport"": 1.0}",0.3,0.1,,0.38314666666666675,1.0,0.6168533333333333,1,"{""energy"": 0.6666666666666667, ""water"": 0.05493333333333334, ""transport"": 0.33333333333333337}","{""energy"": 1.0, ""water"": 1.0, ""transport"": 1.0}","{""energy"": 0.33333333333333326, ""water"": 0.9450666666666666, ""transport"": 0.6666666666666666}",5,0.7283806836087596,,,"[""energy"", ""transport""]",1,v2.0,0.7,0.3
S4_water_partial,88,88,12708113422258725747,scenario=S4_water_partial|method=both|duration=0|theta=0.300000|delta_threshold=0.100000|A=v2.0|w=na|run_id=88|seed=12708113422258725747,False,"{""step_1_amount"": 0.6172969406249487}",033832c9a51598bd69064fc3910037f6fde292830c04f0066e6d9779dc60f4ca,0.38314666666666675,0.6386262861407759,0.25547961947410913,15,0.0,0.0,0.38314666666666675,0.6386262861407759,0,1,0.25547961947410913,"{""energy"": 0.6666666666666667, ""water"": 0.05493333333333334, ""transport"": 0.33333333333333337}","{""energy"": 0.8359849003252396, ""water"": 0.5765545091145192, ""transport"": 0.43755324425441433}","{""energy"": 0.1693182336585729, ""water"": 0.5216211757811858, ""transport"": 0.10421991092108096}","{""energy"": 0.0, ""water"": 0.0, ""transport"": 0.0}","{""energy"": 0.0, ""water"": 0.0, ""transport"": 0.0}","{""energy"": 0.0, ""water"": 0.0, ""transport"": 0.0}",0.3,0.1,,0.38314666666666675,1.0,0.6168533333333333,1,"{""energy"": 0.6666666666666667, ""water"": 0.05493333333333334, ""transport"": 0.33333333333333337}","{""energy"": 1.0, ""water"": 1.0, ""transport"": 1.0}","{""energy"": 0.33333333333333326, ""water"": 0.9450666666666666, ""transport"": 0.6666666666666666}",7,0.6386262861407759,,,[],,v2.0,0.7,0.3
S4_water_partial,89,89,8867120843981940346,scenario=S4_water_partial|method=both|duration=0|theta=0.300000|delta_threshold=0.100000|A=v2.0|w=na|run_id=89|seed=8867120843981940346,False,"{""step_1_amount"": 0.901552145950131}",033832c9a51598bd69064fc3910037f6fde292830c04f0066e6d9779dc60f4ca,0.38314666666666675,0.8126544292209856,0.4295077625543189,10,0.0,1.0,0.38314666666666675,0.8126544292209856,1,1,0.4295077625543189,"{""energy"": 0.6666666666666667, ""water"": 0.05493333333333334, ""transport"": 0.33333333333333337}","{""energy"": 0.9513214498859324, ""water"": 0.9318735157709972, ""transport"": 0.5085459817843786}","{""energy"": 0.28465478321926563, ""water"": 0.8769401824376638, ""transport"": 0.17521264845104523}","{""energy"": 0.0, ""water"": 0.0, ""transport"": 0.0}","{""energy"": 1.0, ""water"": 1.0, ""transport"": 1.0}","{""energy"": 1.0, ""water"": 1.0, ""transport"": 1.0}",0.3,0.1,,0.38314666666666675,1.0,0.6168533333333333,1,"{""energy"": 0.6666666666666667, ""water"": 0.05493333333333334, ""transport"": 0.33333333333333337}","{""energy"": 1.0, ""water"": 1.0, ""transport"": 1.0}","{""energy"": 0.33333333333333326, ""water"": 0.9450666666666666, ""transport"": 0.6666666666666666}",3,0.8126544292209856,,,"[""energy"", ""transport""]",1,v2.0,0.7,0.3
S4_water_partial,90,90,4058492044138165467,scenario=S4_water_partial|method=both|duration=0|theta=0.300000|delta_threshold=0.100000|A=v2.0|w=na|run_id=90|seed=4058492044138165467,False,"{""step_1_amount"": 1.437734843031667}",033832c9a51598bd69064fc3910037f6fde292830c04f0066e6d9779dc60f4ca,0.38314666666666675,0.8564466666666667,0.47329999999999994,15,0.0,1.0,0.38314666666666675,0.8564466666666667,1,1,0.47329999999999994,"{""energy"": 0.6666666666666667, ""water"": 0.05493333333333334, ""transport"": 0.33333333333333337}","{""energy"": 0.9912666666666667, ""water"": 1.0, ""transport"": 0.5331333333333333}","{""energy"": 0.3246, ""water"": 0.9450666666666666, ""transport"": 0.19979999999999998}","{""energy"": 0.0, ""water"": 0.0, ""transport"": 0.0}","{""energy"": 1.0, ""water"": 1.0, ""transport"": 1.0}","{""energy"": 1.0, ""water"": 1.0, ""transport"": 1.0}",0.3,0.1,,0.38314666666666675,1.0,0.6168533333333333,1,"{""energy"": 0.6666666666666667, ""water"": 0.05493333333333334, ""transport"": 0.33333333333333337}","{""energy"": 1.0, ""water"": 1.0, ""transport"": 1.0}","{""energy"": 0.33333333333333326, ""water"": 0.9450666666666666, ""transport"": 0.6666666666666666}",3,0.8564466666666667,,,"[""energy"", ""transport""]",1,v2.0,0.7,0.3
S4_water_partial,91,91,15912074883326657484,scenario=S4_water_partial|method=both|duration=0|theta=0.300000|delta_threshold=0.100000|A=v2.0|w=na|run_id=91|seed=15912074883326657484,False,"{""step_1_amount"": 0.9935623118528069}",033832c9a51598bd69064fc3910037f6fde292830c04f0066e6d9779dc60f4ca,0.38314666666666675,0.8549194860959487,0.47177281942928195,11,0.0,1.0,0.38314666666666675,0.8549194860959487,1,1,0.47177281942928195,"{""energy"": 0.6666666666666667, ""water"": 0.05493333333333334, ""transport"": 0.33333333333333337}","{""energy"": 0.9886545747009431, ""water"": 1.0, ""transport"": 0.5315255207185718}","{""energy"": 0.32198790803427635, ""water"": 0.9450666666666666, ""transport"": 0.19819218738523847}","{""energy"": 0.0, ""water"": 0.0, ""transport"": 0.0}","{""energy"": 1.0, ""water"": 1.0, ""transport"": 1.0}","{""energy"": 1.0, ""water"": 1.0, ""transport"": 1.0}",0.3,0.1,,0.38314666666666675,1.0,0.6168533333333333,1,"{""energy"": 0.6666666666666667, ""water"": 0.05493333333333334, ""transport"": 0.33333333333333337}","{""energy"": 1.0, ""water"": 1.0, ""transport"": 1.0}","{""energy"": 0.33333333333333326, ""water"": 0.9450666666666666, ""transport"": 0.6666666666666666}",3,0.8549194860959487,,,"[""energy"", ""transport""]",1,v2.0,0.7,0.3
S4_water_partial,92,92,7392199704636312351,scenario=S4_water_partial|method=both|duration=0|theta=0.300000|delta_threshold=0.100000|A=v2.0|w=na|run_id=92|seed=7392199704636312351,False,"{""step_1_amount"": 0.7191348278638516}",033832c9a51598bd69064fc3910037f6fde292830c04f0066e6d9779dc60f4ca,0.38314666666666675,0.7009739866556133,0.31782731998894653,18,0.0,0.0,0.38314666666666675,0.7009739866556133,0,1,0.31782731998894653,"{""energy"": 0.6666666666666667, ""water"": 0.05493333333333334, ""transport"": 0.33333333333333337}","{""energy"": 0.8773056230724245, ""water"": 0.703851868163148, ""transport"": 0.4629872565923303}","{""energy"": 0.2106389564057578, ""water"": 0.6489185348298147, ""transport"": 0.12965392325899694}","{""energy"": 0.0, ""water"": 0.0, ""transport"": 0.0}","{""energy"": 0.0, ""water"": 0.0, ""transport"": 0.0}","{""energy"": 0.0, ""water"": 0.0, ""transport"": 0.0}",0.3,0.1,,0.38314666666666675,1.0,0.6168533333333333,1,"{""energy"": 0.6666666666666667, ""water"": 0.05493333333333334, ""transport"": 0.33333333333333337}","{""energy"": 1.0, ""water"": 1.0, ""transport"": 1.0}","{""energy"": 0.33333333333333326, ""water"": 0.9450666666666666, ""transport"": 0.6666666666666666}",6,0.7009739866556133,,,[],,v2.0,0.7,0.3
S4_water_partial,93,93,11504188257648308180,scenario=S4_water_partial|method=both|duration=0|theta=0.300000|delta_threshold=0.100000|A=v2.0|w=na|run_id=93|seed=11504188257648308180,False,"{""step_1_amount"": 1.055539234014646}",033832c9a51598bd69064fc3910037f6fde292830c04f0066e6d9779dc60f4ca,0.38314666666666675,0.8564466666666667,0.47329999999999994,30,0.0,1.0,0.38314666666666675,0.8564466666666667,1,1,0.47329999999999994,"{""energy"": 0.6666666666666667, ""water"": 0.05493333333333334, ""transport"": 0.33333333333333337}","{""energy"": 0.9912666666666667, ""water"": 1.0, ""transport"": 0.5331333333333333}","{""energy"": 0.3246, ""water"": 0.9450666666666666, ""transport"": 0.19979999999999998}","{""energy"": 0.0, ""water"": 0.0, ""transport"": 0.0}","{""energy"": 1.0, ""water"": 1.0, ""transport"": 1.0}","{""energy"": 1.0, ""water"": 1.0, ""transport"": 1.0}",0.3,0.1,,0.38314666666666675,1.0,0.6168533333333333,1,"{""energy"": 0.6666666666666667, ""water"": 0.05493333333333334, ""transport"": 0.33333333333333337}","{""energy"": 1.0, ""water"": 1.0, ""transport"": 1.0}","{""energy"": 0.33333333333333326, ""water"": 0.9450666666666666, ""transport"": 0.6666666666666666}",3,0.8564466666666667,,,"[""energy"", ""transport""]",1,v2.0,0.7,0.3
S4_water_partial,94,94,5635282467787295542,scenario=S4_water_partial|method=both|duration=0|theta=0.300000|delta_threshold=0.100000|A=v2.0|w=na|run_id=94|seed=5635282467787295542,False,"{""step_1_amount"": 0.6126551342927025}",033832c9a51598bd69064fc3910037f6fde292830c04f0066e6d9779dc60f4ca,0.38314666666666675,0.6357844562590165,0.2526377895923497,13,0.0,0.0,0.38314666666666675,0.6357844562590165,0,1,0.2526377895923497,"{""energy"": 0.6666666666666667, ""water"": 0.05493333333333334, ""transport"": 0.33333333333333337}","{""energy"": 0.8341014874059307, ""water"": 0.5707522511992115, ""transport"": 0.43639395312293583}","{""energy"": 0.16743482073926397, ""water"": 0.5158189178658781, ""transport"": 0.10306061978960246}","{""energy"": 0.0, ""water"": 0.0, ""transport"": 0.0}","{""energy"": 0.0, ""water"": 0.0, ""transport"": 0.0}","{""energy"": 0.0, ""water"": 0.0, ""transport"": 0.0}",0.3,0.1,,0.38314666666666675,1.0,0.6168533333333333,1,"{""energy"": 0.6666666666666667, ""water"": 0.05493333333333334, ""transport"": 0.33333333333333337}","{""energy"": 1.0, ""water"": 1.0, ""transport"": 1.0}","{""energy"": 0.33333333333333326, ""water"": 0.9450666666666666, ""transport"": 0.6666666666666666}",7,0.6357844562590165,,,[],,v2.0,0.7,0.3
S4_water_partial,95,95,3875456935289174021,scenario=S4_water_partial|method=both|duration=0|theta=0.300000|delta_threshold=0.100000|A=v2.0|w=na|run_id=95|seed=3875456935289174021,False,"{""step_1_amount"": 0.8564824220176318}",033832c9a51598bd69064fc3910037f6fde292830c04f0066e6d9779dc60f4ca,0.38314666666666675,0.7850616174864113,0.4019149508197446,11,0.0,1.0,0.38314666666666675,0.7850616174864113,1,1,0.4019149508197446,"{""energy"": 0.6666666666666667, ""water"": 0.05493333333333334, ""transport"": 0.33333333333333337}","{""energy"": 0.9330344094003209, ""water"": 0.8755363608553732, ""transport"": 0.49728981823223695}","{""energy"": 0.26636774273365416, ""water"": 0.8206030275220398, ""transport"": 0.16395648489890358}","{""energy"": 0.0, ""water"": 0.0, ""transport"": 0.0}","{""energy"": 1.0, ""water"": 1.0, ""transport"": 1.0}","{""energy"": 1.0, ""water"": 1.0, ""transport"": 1.0}",0.3,0.1,,0.38314666666666675,1.0,0.6168533333333333,1,"{""energy"": 0.6666666666666667, ""water"": 0.05493333333333334, ""transport"": 0.33333333333333337}","{""energy"": 1.0, ""water"": 1.0, ""transport"": 1.0}","{""energy"": 0.33333333333333326, ""water"": 0.9450666666666666, ""transport"": 0.6666666666666666}",4,0.7850616174864113,,,"[""energy"", ""transport""]",1,v2.0,0.7,0.3
S4_water_partial,96,96,18169044808566949883,scenario=S4_water_partial|method=both|duration=0|theta=0.300000|delta_threshold=0.100000|A=v2.0|w=na|run_id=96|seed=18169044808566949883,False,"{""step_1_amount"": 0.2004073375390265}",033832c9a51598bd69064fc3910037f6fde292830c04f0066e6d9779dc60f4ca,0.38314666666666675,0.38339604889149714,0.00024938222483039674,21,0.0,0.0,0.38314666666666675,0.38339604889149714,0,0,0.00024938222483039674,"{""energy"": 0.6666666666666667, ""water"": 0.05493333333333334, ""transport"": 0.33333333333333337}","{""energy"": 0.6668319438731267, ""water"": 0.055442505257116415, ""transport"": 0.33343506588370525}","{""energy"": 0.00016527720645997945, ""water"": 0.0005091719237830736, ""transport"": 0.00010173255037188023}","{""energy"": 0.0, ""water"": 0.0, ""transport"": 0.0}","{""energy"": 0.0, ""water"": 0.0, ""transport"": 0.0}","{""energy"": 0.0, ""water"": 0.0, ""transport"": 0.0}",0.3,0.1,,0.38314666666666675,1.0,0.6168533333333333,1,"{""energy"": 0.6666666666666667, ""water"": 0.05493333333333334, ""transport"": 0.33333333333333337}","{""energy"": 1.0, ""water"": 1.0, ""transport"": 1.0}","{""energy"": 0.33333333333333326, ""water"": 0.9450666666666666, ""transport"": 0.6666666666666666}",13,0.38339604889149714,,,[],,v2.0,0.7,0.3
S4_water_partial,97,97,16980838789281089329,scenario=S4_water_partial|method=both|duration=0|theta=0.300000|delta_threshold=0.100000|A=v2.0|w=na|run_id=97|seed=16980838789281089329,False,"{""step_1_amount"": 0.7698923590765325}",033832c9a51598bd69064fc3910037f6fde292830c04f0066e6d9779dc60f4ca,0.38314666666666675,0.7320490162022968,0.34890234953563004,11,0.0,1.0,0.38314666666666675,0.7320490162022968,1,1,0.34890234953563004,"{""energy"": 0.6666666666666667, ""water"": 0.05493333333333334, ""transport"": 0.33333333333333337}","{""energy"": 0.8979004913619698, ""water"": 0.767298782178999, ""transport"": 0.47566395001269735}","{""energy"": 0.23123382469530307, ""water"": 0.7123654488456657, ""transport"": 0.14233061667936397}","{""energy"": 0.0, ""water"": 0.0, ""transport"": 0.0}","{""energy"": 1.0, ""water"": 1.0, ""transport"": 1.0}","{""energy"": 1.0, ""water"": 1.0, ""transport"": 1.0}",0.3,0.1,,0.38314666666666675,1.0,0.6168533333333333,1,"{""energy"": 0.6666666666666667, ""water"": 0.05493333333333334, ""transport"": 0.33333333333333337}","{""energy"": 1.0, ""water"": 1.0, ""transport"": 1.0}","{""energy"": 0.33333333333333326, ""water"": 0.9450666666666666, ""transport"": 0.6666666666666666}",5,0.7320490162022968,,,"[""energy"", ""transport""]",1,v2.0,0.7,0.3
S4_water_partial,98,98,17896873331811656149,scenario=S4_water_partial|method=both|duration=0|theta=0.300000|delta_threshold=0.100000|A=v2.0|w=na|run_id=98|seed=17896873331811656149,False,"{""step_1_amount"": 0.896270864177491}",033832c9a51598bd69064fc3910037f6fde292830c04f0066e6d9779dc60f4ca,0.38314666666666675,0.8094210964877312,0.42627442982106445,9,0.0,1.0,0.38314666666666675,0.8094210964877312,1,1,0.42627442982106445,"{""energy"": 0.6666666666666667, ""water"": 0.05493333333333334, ""transport"": 0.33333333333333337}","{""energy"": 0.9491785698066837, ""water"": 0.9252719135551972, ""transport"": 0.5072269816616618}","{""energy"": 0.28251190314001695, ""water"": 0.8703385802218638, ""transport"": 0.17389364832832843}","{""energy"": 0.0, ""water"": 0.0, ""transport"": 0.0}","{""energy"": 1.0, ""water"": 1.0, ""transport"": 1.0}","{""energy"": 1.0, ""water"": 1.0, ""transport"": 1.0}",0.3,0.1,,0.38314666666666675,1.0,0.6168533333333333,1,"{""energy"": 0.6666666666666667, ""water"": 0.05493333333333334, ""transport"": 0.33333333333333337}","{""energy"": 1.0, ""water"": 1.0, ""transport"": 1.0}","{""energy"": 0.33333333333333326, ""water"": 0.9450666666666666, ""transport"": 0.6666666666666666}",3,0.8094210964877312,,,"[""energy"", ""transport""]",1,v2.0,0.7,0.3
S4_water_partial,99,99,7529843156918877302,scenario=S4_water_partial|method=both|duration=0|theta=0.300000|delta_threshold=0.100000|A=v2.0|w=na|run_id=99|seed=7529843156918877302,False,"{""step_1_amount"": 0.7232984174288544}",033832c9a51598bd69064fc3910037f6fde292830c04f0066e6d9779dc60f4ca,0.38314666666666675,0.7035230402770472,0.3203763736103804,19,0.0,0.0,0.38314666666666675,0.7035230402770472,0,1,0.3203763736103804,"{""energy"": 0.6666666666666667, ""water"": 0.05493333333333334, ""transport"": 0.33333333333333337}","{""energy"": 0.8789949995384244, ""water"": 0.7090563551194013, ""transport"": 0.4640271130861897}","{""energy"": 0.21232833287175767, ""water"": 0.654123021786068, ""transport"": 0.13069377975285634}","{""energy"": 0.0, ""water"": 0.0, ""transport"": 0.0}","{""energy"": 0.0, ""water"": 0.0, ""transport"": 0.0}","{""energy"": 0.0, ""water"": 0.0, ""transport"": 0.0}",0.3,0.1,,0.38314666666666675,1.0,0.6168533333333333,1,"{""energy"": 0.6666666666666667, ""water"": 0.05493333333333334, ""transport"": 0.33333333333333337}","{""energy"": 1.0, ""water"": 1.0, ""transport"": 1.0}","{""energy"": 0.33333333333333326, ""water"": 0.9450666666666666, ""transport"": 0.6666666666666666}",6,0.7035230402770472,,,[],,v2.0,0.7,0.3
S4_water_partial,100,100,6236880601955346558,scenario=S4_water_partial|method=both|duration=0|theta=0.300000|delta_threshold=0.100000|A=v2.0|w=na|run_id=100|seed=6236880601955346558,False,"{""step_1_amount"": 0.30965722796098144}",033832c9a51598bd69064fc3910037f6fde292830c04f0066e6d9779dc60f4ca,0.38314666666666675,0.45028156305507855,0.0671348963884118,18,0.0,0.0,0.38314666666666675,0.45028156305507855,0,0,0.0671348963884118,"{""energy"": 0.6666666666666667, ""water"": 0.05493333333333334, ""transport"": 0.33333333333333337}","{""energy"": 0.711160086911835, ""water"": 0.19200486828456015, ""transport"": 0.3607202260165885}","{""energy"": 0.044493420245168225, ""water"": 0.13707153495122681, ""transport"": 0.027386892683255115}","{""energy"": 0.0, ""water"": 0.0, ""transport"": 0.0}","{""energy"": 0.0, ""water"": 0.0, ""transport"": 0.0}","{""energy"": 0.0, ""water"": 0.0, ""transport"": 0.0}",0.3,0.1,,0.38314666666666675,1.0,0.6168533333333333,1,"{""energy"": 0.6666666666666667, ""water"": 0.05493333333333334, ""transport"": 0.33333333333333337}","{""energy"": 1.0, ""water"": 1.0, ""transport"": 1.0}","{""energy"": 0.33333333333333326, ""water"": 0.9450666666666666, ""transport"": 0.6666666666666666}",11,0.45028156305507855,,,[],,v2.0,0.7,0.3
