scenario_id,run_id,run,seed,cache_key,cache_hit,randomized_params,x0_hash,before,after,delta,duration,method_cl_total_before,method_cl_total_after,method_q_total_before,method_q_total_after,I_cl,I_q,delta_R,before_vec_q,after_vec_q,delta_vec_q,before_vec_cl,after_vec_cl,delta_vec_cl,theta_classical,delta_sector_threshold,theta_node,method_qi_total_before,method_qi_total_after,delta_qi,I_qi,before_vec_qi,after_vec_qi,delta_vec_qi,convergence_steps,peak_after_q,final_after_recovery_q,recovery_trajectory_q,cl_activated_sectors,cl_first_activation_step,matrix_version,theta_bin,theta_cascade
S4_water_partial,1,1,10218839302848591282,scenario=S4_water_partial|method=both|duration=0|theta=0.300000|delta_threshold=0.100000|A=v1.0|w=na|run_id=1|seed=10218839302848591282,False,"{""step_1_amount"": 1.1461148427034553}",5222c37788a096d3910624247b4a1e76a3afcfe0df2ea7ddd6490cebc16a26a9,0.44666666666666677,0.9572268526836635,0.5105601860169967,6,0.0,1.0,0.44666666666666677,0.9572268526836635,1,1,0.5105601860169967,"{""energy"": 0.6666666666666667, ""water"": 0.2666666666666667, ""transport"": 0.33333333333333337}","{""energy"": 0.9527810852502359, ""water"": 1.0, ""transport"": 0.9203813952785637}","{""energy"": 0.2861144185835691, ""water"": 0.7333333333333333, ""transport"": 0.5870480619452303}","{""energy"": 0.0, ""water"": 0.0, ""transport"": 0.0}","{""energy"": 1.0, ""water"": 1.0, ""transport"": 1.0}","{""energy"": 1.0, ""water"": 1.0, ""transport"": 1.0}",0.3,0.1,,0.44666666666666677,1.0,0.5533333333333332,1,"{""energy"": 0.6666666666666667, ""water"": 0.2666666666666667, ""transport"": 0.33333333333333337}","{""energy"": 1.0, ""water"": 1.0, ""transport"": 1.0}","{""energy"": 0.33333333333333326, ""water"": 0.7333333333333333, ""transport"": 0.6666666666666666}",3,0.9572268526836635,,,"[""energy"", ""transport""]",1,v1.0,0.7,0.3
S4_water_partial,2,2,1551714282877654289,scenario=S4_water_partial|method=both|duration=0|theta=0.300000|delta_threshold=0.100000|A=v1.0|w=na|run_id=2|seed=1551714282877654289,False,"{""step_1_amount"": 1.1220062549469612}",5222c37788a096d3910624247b4a1e76a3afcfe0df2ea7ddd6490cebc16a26a9,0.44666666666666677,1.0,0.5533333333333332,12,0.0,1.0,0.44666666666666677,1.0,1,1,0.5533333333333332,"{""energy"": 0.6666666666666667, ""water"": 0.2666666666666667, ""transport"": 0.33333333333333337}","{""energy"": 1.0, ""water"": 1.0, ""transport"": 1.0}","{""energy"": 0.33333333333333326, ""water"": 0.7333333333333333, ""transport"": 0.6666666666666666}","{""energy"": 0.0, ""water"": 0.0, ""transport"": 0.0}","{""energy"": 1.0, ""water"": 1.0, ""transport"": 1.0}","{""energy"": 1.0, ""water"": 1.0, ""transport"": 1.0}",0.3,0.1,,0.44666666666666677,1.0,0.5533333333333332,1,"{""energy"": 0.6666666666666667, ""water"": 0.2666666666666667, ""transport"": 0.33333333333333337}","{""energy"": 1.0, ""water"": 1.0, ""transport"": 1.0}","{""energy"": 0.33333333333333326, ""water"": 0.7333333333333333, ""transport"": 0.6666666666666666}",2,1.0,,,"[""energy"", ""transport""]",1,v1.0,0.7,0.3
S4_water_partial,3,3,17165758592708349444,scenario=S4_water_partial|method=both|duration=0|theta=0.300000|delta_threshold=0.100000|A=v1.0|w=na|run_id=3|seed=17165758592708349444,False,"{""step_1_amount"": 1.040599991671753}",5222c37788a096d3910624247b4a1e76a3afcfe0df2ea7ddd6490cebc16a26a9,0.44666666666666677,0.8366666666666667,0.3899999999999999,30,0.0,1.0,0.44666666666666677,0.8366666666666667,1,1,0.3899999999999999,"{""energy"": 0.6666666666666667, ""water"": 0.2666666666666667, ""transport"": 0.33333333333333337}","{""energy"": 0.8666666666666667, ""water"": 1.0, ""transport"": 0.6333333333333333}","{""energy"": 0.19999999999999996, ""water"": 0.7333333333333333, ""transport"": 0.29999999999999993}","{""energy"": 0.0, ""water"": 0.0, ""transport"": 0.0}","{""energy"": 1.0, ""water"": 1.0, ""transport"": 1.0}","{""energy"": 1.0, ""water"": 1.0, ""transport"": 1.0}",0.3,0.1,,0.44666666666666677,1.0,0.5533333333333332,1,"{""energy"": 0.6666666666666667, ""water"": 0.2666666666666667, ""transport"": 0.33333333333333337}","{""energy"": 1.0, ""water"": 1.0, ""transport"": 1.0}","{""energy"": 0.33333333333333326, ""water"": 0.7333333333333333, ""transport"": 0.6666666666666666}",3,0.8366666666666667,,,"[""energy"", ""transport""]",1,v1.0,0.7,0.3
S4_water_partial,4,4,10277558166160841261,scenario=S4_water_partial|method=both|duration=0|theta=0.300000|delta_threshold=0.100000|A=v1.0|w=na|run_id=4|seed=10277558166160841261,False,"{""step_1_amount"": 0.9457395561892179}",5222c37788a096d3910624247b4a1e76a3afcfe0df2ea7ddd6490cebc16a26a9,0.44666666666666677,0.8251363223568755,0.37846965569020874,15,0.0,1.0,0.44666666666666677,0.8251363223568755,1,1,0.37846965569020874,"{""energy"": 0.6666666666666667, ""water"": 0.2666666666666667, ""transport"": 0.33333333333333337}","{""energy"": 0.8531015557139712, ""water"": 1.0, ""transport"": 0.6129856669042901}","{""energy"": 0.18643488904730443, ""water"": 0.7333333333333333, ""transport"": 0.27965233357095676}","{""energy"": 0.0, ""water"": 0.0, ""transport"": 0.0}","{""energy"": 1.0, ""water"": 1.0, ""transport"": 1.0}","{""energy"": 1.0, ""water"": 1.0, ""transport"": 1.0}",0.3,0.1,,0.44666666666666677,1.0,0.5533333333333332,1,"{""energy"": 0.6666666666666667, ""water"": 0.2666666666666667, ""transport"": 0.33333333333333337}","{""energy"": 1.0, ""water"": 1.0, ""transport"": 1.0}","{""energy"": 0.33333333333333326, ""water"": 0.7333333333333333, ""transport"": 0.6666666666666666}",3,0.8251363223568755,,,"[""energy"", ""transport""]",1,v1.0,0.7,0.3
S4_water_partial,5,5,8113601936823812339,scenario=S4_water_partial|method=both|duration=0|theta=0.300000|delta_threshold=0.100000|A=v1.0|w=na|run_id=5|seed=8113601936823812339,False,"{""step_1_amount"": 1.6013276212521503}",5222c37788a096d3910624247b4a1e76a3afcfe0df2ea7ddd6490cebc16a26a9,0.44666666666666677,1.0,0.5533333333333332,6,0.0,1.0,0.44666666666666677,1.0,1,1,0.5533333333333332,"{""energy"": 0.6666666666666667, ""water"": 0.2666666666666667, ""transport"": 0.33333333333333337}","{""energy"": 1.0, ""water"": 1.0, ""transport"": 1.0}","{""energy"": 0.33333333333333326, ""water"": 0.7333333333333333, ""transport"": 0.6666666666666666}","{""energy"": 0.0, ""water"": 0.0, ""transport"": 0.0}","{""energy"": 1.0, ""water"": 1.0, ""transport"": 1.0}","{""energy"": 1.0, ""water"": 1.0, ""transport"": 1.0}",0.3,0.1,,0.44666666666666677,1.0,0.5533333333333332,1,"{""energy"": 0.6666666666666667, ""water"": 0.2666666666666667, ""transport"": 0.33333333333333337}","{""energy"": 1.0, ""water"": 1.0, ""transport"": 1.0}","{""energy"": 0.33333333333333326, ""water"": 0.7333333333333333, ""transport"": 0.6666666666666666}",2,1.0,,,"[""energy"", ""transport""]",1,v1.0,0.7,0.3
S4_water_partial,6,6,13820126298588664351,scenario=S4_water_partial|method=both|duration=0|theta=0.300000|delta_threshold=0.100000|A=v1.0|w=na|run_id=6|seed=13820126298588664351,False,"{""step_1_amount"": 0.6164770005228806}",5222c37788a096d3910624247b4a1e76a3afcfe0df2ea7ddd6490cebc16a26a9,0.44666666666666677,0.691346904473859,0.24468023780719228,6,0.0,0.0,0.44666666666666677,0.691346904473859,0,1,0.24468023780719228,"{""energy"": 0.6666666666666667, ""water"": 0.2666666666666667, ""transport"": 0.33333333333333337}","{""energy"": 0.770785916797387, ""water"": 0.7872629173202674, ""transport"": 0.4895122085294136}","{""energy"": 0.10411925013072021, ""water"": 0.5205962506536007, ""transport"": 0.1561788751960802}","{""energy"": 0.0, ""water"": 0.0, ""transport"": 0.0}","{""energy"": 0.0, ""water"": 0.0, ""transport"": 0.0}","{""energy"": 0.0, ""water"": 0.0, ""transport"": 0.0}",0.3,0.1,,0.44666666666666677,1.0,0.5533333333333332,1,"{""energy"": 0.6666666666666667, ""water"": 0.2666666666666667, ""transport"": 0.33333333333333337}","{""energy"": 1.0, ""water"": 1.0, ""transport"": 1.0}","{""energy"": 0.33333333333333326, ""water"": 0.7333333333333333, ""transport"": 0.6666666666666666}",3,0.691346904473859,,,[],,v1.0,0.7,0.3
S4_water_partial,7,7,15259738130958010352,scenario=S4_water_partial|method=both|duration=0|theta=0.300000|delta_threshold=0.100000|A=v1.0|w=na|run_id=7|seed=15259738130958010352,False,"{""step_1_amount"": 0.23312410975529768}",5222c37788a096d3910624247b4a1e76a3afcfe0df2ea7ddd6490cebc16a26a9,0.44666666666666677,0.46612708114790413,0.019460414481237365,21,0.0,0.0,0.44666666666666677,0.46612708114790413,0,0,0.019460414481237365,"{""energy"": 0.6666666666666667, ""water"": 0.2666666666666667, ""transport"": 0.33333333333333337}","{""energy"": 0.6749476941054912, ""water"": 0.3080718038607888, ""transport"": 0.34575487449157}","{""energy"": 0.008281027438824418, ""water"": 0.04140513719412209, ""transport"": 0.012421541158236626}","{""energy"": 0.0, ""water"": 0.0, ""transport"": 0.0}","{""energy"": 0.0, ""water"": 0.0, ""transport"": 0.0}","{""energy"": 0.0, ""water"": 0.0, ""transport"": 0.0}",0.3,0.1,,0.44666666666666677,1.0,0.5533333333333332,1,"{""energy"": 0.6666666666666667, ""water"": 0.2666666666666667, ""transport"": 0.33333333333333337}","{""energy"": 1.0, ""water"": 1.0, ""transport"": 1.0}","{""energy"": 0.33333333333333326, ""water"": 0.7333333333333333, ""transport"": 0.6666666666666666}",4,0.46612708114790413,,,[],,v1.0,0.7,0.3
S4_water_partial,8,8,10904579800364905174,scenario=S4_water_partial|method=both|duration=0|theta=0.300000|delta_threshold=0.100000|A=v1.0|w=na|run_id=8|seed=10904579800364905174,False,"{""step_1_amount"": 1.0308609430324807}",5222c37788a096d3910624247b4a1e76a3afcfe0df2ea7ddd6490cebc16a26a9,0.44666666666666677,0.8366666666666667,0.3899999999999999,20,0.0,1.0,0.44666666666666677,0.8366666666666667,1,1,0.3899999999999999,"{""energy"": 0.6666666666666667, ""water"": 0.2666666666666667, ""transport"": 0.33333333333333337}","{""energy"": 0.8666666666666667, ""water"": 1.0, ""transport"": 0.6333333333333333}","{""energy"": 0.19999999999999996, ""water"": 0.7333333333333333, ""transport"": 0.29999999999999993}","{""energy"": 0.0, ""water"": 0.0, ""transport"": 0.0}","{""energy"": 1.0, ""water"": 1.0, ""transport"": 1.0}","{""energy"": 1.0, ""water"": 1.0, ""transport"": 1.0}",0.3,0.1,,0.44666666666666677,1.0,0.5533333333333332,1,"{""energy"": 0.6666666666666667, ""water"": 0.2666666666666667, ""transport"": 0.33333333333333337}","{""energy"": 1.0, ""water"": 1.0, ""transport"": 1.0}","{""energy"": 0.33333333333333326, ""water"": 0.7333333333333333, ""transport"": 0.6666666666666666}",3,0.8366666666666667,,,"[""energy"", ""transport""]",1,v1.0,0.7,0.3
S4_water_partial,9,9,13386037884783960972,scenario=S4_water_partial|method=both|duration=0|theta=0.300000|delta_threshold=0.100000|A=v1.0|w=na|run_id=9|seed=13386037884783960972,False,"{""step_1_amount"": 1.402754744561847}",5222c37788a096d3910624247b4a1e76a3afcfe0df2ea7ddd6490cebc16a26a9,0.44666666666666677,0.8366666666666667,0.3899999999999999,17,0.0,1.0,0.44666666666666677,0.8366666666666667,1,1,0.3899999999999999,"{""energy"": 0.6666666666666667, ""water"": 0.2666666666666667, ""transport"": 0.33333333333333337}","{""energy"": 0.8666666666666667, ""water"": 1.0, ""transport"": 0.6333333333333333}","{""energy"": 0.19999999999999996, ""water"": 0.7333333333333333, ""transport"": 0.29999999999999993}","{""energy"": 0.0, ""water"": 0.0, ""transport"": 0.0}","{""energy"": 1.0, ""water"": 1.0, ""transport"": 1.0}","{""energy"": 1.0, ""water"": 1.0, ""transport"": 1.0}",0.3,0.1,,0.44666666666666677,1.0,0.5533333333333332,1,"{""energy"": 0.6666666666666667, ""water"": 0.2666666666666667, ""transport"": 0.33333333333333337}","{""energy"": 1.0, ""water"": 1.0, ""transport"": 1.0}","{""energy"": 0.33333333333333326, ""water"": 0.7333333333333333, ""transport"": 0.6666666666666666}",3,0.8366666666666667,,,"[""energy"", ""transport""]",1,v1.0,0.7,0.3
S4_water_partial,10,10,14060088024156388616,scenario=S4_water_partial|method=both|duration=0|theta=0.300000|delta_threshold=0.100000|A=v1.0|w=na|run_id=10|seed=14060088024156388616,False,"{""step_1_amount"": 0.3616876170943415}",5222c37788a096d3910624247b4a1e76a3afcfe0df2ea7ddd6490cebc16a26a9,0.44666666666666677,0.5416581417095924,0.0949914750429256,28,0.0,0.0,0.44666666666666677,0.5416581417095924,0,0,0.0949914750429256,"{""energy"": 0.6666666666666667, ""water"": 0.2666666666666667, ""transport"": 0.33333333333333337}","{""energy"": 0.7070885709402521, ""water"": 0.46877618803459353, ""transport"": 0.39396618974371145}","{""energy"": 0.040421904273585385, ""water"": 0.20210952136792681, ""transport"": 0.06063285641037808}","{""energy"": 0.0, ""water"": 0.0, ""transport"": 0.0}","{""energy"": 0.0, ""water"": 0.0, ""transport"": 0.0}","{""energy"": 0.0, ""water"": 0.0, ""transport"": 0.0}",0.3,0.1,,0.44666666666666677,1.0,0.5533333333333332,1,"{""energy"": 0.6666666666666667, ""water"": 0.2666666666666667, ""transport"": 0.33333333333333337}","{""energy"": 1.0, ""water"": 1.0, ""transport"": 1.0}","{""energy"": 0.33333333333333326, ""water"": 0.7333333333333333, ""transport"": 0.6666666666666666}",4,0.5416581417095924,,,[],,v1.0,0.7,0.3
S4_water_partial,11,11,11107337599642383062,scenario=S4_water_partial|method=both|duration=0|theta=0.300000|delta_threshold=0.100000|A=v1.0|w=na|run_id=11|seed=11107337599642383062,False,"{""step_1_amount"": 0.8566693146658418}",5222c37788a096d3910624247b4a1e76a3afcfe0df2ea7ddd6490cebc16a26a9,0.44666666666666677,0.8062088960331582,0.3595422293664914,9,0.0,1.0,0.44666666666666677,0.8062088960331582,1,1,0.3595422293664914,"{""energy"": 0.6666666666666667, ""water"": 0.2666666666666667, ""transport"": 0.33333333333333337}","{""energy"": 0.8308339953331272, ""water"": 1.0, ""transport"": 0.579584326333024}","{""energy"": 0.16416732866646044, ""water"": 0.7333333333333333, ""transport"": 0.24625099299969067}","{""energy"": 0.0, ""water"": 0.0, ""transport"": 0.0}","{""energy"": 1.0, ""water"": 1.0, ""transport"": 1.0}","{""energy"": 1.0, ""water"": 1.0, ""transport"": 1.0}",0.3,0.1,,0.44666666666666677,1.0,0.5533333333333332,1,"{""energy"": 0.6666666666666667, ""water"": 0.2666666666666667, ""transport"": 0.33333333333333337}","{""energy"": 1.0, ""water"": 1.0, ""transport"": 1.0}","{""energy"": 0.33333333333333326, ""water"": 0.7333333333333333, ""transport"": 0.6666666666666666}",3,0.8062088960331582,,,"[""energy"", ""transport""]",1,v1.0,0.7,0.3
S4_water_partial,12,12,6031167352262539807,scenario=S4_water_partial|method=both|duration=0|theta=0.300000|delta_threshold=0.100000|A=v1.0|w=na|run_id=12|seed=6031167352262539807,False,"{""step_1_amount"": 0.7868652823137864}",5222c37788a096d3910624247b4a1e76a3afcfe0df2ea7ddd6490cebc16a26a9,0.44666666666666677,0.8891078827475347,0.44244121608086795,28,0.0,1.0,0.44666666666666677,0.8891078827475347,1,1,0.44244121608086795,"{""energy"": 0.6666666666666667, ""water"": 0.2666666666666667, ""transport"": 0.33333333333333337}","{""energy"": 0.8831918040945337, ""water"": 1.0, ""transport"": 0.7861038703657375}","{""energy"": 0.21652513742786694, ""water"": 0.7333333333333333, ""transport"": 0.4527705370324041}","{""energy"": 0.0, ""water"": 0.0, ""transport"": 0.0}","{""energy"": 1.0, ""water"": 1.0, ""transport"": 1.0}","{""energy"": 1.0, ""water"": 1.0, ""transport"": 1.0}",0.3,0.1,,0.44666666666666677,1.0,0.5533333333333332,1,"{""energy"": 0.6666666666666667, ""water"": 0.2666666666666667, ""transport"": 0.33333333333333337}","{""energy"": 1.0, ""water"": 1.0, ""transport"": 1.0}","{""energy"": 0.33333333333333326, ""water"": 0.7333333333333333, ""transport"": 0.6666666666666666}",3,0.8891078827475347,,,"[""energy"", ""transport""]",1,v1.0,0.7,0.3
S4_water_partial,13,13,18032369781719048698,scenario=S4_water_partial|method=both|duration=0|theta=0.300000|delta_threshold=0.100000|A=v1.0|w=na|run_id=13|seed=18032369781719048698,False,"{""step_1_amount"": 0.7283628308157213}",5222c37788a096d3910624247b4a1e76a3afcfe0df2ea7ddd6490cebc16a26a9,0.44666666666666677,0.7570798297709029,0.31041316310423617,29,0.0,0.0,0.44666666666666677,0.7570798297709029,0,1,0.31041316310423617,"{""energy"": 0.6666666666666667, ""water"": 0.2666666666666667, ""transport"": 0.33333333333333337}","{""energy"": 0.7987573743705971, ""water"": 0.9271202051863183, ""transport"": 0.5314693948892288}","{""energy"": 0.1320907077039304, ""water"": 0.6604535385196516, ""transport"": 0.19813606155589547}","{""energy"": 0.0, ""water"": 0.0, ""transport"": 0.0}","{""energy"": 0.0, ""water"": 0.0, ""transport"": 0.0}","{""energy"": 0.0, ""water"": 0.0, ""transport"": 0.0}",0.3,0.1,,0.44666666666666677,1.0,0.5533333333333332,1,"{""energy"": 0.6666666666666667, ""water"": 0.2666666666666667, ""transport"": 0.33333333333333337}","{""energy"": 1.0, ""water"": 1.0, ""transport"": 1.0}","{""energy"": 0.33333333333333326, ""water"": 0.7333333333333333, ""transport"": 0.6666666666666666}",3,0.7570798297709029,,,[],,v1.0,0.7,0.3
S4_water_partial,14,14,11900822515345170755,scenario=S4_water_partial|method=both|duration=0|theta=0.300000|delta_threshold=0.100000|A=v1.0|w=na|run_id=14|seed=11900822515345170755,False,"{""step_1_amount"": 0.47580277621126515}",5222c37788a096d3910624247b4a1e76a3afcfe0df2ea7ddd6490cebc16a26a9,0.44666666666666677,0.608700797690785,0.16203413102411823,25,0.0,0.0,0.44666666666666677,0.608700797690785,0,1,0.16203413102411823,"{""energy"": 0.6666666666666667, ""water"": 0.2666666666666667, ""transport"": 0.33333333333333337}","{""energy"": 0.735617360719483, ""water"": 0.6114201369307481, ""transport"": 0.4367593744125578}","{""energy"": 0.06895069405281629, ""water"": 0.34475347026408143, ""transport"": 0.10342604107922443}","{""energy"": 0.0, ""water"": 0.0, ""transport"": 0.0}","{""energy"": 0.0, ""water"": 0.0, ""transport"": 0.0}","{""energy"": 0.0, ""water"": 0.0, ""transport"": 0.0}",0.3,0.1,,0.44666666666666677,1.0,0.5533333333333332,1,"{""energy"": 0.6666666666666667, ""water"": 0.2666666666666667, ""transport"": 0.33333333333333337}","{""energy"": 1.0, ""water"": 1.0, ""transport"": 1.0}","{""energy"": 0.33333333333333326, ""water"": 0.7333333333333333, ""transport"": 0.6666666666666666}",4,0.608700797690785,,,[],,v1.0,0.7,0.3
S4_water_partial,15,15,15306338854217874014,scenario=S4_water_partial|method=both|duration=0|theta=0.300000|delta_threshold=0.100000|A=v1.0|w=na|run_id=15|seed=15306338854217874014,False,"{""step_1_amount"": 1.238622027695697}",5222c37788a096d3910624247b4a1e76a3afcfe0df2ea7ddd6490cebc16a26a9,0.44666666666666677,0.9262829650053239,0.47961629833865715,19,0.0,1.0,0.44666666666666677,0.9262829650053239,1,1,0.47961629833865715,"{""energy"": 0.6666666666666667, ""water"": 0.2666666666666667, ""transport"": 0.33333333333333337}","{""energy"": 0.9306783083371362, ""water"": 1.0, ""transport"": 0.8467054722348981}","{""energy"": 0.2640116416704694, ""water"": 0.7333333333333333, ""transport"": 0.5133721389015647}","{""energy"": 0.0, ""water"": 0.0, ""transport"": 0.0}","{""energy"": 1.0, ""water"": 1.0, ""transport"": 1.0}","{""energy"": 1.0, ""water"": 1.0, ""transport"": 1.0}",0.3,0.1,,0.44666666666666677,1.0,0.5533333333333332,1,"{""energy"": 0.6666666666666667, ""water"": 0.2666666666666667, ""transport"": 0.33333333333333337}","{""energy"": 1.0, ""water"": 1.0, ""transport"": 1.0}","{""energy"": 0.33333333333333326, ""water"": 0.7333333333333333, ""transport"": 0.6666666666666666}",3,0.9262829650053239,,,"[""energy"", ""transport""]",1,v1.0,0.7,0.3
S4_water_partial,16,16,5001389734880608894,scenario=S4_water_partial|method=both|duration=0|theta=0.300000|delta_threshold=0.100000|A=v1.0|w=na|run_id=16|seed=5001389734880608894,False,"{""step_1_amount"": 0.7056843922277348}",5222c37788a096d3910624247b4a1e76a3afcfe0df2ea7ddd6490cebc16a26a9,0.44666666666666677,0.8809902618185386,0.4343235951518718,18,0.0,0.0,0.44666666666666677,0.8809902618185386,0,1,0.4343235951518718,"{""energy"": 0.6666666666666667, ""water"": 0.2666666666666667, ""transport"": 0.33333333333333337}","{""energy"": 0.878859023922399, ""water"": 0.9559529964172009, ""transport"": 0.8088691777480622}","{""energy"": 0.21219235725573227, ""water"": 0.6892863297505342, ""transport"": 0.47553584441472885}","{""energy"": 0.0, ""water"": 0.0, ""transport"": 0.0}","{""energy"": 0.0, ""water"": 0.0, ""transport"": 0.0}","{""energy"": 0.0, ""water"": 0.0, ""transport"": 0.0}",0.3,0.1,,0.44666666666666677,1.0,0.5533333333333332,1,"{""energy"": 0.6666666666666667, ""water"": 0.2666666666666667, ""transport"": 0.33333333333333337}","{""energy"": 1.0, ""water"": 1.0, ""transport"": 1.0}","{""energy"": 0.33333333333333326, ""water"": 0.7333333333333333, ""transport"": 0.6666666666666666}",3,0.8809902618185386,,,[],,v1.0,0.7,0.3
S4_water_partial,17,17,15617212558855397898,scenario=S4_water_partial|method=both|duration=0|theta=0.300000|delta_threshold=0.100000|A=v1.0|w=na|run_id=17|seed=15617212558855397898,False,"{""step_1_amount"": 0.18201774196734255}",5222c37788a096d3910624247b4a1e76a3afcfe0df2ea7ddd6490cebc16a26a9,0.44666666666666677,0.44666666666666677,0.0,23,0.0,0.0,0.44666666666666677,0.44666666666666677,0,0,0.0,"{""energy"": 0.6666666666666667, ""water"": 0.2666666666666667, ""transport"": 0.33333333333333337}","{""energy"": 0.6666666666666667, ""water"": 0.2666666666666667, ""transport"": 0.33333333333333337}","{""energy"": 0.0, ""water"": 0.0, ""transport"": 0.0}","{""energy"": 0.0, ""water"": 0.0, ""transport"": 0.0}","{""energy"": 0.0, ""water"": 0.0, ""transport"": 0.0}","{""energy"": 0.0, ""water"": 0.0, ""transport"": 0.0}",0.3,0.1,,0.44666666666666677,1.0,0.5533333333333332,1,"{""energy"": 0.6666666666666667, ""water"": 0.2666666666666667, ""transport"": 0.33333333333333337}","{""energy"": 1.0, ""water"": 1.0, ""transport"": 1.0}","{""energy"": 0.33333333333333326, ""water"": 0.7333333333333333, ""transport"": 0.6666666666666666}",4,0.44666666666666677,,,[],,v1.0,0.7,0.3
S4_water_partial,18,18,9591140204504375962,scenario=S4_water_partial|method=both|duration=0|theta=0.300000|delta_threshold=0.100000|A=v1.0|w=na|run_id=18|seed=9591140204504375962,False,"{""step_1_amount"": 0.22865679407902043}",5222c37788a096d3910624247b4a1e76a3afcfe0df2ea7ddd6490cebc16a26a9,0.44666666666666677,0.46350253318809126,0.016835866521424492,17,0.0,0.0,0.44666666666666677,0.46350253318809126,0,0,0.016835866521424492,"{""energy"": 0.6666666666666667, ""water"": 0.2666666666666667, ""transport"": 0.33333333333333337}","{""energy"": 0.6738308651864219, ""water"": 0.30248765926544224, ""transport"": 0.344079631112966}","{""energy"": 0.007164198519755138, ""water"": 0.035820992598775525, ""transport"": 0.010746297779632652}","{""energy"": 0.0, ""water"": 0.0, ""transport"": 0.0}","{""energy"": 0.0, ""water"": 0.0, ""transport"": 0.0}","{""energy"": 0.0, ""water"": 0.0, ""transport"": 0.0}",0.3,0.1,,0.44666666666666677,1.0,0.5533333333333332,1,"{""energy"": 0.6666666666666667, ""water"": 0.2666666666666667, ""transport"": 0.33333333333333337}","{""energy"": 1.0, ""water"": 1.0, ""transport"": 1.0}","{""energy"": 0.33333333333333326, ""water"": 0.7333333333333333, ""transport"": 0.6666666666666666}",4,0.46350253318809126,,,[],,v1.0,0.7,0.3
S4_water_partial,19,19,15647278731498465250,scenario=S4_water_partial|method=both|duration=0|theta=0.300000|delta_threshold=0.100000|A=v1.0|w=na|run_id=19|seed=15647278731498465250,False,"{""step_1_amount"": 0.6161911379996251}",5222c37788a096d3910624247b4a1e76a3afcfe0df2ea7ddd6490cebc16a26a9,0.44666666666666677,0.6911789602414464,0.24451229357477966,21,0.0,0.0,0.44666666666666677,0.6911789602414464,0,1,0.24451229357477966,"{""energy"": 0.6666666666666667, ""water"": 0.2666666666666667, ""transport"": 0.33333333333333337}","{""energy"": 0.770714451166573, ""water"": 0.7869055891661981, ""transport"": 0.4894050100831928}","{""energy"": 0.10404778449990626, ""water"": 0.5202389224995314, ""transport"": 0.15607167674985944}","{""energy"": 0.0, ""water"": 0.0, ""transport"": 0.0}","{""energy"": 0.0, ""water"": 0.0, ""transport"": 0.0}","{""energy"": 0.0, ""water"": 0.0, ""transport"": 0.0}",0.3,0.1,,0.44666666666666677,1.0,0.5533333333333332,1,"{""energy"": 0.6666666666666667, ""water"": 0.2666666666666667, ""transport"": 0.33333333333333337}","{""energy"": 1.0, ""water"": 1.0, ""transport"": 1.0}","{""energy"": 0.33333333333333326, ""water"": 0.7333333333333333, ""transport"": 0.6666666666666666}",3,0.6911789602414464,,,[],,v1.0,0.7,0.3
S4_water_partial,20,20,13640649211934408472,scenario=S4_water_partial|method=both|duration=0|theta=0.300000|delta_threshold=0.100000|A=v1.0|w=na|run_id=20|seed=13640649211934408472,False,"{""step_1_amount"": 0.615261580273367}",5222c37788a096d3910624247b4a1e76a3afcfe0df2ea7ddd6490cebc16a26a9,0.44666666666666677,0.6906328450772699,0.24396617841060309,30,0.0,0.0,0.44666666666666677,0.6906328450772699,0,1,0.24396617841060309,"{""energy"": 0.6666666666666667, ""water"": 0.2666666666666667, ""transport"": 0.33333333333333337}","{""energy"": 0.7704820617350084, ""water"": 0.7857436420083753, ""transport"": 0.489056425935846}","{""energy"": 0.1038153950683417, ""water"": 0.5190769753417086, ""transport"": 0.1557230926025126}","{""energy"": 0.0, ""water"": 0.0, ""transport"": 0.0}","{""energy"": 0.0, ""water"": 0.0, ""transport"": 0.0}","{""energy"": 0.0, ""water"": 0.0, ""transport"": 0.0}",0.3,0.1,,0.44666666666666677,1.0,0.5533333333333332,1,"{""energy"": 0.6666666666666667, ""water"": 0.2666666666666667, ""transport"": 0.33333333333333337}","{""energy"": 1.0, ""water"": 1.0, ""transport"": 1.0}","{""energy"": 0.33333333333333326, ""water"": 0.7333333333333333, ""transport"": 0.6666666666666666}",3,0.6906328450772699,,,[],,v1.0,0.7,0.3
S4_water_partial,21,21,15470122474697187459,scenario=S4_water_partial|method=both|duration=0|theta=0.300000|delta_threshold=0.100000|A=v1.0|w=na|run_id=21|seed=15470122474697187459,False,"{""step_1_amount"": 1.5452173444498771}",5222c37788a096d3910624247b4a1e76a3afcfe0df2ea7ddd6490cebc16a26a9,0.44666666666666677,0.8366666666666667,0.3899999999999999,18,0.0,1.0,0.44666666666666677,0.8366666666666667,1,1,0.3899999999999999,"{""energy"": 0.6666666666666667, ""water"": 0.2666666666666667, ""transport"": 0.33333333333333337}","{""energy"": 0.8666666666666667, ""water"": 1.0, ""transport"": 0.6333333333333333}","{""energy"": 0.19999999999999996, ""water"": 0.7333333333333333, ""transport"": 0.29999999999999993}","{""energy"": 0.0, ""water"": 0.0, ""transport"": 0.0}","{""energy"": 1.0, ""water"": 1.0, ""transport"": 1.0}","{""energy"": 1.0, ""water"": 1.0, ""transport"": 1.0}",0.3,0.1,,0.44666666666666677,1.0,0.5533333333333332,1,"{""energy"": 0.6666666666666667, ""water"": 0.2666666666666667, ""transport"": 0.33333333333333337}","{""energy"": 1.0, ""water"": 1.0, ""transport"": 1.0}","{""energy"": 0.33333333333333326, ""water"": 0.7333333333333333, ""transport"": 0.6666666666666666}",3,0.8366666666666667,,,"[""energy"", ""transport""]",1,v1.0,0.7,0.3
S4_water_partial,22,22,5940197039253332730,scenario=S4_water_partial|method=both|duration=0|theta=0.300000|delta_threshold=0.100000|A=v1.0|w=na|run_id=22|seed=5940197039253332730,False,"{""step_1_amount"": 0.5058086218530053}",5222c37788a096d3910624247b4a1e76a3afcfe0df2ea7ddd6490cebc16a26a9,0.44666666666666677,0.6263292320053073,0.17966256533864056,18,0.0,0.0,0.44666666666666677,0.6263292320053073,0,1,0.17966256533864056,"{""energy"": 0.6666666666666667, ""water"": 0.2666666666666667, ""transport"": 0.33333333333333337}","{""energy"": 0.7431188221299181, ""water"": 0.6489274439829233, ""transport"": 0.44801156652821034}","{""energy"": 0.07645215546325135, ""water"": 0.38226077731625663, ""transport"": 0.11467823319487697}","{""energy"": 0.0, ""water"": 0.0, ""transport"": 0.0}","{""energy"": 0.0, ""water"": 0.0, ""transport"": 0.0}","{""energy"": 0.0, ""water"": 0.0, ""transport"": 0.0}",0.3,0.1,,0.44666666666666677,1.0,0.5533333333333332,1,"{""energy"": 0.6666666666666667, ""water"": 0.2666666666666667, ""transport"": 0.33333333333333337}","{""energy"": 1.0, ""water"": 1.0, ""transport"": 1.0}","{""energy"": 0.33333333333333326, ""water"": 0.7333333333333333, ""transport"": 0.6666666666666666}",3,0.6263292320053073,,,[],,v1.0,0.7,0.3
S4_water_partial,23,23,15079937952478830977,scenario=S4_water_partial|method=both|duration=0|theta=0.300000|delta_threshold=0.100000|A=v1.0|w=na|run_id=23|seed=15079937952478830977,False,"{""step_1_amount"": 0.8963905041603135}",5222c37788a096d3910624247b4a1e76a3afcfe0df2ea7ddd6490cebc16a26a9,0.44666666666666677,0.8146496488007333,0.36798298213406655,30,0.0,1.0,0.44666666666666677,0.8146496488007333,1,1,0.36798298213406655,"{""energy"": 0.6666666666666667, ""water"": 0.2666666666666667, ""transport"": 0.33333333333333337}","{""energy"": 0.8407642927067451, ""water"": 1.0, ""transport"": 0.594479772393451}","{""energy"": 0.1740976260400784, ""water"": 0.7333333333333333, ""transport"": 0.2611464390601176}","{""energy"": 0.0, ""water"": 0.0, ""transport"": 0.0}","{""energy"": 1.0, ""water"": 1.0, ""transport"": 1.0}","{""energy"": 1.0, ""water"": 1.0, ""transport"": 1.0}",0.3,0.1,,0.44666666666666677,1.0,0.5533333333333332,1,"{""energy"": 0.6666666666666667, ""water"": 0.2666666666666667, ""transport"": 0.33333333333333337}","{""energy"": 1.0, ""water"": 1.0, ""transport"": 1.0}","{""energy"": 0.33333333333333326, ""water"": 0.7333333333333333, ""transport"": 0.6666666666666666}",3,0.8146496488007333,,,"[""energy"", ""transport""]",1,v1.0,0.7,0.3
S4_water_partial,24,24,18398304805037614264,scenario=S4_water_partial|method=both|duration=0|theta=0.300000|delta_threshold=0.100000|A=v1.0|w=na|run_id=24|seed=18398304805037614264,False,"{""step_1_amount"": 0.6922593542221586}",5222c37788a096d3910624247b4a1e76a3afcfe0df2ea7ddd6490cebc16a26a9,0.44666666666666677,0.8571960085016493,0.4105293418349826,25,0.0,0.0,0.44666666666666677,0.8571960085016493,0,1,0.4105293418349826,"{""energy"": 0.6666666666666667, ""water"": 0.2666666666666667, ""transport"": 0.33333333333333337}","{""energy"": 0.8655608622406217, ""water"": 0.9325437641233085, ""transport"": 0.7706951145613606}","{""energy"": 0.19889419557395493, ""water"": 0.6658770974566418, ""transport"": 0.43736178122802727}","{""energy"": 0.0, ""water"": 0.0, ""transport"": 0.0}","{""energy"": 0.0, ""water"": 0.0, ""transport"": 0.0}","{""energy"": 0.0, ""water"": 0.0, ""transport"": 0.0}",0.3,0.1,,0.44666666666666677,1.0,0.5533333333333332,1,"{""energy"": 0.6666666666666667, ""water"": 0.2666666666666667, ""transport"": 0.33333333333333337}","{""energy"": 1.0, ""water"": 1.0, ""transport"": 1.0}","{""energy"": 0.33333333333333326, ""water"": 0.7333333333333333, ""transport"": 0.6666666666666666}",3,0.8571960085016493,,,[],,v1.0,0.7,0.3
S4_water_partial,25,25,2364586817660495334,scenario=S4_water_partial|method=both|duration=0|theta=0.300000|delta_threshold=0.100000|A=v1.0|w=na|run_id=25|seed=2364586817660495334,False,"{""step_1_amount"": 0.7680099177479067}",5222c37788a096d3910624247b4a1e76a3afcfe0df2ea7ddd6490cebc16a26a9,0.44666666666666677,0.9027393789673374,0.4560727123006706,9,0.0,1.0,0.44666666666666677,0.9027393789673374,1,1,0.4560727123006706,"{""energy"": 0.6666666666666667, ""water"": 0.2666666666666667, ""transport"": 0.33333333333333337}","{""energy"": 0.891076720945958, ""water"": 1.0, ""transport"": 0.8210289686298471}","{""energy"": 0.22441005427929128, ""water"": 0.7333333333333333, ""transport"": 0.4876956352965137}","{""energy"": 0.0, ""water"": 0.0, ""transport"": 0.0}","{""energy"": 1.0, ""water"": 1.0, ""transport"": 1.0}","{""energy"": 1.0, ""water"": 1.0, ""transport"": 1.0}",0.3,0.1,,0.44666666666666677,1.0,0.5533333333333332,1,"{""energy"": 0.6666666666666667, ""water"": 0.2666666666666667, ""transport"": 0.33333333333333337}","{""energy"": 1.0, ""water"": 1.0, ""transport"": 1.0}","{""energy"": 0.33333333333333326, ""water"": 0.7333333333333333, ""transport"": 0.6666666666666666}",3,0.9027393789673374,,,"[""energy"", ""transport""]",1,v1.0,0.7,0.3
S4_water_partial,26,26,8196816392734326037,scenario=S4_water_partial|method=both|duration=0|theta=0.300000|delta_threshold=0.100000|A=v1.0|w=na|run_id=26|seed=8196816392734326037,False,"{""step_1_amount"": 0.7215723285584263}",5222c37788a096d3910624247b4a1e76a3afcfe0df2ea7ddd6490cebc16a26a9,0.44666666666666677,0.7530904096947423,0.3064237430280755,28,0.0,0.0,0.44666666666666677,0.7530904096947423,0,1,0.3064237430280755,"{""energy"": 0.6666666666666667, ""water"": 0.2666666666666667, ""transport"": 0.33333333333333337}","{""energy"": 0.7970597488062734, ""water"": 0.9186320773646997, ""transport"": 0.5289229565427432}","{""energy"": 0.13039308213960665, ""water"": 0.6519654106980329, ""transport"": 0.19558962320940987}","{""energy"": 0.0, ""water"": 0.0, ""transport"": 0.0}","{""energy"": 0.0, ""water"": 0.0, ""transport"": 0.0}","{""energy"": 0.0, ""water"": 0.0, ""transport"": 0.0}",0.3,0.1,,0.44666666666666677,1.0,0.5533333333333332,1,"{""energy"": 0.6666666666666667, ""water"": 0.2666666666666667, ""transport"": 0.33333333333333337}","{""energy"": 1.0, ""water"": 1.0, ""transport"": 1.0}","{""energy"": 0.33333333333333326, ""water"": 0.7333333333333333, ""transport"": 0.6666666666666666}",3,0.7530904096947423,,,[],,v1.0,0.7,0.3
S4_water_partial,27,27,3007928521934060512,scenario=S4_water_partial|method=both|duration=0|theta=0.300000|delta_threshold=0.100000|A=v1.0|w=na|run_id=27|seed=3007928521934060512,False,"{""step_1_amount"": 0.11903458292010444}",5222c37788a096d3910624247b4a1e76a3afcfe0df2ea7ddd6490cebc16a26a9,0.44666666666666677,0.44666666666666677,0.0,18,0.0,0.0,0.44666666666666677,0.44666666666666677,0,0,0.0,"{""energy"": 0.6666666666666667, ""water"": 0.2666666666666667, ""transport"": 0.33333333333333337}","{""energy"": 0.6666666666666667, ""water"": 0.2666666666666667, ""transport"": 0.33333333333333337}","{""energy"": 0.0, ""water"": 0.0, ""transport"": 0.0}","{""energy"": 0.0, ""water"": 0.0, ""transport"": 0.0}","{""energy"": 0.0, ""water"": 0.0, ""transport"": 0.0}","{""energy"": 0.0, ""water"": 0.0, ""transport"": 0.0}",0.3,0.1,,0.44666666666666677,1.0,0.5533333333333332,1,"{""energy"": 0.6666666666666667, ""water"": 0.2666666666666667, ""transport"": 0.33333333333333337}","{""energy"": 1.0, ""water"": 1.0, ""transport"": 1.0}","{""energy"": 0.33333333333333326, ""water"": 0.7333333333333333, ""transport"": 0.6666666666666666}",4,0.44666666666666677,,,[],,v1.0,0.7,0.3
S4_water_partial,28,28,18102942462236469828,scenario=S4_water_partial|method=both|duration=0|theta=0.300000|delta_threshold=0.100000|A=v1.0|w=na|run_id=28|seed=18102942462236469828,False,"{""step_1_amount"": 0.9617066643427546}",5222c37788a096d3910624247b4a1e76a3afcfe0df2ea7ddd6490cebc16a26a9,0.44666666666666677,0.9297062343434459,0.48303956767677914,26,0.0,1.0,0.44666666666666677,0.9297062343434459,1,1,0.48303956767677914,"{""energy"": 0.6666666666666667, ""water"": 0.2666666666666667, ""transport"": 0.33333333333333337}","{""energy"": 0.9293625481123152, ""water"": 1.0, ""transport"": 0.8598707169950657}","{""energy"": 0.2626958814456485, ""water"": 0.7333333333333333, ""transport"": 0.5265373836617323}","{""energy"": 0.0, ""water"": 0.0, ""transport"": 0.0}","{""energy"": 1.0, ""water"": 1.0, ""transport"": 1.0}","{""energy"": 1.0, ""water"": 1.0, ""transport"": 1.0}",0.3,0.1,,0.44666666666666677,1.0,0.5533333333333332,1,"{""energy"": 0.6666666666666667, ""water"": 0.2666666666666667, ""transport"": 0.33333333333333337}","{""energy"": 1.0, ""water"": 1.0, ""transport"": 1.0}","{""energy"": 0.33333333333333326, ""water"": 0.7333333333333333, ""transport"": 0.6666666666666666}",3,0.9297062343434459,,,"[""energy"", ""transport""]",1,v1.0,0.7,0.3
S4_water_partial,29,29,6413856347726543668,scenario=S4_water_partial|method=both|duration=0|theta=0.300000|delta_threshold=0.100000|A=v1.0|w=na|run_id=29|seed=6413856347726543668,False,"{""step_1_amount"": 0.8085992841622165}",5222c37788a096d3910624247b4a1e76a3afcfe0df2ea7ddd6490cebc16a26a9,0.44666666666666677,0.7959940145511377,0.34932734788447095,28,0.0,1.0,0.44666666666666677,0.7959940145511377,1,1,0.34932734788447095,"{""energy"": 0.6666666666666667, ""water"": 0.2666666666666667, ""transport"": 0.33333333333333337}","{""energy"": 0.8188164877072208, ""water"": 1.0, ""transport"": 0.5615580648941645}","{""energy"": 0.15214982104055408, ""water"": 0.7333333333333333, ""transport"": 0.22822473156083112}","{""energy"": 0.0, ""water"": 0.0, ""transport"": 0.0}","{""energy"": 1.0, ""water"": 1.0, ""transport"": 1.0}","{""energy"": 1.0, ""water"": 1.0, ""transport"": 1.0}",0.3,0.1,,0.44666666666666677,1.0,0.5533333333333332,1,"{""energy"": 0.6666666666666667, ""water"": 0.2666666666666667, ""transport"": 0.33333333333333337}","{""energy"": 1.0, ""water"": 1.0, ""transport"": 1.0}","{""energy"": 0.33333333333333326, ""water"": 0.7333333333333333, ""transport"": 0.6666666666666666}",3,0.7959940145511377,,,"[""energy"", ""transport""]",1,v1.0,0.7,0.3
S4_water_partial,30,30,12627893614935164751,scenario=S4_water_partial|method=both|duration=0|theta=0.300000|delta_threshold=0.100000|A=v1.0|w=na|run_id=30|seed=12627893614935164751,False,"{""step_1_amount"": 0.894216948739696}",5222c37788a096d3910624247b4a1e76a3afcfe0df2ea7ddd6490cebc16a26a9,0.44666666666666677,0.8141877682738521,0.3675211016071853,9,0.0,1.0,0.44666666666666677,0.8141877682738521,1,1,0.3675211016071853,"{""energy"": 0.6666666666666667, ""water"": 0.2666666666666667, ""transport"": 0.33333333333333337}","{""energy"": 0.8402209038515908, ""water"": 1.0, ""transport"": 0.5936646891107193}","{""energy"": 0.17355423718492402, ""water"": 0.7333333333333333, ""transport"": 0.260331355777386}","{""energy"": 0.0, ""water"": 0.0, ""transport"": 0.0}","{""energy"": 1.0, ""water"": 1.0, ""transport"": 1.0}","{""energy"": 1.0, ""water"": 1.0, ""transport"": 1.0}",0.3,0.1,,0.44666666666666677,1.0,0.5533333333333332,1,"{""energy"": 0.6666666666666667, ""water"": 0.2666666666666667, ""transport"": 0.33333333333333337}","{""energy"": 1.0, ""water"": 1.0, ""transport"": 1.0}","{""energy"": 0.33333333333333326, ""water"": 0.7333333333333333, ""transport"": 0.6666666666666666}",3,0.8141877682738521,,,"[""energy"", ""transport""]",1,v1.0,0.7,0.3
S4_water_partial,31,31,909690535146821269,scenario=S4_water_partial|method=both|duration=0|theta=0.300000|delta_threshold=0.100000|A=v1.0|w=na|run_id=31|seed=909690535146821269,False,"{""step_1_amount"": 0.5811862492884632}",5222c37788a096d3910624247b4a1e76a3afcfe0df2ea7ddd6490cebc16a26a9,0.44666666666666677,0.6706135881236388,0.22394692145697204,19,0.0,0.0,0.44666666666666677,0.6706135881236388,0,1,0.22394692145697204,"{""energy"": 0.6666666666666667, ""water"": 0.2666666666666667, ""transport"": 0.33333333333333337}","{""energy"": 0.7619632289887825, ""water"": 0.7431494782772456, ""transport"": 0.4762781768165071}","{""energy"": 0.09529656232211581, ""water"": 0.4764828116105789, ""transport"": 0.1429448434831737}","{""energy"": 0.0, ""water"": 0.0, ""transport"": 0.0}","{""energy"": 0.0, ""water"": 0.0, ""transport"": 0.0}","{""energy"": 0.0, ""water"": 0.0, ""transport"": 0.0}",0.3,0.1,,0.44666666666666677,1.0,0.5533333333333332,1,"{""energy"": 0.6666666666666667, ""water"": 0.2666666666666667, ""transport"": 0.33333333333333337}","{""energy"": 1.0, ""water"": 1.0, ""transport"": 1.0}","{""energy"": 0.33333333333333326, ""water"": 0.7333333333333333, ""transport"": 0.6666666666666666}",3,0.6706135881236388,,,[],,v1.0,0.7,0.3
S4_water_partial,32,32,17791115670937532745,scenario=S4_water_partial|method=both|duration=0|theta=0.300000|delta_threshold=0.100000|A=v1.0|w=na|run_id=32|seed=17791115670937532745,False,"{""step_1_amount"": 0.49689168384239346}",5222c37788a096d3910624247b4a1e76a3afcfe0df2ea7ddd6490cebc16a26a9,0.44666666666666677,0.6210905309240728,0.17442386425740608,17,0.0,0.0,0.44666666666666677,0.6210905309240728,0,1,0.17442386425740608,"{""energy"": 0.6666666666666667, ""water"": 0.2666666666666667, ""transport"": 0.33333333333333337}","{""energy"": 0.7408895876272651, ""water"": 0.6377812714696585, ""transport"": 0.4446677147742309}","{""energy"": 0.07422292096059835, ""water"": 0.37111460480299174, ""transport"": 0.11133438144089752}","{""energy"": 0.0, ""water"": 0.0, ""transport"": 0.0}","{""energy"": 0.0, ""water"": 0.0, ""transport"": 0.0}","{""energy"": 0.0, ""water"": 0.0, ""transport"": 0.0}",0.3,0.1,,0.44666666666666677,1.0,0.5533333333333332,1,"{""energy"": 0.6666666666666667, ""water"": 0.2666666666666667, ""transport"": 0.33333333333333337}","{""energy"": 1.0, ""water"": 1.0, ""transport"": 1.0}","{""energy"": 0.33333333333333326, ""water"": 0.7333333333333333, ""transport"": 0.6666666666666666}",3,0.6210905309240728,,,[],,v1.0,0.7,0.3
S4_water_partial,33,33,10347521973348156400,scenario=S4_water_partial|method=both|duration=0|theta=0.300000|delta_threshold=0.100000|A=v1.0|w=na|run_id=33|seed=10347521973348156400,False,"{""step_1_amount"": 1.4529870028426373}",5222c37788a096d3910624247b4a1e76a3afcfe0df2ea7ddd6490cebc16a26a9,0.44666666666666677,0.9421671131657273,0.49550044649906055,23,0.0,1.0,0.44666666666666677,0.9421671131657273,1,1,0.49550044649906055,"{""energy"": 0.6666666666666667, ""water"": 0.2666666666666667, ""transport"": 0.33333333333333337}","{""energy"": 0.9420241284517101, ""water"": 1.0, ""transport"": 0.884524872616811}","{""energy"": 0.2753574617850434, ""water"": 0.7333333333333333, ""transport"": 0.5511915392834776}","{""energy"": 0.0, ""water"": 0.0, ""transport"": 0.0}","{""energy"": 1.0, ""water"": 1.0, ""transport"": 1.0}","{""energy"": 1.0, ""water"": 1.0, ""transport"": 1.0}",0.3,0.1,,0.44666666666666677,1.0,0.5533333333333332,1,"{""energy"": 0.6666666666666667, ""water"": 0.2666666666666667, ""transport"": 0.33333333333333337}","{""energy"": 1.0, ""water"": 1.0, ""transport"": 1.0}","{""energy"": 0.33333333333333326, ""water"": 0.7333333333333333, ""transport"": 0.6666666666666666}",3,0.9421671131657273,,,"[""energy"", ""transport""]",1,v1.0,0.7,0.3
S4_water_partial,34,34,17202410043010978944,scenario=S4_water_partial|method=both|duration=0|theta=0.300000|delta_threshold=0.100000|A=v1.0|w=na|run_id=34|seed=17202410043010978944,False,"{""step_1_amount"": 0.5993949890118656}",5222c37788a096d3910624247b4a1e76a3afcfe0df2ea7ddd6490cebc16a26a9,0.44666666666666677,0.6813112227111378,0.234644556044471,17,0.0,0.0,0.44666666666666677,0.6813112227111378,0,1,0.234644556044471,"{""energy"": 0.6666666666666667, ""water"": 0.2666666666666667, ""transport"": 0.33333333333333337}","{""energy"": 0.7665154139196332, ""water"": 0.7659104029314987, ""transport"": 0.483106454212783}","{""energy"": 0.09984874725296644, ""water"": 0.499243736264832, ""transport"": 0.1497731208794496}","{""energy"": 0.0, ""water"": 0.0, ""transport"": 0.0}","{""energy"": 0.0, ""water"": 0.0, ""transport"": 0.0}","{""energy"": 0.0, ""water"": 0.0, ""transport"": 0.0}",0.3,0.1,,0.44666666666666677,1.0,0.5533333333333332,1,"{""energy"": 0.6666666666666667, ""water"": 0.2666666666666667, ""transport"": 0.33333333333333337}","{""energy"": 1.0, ""water"": 1.0, ""transport"": 1.0}","{""energy"": 0.33333333333333326, ""water"": 0.7333333333333333, ""transport"": 0.6666666666666666}",3,0.6813112227111378,,,[],,v1.0,0.7,0.3
S4_water_partial,35,35,841781259846663069,scenario=S4_water_partial|method=both|duration=0|theta=0.300000|delta_threshold=0.100000|A=v1.0|w=na|run_id=35|seed=841781259846663069,False,"{""step_1_amount"": 0.7522821426109865}",5222c37788a096d3910624247b4a1e76a3afcfe0df2ea7ddd6490cebc16a26a9,0.44666666666666677,0.7711324254506213,0.32446575878395456,27,0.0,0.0,0.44666666666666677,0.7711324254506213,0,1,0.32446575878395456,"{""energy"": 0.6666666666666667, ""water"": 0.2666666666666667, ""transport"": 0.33333333333333337}","{""energy"": 0.8047372023194134, ""water"": 0.9570193449303999, ""transport"": 0.5404391368124533}","{""energy"": 0.13807053565274663, ""water"": 0.6903526782637331, ""transport"": 0.2071058034791199}","{""energy"": 0.0, ""water"": 0.0, ""transport"": 0.0}","{""energy"": 0.0, ""water"": 0.0, ""transport"": 0.0}","{""energy"": 0.0, ""water"": 0.0, ""transport"": 0.0}",0.3,0.1,,0.44666666666666677,1.0,0.5533333333333332,1,"{""energy"": 0.6666666666666667, ""water"": 0.2666666666666667, ""transport"": 0.33333333333333337}","{""energy"": 1.0, ""water"": 1.0, ""transport"": 1.0}","{""energy"": 0.33333333333333326, ""water"": 0.7333333333333333, ""transport"": 0.6666666666666666}",3,0.7711324254506213,,,[],,v1.0,0.7,0.3
S4_water_partial,36,36,12058017244859475611,scenario=S4_water_partial|method=both|duration=0|theta=0.300000|delta_threshold=0.100000|A=v1.0|w=na|run_id=36|seed=12058017244859475611,False,"{""step_1_amount"": 0.44344408343374153}",5222c37788a096d3910624247b4a1e76a3afcfe0df2ea7ddd6490cebc16a26a9,0.44666666666666677,0.5896900656839899,0.14302339901732308,24,0.0,0.0,0.44666666666666677,0.5896900656839899,0,0,0.14302339901732308,"{""energy"": 0.6666666666666667, ""water"": 0.2666666666666667, ""transport"": 0.33333333333333337}","{""energy"": 0.7275276875251021, ""water"": 0.5709717709588435, ""transport"": 0.4246248646209864}","{""energy"": 0.060861020858435366, ""water"": 0.30430510429217683, ""transport"": 0.09129153128765305}","{""energy"": 0.0, ""water"": 0.0, ""transport"": 0.0}","{""energy"": 0.0, ""water"": 0.0, ""transport"": 0.0}","{""energy"": 0.0, ""water"": 0.0, ""transport"": 0.0}",0.3,0.1,,0.44666666666666677,1.0,0.5533333333333332,1,"{""energy"": 0.6666666666666667, ""water"": 0.2666666666666667, ""transport"": 0.33333333333333337}","{""energy"": 1.0, ""water"": 1.0, ""transport"": 1.0}","{""energy"": 0.33333333333333326, ""water"": 0.7333333333333333, ""transport"": 0.6666666666666666}",4,0.5896900656839899,,,[],,v1.0,0.7,0.3
S4_water_partial,37,37,13685498511174957915,scenario=S4_water_partial|method=both|duration=0|theta=0.300000|delta_threshold=0.100000|A=v1.0|w=na|run_id=37|seed=13685498511174957915,False,"{""step_1_amount"": 0.6188346639421406}",5222c37788a096d3910624247b4a1e76a3afcfe0df2ea7ddd6490cebc16a26a9,0.44666666666666677,0.6927320317326744,0.24606536506600762,12,0.0,0.0,0.44666666666666677,0.6927320317326744,0,1,0.24606536506600762,"{""energy"": 0.6666666666666667, ""water"": 0.2666666666666667, ""transport"": 0.33333333333333337}","{""energy"": 0.7713753326522019, ""water"": 0.7902099965943425, ""transport"": 0.49039633231163615}","{""energy"": 0.10470866598553519, ""water"": 0.5235433299276758, ""transport"": 0.15706299897830278}","{""energy"": 0.0, ""water"": 0.0, ""transport"": 0.0}","{""energy"": 0.0, ""water"": 0.0, ""transport"": 0.0}","{""energy"": 0.0, ""water"": 0.0, ""transport"": 0.0}",0.3,0.1,,0.44666666666666677,1.0,0.5533333333333332,1,"{""energy"": 0.6666666666666667, ""water"": 0.2666666666666667, ""transport"": 0.33333333333333337}","{""energy"": 1.0, ""water"": 1.0, ""transport"": 1.0}","{""energy"": 0.33333333333333326, ""water"": 0.7333333333333333, ""transport"": 0.6666666666666666}",3,0.6927320317326744,,,[],,v1.0,0.7,0.3
S4_water_partial,38,38,4940284560367536149,scenario=S4_water_partial|method=both|duration=0|theta=0.300000|delta_threshold=0.100000|A=v1.0|w=na|run_id=38|seed=4940284560367536149,False,"{""step_1_amount"": 0.9464043742841548}",5222c37788a096d3910624247b4a1e76a3afcfe0df2ea7ddd6490cebc16a26a9,0.44666666666666677,0.8252775962020495,0.3786109295353828,17,0.0,1.0,0.44666666666666677,0.8252775962020495,1,1,0.3786109295353828,"{""energy"": 0.6666666666666667, ""water"": 0.2666666666666667, ""transport"": 0.33333333333333337}","{""energy"": 0.8532677602377055, ""water"": 1.0, ""transport"": 0.6132349736898914}","{""energy"": 0.1866010935710387, ""water"": 0.7333333333333333, ""transport"": 0.27990164035655807}","{""energy"": 0.0, ""water"": 0.0, ""transport"": 0.0}","{""energy"": 1.0, ""water"": 1.0, ""transport"": 1.0}","{""energy"": 1.0, ""water"": 1.0, ""transport"": 1.0}",0.3,0.1,,0.44666666666666677,1.0,0.5533333333333332,1,"{""energy"": 0.6666666666666667, ""water"": 0.2666666666666667, ""transport"": 0.33333333333333337}","{""energy"": 1.0, ""water"": 1.0, ""transport"": 1.0}","{""energy"": 0.33333333333333326, ""water"": 0.7333333333333333, ""transport"": 0.6666666666666666}",3,0.8252775962020495,,,"[""energy"", ""transport""]",1,v1.0,0.7,0.3
S4_water_partial,39,39,11740285691425283413,scenario=S4_water_partial|method=both|duration=0|theta=0.300000|delta_threshold=0.100000|A=v1.0|w=na|run_id=39|seed=11740285691425283413,False,"{""step_1_amount"": 1.1202570556436755}",5222c37788a096d3910624247b4a1e76a3afcfe0df2ea7ddd6490cebc16a26a9,0.44666666666666677,0.8366666666666667,0.3899999999999999,6,0.0,1.0,0.44666666666666677,0.8366666666666667,1,1,0.3899999999999999,"{""energy"": 0.6666666666666667, ""water"": 0.2666666666666667, ""transport"": 0.33333333333333337}","{""energy"": 0.8666666666666667, ""water"": 1.0, ""transport"": 0.6333333333333333}","{""energy"": 0.19999999999999996, ""water"": 0.7333333333333333, ""transport"": 0.29999999999999993}","{""energy"": 0.0, ""water"": 0.0, ""transport"": 0.0}","{""energy"": 1.0, ""water"": 1.0, ""transport"": 1.0}","{""energy"": 1.0, ""water"": 1.0, ""transport"": 1.0}",0.3,0.1,,0.44666666666666677,1.0,0.5533333333333332,1,"{""energy"": 0.6666666666666667, ""water"": 0.2666666666666667, ""transport"": 0.33333333333333337}","{""energy"": 1.0, ""water"": 1.0, ""transport"": 1.0}","{""energy"": 0.33333333333333326, ""water"": 0.7333333333333333, ""transport"": 0.6666666666666666}",3,0.8366666666666667,,,"[""energy"", ""transport""]",1,v1.0,0.7,0.3
S4_water_partial,40,40,17360560650164099058,scenario=S4_water_partial|method=both|duration=0|theta=0.300000|delta_threshold=0.100000|A=v1.0|w=na|run_id=40|seed=17360560650164099058,False,"{""step_1_amount"": 0.797861640768382}",5222c37788a096d3910624247b4a1e76a3afcfe0df2ea7ddd6490cebc16a26a9,0.44666666666666677,0.807248981732291,0.3605823150656242,11,0.0,1.0,0.44666666666666677,0.807248981732291,1,1,0.3605823150656242,"{""energy"": 0.6666666666666667, ""water"": 0.2666666666666667, ""transport"": 0.33333333333333337}","{""energy"": 0.832057625567401, ""water"": 1.0, ""transport"": 0.5814197716844348}","{""energy"": 0.1653909589007343, ""water"": 0.7333333333333333, ""transport"": 0.24808643835110145}","{""energy"": 0.0, ""water"": 0.0, ""transport"": 0.0}","{""energy"": 1.0, ""water"": 1.0, ""transport"": 1.0}","{""energy"": 1.0, ""water"": 1.0, ""transport"": 1.0}",0.3,0.1,,0.44666666666666677,1.0,0.5533333333333332,1,"{""energy"": 0.6666666666666667, ""water"": 0.2666666666666667, ""transport"": 0.33333333333333337}","{""energy"": 1.0, ""water"": 1.0, ""transport"": 1.0}","{""energy"": 0.33333333333333326, ""water"": 0.7333333333333333, ""transport"": 0.6666666666666666}",3,0.807248981732291,,,"[""energy"", ""transport""]",1,v1.0,0.7,0.3
S4_water_partial,41,41,16036444718172029513,scenario=S4_water_partial|method=both|duration=0|theta=0.300000|delta_threshold=0.100000|A=v1.0|w=na|run_id=41|seed=16036444718172029513,False,"{""step_1_amount"": 0.5635773382739099}",5222c37788a096d3910624247b4a1e76a3afcfe0df2ea7ddd6490cebc16a26a9,0.44666666666666677,0.9361996428418857,0.48953297617521896,15,0.0,0.0,0.44666666666666677,0.9361996428418857,0,1,0.48953297617521896,"{""energy"": 0.6666666666666667, ""water"": 0.2666666666666667, ""transport"": 0.33333333333333337}","{""energy"": 0.9522839020603304, ""water"": 0.850953606725845, ""transport"": 1.0}","{""energy"": 0.2856172353936637, ""water"": 0.5842869400591783, ""transport"": 0.6666666666666666}","{""energy"": 0.0, ""water"": 0.0, ""transport"": 0.0}","{""energy"": 0.0, ""water"": 0.0, ""transport"": 0.0}","{""energy"": 0.0, ""water"": 0.0, ""transport"": 0.0}",0.3,0.1,,0.44666666666666677,1.0,0.5533333333333332,1,"{""energy"": 0.6666666666666667, ""water"": 0.2666666666666667, ""transport"": 0.33333333333333337}","{""energy"": 1.0, ""water"": 1.0, ""transport"": 1.0}","{""energy"": 0.33333333333333326, ""water"": 0.7333333333333333, ""transport"": 0.6666666666666666}",3,0.9361996428418857,,,[],,v1.0,0.7,0.3
S4_water_partial,42,42,11652405765506262032,scenario=S4_water_partial|method=both|duration=0|theta=0.300000|delta_threshold=0.100000|A=v1.0|w=na|run_id=42|seed=11652405765506262032,False,"{""step_1_amount"": 1.0199059612961547}",5222c37788a096d3910624247b4a1e76a3afcfe0df2ea7ddd6490cebc16a26a9,0.44666666666666677,0.8366666666666667,0.3899999999999999,10,0.0,1.0,0.44666666666666677,0.8366666666666667,1,1,0.3899999999999999,"{""energy"": 0.6666666666666667, ""water"": 0.2666666666666667, ""transport"": 0.33333333333333337}","{""energy"": 0.8666666666666667, ""water"": 1.0, ""transport"": 0.6333333333333333}","{""energy"": 0.19999999999999996, ""water"": 0.7333333333333333, ""transport"": 0.29999999999999993}","{""energy"": 0.0, ""water"": 0.0, ""transport"": 0.0}","{""energy"": 1.0, ""water"": 1.0, ""transport"": 1.0}","{""energy"": 1.0, ""water"": 1.0, ""transport"": 1.0}",0.3,0.1,,0.44666666666666677,1.0,0.5533333333333332,1,"{""energy"": 0.6666666666666667, ""water"": 0.2666666666666667, ""transport"": 0.33333333333333337}","{""energy"": 1.0, ""water"": 1.0, ""transport"": 1.0}","{""energy"": 0.33333333333333326, ""water"": 0.7333333333333333, ""transport"": 0.6666666666666666}",3,0.8366666666666667,,,"[""energy"", ""transport""]",1,v1.0,0.7,0.3
S4_water_partial,43,43,2850560672235176225,scenario=S4_water_partial|method=both|duration=0|theta=0.300000|delta_threshold=0.100000|A=v1.0|w=na|run_id=43|seed=2850560672235176225,False,"{""step_1_amount"": 0.48066535390166854}",5222c37788a096d3910624247b4a1e76a3afcfe0df2ea7ddd6490cebc16a26a9,0.44666666666666677,0.611557562083897,0.16489089541723023,20,0.0,0.0,0.44666666666666677,0.611557562083897,0,1,0.16489089541723023,"{""energy"": 0.6666666666666667, ""water"": 0.2666666666666667, ""transport"": 0.33333333333333337}","{""energy"": 0.7368330051420839, ""water"": 0.6174983590437524, ""transport"": 0.43858284104645906}","{""energy"": 0.0701663384754172, ""water"": 0.35083169237708567, ""transport"": 0.10524950771312569}","{""energy"": 0.0, ""water"": 0.0, ""transport"": 0.0}","{""energy"": 0.0, ""water"": 0.0, ""transport"": 0.0}","{""energy"": 0.0, ""water"": 0.0, ""transport"": 0.0}",0.3,0.1,,0.44666666666666677,1.0,0.5533333333333332,1,"{""energy"": 0.6666666666666667, ""water"": 0.2666666666666667, ""transport"": 0.33333333333333337}","{""energy"": 1.0, ""water"": 1.0, ""transport"": 1.0}","{""energy"": 0.33333333333333326, ""water"": 0.7333333333333333, ""transport"": 0.6666666666666666}",4,0.611557562083897,,,[],,v1.0,0.7,0.3
S4_water_partial,44,44,10810536567327217450,scenario=S4_water_partial|method=both|duration=0|theta=0.300000|delta_threshold=0.100000|A=v1.0|w=na|run_id=44|seed=10810536567327217450,False,"{""step_1_amount"": 0.7138809813212256}",5222c37788a096d3910624247b4a1e76a3afcfe0df2ea7ddd6490cebc16a26a9,0.44666666666666677,0.7485717431928868,0.30190507652622,28,0.0,0.0,0.44666666666666677,0.7485717431928868,0,1,0.30190507652622,"{""energy"": 0.6666666666666667, ""water"": 0.2666666666666667, ""transport"": 0.33333333333333337}","{""energy"": 0.7951369119969731, ""water"": 0.9090178933181987, ""transport"": 0.5260387013287929}","{""energy"": 0.12847024533030638, ""water"": 0.642351226651532, ""transport"": 0.19270536799545956}","{""energy"": 0.0, ""water"": 0.0, ""transport"": 0.0}","{""energy"": 0.0, ""water"": 0.0, ""transport"": 0.0}","{""energy"": 0.0, ""water"": 0.0, ""transport"": 0.0}",0.3,0.1,,0.44666666666666677,1.0,0.5533333333333332,1,"{""energy"": 0.6666666666666667, ""water"": 0.2666666666666667, ""transport"": 0.33333333333333337}","{""energy"": 1.0, ""water"": 1.0, ""transport"": 1.0}","{""energy"": 0.33333333333333326, ""water"": 0.7333333333333333, ""transport"": 0.6666666666666666}",3,0.7485717431928868,,,[],,v1.0,0.7,0.3
S4_water_partial,45,45,9766553461246277721,scenario=S4_water_partial|method=both|duration=0|theta=0.300000|delta_threshold=0.100000|A=v1.0|w=na|run_id=45|seed=9766553461246277721,False,"{""step_1_amount"": 0.7674233424104885}",5222c37788a096d3910624247b4a1e76a3afcfe0df2ea7ddd6490cebc16a26a9,0.44666666666666677,0.896910254811148,0.4502435881444813,27,0.0,1.0,0.44666666666666677,0.896910254811148,1,1,0.4502435881444813,"{""energy"": 0.6666666666666667, ""water"": 0.2666666666666667, ""transport"": 0.33333333333333337}","{""energy"": 0.8868554507566121, ""water"": 1.0, ""transport"": 0.8072269150283439}","{""energy"": 0.22018878408994536, ""water"": 0.7333333333333333, ""transport"": 0.4738935816950105}","{""energy"": 0.0, ""water"": 0.0, ""transport"": 0.0}","{""energy"": 1.0, ""water"": 1.0, ""transport"": 1.0}","{""energy"": 1.0, ""water"": 1.0, ""transport"": 1.0}",0.3,0.1,,0.44666666666666677,1.0,0.5533333333333332,1,"{""energy"": 0.6666666666666667, ""water"": 0.2666666666666667, ""transport"": 0.33333333333333337}","{""energy"": 1.0, ""water"": 1.0, ""transport"": 1.0}","{""energy"": 0.33333333333333326, ""water"": 0.7333333333333333, ""transport"": 0.6666666666666666}",3,0.896910254811148,,,"[""energy"", ""transport""]",1,v1.0,0.7,0.3
S4_water_partial,46,46,8486792860555470012,scenario=S4_water_partial|method=both|duration=0|theta=0.300000|delta_threshold=0.100000|A=v1.0|w=na|run_id=46|seed=8486792860555470012,False,"{""step_1_amount"": 0.5050231841046766}",5222c37788a096d3910624247b4a1e76a3afcfe0df2ea7ddd6490cebc16a26a9,0.44666666666666677,0.9077688026695057,0.4611021360028389,24,0.0,0.0,0.44666666666666677,0.9077688026695057,0,1,0.4611021360028389,"{""energy"": 0.6666666666666667, ""water"": 0.2666666666666667, ""transport"": 0.33333333333333337}","{""energy"": 0.9366160019480316, ""water"": 0.777074672967643, ""transport"": 1.0}","{""energy"": 0.2699493352813649, ""water"": 0.5104080063009763, ""transport"": 0.6666666666666666}","{""energy"": 0.0, ""water"": 0.0, ""transport"": 0.0}","{""energy"": 0.0, ""water"": 0.0, ""transport"": 0.0}","{""energy"": 0.0, ""water"": 0.0, ""transport"": 0.0}",0.3,0.1,,0.44666666666666677,1.0,0.5533333333333332,1,"{""energy"": 0.6666666666666667, ""water"": 0.2666666666666667, ""transport"": 0.33333333333333337}","{""energy"": 1.0, ""water"": 1.0, ""transport"": 1.0}","{""energy"": 0.33333333333333326, ""water"": 0.7333333333333333, ""transport"": 0.6666666666666666}",3,0.9077688026695057,,,[],,v1.0,0.7,0.3
S4_water_partial,47,47,14718045167175309202,scenario=S4_water_partial|method=both|duration=0|theta=0.300000|delta_threshold=0.100000|A=v1.0|w=na|run_id=47|seed=14718045167175309202,False,"{""step_1_amount"": 0.8716143514596846}",5222c37788a096d3910624247b4a1e76a3afcfe0df2ea7ddd6490cebc16a26a9,0.44666666666666677,1.0,0.5533333333333332,17,0.0,1.0,0.44666666666666677,1.0,1,1,0.5533333333333332,"{""energy"": 0.6666666666666667, ""water"": 0.2666666666666667, ""transport"": 0.33333333333333337}","{""energy"": 1.0, ""water"": 1.0, ""transport"": 1.0}","{""energy"": 0.33333333333333326, ""water"": 0.7333333333333333, ""transport"": 0.6666666666666666}","{""energy"": 0.0, ""water"": 0.0, ""transport"": 0.0}","{""energy"": 1.0, ""water"": 1.0, ""transport"": 1.0}","{""energy"": 1.0, ""water"": 1.0, ""transport"": 1.0}",0.3,0.1,,0.44666666666666677,1.0,0.5533333333333332,1,"{""energy"": 0.6666666666666667, ""water"": 0.2666666666666667, ""transport"": 0.33333333333333337}","{""energy"": 1.0, ""water"": 1.0, ""transport"": 1.0}","{""energy"": 0.33333333333333326, ""water"": 0.7333333333333333, ""transport"": 0.6666666666666666}",2,1.0,,,"[""energy"", ""transport""]",1,v1.0,0.7,0.3
S4_water_partial,48,48,11348723768287533545,scenario=S4_water_partial|method=both|duration=0|theta=0.300000|delta_threshold=0.100000|A=v1.0|w=na|run_id=48|seed=11348723768287533545,False,"{""step_1_amount"": 0.5249882269142111}",5222c37788a096d3910624247b4a1e76a3afcfe0df2ea7ddd6490cebc16a26a9,0.44666666666666677,0.6375972499787658,0.190930583312099,15,0.0,0.0,0.44666666666666677,0.6375972499787658,0,1,0.190930583312099,"{""energy"": 0.6666666666666667, ""water"": 0.2666666666666667, ""transport"": 0.33333333333333337}","{""energy"": 0.7479137233952196, ""water"": 0.6729019503094306, ""transport"": 0.45520391842616253}","{""energy"": 0.08124705672855281, ""water"": 0.40623528364276384, ""transport"": 0.12187058509282916}","{""energy"": 0.0, ""water"": 0.0, ""transport"": 0.0}","{""energy"": 0.0, ""water"": 0.0, ""transport"": 0.0}","{""energy"": 0.0, ""water"": 0.0, ""transport"": 0.0}",0.3,0.1,,0.44666666666666677,1.0,0.5533333333333332,1,"{""energy"": 0.6666666666666667, ""water"": 0.2666666666666667, ""transport"": 0.33333333333333337}","{""energy"": 1.0, ""water"": 1.0, ""transport"": 1.0}","{""energy"": 0.33333333333333326, ""water"": 0.7333333333333333, ""transport"": 0.6666666666666666}",3,0.6375972499787658,,,[],,v1.0,0.7,0.3
S4_water_partial,49,49,1110684862360046755,scenario=S4_water_partial|method=both|duration=0|theta=0.300000|delta_threshold=0.100000|A=v1.0|w=na|run_id=49|seed=1110684862360046755,False,"{""step_1_amount"": 1.3350774864841997}",5222c37788a096d3910624247b4a1e76a3afcfe0df2ea7ddd6490cebc16a26a9,0.44666666666666677,0.8366666666666667,0.3899999999999999,5,0.0,1.0,0.44666666666666677,0.8366666666666667,1,1,0.3899999999999999,"{""energy"": 0.6666666666666667, ""water"": 0.2666666666666667, ""transport"": 0.33333333333333337}","{""energy"": 0.8666666666666667, ""water"": 1.0, ""transport"": 0.6333333333333333}","{""energy"": 0.19999999999999996, ""water"": 0.7333333333333333, ""transport"": 0.29999999999999993}","{""energy"": 0.0, ""water"": 0.0, ""transport"": 0.0}","{""energy"": 1.0, ""water"": 1.0, ""transport"": 1.0}","{""energy"": 1.0, ""water"": 1.0, ""transport"": 1.0}",0.3,0.1,,0.44666666666666677,1.0,0.5533333333333332,1,"{""energy"": 0.6666666666666667, ""water"": 0.2666666666666667, ""transport"": 0.33333333333333337}","{""energy"": 1.0, ""water"": 1.0, ""transport"": 1.0}","{""energy"": 0.33333333333333326, ""water"": 0.7333333333333333, ""transport"": 0.6666666666666666}",3,0.8366666666666667,,,"[""energy"", ""transport""]",1,v1.0,0.7,0.3
S4_water_partial,50,50,5741775707253652681,scenario=S4_water_partial|method=both|duration=0|theta=0.300000|delta_threshold=0.100000|A=v1.0|w=na|run_id=50|seed=5741775707253652681,False,"{""step_1_amount"": 0.40411346476161525}",5222c37788a096d3910624247b4a1e76a3afcfe0df2ea7ddd6490cebc16a26a9,0.44666666666666677,0.6957135663341676,0.24904689966750082,22,0.0,0.0,0.44666666666666677,0.6957135663341676,0,1,0.24904689966750082,"{""energy"": 0.6666666666666667, ""water"": 0.2666666666666667, ""transport"": 0.33333333333333337}","{""energy"": 0.7984014323071029, ""water"": 0.5756127639187074, ""transport"": 0.678897214119047}","{""energy"": 0.13173476564043618, ""water"": 0.3089460972520407, ""transport"": 0.34556388078571365}","{""energy"": 0.0, ""water"": 0.0, ""transport"": 0.0}","{""energy"": 0.0, ""water"": 0.0, ""transport"": 0.0}","{""energy"": 0.0, ""water"": 0.0, ""transport"": 0.0}",0.3,0.1,,0.44666666666666677,1.0,0.5533333333333332,1,"{""energy"": 0.6666666666666667, ""water"": 0.2666666666666667, ""transport"": 0.33333333333333337}","{""energy"": 1.0, ""water"": 1.0, ""transport"": 1.0}","{""energy"": 0.33333333333333326, ""water"": 0.7333333333333333, ""transport"": 0.6666666666666666}",3,0.6957135663341676,,,[],,v1.0,0.7,0.3
S4_water_partial,51,51,4124506235195252065,scenario=S4_water_partial|method=both|duration=0|theta=0.300000|delta_threshold=0.100000|A=v1.0|w=na|run_id=51|seed=4124506235195252065,False,"{""step_1_amount"": 0.8944361727288664}",5222c37788a096d3910624247b4a1e76a3afcfe0df2ea7ddd6490cebc16a26a9,0.44666666666666677,0.9336435273005548,0.486976860633888,7,0.0,1.0,0.44666666666666677,0.9336435273005548,1,1,0.486976860633888,"{""energy"": 0.6666666666666667, ""water"": 0.2666666666666667, ""transport"": 0.33333333333333337}","{""energy"": 0.9285555192740711, ""water"": 1.0, ""transport"": 0.8740710653030875}","{""energy"": 0.26188885260740435, ""water"": 0.7333333333333333, ""transport"": 0.5407377319697542}","{""energy"": 0.0, ""water"": 0.0, ""transport"": 0.0}","{""energy"": 1.0, ""water"": 1.0, ""transport"": 1.0}","{""energy"": 1.0, ""water"": 1.0, ""transport"": 1.0}",0.3,0.1,,0.44666666666666677,1.0,0.5533333333333332,1,"{""energy"": 0.6666666666666667, ""water"": 0.2666666666666667, ""transport"": 0.33333333333333337}","{""energy"": 1.0, ""water"": 1.0, ""transport"": 1.0}","{""energy"": 0.33333333333333326, ""water"": 0.7333333333333333, ""transport"": 0.6666666666666666}",3,0.9336435273005548,,,"[""energy"", ""transport""]",1,v1.0,0.7,0.3
S4_water_partial,52,52,12033688272786432157,scenario=S4_water_partial|method=both|duration=0|theta=0.300000|delta_threshold=0.100000|A=v1.0|w=na|run_id=52|seed=12033688272786432157,False,"{""step_1_amount"": 0.4608564496173434}",5222c37788a096d3910624247b4a1e76a3afcfe0df2ea7ddd6490cebc16a26a9,0.44666666666666677,0.722348351139875,0.2756816844732082,12,0.0,0.0,0.44666666666666677,0.722348351139875,0,1,0.2756816844732082,"{""energy"": 0.6666666666666667, ""water"": 0.2666666666666667, ""transport"": 0.33333333333333337}","{""energy"": 0.8083986042728895, ""water"": 0.6437491121562706, ""transport"": 0.6862139192794601}","{""energy"": 0.1417319376062227, ""water"": 0.3770824454896039, ""transport"": 0.3528805859461267}","{""energy"": 0.0, ""water"": 0.0, ""transport"": 0.0}","{""energy"": 0.0, ""water"": 0.0, ""transport"": 0.0}","{""energy"": 0.0, ""water"": 0.0, ""transport"": 0.0}",0.3,0.1,,0.44666666666666677,1.0,0.5533333333333332,1,"{""energy"": 0.6666666666666667, ""water"": 0.2666666666666667, ""transport"": 0.33333333333333337}","{""energy"": 1.0, ""water"": 1.0, ""transport"": 1.0}","{""energy"": 0.33333333333333326, ""water"": 0.7333333333333333, ""transport"": 0.6666666666666666}",3,0.722348351139875,,,[],,v1.0,0.7,0.3
S4_water_partial,53,53,11546189266912442977,scenario=S4_water_partial|method=both|duration=0|theta=0.300000|delta_threshold=0.100000|A=v1.0|w=na|run_id=53|seed=11546189266912442977,False,"{""step_1_amount"": 0.6493245892165577}",5222c37788a096d3910624247b4a1e76a3afcfe0df2ea7ddd6490cebc16a26a9,0.44666666666666677,0.7106448628313944,0.2639781961647276,11,0.0,0.0,0.44666666666666677,0.7106448628313944,0,1,0.2639781961647276,"{""energy"": 0.6666666666666667, ""water"": 0.2666666666666667, ""transport"": 0.33333333333333337}","{""energy"": 0.7789978139708061, ""water"": 0.8283224031873638, ""transport"": 0.5018300542895425}","{""energy"": 0.1123311473041394, ""water"": 0.5616557365206971, ""transport"": 0.16849672095620916}","{""energy"": 0.0, ""water"": 0.0, ""transport"": 0.0}","{""energy"": 0.0, ""water"": 0.0, ""transport"": 0.0}","{""energy"": 0.0, ""water"": 0.0, ""transport"": 0.0}",0.3,0.1,,0.44666666666666677,1.0,0.5533333333333332,1,"{""energy"": 0.6666666666666667, ""water"": 0.2666666666666667, ""transport"": 0.33333333333333337}","{""energy"": 1.0, ""water"": 1.0, ""transport"": 1.0}","{""energy"": 0.33333333333333326, ""water"": 0.7333333333333333, ""transport"": 0.6666666666666666}",3,0.7106448628313944,,,[],,v1.0,0.7,0.3
S4_water_partial,54,54,5311542573671650603,scenario=S4_water_partial|method=both|duration=0|theta=0.300000|delta_threshold=0.100000|A=v1.0|w=na|run_id=54|seed=5311542573671650603,False,"{""step_1_amount"": 0.4531774617942726}",5222c37788a096d3910624247b4a1e76a3afcfe0df2ea7ddd6490cebc16a26a9,0.44666666666666677,0.697827052143553,0.25116038547688624,8,0.0,0.0,0.44666666666666677,0.697827052143553,0,1,0.25116038547688624,"{""energy"": 0.6666666666666667, ""water"": 0.2666666666666667, ""transport"": 0.33333333333333337}","{""energy"": 0.7939726737857044, ""water"": 0.6258129216898205, ""transport"": 0.6416470204077505}","{""energy"": 0.1273060071190376, ""water"": 0.3591462550231538, ""transport"": 0.3083136870744171}","{""energy"": 0.0, ""water"": 0.0, ""transport"": 0.0}","{""energy"": 0.0, ""water"": 0.0, ""transport"": 0.0}","{""energy"": 0.0, ""water"": 0.0, ""transport"": 0.0}",0.3,0.1,,0.44666666666666677,1.0,0.5533333333333332,1,"{""energy"": 0.6666666666666667, ""water"": 0.2666666666666667, ""transport"": 0.33333333333333337}","{""energy"": 1.0, ""water"": 1.0, ""transport"": 1.0}","{""energy"": 0.33333333333333326, ""water"": 0.7333333333333333, ""transport"": 0.6666666666666666}",3,0.697827052143553,,,[],,v1.0,0.7,0.3
S4_water_partial,55,55,3267442772181836608,scenario=S4_water_partial|method=both|duration=0|theta=0.300000|delta_threshold=0.100000|A=v1.0|w=na|run_id=55|seed=3267442772181836608,False,"{""step_1_amount"": 0.87033329283363}",5222c37788a096d3910624247b4a1e76a3afcfe0df2ea7ddd6490cebc16a26a9,0.44666666666666677,0.8091124913938131,0.36244582472714637,12,0.0,1.0,0.44666666666666677,0.8091124913938131,1,1,0.36244582472714637,"{""energy"": 0.6666666666666667, ""water"": 0.2666666666666667, ""transport"": 0.33333333333333337}","{""energy"": 0.8342499898750743, ""water"": 1.0, ""transport"": 0.5847083181459446}","{""energy"": 0.16758332320840752, ""water"": 0.7333333333333333, ""transport"": 0.2513749848126112}","{""energy"": 0.0, ""water"": 0.0, ""transport"": 0.0}","{""energy"": 1.0, ""water"": 1.0, ""transport"": 1.0}","{""energy"": 1.0, ""water"": 1.0, ""transport"": 1.0}",0.3,0.1,,0.44666666666666677,1.0,0.5533333333333332,1,"{""energy"": 0.6666666666666667, ""water"": 0.2666666666666667, ""transport"": 0.33333333333333337}","{""energy"": 1.0, ""water"": 1.0, ""transport"": 1.0}","{""energy"": 0.33333333333333326, ""water"": 0.7333333333333333, ""transport"": 0.6666666666666666}",3,0.8091124913938131,,,"[""energy"", ""transport""]",1,v1.0,0.7,0.3
S4_water_partial,56,56,8647406620607275838,scenario=S4_water_partial|method=both|duration=0|theta=0.300000|delta_threshold=0.100000|A=v1.0|w=na|run_id=56|seed=8647406620607275838,False,"{""step_1_amount"": 0.3393853137737375}",5222c37788a096d3910624247b4a1e76a3afcfe0df2ea7ddd6490cebc16a26a9,0.44666666666666677,0.5285555385087375,0.08188887184207072,27,0.0,0.0,0.44666666666666677,0.5285555385087375,0,0,0.08188887184207072,"{""energy"": 0.6666666666666667, ""water"": 0.2666666666666667, ""transport"": 0.33333333333333337}","{""energy"": 0.7015129951101011, ""water"": 0.4408983088838386, ""transport"": 0.38560282599848494}","{""energy"": 0.03484632844343438, ""water"": 0.17423164221717186, ""transport"": 0.05226949266515157}","{""energy"": 0.0, ""water"": 0.0, ""transport"": 0.0}","{""energy"": 0.0, ""water"": 0.0, ""transport"": 0.0}","{""energy"": 0.0, ""water"": 0.0, ""transport"": 0.0}",0.3,0.1,,0.44666666666666677,1.0,0.5533333333333332,1,"{""energy"": 0.6666666666666667, ""water"": 0.2666666666666667, ""transport"": 0.33333333333333337}","{""energy"": 1.0, ""water"": 1.0, ""transport"": 1.0}","{""energy"": 0.33333333333333326, ""water"": 0.7333333333333333, ""transport"": 0.6666666666666666}",4,0.5285555385087375,,,[],,v1.0,0.7,0.3
S4_water_partial,57,57,7454949612748248832,scenario=S4_water_partial|method=both|duration=0|theta=0.300000|delta_threshold=0.100000|A=v1.0|w=na|run_id=57|seed=7454949612748248832,False,"{""step_1_amount"": 0.31258555392227266}",5222c37788a096d3910624247b4a1e76a3afcfe0df2ea7ddd6490cebc16a26a9,0.44666666666666677,0.6167967617656949,0.1701300950990281,24,0.0,0.0,0.44666666666666677,0.6167967617656949,0,1,0.1701300950990281,"{""energy"": 0.6666666666666667, ""water"": 0.2666666666666667, ""transport"": 0.33333333333333337}","{""energy"": 0.7390624518151894, ""water"": 0.62864559240928, ""transport"": 0.4419270110561173}","{""energy"": 0.07239578514852263, ""water"": 0.36197892574261326, ""transport"": 0.10859367772278394}","{""energy"": 0.0, ""water"": 0.0, ""transport"": 0.0}","{""energy"": 0.0, ""water"": 0.0, ""transport"": 0.0}","{""energy"": 0.0, ""water"": 0.0, ""transport"": 0.0}",0.3,0.1,,0.44666666666666677,1.0,0.5533333333333332,1,"{""energy"": 0.6666666666666667, ""water"": 0.2666666666666667, ""transport"": 0.33333333333333337}","{""energy"": 1.0, ""water"": 1.0, ""transport"": 1.0}","{""energy"": 0.33333333333333326, ""water"": 0.7333333333333333, ""transport"": 0.6666666666666666}",4,0.6167967617656949,,,[],,v1.0,0.7,0.3
S4_water_partial,58,58,5028326982104737181,scenario=S4_water_partial|method=both|duration=0|theta=0.300000|delta_threshold=0.100000|A=v1.0|w=na|run_id=58|seed=5028326982104737181,False,"{""step_1_amount"": 0.8606489548401748}",5222c37788a096d3910624247b4a1e76a3afcfe0df2ea7ddd6490cebc16a26a9,0.44666666666666677,0.8070545695702038,0.36038790290353706,16,0.0,1.0,0.44666666666666677,0.8070545695702038,1,1,0.36038790290353706,"{""energy"": 0.6666666666666667, ""water"": 0.2666666666666667, ""transport"": 0.33333333333333337}","{""energy"": 0.8318289053767105, ""water"": 1.0, ""transport"": 0.5810766913983989}","{""energy"": 0.16516223871004376, ""water"": 0.7333333333333333, ""transport"": 0.24774335806506553}","{""energy"": 0.0, ""water"": 0.0, ""transport"": 0.0}","{""energy"": 1.0, ""water"": 1.0, ""transport"": 1.0}","{""energy"": 1.0, ""water"": 1.0, ""transport"": 1.0}",0.3,0.1,,0.44666666666666677,1.0,0.5533333333333332,1,"{""energy"": 0.6666666666666667, ""water"": 0.2666666666666667, ""transport"": 0.33333333333333337}","{""energy"": 1.0, ""water"": 1.0, ""transport"": 1.0}","{""energy"": 0.33333333333333326, ""water"": 0.7333333333333333, ""transport"": 0.6666666666666666}",3,0.8070545695702038,,,"[""energy"", ""transport""]",1,v1.0,0.7,0.3
S4_water_partial,59,59,8572128630902707358,scenario=S4_water_partial|method=both|duration=0|theta=0.300000|delta_threshold=0.100000|A=v1.0|w=na|run_id=59|seed=8572128630902707358,False,"{""step_1_amount"": 1.3783427015420886}",5222c37788a096d3910624247b4a1e76a3afcfe0df2ea7ddd6490cebc16a26a9,0.44666666666666677,0.9290260030465769,0.48235933637991013,7,0.0,1.0,0.44666666666666677,0.9290260030465769,1,1,0.48235933637991013,"{""energy"": 0.6666666666666667, ""water"": 0.2666666666666667, ""transport"": 0.33333333333333337}","{""energy"": 0.9326376212237455, ""water"": 1.0, ""transport"": 0.8532365151902623}","{""energy"": 0.26597095455707875, ""water"": 0.7333333333333333, ""transport"": 0.519903181856929}","{""energy"": 0.0, ""water"": 0.0, ""transport"": 0.0}","{""energy"": 1.0, ""water"": 1.0, ""transport"": 1.0}","{""energy"": 1.0, ""water"": 1.0, ""transport"": 1.0}",0.3,0.1,,0.44666666666666677,1.0,0.5533333333333332,1,"{""energy"": 0.6666666666666667, ""water"": 0.2666666666666667, ""transport"": 0.33333333333333337}","{""energy"": 1.0, ""water"": 1.0, ""transport"": 1.0}","{""energy"": 0.33333333333333326, ""water"": 0.7333333333333333, ""transport"": 0.6666666666666666}",3,0.9290260030465769,,,"[""energy"", ""transport""]",1,v1.0,0.7,0.3
S4_water_partial,60,60,1229984526848907376,scenario=S4_water_partial|method=both|duration=0|theta=0.300000|delta_threshold=0.100000|A=v1.0|w=na|run_id=60|seed=1229984526848907376,False,"{""step_1_amount"": 1.0670574796227592}",5222c37788a096d3910624247b4a1e76a3afcfe0df2ea7ddd6490cebc16a26a9,0.44666666666666677,0.938178584096077,0.49151191742941025,25,0.0,1.0,0.44666666666666677,0.938178584096077,1,1,0.49151191742941025,"{""energy"": 0.6666666666666667, ""water"": 0.2666666666666667, ""transport"": 0.33333333333333337}","{""energy"": 0.9391751791162455, ""water"": 1.0, ""transport"": 0.8750283748319293}","{""energy"": 0.27250851244957874, ""water"": 0.7333333333333333, ""transport"": 0.5416950414985959}","{""energy"": 0.0, ""water"": 0.0, ""transport"": 0.0}","{""energy"": 1.0, ""water"": 1.0, ""transport"": 1.0}","{""energy"": 1.0, ""water"": 1.0, ""transport"": 1.0}",0.3,0.1,,0.44666666666666677,1.0,0.5533333333333332,1,"{""energy"": 0.6666666666666667, ""water"": 0.2666666666666667, ""transport"": 0.33333333333333337}","{""energy"": 1.0, ""water"": 1.0, ""transport"": 1.0}","{""energy"": 0.33333333333333326, ""water"": 0.7333333333333333, ""transport"": 0.6666666666666666}",3,0.938178584096077,,,"[""energy"", ""transport""]",1,v1.0,0.7,0.3
S4_water_partial,61,61,8929698642429340292,scenario=S4_water_partial|method=both|duration=0|theta=0.300000|delta_threshold=0.100000|A=v1.0|w=na|run_id=61|seed=8929698642429340292,False,"{""step_1_amount"": 0.28526187915447343}",5222c37788a096d3910624247b4a1e76a3afcfe0df2ea7ddd6490cebc16a26a9,0.44666666666666677,0.4967580206699199,0.05009135400325315,20,0.0,0.0,0.44666666666666677,0.4967580206699199,0,0,0.05009135400325315,"{""energy"": 0.6666666666666667, ""water"": 0.2666666666666667, ""transport"": 0.33333333333333337}","{""energy"": 0.6879821364552852, ""water"": 0.37324401560975856, ""transport"": 0.3653065380162609}","{""energy"": 0.021315469788618424, ""water"": 0.10657734894309184, ""transport"": 0.031973204682927525}","{""energy"": 0.0, ""water"": 0.0, ""transport"": 0.0}","{""energy"": 0.0, ""water"": 0.0, ""transport"": 0.0}","{""energy"": 0.0, ""water"": 0.0, ""transport"": 0.0}",0.3,0.1,,0.44666666666666677,1.0,0.5533333333333332,1,"{""energy"": 0.6666666666666667, ""water"": 0.2666666666666667, ""transport"": 0.33333333333333337}","{""energy"": 1.0, ""water"": 1.0, ""transport"": 1.0}","{""energy"": 0.33333333333333326, ""water"": 0.7333333333333333, ""transport"": 0.6666666666666666}",4,0.4967580206699199,,,[],,v1.0,0.7,0.3
S4_water_partial,62,62,3764674457525266519,scenario=S4_water_partial|method=both|duration=0|theta=0.300000|delta_threshold=0.100000|A=v1.0|w=na|run_id=62|seed=3764674457525266519,False,"{""step_1_amount"": 0.9410427813436488}",5222c37788a096d3910624247b4a1e76a3afcfe0df2ea7ddd6490cebc16a26a9,0.44666666666666677,0.8241382577021921,0.3774715910355253,17,0.0,1.0,0.44666666666666677,0.8241382577021921,1,1,0.3774715910355253,"{""energy"": 0.6666666666666667, ""water"": 0.2666666666666667, ""transport"": 0.33333333333333337}","{""energy"": 0.8519273620025789, ""water"": 1.0, ""transport"": 0.6112243763372016}","{""energy"": 0.18526069533591216, ""water"": 0.7333333333333333, ""transport"": 0.27789104300386824}","{""energy"": 0.0, ""water"": 0.0, ""transport"": 0.0}","{""energy"": 1.0, ""water"": 1.0, ""transport"": 1.0}","{""energy"": 1.0, ""water"": 1.0, ""transport"": 1.0}",0.3,0.1,,0.44666666666666677,1.0,0.5533333333333332,1,"{""energy"": 0.6666666666666667, ""water"": 0.2666666666666667, ""transport"": 0.33333333333333337}","{""energy"": 1.0, ""water"": 1.0, ""transport"": 1.0}","{""energy"": 0.33333333333333326, ""water"": 0.7333333333333333, ""transport"": 0.6666666666666666}",3,0.8241382577021921,,,"[""energy"", ""transport""]",1,v1.0,0.7,0.3
S4_water_partial,63,63,7141325424481020265,scenario=S4_water_partial|method=both|duration=0|theta=0.300000|delta_threshold=0.100000|A=v1.0|w=na|run_id=63|seed=7141325424481020265,False,"{""step_1_amount"": 0.6373871701958037}",5222c37788a096d3910624247b4a1e76a3afcfe0df2ea7ddd6490cebc16a26a9,0.44666666666666677,0.7036316291567014,0.25696496249003464,28,0.0,0.0,0.44666666666666677,0.7036316291567014,0,1,0.25696496249003464,"{""energy"": 0.6666666666666667, ""water"": 0.2666666666666667, ""transport"": 0.33333333333333337}","{""energy"": 0.7760134592156177, ""water"": 0.8134006294114213, ""transport"": 0.49735352215675976}","{""energy"": 0.10934679254895097, ""water"": 0.5467339627447546, ""transport"": 0.1640201888234264}","{""energy"": 0.0, ""water"": 0.0, ""transport"": 0.0}","{""energy"": 0.0, ""water"": 0.0, ""transport"": 0.0}","{""energy"": 0.0, ""water"": 0.0, ""transport"": 0.0}",0.3,0.1,,0.44666666666666677,1.0,0.5533333333333332,1,"{""energy"": 0.6666666666666667, ""water"": 0.2666666666666667, ""transport"": 0.33333333333333337}","{""energy"": 1.0, ""water"": 1.0, ""transport"": 1.0}","{""energy"": 0.33333333333333326, ""water"": 0.7333333333333333, ""transport"": 0.6666666666666666}",3,0.7036316291567014,,,[],,v1.0,0.7,0.3
S4_water_partial,64,64,1774066358495312745,scenario=S4_water_partial|method=both|duration=0|theta=0.300000|delta_threshold=0.100000|A=v1.0|w=na|run_id=64|seed=1774066358495312745,False,"{""step_1_amount"": 0.3014986196228077}",5222c37788a096d3910624247b4a1e76a3afcfe0df2ea7ddd6490cebc16a26a9,0.44666666666666677,0.6150522493773719,0.16838558271070514,7,0.0,0.0,0.44666666666666677,0.6150522493773719,0,1,0.16838558271070514,"{""energy"": 0.6666666666666667, ""water"": 0.2666666666666667, ""transport"": 0.33333333333333337}","{""energy"": 0.7600132863738097, ""water"": 0.43885458439613706, ""transport"": 0.5979685316966896}","{""energy"": 0.09334661970714297, ""water"": 0.17218791772947034, ""transport"": 0.26463519836335625}","{""energy"": 0.0, ""water"": 0.0, ""transport"": 0.0}","{""energy"": 0.0, ""water"": 0.0, ""transport"": 0.0}","{""energy"": 0.0, ""water"": 0.0, ""transport"": 0.0}",0.3,0.1,,0.44666666666666677,1.0,0.5533333333333332,1,"{""energy"": 0.6666666666666667, ""water"": 0.2666666666666667, ""transport"": 0.33333333333333337}","{""energy"": 1.0, ""water"": 1.0, ""transport"": 1.0}","{""energy"": 0.33333333333333326, ""water"": 0.7333333333333333, ""transport"": 0.6666666666666666}",4,0.6150522493773719,,,[],,v1.0,0.7,0.3
S4_water_partial,65,65,13655815968418168898,scenario=S4_water_partial|method=both|duration=0|theta=0.300000|delta_threshold=0.100000|A=v1.0|w=na|run_id=65|seed=13655815968418168898,False,"{""step_1_amount"": 0.5140948647980581}",5222c37788a096d3910624247b4a1e76a3afcfe0df2ea7ddd6490cebc16a26a9,0.44666666666666677,0.7618034708122328,0.315136804145566,16,0.0,0.0,0.44666666666666677,0.7618034708122328,0,1,0.315136804145566,"{""energy"": 0.6666666666666667, ""water"": 0.2666666666666667, ""transport"": 0.33333333333333337}","{""energy"": 0.826819177289123, ""water"": 0.7137044439462006, ""transport"": 0.723214889042411}","{""energy"": 0.16015251062245628, ""water"": 0.44703777727953387, ""transport"": 0.3898815557090777}","{""energy"": 0.0, ""water"": 0.0, ""transport"": 0.0}","{""energy"": 0.0, ""water"": 0.0, ""transport"": 0.0}","{""energy"": 0.0, ""water"": 0.0, ""transport"": 0.0}",0.3,0.1,,0.44666666666666677,1.0,0.5533333333333332,1,"{""energy"": 0.6666666666666667, ""water"": 0.2666666666666667, ""transport"": 0.33333333333333337}","{""energy"": 1.0, ""water"": 1.0, ""transport"": 1.0}","{""energy"": 0.33333333333333326, ""water"": 0.7333333333333333, ""transport"": 0.6666666666666666}",3,0.7618034708122328,,,[],,v1.0,0.7,0.3
S4_water_partial,66,66,2775426475770517754,scenario=S4_water_partial|method=both|duration=0|theta=0.300000|delta_threshold=0.100000|A=v1.0|w=na|run_id=66|seed=2775426475770517754,False,"{""step_1_amount"": 0.6606145617921299}",5222c37788a096d3910624247b4a1e76a3afcfe0df2ea7ddd6490cebc16a26a9,0.44666666666666677,0.8245055702604555,0.3778389035937887,18,0.0,0.0,0.44666666666666677,0.8245055702604555,0,1,0.3778389035937887,"{""energy"": 0.6666666666666667, ""water"": 0.2666666666666667, ""transport"": 0.33333333333333337}","{""energy"": 0.8488377124527695, ""water"": 0.8871131391322092, ""transport"": 0.7294551451322829}","{""energy"": 0.18217104578610277, ""water"": 0.6204464724655425, ""transport"": 0.39612181179894956}","{""energy"": 0.0, ""water"": 0.0, ""transport"": 0.0}","{""energy"": 0.0, ""water"": 0.0, ""transport"": 0.0}","{""energy"": 0.0, ""water"": 0.0, ""transport"": 0.0}",0.3,0.1,,0.44666666666666677,1.0,0.5533333333333332,1,"{""energy"": 0.6666666666666667, ""water"": 0.2666666666666667, ""transport"": 0.33333333333333337}","{""energy"": 1.0, ""water"": 1.0, ""transport"": 1.0}","{""energy"": 0.33333333333333326, ""water"": 0.7333333333333333, ""transport"": 0.6666666666666666}",3,0.8245055702604555,,,[],,v1.0,0.7,0.3
S4_water_partial,67,67,16261945308108820769,scenario=S4_water_partial|method=both|duration=0|theta=0.300000|delta_threshold=0.100000|A=v1.0|w=na|run_id=67|seed=16261945308108820769,False,"{""step_1_amount"": 0.8084442530561152}",5222c37788a096d3910624247b4a1e76a3afcfe0df2ea7ddd6490cebc16a26a9,0.44666666666666677,0.7959610704410911,0.34929440377442433,30,0.0,1.0,0.44666666666666677,0.7959610704410911,1,1,0.34929440377442433,"{""energy"": 0.6666666666666667, ""water"": 0.2666666666666667, ""transport"": 0.33333333333333337}","{""energy"": 0.8187777299306955, ""water"": 1.0, ""transport"": 0.5614999282293766}","{""energy"": 0.1521110632640288, ""water"": 0.7333333333333333, ""transport"": 0.22816659489604318}","{""energy"": 0.0, ""water"": 0.0, ""transport"": 0.0}","{""energy"": 1.0, ""water"": 1.0, ""transport"": 1.0}","{""energy"": 1.0, ""water"": 1.0, ""transport"": 1.0}",0.3,0.1,,0.44666666666666677,1.0,0.5533333333333332,1,"{""energy"": 0.6666666666666667, ""water"": 0.2666666666666667, ""transport"": 0.33333333333333337}","{""energy"": 1.0, ""water"": 1.0, ""transport"": 1.0}","{""energy"": 0.33333333333333326, ""water"": 0.7333333333333333, ""transport"": 0.6666666666666666}",3,0.7959610704410911,,,"[""energy"", ""transport""]",1,v1.0,0.7,0.3
S4_water_partial,68,68,7214094352513058112,scenario=S4_water_partial|method=both|duration=0|theta=0.300000|delta_threshold=0.100000|A=v1.0|w=na|run_id=68|seed=7214094352513058112,False,"{""step_1_amount"": 0.6702276947581532}",5222c37788a096d3910624247b4a1e76a3afcfe0df2ea7ddd6490cebc16a26a9,0.44666666666666677,0.7229254373370817,0.27625877067041493,10,0.0,0.0,0.44666666666666677,0.7229254373370817,0,1,0.27625877067041493,"{""energy"": 0.6666666666666667, ""water"": 0.2666666666666667, ""transport"": 0.33333333333333337}","{""energy"": 0.784223590356205, ""water"": 0.8544512851143583, ""transport"": 0.5096687188676409}","{""energy"": 0.1175569236895383, ""water"": 0.5877846184476916, ""transport"": 0.1763353855343075}","{""energy"": 0.0, ""water"": 0.0, ""transport"": 0.0}","{""energy"": 0.0, ""water"": 0.0, ""transport"": 0.0}","{""energy"": 0.0, ""water"": 0.0, ""transport"": 0.0}",0.3,0.1,,0.44666666666666677,1.0,0.5533333333333332,1,"{""energy"": 0.6666666666666667, ""water"": 0.2666666666666667, ""transport"": 0.33333333333333337}","{""energy"": 1.0, ""water"": 1.0, ""transport"": 1.0}","{""energy"": 0.33333333333333326, ""water"": 0.7333333333333333, ""transport"": 0.6666666666666666}",3,0.7229254373370817,,,[],,v1.0,0.7,0.3
S4_water_partial,69,69,14783421248601069761,scenario=S4_water_partial|method=both|duration=0|theta=0.300000|delta_threshold=0.100000|A=v1.0|w=na|run_id=69|seed=14783421248601069761,False,"{""step_1_amount"": 0.23905828558887676}",5222c37788a096d3910624247b4a1e76a3afcfe0df2ea7ddd6490cebc16a26a9,0.44666666666666677,0.6029677169189633,0.15630105025229657,13,0.0,0.0,0.44666666666666677,0.6029677169189633,0,1,0.15630105025229657,"{""energy"": 0.6666666666666667, ""water"": 0.2666666666666667, ""transport"": 0.33333333333333337}","{""energy"": 0.7597776802319056, ""water"": 0.3710538184314425, ""transport"": 0.6258016643225611}","{""energy"": 0.09311101356523888, ""water"": 0.10438715176477575, ""transport"": 0.29246833098922775}","{""energy"": 0.0, ""water"": 0.0, ""transport"": 0.0}","{""energy"": 0.0, ""water"": 0.0, ""transport"": 0.0}","{""energy"": 0.0, ""water"": 0.0, ""transport"": 0.0}",0.3,0.1,,0.44666666666666677,1.0,0.5533333333333332,1,"{""energy"": 0.6666666666666667, ""water"": 0.2666666666666667, ""transport"": 0.33333333333333337}","{""energy"": 1.0, ""water"": 1.0, ""transport"": 1.0}","{""energy"": 0.33333333333333326, ""water"": 0.7333333333333333, ""transport"": 0.6666666666666666}",4,0.6029677169189633,,,[],,v1.0,0.7,0.3
S4_water_partial,70,70,15944498297609425387,scenario=S4_water_partial|method=both|duration=0|theta=0.300000|delta_threshold=0.100000|A=v1.0|w=na|run_id=70|seed=15944498297609425387,False,"{""step_1_amount"": 0.8101279144992385}",5222c37788a096d3910624247b4a1e76a3afcfe0df2ea7ddd6490cebc16a26a9,0.44666666666666677,0.7963188484977548,0.34965218183108804,5,0.0,1.0,0.44666666666666677,0.7963188484977548,1,1,0.34965218183108804,"{""energy"": 0.6666666666666667, ""water"": 0.2666666666666667, ""transport"": 0.33333333333333337}","{""energy"": 0.8191986452914763, ""water"": 1.0, ""transport"": 0.5621313012705478}","{""energy"": 0.1525319786248096, ""water"": 0.7333333333333333, ""transport"": 0.2287979679372144}","{""energy"": 0.0, ""water"": 0.0, ""transport"": 0.0}","{""energy"": 1.0, ""water"": 1.0, ""transport"": 1.0}","{""energy"": 1.0, ""water"": 1.0, ""transport"": 1.0}",0.3,0.1,,0.44666666666666677,1.0,0.5533333333333332,1,"{""energy"": 0.6666666666666667, ""water"": 0.2666666666666667, ""transport"": 0.33333333333333337}","{""energy"": 1.0, ""water"": 1.0, ""transport"": 1.0}","{""energy"": 0.33333333333333326, ""water"": 0.7333333333333333, ""transport"": 0.6666666666666666}",3,0.7963188484977548,,,"[""energy"", ""transport""]",1,v1.0,0.7,0.3
S4_water_partial,71,71,8002905350515494752,scenario=S4_water_partial|method=both|duration=0|theta=0.300000|delta_threshold=0.100000|A=v1.0|w=na|run_id=71|seed=8002905350515494752,False,"{""step_1_amount"": 0.8872695152772992}",5222c37788a096d3910624247b4a1e76a3afcfe0df2ea7ddd6490cebc16a26a9,0.44666666666666677,0.8127114386630928,0.36604477199642604,10,0.0,1.0,0.44666666666666677,0.8127114386630928,1,1,0.36604477199642604,"{""energy"": 0.6666666666666667, ""water"": 0.2666666666666667, ""transport"": 0.33333333333333337}","{""energy"": 0.8384840454859915, ""water"": 1.0, ""transport"": 0.5910594015623205}","{""energy"": 0.1718173788193248, ""water"": 0.7333333333333333, ""transport"": 0.25772606822898714}","{""energy"": 0.0, ""water"": 0.0, ""transport"": 0.0}","{""energy"": 1.0, ""water"": 1.0, ""transport"": 1.0}","{""energy"": 1.0, ""water"": 1.0, ""transport"": 1.0}",0.3,0.1,,0.44666666666666677,1.0,0.5533333333333332,1,"{""energy"": 0.6666666666666667, ""water"": 0.2666666666666667, ""transport"": 0.33333333333333337}","{""energy"": 1.0, ""water"": 1.0, ""transport"": 1.0}","{""energy"": 0.33333333333333326, ""water"": 0.7333333333333333, ""transport"": 0.6666666666666666}",3,0.8127114386630928,,,"[""energy"", ""transport""]",1,v1.0,0.7,0.3
S4_water_partial,72,72,9562330598974836259,scenario=S4_water_partial|method=both|duration=0|theta=0.300000|delta_threshold=0.100000|A=v1.0|w=na|run_id=72|seed=9562330598974836259,False,"{""step_1_amount"": 0.9740964876744187}",5222c37788a096d3910624247b4a1e76a3afcfe0df2ea7ddd6490cebc16a26a9,0.44666666666666677,0.920778468636138,0.4741118019694712,6,0.0,1.0,0.44666666666666677,0.920778468636138,1,1,0.4741118019694712,"{""energy"": 0.6666666666666667, ""water"": 0.2666666666666667, ""transport"": 0.33333333333333337}","{""energy"": 0.9242024302557409, ""water"": 1.0, ""transport"": 0.8369916551128052}","{""energy"": 0.25753576358907415, ""water"": 0.7333333333333333, ""transport"": 0.5036583217794718}","{""energy"": 0.0, ""water"": 0.0, ""transport"": 0.0}","{""energy"": 1.0, ""water"": 1.0, ""transport"": 1.0}","{""energy"": 1.0, ""water"": 1.0, ""transport"": 1.0}",0.3,0.1,,0.44666666666666677,1.0,0.5533333333333332,1,"{""energy"": 0.6666666666666667, ""water"": 0.2666666666666667, ""transport"": 0.33333333333333337}","{""energy"": 1.0, ""water"": 1.0, ""transport"": 1.0}","{""energy"": 0.33333333333333326, ""water"": 0.7333333333333333, ""transport"": 0.6666666666666666}",3,0.920778468636138,,,"[""energy"", ""transport""]",1,v1.0,0.7,0.3
S4_water_partial,73,73,7733240352742554039,scenario=S4_water_partial|method=both|duration=0|theta=0.300000|delta_threshold=0.100000|A=v1.0|w=na|run_id=73|seed=7733240352742554039,False,"{""step_1_amount"": 0.55576077812901}",5222c37788a096d3910624247b4a1e76a3afcfe0df2ea7ddd6490cebc16a26a9,0.44666666666666677,0.6556761238174602,0.20900945715079344,25,0.0,0.0,0.44666666666666677,0.6556761238174602,0,1,0.20900945715079344,"{""energy"": 0.6666666666666667, ""water"": 0.2666666666666667, ""transport"": 0.33333333333333337}","{""energy"": 0.7556068611989193, ""water"": 0.7113676393279293, ""transport"": 0.46674362513171214}","{""energy"": 0.08894019453225255, ""water"": 0.44470097266126263, ""transport"": 0.13341029179837877}","{""energy"": 0.0, ""water"": 0.0, ""transport"": 0.0}","{""energy"": 0.0, ""water"": 0.0, ""transport"": 0.0}","{""energy"": 0.0, ""water"": 0.0, ""transport"": 0.0}",0.3,0.1,,0.44666666666666677,1.0,0.5533333333333332,1,"{""energy"": 0.6666666666666667, ""water"": 0.2666666666666667, ""transport"": 0.33333333333333337}","{""energy"": 1.0, ""water"": 1.0, ""transport"": 1.0}","{""energy"": 0.33333333333333326, ""water"": 0.7333333333333333, ""transport"": 0.6666666666666666}",3,0.6556761238174602,,,[],,v1.0,0.7,0.3
S4_water_partial,74,74,18391666356804118016,scenario=S4_water_partial|method=both|duration=0|theta=0.300000|delta_threshold=0.100000|A=v1.0|w=na|run_id=74|seed=18391666356804118016,False,"{""step_1_amount"": 0.26130954198470685}",5222c37788a096d3910624247b4a1e76a3afcfe0df2ea7ddd6490cebc16a26a9,0.44666666666666677,0.5870909264903055,0.1404242598236387,22,0.0,0.0,0.44666666666666677,0.5870909264903055,0,1,0.1404242598236387,"{""energy"": 0.6666666666666667, ""water"": 0.2666666666666667, ""transport"": 0.33333333333333337}","{""energy"": 0.7472471171051082, ""water"": 0.3868056374423934, ""transport"": 0.5738346280518141}","{""energy"": 0.08058045043844142, ""water"": 0.12013897077572666, ""transport"": 0.2405012947184807}","{""energy"": 0.0, ""water"": 0.0, ""transport"": 0.0}","{""energy"": 0.0, ""water"": 0.0, ""transport"": 0.0}","{""energy"": 0.0, ""water"": 0.0, ""transport"": 0.0}",0.3,0.1,,0.44666666666666677,1.0,0.5533333333333332,1,"{""energy"": 0.6666666666666667, ""water"": 0.2666666666666667, ""transport"": 0.33333333333333337}","{""energy"": 1.0, ""water"": 1.0, ""transport"": 1.0}","{""energy"": 0.33333333333333326, ""water"": 0.7333333333333333, ""transport"": 0.6666666666666666}",4,0.5870909264903055,,,[],,v1.0,0.7,0.3
S4_water_partial,75,75,16988051353415945781,scenario=S4_water_partial|method=both|duration=0|theta=0.300000|delta_threshold=0.100000|A=v1.0|w=na|run_id=75|seed=16988051353415945781,False,"{""step_1_amount"": 0.7796489309397977}",5222c37788a096d3910624247b4a1e76a3afcfe0df2ea7ddd6490cebc16a26a9,0.44666666666666677,0.7872104135937978,0.3405437469271311,28,0.0,1.0,0.44666666666666677,0.7872104135937978,1,1,0.3405437469271311,"{""energy"": 0.6666666666666667, ""water"": 0.2666666666666667, ""transport"": 0.33333333333333337}","{""energy"": 0.8115788994016162, ""water"": 0.9912278303414138, ""transport"": 0.5507016824357575}","{""energy"": 0.14491223273494946, ""water"": 0.7245611636747471, ""transport"": 0.21736834910242409}","{""energy"": 0.0, ""water"": 0.0, ""transport"": 0.0}","{""energy"": 1.0, ""water"": 1.0, ""transport"": 1.0}","{""energy"": 1.0, ""water"": 1.0, ""transport"": 1.0}",0.3,0.1,,0.44666666666666677,1.0,0.5533333333333332,1,"{""energy"": 0.6666666666666667, ""water"": 0.2666666666666667, ""transport"": 0.33333333333333337}","{""energy"": 1.0, ""water"": 1.0, ""transport"": 1.0}","{""energy"": 0.33333333333333326, ""water"": 0.7333333333333333, ""transport"": 0.6666666666666666}",3,0.7872104135937978,,,"[""energy"", ""transport""]",1,v1.0,0.7,0.3
S4_water_partial,76,76,2092687872990446924,scenario=S4_water_partial|method=both|duration=0|theta=0.300000|delta_threshold=0.100000|A=v1.0|w=na|run_id=76|seed=2092687872990446924,False,"{""step_1_amount"": 0.7327927504368865}",5222c37788a096d3910624247b4a1e76a3afcfe0df2ea7ddd6490cebc16a26a9,0.44666666666666677,0.7596824075483377,0.31301574088167095,9,0.0,0.0,0.44666666666666677,0.7596824075483377,0,1,0.31301574088167095,"{""energy"": 0.6666666666666667, ""water"": 0.2666666666666667, ""transport"": 0.33333333333333337}","{""energy"": 0.7998648542758884, ""water"": 0.9326576047127749, ""transport"": 0.5331306147471658}","{""energy"": 0.13319818760922164, ""water"": 0.6659909380461082, ""transport"": 0.19979728141383246}","{""energy"": 0.0, ""water"": 0.0, ""transport"": 0.0}","{""energy"": 0.0, ""water"": 0.0, ""transport"": 0.0}","{""energy"": 0.0, ""water"": 0.0, ""transport"": 0.0}",0.3,0.1,,0.44666666666666677,1.0,0.5533333333333332,1,"{""energy"": 0.6666666666666667, ""water"": 0.2666666666666667, ""transport"": 0.33333333333333337}","{""energy"": 1.0, ""water"": 1.0, ""transport"": 1.0}","{""energy"": 0.33333333333333326, ""water"": 0.7333333333333333, ""transport"": 0.6666666666666666}",3,0.7596824075483377,,,[],,v1.0,0.7,0.3
S4_water_partial,77,77,1751755269748274299,scenario=S4_water_partial|method=both|duration=0|theta=0.300000|delta_threshold=0.100000|A=v1.0|w=na|run_id=77|seed=1751755269748274299,False,"{""step_1_amount"": 0.5924532799843001}",5222c37788a096d3910624247b4a1e76a3afcfe0df2ea7ddd6490cebc16a26a9,0.44666666666666677,0.677232968657443,0.2305663019907762,12,0.0,0.0,0.44666666666666677,0.677232968657443,0,1,0.2305663019907762,"{""energy"": 0.6666666666666667, ""water"": 0.2666666666666667, ""transport"": 0.33333333333333337}","{""energy"": 0.7647799866627418, ""water"": 0.7572332666470418, ""transport"": 0.4805033133274459}","{""energy"": 0.09811331999607509, ""water"": 0.4905665999803751, ""transport"": 0.14716997999411252}","{""energy"": 0.0, ""water"": 0.0, ""transport"": 0.0}","{""energy"": 0.0, ""water"": 0.0, ""transport"": 0.0}","{""energy"": 0.0, ""water"": 0.0, ""transport"": 0.0}",0.3,0.1,,0.44666666666666677,1.0,0.5533333333333332,1,"{""energy"": 0.6666666666666667, ""water"": 0.2666666666666667, ""transport"": 0.33333333333333337}","{""energy"": 1.0, ""water"": 1.0, ""transport"": 1.0}","{""energy"": 0.33333333333333326, ""water"": 0.7333333333333333, ""transport"": 0.6666666666666666}",3,0.677232968657443,,,[],,v1.0,0.7,0.3
S4_water_partial,78,78,8334271184384794293,scenario=S4_water_partial|method=both|duration=0|theta=0.300000|delta_threshold=0.100000|A=v1.0|w=na|run_id=78|seed=8334271184384794293,False,"{""step_1_amount"": 0.6689804273765224}",5222c37788a096d3910624247b4a1e76a3afcfe0df2ea7ddd6490cebc16a26a9,0.44666666666666677,0.841595123041214,0.3949284563745472,7,0.0,0.0,0.44666666666666677,0.841595123041214,0,1,0.3949284563745472,"{""energy"": 0.6666666666666667, ""water"": 0.2666666666666667, ""transport"": 0.33333333333333337}","{""energy"": 0.8585383080675726, ""water"": 0.9026432239251698, ""transport"": 0.7579561087887798}","{""energy"": 0.19187164140090585, ""water"": 0.6359765572585031, ""transport"": 0.42462277545544647}","{""energy"": 0.0, ""water"": 0.0, ""transport"": 0.0}","{""energy"": 0.0, ""water"": 0.0, ""transport"": 0.0}","{""energy"": 0.0, ""water"": 0.0, ""transport"": 0.0}",0.3,0.1,,0.44666666666666677,1.0,0.5533333333333332,1,"{""energy"": 0.6666666666666667, ""water"": 0.2666666666666667, ""transport"": 0.33333333333333337}","{""energy"": 1.0, ""water"": 1.0, ""transport"": 1.0}","{""energy"": 0.33333333333333326, ""water"": 0.7333333333333333, ""transport"": 0.6666666666666666}",3,0.841595123041214,,,[],,v1.0,0.7,0.3
S4_water_partial,79,79,1642847440866692549,scenario=S4_water_partial|method=both|duration=0|theta=0.300000|delta_threshold=0.100000|A=v1.0|w=na|run_id=79|seed=1642847440866692549,False,"{""step_1_amount"": 0.9641263183970696}",5222c37788a096d3910624247b4a1e76a3afcfe0df2ea7ddd6490cebc16a26a9,0.44666666666666677,0.949695168582285,0.5030285019156182,6,0.0,1.0,0.44666666666666677,0.949695168582285,1,1,0.5030285019156182,"{""energy"": 0.6666666666666667, ""water"": 0.2666666666666667, ""transport"": 0.33333333333333337}","{""energy"": 0.944685580598174, ""water"": 1.0, ""transport"": 0.9060697878100509}","{""energy"": 0.27801891393150724, ""water"": 0.7333333333333333, ""transport"": 0.5727364544767175}","{""energy"": 0.0, ""water"": 0.0, ""transport"": 0.0}","{""energy"": 1.0, ""water"": 1.0, ""transport"": 1.0}","{""energy"": 1.0, ""water"": 1.0, ""transport"": 1.0}",0.3,0.1,,0.44666666666666677,1.0,0.5533333333333332,1,"{""energy"": 0.6666666666666667, ""water"": 0.2666666666666667, ""transport"": 0.33333333333333337}","{""energy"": 1.0, ""water"": 1.0, ""transport"": 1.0}","{""energy"": 0.33333333333333326, ""water"": 0.7333333333333333, ""transport"": 0.6666666666666666}",3,0.949695168582285,,,"[""energy"", ""transport""]",1,v1.0,0.7,0.3
S4_water_partial,80,80,1420662767268625284,scenario=S4_water_partial|method=both|duration=0|theta=0.300000|delta_threshold=0.100000|A=v1.0|w=na|run_id=80|seed=1420662767268625284,False,"{""step_1_amount"": 0.491244177683115}",5222c37788a096d3910624247b4a1e76a3afcfe0df2ea7ddd6490cebc16a26a9,0.44666666666666677,0.6177726210554968,0.17110595438883003,20,0.0,0.0,0.44666666666666677,0.6177726210554968,0,1,0.17110595438883003,"{""energy"": 0.6666666666666667, ""water"": 0.2666666666666667, ""transport"": 0.33333333333333337}","{""energy"": 0.7394777110874455, ""water"": 0.6307218887705606, ""transport"": 0.4425498999645015}","{""energy"": 0.07281104442077879, ""water"": 0.36405522210389385, ""transport"": 0.10921656663116813}","{""energy"": 0.0, ""water"": 0.0, ""transport"": 0.0}","{""energy"": 0.0, ""water"": 0.0, ""transport"": 0.0}","{""energy"": 0.0, ""water"": 0.0, ""transport"": 0.0}",0.3,0.1,,0.44666666666666677,1.0,0.5533333333333332,1,"{""energy"": 0.6666666666666667, ""water"": 0.2666666666666667, ""transport"": 0.33333333333333337}","{""energy"": 1.0, ""water"": 1.0, ""transport"": 1.0}","{""energy"": 0.33333333333333326, ""water"": 0.7333333333333333, ""transport"": 0.6666666666666666}",4,0.6177726210554968,,,[],,v1.0,0.7,0.3
S4_water_partial,81,81,14147820851424047205,scenario=S4_water_partial|method=both|duration=0|theta=0.300000|delta_threshold=0.100000|A=v1.0|w=na|run_id=81|seed=14147820851424047205,False,"{""step_1_amount"": 0.6263322125344556}",5222c37788a096d3910624247b4a1e76a3afcfe0df2ea7ddd6490cebc16a26a9,0.44666666666666677,0.7995554682034104,0.3528888015367436,30,0.0,0.0,0.44666666666666677,0.7995554682034104,0,1,0.3528888015367436,"{""energy"": 0.6666666666666667, ""water"": 0.2666666666666667, ""transport"": 0.33333333333333337}","{""energy"": 0.83726136147075, ""water"": 0.8422563601150491, ""transport"": 0.706580051935319}","{""energy"": 0.1705946948040833, ""water"": 0.5755896934483824, ""transport"": 0.37324671860198566}","{""energy"": 0.0, ""water"": 0.0, ""transport"": 0.0}","{""energy"": 0.0, ""water"": 0.0, ""transport"": 0.0}","{""energy"": 0.0, ""water"": 0.0, ""transport"": 0.0}",0.3,0.1,,0.44666666666666677,1.0,0.5533333333333332,1,"{""energy"": 0.6666666666666667, ""water"": 0.2666666666666667, ""transport"": 0.33333333333333337}","{""energy"": 1.0, ""water"": 1.0, ""transport"": 1.0}","{""energy"": 0.33333333333333326, ""water"": 0.7333333333333333, ""transport"": 0.6666666666666666}",3,0.7995554682034104,,,[],,v1.0,0.7,0.3
S4_water_partial,82,82,8561226425437802968,scenario=S4_water_partial|method=both|duration=0|theta=0.300000|delta_threshold=0.100000|A=v1.0|w=na|run_id=82|seed=8561226425437802968,False,"{""step_1_amount"": 0.21617667618673211}",5222c37788a096d3910624247b4a1e76a3afcfe0df2ea7ddd6490cebc16a26a9,0.44666666666666677,0.5806118786086587,0.13394521194199194,16,0.0,0.0,0.44666666666666677,0.5806118786086587,0,1,0.13394521194199194,"{""energy"": 0.6666666666666667, ""water"": 0.2666666666666667, ""transport"": 0.33333333333333337}","{""energy"": 0.7484867198897791, ""water"": 0.33873810135103477, ""transport"": 0.5986525341581223}","{""energy"": 0.08182005322311237, ""water"": 0.07207143468436805, ""transport"": 0.2653192008247889}","{""energy"": 0.0, ""water"": 0.0, ""transport"": 0.0}","{""energy"": 0.0, ""water"": 0.0, ""transport"": 0.0}","{""energy"": 0.0, ""water"": 0.0, ""transport"": 0.0}",0.3,0.1,,0.44666666666666677,1.0,0.5533333333333332,1,"{""energy"": 0.6666666666666667, ""water"": 0.2666666666666667, ""transport"": 0.33333333333333337}","{""energy"": 1.0, ""water"": 1.0, ""transport"": 1.0}","{""energy"": 0.33333333333333326, ""water"": 0.7333333333333333, ""transport"": 0.6666666666666666}",4,0.5806118786086587,,,[],,v1.0,0.7,0.3
S4_water_partial,83,83,1250852429173046739,scenario=S4_water_partial|method=both|duration=0|theta=0.300000|delta_threshold=0.100000|A=v1.0|w=na|run_id=83|seed=1250852429173046739,False,"{""step_1_amount"": 0.3714703498137609}",5222c37788a096d3910624247b4a1e76a3afcfe0df2ea7ddd6490cebc16a26a9,0.44666666666666677,0.5474054971822513,0.10073883051558452,13,0.0,0.0,0.44666666666666677,0.5474054971822513,0,0,0.10073883051558452,"{""energy"": 0.6666666666666667, ""water"": 0.2666666666666667, ""transport"": 0.33333333333333337}","{""energy"": 0.709534254120107, ""water"": 0.481004603933868, ""transport"": 0.39763471451349375}","{""energy"": 0.042867587453440215, ""water"": 0.2143379372672013, ""transport"": 0.06430138118016038}","{""energy"": 0.0, ""water"": 0.0, ""transport"": 0.0}","{""energy"": 0.0, ""water"": 0.0, ""transport"": 0.0}","{""energy"": 0.0, ""water"": 0.0, ""transport"": 0.0}",0.3,0.1,,0.44666666666666677,1.0,0.5533333333333332,1,"{""energy"": 0.6666666666666667, ""water"": 0.2666666666666667, ""transport"": 0.33333333333333337}","{""energy"": 1.0, ""water"": 1.0, ""transport"": 1.0}","{""energy"": 0.33333333333333326, ""water"": 0.7333333333333333, ""transport"": 0.6666666666666666}",4,0.5474054971822513,,,[],,v1.0,0.7,0.3
S4_water_partial,84,84,7425194573735772200,scenario=S4_water_partial|method=both|duration=0|theta=0.300000|delta_threshold=0.100000|A=v1.0|w=na|run_id=84|seed=7425194573735772200,False,"{""step_1_amount"": 0.47739920421358933}",5222c37788a096d3910624247b4a1e76a3afcfe0df2ea7ddd6490cebc16a26a9,0.44666666666666677,0.6096386991421505,0.16297203247548375,8,0.0,0.0,0.44666666666666677,0.6096386991421505,0,1,0.16297203247548375,"{""energy"": 0.6666666666666667, ""water"": 0.2666666666666667, ""transport"": 0.33333333333333337}","{""energy"": 0.736016467720064, ""water"": 0.6134156719336534, ""transport"": 0.4373580349134294}","{""energy"": 0.06934980105339728, ""water"": 0.3467490052669867, ""transport"": 0.10402470158009602}","{""energy"": 0.0, ""water"": 0.0, ""transport"": 0.0}","{""energy"": 0.0, ""water"": 0.0, ""transport"": 0.0}","{""energy"": 0.0, ""water"": 0.0, ""transport"": 0.0}",0.3,0.1,,0.44666666666666677,1.0,0.5533333333333332,1,"{""energy"": 0.6666666666666667, ""water"": 0.2666666666666667, ""transport"": 0.33333333333333337}","{""energy"": 1.0, ""water"": 1.0, ""transport"": 1.0}","{""energy"": 0.33333333333333326, ""water"": 0.7333333333333333, ""transport"": 0.6666666666666666}",4,0.6096386991421505,,,[],,v1.0,0.7,0.3
S4_water_partial,85,85,15260954950351742583,scenario=S4_water_partial|method=both|duration=0|theta=0.300000|delta_threshold=0.100000|A=v1.0|w=na|run_id=85|seed=15260954950351742583,False,"{""step_1_amount"": 0.5392535763428243}",5222c37788a096d3910624247b4a1e76a3afcfe0df2ea7ddd6490cebc16a26a9,0.44666666666666677,0.6459781427680761,0.1993114761014093,11,0.0,0.0,0.44666666666666677,0.6459781427680761,0,1,0.1993114761014093,"{""energy"": 0.6666666666666667, ""water"": 0.2666666666666667, ""transport"": 0.33333333333333337}","{""energy"": 0.7514800607523728, ""water"": 0.6907336370951971, ""transport"": 0.4605534244618925}","{""energy"": 0.0848133940857061, ""water"": 0.42406697042853037, ""transport"": 0.12722009112855914}","{""energy"": 0.0, ""water"": 0.0, ""transport"": 0.0}","{""energy"": 0.0, ""water"": 0.0, ""transport"": 0.0}","{""energy"": 0.0, ""water"": 0.0, ""transport"": 0.0}",0.3,0.1,,0.44666666666666677,1.0,0.5533333333333332,1,"{""energy"": 0.6666666666666667, ""water"": 0.2666666666666667, ""transport"": 0.33333333333333337}","{""energy"": 1.0, ""water"": 1.0, ""transport"": 1.0}","{""energy"": 0.33333333333333326, ""water"": 0.7333333333333333, ""transport"": 0.6666666666666666}",3,0.6459781427680761,,,[],,v1.0,0.7,0.3
S4_water_partial,86,86,11381267490594193770,scenario=S4_water_partial|method=both|duration=0|theta=0.300000|delta_threshold=0.100000|A=v1.0|w=na|run_id=86|seed=11381267490594193770,False,"{""step_1_amount"": 1.1073350675996847}",5222c37788a096d3910624247b4a1e76a3afcfe0df2ea7ddd6490cebc16a26a9,0.44666666666666677,0.9323890246868596,0.4857223580201928,7,0.0,1.0,0.44666666666666677,0.9323890246868596,1,1,0.4857223580201928,"{""energy"": 0.6666666666666667, ""water"": 0.2666666666666667, ""transport"": 0.33333333333333337}","{""energy"": 0.9350397795382331, ""water"": 1.0, ""transport"": 0.8612437095718879}","{""energy"": 0.2683731128715664, ""water"": 0.7333333333333333, ""transport"": 0.5279103762385545}","{""energy"": 0.0, ""water"": 0.0, ""transport"": 0.0}","{""energy"": 1.0, ""water"": 1.0, ""transport"": 1.0}","{""energy"": 1.0, ""water"": 1.0, ""transport"": 1.0}",0.3,0.1,,0.44666666666666677,1.0,0.5533333333333332,1,"{""energy"": 0.6666666666666667, ""water"": 0.2666666666666667, ""transport"": 0.33333333333333337}","{""energy"": 1.0, ""water"": 1.0, ""transport"": 1.0}","{""energy"": 0.33333333333333326, ""water"": 0.7333333333333333, ""transport"": 0.6666666666666666}",3,0.9323890246868596,,,"[""energy"", ""transport""]",1,v1.0,0.7,0.3
S4_water_partial,87,87,80164666388430721,scenario=S4_water_partial|method=both|duration=0|theta=0.300000|delta_threshold=0.100000|A=v1.0|w=na|run_id=87|seed=80164666388430721,False,"{""step_1_amount"": 0.7639005544401044}",5222c37788a096d3910624247b4a1e76a3afcfe0df2ea7ddd6490cebc16a26a9,0.44666666666666677,0.8867546364807201,0.4400879698140533,21,0.0,1.0,0.44666666666666677,0.8867546364807201,1,1,0.4400879698140533,"{""energy"": 0.6666666666666667, ""water"": 0.2666666666666667, ""transport"": 0.33333333333333337}","{""energy"": 0.8792554495592151, ""water"": 1.0, ""transport"": 0.78350818885678}","{""energy"": 0.21258878289254834, ""water"": 0.7333333333333333, ""transport"": 0.4501748555234466}","{""energy"": 0.0, ""water"": 0.0, ""transport"": 0.0}","{""energy"": 1.0, ""water"": 1.0, ""transport"": 1.0}","{""energy"": 1.0, ""water"": 1.0, ""transport"": 1.0}",0.3,0.1,,0.44666666666666677,1.0,0.5533333333333332,1,"{""energy"": 0.6666666666666667, ""water"": 0.2666666666666667, ""transport"": 0.33333333333333337}","{""energy"": 1.0, ""water"": 1.0, ""transport"": 1.0}","{""energy"": 0.33333333333333326, ""water"": 0.7333333333333333, ""transport"": 0.6666666666666666}",3,0.8867546364807201,,,"[""energy"", ""transport""]",1,v1.0,0.7,0.3
S4_water_partial,88,88,12708113422258725747,scenario=S4_water_partial|method=both|duration=0|theta=0.300000|delta_threshold=0.100000|A=v1.0|w=na|run_id=88|seed=12708113422258725747,False,"{""step_1_amount"": 0.6172969406249487}",5222c37788a096d3910624247b4a1e76a3afcfe0df2ea7ddd6490cebc16a26a9,0.44666666666666677,0.7994911684392771,0.3528245017726104,15,0.0,0.0,0.44666666666666677,0.7994911684392771,0,1,0.3528245017726104,"{""energy"": 0.6666666666666667, ""water"": 0.2666666666666667, ""transport"": 0.33333333333333337}","{""energy"": 0.8382799950450621, ""water"": 0.8331472379292914, ""transport"": 0.7141166634748831}","{""energy"": 0.17161332837839538, ""water"": 0.5664805712626246, ""transport"": 0.38078333014154975}","{""energy"": 0.0, ""water"": 0.0, ""transport"": 0.0}","{""energy"": 0.0, ""water"": 0.0, ""transport"": 0.0}","{""energy"": 0.0, ""water"": 0.0, ""transport"": 0.0}",0.3,0.1,,0.44666666666666677,1.0,0.5533333333333332,1,"{""energy"": 0.6666666666666667, ""water"": 0.2666666666666667, ""transport"": 0.33333333333333337}","{""energy"": 1.0, ""water"": 1.0, ""transport"": 1.0}","{""energy"": 0.33333333333333326, ""water"": 0.7333333333333333, ""transport"": 0.6666666666666666}",3,0.7994911684392771,,,[],,v1.0,0.7,0.3
S4_water_partial,89,89,8867120843981940346,scenario=S4_water_partial|method=both|duration=0|theta=0.300000|delta_threshold=0.100000|A=v1.0|w=na|run_id=89|seed=8867120843981940346,False,"{""step_1_amount"": 0.901552145950131}",5222c37788a096d3910624247b4a1e76a3afcfe0df2ea7ddd6490cebc16a26a9,0.44666666666666677,0.9233721950417286,0.47670552837506186,10,0.0,1.0,0.44666666666666677,0.9233721950417286,1,1,0.47670552837506186,"{""energy"": 0.6666666666666667, ""water"": 0.2666666666666667, ""transport"": 0.33333333333333337}","{""energy"": 0.9189302012689559, ""water"": 1.0, ""transport"": 0.8526670484471538}","{""energy"": 0.2522635346022891, ""water"": 0.7333333333333333, ""transport"": 0.5193337151138204}","{""energy"": 0.0, ""water"": 0.0, ""transport"": 0.0}","{""energy"": 1.0, ""water"": 1.0, ""transport"": 1.0}","{""energy"": 1.0, ""water"": 1.0, ""transport"": 1.0}",0.3,0.1,,0.44666666666666677,1.0,0.5533333333333332,1,"{""energy"": 0.6666666666666667, ""water"": 0.2666666666666667, ""transport"": 0.33333333333333337}","{""energy"": 1.0, ""water"": 1.0, ""transport"": 1.0}","{""energy"": 0.33333333333333326, ""water"": 0.7333333333333333, ""transport"": 0.6666666666666666}",3,0.9233721950417286,,,"[""energy"", ""transport""]",1,v1.0,0.7,0.3
S4_water_partial,90,90,4058492044138165467,scenario=S4_water_partial|method=both|duration=0|theta=0.300000|delta_threshold=0.100000|A=v1.0|w=na|run_id=90|seed=4058492044138165467,False,"{""step_1_amount"": 1.437734843031667}",5222c37788a096d3910624247b4a1e76a3afcfe0df2ea7ddd6490cebc16a26a9,0.44666666666666677,0.9338607028213122,0.4871940361546454,15,0.0,1.0,0.44666666666666677,0.9338607028213122,1,1,0.4871940361546454,"{""energy"": 0.6666666666666667, ""water"": 0.2666666666666667, ""transport"": 0.33333333333333337}","{""energy"": 0.9360909782056993, ""water"": 1.0, ""transport"": 0.8647477051301085}","{""energy"": 0.26942431153903257, ""water"": 0.7333333333333333, ""transport"": 0.5314143717967751}","{""energy"": 0.0, ""water"": 0.0, ""transport"": 0.0}","{""energy"": 1.0, ""water"": 1.0, ""transport"": 1.0}","{""energy"": 1.0, ""water"": 1.0, ""transport"": 1.0}",0.3,0.1,,0.44666666666666677,1.0,0.5533333333333332,1,"{""energy"": 0.6666666666666667, ""water"": 0.2666666666666667, ""transport"": 0.33333333333333337}","{""energy"": 1.0, ""water"": 1.0, ""transport"": 1.0}","{""energy"": 0.33333333333333326, ""water"": 0.7333333333333333, ""transport"": 0.6666666666666666}",3,0.9338607028213122,,,"[""energy"", ""transport""]",1,v1.0,0.7,0.3
S4_water_partial,91,91,15912074883326657484,scenario=S4_water_partial|method=both|duration=0|theta=0.300000|delta_threshold=0.100000|A=v1.0|w=na|run_id=91|seed=15912074883326657484,False,"{""step_1_amount"": 0.9935623118528069}",5222c37788a096d3910624247b4a1e76a3afcfe0df2ea7ddd6490cebc16a26a9,0.44666666666666677,0.9249149562740453,0.47824828960737853,11,0.0,1.0,0.44666666666666677,0.9249149562740453,1,1,0.47824828960737853,"{""energy"": 0.6666666666666667, ""water"": 0.2666666666666667, ""transport"": 0.33333333333333337}","{""energy"": 0.9290688863003379, ""water"": 1.0, ""transport"": 0.8442913391797007}","{""energy"": 0.26240221963367116, ""water"": 0.7333333333333333, ""transport"": 0.5109580058463673}","{""energy"": 0.0, ""water"": 0.0, ""transport"": 0.0}","{""energy"": 1.0, ""water"": 1.0, ""transport"": 1.0}","{""energy"": 1.0, ""water"": 1.0, ""transport"": 1.0}",0.3,0.1,,0.44666666666666677,1.0,0.5533333333333332,1,"{""energy"": 0.6666666666666667, ""water"": 0.2666666666666667, ""transport"": 0.33333333333333337}","{""energy"": 1.0, ""water"": 1.0, ""transport"": 1.0}","{""energy"": 0.33333333333333326, ""water"": 0.7333333333333333, ""transport"": 0.6666666666666666}",3,0.9249149562740453,,,"[""energy"", ""transport""]",1,v1.0,0.7,0.3
S4_water_partial,92,92,7392199704636312351,scenario=S4_water_partial|method=both|duration=0|theta=0.300000|delta_threshold=0.100000|A=v1.0|w=na|run_id=92|seed=7392199704636312351,False,"{""step_1_amount"": 0.7191348278638516}",5222c37788a096d3910624247b4a1e76a3afcfe0df2ea7ddd6490cebc16a26a9,0.44666666666666677,0.7516583780366797,0.3049917113700129,18,0.0,0.0,0.44666666666666677,0.7516583780366797,0,1,0.3049917113700129,"{""energy"": 0.6666666666666667, ""water"": 0.2666666666666667, ""transport"": 0.33333333333333337}","{""energy"": 0.7964503736326297, ""water"": 0.9155852014964814, ""transport"": 0.5280088937822778}","{""energy"": 0.12978370696596297, ""water"": 0.6489185348298147, ""transport"": 0.1946755604489444}","{""energy"": 0.0, ""water"": 0.0, ""transport"": 0.0}","{""energy"": 0.0, ""water"": 0.0, ""transport"": 0.0}","{""energy"": 0.0, ""water"": 0.0, ""transport"": 0.0}",0.3,0.1,,0.44666666666666677,1.0,0.5533333333333332,1,"{""energy"": 0.6666666666666667, ""water"": 0.2666666666666667, ""transport"": 0.33333333333333337}","{""energy"": 1.0, ""water"": 1.0, ""transport"": 1.0}","{""energy"": 0.33333333333333326, ""water"": 0.7333333333333333, ""transport"": 0.6666666666666666}",3,0.7516583780366797,,,[],,v1.0,0.7,0.3
S4_water_partial,93,93,11504188257648308180,scenario=S4_water_partial|method=both|duration=0|theta=0.300000|delta_threshold=0.100000|A=v1.0|w=na|run_id=93|seed=11504188257648308180,False,"{""step_1_amount"": 1.055539234014646}",5222c37788a096d3910624247b4a1e76a3afcfe0df2ea7ddd6490cebc16a26a9,0.44666666666666677,0.8366666666666667,0.3899999999999999,30,0.0,1.0,0.44666666666666677,0.8366666666666667,1,1,0.3899999999999999,"{""energy"": 0.6666666666666667, ""water"": 0.2666666666666667, ""transport"": 0.33333333333333337}","{""energy"": 0.8666666666666667, ""water"": 1.0, ""transport"": 0.6333333333333333}","{""energy"": 0.19999999999999996, ""water"": 0.7333333333333333, ""transport"": 0.29999999999999993}","{""energy"": 0.0, ""water"": 0.0, ""transport"": 0.0}","{""energy"": 1.0, ""water"": 1.0, ""transport"": 1.0}","{""energy"": 1.0, ""water"": 1.0, ""transport"": 1.0}",0.3,0.1,,0.44666666666666677,1.0,0.5533333333333332,1,"{""energy"": 0.6666666666666667, ""water"": 0.2666666666666667, ""transport"": 0.33333333333333337}","{""energy"": 1.0, ""water"": 1.0, ""transport"": 1.0}","{""energy"": 0.33333333333333326, ""water"": 0.7333333333333333, ""transport"": 0.6666666666666666}",3,0.8366666666666667,,,"[""energy"", ""transport""]",1,v1.0,0.7,0.3
S4_water_partial,94,94,5635282467787295542,scenario=S4_water_partial|method=both|duration=0|theta=0.300000|delta_threshold=0.100000|A=v1.0|w=na|run_id=94|seed=5635282467787295542,False,"{""step_1_amount"": 0.6126551342927025}",5222c37788a096d3910624247b4a1e76a3afcfe0df2ea7ddd6490cebc16a26a9,0.44666666666666677,0.6891015580636294,0.24243489139696262,13,0.0,0.0,0.44666666666666677,0.6891015580636294,0,1,0.24243489139696262,"{""energy"": 0.6666666666666667, ""water"": 0.2666666666666667, ""transport"": 0.33333333333333337}","{""energy"": 0.7698304502398423, ""water"": 0.7824855845325448, ""transport"": 0.4880790086930968}","{""energy"": 0.10316378357317557, ""water"": 0.5158189178658781, ""transport"": 0.1547456753597634}","{""energy"": 0.0, ""water"": 0.0, ""transport"": 0.0}","{""energy"": 0.0, ""water"": 0.0, ""transport"": 0.0}","{""energy"": 0.0, ""water"": 0.0, ""transport"": 0.0}",0.3,0.1,,0.44666666666666677,1.0,0.5533333333333332,1,"{""energy"": 0.6666666666666667, ""water"": 0.2666666666666667, ""transport"": 0.33333333333333337}","{""energy"": 1.0, ""water"": 1.0, ""transport"": 1.0}","{""energy"": 0.33333333333333326, ""water"": 0.7333333333333333, ""transport"": 0.6666666666666666}",3,0.6891015580636294,,,[],,v1.0,0.7,0.3
S4_water_partial,95,95,3875456935289174021,scenario=S4_water_partial|method=both|duration=0|theta=0.300000|delta_threshold=0.100000|A=v1.0|w=na|run_id=95|seed=3875456935289174021,False,"{""step_1_amount"": 0.8564824220176318}",5222c37788a096d3910624247b4a1e76a3afcfe0df2ea7ddd6490cebc16a26a9,0.44666666666666677,0.8957854796840707,0.449118813017404,11,0.0,1.0,0.44666666666666677,0.8957854796840707,1,1,0.449118813017404,"{""energy"": 0.6666666666666667, ""water"": 0.2666666666666667, ""transport"": 0.33333333333333337}","{""energy"": 0.8947989138415442, ""water"": 1.0, ""transport"": 0.7928863804915101}","{""energy"": 0.22813224717487746, ""water"": 0.7333333333333333, ""transport"": 0.4595530471581767}","{""energy"": 0.0, ""water"": 0.0, ""transport"": 0.0}","{""energy"": 1.0, ""water"": 1.0, ""transport"": 1.0}","{""energy"": 1.0, ""water"": 1.0, ""transport"": 1.0}",0.3,0.1,,0.44666666666666677,1.0,0.5533333333333332,1,"{""energy"": 0.6666666666666667, ""water"": 0.2666666666666667, ""transport"": 0.33333333333333337}","{""energy"": 1.0, ""water"": 1.0, ""transport"": 1.0}","{""energy"": 0.33333333333333326, ""water"": 0.7333333333333333, ""transport"": 0.6666666666666666}",3,0.8957854796840707,,,"[""energy"", ""transport""]",1,v1.0,0.7,0.3
S4_water_partial,96,96,18169044808566949883,scenario=S4_water_partial|method=both|duration=0|theta=0.300000|delta_threshold=0.100000|A=v1.0|w=na|run_id=96|seed=18169044808566949883,False,"{""step_1_amount"": 0.2004073375390265}",5222c37788a096d3910624247b4a1e76a3afcfe0df2ea7ddd6490cebc16a26a9,0.44666666666666677,0.4469059774708447,0.00023931080417793904,21,0.0,0.0,0.44666666666666677,0.4469059774708447,0,0,0.00023931080417793904,"{""energy"": 0.6666666666666667, ""water"": 0.2666666666666667, ""transport"": 0.33333333333333337}","{""energy"": 0.6667685010514234, ""water"": 0.2671758385904498, ""transport"": 0.3334860849104683}","{""energy"": 0.00010183438475663831, ""water"": 0.0005091719237830805, ""transport"": 0.00015275157713490195}","{""energy"": 0.0, ""water"": 0.0, ""transport"": 0.0}","{""energy"": 0.0, ""water"": 0.0, ""transport"": 0.0}","{""energy"": 0.0, ""water"": 0.0, ""transport"": 0.0}",0.3,0.1,,0.44666666666666677,1.0,0.5533333333333332,1,"{""energy"": 0.6666666666666667, ""water"": 0.2666666666666667, ""transport"": 0.33333333333333337}","{""energy"": 1.0, ""water"": 1.0, ""transport"": 1.0}","{""energy"": 0.33333333333333326, ""water"": 0.7333333333333333, ""transport"": 0.6666666666666666}",4,0.4469059774708447,,,[],,v1.0,0.7,0.3
S4_water_partial,97,97,16980838789281089329,scenario=S4_water_partial|method=both|duration=0|theta=0.300000|delta_threshold=0.100000|A=v1.0|w=na|run_id=97|seed=16980838789281089329,False,"{""step_1_amount"": 0.7698923590765325}",5222c37788a096d3910624247b4a1e76a3afcfe0df2ea7ddd6490cebc16a26a9,0.44666666666666677,0.7814784276241296,0.3348117609574628,11,0.0,1.0,0.44666666666666677,0.7814784276241296,1,1,0.3348117609574628,"{""energy"": 0.6666666666666667, ""water"": 0.2666666666666667, ""transport"": 0.33333333333333337}","{""energy"": 0.8091397564357998, ""water"": 0.9790321155123324, ""transport"": 0.547042967987033}","{""energy"": 0.1424730897691331, ""water"": 0.7123654488456657, ""transport"": 0.21370963465369963}","{""energy"": 0.0, ""water"": 0.0, ""transport"": 0.0}","{""energy"": 1.0, ""water"": 1.0, ""transport"": 1.0}","{""energy"": 1.0, ""water"": 1.0, ""transport"": 1.0}",0.3,0.1,,0.44666666666666677,1.0,0.5533333333333332,1,"{""energy"": 0.6666666666666667, ""water"": 0.2666666666666667, ""transport"": 0.33333333333333337}","{""energy"": 1.0, ""water"": 1.0, ""transport"": 1.0}","{""energy"": 0.33333333333333326, ""water"": 0.7333333333333333, ""transport"": 0.6666666666666666}",3,0.7814784276241296,,,"[""energy"", ""transport""]",1,v1.0,0.7,0.3
S4_water_partial,98,98,17896873331811656149,scenario=S4_water_partial|method=both|duration=0|theta=0.300000|delta_threshold=0.100000|A=v1.0|w=na|run_id=98|seed=17896873331811656149,False,"{""step_1_amount"": 0.896270864177491}",5222c37788a096d3910624247b4a1e76a3afcfe0df2ea7ddd6490cebc16a26a9,0.44666666666666677,0.9373793474930032,0.49071268082633646,9,0.0,1.0,0.44666666666666677,0.9373793474930032,1,1,0.49071268082633646,"{""energy"": 0.6666666666666667, ""water"": 0.2666666666666667, ""transport"": 0.33333333333333337}","{""energy"": 0.9284166128457678, ""water"": 1.0, ""transport"": 0.8867090078489871}","{""energy"": 0.2617499461791011, ""water"": 0.7333333333333333, ""transport"": 0.5533756745156537}","{""energy"": 0.0, ""water"": 0.0, ""transport"": 0.0}","{""energy"": 1.0, ""water"": 1.0, ""transport"": 1.0}","{""energy"": 1.0, ""water"": 1.0, ""transport"": 1.0}",0.3,0.1,,0.44666666666666677,1.0,0.5533333333333332,1,"{""energy"": 0.6666666666666667, ""water"": 0.2666666666666667, ""transport"": 0.33333333333333337}","{""energy"": 1.0, ""water"": 1.0, ""transport"": 1.0}","{""energy"": 0.33333333333333326, ""water"": 0.7333333333333333, ""transport"": 0.6666666666666666}",3,0.9373793474930032,,,"[""energy"", ""transport""]",1,v1.0,0.7,0.3
S4_water_partial,99,99,7529843156918877302,scenario=S4_water_partial|method=both|duration=0|theta=0.300000|delta_threshold=0.100000|A=v1.0|w=na|run_id=99|seed=7529843156918877302,False,"{""step_1_amount"": 0.7232984174288544}",5222c37788a096d3910624247b4a1e76a3afcfe0df2ea7ddd6490cebc16a26a9,0.44666666666666677,0.8724396087007249,0.42577294203405813,19,0.0,0.0,0.44666666666666677,0.8724396087007249,0,1,0.42577294203405813,"{""energy"": 0.6666666666666667, ""water"": 0.2666666666666667, ""transport"": 0.33333333333333337}","{""energy"": 0.8714507221455092, ""water"": 0.9700959892004872, ""transport"": 0.7761017436079167}","{""energy"": 0.20478405547884249, ""water"": 0.7034293225338205, ""transport"": 0.44276841027458336}","{""energy"": 0.0, ""water"": 0.0, ""transport"": 0.0}","{""energy"": 0.0, ""water"": 0.0, ""transport"": 0.0}","{""energy"": 0.0, ""water"": 0.0, ""transport"": 0.0}",0.3,0.1,,0.44666666666666677,1.0,0.5533333333333332,1,"{""energy"": 0.6666666666666667, ""water"": 0.2666666666666667, ""transport"": 0.33333333333333337}","{""energy"": 1.0, ""water"": 1.0, ""transport"": 1.0}","{""energy"": 0.33333333333333326, ""water"": 0.7333333333333333, ""transport"": 0.6666666666666666}",3,0.8724396087007249,,,[],,v1.0,0.7,0.3
S4_water_partial,100,100,6236880601955346558,scenario=S4_water_partial|method=both|duration=0|theta=0.300000|delta_threshold=0.100000|A=v1.0|w=na|run_id=100|seed=6236880601955346558,False,"{""step_1_amount"": 0.30965722796098144}",5222c37788a096d3910624247b4a1e76a3afcfe0df2ea7ddd6490cebc16a26a9,0.44666666666666677,0.5110902880937434,0.06442362142707658,18,0.0,0.0,0.44666666666666677,0.5110902880937434,0,0,0.06442362142707658,"{""energy"": 0.6666666666666667, ""water"": 0.2666666666666667, ""transport"": 0.33333333333333337}","{""energy"": 0.6940809736569121, ""water"": 0.40373820161789353, ""transport"": 0.3744547938187014}","{""energy"": 0.027414306990245385, ""water"": 0.13707153495122681, ""transport"": 0.04112146048536802}","{""energy"": 0.0, ""water"": 0.0, ""transport"": 0.0}","{""energy"": 0.0, ""water"": 0.0, ""transport"": 0.0}","{""energy"": 0.0, ""water"": 0.0, ""transport"": 0.0}",0.3,0.1,,0.44666666666666677,1.0,0.5533333333333332,1,"{""energy"": 0.6666666666666667, ""water"": 0.2666666666666667, ""transport"": 0.33333333333333337}","{""energy"": 1.0, ""water"": 1.0, ""transport"": 1.0}","{""energy"": 0.33333333333333326, ""water"": 0.7333333333333333, ""transport"": 0.6666666666666666}",4,0.5110902880937434,,,[],,v1.0,0.7,0.3
S4_water_partial,101,101,3202870699627197442,scenario=S4_water_partial|method=both|duration=0|theta=0.300000|delta_threshold=0.100000|A=v1.0|w=na|run_id=101|seed=3202870699627197442,False,"{""step_1_amount"": 1.1544945939689524}",5222c37788a096d3910624247b4a1e76a3afcfe0df2ea7ddd6490cebc16a26a9,0.44666666666666677,0.9302963557536641,0.4836296890869973,16,0.0,1.0,0.44666666666666677,0.9302963557536641,1,1,0.4836296890869973,"{""energy"": 0.6666666666666667, ""water"": 0.2666666666666667, ""transport"": 0.33333333333333337}","{""energy"": 0.933545016014522, ""water"": 1.0, ""transport"": 0.8562611644928511}","{""energy"": 0.26687834934785526, ""water"": 0.7333333333333333, ""transport"": 0.5229278311595177}","{""energy"": 0.0, ""water"": 0.0, ""transport"": 0.0}","{""energy"": 1.0, ""water"": 1.0, ""transport"": 1.0}","{""energy"": 1.0, ""water"": 1.0, ""transport"": 1.0}",0.3,0.1,,0.44666666666666677,1.0,0.5533333333333332,1,"{""energy"": 0.6666666666666667, ""water"": 0.2666666666666667, ""transport"": 0.33333333333333337}","{""energy"": 1.0, ""water"": 1.0, ""transport"": 1.0}","{""energy"": 0.33333333333333326, ""water"": 0.7333333333333333, ""transport"": 0.6666666666666666}",3,0.9302963557536641,,,"[""energy"", ""transport""]",1,v1.0,0.7,0.3
S4_water_partial,102,102,9645308021149465444,scenario=S4_water_partial|method=both|duration=0|theta=0.300000|delta_threshold=0.100000|A=v1.0|w=na|run_id=102|seed=9645308021149465444,False,"{""step_1_amount"": 1.3700671804771374}",5222c37788a096d3910624247b4a1e76a3afcfe0df2ea7ddd6490cebc16a26a9,0.44666666666666677,0.8366666666666667,0.3899999999999999,8,0.0,1.0,0.44666666666666677,0.8366666666666667,1,1,0.3899999999999999,"{""energy"": 0.6666666666666667, ""water"": 0.2666666666666667, ""transport"": 0.33333333333333337}","{""energy"": 0.8666666666666667, ""water"": 1.0, ""transport"": 0.6333333333333333}","{""energy"": 0.19999999999999996, ""water"": 0.7333333333333333, ""transport"": 0.29999999999999993}","{""energy"": 0.0, ""water"": 0.0, ""transport"": 0.0}","{""energy"": 1.0, ""water"": 1.0, ""transport"": 1.0}","{""energy"": 1.0, ""water"": 1.0, ""transport"": 1.0}",0.3,0.1,,0.44666666666666677,1.0,0.5533333333333332,1,"{""energy"": 0.6666666666666667, ""water"": 0.2666666666666667, ""transport"": 0.33333333333333337}","{""energy"": 1.0, ""water"": 1.0, ""transport"": 1.0}","{""energy"": 0.33333333333333326, ""water"": 0.7333333333333333, ""transport"": 0.6666666666666666}",3,0.8366666666666667,,,"[""energy"", ""transport""]",1,v1.0,0.7,0.3
S4_water_partial,103,103,2872931880959988800,scenario=S4_water_partial|method=both|duration=0|theta=0.300000|delta_threshold=0.100000|A=v1.0|w=na|run_id=103|seed=2872931880959988800,False,"{""step_1_amount"": 0.5410188733279653}",5222c37788a096d3910624247b4a1e76a3afcfe0df2ea7ddd6490cebc16a26a9,0.44666666666666677,0.6470152547468463,0.20034858808017952,26,0.0,0.0,0.44666666666666677,0.6470152547468463,0,1,0.20034858808017952,"{""energy"": 0.6666666666666667, ""water"": 0.2666666666666667, ""transport"": 0.33333333333333337}","{""energy"": 0.751921384998658, ""water"": 0.6929402583266233, ""transport"": 0.46121541083132034}","{""energy"": 0.08525471833199127, ""water"": 0.4262735916599566, ""transport"": 0.12788207749798697}","{""energy"": 0.0, ""water"": 0.0, ""transport"": 0.0}","{""energy"": 0.0, ""water"": 0.0, ""transport"": 0.0}","{""energy"": 0.0, ""water"": 0.0, ""transport"": 0.0}",0.3,0.1,,0.44666666666666677,1.0,0.5533333333333332,1,"{""energy"": 0.6666666666666667, ""water"": 0.2666666666666667, ""transport"": 0.33333333333333337}","{""energy"": 1.0, ""water"": 1.0, ""transport"": 1.0}","{""energy"": 0.33333333333333326, ""water"": 0.7333333333333333, ""transport"": 0.6666666666666666}",3,0.6470152547468463,,,[],,v1.0,0.7,0.3
S4_water_partial,104,104,12882127452950557209,scenario=S4_water_partial|method=both|duration=0|theta=0.300000|delta_threshold=0.100000|A=v1.0|w=na|run_id=104|seed=12882127452950557209,False,"{""step_1_amount"": 1.1116302061162577}",5222c37788a096d3910624247b4a1e76a3afcfe0df2ea7ddd6490cebc16a26a9,0.44666666666666677,0.8366666666666667,0.3899999999999999,29,0.0,1.0,0.44666666666666677,0.8366666666666667,1,1,0.3899999999999999,"{""energy"": 0.6666666666666667, ""water"": 0.2666666666666667, ""transport"": 0.33333333333333337}","{""energy"": 0.8666666666666667, ""water"": 1.0, ""transport"": 0.6333333333333333}","{""energy"": 0.19999999999999996, ""water"": 0.7333333333333333, ""transport"": 0.29999999999999993}","{""energy"": 0.0, ""water"": 0.0, ""transport"": 0.0}","{""energy"": 1.0, ""water"": 1.0, ""transport"": 1.0}","{""energy"": 1.0, ""water"": 1.0, ""transport"": 1.0}",0.3,0.1,,0.44666666666666677,1.0,0.5533333333333332,1,"{""energy"": 0.6666666666666667, ""water"": 0.2666666666666667, ""transport"": 0.33333333333333337}","{""energy"": 1.0, ""water"": 1.0, ""transport"": 1.0}","{""energy"": 0.33333333333333326, ""water"": 0.7333333333333333, ""transport"": 0.6666666666666666}",3,0.8366666666666667,,,"[""energy"", ""transport""]",1,v1.0,0.7,0.3
S4_water_partial,105,105,3259301995958845072,scenario=S4_water_partial|method=both|duration=0|theta=0.300000|delta_threshold=0.100000|A=v1.0|w=na|run_id=105|seed=3259301995958845072,False,"{""step_1_amount"": 1.0383888486458122}",5222c37788a096d3910624247b4a1e76a3afcfe0df2ea7ddd6490cebc16a26a9,0.44666666666666677,0.8366666666666667,0.3899999999999999,13,0.0,1.0,0.44666666666666677,0.8366666666666667,1,1,0.3899999999999999,"{""energy"": 0.6666666666666667, ""water"": 0.2666666666666667, ""transport"": 0.33333333333333337}","{""energy"": 0.8666666666666667, ""water"": 1.0, ""transport"": 0.6333333333333333}","{""energy"": 0.19999999999999996, ""water"": 0.7333333333333333, ""transport"": 0.29999999999999993}","{""energy"": 0.0, ""water"": 0.0, ""transport"": 0.0}","{""energy"": 1.0, ""water"": 1.0, ""transport"": 1.0}","{""energy"": 1.0, ""water"": 1.0, ""transport"": 1.0}",0.3,0.1,,0.44666666666666677,1.0,0.5533333333333332,1,"{""energy"": 0.6666666666666667, ""water"": 0.2666666666666667, ""transport"": 0.33333333333333337}","{""energy"": 1.0, ""water"": 1.0, ""transport"": 1.0}","{""energy"": 0.33333333333333326, ""water"": 0.7333333333333333, ""transport"": 0.6666666666666666}",3,0.8366666666666667,,,"[""energy"", ""transport""]",1,v1.0,0.7,0.3
S4_water_partial,106,106,6363985526561579889,scenario=S4_water_partial|method=both|duration=0|theta=0.300000|delta_threshold=0.100000|A=v1.0|w=na|run_id=106|seed=6363985526561579889,False,"{""step_1_amount"": 0.6975949883486645}",5222c37788a096d3910624247b4a1e76a3afcfe0df2ea7ddd6490cebc16a26a9,0.44666666666666677,1.0,0.5533333333333332,11,0.0,1.0,0.44666666666666677,1.0,1,1,0.5533333333333332,"{""energy"": 0.6666666666666667, ""water"": 0.2666666666666667, ""transport"": 0.33333333333333337}","{""energy"": 1.0, ""water"": 1.0, ""transport"": 1.0}","{""energy"": 0.33333333333333326, ""water"": 0.7333333333333333, ""transport"": 0.6666666666666666}","{""energy"": 0.0, ""water"": 0.0, ""transport"": 0.0}","{""energy"": 1.0, ""water"": 1.0, ""transport"": 1.0}","{""energy"": 1.0, ""water"": 1.0, ""transport"": 1.0}",0.3,0.1,,0.44666666666666677,1.0,0.5533333333333332,1,"{""energy"": 0.6666666666666667, ""water"": 0.2666666666666667, ""transport"": 0.33333333333333337}","{""energy"": 1.0, ""water"": 1.0, ""transport"": 1.0}","{""energy"": 0.33333333333333326, ""water"": 0.7333333333333333, ""transport"": 0.6666666666666666}",2,1.0,,,"[""energy"", ""transport""]",2,v1.0,0.7,0.3
S4_water_partial,107,107,13972553651988277184,scenario=S4_water_partial|method=both|duration=0|theta=0.300000|delta_threshold=0.100000|A=v1.0|w=na|run_id=107|seed=13972553651988277184,False,"{""step_1_amount"": 0.5996535640027216}",5222c37788a096d3910624247b4a1e76a3afcfe0df2ea7ddd6490cebc16a26a9,0.44666666666666677,0.6814631355182657,0.23479646885159888,14,0.0,0.0,0.44666666666666677,0.6814631355182657,0,1,0.23479646885159888,"{""energy"": 0.6666666666666667, ""water"": 0.2666666666666667, ""transport"": 0.33333333333333337}","{""energy"": 0.7665800576673472, ""water"": 0.7662336216700687, ""transport"": 0.483203419834354}","{""energy"": 0.09991339100068042, ""water"": 0.499566955003402, ""transport"": 0.14987008650102063}","{""energy"": 0.0, ""water"": 0.0, ""transport"": 0.0}","{""energy"": 0.0, ""water"": 0.0, ""transport"": 0.0}","{""energy"": 0.0, ""water"": 0.0, ""transport"": 0.0}",0.3,0.1,,0.44666666666666677,1.0,0.5533333333333332,1,"{""energy"": 0.6666666666666667, ""water"": 0.2666666666666667, ""transport"": 0.33333333333333337}","{""energy"": 1.0, ""water"": 1.0, ""transport"": 1.0}","{""energy"": 0.33333333333333326, ""water"": 0.7333333333333333, ""transport"": 0.6666666666666666}",3,0.6814631355182657,,,[],,v1.0,0.7,0.3
S4_water_partial,108,108,4231657141098102745,scenario=S4_water_partial|method=both|duration=0|theta=0.300000|delta_threshold=0.100000|A=v1.0|w=na|run_id=108|seed=4231657141098102745,False,"{""step_1_amount"": 0.7661176018088184}",5222c37788a096d3910624247b4a1e76a3afcfe0df2ea7ddd6490cebc16a26a9,0.44666666666666677,0.7997712904433713,0.3531046237767045,18,0.0,1.0,0.44666666666666677,0.7997712904433713,1,1,0.3531046237767045,"{""energy"": 0.6666666666666667, ""water"": 0.2666666666666667, ""transport"": 0.33333333333333337}","{""energy"": 0.8232603416980837, ""water"": 1.0, ""transport"": 0.5682238458804588}","{""energy"": 0.15659367503141697, ""water"": 0.7333333333333333, ""transport"": 0.23489051254712545}","{""energy"": 0.0, ""water"": 0.0, ""transport"": 0.0}","{""energy"": 1.0, ""water"": 1.0, ""transport"": 1.0}","{""energy"": 1.0, ""water"": 1.0, ""transport"": 1.0}",0.3,0.1,,0.44666666666666677,1.0,0.5533333333333332,1,"{""energy"": 0.6666666666666667, ""water"": 0.2666666666666667, ""transport"": 0.33333333333333337}","{""energy"": 1.0, ""water"": 1.0, ""transport"": 1.0}","{""energy"": 0.33333333333333326, ""water"": 0.7333333333333333, ""transport"": 0.6666666666666666}",3,0.7997712904433713,,,"[""energy"", ""transport""]",1,v1.0,0.7,0.3
S4_water_partial,109,109,11558983879828057581,scenario=S4_water_partial|method=both|duration=0|theta=0.300000|delta_threshold=0.100000|A=v1.0|w=na|run_id=109|seed=11558983879828057581,False,"{""step_1_amount"": 0.7502739657474516}",5222c37788a096d3910624247b4a1e76a3afcfe0df2ea7ddd6490cebc16a26a9,0.44666666666666677,0.7699526215432946,0.3232859548766278,28,0.0,0.0,0.44666666666666677,0.7699526215432946,0,1,0.3232859548766278,"{""energy"": 0.6666666666666667, ""water"": 0.2666666666666667, ""transport"": 0.33333333333333337}","{""energy"": 0.8042351581035296, ""water"": 0.9545091238509812, ""transport"": 0.5396860704886277}","{""energy"": 0.1375684914368629, ""water"": 0.6878424571843145, ""transport"": 0.20635273715529434}","{""energy"": 0.0, ""water"": 0.0, ""transport"": 0.0}","{""energy"": 0.0, ""water"": 0.0, ""transport"": 0.0}","{""energy"": 0.0, ""water"": 0.0, ""transport"": 0.0}",0.3,0.1,,0.44666666666666677,1.0,0.5533333333333332,1,"{""energy"": 0.6666666666666667, ""water"": 0.2666666666666667, ""transport"": 0.33333333333333337}","{""energy"": 1.0, ""water"": 1.0, ""transport"": 1.0}","{""energy"": 0.33333333333333326, ""water"": 0.7333333333333333, ""transport"": 0.6666666666666666}",3,0.7699526215432946,,,[],,v1.0,0.7,0.3
S4_water_partial,110,110,9717427414962563713,scenario=S4_water_partial|method=both|duration=0|theta=0.300000|delta_threshold=0.100000|A=v1.0|w=na|run_id=110|seed=9717427414962563713,False,"{""step_1_amount"": 0.4558247908212525}",5222c37788a096d3910624247b4a1e76a3afcfe0df2ea7ddd6490cebc16a26a9,0.44666666666666677,0.5969637312741526,0.15029706460748582,24,0.0,0.0,0.44666666666666677,0.5969637312741526,0,0,0.15029706460748582,"{""energy"": 0.6666666666666667, ""water"": 0.2666666666666667, ""transport"": 0.33333333333333337}","{""energy"": 0.7306228643719799, ""water"": 0.5864476551932323, ""transport"": 0.429267629891303}","{""energy"": 0.06395619770531313, ""water"": 0.31978098852656556, ""transport"": 0.09593429655796964}","{""energy"": 0.0, ""water"": 0.0, ""transport"": 0.0}","{""energy"": 0.0, ""water"": 0.0, ""transport"": 0.0}","{""energy"": 0.0, ""water"": 0.0, ""transport"": 0.0}",0.3,0.1,,0.44666666666666677,1.0,0.5533333333333332,1,"{""energy"": 0.6666666666666667, ""water"": 0.2666666666666667, ""transport"": 0.33333333333333337}","{""energy"": 1.0, ""water"": 1.0, ""transport"": 1.0}","{""energy"": 0.33333333333333326, ""water"": 0.7333333333333333, ""transport"": 0.6666666666666666}",4,0.5969637312741526,,,[],,v1.0,0.7,0.3
S4_water_partial,111,111,17832487453011794874,scenario=S4_water_partial|method=both|duration=0|theta=0.300000|delta_threshold=0.100000|A=v1.0|w=na|run_id=111|seed=17832487453011794874,False,"{""step_1_amount"": 0.4022423683723794}",5222c37788a096d3910624247b4a1e76a3afcfe0df2ea7ddd6490cebc16a26a9,0.44666666666666677,0.5654840580854396,0.11881739141877279,28,0.0,0.0,0.44666666666666677,0.5654840580854396,0,0,0.11881739141877279,"{""energy"": 0.6666666666666667, ""water"": 0.2666666666666667, ""transport"": 0.33333333333333337}","{""energy"": 0.7172272587597616, ""water"": 0.5194696271321408, ""transport"": 0.4091742214729756}","{""energy"": 0.050560592093094825, ""water"": 0.2528029604654741, ""transport"": 0.07584088813964224}","{""energy"": 0.0, ""water"": 0.0, ""transport"": 0.0}","{""energy"": 0.0, ""water"": 0.0, ""transport"": 0.0}","{""energy"": 0.0, ""water"": 0.0, ""transport"": 0.0}",0.3,0.1,,0.44666666666666677,1.0,0.5533333333333332,1,"{""energy"": 0.6666666666666667, ""water"": 0.2666666666666667, ""transport"": 0.33333333333333337}","{""energy"": 1.0, ""water"": 1.0, ""transport"": 1.0}","{""energy"": 0.33333333333333326, ""water"": 0.7333333333333333, ""transport"": 0.6666666666666666}",4,0.5654840580854396,,,[],,v1.0,0.7,0.3
S4_water_partial,112,112,2064569625172225795,scenario=S4_water_partial|method=both|duration=0|theta=0.300000|delta_threshold=0.100000|A=v1.0|w=na|run_id=112|seed=2064569625172225795,False,"{""step_1_amount"": 0.44020600703450025}",5222c37788a096d3910624247b4a1e76a3afcfe0df2ea7ddd6490cebc16a26a9,0.44666666666666677,0.877374587040558,0.4307079203738913,23,0.0,0.0,0.44666666666666677,0.877374587040558,0,1,0.4307079203738913,"{""energy"": 0.6666666666666667, ""water"": 0.2666666666666667, ""transport"": 0.33333333333333337}","{""energy"": 0.9210682801461312, ""water"": 0.6964909166070183, ""transport"": 1.0}","{""energy"": 0.25440161347946444, ""water"": 0.4298242499403516, ""transport"": 0.6666666666666666}","{""energy"": 0.0, ""water"": 0.0, ""transport"": 0.0}","{""energy"": 0.0, ""water"": 0.0, ""transport"": 0.0}","{""energy"": 0.0, ""water"": 0.0, ""transport"": 0.0}",0.3,0.1,,0.44666666666666677,1.0,0.5533333333333332,1,"{""energy"": 0.6666666666666667, ""water"": 0.2666666666666667, ""transport"": 0.33333333333333337}","{""energy"": 1.0, ""water"": 1.0, ""transport"": 1.0}","{""energy"": 0.33333333333333326, ""water"": 0.7333333333333333, ""transport"": 0.6666666666666666}",3,0.877374587040558,,,[],,v1.0,0.7,0.3
S4_water_partial,113,113,10983703025618322661,scenario=S4_water_partial|method=both|duration=0|theta=0.300000|delta_threshold=0.100000|A=v1.0|w=na|run_id=113|seed=10983703025618322661,False,"{""step_1_amount"": 0.6473338405396365}",5222c37788a096d3910624247b4a1e76a3afcfe0df2ea7ddd6490cebc16a26a9,0.44666666666666677,0.7094752979837031,0.26280863131703636,19,0.0,0.0,0.44666666666666677,0.7094752979837031,0,1,0.26280863131703636,"{""energy"": 0.6666666666666667, ""water"": 0.2666666666666667, ""transport"": 0.33333333333333337}","{""energy"": 0.7785001268015759, ""water"": 0.8258339673412124, ""transport"": 0.5010835235356971}","{""energy"": 0.11183346013490914, ""water"": 0.5591673006745457, ""transport"": 0.1677501902023637}","{""energy"": 0.0, ""water"": 0.0, ""transport"": 0.0}","{""energy"": 0.0, ""water"": 0.0, ""transport"": 0.0}","{""energy"": 0.0, ""water"": 0.0, ""transport"": 0.0}",0.3,0.1,,0.44666666666666677,1.0,0.5533333333333332,1,"{""energy"": 0.6666666666666667, ""water"": 0.2666666666666667, ""transport"": 0.33333333333333337}","{""energy"": 1.0, ""water"": 1.0, ""transport"": 1.0}","{""energy"": 0.33333333333333326, ""water"": 0.7333333333333333, ""transport"": 0.6666666666666666}",3,0.7094752979837031,,,[],,v1.0,0.7,0.3
S4_water_partial,114,114,11590338830153397132,scenario=S4_water_partial|method=both|duration=0|theta=0.300000|delta_threshold=0.100000|A=v1.0|w=na|run_id=114|seed=11590338830153397132,False,"{""step_1_amount"": 0.5504677500183939}",5222c37788a096d3910624247b4a1e76a3afcfe0df2ea7ddd6490cebc16a26a9,0.44666666666666677,0.73269462080397,0.2860279541373032,18,0.0,0.0,0.44666666666666677,0.73269462080397,0,1,0.2860279541373032,"{""energy"": 0.6666666666666667, ""water"": 0.2666666666666667, ""transport"": 0.33333333333333337}","{""energy"": 0.788380689703817, ""water"": 0.8752367818524182, ""transport"": 0.5159043678890588}","{""energy"": 0.12171402303715029, ""water"": 0.6085701151857514, ""transport"": 0.18257103455572543}","{""energy"": 0.0, ""water"": 0.0, ""transport"": 0.0}","{""energy"": 0.0, ""water"": 0.0, ""transport"": 0.0}","{""energy"": 0.0, ""water"": 0.0, ""transport"": 0.0}",0.3,0.1,,0.44666666666666677,1.0,0.5533333333333332,1,"{""energy"": 0.6666666666666667, ""water"": 0.2666666666666667, ""transport"": 0.33333333333333337}","{""energy"": 1.0, ""water"": 1.0, ""transport"": 1.0}","{""energy"": 0.33333333333333326, ""water"": 0.7333333333333333, ""transport"": 0.6666666666666666}",3,0.73269462080397,,,[],,v1.0,0.7,0.3
S4_water_partial,115,115,13134083137611370163,scenario=S4_water_partial|method=both|duration=0|theta=0.300000|delta_threshold=0.100000|A=v1.0|w=na|run_id=115|seed=13134083137611370163,False,"{""step_1_amount"": 0.5345105232559465}",5222c37788a096d3910624247b4a1e76a3afcfe0df2ea7ddd6490cebc16a26a9,0.44666666666666677,0.9919386228323019,0.5452719561656352,22,0.0,1.0,0.44666666666666677,0.9919386228323019,1,1,0.5452719561656352,"{""energy"": 0.6666666666666667, ""water"": 0.2666666666666667, ""transport"": 0.33333333333333337}","{""energy"": 1.0, ""water"": 0.9731287427743397, ""transport"": 1.0}","{""energy"": 0.33333333333333326, ""water"": 0.706462076107673, ""transport"": 0.6666666666666666}","{""energy"": 0.0, ""water"": 0.0, ""transport"": 0.0}","{""energy"": 1.0, ""water"": 1.0, ""transport"": 1.0}","{""energy"": 1.0, ""water"": 1.0, ""transport"": 1.0}",0.3,0.1,,0.44666666666666677,1.0,0.5533333333333332,1,"{""energy"": 0.6666666666666667, ""water"": 0.2666666666666667, ""transport"": 0.33333333333333337}","{""energy"": 1.0, ""water"": 1.0, ""transport"": 1.0}","{""energy"": 0.33333333333333326, ""water"": 0.7333333333333333, ""transport"": 0.6666666666666666}",3,0.9919386228323019,,,"[""energy"", ""transport""]",2,v1.0,0.7,0.3
S4_water_partial,116,116,5437935216268317803,scenario=S4_water_partial|method=both|duration=0|theta=0.300000|delta_threshold=0.100000|A=v1.0|w=na|run_id=116|seed=5437935216268317803,False,"{""step_1_amount"": 0.8784315038823165}",5222c37788a096d3910624247b4a1e76a3afcfe0df2ea7ddd6490cebc16a26a9,0.44666666666666677,0.8108333612416591,0.3641666945749923,12,0.0,1.0,0.44666666666666677,0.8108333612416591,1,1,0.3641666945749923,"{""energy"": 0.6666666666666667, ""water"": 0.2666666666666667, ""transport"": 0.33333333333333337}","{""energy"": 0.8362745426372459, ""water"": 1.0, ""transport"": 0.5877451472892021}","{""energy"": 0.16960787597057914, ""water"": 0.7333333333333333, ""transport"": 0.25441181395586876}","{""energy"": 0.0, ""water"": 0.0, ""transport"": 0.0}","{""energy"": 1.0, ""water"": 1.0, ""transport"": 1.0}","{""energy"": 1.0, ""water"": 1.0, ""transport"": 1.0}",0.3,0.1,,0.44666666666666677,1.0,0.5533333333333332,1,"{""energy"": 0.6666666666666667, ""water"": 0.2666666666666667, ""transport"": 0.33333333333333337}","{""energy"": 1.0, ""water"": 1.0, ""transport"": 1.0}","{""energy"": 0.33333333333333326, ""water"": 0.7333333333333333, ""transport"": 0.6666666666666666}",3,0.8108333612416591,,,"[""energy"", ""transport""]",1,v1.0,0.7,0.3
S4_water_partial,117,117,17299668817907180624,scenario=S4_water_partial|method=both|duration=0|theta=0.300000|delta_threshold=0.100000|A=v1.0|w=na|run_id=117|seed=17299668817907180624,False,"{""step_1_amount"": 0.6804312374982531}",5222c37788a096d3910624247b4a1e76a3afcfe0df2ea7ddd6490cebc16a26a9,0.44666666666666677,0.7289200186968905,0.2822533520302237,27,0.0,0.0,0.44666666666666677,0.7289200186968905,0,1,0.2822533520302237,"{""energy"": 0.6666666666666667, ""water"": 0.2666666666666667, ""transport"": 0.33333333333333337}","{""energy"": 0.7867744760412301, ""water"": 0.8672057135394831, ""transport"": 0.5134950473951783}","{""energy"": 0.12010780937456333, ""water"": 0.6005390468728163, ""transport"": 0.1801617140618449}","{""energy"": 0.0, ""water"": 0.0, ""transport"": 0.0}","{""energy"": 0.0, ""water"": 0.0, ""transport"": 0.0}","{""energy"": 0.0, ""water"": 0.0, ""transport"": 0.0}",0.3,0.1,,0.44666666666666677,1.0,0.5533333333333332,1,"{""energy"": 0.6666666666666667, ""water"": 0.2666666666666667, ""transport"": 0.33333333333333337}","{""energy"": 1.0, ""water"": 1.0, ""transport"": 1.0}","{""energy"": 0.33333333333333326, ""water"": 0.7333333333333333, ""transport"": 0.6666666666666666}",3,0.7289200186968905,,,[],,v1.0,0.7,0.3
S4_water_partial,118,118,16889645723530469267,scenario=S4_water_partial|method=both|duration=0|theta=0.300000|delta_threshold=0.100000|A=v1.0|w=na|run_id=118|seed=16889645723530469267,False,"{""step_1_amount"": 1.2241466080950474}",5222c37788a096d3910624247b4a1e76a3afcfe0df2ea7ddd6490cebc16a26a9,0.44666666666666677,1.0,0.5533333333333332,29,0.0,1.0,0.44666666666666677,1.0,1,1,0.5533333333333332,"{""energy"": 0.6666666666666667, ""water"": 0.2666666666666667, ""transport"": 0.33333333333333337}","{""energy"": 1.0, ""water"": 1.0, ""transport"": 1.0}","{""energy"": 0.33333333333333326, ""water"": 0.7333333333333333, ""transport"": 0.6666666666666666}","{""energy"": 0.0, ""water"": 0.0, ""transport"": 0.0}","{""energy"": 1.0, ""water"": 1.0, ""transport"": 1.0}","{""energy"": 1.0, ""water"": 1.0, ""transport"": 1.0}",0.3,0.1,,0.44666666666666677,1.0,0.5533333333333332,1,"{""energy"": 0.6666666666666667, ""water"": 0.2666666666666667, ""transport"": 0.33333333333333337}","{""energy"": 1.0, ""water"": 1.0, ""transport"": 1.0}","{""energy"": 0.33333333333333326, ""water"": 0.7333333333333333, ""transport"": 0.6666666666666666}",2,1.0,,,"[""energy"", ""transport""]",1,v1.0,0.7,0.3
S4_water_partial,119,119,3568346795489745485,scenario=S4_water_partial|method=both|duration=0|theta=0.300000|delta_threshold=0.100000|A=v1.0|w=na|run_id=119|seed=3568346795489745485,False,"{""step_1_amount"": 0.920243881568078}",5222c37788a096d3910624247b4a1e76a3afcfe0df2ea7ddd6490cebc16a26a9,0.44666666666666677,0.8197184914998833,0.3730518248332165,5,0.0,1.0,0.44666666666666677,0.8197184914998833,1,1,0.3730518248332165,"{""energy"": 0.6666666666666667, ""water"": 0.2666666666666667, ""transport"": 0.33333333333333337}","{""energy"": 0.8467276370586863, ""water"": 1.0, ""transport"": 0.6034247889213626}","{""energy"": 0.18006097039201951, ""water"": 0.7333333333333333, ""transport"": 0.27009145558802927}","{""energy"": 0.0, ""water"": 0.0, ""transport"": 0.0}","{""energy"": 1.0, ""water"": 1.0, ""transport"": 1.0}","{""energy"": 1.0, ""water"": 1.0, ""transport"": 1.0}",0.3,0.1,,0.44666666666666677,1.0,0.5533333333333332,1,"{""energy"": 0.6666666666666667, ""water"": 0.2666666666666667, ""transport"": 0.33333333333333337}","{""energy"": 1.0, ""water"": 1.0, ""transport"": 1.0}","{""energy"": 0.33333333333333326, ""water"": 0.7333333333333333, ""transport"": 0.6666666666666666}",3,0.8197184914998833,,,"[""energy"", ""transport""]",1,v1.0,0.7,0.3
S4_water_partial,120,120,2358892468676828321,scenario=S4_water_partial|method=both|duration=0|theta=0.300000|delta_threshold=0.100000|A=v1.0|w=na|run_id=120|seed=2358892468676828321,False,"{""step_1_amount"": 1.347300971277771}",5222c37788a096d3910624247b4a1e76a3afcfe0df2ea7ddd6490cebc16a26a9,0.44666666666666677,0.8366666666666667,0.3899999999999999,27,0.0,1.0,0.44666666666666677,0.8366666666666667,1,1,0.3899999999999999,"{""energy"": 0.6666666666666667, ""water"": 0.2666666666666667, ""transport"": 0.33333333333333337}","{""energy"": 0.8666666666666667, ""water"": 1.0, ""transport"": 0.6333333333333333}","{""energy"": 0.19999999999999996, ""water"": 0.7333333333333333, ""transport"": 0.29999999999999993}","{""energy"": 0.0, ""water"": 0.0, ""transport"": 0.0}","{""energy"": 1.0, ""water"": 1.0, ""transport"": 1.0}","{""energy"": 1.0, ""water"": 1.0, ""transport"": 1.0}",0.3,0.1,,0.44666666666666677,1.0,0.5533333333333332,1,"{""energy"": 0.6666666666666667, ""water"": 0.2666666666666667, ""transport"": 0.33333333333333337}","{""energy"": 1.0, ""water"": 1.0, ""transport"": 1.0}","{""energy"": 0.33333333333333326, ""water"": 0.7333333333333333, ""transport"": 0.6666666666666666}",3,0.8366666666666667,,,"[""energy"", ""transport""]",1,v1.0,0.7,0.3
S4_water_partial,121,121,16040726160265837466,scenario=S4_water_partial|method=both|duration=0|theta=0.300000|delta_threshold=0.100000|A=v1.0|w=na|run_id=121|seed=16040726160265837466,False,"{""step_1_amount"": 0.8050397020597558}",5222c37788a096d3910624247b4a1e76a3afcfe0df2ea7ddd6490cebc16a26a9,0.44666666666666677,0.7952376033543649,0.3485709366876981,8,0.0,1.0,0.44666666666666677,0.7952376033543649,1,1,0.3485709366876981,"{""energy"": 0.6666666666666667, ""water"": 0.2666666666666667, ""transport"": 0.33333333333333337}","{""energy"": 0.8179265921816057, ""water"": 1.0, ""transport"": 0.5602232216057418}","{""energy"": 0.15125992551493894, ""water"": 0.7333333333333333, ""transport"": 0.2268898882724084}","{""energy"": 0.0, ""water"": 0.0, ""transport"": 0.0}","{""energy"": 1.0, ""water"": 1.0, ""transport"": 1.0}","{""energy"": 1.0, ""water"": 1.0, ""transport"": 1.0}",0.3,0.1,,0.44666666666666677,1.0,0.5533333333333332,1,"{""energy"": 0.6666666666666667, ""water"": 0.2666666666666667, ""transport"": 0.33333333333333337}","{""energy"": 1.0, ""water"": 1.0, ""transport"": 1.0}","{""energy"": 0.33333333333333326, ""water"": 0.7333333333333333, ""transport"": 0.6666666666666666}",3,0.7952376033543649,,,"[""energy"", ""transport""]",1,v1.0,0.7,0.3
S4_water_partial,122,122,2419752967199803610,scenario=S4_water_partial|method=both|duration=0|theta=0.300000|delta_threshold=0.100000|A=v1.0|w=na|run_id=122|seed=2419752967199803610,False,"{""step_1_amount"": 0.7192362738064102}",5222c37788a096d3910624247b4a1e76a3afcfe0df2ea7ddd6490cebc16a26a9,0.44666666666666677,0.7517179775279327,0.3050513108612659,21,0.0,0.0,0.44666666666666677,0.7517179775279327,0,1,0.3050513108612659,"{""energy"": 0.6666666666666667, ""water"": 0.2666666666666667, ""transport"": 0.33333333333333337}","{""energy"": 0.7964757351182693, ""water"": 0.9157120089246794, ""transport"": 0.5280469360107372}","{""energy"": 0.12980906845160256, ""water"": 0.6490453422580127, ""transport"": 0.19471360267740379}","{""energy"": 0.0, ""water"": 0.0, ""transport"": 0.0}","{""energy"": 0.0, ""water"": 0.0, ""transport"": 0.0}","{""energy"": 0.0, ""water"": 0.0, ""transport"": 0.0}",0.3,0.1,,0.44666666666666677,1.0,0.5533333333333332,1,"{""energy"": 0.6666666666666667, ""water"": 0.2666666666666667, ""transport"": 0.33333333333333337}","{""energy"": 1.0, ""water"": 1.0, ""transport"": 1.0}","{""energy"": 0.33333333333333326, ""water"": 0.7333333333333333, ""transport"": 0.6666666666666666}",3,0.7517179775279327,,,[],,v1.0,0.7,0.3
S4_water_partial,123,123,7582683123122314749,scenario=S4_water_partial|method=both|duration=0|theta=0.300000|delta_threshold=0.100000|A=v1.0|w=na|run_id=123|seed=7582683123122314749,False,"{""step_1_amount"": 0.8066441962548699}",5222c37788a096d3910624247b4a1e76a3afcfe0df2ea7ddd6490cebc16a26a9,0.44666666666666677,0.7955785583708266,0.3489118917041598,6,0.0,1.0,0.44666666666666677,0.7955785583708266,1,1,0.3489118917041598,"{""energy"": 0.6666666666666667, ""water"": 0.2666666666666667, ""transport"": 0.33333333333333337}","{""energy"": 0.8183277157303842, ""water"": 1.0, ""transport"": 0.5608249069289096}","{""energy"": 0.15166104906371747, ""water"": 0.7333333333333333, ""transport"": 0.22749157359557626}","{""energy"": 0.0, ""water"": 0.0, ""transport"": 0.0}","{""energy"": 1.0, ""water"": 1.0, ""transport"": 1.0}","{""energy"": 1.0, ""water"": 1.0, ""transport"": 1.0}",0.3,0.1,,0.44666666666666677,1.0,0.5533333333333332,1,"{""energy"": 0.6666666666666667, ""water"": 0.2666666666666667, ""transport"": 0.33333333333333337}","{""energy"": 1.0, ""water"": 1.0, ""transport"": 1.0}","{""energy"": 0.33333333333333326, ""water"": 0.7333333333333333, ""transport"": 0.6666666666666666}",3,0.7955785583708266,,,"[""energy"", ""transport""]",1,v1.0,0.7,0.3
S4_water_partial,124,124,5122162463558271141,scenario=S4_water_partial|method=both|duration=0|theta=0.300000|delta_threshold=0.100000|A=v1.0|w=na|run_id=124|seed=5122162463558271141,False,"{""step_1_amount"": 0.8560467117886226}",5222c37788a096d3910624247b4a1e76a3afcfe0df2ea7ddd6490cebc16a26a9,0.44666666666666677,0.9982550027296337,0.551588336062967,13,0.0,1.0,0.44666666666666677,0.9982550027296337,1,1,0.551588336062967,"{""energy"": 0.6666666666666667, ""water"": 0.2666666666666667, ""transport"": 0.33333333333333337}","{""energy"": 0.995637506824084, ""water"": 1.0, ""transport"": 1.0}","{""energy"": 0.3289708401574173, ""water"": 0.7333333333333333, ""transport"": 0.6666666666666666}","{""energy"": 0.0, ""water"": 0.0, ""transport"": 0.0}","{""energy"": 1.0, ""water"": 1.0, ""transport"": 1.0}","{""energy"": 1.0, ""water"": 1.0, ""transport"": 1.0}",0.3,0.1,,0.44666666666666677,1.0,0.5533333333333332,1,"{""energy"": 0.6666666666666667, ""water"": 0.2666666666666667, ""transport"": 0.33333333333333337}","{""energy"": 1.0, ""water"": 1.0, ""transport"": 1.0}","{""energy"": 0.33333333333333326, ""water"": 0.7333333333333333, ""transport"": 0.6666666666666666}",3,0.9982550027296337,,,"[""energy"", ""transport""]",1,v1.0,0.7,0.3
S4_water_partial,125,125,5159572393011275637,scenario=S4_water_partial|method=both|duration=0|theta=0.300000|delta_threshold=0.100000|A=v1.0|w=na|run_id=125|seed=5159572393011275637,False,"{""step_1_amount"": 0.6735303909915445}",5222c37788a096d3910624247b4a1e76a3afcfe0df2ea7ddd6490cebc16a26a9,0.44666666666666677,0.7248657713741993,0.2781991047075325,8,0.0,0.0,0.44666666666666677,0.7248657713741993,0,1,0.2781991047075325,"{""energy"": 0.6666666666666667, ""water"": 0.2666666666666667, ""transport"": 0.33333333333333337}","{""energy"": 0.7850492644145529, ""water"": 0.8585796554060974, ""transport"": 0.5109072299551626}","{""energy"": 0.11838259774788618, ""water"": 0.5919129887394307, ""transport"": 0.1775738966218292}","{""energy"": 0.0, ""water"": 0.0, ""transport"": 0.0}","{""energy"": 0.0, ""water"": 0.0, ""transport"": 0.0}","{""energy"": 0.0, ""water"": 0.0, ""transport"": 0.0}",0.3,0.1,,0.44666666666666677,1.0,0.5533333333333332,1,"{""energy"": 0.6666666666666667, ""water"": 0.2666666666666667, ""transport"": 0.33333333333333337}","{""energy"": 1.0, ""water"": 1.0, ""transport"": 1.0}","{""energy"": 0.33333333333333326, ""water"": 0.7333333333333333, ""transport"": 0.6666666666666666}",3,0.7248657713741993,,,[],,v1.0,0.7,0.3
S4_water_partial,126,126,5366257443094583920,scenario=S4_water_partial|method=both|duration=0|theta=0.300000|delta_threshold=0.100000|A=v1.0|w=na|run_id=126|seed=5366257443094583920,False,"{""step_1_amount"": 0.2638403997089391}",5222c37788a096d3910624247b4a1e76a3afcfe0df2ea7ddd6490cebc16a26a9,0.44666666666666677,0.48417290149566844,0.03750623482900167,24,0.0,0.0,0.44666666666666677,0.48417290149566844,0,0,0.03750623482900167,"{""energy"": 0.6666666666666667, ""water"": 0.2666666666666667, ""transport"": 0.33333333333333337}","{""energy"": 0.6826267665939015, ""water"": 0.34646716630284047, ""transport"": 0.3572734832241855}","{""energy"": 0.015960099927234794, ""water"": 0.07980049963617375, ""transport"": 0.023940149890852136}","{""energy"": 0.0, ""water"": 0.0, ""transport"": 0.0}","{""energy"": 0.0, ""water"": 0.0, ""transport"": 0.0}","{""energy"": 0.0, ""water"": 0.0, ""transport"": 0.0}",0.3,0.1,,0.44666666666666677,1.0,0.5533333333333332,1,"{""energy"": 0.6666666666666667, ""water"": 0.2666666666666667, ""transport"": 0.33333333333333337}","{""energy"": 1.0, ""water"": 1.0, ""transport"": 1.0}","{""energy"": 0.33333333333333326, ""water"": 0.7333333333333333, ""transport"": 0.6666666666666666}",4,0.48417290149566844,,,[],,v1.0,0.7,0.3
S4_water_partial,127,127,5688338078344993574,scenario=S4_water_partial|method=both|duration=0|theta=0.300000|delta_threshold=0.100000|A=v1.0|w=na|run_id=127|seed=5688338078344993574,False,"{""step_1_amount"": 0.6189845168385637}",5222c37788a096d3910624247b4a1e76a3afcfe0df2ea7ddd6490cebc16a26a9,0.44666666666666677,0.6928200703093229,0.24615340364265614,22,0.0,0.0,0.44666666666666677,0.6928200703093229,0,1,0.24615340364265614,"{""energy"": 0.6666666666666667, ""water"": 0.2666666666666667, ""transport"": 0.33333333333333337}","{""energy"": 0.7714127958763076, ""water"": 0.7903973127148712, ""transport"": 0.49045252714779475}","{""energy"": 0.10474612920964088, ""water"": 0.5237306460482045, ""transport"": 0.15711919381446138}","{""energy"": 0.0, ""water"": 0.0, ""transport"": 0.0}","{""energy"": 0.0, ""water"": 0.0, ""transport"": 0.0}","{""energy"": 0.0, ""water"": 0.0, ""transport"": 0.0}",0.3,0.1,,0.44666666666666677,1.0,0.5533333333333332,1,"{""energy"": 0.6666666666666667, ""water"": 0.2666666666666667, ""transport"": 0.33333333333333337}","{""energy"": 1.0, ""water"": 1.0, ""transport"": 1.0}","{""energy"": 0.33333333333333326, ""water"": 0.7333333333333333, ""transport"": 0.6666666666666666}",3,0.6928200703093229,,,[],,v1.0,0.7,0.3
S4_water_partial,128,128,3245237835861648387,scenario=S4_water_partial|method=both|duration=0|theta=0.300000|delta_threshold=0.100000|A=v1.0|w=na|run_id=128|seed=3245237835861648387,False,"{""step_1_amount"": 0.33153559634592905}",5222c37788a096d3910624247b4a1e76a3afcfe0df2ea7ddd6490cebc16a26a9,0.44666666666666677,0.5239438295198999,0.07727716285323316,23,0.0,0.0,0.44666666666666677,0.5239438295198999,0,0,0.07727716285323316,"{""energy"": 0.6666666666666667, ""water"": 0.2666666666666667, ""transport"": 0.33333333333333337}","{""energy"": 0.699550565753149, ""water"": 0.4310861620990779, ""transport"": 0.3826591819630567}","{""energy"": 0.03288389908648226, ""water"": 0.1644194954324112, ""transport"": 0.049325848629723335}","{""energy"": 0.0, ""water"": 0.0, ""transport"": 0.0}","{""energy"": 0.0, ""water"": 0.0, ""transport"": 0.0}","{""energy"": 0.0, ""water"": 0.0, ""transport"": 0.0}",0.3,0.1,,0.44666666666666677,1.0,0.5533333333333332,1,"{""energy"": 0.6666666666666667, ""water"": 0.2666666666666667, ""transport"": 0.33333333333333337}","{""energy"": 1.0, ""water"": 1.0, ""transport"": 1.0}","{""energy"": 0.33333333333333326, ""water"": 0.7333333333333333, ""transport"": 0.6666666666666666}",4,0.5239438295198999,,,[],,v1.0,0.7,0.3
S4_water_partial,129,129,14551212614602043779,scenario=S4_water_partial|method=both|duration=0|theta=0.300000|delta_threshold=0.100000|A=v1.0|w=na|run_id=129|seed=14551212614602043779,False,"{""step_1_amount"": 0.4886010417928321}",5222c37788a096d3910624247b4a1e76a3afcfe0df2ea7ddd6490cebc16a26a9,0.44666666666666677,0.6162197787199556,0.16955311205328882,29,0.0,0.0,0.44666666666666677,0.6162197787199556,0,1,0.16955311205328882,"{""energy"": 0.6666666666666667, ""water"": 0.2666666666666667, ""transport"": 0.33333333333333337}","{""energy"": 0.7388169271148748, ""water"": 0.6274179689077068, ""transport"": 0.4415587240056454}","{""energy"": 0.07215026044820805, ""water"": 0.36075130224104013, ""transport"": 0.10822539067231202}","{""energy"": 0.0, ""water"": 0.0, ""transport"": 0.0}","{""energy"": 0.0, ""water"": 0.0, ""transport"": 0.0}","{""energy"": 0.0, ""water"": 0.0, ""transport"": 0.0}",0.3,0.1,,0.44666666666666677,1.0,0.5533333333333332,1,"{""energy"": 0.6666666666666667, ""water"": 0.2666666666666667, ""transport"": 0.33333333333333337}","{""energy"": 1.0, ""water"": 1.0, ""transport"": 1.0}","{""energy"": 0.33333333333333326, ""water"": 0.7333333333333333, ""transport"": 0.6666666666666666}",4,0.6162197787199556,,,[],,v1.0,0.7,0.3
S4_water_partial,130,130,16547033424172754494,scenario=S4_water_partial|method=both|duration=0|theta=0.300000|delta_threshold=0.100000|A=v1.0|w=na|run_id=130|seed=16547033424172754494,False,"{""step_1_amount"": 0.5765031191817525}",5222c37788a096d3910624247b4a1e76a3afcfe0df2ea7ddd6490cebc16a26a9,0.44666666666666677,0.6678622491859463,0.2211955825192795,18,0.0,0.0,0.44666666666666677,0.6678622491859463,0,1,0.2211955825192795,"{""energy"": 0.6666666666666667, ""water"": 0.2666666666666667, ""transport"": 0.33333333333333337}","{""energy"": 0.7607924464621049, ""water"": 0.7372955656438573, ""transport"": 0.47452200302649056}","{""energy"": 0.09412577979543812, ""water"": 0.4706288989771906, ""transport"": 0.1411886696931572}","{""energy"": 0.0, ""water"": 0.0, ""transport"": 0.0}","{""energy"": 0.0, ""water"": 0.0, ""transport"": 0.0}","{""energy"": 0.0, ""water"": 0.0, ""transport"": 0.0}",0.3,0.1,,0.44666666666666677,1.0,0.5533333333333332,1,"{""energy"": 0.6666666666666667, ""water"": 0.2666666666666667, ""transport"": 0.33333333333333337}","{""energy"": 1.0, ""water"": 1.0, ""transport"": 1.0}","{""energy"": 0.33333333333333326, ""water"": 0.7333333333333333, ""transport"": 0.6666666666666666}",3,0.6678622491859463,,,[],,v1.0,0.7,0.3
S4_water_partial,131,131,1423063168468187864,scenario=S4_water_partial|method=both|duration=0|theta=0.300000|delta_threshold=0.100000|A=v1.0|w=na|run_id=131|seed=1423063168468187864,False,"{""step_1_amount"": 1.6744406810944559}",5222c37788a096d3910624247b4a1e76a3afcfe0df2ea7ddd6490cebc16a26a9,0.44666666666666677,0.9273158918339056,0.48064922516723885,5,0.0,1.0,0.44666666666666677,0.9273158918339056,1,1,0.48064922516723885,"{""energy"": 0.6666666666666667, ""water"": 0.2666666666666667, ""transport"": 0.33333333333333337}","{""energy"": 0.9314161132146945, ""water"": 1.0, ""transport"": 0.8491648218267592}","{""energy"": 0.2647494465480278, ""water"": 0.7333333333333333, ""transport"": 0.5158314884934259}","{""energy"": 0.0, ""water"": 0.0, ""transport"": 0.0}","{""energy"": 1.0, ""water"": 1.0, ""transport"": 1.0}","{""energy"": 1.0, ""water"": 1.0, ""transport"": 1.0}",0.3,0.1,,0.44666666666666677,1.0,0.5533333333333332,1,"{""energy"": 0.6666666666666667, ""water"": 0.2666666666666667, ""transport"": 0.33333333333333337}","{""energy"": 1.0, ""water"": 1.0, ""transport"": 1.0}","{""energy"": 0.33333333333333326, ""water"": 0.7333333333333333, ""transport"": 0.6666666666666666}",3,0.9273158918339056,,,"[""energy"", ""transport""]",1,v1.0,0.7,0.3
S4_water_partial,132,132,11718429063157009964,scenario=S4_water_partial|method=both|duration=0|theta=0.300000|delta_threshold=0.100000|A=v1.0|w=na|run_id=132|seed=11718429063157009964,False,"{""step_1_amount"": 0.7050312492933469}",5222c37788a096d3910624247b4a1e76a3afcfe0df2ea7ddd6490cebc16a26a9,0.44666666666666677,0.7433725256265081,0.29670585895984136,7,0.0,0.0,0.44666666666666677,0.7433725256265081,0,1,0.29670585895984136,"{""energy"": 0.6666666666666667, ""water"": 0.2666666666666667, ""transport"": 0.33333333333333337}","{""energy"": 0.7929244789900035, ""water"": 0.8979557282833504, ""transport"": 0.5227200518183385}","{""energy"": 0.12625781232333677, ""water"": 0.6312890616166836, ""transport"": 0.1893867184850051}","{""energy"": 0.0, ""water"": 0.0, ""transport"": 0.0}","{""energy"": 0.0, ""water"": 0.0, ""transport"": 0.0}","{""energy"": 0.0, ""water"": 0.0, ""transport"": 0.0}",0.3,0.1,,0.44666666666666677,1.0,0.5533333333333332,1,"{""energy"": 0.6666666666666667, ""water"": 0.2666666666666667, ""transport"": 0.33333333333333337}","{""energy"": 1.0, ""water"": 1.0, ""transport"": 1.0}","{""energy"": 0.33333333333333326, ""water"": 0.7333333333333333, ""transport"": 0.6666666666666666}",3,0.7433725256265081,,,[],,v1.0,0.7,0.3
S4_water_partial,133,133,2694788552367647774,scenario=S4_water_partial|method=both|duration=0|theta=0.300000|delta_threshold=0.100000|A=v1.0|w=na|run_id=133|seed=2694788552367647774,False,"{""step_1_amount"": 0.43814668601122864}",5222c37788a096d3910624247b4a1e76a3afcfe0df2ea7ddd6490cebc16a26a9,0.44666666666666677,0.5865778446982636,0.1399111780315968,8,0.0,0.0,0.44666666666666677,0.5865778446982636,0,0,0.1399111780315968,"{""energy"": 0.6666666666666667, ""water"": 0.2666666666666667, ""transport"": 0.33333333333333337}","{""energy"": 0.7262033381694739, ""water"": 0.5643500241807026, ""transport"": 0.4226383405875441}","{""energy"": 0.05953667150280717, ""water"": 0.29768335751403585, ""transport"": 0.08930500725421076}","{""energy"": 0.0, ""water"": 0.0, ""transport"": 0.0}","{""energy"": 0.0, ""water"": 0.0, ""transport"": 0.0}","{""energy"": 0.0, ""water"": 0.0, ""transport"": 0.0}",0.3,0.1,,0.44666666666666677,1.0,0.5533333333333332,1,"{""energy"": 0.6666666666666667, ""water"": 0.2666666666666667, ""transport"": 0.33333333333333337}","{""energy"": 1.0, ""water"": 1.0, ""transport"": 1.0}","{""energy"": 0.33333333333333326, ""water"": 0.7333333333333333, ""transport"": 0.6666666666666666}",4,0.5865778446982636,,,[],,v1.0,0.7,0.3
S4_water_partial,134,134,13144185464367992222,scenario=S4_water_partial|method=both|duration=0|theta=0.300000|delta_threshold=0.100000|A=v1.0|w=na|run_id=134|seed=13144185464367992222,False,"{""step_1_amount"": 1.4504882844552625}",5222c37788a096d3910624247b4a1e76a3afcfe0df2ea7ddd6490cebc16a26a9,0.44666666666666677,0.9283680637575165,0.4817013970908497,7,0.0,1.0,0.44666666666666677,0.9283680637575165,1,1,0.4817013970908497,"{""energy"": 0.6666666666666667, ""water"": 0.2666666666666667, ""transport"": 0.33333333333333337}","{""energy"": 0.9321676645887023, ""water"": 1.0, ""transport"": 0.8516699930734519}","{""energy"": 0.2655009979220355, ""water"": 0.7333333333333333, ""transport"": 0.5183366597401186}","{""energy"": 0.0, ""water"": 0.0, ""transport"": 0.0}","{""energy"": 1.0, ""water"": 1.0, ""transport"": 1.0}","{""energy"": 1.0, ""water"": 1.0, ""transport"": 1.0}",0.3,0.1,,0.44666666666666677,1.0,0.5533333333333332,1,"{""energy"": 0.6666666666666667, ""water"": 0.2666666666666667, ""transport"": 0.33333333333333337}","{""energy"": 1.0, ""water"": 1.0, ""transport"": 1.0}","{""energy"": 0.33333333333333326, ""water"": 0.7333333333333333, ""transport"": 0.6666666666666666}",3,0.9283680637575165,,,"[""energy"", ""transport""]",1,v1.0,0.7,0.3
S4_water_partial,135,135,7145247598061843865,scenario=S4_water_partial|method=both|duration=0|theta=0.300000|delta_threshold=0.100000|A=v1.0|w=na|run_id=135|seed=7145247598061843865,False,"{""step_1_amount"": 0.3835579856461427}",5222c37788a096d3910624247b4a1e76a3afcfe0df2ea7ddd6490cebc16a26a9,0.44666666666666677,0.5545069832337756,0.1078403165671088,23,0.0,0.0,0.44666666666666677,0.5545069832337756,0,0,0.1078403165671088,"{""energy"": 0.6666666666666667, ""water"": 0.2666666666666667, ""transport"": 0.33333333333333337}","{""energy"": 0.7125561630782025, ""water"": 0.4961141487243451, ""transport"": 0.40216757795063685}","{""energy"": 0.045889496411535724, ""water"": 0.2294474820576784, ""transport"": 0.06883424461730347}","{""energy"": 0.0, ""water"": 0.0, ""transport"": 0.0}","{""energy"": 0.0, ""water"": 0.0, ""transport"": 0.0}","{""energy"": 0.0, ""water"": 0.0, ""transport"": 0.0}",0.3,0.1,,0.44666666666666677,1.0,0.5533333333333332,1,"{""energy"": 0.6666666666666667, ""water"": 0.2666666666666667, ""transport"": 0.33333333333333337}","{""energy"": 1.0, ""water"": 1.0, ""transport"": 1.0}","{""energy"": 0.33333333333333326, ""water"": 0.7333333333333333, ""transport"": 0.6666666666666666}",4,0.5545069832337756,,,[],,v1.0,0.7,0.3
S4_water_partial,136,136,12278068838436954405,scenario=S4_water_partial|method=both|duration=0|theta=0.300000|delta_threshold=0.100000|A=v1.0|w=na|run_id=136|seed=12278068838436954405,False,"{""step_1_amount"": 0.8865759000647238}",5222c37788a096d3910624247b4a1e76a3afcfe0df2ea7ddd6490cebc16a26a9,0.44666666666666677,1.0,0.5533333333333332,10,0.0,1.0,0.44666666666666677,1.0,1,1,0.5533333333333332,"{""energy"": 0.6666666666666667, ""water"": 0.2666666666666667, ""transport"": 0.33333333333333337}","{""energy"": 1.0, ""water"": 1.0, ""transport"": 1.0}","{""energy"": 0.33333333333333326, ""water"": 0.7333333333333333, ""transport"": 0.6666666666666666}","{""energy"": 0.0, ""water"": 0.0, ""transport"": 0.0}","{""energy"": 1.0, ""water"": 1.0, ""transport"": 1.0}","{""energy"": 1.0, ""water"": 1.0, ""transport"": 1.0}",0.3,0.1,,0.44666666666666677,1.0,0.5533333333333332,1,"{""energy"": 0.6666666666666667, ""water"": 0.2666666666666667, ""transport"": 0.33333333333333337}","{""energy"": 1.0, ""water"": 1.0, ""transport"": 1.0}","{""energy"": 0.33333333333333326, ""water"": 0.7333333333333333, ""transport"": 0.6666666666666666}",2,1.0,,,"[""energy"", ""transport""]",1,v1.0,0.7,0.3
S4_water_partial,137,137,17360938780243760848,scenario=S4_water_partial|method=both|duration=0|theta=0.300000|delta_threshold=0.100000|A=v1.0|w=na|run_id=137|seed=17360938780243760848,False,"{""step_1_amount"": 1.0411273774820224}",5222c37788a096d3910624247b4a1e76a3afcfe0df2ea7ddd6490cebc16a26a9,0.44666666666666677,1.0,0.5533333333333332,12,0.0,1.0,0.44666666666666677,1.0,1,1,0.5533333333333332,"{""energy"": 0.6666666666666667, ""water"": 0.2666666666666667, ""transport"": 0.33333333333333337}","{""energy"": 1.0, ""water"": 1.0, ""transport"": 1.0}","{""energy"": 0.33333333333333326, ""water"": 0.7333333333333333, ""transport"": 0.6666666666666666}","{""energy"": 0.0, ""water"": 0.0, ""transport"": 0.0}","{""energy"": 1.0, ""water"": 1.0, ""transport"": 1.0}","{""energy"": 1.0, ""water"": 1.0, ""transport"": 1.0}",0.3,0.1,,0.44666666666666677,1.0,0.5533333333333332,1,"{""energy"": 0.6666666666666667, ""water"": 0.2666666666666667, ""transport"": 0.33333333333333337}","{""energy"": 1.0, ""water"": 1.0, ""transport"": 1.0}","{""energy"": 0.33333333333333326, ""water"": 0.7333333333333333, ""transport"": 0.6666666666666666}",2,1.0,,,"[""energy"", ""transport""]",1,v1.0,0.7,0.3
S4_water_partial,138,138,4855816038719797377,scenario=S4_water_partial|method=both|duration=0|theta=0.300000|delta_threshold=0.100000|A=v1.0|w=na|run_id=138|seed=4855816038719797377,False,"{""step_1_amount"": 0.7167933824144908}",5222c37788a096d3910624247b4a1e76a3afcfe0df2ea7ddd6490cebc16a26a9,0.44666666666666677,0.9974289963187719,0.5507623296521051,13,0.0,0.0,0.44666666666666677,0.9974289963187719,0,1,0.5507623296521051,"{""energy"": 0.6666666666666667, ""water"": 0.2666666666666667, ""transport"": 0.33333333333333337}","{""energy"": 0.9935724907969294, ""water"": 1.0, ""transport"": 1.0}","{""energy"": 0.3269058241302627, ""water"": 0.7333333333333333, ""transport"": 0.6666666666666666}","{""energy"": 0.0, ""water"": 0.0, ""transport"": 0.0}","{""energy"": 0.0, ""water"": 0.0, ""transport"": 0.0}","{""energy"": 0.0, ""water"": 0.0, ""transport"": 0.0}",0.3,0.1,,0.44666666666666677,1.0,0.5533333333333332,1,"{""energy"": 0.6666666666666667, ""water"": 0.2666666666666667, ""transport"": 0.33333333333333337}","{""energy"": 1.0, ""water"": 1.0, ""transport"": 1.0}","{""energy"": 0.33333333333333326, ""water"": 0.7333333333333333, ""transport"": 0.6666666666666666}",3,0.9974289963187719,,,[],,v1.0,0.7,0.3
S4_water_partial,139,139,15134950050830545838,scenario=S4_water_partial|method=both|duration=0|theta=0.300000|delta_threshold=0.100000|A=v1.0|w=na|run_id=139|seed=15134950050830545838,False,"{""step_1_amount"": 0.46769159404128224}",5222c37788a096d3910624247b4a1e76a3afcfe0df2ea7ddd6490cebc16a26a9,0.44666666666666677,0.6039354781659201,0.1572688114992533,17,0.0,0.0,0.44666666666666677,0.6039354781659201,0,1,0.1572688114992533,"{""energy"": 0.6666666666666667, ""water"": 0.2666666666666667, ""transport"": 0.33333333333333337}","{""energy"": 0.7335895651769874, ""water"": 0.6012811592182696, ""transport"": 0.43371768109881426}","{""energy"": 0.06692289851032063, ""water"": 0.3346144925516029, ""transport"": 0.10038434776548089}","{""energy"": 0.0, ""water"": 0.0, ""transport"": 0.0}","{""energy"": 0.0, ""water"": 0.0, ""transport"": 0.0}","{""energy"": 0.0, ""water"": 0.0, ""transport"": 0.0}",0.3,0.1,,0.44666666666666677,1.0,0.5533333333333332,1,"{""energy"": 0.6666666666666667, ""water"": 0.2666666666666667, ""transport"": 0.33333333333333337}","{""energy"": 1.0, ""water"": 1.0, ""transport"": 1.0}","{""energy"": 0.33333333333333326, ""water"": 0.7333333333333333, ""transport"": 0.6666666666666666}",4,0.6039354781659201,,,[],,v1.0,0.7,0.3
S4_water_partial,140,140,14242932692080615762,scenario=S4_water_partial|method=both|duration=0|theta=0.300000|delta_threshold=0.100000|A=v1.0|w=na|run_id=140|seed=14242932692080615762,False,"{""step_1_amount"": 0.8519372820753145}",5222c37788a096d3910624247b4a1e76a3afcfe0df2ea7ddd6490cebc16a26a9,0.44666666666666677,0.9171967933369385,0.4705301266702717,10,0.0,1.0,0.44666666666666677,0.9171967933369385,1,1,0.4705301266702717,"{""energy"": 0.6666666666666667, ""water"": 0.2666666666666667, ""transport"": 0.33333333333333337}","{""energy"": 0.9142598029466023, ""water"": 1.0, ""transport"": 0.8383095738609923}","{""energy"": 0.2475931362799355, ""water"": 0.7333333333333333, ""transport"": 0.5049762405276589}","{""energy"": 0.0, ""water"": 0.0, ""transport"": 0.0}","{""energy"": 1.0, ""water"": 1.0, ""transport"": 1.0}","{""energy"": 1.0, ""water"": 1.0, ""transport"": 1.0}",0.3,0.1,,0.44666666666666677,1.0,0.5533333333333332,1,"{""energy"": 0.6666666666666667, ""water"": 0.2666666666666667, ""transport"": 0.33333333333333337}","{""energy"": 1.0, ""water"": 1.0, ""transport"": 1.0}","{""energy"": 0.33333333333333326, ""water"": 0.7333333333333333, ""transport"": 0.6666666666666666}",3,0.9171967933369385,,,"[""energy"", ""transport""]",1,v1.0,0.7,0.3
S4_water_partial,141,141,11035396351164656495,scenario=S4_water_partial|method=both|duration=0|theta=0.300000|delta_threshold=0.100000|A=v1.0|w=na|run_id=141|seed=11035396351164656495,False,"{""step_1_amount"": 0.6785329208107472}",5222c37788a096d3910624247b4a1e76a3afcfe0df2ea7ddd6490cebc16a26a9,0.44666666666666677,0.7278047576429806,0.2811380909763138,13,0.0,0.0,0.44666666666666677,0.7278047576429806,0,1,0.2811380909763138,"{""energy"": 0.6666666666666667, ""water"": 0.2666666666666667, ""transport"": 0.33333333333333337}","{""energy"": 0.7862998968693535, ""water"": 0.8648328176801008, ""transport"": 0.5127831786373636}","{""energy"": 0.11963323020268679, ""water"": 0.5981661510134341, ""transport"": 0.1794498453040302}","{""energy"": 0.0, ""water"": 0.0, ""transport"": 0.0}","{""energy"": 0.0, ""water"": 0.0, ""transport"": 0.0}","{""energy"": 0.0, ""water"": 0.0, ""transport"": 0.0}",0.3,0.1,,0.44666666666666677,1.0,0.5533333333333332,1,"{""energy"": 0.6666666666666667, ""water"": 0.2666666666666667, ""transport"": 0.33333333333333337}","{""energy"": 1.0, ""water"": 1.0, ""transport"": 1.0}","{""energy"": 0.33333333333333326, ""water"": 0.7333333333333333, ""transport"": 0.6666666666666666}",3,0.7278047576429806,,,[],,v1.0,0.7,0.3
S4_water_partial,142,142,12582132735856590451,scenario=S4_water_partial|method=both|duration=0|theta=0.300000|delta_threshold=0.100000|A=v1.0|w=na|run_id=142|seed=12582132735856590451,False,"{""step_1_amount"": 0.3059394771443436}",5222c37788a096d3910624247b4a1e76a3afcfe0df2ea7ddd6490cebc16a26a9,0.44666666666666677,0.5089061094889685,0.06223944282230176,14,0.0,0.0,0.44666666666666677,0.5089061094889685,0,0,0.06223944282230176,"{""energy"": 0.6666666666666667, ""water"": 0.2666666666666667, ""transport"": 0.33333333333333337}","{""energy"": 0.6931515359527526, ""water"": 0.39909101309709616, ""transport"": 0.3730606372624622}","{""energy"": 0.026484869286085844, ""water"": 0.13242434643042944, ""transport"": 0.03972730392912882}","{""energy"": 0.0, ""water"": 0.0, ""transport"": 0.0}","{""energy"": 0.0, ""water"": 0.0, ""transport"": 0.0}","{""energy"": 0.0, ""water"": 0.0, ""transport"": 0.0}",0.3,0.1,,0.44666666666666677,1.0,0.5533333333333332,1,"{""energy"": 0.6666666666666667, ""water"": 0.2666666666666667, ""transport"": 0.33333333333333337}","{""energy"": 1.0, ""water"": 1.0, ""transport"": 1.0}","{""energy"": 0.33333333333333326, ""water"": 0.7333333333333333, ""transport"": 0.6666666666666666}",4,0.5089061094889685,,,[],,v1.0,0.7,0.3
S4_water_partial,143,143,12024434515397110655,scenario=S4_water_partial|method=both|duration=0|theta=0.300000|delta_threshold=0.100000|A=v1.0|w=na|run_id=143|seed=12024434515397110655,False,"{""step_1_amount"": 0.5281243242424952}",5222c37788a096d3910624247b4a1e76a3afcfe0df2ea7ddd6490cebc16a26a9,0.44666666666666677,0.6394397071591327,0.1927730404924659,16,0.0,0.0,0.44666666666666677,0.6394397071591327,0,1,0.1927730404924659,"{""energy"": 0.6666666666666667, ""water"": 0.2666666666666667, ""transport"": 0.33333333333333337}","{""energy"": 0.7486977477272906, ""water"": 0.6768220719697858, ""transport"": 0.4563799549242691}","{""energy"": 0.08203108106062384, ""water"": 0.4101554053031191, ""transport"": 0.12304662159093571}","{""energy"": 0.0, ""water"": 0.0, ""transport"": 0.0}","{""energy"": 0.0, ""water"": 0.0, ""transport"": 0.0}","{""energy"": 0.0, ""water"": 0.0, ""transport"": 0.0}",0.3,0.1,,0.44666666666666677,1.0,0.5533333333333332,1,"{""energy"": 0.6666666666666667, ""water"": 0.2666666666666667, ""transport"": 0.33333333333333337}","{""energy"": 1.0, ""water"": 1.0, ""transport"": 1.0}","{""energy"": 0.33333333333333326, ""water"": 0.7333333333333333, ""transport"": 0.6666666666666666}",3,0.6394397071591327,,,[],,v1.0,0.7,0.3
S4_water_partial,144,144,15877768168412601776,scenario=S4_water_partial|method=both|duration=0|theta=0.300000|delta_threshold=0.100000|A=v1.0|w=na|run_id=144|seed=15877768168412601776,False,"{""step_1_amount"": 0.25084319543420835}",5222c37788a096d3910624247b4a1e76a3afcfe0df2ea7ddd6490cebc16a26a9,0.44666666666666677,0.4765370439842641,0.02987037731759734,20,0.0,0.0,0.44666666666666677,0.4765370439842641,0,0,0.02987037731759734,"{""energy"": 0.6666666666666667, ""water"": 0.2666666666666667, ""transport"": 0.33333333333333337}","{""energy"": 0.6793774655252188, ""water"": 0.3302206609594272, ""transport"": 0.3523995316211615}","{""energy"": 0.012710798858552086, ""water"": 0.06355399429276049, ""transport"": 0.01906619828782813}","{""energy"": 0.0, ""water"": 0.0, ""transport"": 0.0}","{""energy"": 0.0, ""water"": 0.0, ""transport"": 0.0}","{""energy"": 0.0, ""water"": 0.0, ""transport"": 0.0}",0.3,0.1,,0.44666666666666677,1.0,0.5533333333333332,1,"{""energy"": 0.6666666666666667, ""water"": 0.2666666666666667, ""transport"": 0.33333333333333337}","{""energy"": 1.0, ""water"": 1.0, ""transport"": 1.0}","{""energy"": 0.33333333333333326, ""water"": 0.7333333333333333, ""transport"": 0.6666666666666666}",4,0.4765370439842641,,,[],,v1.0,0.7,0.3
S4_water_partial,145,145,10480039505632544111,scenario=S4_water_partial|method=both|duration=0|theta=0.300000|delta_threshold=0.100000|A=v1.0|w=na|run_id=145|seed=10480039505632544111,False,"{""step_1_amount"": 1.2134623133110685}",5222c37788a096d3910624247b4a1e76a3afcfe0df2ea7ddd6490cebc16a26a9,0.44666666666666677,0.9422702378554659,0.49560357118879916,28,0.0,1.0,0.44666666666666677,0.9422702378554659,1,1,0.49560357118879916,"{""energy"": 0.6666666666666667, ""water"": 0.2666666666666667, ""transport"": 0.33333333333333337}","{""energy"": 0.9420977889443805, ""water"": 1.0, ""transport"": 0.8847704075923789}","{""energy"": 0.2754311222777137, ""water"": 0.7333333333333333, ""transport"": 0.5514370742590455}","{""energy"": 0.0, ""water"": 0.0, ""transport"": 0.0}","{""energy"": 1.0, ""water"": 1.0, ""transport"": 1.0}","{""energy"": 1.0, ""water"": 1.0, ""transport"": 1.0}",0.3,0.1,,0.44666666666666677,1.0,0.5533333333333332,1,"{""energy"": 0.6666666666666667, ""water"": 0.2666666666666667, ""transport"": 0.33333333333333337}","{""energy"": 1.0, ""water"": 1.0, ""transport"": 1.0}","{""energy"": 0.33333333333333326, ""water"": 0.7333333333333333, ""transport"": 0.6666666666666666}",3,0.9422702378554659,,,"[""energy"", ""transport""]",1,v1.0,0.7,0.3
S4_water_partial,146,146,822849900845961177,scenario=S4_water_partial|method=both|duration=0|theta=0.300000|delta_threshold=0.100000|A=v1.0|w=na|run_id=146|seed=822849900845961177,False,"{""step_1_amount"": 0.5140065995118921}",5222c37788a096d3910624247b4a1e76a3afcfe0df2ea7ddd6490cebc16a26a9,0.44666666666666677,0.6311455438799033,0.18447887721323653,29,0.0,0.0,0.44666666666666677,0.6311455438799033,0,1,0.18447887721323653,"{""energy"": 0.6666666666666667, ""water"": 0.2666666666666667, ""transport"": 0.33333333333333337}","{""energy"": 0.7451683165446398, ""water"": 0.6591749160565319, ""transport"": 0.45108580815029287}","{""energy"": 0.07850164987797303, ""water"": 0.39250824938986517, ""transport"": 0.1177524748169595}","{""energy"": 0.0, ""water"": 0.0, ""transport"": 0.0}","{""energy"": 0.0, ""water"": 0.0, ""transport"": 0.0}","{""energy"": 0.0, ""water"": 0.0, ""transport"": 0.0}",0.3,0.1,,0.44666666666666677,1.0,0.5533333333333332,1,"{""energy"": 0.6666666666666667, ""water"": 0.2666666666666667, ""transport"": 0.33333333333333337}","{""energy"": 1.0, ""water"": 1.0, ""transport"": 1.0}","{""energy"": 0.33333333333333326, ""water"": 0.7333333333333333, ""transport"": 0.6666666666666666}",3,0.6311455438799033,,,[],,v1.0,0.7,0.3
S4_water_partial,147,147,11435354437101248179,scenario=S4_water_partial|method=both|duration=0|theta=0.300000|delta_threshold=0.100000|A=v1.0|w=na|run_id=147|seed=11435354437101248179,False,"{""step_1_amount"": 0.8475907449007716}",5222c37788a096d3910624247b4a1e76a3afcfe0df2ea7ddd6490cebc16a26a9,0.44666666666666677,0.9078857275235674,0.4612190608569007,28,0.0,1.0,0.44666666666666677,0.9078857275235674,1,1,0.4612190608569007,"{""energy"": 0.6666666666666667, ""water"": 0.2666666666666667, ""transport"": 0.33333333333333337}","{""energy"": 0.9025686582957787, ""water"": 1.0, ""transport"": 0.8228608806841864}","{""energy"": 0.23590199162911196, ""water"": 0.7333333333333333, ""transport"": 0.489527547350853}","{""energy"": 0.0, ""water"": 0.0, ""transport"": 0.0}","{""energy"": 1.0, ""water"": 1.0, ""transport"": 1.0}","{""energy"": 1.0, ""water"": 1.0, ""transport"": 1.0}",0.3,0.1,,0.44666666666666677,1.0,0.5533333333333332,1,"{""energy"": 0.6666666666666667, ""water"": 0.2666666666666667, ""transport"": 0.33333333333333337}","{""energy"": 1.0, ""water"": 1.0, ""transport"": 1.0}","{""energy"": 0.33333333333333326, ""water"": 0.7333333333333333, ""transport"": 0.6666666666666666}",3,0.9078857275235674,,,"[""energy"", ""transport""]",1,v1.0,0.7,0.3
S4_water_partial,148,148,11413463212792128670,scenario=S4_water_partial|method=both|duration=0|theta=0.300000|delta_threshold=0.100000|A=v1.0|w=na|run_id=148|seed=11413463212792128670,False,"{""step_1_amount"": 0.7216085906132906}",5222c37788a096d3910624247b4a1e76a3afcfe0df2ea7ddd6490cebc16a26a9,0.44666666666666677,0.7531117136519749,0.30644504698530817,24,0.0,0.0,0.44666666666666677,0.7531117136519749,0,1,0.30644504698530817,"{""energy"": 0.6666666666666667, ""water"": 0.2666666666666667, ""transport"": 0.33333333333333337}","{""energy"": 0.7970688143199894, ""water"": 0.91867740493328, ""transport"": 0.5289365548133174}","{""energy"": 0.1304021476533227, ""water"": 0.6520107382666133, ""transport"": 0.195603221479984}","{""energy"": 0.0, ""water"": 0.0, ""transport"": 0.0}","{""energy"": 0.0, ""water"": 0.0, ""transport"": 0.0}","{""energy"": 0.0, ""water"": 0.0, ""transport"": 0.0}",0.3,0.1,,0.44666666666666677,1.0,0.5533333333333332,1,"{""energy"": 0.6666666666666667, ""water"": 0.2666666666666667, ""transport"": 0.33333333333333337}","{""energy"": 1.0, ""water"": 1.0, ""transport"": 1.0}","{""energy"": 0.33333333333333326, ""water"": 0.7333333333333333, ""transport"": 0.6666666666666666}",3,0.7531117136519749,,,[],,v1.0,0.7,0.3
S4_water_partial,149,149,18175719327112939914,scenario=S4_water_partial|method=both|duration=0|theta=0.300000|delta_threshold=0.100000|A=v1.0|w=na|run_id=149|seed=18175719327112939914,False,"{""step_1_amount"": 0.9220546450429127}",5222c37788a096d3910624247b4a1e76a3afcfe0df2ea7ddd6490cebc16a26a9,0.44666666666666677,0.8201032787382857,0.37343661207161893,17,0.0,1.0,0.44666666666666677,0.8201032787382857,1,1,0.37343661207161893,"{""energy"": 0.6666666666666667, ""water"": 0.2666666666666667, ""transport"": 0.33333333333333337}","{""energy"": 0.847180327927395, ""water"": 1.0, ""transport"": 0.6041038252244256}","{""energy"": 0.1805136612607282, ""water"": 0.7333333333333333, ""transport"": 0.27077049189109226}","{""energy"": 0.0, ""water"": 0.0, ""transport"": 0.0}","{""energy"": 1.0, ""water"": 1.0, ""transport"": 1.0}","{""energy"": 1.0, ""water"": 1.0, ""transport"": 1.0}",0.3,0.1,,0.44666666666666677,1.0,0.5533333333333332,1,"{""energy"": 0.6666666666666667, ""water"": 0.2666666666666667, ""transport"": 0.33333333333333337}","{""energy"": 1.0, ""water"": 1.0, ""transport"": 1.0}","{""energy"": 0.33333333333333326, ""water"": 0.7333333333333333, ""transport"": 0.6666666666666666}",3,0.8201032787382857,,,"[""energy"", ""transport""]",1,v1.0,0.7,0.3
S4_water_partial,150,150,10968740323505239820,scenario=S4_water_partial|method=both|duration=0|theta=0.300000|delta_threshold=0.100000|A=v1.0|w=na|run_id=150|seed=10968740323505239820,False,"{""step_1_amount"": 0.7530371972302475}",5222c37788a096d3910624247b4a1e76a3afcfe0df2ea7ddd6490cebc16a26a9,0.44666666666666677,0.7715760200394371,0.3249093533727704,22,0.0,0.0,0.44666666666666677,0.7715760200394371,0,1,0.3249093533727704,"{""energy"": 0.6666666666666667, ""water"": 0.2666666666666667, ""transport"": 0.33333333333333337}","{""energy"": 0.8049259659742286, ""water"": 0.9579631632044762, ""transport"": 0.5407222822946762}","{""energy"": 0.13825929930756187, ""water"": 0.6912964965378094, ""transport"": 0.20738894896134286}","{""energy"": 0.0, ""water"": 0.0, ""transport"": 0.0}","{""energy"": 0.0, ""water"": 0.0, ""transport"": 0.0}","{""energy"": 0.0, ""water"": 0.0, ""transport"": 0.0}",0.3,0.1,,0.44666666666666677,1.0,0.5533333333333332,1,"{""energy"": 0.6666666666666667, ""water"": 0.2666666666666667, ""transport"": 0.33333333333333337}","{""energy"": 1.0, ""water"": 1.0, ""transport"": 1.0}","{""energy"": 0.33333333333333326, ""water"": 0.7333333333333333, ""transport"": 0.6666666666666666}",3,0.7715760200394371,,,[],,v1.0,0.7,0.3
S4_water_partial,151,151,3015616862458464141,scenario=S4_water_partial|method=both|duration=0|theta=0.300000|delta_threshold=0.100000|A=v1.0|w=na|run_id=151|seed=3015616862458464141,False,"{""step_1_amount"": 0.6055951184540337}",5222c37788a096d3910624247b4a1e76a3afcfe0df2ea7ddd6490cebc16a26a9,0.44666666666666677,0.6849537987584116,0.2382871320917448,29,0.0,0.0,0.44666666666666677,0.6849537987584116,0,1,0.2382871320917448,"{""energy"": 0.6666666666666667, ""water"": 0.2666666666666667, ""transport"": 0.33333333333333337}","{""energy"": 0.7680654462801751, ""water"": 0.7736605647342089, ""transport"": 0.48543150275359603}","{""energy"": 0.1013987796135084, ""water"": 0.5069938980675421, ""transport"": 0.15209816942026266}","{""energy"": 0.0, ""water"": 0.0, ""transport"": 0.0}","{""energy"": 0.0, ""water"": 0.0, ""transport"": 0.0}","{""energy"": 0.0, ""water"": 0.0, ""transport"": 0.0}",0.3,0.1,,0.44666666666666677,1.0,0.5533333333333332,1,"{""energy"": 0.6666666666666667, ""water"": 0.2666666666666667, ""transport"": 0.33333333333333337}","{""energy"": 1.0, ""water"": 1.0, ""transport"": 1.0}","{""energy"": 0.33333333333333326, ""water"": 0.7333333333333333, ""transport"": 0.6666666666666666}",3,0.6849537987584116,,,[],,v1.0,0.7,0.3
S4_water_partial,152,152,6999988379906346185,scenario=S4_water_partial|method=both|duration=0|theta=0.300000|delta_threshold=0.100000|A=v1.0|w=na|run_id=152|seed=6999988379906346185,False,"{""step_1_amount"": 0.8437318816959669}",5222c37788a096d3910624247b4a1e76a3afcfe0df2ea7ddd6490cebc16a26a9,0.44666666666666677,0.8034596915270598,0.356793024860393,13,0.0,1.0,0.44666666666666677,0.8034596915270598,1,1,0.356793024860393,"{""energy"": 0.6666666666666667, ""water"": 0.2666666666666667, ""transport"": 0.33333333333333337}","{""energy"": 0.8275996370906584, ""water"": 1.0, ""transport"": 0.574732788969321}","{""energy"": 0.16093297042399168, ""water"": 0.7333333333333333, ""transport"": 0.24139945563598764}","{""energy"": 0.0, ""water"": 0.0, ""transport"": 0.0}","{""energy"": 1.0, ""water"": 1.0, ""transport"": 1.0}","{""energy"": 1.0, ""water"": 1.0, ""transport"": 1.0}",0.3,0.1,,0.44666666666666677,1.0,0.5533333333333332,1,"{""energy"": 0.6666666666666667, ""water"": 0.2666666666666667, ""transport"": 0.33333333333333337}","{""energy"": 1.0, ""water"": 1.0, ""transport"": 1.0}","{""energy"": 0.33333333333333326, ""water"": 0.7333333333333333, ""transport"": 0.6666666666666666}",3,0.8034596915270598,,,"[""energy"", ""transport""]",1,v1.0,0.7,0.3
S4_water_partial,153,153,14151184482484555075,scenario=S4_water_partial|method=both|duration=0|theta=0.300000|delta_threshold=0.100000|A=v1.0|w=na|run_id=153|seed=14151184482484555075,False,"{""step_1_amount"": 0.6706167484365044}",5222c37788a096d3910624247b4a1e76a3afcfe0df2ea7ddd6490cebc16a26a9,0.44666666666666677,0.723154006373113,0.27648733970644623,15,0.0,0.0,0.44666666666666677,0.723154006373113,0,1,0.27648733970644623,"{""energy"": 0.6666666666666667, ""water"": 0.2666666666666667, ""transport"": 0.33333333333333337}","{""energy"": 0.7843208537757929, ""water"": 0.8549376022122972, ""transport"": 0.5098146139970225}","{""energy"": 0.11765418710912612, ""water"": 0.5882709355456305, ""transport"": 0.17648128066368918}","{""energy"": 0.0, ""water"": 0.0, ""transport"": 0.0}","{""energy"": 0.0, ""water"": 0.0, ""transport"": 0.0}","{""energy"": 0.0, ""water"": 0.0, ""transport"": 0.0}",0.3,0.1,,0.44666666666666677,1.0,0.5533333333333332,1,"{""energy"": 0.6666666666666667, ""water"": 0.2666666666666667, ""transport"": 0.33333333333333337}","{""energy"": 1.0, ""water"": 1.0, ""transport"": 1.0}","{""energy"": 0.33333333333333326, ""water"": 0.7333333333333333, ""transport"": 0.6666666666666666}",3,0.723154006373113,,,[],,v1.0,0.7,0.3
S4_water_partial,154,154,14887914507551434128,scenario=S4_water_partial|method=both|duration=0|theta=0.300000|delta_threshold=0.100000|A=v1.0|w=na|run_id=154|seed=14887914507551434128,False,"{""step_1_amount"": 0.4724405107048497}",5222c37788a096d3910624247b4a1e76a3afcfe0df2ea7ddd6490cebc16a26a9,0.44666666666666677,0.8870384768066781,0.44037181014001137,18,0.0,0.0,0.44666666666666677,0.8870384768066781,0,1,0.44037181014001137,"{""energy"": 0.6666666666666667, ""water"": 0.2666666666666667, ""transport"": 0.33333333333333337}","{""energy"": 0.9197144069348924, ""water"": 0.7305090467757376, ""transport"": 1.0}","{""energy"": 0.25304774026822563, ""water"": 0.46384238010907086, ""transport"": 0.6666666666666666}","{""energy"": 0.0, ""water"": 0.0, ""transport"": 0.0}","{""energy"": 0.0, ""water"": 0.0, ""transport"": 0.0}","{""energy"": 0.0, ""water"": 0.0, ""transport"": 0.0}",0.3,0.1,,0.44666666666666677,1.0,0.5533333333333332,1,"{""energy"": 0.6666666666666667, ""water"": 0.2666666666666667, ""transport"": 0.33333333333333337}","{""energy"": 1.0, ""water"": 1.0, ""transport"": 1.0}","{""energy"": 0.33333333333333326, ""water"": 0.7333333333333333, ""transport"": 0.6666666666666666}",3,0.8870384768066781,,,[],,v1.0,0.7,0.3
S4_water_partial,155,155,12106453989289032113,scenario=S4_water_partial|method=both|duration=0|theta=0.300000|delta_threshold=0.100000|A=v1.0|w=na|run_id=155|seed=12106453989289032113,False,"{""step_1_amount"": 0.527409818735322}",5222c37788a096d3910624247b4a1e76a3afcfe0df2ea7ddd6490cebc16a26a9,0.44666666666666677,0.6390199351736684,0.19235326850700163,18,0.0,0.0,0.44666666666666677,0.6390199351736684,0,1,0.19235326850700163,"{""energy"": 0.6666666666666667, ""water"": 0.2666666666666667, ""transport"": 0.33333333333333337}","{""energy"": 0.7485191213504973, ""water"": 0.6759289400858193, ""transport"": 0.4561120153590791}","{""energy"": 0.08185245468383051, ""water"": 0.40926227341915256, ""transport"": 0.12277868202574571}","{""energy"": 0.0, ""water"": 0.0, ""transport"": 0.0}","{""energy"": 0.0, ""water"": 0.0, ""transport"": 0.0}","{""energy"": 0.0, ""water"": 0.0, ""transport"": 0.0}",0.3,0.1,,0.44666666666666677,1.0,0.5533333333333332,1,"{""energy"": 0.6666666666666667, ""water"": 0.2666666666666667, ""transport"": 0.33333333333333337}","{""energy"": 1.0, ""water"": 1.0, ""transport"": 1.0}","{""energy"": 0.33333333333333326, ""water"": 0.7333333333333333, ""transport"": 0.6666666666666666}",3,0.6390199351736684,,,[],,v1.0,0.7,0.3
S4_water_partial,156,156,9134063263097761689,scenario=S4_water_partial|method=both|duration=0|theta=0.300000|delta_threshold=0.100000|A=v1.0|w=na|run_id=156|seed=9134063263097761689,False,"{""step_1_amount"": 0.9239519716026682}",5222c37788a096d3910624247b4a1e76a3afcfe0df2ea7ddd6490cebc16a26a9,0.44666666666666677,0.910718097564339,0.4640514308976722,11,0.0,1.0,0.44666666666666677,0.910718097564339,1,1,0.4640514308976722,"{""energy"": 0.6666666666666667, ""water"": 0.2666666666666667, ""transport"": 0.33333333333333337}","{""energy"": 0.9120915430902662, ""water"": 1.0, ""transport"": 0.819604934427442}","{""energy"": 0.24542487642359945, ""water"": 0.7333333333333333, ""transport"": 0.4862716010941086}","{""energy"": 0.0, ""water"": 0.0, ""transport"": 0.0}","{""energy"": 1.0, ""water"": 1.0, ""transport"": 1.0}","{""energy"": 1.0, ""water"": 1.0, ""transport"": 1.0}",0.3,0.1,,0.44666666666666677,1.0,0.5533333333333332,1,"{""energy"": 0.6666666666666667, ""water"": 0.2666666666666667, ""transport"": 0.33333333333333337}","{""energy"": 1.0, ""water"": 1.0, ""transport"": 1.0}","{""energy"": 0.33333333333333326, ""water"": 0.7333333333333333, ""transport"": 0.6666666666666666}",3,0.910718097564339,,,"[""energy"", ""transport""]",1,v1.0,0.7,0.3
S4_water_partial,157,157,12549063340412504958,scenario=S4_water_partial|method=both|duration=0|theta=0.300000|delta_threshold=0.100000|A=v1.0|w=na|run_id=157|seed=12549063340412504958,False,"{""step_1_amount"": 1.257745369849496}",5222c37788a096d3910624247b4a1e76a3afcfe0df2ea7ddd6490cebc16a26a9,0.44666666666666677,0.8366666666666667,0.3899999999999999,12,0.0,1.0,0.44666666666666677,0.8366666666666667,1,1,0.3899999999999999,"{""energy"": 0.6666666666666667, ""water"": 0.2666666666666667, ""transport"": 0.33333333333333337}","{""energy"": 0.8666666666666667, ""water"": 1.0, ""transport"": 0.6333333333333333}","{""energy"": 0.19999999999999996, ""water"": 0.7333333333333333, ""transport"": 0.29999999999999993}","{""energy"": 0.0, ""water"": 0.0, ""transport"": 0.0}","{""energy"": 1.0, ""water"": 1.0, ""transport"": 1.0}","{""energy"": 1.0, ""water"": 1.0, ""transport"": 1.0}",0.3,0.1,,0.44666666666666677,1.0,0.5533333333333332,1,"{""energy"": 0.6666666666666667, ""water"": 0.2666666666666667, ""transport"": 0.33333333333333337}","{""energy"": 1.0, ""water"": 1.0, ""transport"": 1.0}","{""energy"": 0.33333333333333326, ""water"": 0.7333333333333333, ""transport"": 0.6666666666666666}",3,0.8366666666666667,,,"[""energy"", ""transport""]",1,v1.0,0.7,0.3
S4_water_partial,158,158,2822720678171713138,scenario=S4_water_partial|method=both|duration=0|theta=0.300000|delta_threshold=0.100000|A=v1.0|w=na|run_id=158|seed=2822720678171713138,False,"{""step_1_amount"": 0.823354528647749}",5222c37788a096d3910624247b4a1e76a3afcfe0df2ea7ddd6490cebc16a26a9,0.44666666666666677,0.9037809638940469,0.4571142972273802,16,0.0,1.0,0.44666666666666677,0.9037809638940469,1,1,0.4571142972273802,"{""energy"": 0.6666666666666667, ""water"": 0.2666666666666667, ""transport"": 0.33333333333333337}","{""energy"": 0.8972563416069851, ""water"": 1.0, ""transport"": 0.8162614241708429}","{""energy"": 0.23058967494031835, ""water"": 0.7333333333333333, ""transport"": 0.48292809083750954}","{""energy"": 0.0, ""water"": 0.0, ""transport"": 0.0}","{""energy"": 1.0, ""water"": 1.0, ""transport"": 1.0}","{""energy"": 1.0, ""water"": 1.0, ""transport"": 1.0}",0.3,0.1,,0.44666666666666677,1.0,0.5533333333333332,1,"{""energy"": 0.6666666666666667, ""water"": 0.2666666666666667, ""transport"": 0.33333333333333337}","{""energy"": 1.0, ""water"": 1.0, ""transport"": 1.0}","{""energy"": 0.33333333333333326, ""water"": 0.7333333333333333, ""transport"": 0.6666666666666666}",3,0.9037809638940469,,,"[""energy"", ""transport""]",1,v1.0,0.7,0.3
S4_water_partial,159,159,16547813494320969182,scenario=S4_water_partial|method=both|duration=0|theta=0.300000|delta_threshold=0.100000|A=v1.0|w=na|run_id=159|seed=16547813494320969182,False,"{""step_1_amount"": 0.13341964042267354}",5222c37788a096d3910624247b4a1e76a3afcfe0df2ea7ddd6490cebc16a26a9,0.44666666666666677,0.44666666666666677,0.0,16,0.0,0.0,0.44666666666666677,0.44666666666666677,0,0,0.0,"{""energy"": 0.6666666666666667, ""water"": 0.2666666666666667, ""transport"": 0.33333333333333337}","{""energy"": 0.6666666666666667, ""water"": 0.2666666666666667, ""transport"": 0.33333333333333337}","{""energy"": 0.0, ""water"": 0.0, ""transport"": 0.0}","{""energy"": 0.0, ""water"": 0.0, ""transport"": 0.0}","{""energy"": 0.0, ""water"": 0.0, ""transport"": 0.0}","{""energy"": 0.0, ""water"": 0.0, ""transport"": 0.0}",0.3,0.1,,0.44666666666666677,1.0,0.5533333333333332,1,"{""energy"": 0.6666666666666667, ""water"": 0.2666666666666667, ""transport"": 0.33333333333333337}","{""energy"": 1.0, ""water"": 1.0, ""transport"": 1.0}","{""energy"": 0.33333333333333326, ""water"": 0.7333333333333333, ""transport"": 0.6666666666666666}",4,0.44666666666666677,,,[],,v1.0,0.7,0.3
S4_water_partial,160,160,1026292351187235597,scenario=S4_water_partial|method=both|duration=0|theta=0.300000|delta_threshold=0.100000|A=v1.0|w=na|run_id=160|seed=1026292351187235597,False,"{""step_1_amount"": 0.5630505008148708}",5222c37788a096d3910624247b4a1e76a3afcfe0df2ea7ddd6490cebc16a26a9,0.44666666666666677,0.6599588358954034,0.21329216922873662,27,0.0,0.0,0.44666666666666677,0.6599588358954034,0,1,0.21329216922873662,"{""energy"": 0.6666666666666667, ""water"": 0.2666666666666667, ""transport"": 0.33333333333333337}","{""energy"": 0.7574292918703844, ""water"": 0.7204797926852553, ""transport"": 0.4694772711389099}","{""energy"": 0.0907626252037177, ""water"": 0.4538131260185886, ""transport"": 0.13614393780557654}","{""energy"": 0.0, ""water"": 0.0, ""transport"": 0.0}","{""energy"": 0.0, ""water"": 0.0, ""transport"": 0.0}","{""energy"": 0.0, ""water"": 0.0, ""transport"": 0.0}",0.3,0.1,,0.44666666666666677,1.0,0.5533333333333332,1,"{""energy"": 0.6666666666666667, ""water"": 0.2666666666666667, ""transport"": 0.33333333333333337}","{""energy"": 1.0, ""water"": 1.0, ""transport"": 1.0}","{""energy"": 0.33333333333333326, ""water"": 0.7333333333333333, ""transport"": 0.6666666666666666}",3,0.6599588358954034,,,[],,v1.0,0.7,0.3
S4_water_partial,161,161,7309096543448563349,scenario=S4_water_partial|method=both|duration=0|theta=0.300000|delta_threshold=0.100000|A=v1.0|w=na|run_id=161|seed=7309096543448563349,False,"{""step_1_amount"": 0.8025075061496575}",5222c37788a096d3910624247b4a1e76a3afcfe0df2ea7ddd6490cebc16a26a9,0.44666666666666677,0.794699511723469,0.3480328450568022,12,0.0,1.0,0.44666666666666677,0.794699511723469,1,1,0.3480328450568022,"{""energy"": 0.6666666666666667, ""water"": 0.2666666666666667, ""transport"": 0.33333333333333337}","{""energy"": 0.8172935432040811, ""water"": 1.0, ""transport"": 0.5592736481394549}","{""energy"": 0.15062687653741436, ""water"": 0.7333333333333333, ""transport"": 0.22594031480612153}","{""energy"": 0.0, ""water"": 0.0, ""transport"": 0.0}","{""energy"": 1.0, ""water"": 1.0, ""transport"": 1.0}","{""energy"": 1.0, ""water"": 1.0, ""transport"": 1.0}",0.3,0.1,,0.44666666666666677,1.0,0.5533333333333332,1,"{""energy"": 0.6666666666666667, ""water"": 0.2666666666666667, ""transport"": 0.33333333333333337}","{""energy"": 1.0, ""water"": 1.0, ""transport"": 1.0}","{""energy"": 0.33333333333333326, ""water"": 0.7333333333333333, ""transport"": 0.6666666666666666}",3,0.794699511723469,,,"[""energy"", ""transport""]",1,v1.0,0.7,0.3
S4_water_partial,162,162,15256891086887283819,scenario=S4_water_partial|method=both|duration=0|theta=0.300000|delta_threshold=0.100000|A=v1.0|w=na|run_id=162|seed=15256891086887283819,False,"{""step_1_amount"": 0.7025958244231926}",5222c37788a096d3910624247b4a1e76a3afcfe0df2ea7ddd6490cebc16a26a9,0.44666666666666677,0.7419417135152924,0.2952750468486256,28,0.0,0.0,0.44666666666666677,0.7419417135152924,0,1,0.2952750468486256,"{""energy"": 0.6666666666666667, ""water"": 0.2666666666666667, ""transport"": 0.33333333333333337}","{""energy"": 0.7923156227724649, ""water"": 0.8949114471956574, ""transport"": 0.5218067674920306}","{""energy"": 0.12564895610579818, ""water"": 0.6282447805289907, ""transport"": 0.18847343415869722}","{""energy"": 0.0, ""water"": 0.0, ""transport"": 0.0}","{""energy"": 0.0, ""water"": 0.0, ""transport"": 0.0}","{""energy"": 0.0, ""water"": 0.0, ""transport"": 0.0}",0.3,0.1,,0.44666666666666677,1.0,0.5533333333333332,1,"{""energy"": 0.6666666666666667, ""water"": 0.2666666666666667, ""transport"": 0.33333333333333337}","{""energy"": 1.0, ""water"": 1.0, ""transport"": 1.0}","{""energy"": 0.33333333333333326, ""water"": 0.7333333333333333, ""transport"": 0.6666666666666666}",3,0.7419417135152924,,,[],,v1.0,0.7,0.3
S4_water_partial,163,163,6492862095374446957,scenario=S4_water_partial|method=both|duration=0|theta=0.300000|delta_threshold=0.100000|A=v1.0|w=na|run_id=163|seed=6492862095374446957,False,"{""step_1_amount"": 0.8413132237991794}",5222c37788a096d3910624247b4a1e76a3afcfe0df2ea7ddd6490cebc16a26a9,0.44666666666666677,0.9073826518733374,0.4607159852066707,30,0.0,1.0,0.44666666666666677,0.9073826518733374,1,1,0.4607159852066707,"{""energy"": 0.6666666666666667, ""water"": 0.2666666666666667, ""transport"": 0.33333333333333337}","{""energy"": 0.9015927762945651, ""water"": 1.0, ""transport"": 0.8224851378517042}","{""energy"": 0.2349261096278984, ""water"": 0.7333333333333333, ""transport"": 0.4891518045183708}","{""energy"": 0.0, ""water"": 0.0, ""transport"": 0.0}","{""energy"": 1.0, ""water"": 1.0, ""transport"": 1.0}","{""energy"": 1.0, ""water"": 1.0, ""transport"": 1.0}",0.3,0.1,,0.44666666666666677,1.0,0.5533333333333332,1,"{""energy"": 0.6666666666666667, ""water"": 0.2666666666666667, ""transport"": 0.33333333333333337}","{""energy"": 1.0, ""water"": 1.0, ""transport"": 1.0}","{""energy"": 0.33333333333333326, ""water"": 0.7333333333333333, ""transport"": 0.6666666666666666}",3,0.9073826518733374,,,"[""energy"", ""transport""]",1,v1.0,0.7,0.3
S4_water_partial,164,164,1294763237732403702,scenario=S4_water_partial|method=both|duration=0|theta=0.300000|delta_threshold=0.100000|A=v1.0|w=na|run_id=164|seed=1294763237732403702,False,"{""step_1_amount"": 1.1375684229919518}",5222c37788a096d3910624247b4a1e76a3afcfe0df2ea7ddd6490cebc16a26a9,0.44666666666666677,0.8366666666666667,0.3899999999999999,5,0.0,1.0,0.44666666666666677,0.8366666666666667,1,1,0.3899999999999999,"{""energy"": 0.6666666666666667, ""water"": 0.2666666666666667, ""transport"": 0.33333333333333337}","{""energy"": 0.8666666666666667, ""water"": 1.0, ""transport"": 0.6333333333333333}","{""energy"": 0.19999999999999996, ""water"": 0.7333333333333333, ""transport"": 0.29999999999999993}","{""energy"": 0.0, ""water"": 0.0, ""transport"": 0.0}","{""energy"": 1.0, ""water"": 1.0, ""transport"": 1.0}","{""energy"": 1.0, ""water"": 1.0, ""transport"": 1.0}",0.3,0.1,,0.44666666666666677,1.0,0.5533333333333332,1,"{""energy"": 0.6666666666666667, ""water"": 0.2666666666666667, ""transport"": 0.33333333333333337}","{""energy"": 1.0, ""water"": 1.0, ""transport"": 1.0}","{""energy"": 0.33333333333333326, ""water"": 0.7333333333333333, ""transport"": 0.6666666666666666}",3,0.8366666666666667,,,"[""energy"", ""transport""]",1,v1.0,0.7,0.3
S4_water_partial,165,165,261705463904703409,scenario=S4_water_partial|method=both|duration=0|theta=0.300000|delta_threshold=0.100000|A=v1.0|w=na|run_id=165|seed=261705463904703409,False,"{""step_1_amount"": 0.44711745872877645}",5222c37788a096d3910624247b4a1e76a3afcfe0df2ea7ddd6490cebc16a26a9,0.44666666666666677,0.5918481736698229,0.14518150700315613,30,0.0,0.0,0.44666666666666677,0.5918481736698229,0,0,0.14518150700315613,"{""energy"": 0.6666666666666667, ""water"": 0.2666666666666667, ""transport"": 0.33333333333333337}","{""energy"": 0.7284460313488609, ""water"": 0.5755634900776373, ""transport"": 0.4260023803566245}","{""energy"": 0.06177936468219414, ""water"": 0.3088968234109706, ""transport"": 0.09266904702329115}","{""energy"": 0.0, ""water"": 0.0, ""transport"": 0.0}","{""energy"": 0.0, ""water"": 0.0, ""transport"": 0.0}","{""energy"": 0.0, ""water"": 0.0, ""transport"": 0.0}",0.3,0.1,,0.44666666666666677,1.0,0.5533333333333332,1,"{""energy"": 0.6666666666666667, ""water"": 0.2666666666666667, ""transport"": 0.33333333333333337}","{""energy"": 1.0, ""water"": 1.0, ""transport"": 1.0}","{""energy"": 0.33333333333333326, ""water"": 0.7333333333333333, ""transport"": 0.6666666666666666}",4,0.5918481736698229,,,[],,v1.0,0.7,0.3
S4_water_partial,166,166,8277001547369344569,scenario=S4_water_partial|method=both|duration=0|theta=0.300000|delta_threshold=0.100000|A=v1.0|w=na|run_id=166|seed=8277001547369344569,False,"{""step_1_amount"": 1.4043544569200899}",5222c37788a096d3910624247b4a1e76a3afcfe0df2ea7ddd6490cebc16a26a9,0.44666666666666677,0.9267910947287845,0.48012442806211775,5,0.0,1.0,0.44666666666666677,0.9267910947287845,1,1,0.48012442806211775,"{""energy"": 0.6666666666666667, ""water"": 0.2666666666666667, ""transport"": 0.33333333333333337}","{""energy"": 0.931041258139608, ""water"": 1.0, ""transport"": 0.8479153049098042}","{""energy"": 0.2643745914729413, ""water"": 0.7333333333333333, ""transport"": 0.5145819715764708}","{""energy"": 0.0, ""water"": 0.0, ""transport"": 0.0}","{""energy"": 1.0, ""water"": 1.0, ""transport"": 1.0}","{""energy"": 1.0, ""water"": 1.0, ""transport"": 1.0}",0.3,0.1,,0.44666666666666677,1.0,0.5533333333333332,1,"{""energy"": 0.6666666666666667, ""water"": 0.2666666666666667, ""transport"": 0.33333333333333337}","{""energy"": 1.0, ""water"": 1.0, ""transport"": 1.0}","{""energy"": 0.33333333333333326, ""water"": 0.7333333333333333, ""transport"": 0.6666666666666666}",3,0.9267910947287845,,,"[""energy"", ""transport""]",1,v1.0,0.7,0.3
S4_water_partial,167,167,10247379012770192258,scenario=S4_water_partial|method=both|duration=0|theta=0.300000|delta_threshold=0.100000|A=v1.0|w=na|run_id=167|seed=10247379012770192258,False,"{""step_1_amount"": 0.5132707205883673}",5222c37788a096d3910624247b4a1e76a3afcfe0df2ea7ddd6490cebc16a26a9,0.44666666666666677,0.6307132150123326,0.1840465483456658,16,0.0,0.0,0.44666666666666677,0.6307132150123326,0,1,0.1840465483456658,"{""energy"": 0.6666666666666667, ""water"": 0.2666666666666667, ""transport"": 0.33333333333333337}","{""energy"": 0.7449843468137586, ""water"": 0.6582550674021259, ""transport"": 0.45080985355397113}","{""energy"": 0.07831768014709184, ""water"": 0.3915884007354592, ""transport"": 0.11747652022063776}","{""energy"": 0.0, ""water"": 0.0, ""transport"": 0.0}","{""energy"": 0.0, ""water"": 0.0, ""transport"": 0.0}","{""energy"": 0.0, ""water"": 0.0, ""transport"": 0.0}",0.3,0.1,,0.44666666666666677,1.0,0.5533333333333332,1,"{""energy"": 0.6666666666666667, ""water"": 0.2666666666666667, ""transport"": 0.33333333333333337}","{""energy"": 1.0, ""water"": 1.0, ""transport"": 1.0}","{""energy"": 0.33333333333333326, ""water"": 0.7333333333333333, ""transport"": 0.6666666666666666}",3,0.6307132150123326,,,[],,v1.0,0.7,0.3
S4_water_partial,168,168,10974135110597787909,scenario=S4_water_partial|method=both|duration=0|theta=0.300000|delta_threshold=0.100000|A=v1.0|w=na|run_id=168|seed=10974135110597787909,False,"{""step_1_amount"": 0.037487502611092675}",5222c37788a096d3910624247b4a1e76a3afcfe0df2ea7ddd6490cebc16a26a9,0.44666666666666677,0.5681150124774712,0.12144834581080444,30,0.0,0.0,0.44666666666666677,0.5681150124774712,0,1,0.12144834581080444,"{""energy"": 0.6666666666666667, ""water"": 0.2666666666666667, ""transport"": 0.33333333333333337}","{""energy"": 0.7425718827984196, ""water"": 0.31727014408783527, ""transport"": 0.5863507204391761}","{""energy"": 0.07590521613175283, ""water"": 0.05060347742116855, ""transport"": 0.25301738710584276}","{""energy"": 0.0, ""water"": 0.0, ""transport"": 0.0}","{""energy"": 0.0, ""water"": 0.0, ""transport"": 0.0}","{""energy"": 0.0, ""water"": 0.0, ""transport"": 0.0}",0.3,0.1,,0.44666666666666677,1.0,0.5533333333333332,1,"{""energy"": 0.6666666666666667, ""water"": 0.2666666666666667, ""transport"": 0.33333333333333337}","{""energy"": 1.0, ""water"": 1.0, ""transport"": 1.0}","{""energy"": 0.33333333333333326, ""water"": 0.7333333333333333, ""transport"": 0.6666666666666666}",4,0.5681150124774712,,,[],,v1.0,0.7,0.3
S4_water_partial,169,169,5930033845584582276,scenario=S4_water_partial|method=both|duration=0|theta=0.300000|delta_threshold=0.100000|A=v1.0|w=na|run_id=169|seed=5930033845584582276,False,"{""step_1_amount"": 0.9219283693092558}",5222c37788a096d3910624247b4a1e76a3afcfe0df2ea7ddd6490cebc16a26a9,0.44666666666666677,0.8200764451448836,0.3734097784782169,14,0.0,1.0,0.44666666666666677,0.8200764451448836,1,1,0.3734097784782169,"{""energy"": 0.6666666666666667, ""water"": 0.2666666666666667, ""transport"": 0.33333333333333337}","{""energy"": 0.8471487589939807, ""water"": 1.0, ""transport"": 0.6040564718243042}","{""energy"": 0.18048209232731394, ""water"": 0.7333333333333333, ""transport"": 0.27072313849097085}","{""energy"": 0.0, ""water"": 0.0, ""transport"": 0.0}","{""energy"": 1.0, ""water"": 1.0, ""transport"": 1.0}","{""energy"": 1.0, ""water"": 1.0, ""transport"": 1.0}",0.3,0.1,,0.44666666666666677,1.0,0.5533333333333332,1,"{""energy"": 0.6666666666666667, ""water"": 0.2666666666666667, ""transport"": 0.33333333333333337}","{""energy"": 1.0, ""water"": 1.0, ""transport"": 1.0}","{""energy"": 0.33333333333333326, ""water"": 0.7333333333333333, ""transport"": 0.6666666666666666}",3,0.8200764451448836,,,"[""energy"", ""transport""]",1,v1.0,0.7,0.3
S4_water_partial,170,170,15238018040537367665,scenario=S4_water_partial|method=both|duration=0|theta=0.300000|delta_threshold=0.100000|A=v1.0|w=na|run_id=170|seed=15238018040537367665,False,"{""step_1_amount"": 0.488426710197828}",5222c37788a096d3910624247b4a1e76a3afcfe0df2ea7ddd6490cebc16a26a9,0.44666666666666677,0.6161173589078907,0.1694506922412239,14,0.0,0.0,0.44666666666666677,0.6161173589078907,0,1,0.1694506922412239,"{""energy"": 0.6666666666666667, ""water"": 0.2666666666666667, ""transport"": 0.33333333333333337}","{""energy"": 0.7387733442161237, ""water"": 0.6272000544139518, ""transport"": 0.44149334965751885}","{""energy"": 0.07210667754945699, ""water"": 0.36053338774728505, ""transport"": 0.10816001632418548}","{""energy"": 0.0, ""water"": 0.0, ""transport"": 0.0}","{""energy"": 0.0, ""water"": 0.0, ""transport"": 0.0}","{""energy"": 0.0, ""water"": 0.0, ""transport"": 0.0}",0.3,0.1,,0.44666666666666677,1.0,0.5533333333333332,1,"{""energy"": 0.6666666666666667, ""water"": 0.2666666666666667, ""transport"": 0.33333333333333337}","{""energy"": 1.0, ""water"": 1.0, ""transport"": 1.0}","{""energy"": 0.33333333333333326, ""water"": 0.7333333333333333, ""transport"": 0.6666666666666666}",4,0.6161173589078907,,,[],,v1.0,0.7,0.3
S4_water_partial,171,171,7930116514883572282,scenario=S4_water_partial|method=both|duration=0|theta=0.300000|delta_threshold=0.100000|A=v1.0|w=na|run_id=171|seed=7930116514883572282,False,"{""step_1_amount"": 0.47638449994741666}",5222c37788a096d3910624247b4a1e76a3afcfe0df2ea7ddd6490cebc16a26a9,0.44666666666666677,0.609042560385774,0.1623758937191072,14,0.0,0.0,0.44666666666666677,0.609042560385774,0,1,0.1623758937191072,"{""energy"": 0.6666666666666667, ""water"": 0.2666666666666667, ""transport"": 0.33333333333333337}","{""energy"": 0.7357627916535209, ""water"": 0.6121472916009376, ""transport"": 0.43697752081361463}","{""energy"": 0.06909612498685413, ""water"": 0.3454806249342709, ""transport"": 0.10364418748028126}","{""energy"": 0.0, ""water"": 0.0, ""transport"": 0.0}","{""energy"": 0.0, ""water"": 0.0, ""transport"": 0.0}","{""energy"": 0.0, ""water"": 0.0, ""transport"": 0.0}",0.3,0.1,,0.44666666666666677,1.0,0.5533333333333332,1,"{""energy"": 0.6666666666666667, ""water"": 0.2666666666666667, ""transport"": 0.33333333333333337}","{""energy"": 1.0, ""water"": 1.0, ""transport"": 1.0}","{""energy"": 0.33333333333333326, ""water"": 0.7333333333333333, ""transport"": 0.6666666666666666}",4,0.609042560385774,,,[],,v1.0,0.7,0.3
S4_water_partial,172,172,4438524096854737134,scenario=S4_water_partial|method=both|duration=0|theta=0.300000|delta_threshold=0.100000|A=v1.0|w=na|run_id=172|seed=4438524096854737134,False,"{""step_1_amount"": 0.19901958060007888}",5222c37788a096d3910624247b4a1e76a3afcfe0df2ea7ddd6490cebc16a26a9,0.44666666666666677,0.44666666666666677,0.0,17,0.0,0.0,0.44666666666666677,0.44666666666666677,0,0,0.0,"{""energy"": 0.6666666666666667, ""water"": 0.2666666666666667, ""transport"": 0.33333333333333337}","{""energy"": 0.6666666666666667, ""water"": 0.2666666666666667, ""transport"": 0.33333333333333337}","{""energy"": 0.0, ""water"": 0.0, ""transport"": 0.0}","{""energy"": 0.0, ""water"": 0.0, ""transport"": 0.0}","{""energy"": 0.0, ""water"": 0.0, ""transport"": 0.0}","{""energy"": 0.0, ""water"": 0.0, ""transport"": 0.0}",0.3,0.1,,0.44666666666666677,1.0,0.5533333333333332,1,"{""energy"": 0.6666666666666667, ""water"": 0.2666666666666667, ""transport"": 0.33333333333333337}","{""energy"": 1.0, ""water"": 1.0, ""transport"": 1.0}","{""energy"": 0.33333333333333326, ""water"": 0.7333333333333333, ""transport"": 0.6666666666666666}",4,0.44666666666666677,,,[],,v1.0,0.7,0.3
S4_water_partial,173,173,2540029836188668300,scenario=S4_water_partial|method=both|duration=0|theta=0.300000|delta_threshold=0.100000|A=v1.0|w=na|run_id=173|seed=2540029836188668300,False,"{""step_1_amount"": 1.2067015672548735}",5222c37788a096d3910624247b4a1e76a3afcfe0df2ea7ddd6490cebc16a26a9,0.44666666666666677,0.8366666666666667,0.3899999999999999,28,0.0,1.0,0.44666666666666677,0.8366666666666667,1,1,0.3899999999999999,"{""energy"": 0.6666666666666667, ""water"": 0.2666666666666667, ""transport"": 0.33333333333333337}","{""energy"": 0.8666666666666667, ""water"": 1.0, ""transport"": 0.6333333333333333}","{""energy"": 0.19999999999999996, ""water"": 0.7333333333333333, ""transport"": 0.29999999999999993}","{""energy"": 0.0, ""water"": 0.0, ""transport"": 0.0}","{""energy"": 1.0, ""water"": 1.0, ""transport"": 1.0}","{""energy"": 1.0, ""water"": 1.0, ""transport"": 1.0}",0.3,0.1,,0.44666666666666677,1.0,0.5533333333333332,1,"{""energy"": 0.6666666666666667, ""water"": 0.2666666666666667, ""transport"": 0.33333333333333337}","{""energy"": 1.0, ""water"": 1.0, ""transport"": 1.0}","{""energy"": 0.33333333333333326, ""water"": 0.7333333333333333, ""transport"": 0.6666666666666666}",3,0.8366666666666667,,,"[""energy"", ""transport""]",1,v1.0,0.7,0.3
S4_water_partial,174,174,5216708074242937460,scenario=S4_water_partial|method=both|duration=0|theta=0.300000|delta_threshold=0.100000|A=v1.0|w=na|run_id=174|seed=5216708074242937460,False,"{""step_1_amount"": 0.815176773576342}",5222c37788a096d3910624247b4a1e76a3afcfe0df2ea7ddd6490cebc16a26a9,0.44666666666666677,0.7973917310516394,0.35072506438497264,29,0.0,1.0,0.44666666666666677,0.7973917310516394,1,1,0.35072506438497264,"{""energy"": 0.6666666666666667, ""water"": 0.2666666666666667, ""transport"": 0.33333333333333337}","{""energy"": 0.8204608600607523, ""water"": 1.0, ""transport"": 0.5640246234244617}","{""energy"": 0.1537941933940855, ""water"": 0.7333333333333333, ""transport"": 0.23069129009112832}","{""energy"": 0.0, ""water"": 0.0, ""transport"": 0.0}","{""energy"": 1.0, ""water"": 1.0, ""transport"": 1.0}","{""energy"": 1.0, ""water"": 1.0, ""transport"": 1.0}",0.3,0.1,,0.44666666666666677,1.0,0.5533333333333332,1,"{""energy"": 0.6666666666666667, ""water"": 0.2666666666666667, ""transport"": 0.33333333333333337}","{""energy"": 1.0, ""water"": 1.0, ""transport"": 1.0}","{""energy"": 0.33333333333333326, ""water"": 0.7333333333333333, ""transport"": 0.6666666666666666}",3,0.7973917310516394,,,"[""energy"", ""transport""]",1,v1.0,0.7,0.3
S4_water_partial,175,175,6370444299671953694,scenario=S4_water_partial|method=both|duration=0|theta=0.300000|delta_threshold=0.100000|A=v1.0|w=na|run_id=175|seed=6370444299671953694,False,"{""step_1_amount"": 0.6374015898965465}",5222c37788a096d3910624247b4a1e76a3afcfe0df2ea7ddd6490cebc16a26a9,0.44666666666666677,0.7036401007308878,0.256973434064221,16,0.0,0.0,0.44666666666666677,0.7036401007308878,0,1,0.256973434064221,"{""energy"": 0.6666666666666667, ""water"": 0.2666666666666667, ""transport"": 0.33333333333333337}","{""energy"": 0.7760170641408034, ""water"": 0.8134186540373498, ""transport"": 0.4973589295445383}","{""energy"": 0.10935039747413666, ""water"": 0.5467519873706831, ""transport"": 0.16402559621120494}","{""energy"": 0.0, ""water"": 0.0, ""transport"": 0.0}","{""energy"": 0.0, ""water"": 0.0, ""transport"": 0.0}","{""energy"": 0.0, ""water"": 0.0, ""transport"": 0.0}",0.3,0.1,,0.44666666666666677,1.0,0.5533333333333332,1,"{""energy"": 0.6666666666666667, ""water"": 0.2666666666666667, ""transport"": 0.33333333333333337}","{""energy"": 1.0, ""water"": 1.0, ""transport"": 1.0}","{""energy"": 0.33333333333333326, ""water"": 0.7333333333333333, ""transport"": 0.6666666666666666}",3,0.7036401007308878,,,[],,v1.0,0.7,0.3
S4_water_partial,176,176,9975050831078869761,scenario=S4_water_partial|method=both|duration=0|theta=0.300000|delta_threshold=0.100000|A=v1.0|w=na|run_id=176|seed=9975050831078869761,False,"{""step_1_amount"": 0.7858324597407783}",5222c37788a096d3910624247b4a1e76a3afcfe0df2ea7ddd6490cebc16a26a9,0.44666666666666677,0.9129438309192064,0.4662771642525396,8,0.0,1.0,0.44666666666666677,0.9129438309192064,1,1,0.4662771642525396,"{""energy"": 0.6666666666666667, ""water"": 0.2666666666666667, ""transport"": 0.33333333333333337}","{""energy"": 0.9001160434287359, ""water"": 1.0, ""transport"": 0.8429913784923735}","{""energy"": 0.23344937676206912, ""water"": 0.7333333333333333, ""transport"": 0.5096580451590401}","{""energy"": 0.0, ""water"": 0.0, ""transport"": 0.0}","{""energy"": 1.0, ""water"": 1.0, ""transport"": 1.0}","{""energy"": 1.0, ""water"": 1.0, ""transport"": 1.0}",0.3,0.1,,0.44666666666666677,1.0,0.5533333333333332,1,"{""energy"": 0.6666666666666667, ""water"": 0.2666666666666667, ""transport"": 0.33333333333333337}","{""energy"": 1.0, ""water"": 1.0, ""transport"": 1.0}","{""energy"": 0.33333333333333326, ""water"": 0.7333333333333333, ""transport"": 0.6666666666666666}",3,0.9129438309192064,,,"[""energy"", ""transport""]",1,v1.0,0.7,0.3
S4_water_partial,177,177,6221179847562989283,scenario=S4_water_partial|method=both|duration=0|theta=0.300000|delta_threshold=0.100000|A=v1.0|w=na|run_id=177|seed=6221179847562989283,False,"{""step_1_amount"": 0.18713174754322565}",5222c37788a096d3910624247b4a1e76a3afcfe0df2ea7ddd6490cebc16a26a9,0.44666666666666677,0.8644373406073251,0.41777067394065837,26,0.0,1.0,0.44666666666666677,0.8644373406073251,1,1,0.41777067394065837,"{""energy"": 0.6666666666666667, ""water"": 0.2666666666666667, ""transport"": 0.33333333333333337}","{""energy"": 0.9359450441546862, ""water"": 0.6335310764848354, ""transport"": 1.0}","{""energy"": 0.2692783774880194, ""water"": 0.3668644098181687, ""transport"": 0.6666666666666666}","{""energy"": 0.0, ""water"": 0.0, ""transport"": 0.0}","{""energy"": 1.0, ""water"": 1.0, ""transport"": 1.0}","{""energy"": 1.0, ""water"": 1.0, ""transport"": 1.0}",0.3,0.1,,0.44666666666666677,1.0,0.5533333333333332,1,"{""energy"": 0.6666666666666667, ""water"": 0.2666666666666667, ""transport"": 0.33333333333333337}","{""energy"": 1.0, ""water"": 1.0, ""transport"": 1.0}","{""energy"": 0.33333333333333326, ""water"": 0.7333333333333333, ""transport"": 0.6666666666666666}",3,0.8644373406073251,,,"[""energy"", ""transport""]",2,v1.0,0.7,0.3
S4_water_partial,178,178,3744741835261648142,scenario=S4_water_partial|method=both|duration=0|theta=0.300000|delta_threshold=0.100000|A=v1.0|w=na|run_id=178|seed=3744741835261648142,False,"{""step_1_amount"": 1.0777946169891115}",5222c37788a096d3910624247b4a1e76a3afcfe0df2ea7ddd6490cebc16a26a9,0.44666666666666677,0.9481437119502294,0.5014770452835626,22,0.0,1.0,0.44666666666666677,0.9481437119502294,1,1,0.5014770452835626,"{""energy"": 0.6666666666666667, ""water"": 0.2666666666666667, ""transport"": 0.33333333333333337}","{""energy"": 0.9462931275834973, ""water"": 1.0, ""transport"": 0.8987548697227683}","{""energy"": 0.2796264609168305, ""water"": 0.7333333333333333, ""transport"": 0.5654215363894349}","{""energy"": 0.0, ""water"": 0.0, ""transport"": 0.0}","{""energy"": 1.0, ""water"": 1.0, ""transport"": 1.0}","{""energy"": 1.0, ""water"": 1.0, ""transport"": 1.0}",0.3,0.1,,0.44666666666666677,1.0,0.5533333333333332,1,"{""energy"": 0.6666666666666667, ""water"": 0.2666666666666667, ""transport"": 0.33333333333333337}","{""energy"": 1.0, ""water"": 1.0, ""transport"": 1.0}","{""energy"": 0.33333333333333326, ""water"": 0.7333333333333333, ""transport"": 0.6666666666666666}",3,0.9481437119502294,,,"[""energy"", ""transport""]",1,v1.0,0.7,0.3
S4_water_partial,179,179,18418591024747808428,scenario=S4_water_partial|method=both|duration=0|theta=0.300000|delta_threshold=0.100000|A=v1.0|w=na|run_id=179|seed=18418591024747808428,False,"{""step_1_amount"": 0.7492742084423026}",5222c37788a096d3910624247b4a1e76a3afcfe0df2ea7ddd6490cebc16a26a9,0.44666666666666677,0.7693652641265196,0.32269859745985285,25,0.0,0.0,0.44666666666666677,0.7693652641265196,0,1,0.32269859745985285,"{""energy"": 0.6666666666666667, ""water"": 0.2666666666666667, ""transport"": 0.33333333333333337}","{""energy"": 0.8039852187772424, ""water"": 0.953259427219545, ""transport"": 0.5393111614991969}","{""energy"": 0.13731855211057564, ""water"": 0.6865927605528783, ""transport"": 0.20597782816586352}","{""energy"": 0.0, ""water"": 0.0, ""transport"": 0.0}","{""energy"": 0.0, ""water"": 0.0, ""transport"": 0.0}","{""energy"": 0.0, ""water"": 0.0, ""transport"": 0.0}",0.3,0.1,,0.44666666666666677,1.0,0.5533333333333332,1,"{""energy"": 0.6666666666666667, ""water"": 0.2666666666666667, ""transport"": 0.33333333333333337}","{""energy"": 1.0, ""water"": 1.0, ""transport"": 1.0}","{""energy"": 0.33333333333333326, ""water"": 0.7333333333333333, ""transport"": 0.6666666666666666}",3,0.7693652641265196,,,[],,v1.0,0.7,0.3
S4_water_partial,180,180,6663071228932407077,scenario=S4_water_partial|method=both|duration=0|theta=0.300000|delta_threshold=0.100000|A=v1.0|w=na|run_id=180|seed=6663071228932407077,False,"{""step_1_amount"": 0.9284953908340231}",5222c37788a096d3910624247b4a1e76a3afcfe0df2ea7ddd6490cebc16a26a9,0.44666666666666677,0.8214719372188966,0.3748052705522298,29,0.0,1.0,0.44666666666666677,0.8214719372188966,1,1,0.3748052705522298,"{""energy"": 0.6666666666666667, ""water"": 0.2666666666666667, ""transport"": 0.33333333333333337}","{""energy"": 0.8487905143751725, ""water"": 1.0, ""transport"": 0.6065191048960921}","{""energy"": 0.18212384770850576, ""water"": 0.7333333333333333, ""transport"": 0.2731857715627587}","{""energy"": 0.0, ""water"": 0.0, ""transport"": 0.0}","{""energy"": 1.0, ""water"": 1.0, ""transport"": 1.0}","{""energy"": 1.0, ""water"": 1.0, ""transport"": 1.0}",0.3,0.1,,0.44666666666666677,1.0,0.5533333333333332,1,"{""energy"": 0.6666666666666667, ""water"": 0.2666666666666667, ""transport"": 0.33333333333333337}","{""energy"": 1.0, ""water"": 1.0, ""transport"": 1.0}","{""energy"": 0.33333333333333326, ""water"": 0.7333333333333333, ""transport"": 0.6666666666666666}",3,0.8214719372188966,,,"[""energy"", ""transport""]",1,v1.0,0.7,0.3
S4_water_partial,181,181,2211197352133667687,scenario=S4_water_partial|method=both|duration=0|theta=0.300000|delta_threshold=0.100000|A=v1.0|w=na|run_id=181|seed=2211197352133667687,False,"{""step_1_amount"": 0.39708743750556513}",5222c37788a096d3910624247b4a1e76a3afcfe0df2ea7ddd6490cebc16a26a9,0.44666666666666677,0.8517973568590302,0.4051306901923635,20,0.0,0.0,0.44666666666666677,0.8517973568590302,0,1,0.4051306901923635,"{""energy"": 0.6666666666666667, ""water"": 0.2666666666666667, ""transport"": 0.33333333333333337}","{""energy"": 0.9017954550050915, ""water"": 0.6369305828566454, ""transport"": 1.0}","{""energy"": 0.23512878833842477, ""water"": 0.37026391618997867, ""transport"": 0.6666666666666666}","{""energy"": 0.0, ""water"": 0.0, ""transport"": 0.0}","{""energy"": 0.0, ""water"": 0.0, ""transport"": 0.0}","{""energy"": 0.0, ""water"": 0.0, ""transport"": 0.0}",0.3,0.1,,0.44666666666666677,1.0,0.5533333333333332,1,"{""energy"": 0.6666666666666667, ""water"": 0.2666666666666667, ""transport"": 0.33333333333333337}","{""energy"": 1.0, ""water"": 1.0, ""transport"": 1.0}","{""energy"": 0.33333333333333326, ""water"": 0.7333333333333333, ""transport"": 0.6666666666666666}",3,0.8517973568590302,,,[],,v1.0,0.7,0.3
S4_water_partial,182,182,13500908726514455281,scenario=S4_water_partial|method=both|duration=0|theta=0.300000|delta_threshold=0.100000|A=v1.0|w=na|run_id=182|seed=13500908726514455281,False,"{""step_1_amount"": 0.31208944267951255}",5222c37788a096d3910624247b4a1e76a3afcfe0df2ea7ddd6490cebc16a26a9,0.44666666666666677,0.5125192142408804,0.06585254757421366,23,0.0,0.0,0.44666666666666677,0.5125192142408804,0,0,0.06585254757421366,"{""energy"": 0.6666666666666667, ""water"": 0.2666666666666667, ""transport"": 0.33333333333333337}","{""energy"": 0.6946890273365449, ""water"": 0.4067784700160574, ""transport"": 0.3753668743381506}","{""energy"": 0.028022360669878177, ""water"": 0.14011180334939066, ""transport"": 0.04203354100481721}","{""energy"": 0.0, ""water"": 0.0, ""transport"": 0.0}","{""energy"": 0.0, ""water"": 0.0, ""transport"": 0.0}","{""energy"": 0.0, ""water"": 0.0, ""transport"": 0.0}",0.3,0.1,,0.44666666666666677,1.0,0.5533333333333332,1,"{""energy"": 0.6666666666666667, ""water"": 0.2666666666666667, ""transport"": 0.33333333333333337}","{""energy"": 1.0, ""water"": 1.0, ""transport"": 1.0}","{""energy"": 0.33333333333333326, ""water"": 0.7333333333333333, ""transport"": 0.6666666666666666}",4,0.5125192142408804,,,[],,v1.0,0.7,0.3
S4_water_partial,183,183,16748736034227582733,scenario=S4_water_partial|method=both|duration=0|theta=0.300000|delta_threshold=0.100000|A=v1.0|w=na|run_id=183|seed=16748736034227582733,False,"{""step_1_amount"": 0.684104262661502}",5222c37788a096d3910624247b4a1e76a3afcfe0df2ea7ddd6490cebc16a26a9,0.44666666666666677,1.0,0.5533333333333332,12,0.0,1.0,0.44666666666666677,1.0,1,1,0.5533333333333332,"{""energy"": 0.6666666666666667, ""water"": 0.2666666666666667, ""transport"": 0.33333333333333337}","{""energy"": 1.0, ""water"": 1.0, ""transport"": 1.0}","{""energy"": 0.33333333333333326, ""water"": 0.7333333333333333, ""transport"": 0.6666666666666666}","{""energy"": 0.0, ""water"": 0.0, ""transport"": 0.0}","{""energy"": 1.0, ""water"": 1.0, ""transport"": 1.0}","{""energy"": 1.0, ""water"": 1.0, ""transport"": 1.0}",0.3,0.1,,0.44666666666666677,1.0,0.5533333333333332,1,"{""energy"": 0.6666666666666667, ""water"": 0.2666666666666667, ""transport"": 0.33333333333333337}","{""energy"": 1.0, ""water"": 1.0, ""transport"": 1.0}","{""energy"": 0.33333333333333326, ""water"": 0.7333333333333333, ""transport"": 0.6666666666666666}",2,1.0,,,"[""energy"", ""transport""]",2,v1.0,0.7,0.3
S4_water_partial,184,184,4393309216767779320,scenario=S4_water_partial|method=both|duration=0|theta=0.300000|delta_threshold=0.100000|A=v1.0|w=na|run_id=184|seed=4393309216767779320,False,"{""step_1_amount"": 0.26006991588849315}",5222c37788a096d3910624247b4a1e76a3afcfe0df2ea7ddd6490cebc16a26a9,0.44666666666666677,0.4819577422511564,0.03529107558448963,17,0.0,0.0,0.44666666666666677,0.4819577422511564,0,0,0.03529107558448963,"{""energy"": 0.6666666666666667, ""water"": 0.2666666666666667, ""transport"": 0.33333333333333337}","{""energy"": 0.68168414563879, ""water"": 0.34175406152728316, ""transport"": 0.3558595517915183}","{""energy"": 0.015017478972123244, ""water"": 0.07508739486061644, ""transport"": 0.02252621845818492}","{""energy"": 0.0, ""water"": 0.0, ""transport"": 0.0}","{""energy"": 0.0, ""water"": 0.0, ""transport"": 0.0}","{""energy"": 0.0, ""water"": 0.0, ""transport"": 0.0}",0.3,0.1,,0.44666666666666677,1.0,0.5533333333333332,1,"{""energy"": 0.6666666666666667, ""water"": 0.2666666666666667, ""transport"": 0.33333333333333337}","{""energy"": 1.0, ""water"": 1.0, ""transport"": 1.0}","{""energy"": 0.33333333333333326, ""water"": 0.7333333333333333, ""transport"": 0.6666666666666666}",4,0.4819577422511564,,,[],,v1.0,0.7,0.3
S4_water_partial,185,185,14726463720518671677,scenario=S4_water_partial|method=both|duration=0|theta=0.300000|delta_threshold=0.100000|A=v1.0|w=na|run_id=185|seed=14726463720518671677,False,"{""step_1_amount"": 1.6160765911963946}",5222c37788a096d3910624247b4a1e76a3afcfe0df2ea7ddd6490cebc16a26a9,0.44666666666666677,0.9262829650053239,0.47961629833865715,25,0.0,1.0,0.44666666666666677,0.9262829650053239,1,1,0.47961629833865715,"{""energy"": 0.6666666666666667, ""water"": 0.2666666666666667, ""transport"": 0.33333333333333337}","{""energy"": 0.9306783083371362, ""water"": 1.0, ""transport"": 0.8467054722348981}","{""energy"": 0.2640116416704694, ""water"": 0.7333333333333333, ""transport"": 0.5133721389015647}","{""energy"": 0.0, ""water"": 0.0, ""transport"": 0.0}","{""energy"": 1.0, ""water"": 1.0, ""transport"": 1.0}","{""energy"": 1.0, ""water"": 1.0, ""transport"": 1.0}",0.3,0.1,,0.44666666666666677,1.0,0.5533333333333332,1,"{""energy"": 0.6666666666666667, ""water"": 0.2666666666666667, ""transport"": 0.33333333333333337}","{""energy"": 1.0, ""water"": 1.0, ""transport"": 1.0}","{""energy"": 0.33333333333333326, ""water"": 0.7333333333333333, ""transport"": 0.6666666666666666}",3,0.9262829650053239,,,"[""energy"", ""transport""]",1,v1.0,0.7,0.3
S4_water_partial,186,186,8291788841512945464,scenario=S4_water_partial|method=both|duration=0|theta=0.300000|delta_threshold=0.100000|A=v1.0|w=na|run_id=186|seed=8291788841512945464,False,"{""step_1_amount"": 1.0492394680114492}",5222c37788a096d3910624247b4a1e76a3afcfe0df2ea7ddd6490cebc16a26a9,0.44666666666666677,0.8366666666666667,0.3899999999999999,15,0.0,1.0,0.44666666666666677,0.8366666666666667,1,1,0.3899999999999999,"{""energy"": 0.6666666666666667, ""water"": 0.2666666666666667, ""transport"": 0.33333333333333337}","{""energy"": 0.8666666666666667, ""water"": 1.0, ""transport"": 0.6333333333333333}","{""energy"": 0.19999999999999996, ""water"": 0.7333333333333333, ""transport"": 0.29999999999999993}","{""energy"": 0.0, ""water"": 0.0, ""transport"": 0.0}","{""energy"": 1.0, ""water"": 1.0, ""transport"": 1.0}","{""energy"": 1.0, ""water"": 1.0, ""transport"": 1.0}",0.3,0.1,,0.44666666666666677,1.0,0.5533333333333332,1,"{""energy"": 0.6666666666666667, ""water"": 0.2666666666666667, ""transport"": 0.33333333333333337}","{""energy"": 1.0, ""water"": 1.0, ""transport"": 1.0}","{""energy"": 0.33333333333333326, ""water"": 0.7333333333333333, ""transport"": 0.6666666666666666}",3,0.8366666666666667,,,"[""energy"", ""transport""]",1,v1.0,0.7,0.3
S4_water_partial,187,187,256752218625524155,scenario=S4_water_partial|method=both|duration=0|theta=0.300000|delta_threshold=0.100000|A=v1.0|w=na|run_id=187|seed=256752218625524155,False,"{""step_1_amount"": 1.0865733721205966}",5222c37788a096d3910624247b4a1e76a3afcfe0df2ea7ddd6490cebc16a26a9,0.44666666666666677,0.8366666666666667,0.3899999999999999,12,0.0,1.0,0.44666666666666677,0.8366666666666667,1,1,0.3899999999999999,"{""energy"": 0.6666666666666667, ""water"": 0.2666666666666667, ""transport"": 0.33333333333333337}","{""energy"": 0.8666666666666667, ""water"": 1.0, ""transport"": 0.6333333333333333}","{""energy"": 0.19999999999999996, ""water"": 0.7333333333333333, ""transport"": 0.29999999999999993}","{""energy"": 0.0, ""water"": 0.0, ""transport"": 0.0}","{""energy"": 1.0, ""water"": 1.0, ""transport"": 1.0}","{""energy"": 1.0, ""water"": 1.0, ""transport"": 1.0}",0.3,0.1,,0.44666666666666677,1.0,0.5533333333333332,1,"{""energy"": 0.6666666666666667, ""water"": 0.2666666666666667, ""transport"": 0.33333333333333337}","{""energy"": 1.0, ""water"": 1.0, ""transport"": 1.0}","{""energy"": 0.33333333333333326, ""water"": 0.7333333333333333, ""transport"": 0.6666666666666666}",3,0.8366666666666667,,,"[""energy"", ""transport""]",1,v1.0,0.7,0.3
S4_water_partial,188,188,18254885089835973671,scenario=S4_water_partial|method=both|duration=0|theta=0.300000|delta_threshold=0.100000|A=v1.0|w=na|run_id=188|seed=18254885089835973671,False,"{""step_1_amount"": 0.6645564463664676}",5222c37788a096d3910624247b4a1e76a3afcfe0df2ea7ddd6490cebc16a26a9,0.44666666666666677,0.8615741804936663,0.41490751382699953,30,0.0,0.0,0.44666666666666677,0.8615741804936663,0,1,0.41490751382699953,"{""energy"": 0.6666666666666667, ""water"": 0.2666666666666667, ""transport"": 0.33333333333333337}","{""energy"": 0.871543654249971, ""water"": 0.9065208086192096, ""transport"": 0.8033349206930501}","{""energy"": 0.2048769875833043, ""water"": 0.6398541419525429, ""transport"": 0.47000158735971675}","{""energy"": 0.0, ""water"": 0.0, ""transport"": 0.0}","{""energy"": 0.0, ""water"": 0.0, ""transport"": 0.0}","{""energy"": 0.0, ""water"": 0.0, ""transport"": 0.0}",0.3,0.1,,0.44666666666666677,1.0,0.5533333333333332,1,"{""energy"": 0.6666666666666667, ""water"": 0.2666666666666667, ""transport"": 0.33333333333333337}","{""energy"": 1.0, ""water"": 1.0, ""transport"": 1.0}","{""energy"": 0.33333333333333326, ""water"": 0.7333333333333333, ""transport"": 0.6666666666666666}",3,0.8615741804936663,,,[],,v1.0,0.7,0.3
S4_water_partial,189,189,18337707501264237844,scenario=S4_water_partial|method=both|duration=0|theta=0.300000|delta_threshold=0.100000|A=v1.0|w=na|run_id=189|seed=18337707501264237844,False,"{""step_1_amount"": 0.5278785518355583}",5222c37788a096d3910624247b4a1e76a3afcfe0df2ea7ddd6490cebc16a26a9,0.44666666666666677,0.6392953158700573,0.1926286492033905,17,0.0,0.0,0.44666666666666677,0.6392953158700573,0,1,0.1926286492033905,"{""energy"": 0.6666666666666667, ""water"": 0.2666666666666667, ""transport"": 0.33333333333333337}","{""energy"": 0.7486363046255563, ""water"": 0.6765148564611148, ""transport"": 0.45628779027166777}","{""energy"": 0.08196963795888956, ""water"": 0.40984818979444804, ""transport"": 0.1229544569383344}","{""energy"": 0.0, ""water"": 0.0, ""transport"": 0.0}","{""energy"": 0.0, ""water"": 0.0, ""transport"": 0.0}","{""energy"": 0.0, ""water"": 0.0, ""transport"": 0.0}",0.3,0.1,,0.44666666666666677,1.0,0.5533333333333332,1,"{""energy"": 0.6666666666666667, ""water"": 0.2666666666666667, ""transport"": 0.33333333333333337}","{""energy"": 1.0, ""water"": 1.0, ""transport"": 1.0}","{""energy"": 0.33333333333333326, ""water"": 0.7333333333333333, ""transport"": 0.6666666666666666}",3,0.6392953158700573,,,[],,v1.0,0.7,0.3
S4_water_partial,190,190,10358691409670915190,scenario=S4_water_partial|method=both|duration=0|theta=0.300000|delta_threshold=0.100000|A=v1.0|w=na|run_id=190|seed=10358691409670915190,False,"{""step_1_amount"": 0.6470689867617768}",5222c37788a096d3910624247b4a1e76a3afcfe0df2ea7ddd6490cebc16a26a9,0.44666666666666677,0.8304675234503872,0.38380085678372045,26,0.0,0.0,0.44666666666666677,0.8304675234503872,0,1,0.38380085678372045,"{""energy"": 0.6666666666666667, ""water"": 0.2666666666666667, ""transport"": 0.33333333333333337}","{""energy"": 0.8541513052703463, ""water"": 0.875981161394378, ""transport"": 0.7533755097464508}","{""energy"": 0.1874846386036796, ""water"": 0.6093144947277113, ""transport"": 0.4200421764131175}","{""energy"": 0.0, ""water"": 0.0, ""transport"": 0.0}","{""energy"": 0.0, ""water"": 0.0, ""transport"": 0.0}","{""energy"": 0.0, ""water"": 0.0, ""transport"": 0.0}",0.3,0.1,,0.44666666666666677,1.0,0.5533333333333332,1,"{""energy"": 0.6666666666666667, ""water"": 0.2666666666666667, ""transport"": 0.33333333333333337}","{""energy"": 1.0, ""water"": 1.0, ""transport"": 1.0}","{""energy"": 0.33333333333333326, ""water"": 0.7333333333333333, ""transport"": 0.6666666666666666}",3,0.8304675234503872,,,[],,v1.0,0.7,0.3
S4_water_partial,191,191,6372617620572214768,scenario=S4_water_partial|method=both|duration=0|theta=0.300000|delta_threshold=0.100000|A=v1.0|w=na|run_id=191|seed=6372617620572214768,False,"{""step_1_amount"": 0.9713548585251527}",5222c37788a096d3910624247b4a1e76a3afcfe0df2ea7ddd6490cebc16a26a9,0.44666666666666677,0.8305795741032617,0.3839129074365949,29,0.0,1.0,0.44666666666666677,0.8305795741032617,1,1,0.3839129074365949,"{""energy"": 0.6666666666666667, ""water"": 0.2666666666666667, ""transport"": 0.33333333333333337}","{""energy"": 0.859505381297955, ""water"": 1.0, ""transport"": 0.6225914052802657}","{""energy"": 0.1928387146312882, ""water"": 0.7333333333333333, ""transport"": 0.2892580719469323}","{""energy"": 0.0, ""water"": 0.0, ""transport"": 0.0}","{""energy"": 1.0, ""water"": 1.0, ""transport"": 1.0}","{""energy"": 1.0, ""water"": 1.0, ""transport"": 1.0}",0.3,0.1,,0.44666666666666677,1.0,0.5533333333333332,1,"{""energy"": 0.6666666666666667, ""water"": 0.2666666666666667, ""transport"": 0.33333333333333337}","{""energy"": 1.0, ""water"": 1.0, ""transport"": 1.0}","{""energy"": 0.33333333333333326, ""water"": 0.7333333333333333, ""transport"": 0.6666666666666666}",3,0.8305795741032617,,,"[""energy"", ""transport""]",1,v1.0,0.7,0.3
S4_water_partial,192,192,3351217991810535275,scenario=S4_water_partial|method=both|duration=0|theta=0.300000|delta_threshold=0.100000|A=v1.0|w=na|run_id=192|seed=3351217991810535275,False,"{""step_1_amount"": 0.9346449474359277}",5222c37788a096d3910624247b4a1e76a3afcfe0df2ea7ddd6490cebc16a26a9,0.44666666666666677,0.8227787179968014,0.3761120513301346,6,0.0,1.0,0.44666666666666677,0.8227787179968014,1,1,0.3761120513301346,"{""energy"": 0.6666666666666667, ""water"": 0.2666666666666667, ""transport"": 0.33333333333333337}","{""energy"": 0.8503279035256487, ""water"": 1.0, ""transport"": 0.6088251886218063}","{""energy"": 0.18366123685898195, ""water"": 0.7333333333333333, ""transport"": 0.275491855288473}","{""energy"": 0.0, ""water"": 0.0, ""transport"": 0.0}","{""energy"": 1.0, ""water"": 1.0, ""transport"": 1.0}","{""energy"": 1.0, ""water"": 1.0, ""transport"": 1.0}",0.3,0.1,,0.44666666666666677,1.0,0.5533333333333332,1,"{""energy"": 0.6666666666666667, ""water"": 0.2666666666666667, ""transport"": 0.33333333333333337}","{""energy"": 1.0, ""water"": 1.0, ""transport"": 1.0}","{""energy"": 0.33333333333333326, ""water"": 0.7333333333333333, ""transport"": 0.6666666666666666}",3,0.8227787179968014,,,"[""energy"", ""transport""]",1,v1.0,0.7,0.3
S4_water_partial,193,193,5647112583067504293,scenario=S4_water_partial|method=both|duration=0|theta=0.300000|delta_threshold=0.100000|A=v1.0|w=na|run_id=193|seed=5647112583067504293,False,"{""step_1_amount"": 0.9903361347070971}",5222c37788a096d3910624247b4a1e76a3afcfe0df2ea7ddd6490cebc16a26a9,0.44666666666666677,0.9407680482745601,0.4941013816078933,12,0.0,1.0,0.44666666666666677,0.9407680482745601,1,1,0.4941013816078933,"{""energy"": 0.6666666666666667, ""water"": 0.2666666666666667, ""transport"": 0.33333333333333337}","{""energy"": 0.9400756667596091, ""water"": 1.0, ""transport"": 0.8824592719023883}","{""energy"": 0.27340900009294233, ""water"": 0.7333333333333333, ""transport"": 0.5491259385690549}","{""energy"": 0.0, ""water"": 0.0, ""transport"": 0.0}","{""energy"": 1.0, ""water"": 1.0, ""transport"": 1.0}","{""energy"": 1.0, ""water"": 1.0, ""transport"": 1.0}",0.3,0.1,,0.44666666666666677,1.0,0.5533333333333332,1,"{""energy"": 0.6666666666666667, ""water"": 0.2666666666666667, ""transport"": 0.33333333333333337}","{""energy"": 1.0, ""water"": 1.0, ""transport"": 1.0}","{""energy"": 0.33333333333333326, ""water"": 0.7333333333333333, ""transport"": 0.6666666666666666}",3,0.9407680482745601,,,"[""energy"", ""transport""]",1,v1.0,0.7,0.3
S4_water_partial,194,194,10320266190911014127,scenario=S4_water_partial|method=both|duration=0|theta=0.300000|delta_threshold=0.100000|A=v1.0|w=na|run_id=194|seed=10320266190911014127,False,"{""step_1_amount"": 0.7515385495778979}",5222c37788a096d3910624247b4a1e76a3afcfe0df2ea7ddd6490cebc16a26a9,0.44666666666666677,0.8954415817889594,0.4487749151222926,10,0.0,0.0,0.44666666666666677,0.8954415817889594,0,1,0.4487749151222926,"{""energy"": 0.6666666666666667, ""water"": 0.2666666666666667, ""transport"": 0.33333333333333337}","{""energy"": 0.8842462850161337, ""water"": 1.0, ""transport"": 0.8058102259416864}","{""energy"": 0.21757961834946693, ""water"": 0.7333333333333333, ""transport"": 0.472476892608353}","{""energy"": 0.0, ""water"": 0.0, ""transport"": 0.0}","{""energy"": 0.0, ""water"": 0.0, ""transport"": 0.0}","{""energy"": 0.0, ""water"": 0.0, ""transport"": 0.0}",0.3,0.1,,0.44666666666666677,1.0,0.5533333333333332,1,"{""energy"": 0.6666666666666667, ""water"": 0.2666666666666667, ""transport"": 0.33333333333333337}","{""energy"": 1.0, ""water"": 1.0, ""transport"": 1.0}","{""energy"": 0.33333333333333326, ""water"": 0.7333333333333333, ""transport"": 0.6666666666666666}",3,0.8954415817889594,,,[],,v1.0,0.7,0.3
S4_water_partial,195,195,17643555025775051485,scenario=S4_water_partial|method=both|duration=0|theta=0.300000|delta_threshold=0.100000|A=v1.0|w=na|run_id=195|seed=17643555025775051485,False,"{""step_1_amount"": 0.5813910485397026}",5222c37788a096d3910624247b4a1e76a3afcfe0df2ea7ddd6490cebc16a26a9,0.44666666666666677,0.7771334918478825,0.33046682518121573,16,0.0,0.0,0.44666666666666677,0.7771334918478825,0,1,0.33046682518121573,"{""energy"": 0.6666666666666667, ""water"": 0.2666666666666667, ""transport"": 0.33333333333333337}","{""energy"": 0.8285141689041802, ""water"": 0.7877386374096869, ""transport"": 0.698020776877681}","{""energy"": 0.16184750223751343, ""water"": 0.5210719707430201, ""transport"": 0.3646874435443477}","{""energy"": 0.0, ""water"": 0.0, ""transport"": 0.0}","{""energy"": 0.0, ""water"": 0.0, ""transport"": 0.0}","{""energy"": 0.0, ""water"": 0.0, ""transport"": 0.0}",0.3,0.1,,0.44666666666666677,1.0,0.5533333333333332,1,"{""energy"": 0.6666666666666667, ""water"": 0.2666666666666667, ""transport"": 0.33333333333333337}","{""energy"": 1.0, ""water"": 1.0, ""transport"": 1.0}","{""energy"": 0.33333333333333326, ""water"": 0.7333333333333333, ""transport"": 0.6666666666666666}",3,0.7771334918478825,,,[],,v1.0,0.7,0.3
S4_water_partial,196,196,1023001308128001646,scenario=S4_water_partial|method=both|duration=0|theta=0.300000|delta_threshold=0.100000|A=v1.0|w=na|run_id=196|seed=1023001308128001646,False,"{""step_1_amount"": 0.21600273127360264}",5222c37788a096d3910624247b4a1e76a3afcfe0df2ea7ddd6490cebc16a26a9,0.44666666666666677,0.8637477260010831,0.4170810593344163,23,0.0,0.0,0.44666666666666677,0.8637477260010831,0,1,0.4170810593344163,"{""energy"": 0.6666666666666667, ""water"": 0.2666666666666667, ""transport"": 0.33333333333333337}","{""energy"": 0.9000746900090649, ""water"": 0.6790594999915235, ""transport"": 1.0}","{""energy"": 0.23340802334239819, ""water"": 0.41239283332485677, ""transport"": 0.6666666666666666}","{""energy"": 0.0, ""water"": 0.0, ""transport"": 0.0}","{""energy"": 0.0, ""water"": 0.0, ""transport"": 0.0}","{""energy"": 0.0, ""water"": 0.0, ""transport"": 0.0}",0.3,0.1,,0.44666666666666677,1.0,0.5533333333333332,1,"{""energy"": 0.6666666666666667, ""water"": 0.2666666666666667, ""transport"": 0.33333333333333337}","{""energy"": 1.0, ""water"": 1.0, ""transport"": 1.0}","{""energy"": 0.33333333333333326, ""water"": 0.7333333333333333, ""transport"": 0.6666666666666666}",3,0.8637477260010831,,,[],,v1.0,0.7,0.3
S4_water_partial,197,197,8460839253726747940,scenario=S4_water_partial|method=both|duration=0|theta=0.300000|delta_threshold=0.100000|A=v1.0|w=na|run_id=197|seed=8460839253726747940,False,"{""step_1_amount"": 0.3314130846315132}",5222c37788a096d3910624247b4a1e76a3afcfe0df2ea7ddd6490cebc16a26a9,0.44666666666666677,0.5238718538876808,0.077205187221014,23,0.0,0.0,0.44666666666666677,0.5238718538876808,0,0,0.077205187221014,"{""energy"": 0.6666666666666667, ""water"": 0.2666666666666667, ""transport"": 0.33333333333333337}","{""energy"": 0.699519937824545, ""water"": 0.43093302245605813, ""transport"": 0.3826132400701508}","{""energy"": 0.03285327115787828, ""water"": 0.16426635578939142, ""transport"": 0.049279906736817425}","{""energy"": 0.0, ""water"": 0.0, ""transport"": 0.0}","{""energy"": 0.0, ""water"": 0.0, ""transport"": 0.0}","{""energy"": 0.0, ""water"": 0.0, ""transport"": 0.0}",0.3,0.1,,0.44666666666666677,1.0,0.5533333333333332,1,"{""energy"": 0.6666666666666667, ""water"": 0.2666666666666667, ""transport"": 0.33333333333333337}","{""energy"": 1.0, ""water"": 1.0, ""transport"": 1.0}","{""energy"": 0.33333333333333326, ""water"": 0.7333333333333333, ""transport"": 0.6666666666666666}",4,0.5238718538876808,,,[],,v1.0,0.7,0.3
S4_water_partial,198,198,2843110811441619285,scenario=S4_water_partial|method=both|duration=0|theta=0.300000|delta_threshold=0.100000|A=v1.0|w=na|run_id=198|seed=2843110811441619285,False,"{""step_1_amount"": 1.0055075609459387}",5222c37788a096d3910624247b4a1e76a3afcfe0df2ea7ddd6490cebc16a26a9,0.44666666666666677,0.8366666666666667,0.3899999999999999,24,0.0,1.0,0.44666666666666677,0.8366666666666667,1,1,0.3899999999999999,"{""energy"": 0.6666666666666667, ""water"": 0.2666666666666667, ""transport"": 0.33333333333333337}","{""energy"": 0.8666666666666667, ""water"": 1.0, ""transport"": 0.6333333333333333}","{""energy"": 0.19999999999999996, ""water"": 0.7333333333333333, ""transport"": 0.29999999999999993}","{""energy"": 0.0, ""water"": 0.0, ""transport"": 0.0}","{""energy"": 1.0, ""water"": 1.0, ""transport"": 1.0}","{""energy"": 1.0, ""water"": 1.0, ""transport"": 1.0}",0.3,0.1,,0.44666666666666677,1.0,0.5533333333333332,1,"{""energy"": 0.6666666666666667, ""water"": 0.2666666666666667, ""transport"": 0.33333333333333337}","{""energy"": 1.0, ""water"": 1.0, ""transport"": 1.0}","{""energy"": 0.33333333333333326, ""water"": 0.7333333333333333, ""transport"": 0.6666666666666666}",3,0.8366666666666667,,,"[""energy"", ""transport""]",1,v1.0,0.7,0.3
S4_water_partial,199,199,16612625381537250129,scenario=S4_water_partial|method=both|duration=0|theta=0.300000|delta_threshold=0.100000|A=v1.0|w=na|run_id=199|seed=16612625381537250129,False,"{""step_1_amount"": 0.5563502179444447}",5222c37788a096d3910624247b4a1e76a3afcfe0df2ea7ddd6490cebc16a26a9,0.44666666666666677,0.9177377443586987,0.47107107769203194,11,0.0,0.0,0.44666666666666677,0.9177377443586987,0,1,0.47107107769203194,"{""energy"": 0.6666666666666667, ""water"": 0.2666666666666667, ""transport"": 0.33333333333333337}","{""energy"": 0.9254287614334793, ""water"": 0.8252207992843568, ""transport"": 1.0}","{""energy"": 0.25876209476681256, ""water"": 0.55855413261769, ""transport"": 0.6666666666666666}","{""energy"": 0.0, ""water"": 0.0, ""transport"": 0.0}","{""energy"": 0.0, ""water"": 0.0, ""transport"": 0.0}","{""energy"": 0.0, ""water"": 0.0, ""transport"": 0.0}",0.3,0.1,,0.44666666666666677,1.0,0.5533333333333332,1,"{""energy"": 0.6666666666666667, ""water"": 0.2666666666666667, ""transport"": 0.33333333333333337}","{""energy"": 1.0, ""water"": 1.0, ""transport"": 1.0}","{""energy"": 0.33333333333333326, ""water"": 0.7333333333333333, ""transport"": 0.6666666666666666}",3,0.9177377443586987,,,[],,v1.0,0.7,0.3
S4_water_partial,200,200,18367865402235930225,scenario=S4_water_partial|method=both|duration=0|theta=0.300000|delta_threshold=0.100000|A=v1.0|w=na|run_id=200|seed=18367865402235930225,False,"{""step_1_amount"": 0.677235628726392}",5222c37788a096d3910624247b4a1e76a3afcfe0df2ea7ddd6490cebc16a26a9,0.44666666666666677,0.8304402268284069,0.38377356016174013,28,0.0,0.0,0.44666666666666677,0.8304402268284069,0,1,0.38377356016174013,"{""energy"": 0.6666666666666667, ""water"": 0.2666666666666667, ""transport"": 0.33333333333333337}","{""energy"": 0.8505990915263804, ""water"": 0.9062935476934004, ""transport"": 0.7277084196994489}","{""energy"": 0.18393242485971362, ""water"": 0.6396268810267337, ""transport"": 0.3943750863661155}","{""energy"": 0.0, ""water"": 0.0, ""transport"": 0.0}","{""energy"": 0.0, ""water"": 0.0, ""transport"": 0.0}","{""energy"": 0.0, ""water"": 0.0, ""transport"": 0.0}",0.3,0.1,,0.44666666666666677,1.0,0.5533333333333332,1,"{""energy"": 0.6666666666666667, ""water"": 0.2666666666666667, ""transport"": 0.33333333333333337}","{""energy"": 1.0, ""water"": 1.0, ""transport"": 1.0}","{""energy"": 0.33333333333333326, ""water"": 0.7333333333333333, ""transport"": 0.6666666666666666}",3,0.8304402268284069,,,[],,v1.0,0.7,0.3
S4_water_partial,201,201,7708777399935570594,scenario=S4_water_partial|method=both|duration=0|theta=0.300000|delta_threshold=0.100000|A=v1.0|w=na|run_id=201|seed=7708777399935570594,False,"{""step_1_amount"": 0.8072747438214528}",5222c37788a096d3910624247b4a1e76a3afcfe0df2ea7ddd6490cebc16a26a9,0.44666666666666677,0.7957125497287254,0.34904588306205864,28,0.0,1.0,0.44666666666666677,0.7957125497287254,1,1,0.34904588306205864,"{""energy"": 0.6666666666666667, ""water"": 0.2666666666666667, ""transport"": 0.33333333333333337}","{""energy"": 0.8184853526220299, ""water"": 1.0, ""transport"": 0.5610613622663781}","{""energy"": 0.1518186859553632, ""water"": 0.7333333333333333, ""transport"": 0.22772802893304478}","{""energy"": 0.0, ""water"": 0.0, ""transport"": 0.0}","{""energy"": 1.0, ""water"": 1.0, ""transport"": 1.0}","{""energy"": 1.0, ""water"": 1.0, ""transport"": 1.0}",0.3,0.1,,0.44666666666666677,1.0,0.5533333333333332,1,"{""energy"": 0.6666666666666667, ""water"": 0.2666666666666667, ""transport"": 0.33333333333333337}","{""energy"": 1.0, ""water"": 1.0, ""transport"": 1.0}","{""energy"": 0.33333333333333326, ""water"": 0.7333333333333333, ""transport"": 0.6666666666666666}",3,0.7957125497287254,,,"[""energy"", ""transport""]",1,v1.0,0.7,0.3
S4_water_partial,202,202,17027518566642376911,scenario=S4_water_partial|method=both|duration=0|theta=0.300000|delta_threshold=0.100000|A=v1.0|w=na|run_id=202|seed=17027518566642376911,False,"{""step_1_amount"": 0.655642011388403}",5222c37788a096d3910624247b4a1e76a3afcfe0df2ea7ddd6490cebc16a26a9,0.44666666666666677,0.8167749750301047,0.3701083083634379,5,0.0,0.0,0.44666666666666677,0.8167749750301047,0,1,0.3701083083634379,"{""energy"": 0.6666666666666667, ""water"": 0.2666666666666667, ""transport"": 0.33333333333333337}","{""energy"": 0.8445888111842369, ""water"": 0.8788936086824833, ""transport"": 0.7175712265055493}","{""energy"": 0.17792214451757016, ""water"": 0.6122269420158166, ""transport"": 0.3842378931722159}","{""energy"": 0.0, ""water"": 0.0, ""transport"": 0.0}","{""energy"": 0.0, ""water"": 0.0, ""transport"": 0.0}","{""energy"": 0.0, ""water"": 0.0, ""transport"": 0.0}",0.3,0.1,,0.44666666666666677,1.0,0.5533333333333332,1,"{""energy"": 0.6666666666666667, ""water"": 0.2666666666666667, ""transport"": 0.33333333333333337}","{""energy"": 1.0, ""water"": 1.0, ""transport"": 1.0}","{""energy"": 0.33333333333333326, ""water"": 0.7333333333333333, ""transport"": 0.6666666666666666}",3,0.8167749750301047,,,[],,v1.0,0.7,0.3
S4_water_partial,203,203,4073314987731530747,scenario=S4_water_partial|method=both|duration=0|theta=0.300000|delta_threshold=0.100000|A=v1.0|w=na|run_id=203|seed=4073314987731530747,False,"{""step_1_amount"": 0.6247260844468243}",5222c37788a096d3910624247b4a1e76a3afcfe0df2ea7ddd6490cebc16a26a9,0.44666666666666677,0.7685436550452226,0.32187698837855583,8,0.0,0.0,0.44666666666666677,0.7685436550452226,0,1,0.32187698837855583,"{""energy"": 0.6666666666666667, ""water"": 0.2666666666666667, ""transport"": 0.33333333333333337}","{""energy"": 0.8036355978915841, ""water"": 0.9515113227912536, ""transport"": 0.5387867301707094}","{""energy"": 0.13696893122491738, ""water"": 0.6848446561245869, ""transport"": 0.20545339683737607}","{""energy"": 0.0, ""water"": 0.0, ""transport"": 0.0}","{""energy"": 0.0, ""water"": 0.0, ""transport"": 0.0}","{""energy"": 0.0, ""water"": 0.0, ""transport"": 0.0}",0.3,0.1,,0.44666666666666677,1.0,0.5533333333333332,1,"{""energy"": 0.6666666666666667, ""water"": 0.2666666666666667, ""transport"": 0.33333333333333337}","{""energy"": 1.0, ""water"": 1.0, ""transport"": 1.0}","{""energy"": 0.33333333333333326, ""water"": 0.7333333333333333, ""transport"": 0.6666666666666666}",3,0.7685436550452226,,,[],,v1.0,0.7,0.3
S4_water_partial,204,204,3580617125738253274,scenario=S4_water_partial|method=both|duration=0|theta=0.300000|delta_threshold=0.100000|A=v1.0|w=na|run_id=204|seed=3580617125738253274,False,"{""step_1_amount"": 2.070802485938219}",5222c37788a096d3910624247b4a1e76a3afcfe0df2ea7ddd6490cebc16a26a9,0.44666666666666677,0.8366666666666667,0.3899999999999999,25,0.0,1.0,0.44666666666666677,0.8366666666666667,1,1,0.3899999999999999,"{""energy"": 0.6666666666666667, ""water"": 0.2666666666666667, ""transport"": 0.33333333333333337}","{""energy"": 0.8666666666666667, ""water"": 1.0, ""transport"": 0.6333333333333333}","{""energy"": 0.19999999999999996, ""water"": 0.7333333333333333, ""transport"": 0.29999999999999993}","{""energy"": 0.0, ""water"": 0.0, ""transport"": 0.0}","{""energy"": 1.0, ""water"": 1.0, ""transport"": 1.0}","{""energy"": 1.0, ""water"": 1.0, ""transport"": 1.0}",0.3,0.1,,0.44666666666666677,1.0,0.5533333333333332,1,"{""energy"": 0.6666666666666667, ""water"": 0.2666666666666667, ""transport"": 0.33333333333333337}","{""energy"": 1.0, ""water"": 1.0, ""transport"": 1.0}","{""energy"": 0.33333333333333326, ""water"": 0.7333333333333333, ""transport"": 0.6666666666666666}",3,0.8366666666666667,,,"[""energy"", ""transport""]",1,v1.0,0.7,0.3
S4_water_partial,205,205,4826632332114912928,scenario=S4_water_partial|method=both|duration=0|theta=0.300000|delta_threshold=0.100000|A=v1.0|w=na|run_id=205|seed=4826632332114912928,False,"{""step_1_amount"": 0.15474599813690856}",5222c37788a096d3910624247b4a1e76a3afcfe0df2ea7ddd6490cebc16a26a9,0.44666666666666677,0.44666666666666677,0.0,23,0.0,0.0,0.44666666666666677,0.44666666666666677,0,0,0.0,"{""energy"": 0.6666666666666667, ""water"": 0.2666666666666667, ""transport"": 0.33333333333333337}","{""energy"": 0.6666666666666667, ""water"": 0.2666666666666667, ""transport"": 0.33333333333333337}","{""energy"": 0.0, ""water"": 0.0, ""transport"": 0.0}","{""energy"": 0.0, ""water"": 0.0, ""transport"": 0.0}","{""energy"": 0.0, ""water"": 0.0, ""transport"": 0.0}","{""energy"": 0.0, ""water"": 0.0, ""transport"": 0.0}",0.3,0.1,,0.44666666666666677,1.0,0.5533333333333332,1,"{""energy"": 0.6666666666666667, ""water"": 0.2666666666666667, ""transport"": 0.33333333333333337}","{""energy"": 1.0, ""water"": 1.0, ""transport"": 1.0}","{""energy"": 0.33333333333333326, ""water"": 0.7333333333333333, ""transport"": 0.6666666666666666}",4,0.44666666666666677,,,[],,v1.0,0.7,0.3
S4_water_partial,206,206,3730427745991711657,scenario=S4_water_partial|method=both|duration=0|theta=0.300000|delta_threshold=0.100000|A=v1.0|w=na|run_id=206|seed=3730427745991711657,False,"{""step_1_amount"": 0.9921330694147668}",5222c37788a096d3910624247b4a1e76a3afcfe0df2ea7ddd6490cebc16a26a9,0.44666666666666677,0.9246112422559618,0.47794457558929504,13,0.0,1.0,0.44666666666666677,0.9246112422559618,1,1,0.47794457558929504,"{""energy"": 0.6666666666666667, ""water"": 0.2666666666666667, ""transport"": 0.33333333333333337}","{""energy"": 0.9287115756908279, ""water"": 1.0, ""transport"": 0.8437553732654357}","{""energy"": 0.2620449090241611, ""water"": 0.7333333333333333, ""transport"": 0.5104220399321023}","{""energy"": 0.0, ""water"": 0.0, ""transport"": 0.0}","{""energy"": 1.0, ""water"": 1.0, ""transport"": 1.0}","{""energy"": 1.0, ""water"": 1.0, ""transport"": 1.0}",0.3,0.1,,0.44666666666666677,1.0,0.5533333333333332,1,"{""energy"": 0.6666666666666667, ""water"": 0.2666666666666667, ""transport"": 0.33333333333333337}","{""energy"": 1.0, ""water"": 1.0, ""transport"": 1.0}","{""energy"": 0.33333333333333326, ""water"": 0.7333333333333333, ""transport"": 0.6666666666666666}",3,0.9246112422559618,,,"[""energy"", ""transport""]",1,v1.0,0.7,0.3
S4_water_partial,207,207,4285642799282676962,scenario=S4_water_partial|method=both|duration=0|theta=0.300000|delta_threshold=0.100000|A=v1.0|w=na|run_id=207|seed=4285642799282676962,False,"{""step_1_amount"": 0.928977475414028}",5222c37788a096d3910624247b4a1e76a3afcfe0df2ea7ddd6490cebc16a26a9,0.44666666666666677,0.8215743801921477,0.3749077135254809,12,0.0,1.0,0.44666666666666677,0.8215743801921477,1,1,0.3749077135254809,"{""energy"": 0.6666666666666667, ""water"": 0.2666666666666667, ""transport"": 0.33333333333333337}","{""energy"": 0.8489110355201738, ""water"": 1.0, ""transport"": 0.6066998866135939}","{""energy"": 0.18224436885350703, ""water"": 0.7333333333333333, ""transport"": 0.2733665532802605}","{""energy"": 0.0, ""water"": 0.0, ""transport"": 0.0}","{""energy"": 1.0, ""water"": 1.0, ""transport"": 1.0}","{""energy"": 1.0, ""water"": 1.0, ""transport"": 1.0}",0.3,0.1,,0.44666666666666677,1.0,0.5533333333333332,1,"{""energy"": 0.6666666666666667, ""water"": 0.2666666666666667, ""transport"": 0.33333333333333337}","{""energy"": 1.0, ""water"": 1.0, ""transport"": 1.0}","{""energy"": 0.33333333333333326, ""water"": 0.7333333333333333, ""transport"": 0.6666666666666666}",3,0.8215743801921477,,,"[""energy"", ""transport""]",1,v1.0,0.7,0.3
S4_water_partial,208,208,9013095267819747455,scenario=S4_water_partial|method=both|duration=0|theta=0.300000|delta_threshold=0.100000|A=v1.0|w=na|run_id=208|seed=9013095267819747455,False,"{""step_1_amount"": 0.7035664341356703}",5222c37788a096d3910624247b4a1e76a3afcfe0df2ea7ddd6490cebc16a26a9,0.44666666666666677,0.742511946721373,0.29584528005470623,28,0.0,0.0,0.44666666666666677,0.742511946721373,0,1,0.29584528005470623,"{""energy"": 0.6666666666666667, ""water"": 0.2666666666666667, ""transport"": 0.33333333333333337}","{""energy"": 0.7925582752005843, ""water"": 0.8961247093362547, ""transport"": 0.5221707461342098}","{""energy"": 0.12589160853391757, ""water"": 0.6294580426695879, ""transport"": 0.1888374128008764}","{""energy"": 0.0, ""water"": 0.0, ""transport"": 0.0}","{""energy"": 0.0, ""water"": 0.0, ""transport"": 0.0}","{""energy"": 0.0, ""water"": 0.0, ""transport"": 0.0}",0.3,0.1,,0.44666666666666677,1.0,0.5533333333333332,1,"{""energy"": 0.6666666666666667, ""water"": 0.2666666666666667, ""transport"": 0.33333333333333337}","{""energy"": 1.0, ""water"": 1.0, ""transport"": 1.0}","{""energy"": 0.33333333333333326, ""water"": 0.7333333333333333, ""transport"": 0.6666666666666666}",3,0.742511946721373,,,[],,v1.0,0.7,0.3
S4_water_partial,209,209,1034589253643259822,scenario=S4_water_partial|method=both|duration=0|theta=0.300000|delta_threshold=0.100000|A=v1.0|w=na|run_id=209|seed=1034589253643259822,False,"{""step_1_amount"": 0.7221242102579183}",5222c37788a096d3910624247b4a1e76a3afcfe0df2ea7ddd6490cebc16a26a9,0.44666666666666677,0.8638905939230235,0.4172239272563567,27,0.0,0.0,0.44666666666666677,0.8638905939230235,0,1,0.4172239272563567,"{""energy"": 0.6666666666666667, ""water"": 0.2666666666666667, ""transport"": 0.33333333333333337}","{""energy"": 0.8662451903122899, ""water"": 0.9653535768764937, ""transport"": 0.7592881491171979}","{""energy"": 0.19957852364562312, ""water"": 0.698686910209827, ""transport"": 0.4259548157838645}","{""energy"": 0.0, ""water"": 0.0, ""transport"": 0.0}","{""energy"": 0.0, ""water"": 0.0, ""transport"": 0.0}","{""energy"": 0.0, ""water"": 0.0, ""transport"": 0.0}",0.3,0.1,,0.44666666666666677,1.0,0.5533333333333332,1,"{""energy"": 0.6666666666666667, ""water"": 0.2666666666666667, ""transport"": 0.33333333333333337}","{""energy"": 1.0, ""water"": 1.0, ""transport"": 1.0}","{""energy"": 0.33333333333333326, ""water"": 0.7333333333333333, ""transport"": 0.6666666666666666}",3,0.8638905939230235,,,[],,v1.0,0.7,0.3
S4_water_partial,210,210,7078389679354832829,scenario=S4_water_partial|method=both|duration=0|theta=0.300000|delta_threshold=0.100000|A=v1.0|w=na|run_id=210|seed=7078389679354832829,False,"{""step_1_amount"": 0.0833816623317442}",5222c37788a096d3910624247b4a1e76a3afcfe0df2ea7ddd6490cebc16a26a9,0.44666666666666677,0.5490852933394179,0.10241862667275115,19,0.0,0.0,0.44666666666666677,0.5490852933394179,0,1,0.10241862667275115,"{""energy"": 0.6666666666666667, ""water"": 0.2666666666666667, ""transport"": 0.33333333333333337}","{""energy"": 0.7306783083371362, ""water"": 0.30934109444697966, ""transport"": 0.5467054722348982}","{""energy"": 0.06401164167046947, ""water"": 0.04267442778031294, ""transport"": 0.2133721389015648}","{""energy"": 0.0, ""water"": 0.0, ""transport"": 0.0}","{""energy"": 0.0, ""water"": 0.0, ""transport"": 0.0}","{""energy"": 0.0, ""water"": 0.0, ""transport"": 0.0}",0.3,0.1,,0.44666666666666677,1.0,0.5533333333333332,1,"{""energy"": 0.6666666666666667, ""water"": 0.2666666666666667, ""transport"": 0.33333333333333337}","{""energy"": 1.0, ""water"": 1.0, ""transport"": 1.0}","{""energy"": 0.33333333333333326, ""water"": 0.7333333333333333, ""transport"": 0.6666666666666666}",4,0.5490852933394179,,,[],,v1.0,0.7,0.3
S4_water_partial,211,211,15796211656734346150,scenario=S4_water_partial|method=both|duration=0|theta=0.300000|delta_threshold=0.100000|A=v1.0|w=na|run_id=211|seed=15796211656734346150,False,"{""step_1_amount"": 0.390910202289464}",5222c37788a096d3910624247b4a1e76a3afcfe0df2ea7ddd6490cebc16a26a9,0.44666666666666677,0.5588264105117268,0.11215974384506,19,0.0,0.0,0.44666666666666677,0.5588264105117268,0,0,0.11215974384506,"{""energy"": 0.6666666666666667, ""water"": 0.2666666666666667, ""transport"": 0.33333333333333337}","{""energy"": 0.7143942172390327, ""water"": 0.5053044195284967, ""transport"": 0.40492465919188236}","{""energy"": 0.047727550572365995, ""water"": 0.23863775286182998, ""transport"": 0.071591325858549}","{""energy"": 0.0, ""water"": 0.0, ""transport"": 0.0}","{""energy"": 0.0, ""water"": 0.0, ""transport"": 0.0}","{""energy"": 0.0, ""water"": 0.0, ""transport"": 0.0}",0.3,0.1,,0.44666666666666677,1.0,0.5533333333333332,1,"{""energy"": 0.6666666666666667, ""water"": 0.2666666666666667, ""transport"": 0.33333333333333337}","{""energy"": 1.0, ""water"": 1.0, ""transport"": 1.0}","{""energy"": 0.33333333333333326, ""water"": 0.7333333333333333, ""transport"": 0.6666666666666666}",4,0.5588264105117268,,,[],,v1.0,0.7,0.3
S4_water_partial,212,212,9830929464424593240,scenario=S4_water_partial|method=both|duration=0|theta=0.300000|delta_threshold=0.100000|A=v1.0|w=na|run_id=212|seed=9830929464424593240,False,"{""step_1_amount"": 0.9888365701177226}",5222c37788a096d3910624247b4a1e76a3afcfe0df2ea7ddd6490cebc16a26a9,0.44666666666666677,0.9498729930520549,0.5032063263853881,5,0.0,1.0,0.44666666666666677,0.9498729930520549,1,1,0.5032063263853881,"{""energy"": 0.6666666666666667, ""water"": 0.2666666666666667, ""transport"": 0.33333333333333337}","{""energy"": 0.9464319200785061, ""water"": 1.0, ""transport"": 0.9043340834021749}","{""energy"": 0.27976525341183933, ""water"": 0.7333333333333333, ""transport"": 0.5710007500688415}","{""energy"": 0.0, ""water"": 0.0, ""transport"": 0.0}","{""energy"": 1.0, ""water"": 1.0, ""transport"": 1.0}","{""energy"": 1.0, ""water"": 1.0, ""transport"": 1.0}",0.3,0.1,,0.44666666666666677,1.0,0.5533333333333332,1,"{""energy"": 0.6666666666666667, ""water"": 0.2666666666666667, ""transport"": 0.33333333333333337}","{""energy"": 1.0, ""water"": 1.0, ""transport"": 1.0}","{""energy"": 0.33333333333333326, ""water"": 0.7333333333333333, ""transport"": 0.6666666666666666}",3,0.9498729930520549,,,"[""energy"", ""transport""]",1,v1.0,0.7,0.3
S4_water_partial,213,213,14662242894549067180,scenario=S4_water_partial|method=both|duration=0|theta=0.300000|delta_threshold=0.100000|A=v1.0|w=na|run_id=213|seed=14662242894549067180,False,"{""step_1_amount"": 0.847965985478082}",5222c37788a096d3910624247b4a1e76a3afcfe0df2ea7ddd6490cebc16a26a9,0.44666666666666677,1.0,0.5533333333333332,29,0.0,1.0,0.44666666666666677,1.0,1,1,0.5533333333333332,"{""energy"": 0.6666666666666667, ""water"": 0.2666666666666667, ""transport"": 0.33333333333333337}","{""energy"": 1.0, ""water"": 1.0, ""transport"": 1.0}","{""energy"": 0.33333333333333326, ""water"": 0.7333333333333333, ""transport"": 0.6666666666666666}","{""energy"": 0.0, ""water"": 0.0, ""transport"": 0.0}","{""energy"": 1.0, ""water"": 1.0, ""transport"": 1.0}","{""energy"": 1.0, ""water"": 1.0, ""transport"": 1.0}",0.3,0.1,,0.44666666666666677,1.0,0.5533333333333332,1,"{""energy"": 0.6666666666666667, ""water"": 0.2666666666666667, ""transport"": 0.33333333333333337}","{""energy"": 1.0, ""water"": 1.0, ""transport"": 1.0}","{""energy"": 0.33333333333333326, ""water"": 0.7333333333333333, ""transport"": 0.6666666666666666}",2,1.0,,,"[""energy"", ""transport""]",1,v1.0,0.7,0.3
S4_water_partial,214,214,9022639961817238901,scenario=S4_water_partial|method=both|duration=0|theta=0.300000|delta_threshold=0.100000|A=v1.0|w=na|run_id=214|seed=9022639961817238901,False,"{""step_1_amount"": 0.758888918541225}",5222c37788a096d3910624247b4a1e76a3afcfe0df2ea7ddd6490cebc16a26a9,0.44666666666666677,0.7750139063096363,0.3283472396429695,26,0.0,0.0,0.44666666666666677,0.7750139063096363,0,1,0.3283472396429695,"{""energy"": 0.6666666666666667, ""water"": 0.2666666666666667, ""transport"": 0.33333333333333337}","{""energy"": 0.806388896301973, ""water"": 0.9652778148431979, ""transport"": 0.5429166777862927}","{""energy"": 0.13972222963530623, ""water"": 0.6986111481765311, ""transport"": 0.20958334445295934}","{""energy"": 0.0, ""water"": 0.0, ""transport"": 0.0}","{""energy"": 0.0, ""water"": 0.0, ""transport"": 0.0}","{""energy"": 0.0, ""water"": 0.0, ""transport"": 0.0}",0.3,0.1,,0.44666666666666677,1.0,0.5533333333333332,1,"{""energy"": 0.6666666666666667, ""water"": 0.2666666666666667, ""transport"": 0.33333333333333337}","{""energy"": 1.0, ""water"": 1.0, ""transport"": 1.0}","{""energy"": 0.33333333333333326, ""water"": 0.7333333333333333, ""transport"": 0.6666666666666666}",3,0.7750139063096363,,,[],,v1.0,0.7,0.3
S4_water_partial,215,215,7338719157354193578,scenario=S4_water_partial|method=both|duration=0|theta=0.300000|delta_threshold=0.100000|A=v1.0|w=na|run_id=215|seed=7338719157354193578,False,"{""step_1_amount"": 0.8183679374777314}",5222c37788a096d3910624247b4a1e76a3afcfe0df2ea7ddd6490cebc16a26a9,0.44666666666666677,0.7980698533806847,0.35140318671401793,11,0.0,1.0,0.44666666666666677,0.7980698533806847,1,1,0.35140318671401793,"{""energy"": 0.6666666666666667, ""water"": 0.2666666666666667, ""transport"": 0.33333333333333337}","{""energy"": 0.8212586510360996, ""water"": 1.0, ""transport"": 0.5652213098874826}","{""energy"": 0.1545919843694329, ""water"": 0.7333333333333333, ""transport"": 0.23188797655414928}","{""energy"": 0.0, ""water"": 0.0, ""transport"": 0.0}","{""energy"": 1.0, ""water"": 1.0, ""transport"": 1.0}","{""energy"": 1.0, ""water"": 1.0, ""transport"": 1.0}",0.3,0.1,,0.44666666666666677,1.0,0.5533333333333332,1,"{""energy"": 0.6666666666666667, ""water"": 0.2666666666666667, ""transport"": 0.33333333333333337}","{""energy"": 1.0, ""water"": 1.0, ""transport"": 1.0}","{""energy"": 0.33333333333333326, ""water"": 0.7333333333333333, ""transport"": 0.6666666666666666}",3,0.7980698533806847,,,"[""energy"", ""transport""]",1,v1.0,0.7,0.3
S4_water_partial,216,216,16605033489344107484,scenario=S4_water_partial|method=both|duration=0|theta=0.300000|delta_threshold=0.100000|A=v1.0|w=na|run_id=216|seed=16605033489344107484,False,"{""step_1_amount"": 0.5315051390508743}",5222c37788a096d3910624247b4a1e76a3afcfe0df2ea7ddd6490cebc16a26a9,0.44666666666666677,0.6414259358590553,0.1947592691923885,26,0.0,0.0,0.44666666666666677,0.6414259358590553,0,1,0.1947592691923885,"{""energy"": 0.6666666666666667, ""water"": 0.2666666666666667, ""transport"": 0.33333333333333337}","{""energy"": 0.7495429514293853, ""water"": 0.6810480904802596, ""transport"": 0.4576477604774112}","{""energy"": 0.08287628476271858, ""water"": 0.4143814238135929, ""transport"": 0.12431442714407781}","{""energy"": 0.0, ""water"": 0.0, ""transport"": 0.0}","{""energy"": 0.0, ""water"": 0.0, ""transport"": 0.0}","{""energy"": 0.0, ""water"": 0.0, ""transport"": 0.0}",0.3,0.1,,0.44666666666666677,1.0,0.5533333333333332,1,"{""energy"": 0.6666666666666667, ""water"": 0.2666666666666667, ""transport"": 0.33333333333333337}","{""energy"": 1.0, ""water"": 1.0, ""transport"": 1.0}","{""energy"": 0.33333333333333326, ""water"": 0.7333333333333333, ""transport"": 0.6666666666666666}",3,0.6414259358590553,,,[],,v1.0,0.7,0.3
S4_water_partial,217,217,8667746702949266342,scenario=S4_water_partial|method=both|duration=0|theta=0.300000|delta_threshold=0.100000|A=v1.0|w=na|run_id=217|seed=8667746702949266342,False,"{""step_1_amount"": 0.59609185276591}",5222c37788a096d3910624247b4a1e76a3afcfe0df2ea7ddd6490cebc16a26a9,0.44666666666666677,0.6793706301666389,0.23270396349997213,14,0.0,0.0,0.44666666666666677,0.6793706301666389,0,1,0.23270396349997213,"{""energy"": 0.6666666666666667, ""water"": 0.2666666666666667, ""transport"": 0.33333333333333337}","{""energy"": 0.7656896298581443, ""water"": 0.7617814826240543, ""transport"": 0.48186777812054965}","{""energy"": 0.09902296319147752, ""water"": 0.4951148159573876, ""transport"": 0.14853444478721628}","{""energy"": 0.0, ""water"": 0.0, ""transport"": 0.0}","{""energy"": 0.0, ""water"": 0.0, ""transport"": 0.0}","{""energy"": 0.0, ""water"": 0.0, ""transport"": 0.0}",0.3,0.1,,0.44666666666666677,1.0,0.5533333333333332,1,"{""energy"": 0.6666666666666667, ""water"": 0.2666666666666667, ""transport"": 0.33333333333333337}","{""energy"": 1.0, ""water"": 1.0, ""transport"": 1.0}","{""energy"": 0.33333333333333326, ""water"": 0.7333333333333333, ""transport"": 0.6666666666666666}",3,0.6793706301666389,,,[],,v1.0,0.7,0.3
S4_water_partial,218,218,10261775477346982685,scenario=S4_water_partial|method=both|duration=0|theta=0.300000|delta_threshold=0.100000|A=v1.0|w=na|run_id=218|seed=10261775477346982685,False,"{""step_1_amount"": 0.5551097959476254}",5222c37788a096d3910624247b4a1e76a3afcfe0df2ea7ddd6490cebc16a26a9,0.44666666666666677,0.9613063296570279,0.5146396629903611,17,0.0,0.0,0.44666666666666677,0.9613063296570279,0,1,0.5146396629903611,"{""energy"": 0.6666666666666667, ""water"": 0.2666666666666667, ""transport"": 0.33333333333333337}","{""energy"": 0.9421326592476595, ""water"": 0.9481775531932134, ""transport"": 1.0}","{""energy"": 0.2754659925809928, ""water"": 0.6815108865265467, ""transport"": 0.6666666666666666}","{""energy"": 0.0, ""water"": 0.0, ""transport"": 0.0}","{""energy"": 0.0, ""water"": 0.0, ""transport"": 0.0}","{""energy"": 0.0, ""water"": 0.0, ""transport"": 0.0}",0.3,0.1,,0.44666666666666677,1.0,0.5533333333333332,1,"{""energy"": 0.6666666666666667, ""water"": 0.2666666666666667, ""transport"": 0.33333333333333337}","{""energy"": 1.0, ""water"": 1.0, ""transport"": 1.0}","{""energy"": 0.33333333333333326, ""water"": 0.7333333333333333, ""transport"": 0.6666666666666666}",3,0.9613063296570279,,,[],,v1.0,0.7,0.3
S4_water_partial,219,219,14897055637632722081,scenario=S4_water_partial|method=both|duration=0|theta=0.300000|delta_threshold=0.100000|A=v1.0|w=na|run_id=219|seed=14897055637632722081,False,"{""step_1_amount"": 0.6552891255115163}",5222c37788a096d3910624247b4a1e76a3afcfe0df2ea7ddd6490cebc16a26a9,0.44666666666666677,0.8165676545774339,0.3699009879107671,13,0.0,0.0,0.44666666666666677,0.8165676545774339,0,1,0.3699009879107671,"{""energy"": 0.6666666666666667, ""water"": 0.2666666666666667, ""transport"": 0.33333333333333337}","{""energy"": 0.8445005897150153, ""water"": 0.8784525013363751, ""transport"": 0.7174388943017168}","{""energy"": 0.17783392304834855, ""water"": 0.6117858346697084, ""transport"": 0.38410556096838344}","{""energy"": 0.0, ""water"": 0.0, ""transport"": 0.0}","{""energy"": 0.0, ""water"": 0.0, ""transport"": 0.0}","{""energy"": 0.0, ""water"": 0.0, ""transport"": 0.0}",0.3,0.1,,0.44666666666666677,1.0,0.5533333333333332,1,"{""energy"": 0.6666666666666667, ""water"": 0.2666666666666667, ""transport"": 0.33333333333333337}","{""energy"": 1.0, ""water"": 1.0, ""transport"": 1.0}","{""energy"": 0.33333333333333326, ""water"": 0.7333333333333333, ""transport"": 0.6666666666666666}",3,0.8165676545774339,,,[],,v1.0,0.7,0.3
S4_water_partial,220,220,5987367339448560015,scenario=S4_water_partial|method=both|duration=0|theta=0.300000|delta_threshold=0.100000|A=v1.0|w=na|run_id=220|seed=5987367339448560015,False,"{""step_1_amount"": 0.7702005552675054}",5222c37788a096d3910624247b4a1e76a3afcfe0df2ea7ddd6490cebc16a26a9,0.44666666666666677,0.8941568569737235,0.4474901903070567,8,0.0,1.0,0.44666666666666677,0.8941568569737235,1,1,0.4474901903070567,"{""energy"": 0.6666666666666667, ""water"": 0.2666666666666667, ""transport"": 0.33333333333333337}","{""energy"": 0.8851614999926231, ""water"": 1.0, ""transport"": 0.800307523255581}","{""energy"": 0.21849483332595632, ""water"": 0.7333333333333333, ""transport"": 0.4669741899222476}","{""energy"": 0.0, ""water"": 0.0, ""transport"": 0.0}","{""energy"": 1.0, ""water"": 1.0, ""transport"": 1.0}","{""energy"": 1.0, ""water"": 1.0, ""transport"": 1.0}",0.3,0.1,,0.44666666666666677,1.0,0.5533333333333332,1,"{""energy"": 0.6666666666666667, ""water"": 0.2666666666666667, ""transport"": 0.33333333333333337}","{""energy"": 1.0, ""water"": 1.0, ""transport"": 1.0}","{""energy"": 0.33333333333333326, ""water"": 0.7333333333333333, ""transport"": 0.6666666666666666}",3,0.8941568569737235,,,"[""energy"", ""transport""]",1,v1.0,0.7,0.3
S4_water_partial,221,221,6621918885542015023,scenario=S4_water_partial|method=both|duration=0|theta=0.300000|delta_threshold=0.100000|A=v1.0|w=na|run_id=221|seed=6621918885542015023,False,"{""step_1_amount"": 0.6325287715654561}",5222c37788a096d3910624247b4a1e76a3afcfe0df2ea7ddd6490cebc16a26a9,0.44666666666666677,0.7007773199613722,0.2541106532947054,17,0.0,0.0,0.44666666666666677,0.7007773199613722,0,1,0.2541106532947054,"{""energy"": 0.6666666666666667, ""water"": 0.2666666666666667, ""transport"": 0.33333333333333337}","{""energy"": 0.7747988595580307, ""water"": 0.8073276311234868, ""transport"": 0.4955316226703794}","{""energy"": 0.108132192891364, ""water"": 0.5406609644568201, ""transport"": 0.16219828933704605}","{""energy"": 0.0, ""water"": 0.0, ""transport"": 0.0}","{""energy"": 0.0, ""water"": 0.0, ""transport"": 0.0}","{""energy"": 0.0, ""water"": 0.0, ""transport"": 0.0}",0.3,0.1,,0.44666666666666677,1.0,0.5533333333333332,1,"{""energy"": 0.6666666666666667, ""water"": 0.2666666666666667, ""transport"": 0.33333333333333337}","{""energy"": 1.0, ""water"": 1.0, ""transport"": 1.0}","{""energy"": 0.33333333333333326, ""water"": 0.7333333333333333, ""transport"": 0.6666666666666666}",3,0.7007773199613722,,,[],,v1.0,0.7,0.3
S4_water_partial,222,222,18063512608376831276,scenario=S4_water_partial|method=both|duration=0|theta=0.300000|delta_threshold=0.100000|A=v1.0|w=na|run_id=222|seed=18063512608376831276,False,"{""step_1_amount"": 0.8944535743352939}",5222c37788a096d3910624247b4a1e76a3afcfe0df2ea7ddd6490cebc16a26a9,0.44666666666666677,0.9231517513580856,0.4764850846914188,5,0.0,1.0,0.44666666666666677,0.9231517513580856,1,1,0.4764850846914188,"{""energy"": 0.6666666666666667, ""water"": 0.2666666666666667, ""transport"": 0.33333333333333337}","{""energy"": 0.9180755603541823, ""water"": 1.0, ""transport"": 0.853071757388042}","{""energy"": 0.2514088936875155, ""water"": 0.7333333333333333, ""transport"": 0.5197384240547086}","{""energy"": 0.0, ""water"": 0.0, ""transport"": 0.0}","{""energy"": 1.0, ""water"": 1.0, ""transport"": 1.0}","{""energy"": 1.0, ""water"": 1.0, ""transport"": 1.0}",0.3,0.1,,0.44666666666666677,1.0,0.5533333333333332,1,"{""energy"": 0.6666666666666667, ""water"": 0.2666666666666667, ""transport"": 0.33333333333333337}","{""energy"": 1.0, ""water"": 1.0, ""transport"": 1.0}","{""energy"": 0.33333333333333326, ""water"": 0.7333333333333333, ""transport"": 0.6666666666666666}",3,0.9231517513580856,,,"[""energy"", ""transport""]",1,v1.0,0.7,0.3
S4_water_partial,223,223,4518830521010876958,scenario=S4_water_partial|method=both|duration=0|theta=0.300000|delta_threshold=0.100000|A=v1.0|w=na|run_id=223|seed=4518830521010876958,False,"{""step_1_amount"": 0.7997979510916555}",5222c37788a096d3910624247b4a1e76a3afcfe0df2ea7ddd6490cebc16a26a9,0.44666666666666677,0.7941237312736436,0.3474570646069768,28,0.0,1.0,0.44666666666666677,0.7941237312736436,1,1,0.3474570646069768,"{""energy"": 0.6666666666666667, ""water"": 0.2666666666666667, ""transport"": 0.33333333333333337}","{""energy"": 0.8166161544395806, ""water"": 1.0, ""transport"": 0.5582575649927042}","{""energy"": 0.14994948777291384, ""water"": 0.7333333333333333, ""transport"": 0.2249242316593708}","{""energy"": 0.0, ""water"": 0.0, ""transport"": 0.0}","{""energy"": 1.0, ""water"": 1.0, ""transport"": 1.0}","{""energy"": 1.0, ""water"": 1.0, ""transport"": 1.0}",0.3,0.1,,0.44666666666666677,1.0,0.5533333333333332,1,"{""energy"": 0.6666666666666667, ""water"": 0.2666666666666667, ""transport"": 0.33333333333333337}","{""energy"": 1.0, ""water"": 1.0, ""transport"": 1.0}","{""energy"": 0.33333333333333326, ""water"": 0.7333333333333333, ""transport"": 0.6666666666666666}",3,0.7941237312736436,,,"[""energy"", ""transport""]",1,v1.0,0.7,0.3
S4_water_partial,224,224,6144532568587209704,scenario=S4_water_partial|method=both|duration=0|theta=0.300000|delta_threshold=0.100000|A=v1.0|w=na|run_id=224|seed=6144532568587209704,False,"{""step_1_amount"": 1.084121627305703}",5222c37788a096d3910624247b4a1e76a3afcfe0df2ea7ddd6490cebc16a26a9,0.44666666666666677,0.8366666666666667,0.3899999999999999,19,0.0,1.0,0.44666666666666677,0.8366666666666667,1,1,0.3899999999999999,"{""energy"": 0.6666666666666667, ""water"": 0.2666666666666667, ""transport"": 0.33333333333333337}","{""energy"": 0.8666666666666667, ""water"": 1.0, ""transport"": 0.6333333333333333}","{""energy"": 0.19999999999999996, ""water"": 0.7333333333333333, ""transport"": 0.29999999999999993}","{""energy"": 0.0, ""water"": 0.0, ""transport"": 0.0}","{""energy"": 1.0, ""water"": 1.0, ""transport"": 1.0}","{""energy"": 1.0, ""water"": 1.0, ""transport"": 1.0}",0.3,0.1,,0.44666666666666677,1.0,0.5533333333333332,1,"{""energy"": 0.6666666666666667, ""water"": 0.2666666666666667, ""transport"": 0.33333333333333337}","{""energy"": 1.0, ""water"": 1.0, ""transport"": 1.0}","{""energy"": 0.33333333333333326, ""water"": 0.7333333333333333, ""transport"": 0.6666666666666666}",3,0.8366666666666667,,,"[""energy"", ""transport""]",1,v1.0,0.7,0.3
S4_water_partial,225,225,11383605643073830716,scenario=S4_water_partial|method=both|duration=0|theta=0.300000|delta_threshold=0.100000|A=v1.0|w=na|run_id=225|seed=11383605643073830716,False,"{""step_1_amount"": 0.3960139426919463}",5222c37788a096d3910624247b4a1e76a3afcfe0df2ea7ddd6490cebc16a26a9,0.44666666666666677,0.5618248579981852,0.11515819133151839,22,0.0,0.0,0.44666666666666677,0.5618248579981852,0,0,0.11515819133151839,"{""energy"": 0.6666666666666667, ""water"": 0.2666666666666667, ""transport"": 0.33333333333333337}","{""energy"": 0.7156701523396534, ""water"": 0.5116840950315996, ""transport"": 0.40683856184281325}","{""energy"": 0.049003485672986624, ""water"": 0.2450174283649329, ""transport"": 0.07350522850947988}","{""energy"": 0.0, ""water"": 0.0, ""transport"": 0.0}","{""energy"": 0.0, ""water"": 0.0, ""transport"": 0.0}","{""energy"": 0.0, ""water"": 0.0, ""transport"": 0.0}",0.3,0.1,,0.44666666666666677,1.0,0.5533333333333332,1,"{""energy"": 0.6666666666666667, ""water"": 0.2666666666666667, ""transport"": 0.33333333333333337}","{""energy"": 1.0, ""water"": 1.0, ""transport"": 1.0}","{""energy"": 0.33333333333333326, ""water"": 0.7333333333333333, ""transport"": 0.6666666666666666}",4,0.5618248579981852,,,[],,v1.0,0.7,0.3
S4_water_partial,226,226,12044237653699331120,scenario=S4_water_partial|method=both|duration=0|theta=0.300000|delta_threshold=0.100000|A=v1.0|w=na|run_id=226|seed=12044237653699331120,False,"{""step_1_amount"": 0.4897911733319598}",5222c37788a096d3910624247b4a1e76a3afcfe0df2ea7ddd6490cebc16a26a9,0.44666666666666677,0.7412193371819321,0.29455267051526535,24,0.0,0.0,0.44666666666666677,0.7412193371819321,0,1,0.29455267051526535,"{""energy"": 0.6666666666666667, ""water"": 0.2666666666666667, ""transport"": 0.33333333333333337}","{""energy"": 0.8168021826138685, ""water"": 0.6806974484077577, ""transport"": 0.7009640987135245}","{""energy"": 0.15013551594720176, ""water"": 0.414030781741091, ""transport"": 0.3676307653801911}","{""energy"": 0.0, ""water"": 0.0, ""transport"": 0.0}","{""energy"": 0.0, ""water"": 0.0, ""transport"": 0.0}","{""energy"": 0.0, ""water"": 0.0, ""transport"": 0.0}",0.3,0.1,,0.44666666666666677,1.0,0.5533333333333332,1,"{""energy"": 0.6666666666666667, ""water"": 0.2666666666666667, ""transport"": 0.33333333333333337}","{""energy"": 1.0, ""water"": 1.0, ""transport"": 1.0}","{""energy"": 0.33333333333333326, ""water"": 0.7333333333333333, ""transport"": 0.6666666666666666}",3,0.7412193371819321,,,[],,v1.0,0.7,0.3
S4_water_partial,227,227,5400105592762802710,scenario=S4_water_partial|method=both|duration=0|theta=0.300000|delta_threshold=0.100000|A=v1.0|w=na|run_id=227|seed=5400105592762802710,False,"{""step_1_amount"": 0.6484431686633566}",5222c37788a096d3910624247b4a1e76a3afcfe0df2ea7ddd6490cebc16a26a9,0.44666666666666677,0.7101270282563887,0.26346036158972197,13,0.0,0.0,0.44666666666666677,0.7101270282563887,0,1,0.26346036158972197,"{""energy"": 0.6666666666666667, ""water"": 0.2666666666666667, ""transport"": 0.33333333333333337}","{""energy"": 0.7787774588325059, ""water"": 0.8272206274958624, ""transport"": 0.5014995215820921}","{""energy"": 0.11211079216583919, ""water"": 0.5605539608291957, ""transport"": 0.16816618824875873}","{""energy"": 0.0, ""water"": 0.0, ""transport"": 0.0}","{""energy"": 0.0, ""water"": 0.0, ""transport"": 0.0}","{""energy"": 0.0, ""water"": 0.0, ""transport"": 0.0}",0.3,0.1,,0.44666666666666677,1.0,0.5533333333333332,1,"{""energy"": 0.6666666666666667, ""water"": 0.2666666666666667, ""transport"": 0.33333333333333337}","{""energy"": 1.0, ""water"": 1.0, ""transport"": 1.0}","{""energy"": 0.33333333333333326, ""water"": 0.7333333333333333, ""transport"": 0.6666666666666666}",3,0.7101270282563887,,,[],,v1.0,0.7,0.3
S4_water_partial,228,228,6697774447647806351,scenario=S4_water_partial|method=both|duration=0|theta=0.300000|delta_threshold=0.100000|A=v1.0|w=na|run_id=228|seed=6697774447647806351,False,"{""step_1_amount"": 0.28103263267254336}",5222c37788a096d3910624247b4a1e76a3afcfe0df2ea7ddd6490cebc16a26a9,0.44666666666666677,0.8861069180215331,0.4394402513548663,19,0.0,0.0,0.44666666666666677,0.8861069180215331,0,1,0.4394402513548663,"{""energy"": 0.6666666666666667, ""water"": 0.2666666666666667, ""transport"": 0.33333333333333337}","{""energy"": 0.9233272993829948, ""water"": 0.7225866608944507, ""transport"": 1.0}","{""energy"": 0.2566606327163281, ""water"": 0.45591999422778395, ""transport"": 0.6666666666666666}","{""energy"": 0.0, ""water"": 0.0, ""transport"": 0.0}","{""energy"": 0.0, ""water"": 0.0, ""transport"": 0.0}","{""energy"": 0.0, ""water"": 0.0, ""transport"": 0.0}",0.3,0.1,,0.44666666666666677,1.0,0.5533333333333332,1,"{""energy"": 0.6666666666666667, ""water"": 0.2666666666666667, ""transport"": 0.33333333333333337}","{""energy"": 1.0, ""water"": 1.0, ""transport"": 1.0}","{""energy"": 0.33333333333333326, ""water"": 0.7333333333333333, ""transport"": 0.6666666666666666}",3,0.8861069180215331,,,[],,v1.0,0.7,0.3
S4_water_partial,229,229,3314450818963715993,scenario=S4_water_partial|method=both|duration=0|theta=0.300000|delta_threshold=0.100000|A=v1.0|w=na|run_id=229|seed=3314450818963715993,False,"{""step_1_amount"": 0.22632476952458327}",5222c37788a096d3910624247b4a1e76a3afcfe0df2ea7ddd6490cebc16a26a9,0.44666666666666677,0.5941191583622893,0.14745249169562258,22,0.0,0.0,0.44666666666666677,0.5941191583622893,0,1,0.14745249169562258,"{""energy"": 0.6666666666666667, ""water"": 0.2666666666666667, ""transport"": 0.33333333333333337}","{""energy"": 0.7557395400477688, ""water"": 0.35456708257236663, ""transport"": 0.6181773919049061}","{""energy"": 0.08907287338110204, ""water"": 0.08790041590569991, ""transport"": 0.2848440585715727}","{""energy"": 0.0, ""water"": 0.0, ""transport"": 0.0}","{""energy"": 0.0, ""water"": 0.0, ""transport"": 0.0}","{""energy"": 0.0, ""water"": 0.0, ""transport"": 0.0}",0.3,0.1,,0.44666666666666677,1.0,0.5533333333333332,1,"{""energy"": 0.6666666666666667, ""water"": 0.2666666666666667, ""transport"": 0.33333333333333337}","{""energy"": 1.0, ""water"": 1.0, ""transport"": 1.0}","{""energy"": 0.33333333333333326, ""water"": 0.7333333333333333, ""transport"": 0.6666666666666666}",4,0.5941191583622893,,,[],,v1.0,0.7,0.3
S4_water_partial,230,230,9087725540877920480,scenario=S4_water_partial|method=both|duration=0|theta=0.300000|delta_threshold=0.100000|A=v1.0|w=na|run_id=230|seed=9087725540877920480,False,"{""step_1_amount"": 0.36420873446894453}",5222c37788a096d3910624247b4a1e76a3afcfe0df2ea7ddd6490cebc16a26a9,0.44666666666666677,0.5431392981671717,0.09647263150050489,20,0.0,0.0,0.44666666666666677,0.5431392981671717,0,0,0.09647263150050489,"{""energy"": 0.6666666666666667, ""water"": 0.2666666666666667, ""transport"": 0.33333333333333337}","{""energy"": 0.7077188502839029, ""water"": 0.47192758475284746, ""transport"": 0.3949116087591876}","{""energy"": 0.04105218361723617, ""water"": 0.20526091808618074, ""transport"": 0.061578275425854256}","{""energy"": 0.0, ""water"": 0.0, ""transport"": 0.0}","{""energy"": 0.0, ""water"": 0.0, ""transport"": 0.0}","{""energy"": 0.0, ""water"": 0.0, ""transport"": 0.0}",0.3,0.1,,0.44666666666666677,1.0,0.5533333333333332,1,"{""energy"": 0.6666666666666667, ""water"": 0.2666666666666667, ""transport"": 0.33333333333333337}","{""energy"": 1.0, ""water"": 1.0, ""transport"": 1.0}","{""energy"": 0.33333333333333326, ""water"": 0.7333333333333333, ""transport"": 0.6666666666666666}",4,0.5431392981671717,,,[],,v1.0,0.7,0.3
S4_water_partial,231,231,9293243913261967225,scenario=S4_water_partial|method=both|duration=0|theta=0.300000|delta_threshold=0.100000|A=v1.0|w=na|run_id=231|seed=9293243913261967225,False,"{""step_1_amount"": 0.41437439801027787}",5222c37788a096d3910624247b4a1e76a3afcfe0df2ea7ddd6490cebc16a26a9,0.44666666666666677,0.5726116254977051,0.1259449588310383,24,0.0,0.0,0.44666666666666677,0.5726116254977051,0,0,0.1259449588310383,"{""energy"": 0.6666666666666667, ""water"": 0.2666666666666667, ""transport"": 0.33333333333333337}","{""energy"": 0.7202602661692362, ""water"": 0.5346346641795141, ""transport"": 0.4137237325871876}","{""energy"": 0.05359359950256948, ""water"": 0.2679679975128474, ""transport"": 0.08039039925385422}","{""energy"": 0.0, ""water"": 0.0, ""transport"": 0.0}","{""energy"": 0.0, ""water"": 0.0, ""transport"": 0.0}","{""energy"": 0.0, ""water"": 0.0, ""transport"": 0.0}",0.3,0.1,,0.44666666666666677,1.0,0.5533333333333332,1,"{""energy"": 0.6666666666666667, ""water"": 0.2666666666666667, ""transport"": 0.33333333333333337}","{""energy"": 1.0, ""water"": 1.0, ""transport"": 1.0}","{""energy"": 0.33333333333333326, ""water"": 0.7333333333333333, ""transport"": 0.6666666666666666}",4,0.5726116254977051,,,[],,v1.0,0.7,0.3
S4_water_partial,232,232,17242592692679583099,scenario=S4_water_partial|method=both|duration=0|theta=0.300000|delta_threshold=0.100000|A=v1.0|w=na|run_id=232|seed=17242592692679583099,False,"{""step_1_amount"": 0.6677043757990055}",5222c37788a096d3910624247b4a1e76a3afcfe0df2ea7ddd6490cebc16a26a9,0.44666666666666677,0.9855747184164121,0.5389080517497453,12,0.0,0.0,0.44666666666666677,0.9855747184164121,0,1,0.5389080517497453,"{""energy"": 0.6666666666666667, ""water"": 0.2666666666666667, ""transport"": 0.33333333333333337}","{""energy"": 0.9639367960410302, ""water"": 1.0, ""transport"": 1.0}","{""energy"": 0.2972701293743635, ""water"": 0.7333333333333333, ""transport"": 0.6666666666666666}","{""energy"": 0.0, ""water"": 0.0, ""transport"": 0.0}","{""energy"": 0.0, ""water"": 0.0, ""transport"": 0.0}","{""energy"": 0.0, ""water"": 0.0, ""transport"": 0.0}",0.3,0.1,,0.44666666666666677,1.0,0.5533333333333332,1,"{""energy"": 0.6666666666666667, ""water"": 0.2666666666666667, ""transport"": 0.33333333333333337}","{""energy"": 1.0, ""water"": 1.0, ""transport"": 1.0}","{""energy"": 0.33333333333333326, ""water"": 0.7333333333333333, ""transport"": 0.6666666666666666}",3,0.9855747184164121,,,[],,v1.0,0.7,0.3
S4_water_partial,233,233,13283062073988954493,scenario=S4_water_partial|method=both|duration=0|theta=0.300000|delta_threshold=0.100000|A=v1.0|w=na|run_id=233|seed=13283062073988954493,False,"{""step_1_amount"": 0.9410679943410268}",5222c37788a096d3910624247b4a1e76a3afcfe0df2ea7ddd6490cebc16a26a9,0.44666666666666677,0.9170408242046852,0.4703741575380185,8,0.0,1.0,0.44666666666666677,0.9170408242046852,1,1,0.4703741575380185,"{""energy"": 0.6666666666666667, ""water"": 0.2666666666666667, ""transport"": 0.33333333333333337}","{""energy"": 0.9198052015128553, ""water"": 1.0, ""transport"": 0.8303958119984769}","{""energy"": 0.25313853484618853, ""water"": 0.7333333333333333, ""transport"": 0.4970624786651435}","{""energy"": 0.0, ""water"": 0.0, ""transport"": 0.0}","{""energy"": 1.0, ""water"": 1.0, ""transport"": 1.0}","{""energy"": 1.0, ""water"": 1.0, ""transport"": 1.0}",0.3,0.1,,0.44666666666666677,1.0,0.5533333333333332,1,"{""energy"": 0.6666666666666667, ""water"": 0.2666666666666667, ""transport"": 0.33333333333333337}","{""energy"": 1.0, ""water"": 1.0, ""transport"": 1.0}","{""energy"": 0.33333333333333326, ""water"": 0.7333333333333333, ""transport"": 0.6666666666666666}",3,0.9170408242046852,,,"[""energy"", ""transport""]",1,v1.0,0.7,0.3
S4_water_partial,234,234,8304396769935107814,scenario=S4_water_partial|method=both|duration=0|theta=0.300000|delta_threshold=0.100000|A=v1.0|w=na|run_id=234|seed=8304396769935107814,False,"{""step_1_amount"": 0.35202774778587803}",5222c37788a096d3910624247b4a1e76a3afcfe0df2ea7ddd6490cebc16a26a9,0.44666666666666677,0.5359829684908701,0.08931630182420336,13,0.0,0.0,0.44666666666666677,0.5359829684908701,0,0,0.08931630182420336,"{""energy"": 0.6666666666666667, ""water"": 0.2666666666666667, ""transport"": 0.33333333333333337}","{""energy"": 0.7046736036131362, ""water"": 0.45670135139901435, ""transport"": 0.39034373875303763}","{""energy"": 0.038006936946469505, ""water"": 0.19003468473234764, ""transport"": 0.05701040541970426}","{""energy"": 0.0, ""water"": 0.0, ""transport"": 0.0}","{""energy"": 0.0, ""water"": 0.0, ""transport"": 0.0}","{""energy"": 0.0, ""water"": 0.0, ""transport"": 0.0}",0.3,0.1,,0.44666666666666677,1.0,0.5533333333333332,1,"{""energy"": 0.6666666666666667, ""water"": 0.2666666666666667, ""transport"": 0.33333333333333337}","{""energy"": 1.0, ""water"": 1.0, ""transport"": 1.0}","{""energy"": 0.33333333333333326, ""water"": 0.7333333333333333, ""transport"": 0.6666666666666666}",4,0.5359829684908701,,,[],,v1.0,0.7,0.3
S4_water_partial,235,235,15732487363772118666,scenario=S4_water_partial|method=both|duration=0|theta=0.300000|delta_threshold=0.100000|A=v1.0|w=na|run_id=235|seed=15732487363772118666,False,"{""step_1_amount"": 0.48770693872770887}",5222c37788a096d3910624247b4a1e76a3afcfe0df2ea7ddd6490cebc16a26a9,0.44666666666666677,0.6156944931691957,0.1690278265025289,29,0.0,0.0,0.44666666666666677,0.6156944931691957,0,1,0.1690278265025289,"{""energy"": 0.6666666666666667, ""water"": 0.2666666666666667, ""transport"": 0.33333333333333337}","{""energy"": 0.738593401348594, ""water"": 0.6263003400763028, ""transport"": 0.44122343535622416}","{""energy"": 0.07192673468192723, ""water"": 0.35963367340963603, ""transport"": 0.10789010202289079}","{""energy"": 0.0, ""water"": 0.0, ""transport"": 0.0}","{""energy"": 0.0, ""water"": 0.0, ""transport"": 0.0}","{""energy"": 0.0, ""water"": 0.0, ""transport"": 0.0}",0.3,0.1,,0.44666666666666677,1.0,0.5533333333333332,1,"{""energy"": 0.6666666666666667, ""water"": 0.2666666666666667, ""transport"": 0.33333333333333337}","{""energy"": 1.0, ""water"": 1.0, ""transport"": 1.0}","{""energy"": 0.33333333333333326, ""water"": 0.7333333333333333, ""transport"": 0.6666666666666666}",4,0.6156944931691957,,,[],,v1.0,0.7,0.3
S4_water_partial,236,236,17652264925674904497,scenario=S4_water_partial|method=both|duration=0|theta=0.300000|delta_threshold=0.100000|A=v1.0|w=na|run_id=236|seed=17652264925674904497,False,"{""step_1_amount"": 1.0982542179253745}",5222c37788a096d3910624247b4a1e76a3afcfe0df2ea7ddd6490cebc16a26a9,0.44666666666666677,0.943940948872357,0.49727428220569025,16,0.0,1.0,0.44666666666666677,0.943940948872357,1,1,0.49727428220569025,"{""energy"": 0.6666666666666667, ""water"": 0.2666666666666667, ""transport"": 0.33333333333333337}","{""energy"": 0.9432911539564456, ""water"": 1.0, ""transport"": 0.8887482909659294}","{""energy"": 0.27662448728977884, ""water"": 0.7333333333333333, ""transport"": 0.5554149576325961}","{""energy"": 0.0, ""water"": 0.0, ""transport"": 0.0}","{""energy"": 1.0, ""water"": 1.0, ""transport"": 1.0}","{""energy"": 1.0, ""water"": 1.0, ""transport"": 1.0}",0.3,0.1,,0.44666666666666677,1.0,0.5533333333333332,1,"{""energy"": 0.6666666666666667, ""water"": 0.2666666666666667, ""transport"": 0.33333333333333337}","{""energy"": 1.0, ""water"": 1.0, ""transport"": 1.0}","{""energy"": 0.33333333333333326, ""water"": 0.7333333333333333, ""transport"": 0.6666666666666666}",3,0.943940948872357,,,"[""energy"", ""transport""]",1,v1.0,0.7,0.3
S4_water_partial,237,237,16920986518664041208,scenario=S4_water_partial|method=both|duration=0|theta=0.300000|delta_threshold=0.100000|A=v1.0|w=na|run_id=237|seed=16920986518664041208,False,"{""step_1_amount"": 0.4833134417639865}",5222c37788a096d3910624247b4a1e76a3afcfe0df2ea7ddd6490cebc16a26a9,0.44666666666666677,0.7328883951451435,0.2862217284784767,17,0.0,0.0,0.44666666666666677,0.7328883951451435,0,1,0.2862217284784767,"{""energy"": 0.6666666666666667, ""water"": 0.2666666666666667, ""transport"": 0.33333333333333337}","{""energy"": 0.8123544530089976, ""water"": 0.6707147528058726, ""transport"": 0.6891072936659424}","{""energy"": 0.14568778634233082, ""water"": 0.40404808613920584, ""transport"": 0.355773960332609}","{""energy"": 0.0, ""water"": 0.0, ""transport"": 0.0}","{""energy"": 0.0, ""water"": 0.0, ""transport"": 0.0}","{""energy"": 0.0, ""water"": 0.0, ""transport"": 0.0}",0.3,0.1,,0.44666666666666677,1.0,0.5533333333333332,1,"{""energy"": 0.6666666666666667, ""water"": 0.2666666666666667, ""transport"": 0.33333333333333337}","{""energy"": 1.0, ""water"": 1.0, ""transport"": 1.0}","{""energy"": 0.33333333333333326, ""water"": 0.7333333333333333, ""transport"": 0.6666666666666666}",3,0.7328883951451435,,,[],,v1.0,0.7,0.3
S4_water_partial,238,238,5599485550851730114,scenario=S4_water_partial|method=both|duration=0|theta=0.300000|delta_threshold=0.100000|A=v1.0|w=na|run_id=238|seed=5599485550851730114,False,"{""step_1_amount"": 0.948186335766338}",5222c37788a096d3910624247b4a1e76a3afcfe0df2ea7ddd6490cebc16a26a9,0.44666666666666677,1.0,0.5533333333333332,11,0.0,1.0,0.44666666666666677,1.0,1,1,0.5533333333333332,"{""energy"": 0.6666666666666667, ""water"": 0.2666666666666667, ""transport"": 0.33333333333333337}","{""energy"": 1.0, ""water"": 1.0, ""transport"": 1.0}","{""energy"": 0.33333333333333326, ""water"": 0.7333333333333333, ""transport"": 0.6666666666666666}","{""energy"": 0.0, ""water"": 0.0, ""transport"": 0.0}","{""energy"": 1.0, ""water"": 1.0, ""transport"": 1.0}","{""energy"": 1.0, ""water"": 1.0, ""transport"": 1.0}",0.3,0.1,,0.44666666666666677,1.0,0.5533333333333332,1,"{""energy"": 0.6666666666666667, ""water"": 0.2666666666666667, ""transport"": 0.33333333333333337}","{""energy"": 1.0, ""water"": 1.0, ""transport"": 1.0}","{""energy"": 0.33333333333333326, ""water"": 0.7333333333333333, ""transport"": 0.6666666666666666}",2,1.0,,,"[""energy"", ""transport""]",1,v1.0,0.7,0.3
S4_water_partial,239,239,6077858718438942800,scenario=S4_water_partial|method=both|duration=0|theta=0.300000|delta_threshold=0.100000|A=v1.0|w=na|run_id=239|seed=6077858718438942800,False,"{""step_1_amount"": 1.3372550340989233}",5222c37788a096d3910624247b4a1e76a3afcfe0df2ea7ddd6490cebc16a26a9,0.44666666666666677,0.8366666666666667,0.3899999999999999,23,0.0,1.0,0.44666666666666677,0.8366666666666667,1,1,0.3899999999999999,"{""energy"": 0.6666666666666667, ""water"": 0.2666666666666667, ""transport"": 0.33333333333333337}","{""energy"": 0.8666666666666667, ""water"": 1.0, ""transport"": 0.6333333333333333}","{""energy"": 0.19999999999999996, ""water"": 0.7333333333333333, ""transport"": 0.29999999999999993}","{""energy"": 0.0, ""water"": 0.0, ""transport"": 0.0}","{""energy"": 1.0, ""water"": 1.0, ""transport"": 1.0}","{""energy"": 1.0, ""water"": 1.0, ""transport"": 1.0}",0.3,0.1,,0.44666666666666677,1.0,0.5533333333333332,1,"{""energy"": 0.6666666666666667, ""water"": 0.2666666666666667, ""transport"": 0.33333333333333337}","{""energy"": 1.0, ""water"": 1.0, ""transport"": 1.0}","{""energy"": 0.33333333333333326, ""water"": 0.7333333333333333, ""transport"": 0.6666666666666666}",3,0.8366666666666667,,,"[""energy"", ""transport""]",1,v1.0,0.7,0.3
S4_water_partial,240,240,14317375776692479773,scenario=S4_water_partial|method=both|duration=0|theta=0.300000|delta_threshold=0.100000|A=v1.0|w=na|run_id=240|seed=14317375776692479773,False,"{""step_1_amount"": 0.8677178404980904}",5222c37788a096d3910624247b4a1e76a3afcfe0df2ea7ddd6490cebc16a26a9,0.44666666666666677,0.8085567077725109,0.3618900411058441,8,0.0,1.0,0.44666666666666677,0.8085567077725109,1,1,0.3618900411058441,"{""energy"": 0.6666666666666667, ""water"": 0.2666666666666667, ""transport"": 0.33333333333333337}","{""energy"": 0.8335961267911893, ""water"": 1.0, ""transport"": 0.5837275235201173}","{""energy"": 0.1669294601245226, ""water"": 0.7333333333333333, ""transport"": 0.2503941901867839}","{""energy"": 0.0, ""water"": 0.0, ""transport"": 0.0}","{""energy"": 1.0, ""water"": 1.0, ""transport"": 1.0}","{""energy"": 1.0, ""water"": 1.0, ""transport"": 1.0}",0.3,0.1,,0.44666666666666677,1.0,0.5533333333333332,1,"{""energy"": 0.6666666666666667, ""water"": 0.2666666666666667, ""transport"": 0.33333333333333337}","{""energy"": 1.0, ""water"": 1.0, ""transport"": 1.0}","{""energy"": 0.33333333333333326, ""water"": 0.7333333333333333, ""transport"": 0.6666666666666666}",3,0.8085567077725109,,,"[""energy"", ""transport""]",1,v1.0,0.7,0.3
S4_water_partial,241,241,3757349226887218991,scenario=S4_water_partial|method=both|duration=0|theta=0.300000|delta_threshold=0.100000|A=v1.0|w=na|run_id=241|seed=3757349226887218991,False,"{""step_1_amount"": 0.8664057073480024}",5222c37788a096d3910624247b4a1e76a3afcfe0df2ea7ddd6490cebc16a26a9,0.44666666666666677,0.8082778794781172,0.3616112128114505,12,0.0,1.0,0.44666666666666677,0.8082778794781172,1,1,0.3616112128114505,"{""energy"": 0.6666666666666667, ""water"": 0.2666666666666667, ""transport"": 0.33333333333333337}","{""energy"": 0.8332680935036674, ""water"": 1.0, ""transport"": 0.5832354735888342}","{""energy"": 0.16660142683700063, ""water"": 0.7333333333333333, ""transport"": 0.24990214025550084}","{""energy"": 0.0, ""water"": 0.0, ""transport"": 0.0}","{""energy"": 1.0, ""water"": 1.0, ""transport"": 1.0}","{""energy"": 1.0, ""water"": 1.0, ""transport"": 1.0}",0.3,0.1,,0.44666666666666677,1.0,0.5533333333333332,1,"{""energy"": 0.6666666666666667, ""water"": 0.2666666666666667, ""transport"": 0.33333333333333337}","{""energy"": 1.0, ""water"": 1.0, ""transport"": 1.0}","{""energy"": 0.33333333333333326, ""water"": 0.7333333333333333, ""transport"": 0.6666666666666666}",3,0.8082778794781172,,,"[""energy"", ""transport""]",1,v1.0,0.7,0.3
S4_water_partial,242,242,3152298532013024546,scenario=S4_water_partial|method=both|duration=0|theta=0.300000|delta_threshold=0.100000|A=v1.0|w=na|run_id=242|seed=3152298532013024546,False,"{""step_1_amount"": 0.4530661482464027}",5222c37788a096d3910624247b4a1e76a3afcfe0df2ea7ddd6490cebc16a26a9,0.44666666666666677,0.5953430287614283,0.14867636209476154,18,0.0,0.0,0.44666666666666677,0.5953430287614283,0,0,0.14867636209476154,"{""energy"": 0.6666666666666667, ""water"": 0.2666666666666667, ""transport"": 0.33333333333333337}","{""energy"": 0.7299332037282674, ""water"": 0.5829993519746701, ""transport"": 0.4282331389257344}","{""energy"": 0.06326653706160068, ""water"": 0.3163326853080034, ""transport"": 0.09489980559240102}","{""energy"": 0.0, ""water"": 0.0, ""transport"": 0.0}","{""energy"": 0.0, ""water"": 0.0, ""transport"": 0.0}","{""energy"": 0.0, ""water"": 0.0, ""transport"": 0.0}",0.3,0.1,,0.44666666666666677,1.0,0.5533333333333332,1,"{""energy"": 0.6666666666666667, ""water"": 0.2666666666666667, ""transport"": 0.33333333333333337}","{""energy"": 1.0, ""water"": 1.0, ""transport"": 1.0}","{""energy"": 0.33333333333333326, ""water"": 0.7333333333333333, ""transport"": 0.6666666666666666}",4,0.5953430287614283,,,[],,v1.0,0.7,0.3
S4_water_partial,243,243,13395081949567507287,scenario=S4_water_partial|method=both|duration=0|theta=0.300000|delta_threshold=0.100000|A=v1.0|w=na|run_id=243|seed=13395081949567507287,False,"{""step_1_amount"": 0.797155070684022}",5222c37788a096d3910624247b4a1e76a3afcfe0df2ea7ddd6490cebc16a26a9,0.44666666666666677,0.8923146272868638,0.44564796062019707,26,0.0,1.0,0.44666666666666677,0.8923146272868638,1,1,0.44564796062019707,"{""energy"": 0.6666666666666667, ""water"": 0.2666666666666667, ""transport"": 0.33333333333333337}","{""energy"": 0.886492940123274, ""water"": 1.0, ""transport"": 0.7923915041251808}","{""energy"": 0.2198262734566072, ""water"": 0.7333333333333333, ""transport"": 0.4590581707918474}","{""energy"": 0.0, ""water"": 0.0, ""transport"": 0.0}","{""energy"": 1.0, ""water"": 1.0, ""transport"": 1.0}","{""energy"": 1.0, ""water"": 1.0, ""transport"": 1.0}",0.3,0.1,,0.44666666666666677,1.0,0.5533333333333332,1,"{""energy"": 0.6666666666666667, ""water"": 0.2666666666666667, ""transport"": 0.33333333333333337}","{""energy"": 1.0, ""water"": 1.0, ""transport"": 1.0}","{""energy"": 0.33333333333333326, ""water"": 0.7333333333333333, ""transport"": 0.6666666666666666}",3,0.8923146272868638,,,"[""energy"", ""transport""]",1,v1.0,0.7,0.3
S4_water_partial,244,244,6056072998014009543,scenario=S4_water_partial|method=both|duration=0|theta=0.300000|delta_threshold=0.100000|A=v1.0|w=na|run_id=244|seed=6056072998014009543,False,"{""step_1_amount"": 0.35561050921833104}",5222c37788a096d3910624247b4a1e76a3afcfe0df2ea7ddd6490cebc16a26a9,0.44666666666666677,0.6527840855092422,0.2061174188425754,17,0.0,0.0,0.44666666666666677,0.6527840855092422,0,1,0.2061174188425754,"{""energy"": 0.6666666666666667, ""water"": 0.2666666666666667, ""transport"": 0.33333333333333337}","{""energy"": 0.7772544468942533, ""water"": 0.5089699051382498, ""transport"": 0.6306377840335533}","{""energy"": 0.11058778022758653, ""water"": 0.24230323847158308, ""transport"": 0.29730445070021994}","{""energy"": 0.0, ""water"": 0.0, ""transport"": 0.0}","{""energy"": 0.0, ""water"": 0.0, ""transport"": 0.0}","{""energy"": 0.0, ""water"": 0.0, ""transport"": 0.0}",0.3,0.1,,0.44666666666666677,1.0,0.5533333333333332,1,"{""energy"": 0.6666666666666667, ""water"": 0.2666666666666667, ""transport"": 0.33333333333333337}","{""energy"": 1.0, ""water"": 1.0, ""transport"": 1.0}","{""energy"": 0.33333333333333326, ""water"": 0.7333333333333333, ""transport"": 0.6666666666666666}",4,0.6527840855092422,,,[],,v1.0,0.7,0.3
S4_water_partial,245,245,773009128104310757,scenario=S4_water_partial|method=both|duration=0|theta=0.300000|delta_threshold=0.100000|A=v1.0|w=na|run_id=245|seed=773009128104310757,False,"{""step_1_amount"": 0.7222362265497336}",5222c37788a096d3910624247b4a1e76a3afcfe0df2ea7ddd6490cebc16a26a9,0.44666666666666677,0.7534804497646352,0.3068137830979685,18,0.0,0.0,0.44666666666666677,0.7534804497646352,0,1,0.3068137830979685,"{""energy"": 0.6666666666666667, ""water"": 0.2666666666666667, ""transport"": 0.33333333333333337}","{""energy"": 0.7972257233041001, ""water"": 0.9194619498538337, ""transport"": 0.5291719182894834}","{""energy"": 0.1305590566374334, ""water"": 0.652795283187167, ""transport"": 0.19583858495615003}","{""energy"": 0.0, ""water"": 0.0, ""transport"": 0.0}","{""energy"": 0.0, ""water"": 0.0, ""transport"": 0.0}","{""energy"": 0.0, ""water"": 0.0, ""transport"": 0.0}",0.3,0.1,,0.44666666666666677,1.0,0.5533333333333332,1,"{""energy"": 0.6666666666666667, ""water"": 0.2666666666666667, ""transport"": 0.33333333333333337}","{""energy"": 1.0, ""water"": 1.0, ""transport"": 1.0}","{""energy"": 0.33333333333333326, ""water"": 0.7333333333333333, ""transport"": 0.6666666666666666}",3,0.7534804497646352,,,[],,v1.0,0.7,0.3
S4_water_partial,246,246,5029357869793215267,scenario=S4_water_partial|method=both|duration=0|theta=0.300000|delta_threshold=0.100000|A=v1.0|w=na|run_id=246|seed=5029357869793215267,False,"{""step_1_amount"": 0.8377082681221095}",5222c37788a096d3910624247b4a1e76a3afcfe0df2ea7ddd6490cebc16a26a9,0.44666666666666677,0.9111628417350424,0.4644961750683756,14,0.0,1.0,0.44666666666666677,0.9111628417350424,1,1,0.4644961750683756,"{""energy"": 0.6666666666666667, ""water"": 0.2666666666666667, ""transport"": 0.33333333333333337}","{""energy"": 0.9039388537632136, ""water"": 1.0, ""transport"": 0.8319576674325226}","{""energy"": 0.23727218709654685, ""water"": 0.7333333333333333, ""transport"": 0.49862433409918927}","{""energy"": 0.0, ""water"": 0.0, ""transport"": 0.0}","{""energy"": 1.0, ""water"": 1.0, ""transport"": 1.0}","{""energy"": 1.0, ""water"": 1.0, ""transport"": 1.0}",0.3,0.1,,0.44666666666666677,1.0,0.5533333333333332,1,"{""energy"": 0.6666666666666667, ""water"": 0.2666666666666667, ""transport"": 0.33333333333333337}","{""energy"": 1.0, ""water"": 1.0, ""transport"": 1.0}","{""energy"": 0.33333333333333326, ""water"": 0.7333333333333333, ""transport"": 0.6666666666666666}",3,0.9111628417350424,,,"[""energy"", ""transport""]",1,v1.0,0.7,0.3
S4_water_partial,247,247,8282517523305274076,scenario=S4_water_partial|method=both|duration=0|theta=0.300000|delta_threshold=0.100000|A=v1.0|w=na|run_id=247|seed=8282517523305274076,False,"{""step_1_amount"": 0.9556340124600917}",5222c37788a096d3910624247b4a1e76a3afcfe0df2ea7ddd6490cebc16a26a9,0.44666666666666677,0.8272388943144362,0.38057222764776943,21,0.0,1.0,0.44666666666666677,0.8272388943144362,1,1,0.38057222764776943,"{""energy"": 0.6666666666666667, ""water"": 0.2666666666666667, ""transport"": 0.33333333333333337}","{""energy"": 0.8555751697816897, ""water"": 1.0, ""transport"": 0.6166960880058678}","{""energy"": 0.18890850311502294, ""water"": 0.7333333333333333, ""transport"": 0.28336275467253447}","{""energy"": 0.0, ""water"": 0.0, ""transport"": 0.0}","{""energy"": 1.0, ""water"": 1.0, ""transport"": 1.0}","{""energy"": 1.0, ""water"": 1.0, ""transport"": 1.0}",0.3,0.1,,0.44666666666666677,1.0,0.5533333333333332,1,"{""energy"": 0.6666666666666667, ""water"": 0.2666666666666667, ""transport"": 0.33333333333333337}","{""energy"": 1.0, ""water"": 1.0, ""transport"": 1.0}","{""energy"": 0.33333333333333326, ""water"": 0.7333333333333333, ""transport"": 0.6666666666666666}",3,0.8272388943144362,,,"[""energy"", ""transport""]",1,v1.0,0.7,0.3
S4_water_partial,248,248,11828230636872109814,scenario=S4_water_partial|method=both|duration=0|theta=0.300000|delta_threshold=0.100000|A=v1.0|w=na|run_id=248|seed=11828230636872109814,False,"{""step_1_amount"": 0.7851735522429708}",5222c37788a096d3910624247b4a1e76a3afcfe0df2ea7ddd6490cebc16a26a9,0.44666666666666677,1.0,0.5533333333333332,29,0.0,1.0,0.44666666666666677,1.0,1,1,0.5533333333333332,"{""energy"": 0.6666666666666667, ""water"": 0.2666666666666667, ""transport"": 0.33333333333333337}","{""energy"": 1.0, ""water"": 1.0, ""transport"": 1.0}","{""energy"": 0.33333333333333326, ""water"": 0.7333333333333333, ""transport"": 0.6666666666666666}","{""energy"": 0.0, ""water"": 0.0, ""transport"": 0.0}","{""energy"": 1.0, ""water"": 1.0, ""transport"": 1.0}","{""energy"": 1.0, ""water"": 1.0, ""transport"": 1.0}",0.3,0.1,,0.44666666666666677,1.0,0.5533333333333332,1,"{""energy"": 0.6666666666666667, ""water"": 0.2666666666666667, ""transport"": 0.33333333333333337}","{""energy"": 1.0, ""water"": 1.0, ""transport"": 1.0}","{""energy"": 0.33333333333333326, ""water"": 0.7333333333333333, ""transport"": 0.6666666666666666}",2,1.0,,,"[""energy"", ""transport""]",1,v1.0,0.7,0.3
S4_water_partial,249,249,16820205131626011943,scenario=S4_water_partial|method=both|duration=0|theta=0.300000|delta_threshold=0.100000|A=v1.0|w=na|run_id=249|seed=16820205131626011943,False,"{""step_1_amount"": 0.6157207645781568}",5222c37788a096d3910624247b4a1e76a3afcfe0df2ea7ddd6490cebc16a26a9,0.44666666666666677,0.8127330595148355,0.3660663928481688,30,0.0,0.0,0.44666666666666677,0.8127330595148355,0,1,0.3660663928481688,"{""energy"": 0.6666666666666667, ""water"": 0.2666666666666667, ""transport"": 0.33333333333333337}","{""energy"": 0.8467408850977696, ""water"": 0.8370803072470718, ""transport"": 0.7430420443386874}","{""energy"": 0.18007421843110283, ""water"": 0.5704136405804051, ""transport"": 0.409708711005354}","{""energy"": 0.0, ""water"": 0.0, ""transport"": 0.0}","{""energy"": 0.0, ""water"": 0.0, ""transport"": 0.0}","{""energy"": 0.0, ""water"": 0.0, ""transport"": 0.0}",0.3,0.1,,0.44666666666666677,1.0,0.5533333333333332,1,"{""energy"": 0.6666666666666667, ""water"": 0.2666666666666667, ""transport"": 0.33333333333333337}","{""energy"": 1.0, ""water"": 1.0, ""transport"": 1.0}","{""energy"": 0.33333333333333326, ""water"": 0.7333333333333333, ""transport"": 0.6666666666666666}",3,0.8127330595148355,,,[],,v1.0,0.7,0.3
S4_water_partial,250,250,8073889792284042461,scenario=S4_water_partial|method=both|duration=0|theta=0.300000|delta_threshold=0.100000|A=v1.0|w=na|run_id=250|seed=8073889792284042461,False,"{""step_1_amount"": 0.5648817305383806}",5222c37788a096d3910624247b4a1e76a3afcfe0df2ea7ddd6490cebc16a26a9,0.44666666666666677,0.6610346833579654,0.21436801669129868,19,0.0,0.0,0.44666666666666677,0.6610346833579654,0,1,0.21436801669129868,"{""energy"": 0.6666666666666667, ""water"": 0.2666666666666667, ""transport"": 0.33333333333333337}","{""energy"": 0.7578870993012619, ""water"": 0.7227688298396426, ""transport"": 0.47016398228522616}","{""energy"": 0.09122043263459512, ""water"": 0.4561021631729759, ""transport"": 0.13683064895189279}","{""energy"": 0.0, ""water"": 0.0, ""transport"": 0.0}","{""energy"": 0.0, ""water"": 0.0, ""transport"": 0.0}","{""energy"": 0.0, ""water"": 0.0, ""transport"": 0.0}",0.3,0.1,,0.44666666666666677,1.0,0.5533333333333332,1,"{""energy"": 0.6666666666666667, ""water"": 0.2666666666666667, ""transport"": 0.33333333333333337}","{""energy"": 1.0, ""water"": 1.0, ""transport"": 1.0}","{""energy"": 0.33333333333333326, ""water"": 0.7333333333333333, ""transport"": 0.6666666666666666}",3,0.6610346833579654,,,[],,v1.0,0.7,0.3
S4_water_partial,251,251,7705760685586959960,scenario=S4_water_partial|method=both|duration=0|theta=0.300000|delta_threshold=0.100000|A=v1.0|w=na|run_id=251|seed=7705760685586959960,False,"{""step_1_amount"": 1.3661249116290086}",5222c37788a096d3910624247b4a1e76a3afcfe0df2ea7ddd6490cebc16a26a9,0.44666666666666677,0.9314039956765413,0.48473732900987454,8,0.0,1.0,0.44666666666666677,0.9314039956765413,1,1,0.48473732900987454,"{""energy"": 0.6666666666666667, ""water"": 0.2666666666666667, ""transport"": 0.33333333333333337}","{""energy"": 0.9343361873880057, ""water"": 1.0, ""transport"": 0.8588984024044632}","{""energy"": 0.267669520721339, ""water"": 0.7333333333333333, ""transport"": 0.5255650690711299}","{""energy"": 0.0, ""water"": 0.0, ""transport"": 0.0}","{""energy"": 1.0, ""water"": 1.0, ""transport"": 1.0}","{""energy"": 1.0, ""water"": 1.0, ""transport"": 1.0}",0.3,0.1,,0.44666666666666677,1.0,0.5533333333333332,1,"{""energy"": 0.6666666666666667, ""water"": 0.2666666666666667, ""transport"": 0.33333333333333337}","{""energy"": 1.0, ""water"": 1.0, ""transport"": 1.0}","{""energy"": 0.33333333333333326, ""water"": 0.7333333333333333, ""transport"": 0.6666666666666666}",3,0.9314039956765413,,,"[""energy"", ""transport""]",1,v1.0,0.7,0.3
S4_water_partial,252,252,3526804154298916838,scenario=S4_water_partial|method=both|duration=0|theta=0.300000|delta_threshold=0.100000|A=v1.0|w=na|run_id=252|seed=3526804154298916838,False,"{""step_1_amount"": 1.1289961843380067}",5222c37788a096d3910624247b4a1e76a3afcfe0df2ea7ddd6490cebc16a26a9,0.44666666666666677,0.9262829650053239,0.47961629833865715,5,0.0,1.0,0.44666666666666677,0.9262829650053239,1,1,0.47961629833865715,"{""energy"": 0.6666666666666667, ""water"": 0.2666666666666667, ""transport"": 0.33333333333333337}","{""energy"": 0.9306783083371362, ""water"": 1.0, ""transport"": 0.8467054722348981}","{""energy"": 0.2640116416704694, ""water"": 0.7333333333333333, ""transport"": 0.5133721389015647}","{""energy"": 0.0, ""water"": 0.0, ""transport"": 0.0}","{""energy"": 1.0, ""water"": 1.0, ""transport"": 1.0}","{""energy"": 1.0, ""water"": 1.0, ""transport"": 1.0}",0.3,0.1,,0.44666666666666677,1.0,0.5533333333333332,1,"{""energy"": 0.6666666666666667, ""water"": 0.2666666666666667, ""transport"": 0.33333333333333337}","{""energy"": 1.0, ""water"": 1.0, ""transport"": 1.0}","{""energy"": 0.33333333333333326, ""water"": 0.7333333333333333, ""transport"": 0.6666666666666666}",3,0.9262829650053239,,,"[""energy"", ""transport""]",1,v1.0,0.7,0.3
S4_water_partial,253,253,3922056785877321933,scenario=S4_water_partial|method=both|duration=0|theta=0.300000|delta_threshold=0.100000|A=v1.0|w=na|run_id=253|seed=3922056785877321933,False,"{""step_1_amount"": 0.9731257188086843}",5222c37788a096d3910624247b4a1e76a3afcfe0df2ea7ddd6490cebc16a26a9,0.44666666666666677,0.8309558819135121,0.38428921524684534,10,0.0,1.0,0.44666666666666677,0.8309558819135121,1,1,0.38428921524684534,"{""energy"": 0.6666666666666667, ""water"": 0.2666666666666667, ""transport"": 0.33333333333333337}","{""energy"": 0.8599480963688378, ""water"": 1.0, ""transport"": 0.62325547788659}","{""energy"": 0.1932814297021711, ""water"": 0.7333333333333333, ""transport"": 0.2899221445532566}","{""energy"": 0.0, ""water"": 0.0, ""transport"": 0.0}","{""energy"": 1.0, ""water"": 1.0, ""transport"": 1.0}","{""energy"": 1.0, ""water"": 1.0, ""transport"": 1.0}",0.3,0.1,,0.44666666666666677,1.0,0.5533333333333332,1,"{""energy"": 0.6666666666666667, ""water"": 0.2666666666666667, ""transport"": 0.33333333333333337}","{""energy"": 1.0, ""water"": 1.0, ""transport"": 1.0}","{""energy"": 0.33333333333333326, ""water"": 0.7333333333333333, ""transport"": 0.6666666666666666}",3,0.8309558819135121,,,"[""energy"", ""transport""]",1,v1.0,0.7,0.3
S4_water_partial,254,254,7727351927119672105,scenario=S4_water_partial|method=both|duration=0|theta=0.300000|delta_threshold=0.100000|A=v1.0|w=na|run_id=254|seed=7727351927119672105,False,"{""step_1_amount"": 0.6439331318779111}",5222c37788a096d3910624247b4a1e76a3afcfe0df2ea7ddd6490cebc16a26a9,0.44666666666666677,0.7074773816449396,0.2608107149782728,28,0.0,0.0,0.44666666666666677,0.7074773816449396,0,1,0.2608107149782728,"{""energy"": 0.6666666666666667, ""water"": 0.2666666666666667, ""transport"": 0.33333333333333337}","{""energy"": 0.7776499496361445, ""water"": 0.8215830815140557, ""transport"": 0.49980825778755006}","{""energy"": 0.11098328296947779, ""water"": 0.554916414847389, ""transport"": 0.1664749244542167}","{""energy"": 0.0, ""water"": 0.0, ""transport"": 0.0}","{""energy"": 0.0, ""water"": 0.0, ""transport"": 0.0}","{""energy"": 0.0, ""water"": 0.0, ""transport"": 0.0}",0.3,0.1,,0.44666666666666677,1.0,0.5533333333333332,1,"{""energy"": 0.6666666666666667, ""water"": 0.2666666666666667, ""transport"": 0.33333333333333337}","{""energy"": 1.0, ""water"": 1.0, ""transport"": 1.0}","{""energy"": 0.33333333333333326, ""water"": 0.7333333333333333, ""transport"": 0.6666666666666666}",3,0.7074773816449396,,,[],,v1.0,0.7,0.3
S4_water_partial,255,255,7073381154389801629,scenario=S4_water_partial|method=both|duration=0|theta=0.300000|delta_threshold=0.100000|A=v1.0|w=na|run_id=255|seed=7073381154389801629,False,"{""step_1_amount"": 0.4669649036627952}",5222c37788a096d3910624247b4a1e76a3afcfe0df2ea7ddd6490cebc16a26a9,0.44666666666666677,0.676497592259691,0.2298309255930242,11,0.0,0.0,0.44666666666666677,0.676497592259691,0,1,0.2298309255930242,"{""energy"": 0.6666666666666667, ""water"": 0.2666666666666667, ""transport"": 0.33333333333333337}","{""energy"": 0.7644670605360387, ""water"": 0.7556686360135267, ""transport"": 0.4800339241373914}","{""energy"": 0.097800393869372, ""water"": 0.48900196934686, ""transport"": 0.146700590804058}","{""energy"": 0.0, ""water"": 0.0, ""transport"": 0.0}","{""energy"": 0.0, ""water"": 0.0, ""transport"": 0.0}","{""energy"": 0.0, ""water"": 0.0, ""transport"": 0.0}",0.3,0.1,,0.44666666666666677,1.0,0.5533333333333332,1,"{""energy"": 0.6666666666666667, ""water"": 0.2666666666666667, ""transport"": 0.33333333333333337}","{""energy"": 1.0, ""water"": 1.0, ""transport"": 1.0}","{""energy"": 0.33333333333333326, ""water"": 0.7333333333333333, ""transport"": 0.6666666666666666}",3,0.676497592259691,,,[],,v1.0,0.7,0.3
S4_water_partial,256,256,10886670620313985832,scenario=S4_water_partial|method=both|duration=0|theta=0.300000|delta_threshold=0.100000|A=v1.0|w=na|run_id=256|seed=10886670620313985832,False,"{""step_1_amount"": 0.5414047823916833}",5222c37788a096d3910624247b4a1e76a3afcfe0df2ea7ddd6490cebc16a26a9,0.44666666666666677,0.8251979866635444,0.3785313199968776,27,0.0,0.0,0.44666666666666677,0.8251979866635444,0,1,0.3785313199968776,"{""energy"": 0.6666666666666667, ""water"": 0.2666666666666667, ""transport"": 0.33333333333333337}","{""energy"": 0.8505029902987875, ""water"": 0.8768293839375456, ""transport"": 0.7398265845425521}","{""energy"": 0.18383632363212077, ""water"": 0.6101627172708789, ""transport"": 0.40649325120921875}","{""energy"": 0.0, ""water"": 0.0, ""transport"": 0.0}","{""energy"": 0.0, ""water"": 0.0, ""transport"": 0.0}","{""energy"": 0.0, ""water"": 0.0, ""transport"": 0.0}",0.3,0.1,,0.44666666666666677,1.0,0.5533333333333332,1,"{""energy"": 0.6666666666666667, ""water"": 0.2666666666666667, ""transport"": 0.33333333333333337}","{""energy"": 1.0, ""water"": 1.0, ""transport"": 1.0}","{""energy"": 0.33333333333333326, ""water"": 0.7333333333333333, ""transport"": 0.6666666666666666}",3,0.8251979866635444,,,[],,v1.0,0.7,0.3
S4_water_partial,257,257,1243420533343809697,scenario=S4_water_partial|method=both|duration=0|theta=0.300000|delta_threshold=0.100000|A=v1.0|w=na|run_id=257|seed=1243420533343809697,False,"{""step_1_amount"": 1.0220289451677196}",5222c37788a096d3910624247b4a1e76a3afcfe0df2ea7ddd6490cebc16a26a9,0.44666666666666677,0.8366666666666667,0.3899999999999999,30,0.0,1.0,0.44666666666666677,0.8366666666666667,1,1,0.3899999999999999,"{""energy"": 0.6666666666666667, ""water"": 0.2666666666666667, ""transport"": 0.33333333333333337}","{""energy"": 0.8666666666666667, ""water"": 1.0, ""transport"": 0.6333333333333333}","{""energy"": 0.19999999999999996, ""water"": 0.7333333333333333, ""transport"": 0.29999999999999993}","{""energy"": 0.0, ""water"": 0.0, ""transport"": 0.0}","{""energy"": 1.0, ""water"": 1.0, ""transport"": 1.0}","{""energy"": 1.0, ""water"": 1.0, ""transport"": 1.0}",0.3,0.1,,0.44666666666666677,1.0,0.5533333333333332,1,"{""energy"": 0.6666666666666667, ""water"": 0.2666666666666667, ""transport"": 0.33333333333333337}","{""energy"": 1.0, ""water"": 1.0, ""transport"": 1.0}","{""energy"": 0.33333333333333326, ""water"": 0.7333333333333333, ""transport"": 0.6666666666666666}",3,0.8366666666666667,,,"[""energy"", ""transport""]",1,v1.0,0.7,0.3
S4_water_partial,258,258,15244541334168579325,scenario=S4_water_partial|method=both|duration=0|theta=0.300000|delta_threshold=0.100000|A=v1.0|w=na|run_id=258|seed=15244541334168579325,False,"{""step_1_amount"": 1.1252265251787579}",5222c37788a096d3910624247b4a1e76a3afcfe0df2ea7ddd6490cebc16a26a9,0.44666666666666677,0.9290563901384499,0.4823897234717831,10,0.0,1.0,0.44666666666666677,0.9290563901384499,1,1,0.4823897234717831,"{""energy"": 0.6666666666666667, ""water"": 0.2666666666666667, ""transport"": 0.33333333333333337}","{""energy"": 0.932659326289369, ""water"": 1.0, ""transport"": 0.8533088654090076}","{""energy"": 0.26599265962270224, ""water"": 0.7333333333333333, ""transport"": 0.5199755320756743}","{""energy"": 0.0, ""water"": 0.0, ""transport"": 0.0}","{""energy"": 1.0, ""water"": 1.0, ""transport"": 1.0}","{""energy"": 1.0, ""water"": 1.0, ""transport"": 1.0}",0.3,0.1,,0.44666666666666677,1.0,0.5533333333333332,1,"{""energy"": 0.6666666666666667, ""water"": 0.2666666666666667, ""transport"": 0.33333333333333337}","{""energy"": 1.0, ""water"": 1.0, ""transport"": 1.0}","{""energy"": 0.33333333333333326, ""water"": 0.7333333333333333, ""transport"": 0.6666666666666666}",3,0.9290563901384499,,,"[""energy"", ""transport""]",1,v1.0,0.7,0.3
S4_water_partial,259,259,15439748292438212473,scenario=S4_water_partial|method=both|duration=0|theta=0.300000|delta_threshold=0.100000|A=v1.0|w=na|run_id=259|seed=15439748292438212473,False,"{""step_1_amount"": 0.8187557483725079}",5222c37788a096d3910624247b4a1e76a3afcfe0df2ea7ddd6490cebc16a26a9,0.44666666666666677,0.7981522631958247,0.3514855965291579,28,0.0,1.0,0.44666666666666677,0.7981522631958247,1,1,0.3514855965291579,"{""energy"": 0.6666666666666667, ""water"": 0.2666666666666667, ""transport"": 0.33333333333333337}","{""energy"": 0.8213556037597937, ""water"": 1.0, ""transport"": 0.5653667389730238}","{""energy"": 0.15468893709312692, ""water"": 0.7333333333333333, ""transport"": 0.23203340563969044}","{""energy"": 0.0, ""water"": 0.0, ""transport"": 0.0}","{""energy"": 1.0, ""water"": 1.0, ""transport"": 1.0}","{""energy"": 1.0, ""water"": 1.0, ""transport"": 1.0}",0.3,0.1,,0.44666666666666677,1.0,0.5533333333333332,1,"{""energy"": 0.6666666666666667, ""water"": 0.2666666666666667, ""transport"": 0.33333333333333337}","{""energy"": 1.0, ""water"": 1.0, ""transport"": 1.0}","{""energy"": 0.33333333333333326, ""water"": 0.7333333333333333, ""transport"": 0.6666666666666666}",3,0.7981522631958247,,,"[""energy"", ""transport""]",1,v1.0,0.7,0.3
S4_water_partial,260,260,854345690412942281,scenario=S4_water_partial|method=both|duration=0|theta=0.300000|delta_threshold=0.100000|A=v1.0|w=na|run_id=260|seed=854345690412942281,False,"{""step_1_amount"": 0.5461862695783715}",5222c37788a096d3910624247b4a1e76a3afcfe0df2ea7ddd6490cebc16a26a9,0.44666666666666677,0.6500511000439599,0.20338443337729317,26,0.0,0.0,0.44666666666666677,0.6500511000439599,0,1,0.20338443337729317,"{""energy"": 0.6666666666666667, ""water"": 0.2666666666666667, ""transport"": 0.33333333333333337}","{""energy"": 0.7532132340612596, ""water"": 0.699399503639631, ""transport"": 0.4631531844252227}","{""energy"": 0.08654656739459288, ""water"": 0.4327328369729643, ""transport"": 0.12981985109188932}","{""energy"": 0.0, ""water"": 0.0, ""transport"": 0.0}","{""energy"": 0.0, ""water"": 0.0, ""transport"": 0.0}","{""energy"": 0.0, ""water"": 0.0, ""transport"": 0.0}",0.3,0.1,,0.44666666666666677,1.0,0.5533333333333332,1,"{""energy"": 0.6666666666666667, ""water"": 0.2666666666666667, ""transport"": 0.33333333333333337}","{""energy"": 1.0, ""water"": 1.0, ""transport"": 1.0}","{""energy"": 0.33333333333333326, ""water"": 0.7333333333333333, ""transport"": 0.6666666666666666}",3,0.6500511000439599,,,[],,v1.0,0.7,0.3
S4_water_partial,261,261,17513880283274102299,scenario=S4_water_partial|method=both|duration=0|theta=0.300000|delta_threshold=0.100000|A=v1.0|w=na|run_id=261|seed=17513880283274102299,False,"{""step_1_amount"": 0.6910258155340918}",5222c37788a096d3910624247b4a1e76a3afcfe0df2ea7ddd6490cebc16a26a9,0.44666666666666677,0.8585200842245179,0.4118534175578511,27,0.0,0.0,0.44666666666666677,0.8585200842245179,0,1,0.4118534175578511,"{""energy"": 0.6666666666666667, ""water"": 0.2666666666666667, ""transport"": 0.33333333333333337}","{""energy"": 0.8665329648824224, ""water"": 0.9318554989724366, ""transport"": 0.7745008285993934}","{""energy"": 0.19986629821575563, ""water"": 0.6651888323057699, ""transport"": 0.44116749526606003}","{""energy"": 0.0, ""water"": 0.0, ""transport"": 0.0}","{""energy"": 0.0, ""water"": 0.0, ""transport"": 0.0}","{""energy"": 0.0, ""water"": 0.0, ""transport"": 0.0}",0.3,0.1,,0.44666666666666677,1.0,0.5533333333333332,1,"{""energy"": 0.6666666666666667, ""water"": 0.2666666666666667, ""transport"": 0.33333333333333337}","{""energy"": 1.0, ""water"": 1.0, ""transport"": 1.0}","{""energy"": 0.33333333333333326, ""water"": 0.7333333333333333, ""transport"": 0.6666666666666666}",3,0.8585200842245179,,,[],,v1.0,0.7,0.3
S4_water_partial,262,262,13754148185629297635,scenario=S4_water_partial|method=both|duration=0|theta=0.300000|delta_threshold=0.100000|A=v1.0|w=na|run_id=262|seed=13754148185629297635,False,"{""step_1_amount"": 0.9047488341089961}",5222c37788a096d3910624247b4a1e76a3afcfe0df2ea7ddd6490cebc16a26a9,0.44666666666666677,0.8220176018892271,0.37535093522256036,7,0.0,1.0,0.44666666666666677,0.8220176018892271,1,1,0.37535093522256036,"{""energy"": 0.6666666666666667, ""water"": 0.2666666666666667, ""transport"": 0.33333333333333337}","{""energy"": 0.8494324728108555, ""water"": 1.0, ""transport"": 0.6074820425496165}","{""energy"": 0.1827658061441888, ""water"": 0.7333333333333333, ""transport"": 0.2741487092162831}","{""energy"": 0.0, ""water"": 0.0, ""transport"": 0.0}","{""energy"": 1.0, ""water"": 1.0, ""transport"": 1.0}","{""energy"": 1.0, ""water"": 1.0, ""transport"": 1.0}",0.3,0.1,,0.44666666666666677,1.0,0.5533333333333332,1,"{""energy"": 0.6666666666666667, ""water"": 0.2666666666666667, ""transport"": 0.33333333333333337}","{""energy"": 1.0, ""water"": 1.0, ""transport"": 1.0}","{""energy"": 0.33333333333333326, ""water"": 0.7333333333333333, ""transport"": 0.6666666666666666}",3,0.8220176018892271,,,"[""energy"", ""transport""]",1,v1.0,0.7,0.3
S4_water_partial,263,263,16351076330531093070,scenario=S4_water_partial|method=both|duration=0|theta=0.300000|delta_threshold=0.100000|A=v1.0|w=na|run_id=263|seed=16351076330531093070,False,"{""step_1_amount"": 0.36007714068775293}",5222c37788a096d3910624247b4a1e76a3afcfe0df2ea7ddd6490cebc16a26a9,0.44666666666666677,0.8983497757296788,0.451683109063012,20,0.0,0.0,0.44666666666666677,0.8983497757296788,0,1,0.451683109063012,"{""energy"": 0.6666666666666667, ""water"": 0.2666666666666667, ""transport"": 0.33333333333333337}","{""energy"": 0.9327081951269844, ""water"": 0.7508883255962833, ""transport"": 1.0}","{""energy"": 0.2660415284603177, ""water"": 0.48422165892961655, ""transport"": 0.6666666666666666}","{""energy"": 0.0, ""water"": 0.0, ""transport"": 0.0}","{""energy"": 0.0, ""water"": 0.0, ""transport"": 0.0}","{""energy"": 0.0, ""water"": 0.0, ""transport"": 0.0}",0.3,0.1,,0.44666666666666677,1.0,0.5533333333333332,1,"{""energy"": 0.6666666666666667, ""water"": 0.2666666666666667, ""transport"": 0.33333333333333337}","{""energy"": 1.0, ""water"": 1.0, ""transport"": 1.0}","{""energy"": 0.33333333333333326, ""water"": 0.7333333333333333, ""transport"": 0.6666666666666666}",3,0.8983497757296788,,,[],,v1.0,0.7,0.3
S4_water_partial,264,264,15539151709732100954,scenario=S4_water_partial|method=both|duration=0|theta=0.300000|delta_threshold=0.100000|A=v1.0|w=na|run_id=264|seed=15539151709732100954,False,"{""step_1_amount"": 0.7755250783505591}",5222c37788a096d3910624247b4a1e76a3afcfe0df2ea7ddd6490cebc16a26a9,0.44666666666666677,0.9000534598595287,0.4533867931928619,11,0.0,1.0,0.44666666666666677,0.9000534598595287,1,1,0.4533867931928619,"{""energy"": 0.6666666666666667, ""water"": 0.2666666666666667, ""transport"": 0.33333333333333337}","{""energy"": 0.8898963034281409, ""water"": 1.0, ""transport"": 0.8136497949609076}","{""energy"": 0.22322963676147412, ""water"": 0.7333333333333333, ""transport"": 0.48031646162757424}","{""energy"": 0.0, ""water"": 0.0, ""transport"": 0.0}","{""energy"": 1.0, ""water"": 1.0, ""transport"": 1.0}","{""energy"": 1.0, ""water"": 1.0, ""transport"": 1.0}",0.3,0.1,,0.44666666666666677,1.0,0.5533333333333332,1,"{""energy"": 0.6666666666666667, ""water"": 0.2666666666666667, ""transport"": 0.33333333333333337}","{""energy"": 1.0, ""water"": 1.0, ""transport"": 1.0}","{""energy"": 0.33333333333333326, ""water"": 0.7333333333333333, ""transport"": 0.6666666666666666}",3,0.9000534598595287,,,"[""energy"", ""transport""]",1,v1.0,0.7,0.3
S4_water_partial,265,265,453926223625900049,scenario=S4_water_partial|method=both|duration=0|theta=0.300000|delta_threshold=0.100000|A=v1.0|w=na|run_id=265|seed=453926223625900049,False,"{""step_1_amount"": 0.5130447445685703}",5222c37788a096d3910624247b4a1e76a3afcfe0df2ea7ddd6490cebc16a26a9,0.44666666666666677,0.6305804541007017,0.18391378743403497,28,0.0,0.0,0.44666666666666677,0.6305804541007017,0,1,0.18391378743403497,"{""energy"": 0.6666666666666667, ""water"": 0.2666666666666667, ""transport"": 0.33333333333333337}","{""energy"": 0.7449278528088094, ""water"": 0.6579725973773796, ""transport"": 0.45072511254654724}","{""energy"": 0.07826118614214261, ""water"": 0.39130593071071285, ""transport"": 0.11739177921321386}","{""energy"": 0.0, ""water"": 0.0, ""transport"": 0.0}","{""energy"": 0.0, ""water"": 0.0, ""transport"": 0.0}","{""energy"": 0.0, ""water"": 0.0, ""transport"": 0.0}",0.3,0.1,,0.44666666666666677,1.0,0.5533333333333332,1,"{""energy"": 0.6666666666666667, ""water"": 0.2666666666666667, ""transport"": 0.33333333333333337}","{""energy"": 1.0, ""water"": 1.0, ""transport"": 1.0}","{""energy"": 0.33333333333333326, ""water"": 0.7333333333333333, ""transport"": 0.6666666666666666}",3,0.6305804541007017,,,[],,v1.0,0.7,0.3
S4_water_partial,266,266,13703356871717614054,scenario=S4_water_partial|method=both|duration=0|theta=0.300000|delta_threshold=0.100000|A=v1.0|w=na|run_id=266|seed=13703356871717614054,False,"{""step_1_amount"": 1.2328975720615836}",5222c37788a096d3910624247b4a1e76a3afcfe0df2ea7ddd6490cebc16a26a9,0.44666666666666677,0.8366666666666667,0.3899999999999999,5,0.0,1.0,0.44666666666666677,0.8366666666666667,1,1,0.3899999999999999,"{""energy"": 0.6666666666666667, ""water"": 0.2666666666666667, ""transport"": 0.33333333333333337}","{""energy"": 0.8666666666666667, ""water"": 1.0, ""transport"": 0.6333333333333333}","{""energy"": 0.19999999999999996, ""water"": 0.7333333333333333, ""transport"": 0.29999999999999993}","{""energy"": 0.0, ""water"": 0.0, ""transport"": 0.0}","{""energy"": 1.0, ""water"": 1.0, ""transport"": 1.0}","{""energy"": 1.0, ""water"": 1.0, ""transport"": 1.0}",0.3,0.1,,0.44666666666666677,1.0,0.5533333333333332,1,"{""energy"": 0.6666666666666667, ""water"": 0.2666666666666667, ""transport"": 0.33333333333333337}","{""energy"": 1.0, ""water"": 1.0, ""transport"": 1.0}","{""energy"": 0.33333333333333326, ""water"": 0.7333333333333333, ""transport"": 0.6666666666666666}",3,0.8366666666666667,,,"[""energy"", ""transport""]",1,v1.0,0.7,0.3
S4_water_partial,267,267,9751044757411054580,scenario=S4_water_partial|method=both|duration=0|theta=0.300000|delta_threshold=0.100000|A=v1.0|w=na|run_id=267|seed=9751044757411054580,False,"{""step_1_amount"": 0.742892794245007}",5222c37788a096d3910624247b4a1e76a3afcfe0df2ea7ddd6490cebc16a26a9,0.44666666666666677,0.8821339783391862,0.4354673116725194,15,0.0,0.0,0.44666666666666677,0.8821339783391862,0,1,0.4354673116725194,"{""energy"": 0.6666666666666667, ""water"": 0.2666666666666667, ""transport"": 0.33333333333333337}","{""energy"": 0.8752134871364046, ""water"": 0.9938317407452495, ""transport"": 0.7796635375368314}","{""energy"": 0.20854682046973783, ""water"": 0.7271650740785828, ""transport"": 0.446330204203498}","{""energy"": 0.0, ""water"": 0.0, ""transport"": 0.0}","{""energy"": 0.0, ""water"": 0.0, ""transport"": 0.0}","{""energy"": 0.0, ""water"": 0.0, ""transport"": 0.0}",0.3,0.1,,0.44666666666666677,1.0,0.5533333333333332,1,"{""energy"": 0.6666666666666667, ""water"": 0.2666666666666667, ""transport"": 0.33333333333333337}","{""energy"": 1.0, ""water"": 1.0, ""transport"": 1.0}","{""energy"": 0.33333333333333326, ""water"": 0.7333333333333333, ""transport"": 0.6666666666666666}",3,0.8821339783391862,,,[],,v1.0,0.7,0.3
S4_water_partial,268,268,909944336841312719,scenario=S4_water_partial|method=both|duration=0|theta=0.300000|delta_threshold=0.100000|A=v1.0|w=na|run_id=268|seed=909944336841312719,False,"{""step_1_amount"": 0.43833388090679193}",5222c37788a096d3910624247b4a1e76a3afcfe0df2ea7ddd6490cebc16a26a9,0.44666666666666677,0.5866878216994069,0.14002115503274015,21,0.0,0.0,0.44666666666666677,0.5866878216994069,0,0,0.14002115503274015,"{""energy"": 0.6666666666666667, ""water"": 0.2666666666666667, ""transport"": 0.33333333333333337}","{""energy"": 0.7262501368933647, ""water"": 0.5645840178001567, ""transport"": 0.4227085386733803}","{""energy"": 0.059583470226697965, ""water"": 0.29791735113348994, ""transport"": 0.08937520534004695}","{""energy"": 0.0, ""water"": 0.0, ""transport"": 0.0}","{""energy"": 0.0, ""water"": 0.0, ""transport"": 0.0}","{""energy"": 0.0, ""water"": 0.0, ""transport"": 0.0}",0.3,0.1,,0.44666666666666677,1.0,0.5533333333333332,1,"{""energy"": 0.6666666666666667, ""water"": 0.2666666666666667, ""transport"": 0.33333333333333337}","{""energy"": 1.0, ""water"": 1.0, ""transport"": 1.0}","{""energy"": 0.33333333333333326, ""water"": 0.7333333333333333, ""transport"": 0.6666666666666666}",4,0.5866878216994069,,,[],,v1.0,0.7,0.3
S4_water_partial,269,269,10817718308959878234,scenario=S4_water_partial|method=both|duration=0|theta=0.300000|delta_threshold=0.100000|A=v1.0|w=na|run_id=269|seed=10817718308959878234,False,"{""step_1_amount"": 0.5598127026098239}",5222c37788a096d3910624247b4a1e76a3afcfe0df2ea7ddd6490cebc16a26a9,0.44666666666666677,0.6580566294499383,0.2113899627832715,19,0.0,0.0,0.44666666666666677,0.6580566294499383,0,1,0.2113899627832715,"{""energy"": 0.6666666666666667, ""water"": 0.2666666666666667, ""transport"": 0.33333333333333337}","{""energy"": 0.7566198423191227, ""water"": 0.7164325449289466, ""transport"": 0.4682630968120173}","{""energy"": 0.08995317565245597, ""water"": 0.4497658782622799, ""transport"": 0.1349297634786839}","{""energy"": 0.0, ""water"": 0.0, ""transport"": 0.0}","{""energy"": 0.0, ""water"": 0.0, ""transport"": 0.0}","{""energy"": 0.0, ""water"": 0.0, ""transport"": 0.0}",0.3,0.1,,0.44666666666666677,1.0,0.5533333333333332,1,"{""energy"": 0.6666666666666667, ""water"": 0.2666666666666667, ""transport"": 0.33333333333333337}","{""energy"": 1.0, ""water"": 1.0, ""transport"": 1.0}","{""energy"": 0.33333333333333326, ""water"": 0.7333333333333333, ""transport"": 0.6666666666666666}",3,0.6580566294499383,,,[],,v1.0,0.7,0.3
S4_water_partial,270,270,17572094698809650287,scenario=S4_water_partial|method=both|duration=0|theta=0.300000|delta_threshold=0.100000|A=v1.0|w=na|run_id=270|seed=17572094698809650287,False,"{""step_1_amount"": 0.3632684433067321}",5222c37788a096d3910624247b4a1e76a3afcfe0df2ea7ddd6490cebc16a26a9,0.44666666666666677,0.5425868771093718,0.09592021044270505,26,0.0,0.0,0.44666666666666677,0.5425868771093718,0,0,0.09592021044270505,"{""energy"": 0.6666666666666667, ""water"": 0.2666666666666667, ""transport"": 0.33333333333333337}","{""energy"": 0.7074837774933498, ""water"": 0.4707522208000817, ""transport"": 0.3945589995733579}","{""energy"": 0.040817110826683045, ""water"": 0.204085554133415, ""transport"": 0.06122566624002451}","{""energy"": 0.0, ""water"": 0.0, ""transport"": 0.0}","{""energy"": 0.0, ""water"": 0.0, ""transport"": 0.0}","{""energy"": 0.0, ""water"": 0.0, ""transport"": 0.0}",0.3,0.1,,0.44666666666666677,1.0,0.5533333333333332,1,"{""energy"": 0.6666666666666667, ""water"": 0.2666666666666667, ""transport"": 0.33333333333333337}","{""energy"": 1.0, ""water"": 1.0, ""transport"": 1.0}","{""energy"": 0.33333333333333326, ""water"": 0.7333333333333333, ""transport"": 0.6666666666666666}",4,0.5425868771093718,,,[],,v1.0,0.7,0.3
S4_water_partial,271,271,11829614613804119085,scenario=S4_water_partial|method=both|duration=0|theta=0.300000|delta_threshold=0.100000|A=v1.0|w=na|run_id=271|seed=11829614613804119085,False,"{""step_1_amount"": 0.6854074688152236}",5222c37788a096d3910624247b4a1e76a3afcfe0df2ea7ddd6490cebc16a26a9,0.44666666666666677,0.7318435545956106,0.2851768879289438,18,0.0,0.0,0.44666666666666677,0.7318435545956106,0,1,0.2851768879289438,"{""energy"": 0.6666666666666667, ""water"": 0.2666666666666667, ""transport"": 0.33333333333333337}","{""energy"": 0.7880185338704726, ""water"": 0.8734260026856963, ""transport"": 0.5153611341390423}","{""energy"": 0.12135186720380586, ""water"": 0.6067593360190295, ""transport"": 0.1820278008057089}","{""energy"": 0.0, ""water"": 0.0, ""transport"": 0.0}","{""energy"": 0.0, ""water"": 0.0, ""transport"": 0.0}","{""energy"": 0.0, ""water"": 0.0, ""transport"": 0.0}",0.3,0.1,,0.44666666666666677,1.0,0.5533333333333332,1,"{""energy"": 0.6666666666666667, ""water"": 0.2666666666666667, ""transport"": 0.33333333333333337}","{""energy"": 1.0, ""water"": 1.0, ""transport"": 1.0}","{""energy"": 0.33333333333333326, ""water"": 0.7333333333333333, ""transport"": 0.6666666666666666}",3,0.7318435545956106,,,[],,v1.0,0.7,0.3
S4_water_partial,272,272,8713841294267645402,scenario=S4_water_partial|method=both|duration=0|theta=0.300000|delta_threshold=0.100000|A=v1.0|w=na|run_id=272|seed=8713841294267645402,False,"{""step_1_amount"": 0.582173112218496}",5222c37788a096d3910624247b4a1e76a3afcfe0df2ea7ddd6490cebc16a26a9,0.44666666666666677,0.6711933700950332,0.22452670342836645,30,0.0,0.0,0.44666666666666677,0.6711933700950332,0,1,0.22452670342836645,"{""energy"": 0.6666666666666667, ""water"": 0.2666666666666667, ""transport"": 0.33333333333333337}","{""energy"": 0.7622099447212908, ""water"": 0.7443830569397868, ""transport"": 0.47664825041526937}","{""energy"": 0.09554327805462404, ""water"": 0.4777163902731201, ""transport"": 0.143314917081936}","{""energy"": 0.0, ""water"": 0.0, ""transport"": 0.0}","{""energy"": 0.0, ""water"": 0.0, ""transport"": 0.0}","{""energy"": 0.0, ""water"": 0.0, ""transport"": 0.0}",0.3,0.1,,0.44666666666666677,1.0,0.5533333333333332,1,"{""energy"": 0.6666666666666667, ""water"": 0.2666666666666667, ""transport"": 0.33333333333333337}","{""energy"": 1.0, ""water"": 1.0, ""transport"": 1.0}","{""energy"": 0.33333333333333326, ""water"": 0.7333333333333333, ""transport"": 0.6666666666666666}",3,0.6711933700950332,,,[],,v1.0,0.7,0.3
S4_water_partial,273,273,8637765889936689710,scenario=S4_water_partial|method=both|duration=0|theta=0.300000|delta_threshold=0.100000|A=v1.0|w=na|run_id=273|seed=8637765889936689710,False,"{""step_1_amount"": 0.8348073862072218}",5222c37788a096d3910624247b4a1e76a3afcfe0df2ea7ddd6490cebc16a26a9,0.44666666666666677,1.0,0.5533333333333332,25,0.0,1.0,0.44666666666666677,1.0,1,1,0.5533333333333332,"{""energy"": 0.6666666666666667, ""water"": 0.2666666666666667, ""transport"": 0.33333333333333337}","{""energy"": 1.0, ""water"": 1.0, ""transport"": 1.0}","{""energy"": 0.33333333333333326, ""water"": 0.7333333333333333, ""transport"": 0.6666666666666666}","{""energy"": 0.0, ""water"": 0.0, ""transport"": 0.0}","{""energy"": 1.0, ""water"": 1.0, ""transport"": 1.0}","{""energy"": 1.0, ""water"": 1.0, ""transport"": 1.0}",0.3,0.1,,0.44666666666666677,1.0,0.5533333333333332,1,"{""energy"": 0.6666666666666667, ""water"": 0.2666666666666667, ""transport"": 0.33333333333333337}","{""energy"": 1.0, ""water"": 1.0, ""transport"": 1.0}","{""energy"": 0.33333333333333326, ""water"": 0.7333333333333333, ""transport"": 0.6666666666666666}",2,1.0,,,"[""energy"", ""transport""]",1,v1.0,0.7,0.3
S4_water_partial,274,274,10241442834937571788,scenario=S4_water_partial|method=both|duration=0|theta=0.300000|delta_threshold=0.100000|A=v1.0|w=na|run_id=274|seed=10241442834937571788,False,"{""step_1_amount"": 1.058619834513146}",5222c37788a096d3910624247b4a1e76a3afcfe0df2ea7ddd6490cebc16a26a9,0.44666666666666677,0.8366666666666667,0.3899999999999999,7,0.0,1.0,0.44666666666666677,0.8366666666666667,1,1,0.3899999999999999,"{""energy"": 0.6666666666666667, ""water"": 0.2666666666666667, ""transport"": 0.33333333333333337}","{""energy"": 0.8666666666666667, ""water"": 1.0, ""transport"": 0.6333333333333333}","{""energy"": 0.19999999999999996, ""water"": 0.7333333333333333, ""transport"": 0.29999999999999993}","{""energy"": 0.0, ""water"": 0.0, ""transport"": 0.0}","{""energy"": 1.0, ""water"": 1.0, ""transport"": 1.0}","{""energy"": 1.0, ""water"": 1.0, ""transport"": 1.0}",0.3,0.1,,0.44666666666666677,1.0,0.5533333333333332,1,"{""energy"": 0.6666666666666667, ""water"": 0.2666666666666667, ""transport"": 0.33333333333333337}","{""energy"": 1.0, ""water"": 1.0, ""transport"": 1.0}","{""energy"": 0.33333333333333326, ""water"": 0.7333333333333333, ""transport"": 0.6666666666666666}",3,0.8366666666666667,,,"[""energy"", ""transport""]",1,v1.0,0.7,0.3
S4_water_partial,275,275,10415111990289331446,scenario=S4_water_partial|method=both|duration=0|theta=0.300000|delta_threshold=0.100000|A=v1.0|w=na|run_id=275|seed=10415111990289331446,False,"{""step_1_amount"": 1.66080199845368}",5222c37788a096d3910624247b4a1e76a3afcfe0df2ea7ddd6490cebc16a26a9,0.44666666666666677,0.8366666666666667,0.3899999999999999,24,0.0,1.0,0.44666666666666677,0.8366666666666667,1,1,0.3899999999999999,"{""energy"": 0.6666666666666667, ""water"": 0.2666666666666667, ""transport"": 0.33333333333333337}","{""energy"": 0.8666666666666667, ""water"": 1.0, ""transport"": 0.6333333333333333}","{""energy"": 0.19999999999999996, ""water"": 0.7333333333333333, ""transport"": 0.29999999999999993}","{""energy"": 0.0, ""water"": 0.0, ""transport"": 0.0}","{""energy"": 1.0, ""water"": 1.0, ""transport"": 1.0}","{""energy"": 1.0, ""water"": 1.0, ""transport"": 1.0}",0.3,0.1,,0.44666666666666677,1.0,0.5533333333333332,1,"{""energy"": 0.6666666666666667, ""water"": 0.2666666666666667, ""transport"": 0.33333333333333337}","{""energy"": 1.0, ""water"": 1.0, ""transport"": 1.0}","{""energy"": 0.33333333333333326, ""water"": 0.7333333333333333, ""transport"": 0.6666666666666666}",3,0.8366666666666667,,,"[""energy"", ""transport""]",1,v1.0,0.7,0.3
S4_water_partial,276,276,943705418146902337,scenario=S4_water_partial|method=both|duration=0|theta=0.300000|delta_threshold=0.100000|A=v1.0|w=na|run_id=276|seed=943705418146902337,False,"{""step_1_amount"": 1.1495294965438982}",5222c37788a096d3910624247b4a1e76a3afcfe0df2ea7ddd6490cebc16a26a9,0.44666666666666677,0.9367216675482986,0.4900550008816318,27,0.0,1.0,0.44666666666666677,0.9367216675482986,1,1,0.4900550008816318,"{""energy"": 0.6666666666666667, ""water"": 0.2666666666666667, ""transport"": 0.33333333333333337}","{""energy"": 0.9381345244392609, ""water"": 1.0, ""transport"": 0.8715595259086475}","{""energy"": 0.2714678577725942, ""water"": 0.7333333333333333, ""transport"": 0.5382261925753141}","{""energy"": 0.0, ""water"": 0.0, ""transport"": 0.0}","{""energy"": 1.0, ""water"": 1.0, ""transport"": 1.0}","{""energy"": 1.0, ""water"": 1.0, ""transport"": 1.0}",0.3,0.1,,0.44666666666666677,1.0,0.5533333333333332,1,"{""energy"": 0.6666666666666667, ""water"": 0.2666666666666667, ""transport"": 0.33333333333333337}","{""energy"": 1.0, ""water"": 1.0, ""transport"": 1.0}","{""energy"": 0.33333333333333326, ""water"": 0.7333333333333333, ""transport"": 0.6666666666666666}",3,0.9367216675482986,,,"[""energy"", ""transport""]",1,v1.0,0.7,0.3
S4_water_partial,277,277,13575999784026345263,scenario=S4_water_partial|method=both|duration=0|theta=0.300000|delta_threshold=0.100000|A=v1.0|w=na|run_id=277|seed=13575999784026345263,False,"{""step_1_amount"": 0.6236786044045145}",5222c37788a096d3910624247b4a1e76a3afcfe0df2ea7ddd6490cebc16a26a9,0.44666666666666677,0.6955778467543191,0.24891118008765234,27,0.0,0.0,0.44666666666666677,0.6955778467543191,0,1,0.24891118008765234,"{""energy"": 0.6666666666666667, ""water"": 0.2666666666666667, ""transport"": 0.33333333333333337}","{""energy"": 0.7725863177677954, ""water"": 0.7962649221723099, ""transport"": 0.49221280998502637}","{""energy"": 0.10591965110112866, ""water"": 0.5295982555056432, ""transport"": 0.158879476651693}","{""energy"": 0.0, ""water"": 0.0, ""transport"": 0.0}","{""energy"": 0.0, ""water"": 0.0, ""transport"": 0.0}","{""energy"": 0.0, ""water"": 0.0, ""transport"": 0.0}",0.3,0.1,,0.44666666666666677,1.0,0.5533333333333332,1,"{""energy"": 0.6666666666666667, ""water"": 0.2666666666666667, ""transport"": 0.33333333333333337}","{""energy"": 1.0, ""water"": 1.0, ""transport"": 1.0}","{""energy"": 0.33333333333333326, ""water"": 0.7333333333333333, ""transport"": 0.6666666666666666}",3,0.6955778467543191,,,[],,v1.0,0.7,0.3
S4_water_partial,278,278,13177608523291596164,scenario=S4_water_partial|method=both|duration=0|theta=0.300000|delta_threshold=0.100000|A=v1.0|w=na|run_id=278|seed=13177608523291596164,False,"{""step_1_amount"": 0.2986420952713325}",5222c37788a096d3910624247b4a1e76a3afcfe0df2ea7ddd6490cebc16a26a9,0.44666666666666677,0.7741512798899445,0.3274846132232777,10,0.0,0.0,0.44666666666666677,0.7741512798899445,0,1,0.3274846132232777,"{""energy"": 0.6666666666666667, ""water"": 0.2666666666666667, ""transport"": 0.33333333333333337}","{""energy"": 0.859784929391606, ""water"": 0.5022744450272364, ""transport"": 0.9318499154171038}","{""energy"": 0.19311826272493926, ""water"": 0.23560777836056968, ""transport"": 0.5985165820837705}","{""energy"": 0.0, ""water"": 0.0, ""transport"": 0.0}","{""energy"": 0.0, ""water"": 0.0, ""transport"": 0.0}","{""energy"": 0.0, ""water"": 0.0, ""transport"": 0.0}",0.3,0.1,,0.44666666666666677,1.0,0.5533333333333332,1,"{""energy"": 0.6666666666666667, ""water"": 0.2666666666666667, ""transport"": 0.33333333333333337}","{""energy"": 1.0, ""water"": 1.0, ""transport"": 1.0}","{""energy"": 0.33333333333333326, ""water"": 0.7333333333333333, ""transport"": 0.6666666666666666}",3,0.7741512798899445,,,[],,v1.0,0.7,0.3
S4_water_partial,279,279,9030992554437011418,scenario=S4_water_partial|method=both|duration=0|theta=0.300000|delta_threshold=0.100000|A=v1.0|w=na|run_id=279|seed=9030992554437011418,False,"{""step_1_amount"": 0.22306356147824588}",5222c37788a096d3910624247b4a1e76a3afcfe0df2ea7ddd6490cebc16a26a9,0.44666666666666677,0.5835425678487387,0.13687590118207194,14,0.0,0.0,0.44666666666666677,0.5835425678487387,0,1,0.13687590118207194,"{""energy"": 0.6666666666666667, ""water"": 0.2666666666666667, ""transport"": 0.33333333333333337}","{""energy"": 0.7495113437947298, ""water"": 0.3468819763534752, ""transport"": 0.5989114580826809}","{""energy"": 0.0828446771280631, ""water"": 0.08021530968680846, ""transport"": 0.2655781247493475}","{""energy"": 0.0, ""water"": 0.0, ""transport"": 0.0}","{""energy"": 0.0, ""water"": 0.0, ""transport"": 0.0}","{""energy"": 0.0, ""water"": 0.0, ""transport"": 0.0}",0.3,0.1,,0.44666666666666677,1.0,0.5533333333333332,1,"{""energy"": 0.6666666666666667, ""water"": 0.2666666666666667, ""transport"": 0.33333333333333337}","{""energy"": 1.0, ""water"": 1.0, ""transport"": 1.0}","{""energy"": 0.33333333333333326, ""water"": 0.7333333333333333, ""transport"": 0.6666666666666666}",4,0.5835425678487387,,,[],,v1.0,0.7,0.3
S4_water_partial,280,280,2236341155934124823,scenario=S4_water_partial|method=both|duration=0|theta=0.300000|delta_threshold=0.100000|A=v1.0|w=na|run_id=280|seed=2236341155934124823,False,"{""step_1_amount"": 0.747511663728152}",5222c37788a096d3910624247b4a1e76a3afcfe0df2ea7ddd6490cebc16a26a9,0.44666666666666677,0.8723438165406106,0.4256771498739438,20,0.0,0.0,0.44666666666666677,0.8723438165406106,0,1,0.4256771498739438,"{""energy"": 0.6666666666666667, ""water"": 0.2666666666666667, ""transport"": 0.33333333333333337}","{""energy"": 0.8685533622447388, ""water"": 0.9943954327575462, ""transport"": 0.7553461393848373}","{""energy"": 0.20188669557807204, ""water"": 0.7277287660908794, ""transport"": 0.42201280605150393}","{""energy"": 0.0, ""water"": 0.0, ""transport"": 0.0}","{""energy"": 0.0, ""water"": 0.0, ""transport"": 0.0}","{""energy"": 0.0, ""water"": 0.0, ""transport"": 0.0}",0.3,0.1,,0.44666666666666677,1.0,0.5533333333333332,1,"{""energy"": 0.6666666666666667, ""water"": 0.2666666666666667, ""transport"": 0.33333333333333337}","{""energy"": 1.0, ""water"": 1.0, ""transport"": 1.0}","{""energy"": 0.33333333333333326, ""water"": 0.7333333333333333, ""transport"": 0.6666666666666666}",3,0.8723438165406106,,,[],,v1.0,0.7,0.3
S4_water_partial,281,281,14231420730959162739,scenario=S4_water_partial|method=both|duration=0|theta=0.300000|delta_threshold=0.100000|A=v1.0|w=na|run_id=281|seed=14231420730959162739,False,"{""step_1_amount"": 0.8472199345413627}",5222c37788a096d3910624247b4a1e76a3afcfe0df2ea7ddd6490cebc16a26a9,0.44666666666666677,0.8042009027567063,0.35753423609003954,29,0.0,1.0,0.44666666666666677,0.8042009027567063,1,1,0.35753423609003954,"{""energy"": 0.6666666666666667, ""water"": 0.2666666666666667, ""transport"": 0.33333333333333337}","{""energy"": 0.8284716503020074, ""water"": 1.0, ""transport"": 0.5760408087863444}","{""energy"": 0.16180498363534068, ""water"": 0.7333333333333333, ""transport"": 0.24270747545301108}","{""energy"": 0.0, ""water"": 0.0, ""transport"": 0.0}","{""energy"": 1.0, ""water"": 1.0, ""transport"": 1.0}","{""energy"": 1.0, ""water"": 1.0, ""transport"": 1.0}",0.3,0.1,,0.44666666666666677,1.0,0.5533333333333332,1,"{""energy"": 0.6666666666666667, ""water"": 0.2666666666666667, ""transport"": 0.33333333333333337}","{""energy"": 1.0, ""water"": 1.0, ""transport"": 1.0}","{""energy"": 0.33333333333333326, ""water"": 0.7333333333333333, ""transport"": 0.6666666666666666}",3,0.8042009027567063,,,"[""energy"", ""transport""]",1,v1.0,0.7,0.3
S4_water_partial,282,282,8872723521414209879,scenario=S4_water_partial|method=both|duration=0|theta=0.300000|delta_threshold=0.100000|A=v1.0|w=na|run_id=282|seed=8872723521414209879,False,"{""step_1_amount"": 0.5719674531429895}",5222c37788a096d3910624247b4a1e76a3afcfe0df2ea7ddd6490cebc16a26a9,0.44666666666666677,0.9448818751797086,0.4982152085130418,11,0.0,0.0,0.44666666666666677,0.9448818751797086,0,1,0.4982152085130418,"{""energy"": 0.6666666666666667, ""water"": 0.2666666666666667, ""transport"": 0.33333333333333337}","{""energy"": 0.9622096437359504, ""water"": 0.8666600589510944, ""transport"": 1.0}","{""energy"": 0.2955429770692837, ""water"": 0.5999933922844277, ""transport"": 0.6666666666666666}","{""energy"": 0.0, ""water"": 0.0, ""transport"": 0.0}","{""energy"": 0.0, ""water"": 0.0, ""transport"": 0.0}","{""energy"": 0.0, ""water"": 0.0, ""transport"": 0.0}",0.3,0.1,,0.44666666666666677,1.0,0.5533333333333332,1,"{""energy"": 0.6666666666666667, ""water"": 0.2666666666666667, ""transport"": 0.33333333333333337}","{""energy"": 1.0, ""water"": 1.0, ""transport"": 1.0}","{""energy"": 0.33333333333333326, ""water"": 0.7333333333333333, ""transport"": 0.6666666666666666}",3,0.9448818751797086,,,[],,v1.0,0.7,0.3
S4_water_partial,283,283,16886163148480853515,scenario=S4_water_partial|method=both|duration=0|theta=0.300000|delta_threshold=0.100000|A=v1.0|w=na|run_id=283|seed=16886163148480853515,False,"{""step_1_amount"": 1.0987797963548933}",5222c37788a096d3910624247b4a1e76a3afcfe0df2ea7ddd6490cebc16a26a9,0.44666666666666677,1.0,0.5533333333333332,12,0.0,1.0,0.44666666666666677,1.0,1,1,0.5533333333333332,"{""energy"": 0.6666666666666667, ""water"": 0.2666666666666667, ""transport"": 0.33333333333333337}","{""energy"": 1.0, ""water"": 1.0, ""transport"": 1.0}","{""energy"": 0.33333333333333326, ""water"": 0.7333333333333333, ""transport"": 0.6666666666666666}","{""energy"": 0.0, ""water"": 0.0, ""transport"": 0.0}","{""energy"": 1.0, ""water"": 1.0, ""transport"": 1.0}","{""energy"": 1.0, ""water"": 1.0, ""transport"": 1.0}",0.3,0.1,,0.44666666666666677,1.0,0.5533333333333332,1,"{""energy"": 0.6666666666666667, ""water"": 0.2666666666666667, ""transport"": 0.33333333333333337}","{""energy"": 1.0, ""water"": 1.0, ""transport"": 1.0}","{""energy"": 0.33333333333333326, ""water"": 0.7333333333333333, ""transport"": 0.6666666666666666}",2,1.0,,,"[""energy"", ""transport""]",1,v1.0,0.7,0.3
S4_water_partial,284,284,3763421239561538785,scenario=S4_water_partial|method=both|duration=0|theta=0.300000|delta_threshold=0.100000|A=v1.0|w=na|run_id=284|seed=3763421239561538785,False,"{""step_1_amount"": 0.4312986268293522}",5222c37788a096d3910624247b4a1e76a3afcfe0df2ea7ddd6490cebc16a26a9,0.44666666666666677,0.8425149133203453,0.39584824665367857,29,0.0,0.0,0.44666666666666677,0.8425149133203453,0,1,0.39584824665367857,"{""energy"": 0.6666666666666667, ""water"": 0.2666666666666667, ""transport"": 0.33333333333333337}","{""energy"": 0.8869665129936511, ""water"": 0.6641067432831211, ""transport"": 0.9616542837931616}","{""energy"": 0.2202998463269844, ""water"": 0.3974400766164544, ""transport"": 0.6283209504598283}","{""energy"": 0.0, ""water"": 0.0, ""transport"": 0.0}","{""energy"": 0.0, ""water"": 0.0, ""transport"": 0.0}","{""energy"": 0.0, ""water"": 0.0, ""transport"": 0.0}",0.3,0.1,,0.44666666666666677,1.0,0.5533333333333332,1,"{""energy"": 0.6666666666666667, ""water"": 0.2666666666666667, ""transport"": 0.33333333333333337}","{""energy"": 1.0, ""water"": 1.0, ""transport"": 1.0}","{""energy"": 0.33333333333333326, ""water"": 0.7333333333333333, ""transport"": 0.6666666666666666}",3,0.8425149133203453,,,[],,v1.0,0.7,0.3
S4_water_partial,285,285,12467703867463386967,scenario=S4_water_partial|method=both|duration=0|theta=0.300000|delta_threshold=0.100000|A=v1.0|w=na|run_id=285|seed=12467703867463386967,False,"{""step_1_amount"": 0.4813151831820719}",5222c37788a096d3910624247b4a1e76a3afcfe0df2ea7ddd6490cebc16a26a9,0.44666666666666677,0.611939336786134,0.16527267011946722,15,0.0,0.0,0.44666666666666677,0.611939336786134,0,1,0.16527267011946722,"{""energy"": 0.6666666666666667, ""water"": 0.2666666666666667, ""transport"": 0.33333333333333337}","{""energy"": 0.7369954624621847, ""water"": 0.6183106456442566, ""transport"": 0.43882652702661035}","{""energy"": 0.07032879579551798, ""water"": 0.3516439789775899, ""transport"": 0.10549319369327698}","{""energy"": 0.0, ""water"": 0.0, ""transport"": 0.0}","{""energy"": 0.0, ""water"": 0.0, ""transport"": 0.0}","{""energy"": 0.0, ""water"": 0.0, ""transport"": 0.0}",0.3,0.1,,0.44666666666666677,1.0,0.5533333333333332,1,"{""energy"": 0.6666666666666667, ""water"": 0.2666666666666667, ""transport"": 0.33333333333333337}","{""energy"": 1.0, ""water"": 1.0, ""transport"": 1.0}","{""energy"": 0.33333333333333326, ""water"": 0.7333333333333333, ""transport"": 0.6666666666666666}",4,0.611939336786134,,,[],,v1.0,0.7,0.3
S4_water_partial,286,286,8752999389769043003,scenario=S4_water_partial|method=both|duration=0|theta=0.300000|delta_threshold=0.100000|A=v1.0|w=na|run_id=286|seed=8752999389769043003,False,"{""step_1_amount"": 0.6255001958329193}",5222c37788a096d3910624247b4a1e76a3afcfe0df2ea7ddd6490cebc16a26a9,0.44666666666666677,0.7990666583912579,0.35239999172459113,14,0.0,0.0,0.44666666666666677,0.7990666583912579,0,1,0.35239999172459113,"{""energy"": 0.6666666666666667, ""water"": 0.2666666666666667, ""transport"": 0.33333333333333337}","{""energy"": 0.837053357295366, ""water"": 0.8412163392381288, ""transport"": 0.7062680456722429}","{""energy"": 0.17038669062869927, ""water"": 0.5745496725714621, ""transport"": 0.3729347123389095}","{""energy"": 0.0, ""water"": 0.0, ""transport"": 0.0}","{""energy"": 0.0, ""water"": 0.0, ""transport"": 0.0}","{""energy"": 0.0, ""water"": 0.0, ""transport"": 0.0}",0.3,0.1,,0.44666666666666677,1.0,0.5533333333333332,1,"{""energy"": 0.6666666666666667, ""water"": 0.2666666666666667, ""transport"": 0.33333333333333337}","{""energy"": 1.0, ""water"": 1.0, ""transport"": 1.0}","{""energy"": 0.33333333333333326, ""water"": 0.7333333333333333, ""transport"": 0.6666666666666666}",3,0.7990666583912579,,,[],,v1.0,0.7,0.3
S4_water_partial,287,287,17141336315510783514,scenario=S4_water_partial|method=both|duration=0|theta=0.300000|delta_threshold=0.100000|A=v1.0|w=na|run_id=287|seed=17141336315510783514,False,"{""step_1_amount"": 0.27014106906272606}",5222c37788a096d3910624247b4a1e76a3afcfe0df2ea7ddd6490cebc16a26a9,0.44666666666666677,0.4878745447410183,0.041207878074351556,19,0.0,0.0,0.44666666666666677,0.4878745447410183,0,0,0.041207878074351556,"{""energy"": 0.6666666666666667, ""water"": 0.2666666666666667, ""transport"": 0.33333333333333337}","{""energy"": 0.6842019339323483, ""water"": 0.35434300299507426, ""transport"": 0.35963623423185564}","{""energy"": 0.017535267265681553, ""water"": 0.08767633632840754, ""transport"": 0.026302900898522275}","{""energy"": 0.0, ""water"": 0.0, ""transport"": 0.0}","{""energy"": 0.0, ""water"": 0.0, ""transport"": 0.0}","{""energy"": 0.0, ""water"": 0.0, ""transport"": 0.0}",0.3,0.1,,0.44666666666666677,1.0,0.5533333333333332,1,"{""energy"": 0.6666666666666667, ""water"": 0.2666666666666667, ""transport"": 0.33333333333333337}","{""energy"": 1.0, ""water"": 1.0, ""transport"": 1.0}","{""energy"": 0.33333333333333326, ""water"": 0.7333333333333333, ""transport"": 0.6666666666666666}",4,0.4878745447410183,,,[],,v1.0,0.7,0.3
S4_water_partial,288,288,6735087050841250278,scenario=S4_water_partial|method=both|duration=0|theta=0.300000|delta_threshold=0.100000|A=v1.0|w=na|run_id=288|seed=6735087050841250278,False,"{""step_1_amount"": 0.9763718576331254}",5222c37788a096d3910624247b4a1e76a3afcfe0df2ea7ddd6490cebc16a26a9,0.44666666666666677,0.831645686413706,0.3849790197470392,8,0.0,1.0,0.44666666666666677,0.831645686413706,1,1,0.3849790197470392,"{""energy"": 0.6666666666666667, ""water"": 0.2666666666666667, ""transport"": 0.33333333333333337}","{""energy"": 0.8607596310749481, ""water"": 1.0, ""transport"": 0.6244727799457555}","{""energy"": 0.1940929644082814, ""water"": 0.7333333333333333, ""transport"": 0.2911394466124221}","{""energy"": 0.0, ""water"": 0.0, ""transport"": 0.0}","{""energy"": 1.0, ""water"": 1.0, ""transport"": 1.0}","{""energy"": 1.0, ""water"": 1.0, ""transport"": 1.0}",0.3,0.1,,0.44666666666666677,1.0,0.5533333333333332,1,"{""energy"": 0.6666666666666667, ""water"": 0.2666666666666667, ""transport"": 0.33333333333333337}","{""energy"": 1.0, ""water"": 1.0, ""transport"": 1.0}","{""energy"": 0.33333333333333326, ""water"": 0.7333333333333333, ""transport"": 0.6666666666666666}",3,0.831645686413706,,,"[""energy"", ""transport""]",1,v1.0,0.7,0.3
S4_water_partial,289,289,4284011998483556065,scenario=S4_water_partial|method=both|duration=0|theta=0.300000|delta_threshold=0.100000|A=v1.0|w=na|run_id=289|seed=4284011998483556065,False,"{""step_1_amount"": 1.220737374756035}",5222c37788a096d3910624247b4a1e76a3afcfe0df2ea7ddd6490cebc16a26a9,0.44666666666666677,0.8366666666666667,0.3899999999999999,6,0.0,1.0,0.44666666666666677,0.8366666666666667,1,1,0.3899999999999999,"{""energy"": 0.6666666666666667, ""water"": 0.2666666666666667, ""transport"": 0.33333333333333337}","{""energy"": 0.8666666666666667, ""water"": 1.0, ""transport"": 0.6333333333333333}","{""energy"": 0.19999999999999996, ""water"": 0.7333333333333333, ""transport"": 0.29999999999999993}","{""energy"": 0.0, ""water"": 0.0, ""transport"": 0.0}","{""energy"": 1.0, ""water"": 1.0, ""transport"": 1.0}","{""energy"": 1.0, ""water"": 1.0, ""transport"": 1.0}",0.3,0.1,,0.44666666666666677,1.0,0.5533333333333332,1,"{""energy"": 0.6666666666666667, ""water"": 0.2666666666666667, ""transport"": 0.33333333333333337}","{""energy"": 1.0, ""water"": 1.0, ""transport"": 1.0}","{""energy"": 0.33333333333333326, ""water"": 0.7333333333333333, ""transport"": 0.6666666666666666}",3,0.8366666666666667,,,"[""energy"", ""transport""]",1,v1.0,0.7,0.3
S4_water_partial,290,290,12474345760978598655,scenario=S4_water_partial|method=both|duration=0|theta=0.300000|delta_threshold=0.100000|A=v1.0|w=na|run_id=290|seed=12474345760978598655,False,"{""step_1_amount"": 0.6736278825190778}",5222c37788a096d3910624247b4a1e76a3afcfe0df2ea7ddd6490cebc16a26a9,0.44666666666666677,0.7249230476466249,0.2782563809799581,22,0.0,0.0,0.44666666666666677,0.7249230476466249,0,1,0.2782563809799581,"{""energy"": 0.6666666666666667, ""water"": 0.2666666666666667, ""transport"": 0.33333333333333337}","{""energy"": 0.7850736372964362, ""water"": 0.858701519815514, ""transport"": 0.5109437892779876}","{""energy"": 0.11840697062976946, ""water"": 0.5920348531488473, ""transport"": 0.1776104559446542}","{""energy"": 0.0, ""water"": 0.0, ""transport"": 0.0}","{""energy"": 0.0, ""water"": 0.0, ""transport"": 0.0}","{""energy"": 0.0, ""water"": 0.0, ""transport"": 0.0}",0.3,0.1,,0.44666666666666677,1.0,0.5533333333333332,1,"{""energy"": 0.6666666666666667, ""water"": 0.2666666666666667, ""transport"": 0.33333333333333337}","{""energy"": 1.0, ""water"": 1.0, ""transport"": 1.0}","{""energy"": 0.33333333333333326, ""water"": 0.7333333333333333, ""transport"": 0.6666666666666666}",3,0.7249230476466249,,,[],,v1.0,0.7,0.3
S4_water_partial,291,291,15881386235931988120,scenario=S4_water_partial|method=both|duration=0|theta=0.300000|delta_threshold=0.100000|A=v1.0|w=na|run_id=291|seed=15881386235931988120,False,"{""step_1_amount"": 0.3789356037944437}",5222c37788a096d3910624247b4a1e76a3afcfe0df2ea7ddd6490cebc16a26a9,0.44666666666666677,0.5517913338959025,0.10512466722923575,16,0.0,0.0,0.44666666666666677,0.5517913338959025,0,0,0.10512466722923575,"{""energy"": 0.6666666666666667, ""water"": 0.2666666666666667, ""transport"": 0.33333333333333337}","{""energy"": 0.7114005676152777, ""water"": 0.4903361714097214, ""transport"": 0.40043418475624976}","{""energy"": 0.04473390094861096, ""water"": 0.2236695047430547, ""transport"": 0.06710085142291639}","{""energy"": 0.0, ""water"": 0.0, ""transport"": 0.0}","{""energy"": 0.0, ""water"": 0.0, ""transport"": 0.0}","{""energy"": 0.0, ""water"": 0.0, ""transport"": 0.0}",0.3,0.1,,0.44666666666666677,1.0,0.5533333333333332,1,"{""energy"": 0.6666666666666667, ""water"": 0.2666666666666667, ""transport"": 0.33333333333333337}","{""energy"": 1.0, ""water"": 1.0, ""transport"": 1.0}","{""energy"": 0.33333333333333326, ""water"": 0.7333333333333333, ""transport"": 0.6666666666666666}",4,0.5517913338959025,,,[],,v1.0,0.7,0.3
S4_water_partial,292,292,1176370138726374185,scenario=S4_water_partial|method=both|duration=0|theta=0.300000|delta_threshold=0.100000|A=v1.0|w=na|run_id=292|seed=1176370138726374185,False,"{""step_1_amount"": 0.44449914942343827}",5222c37788a096d3910624247b4a1e76a3afcfe0df2ea7ddd6490cebc16a26a9,0.44666666666666677,0.5903099169529367,0.1436432502862699,22,0.0,0.0,0.44666666666666677,0.5903099169529367,0,0,0.1436432502862699,"{""energy"": 0.6666666666666667, ""water"": 0.2666666666666667, ""transport"": 0.33333333333333337}","{""energy"": 0.7277914540225263, ""water"": 0.5722906034459645, ""transport"": 0.4250205143671227}","{""energy"": 0.06112478735585958, ""water"": 0.3056239367792978, ""transport"": 0.09168718103378931}","{""energy"": 0.0, ""water"": 0.0, ""transport"": 0.0}","{""energy"": 0.0, ""water"": 0.0, ""transport"": 0.0}","{""energy"": 0.0, ""water"": 0.0, ""transport"": 0.0}",0.3,0.1,,0.44666666666666677,1.0,0.5533333333333332,1,"{""energy"": 0.6666666666666667, ""water"": 0.2666666666666667, ""transport"": 0.33333333333333337}","{""energy"": 1.0, ""water"": 1.0, ""transport"": 1.0}","{""energy"": 0.33333333333333326, ""water"": 0.7333333333333333, ""transport"": 0.6666666666666666}",4,0.5903099169529367,,,[],,v1.0,0.7,0.3
S4_water_partial,293,293,7183762918999369421,scenario=S4_water_partial|method=both|duration=0|theta=0.300000|delta_threshold=0.100000|A=v1.0|w=na|run_id=293|seed=7183762918999369421,False,"{""step_1_amount"": 0.40261809949116145}",5222c37788a096d3910624247b4a1e76a3afcfe0df2ea7ddd6490cebc16a26a9,0.44666666666666677,0.5657048001177242,0.1190381334510574,7,0.0,0.0,0.44666666666666677,0.5657048001177242,0,0,0.1190381334510574,"{""energy"": 0.6666666666666667, ""water"": 0.2666666666666667, ""transport"": 0.33333333333333337}","{""energy"": 0.7173211915394571, ""water"": 0.5199392910306186, ""transport"": 0.40931512064251896}","{""energy"": 0.05065452487279032, ""water"": 0.2532726243639519, ""transport"": 0.07598178730918559}","{""energy"": 0.0, ""water"": 0.0, ""transport"": 0.0}","{""energy"": 0.0, ""water"": 0.0, ""transport"": 0.0}","{""energy"": 0.0, ""water"": 0.0, ""transport"": 0.0}",0.3,0.1,,0.44666666666666677,1.0,0.5533333333333332,1,"{""energy"": 0.6666666666666667, ""water"": 0.2666666666666667, ""transport"": 0.33333333333333337}","{""energy"": 1.0, ""water"": 1.0, ""transport"": 1.0}","{""energy"": 0.33333333333333326, ""water"": 0.7333333333333333, ""transport"": 0.6666666666666666}",4,0.5657048001177242,,,[],,v1.0,0.7,0.3
S4_water_partial,294,294,3084412978088198423,scenario=S4_water_partial|method=both|duration=0|theta=0.300000|delta_threshold=0.100000|A=v1.0|w=na|run_id=294|seed=3084412978088198423,False,"{""step_1_amount"": 0.9452676213963563}",5222c37788a096d3910624247b4a1e76a3afcfe0df2ea7ddd6490cebc16a26a9,0.44666666666666677,0.8250360362133925,0.37836936954672573,12,0.0,1.0,0.44666666666666677,0.8250360362133925,1,1,0.37836936954672573,"{""energy"": 0.6666666666666667, ""water"": 0.2666666666666667, ""transport"": 0.33333333333333337}","{""energy"": 0.8529835720157558, ""water"": 1.0, ""transport"": 0.612808691356967}","{""energy"": 0.18631690534908907, ""water"": 0.7333333333333333, ""transport"": 0.27947535802363366}","{""energy"": 0.0, ""water"": 0.0, ""transport"": 0.0}","{""energy"": 1.0, ""water"": 1.0, ""transport"": 1.0}","{""energy"": 1.0, ""water"": 1.0, ""transport"": 1.0}",0.3,0.1,,0.44666666666666677,1.0,0.5533333333333332,1,"{""energy"": 0.6666666666666667, ""water"": 0.2666666666666667, ""transport"": 0.33333333333333337}","{""energy"": 1.0, ""water"": 1.0, ""transport"": 1.0}","{""energy"": 0.33333333333333326, ""water"": 0.7333333333333333, ""transport"": 0.6666666666666666}",3,0.8250360362133925,,,"[""energy"", ""transport""]",1,v1.0,0.7,0.3
S4_water_partial,295,295,1970773042920346306,scenario=S4_water_partial|method=both|duration=0|theta=0.300000|delta_threshold=0.100000|A=v1.0|w=na|run_id=295|seed=1970773042920346306,False,"{""step_1_amount"": 0.7446075641338982}",5222c37788a096d3910624247b4a1e76a3afcfe0df2ea7ddd6490cebc16a26a9,0.44666666666666677,0.7964653253237685,0.3497986586571017,12,0.0,1.0,0.44666666666666677,0.7964653253237685,1,1,0.3497986586571017,"{""energy"": 0.6666666666666667, ""water"": 0.2666666666666667, ""transport"": 0.33333333333333337}","{""energy"": 0.8193709709691394, ""water"": 1.0, ""transport"": 0.5623897897870422}","{""energy"": 0.15270430430247262, ""water"": 0.7333333333333333, ""transport"": 0.22905645645370887}","{""energy"": 0.0, ""water"": 0.0, ""transport"": 0.0}","{""energy"": 1.0, ""water"": 1.0, ""transport"": 1.0}","{""energy"": 1.0, ""water"": 1.0, ""transport"": 1.0}",0.3,0.1,,0.44666666666666677,1.0,0.5533333333333332,1,"{""energy"": 0.6666666666666667, ""water"": 0.2666666666666667, ""transport"": 0.33333333333333337}","{""energy"": 1.0, ""water"": 1.0, ""transport"": 1.0}","{""energy"": 0.33333333333333326, ""water"": 0.7333333333333333, ""transport"": 0.6666666666666666}",3,0.7964653253237685,,,"[""energy"", ""transport""]",2,v1.0,0.7,0.3
S4_water_partial,296,296,7426928864501059004,scenario=S4_water_partial|method=both|duration=0|theta=0.300000|delta_threshold=0.100000|A=v1.0|w=na|run_id=296|seed=7426928864501059004,False,"{""step_1_amount"": 0.8948089741920441}",5222c37788a096d3910624247b4a1e76a3afcfe0df2ea7ddd6490cebc16a26a9,0.44666666666666677,0.8143135736824761,0.3676469070158094,16,0.0,1.0,0.44666666666666677,0.8143135736824761,1,1,0.3676469070158094,"{""energy"": 0.6666666666666667, ""water"": 0.2666666666666667, ""transport"": 0.33333333333333337}","{""energy"": 0.8403689102146777, ""water"": 1.0, ""transport"": 0.5938866986553499}","{""energy"": 0.173702243548011, ""water"": 0.7333333333333333, ""transport"": 0.26055336532201656}","{""energy"": 0.0, ""water"": 0.0, ""transport"": 0.0}","{""energy"": 1.0, ""water"": 1.0, ""transport"": 1.0}","{""energy"": 1.0, ""water"": 1.0, ""transport"": 1.0}",0.3,0.1,,0.44666666666666677,1.0,0.5533333333333332,1,"{""energy"": 0.6666666666666667, ""water"": 0.2666666666666667, ""transport"": 0.33333333333333337}","{""energy"": 1.0, ""water"": 1.0, ""transport"": 1.0}","{""energy"": 0.33333333333333326, ""water"": 0.7333333333333333, ""transport"": 0.6666666666666666}",3,0.8143135736824761,,,"[""energy"", ""transport""]",1,v1.0,0.7,0.3
S4_water_partial,297,297,5706147629929808473,scenario=S4_water_partial|method=both|duration=0|theta=0.300000|delta_threshold=0.100000|A=v1.0|w=na|run_id=297|seed=5706147629929808473,False,"{""step_1_amount"": 0.519091163932837}",5222c37788a096d3910624247b4a1e76a3afcfe0df2ea7ddd6490cebc16a26a9,0.44666666666666677,0.6341327254772084,0.18746605881054168,15,0.0,0.0,0.44666666666666677,0.6341327254772084,0,1,0.18746605881054168,"{""energy"": 0.6666666666666667, ""water"": 0.2666666666666667, ""transport"": 0.33333333333333337}","{""energy"": 0.7464394576498761, ""water"": 0.665530621582713, ""transport"": 0.45299251980814725}","{""energy"": 0.07977279098320933, ""water"": 0.3988639549160463, ""transport"": 0.11965918647481388}","{""energy"": 0.0, ""water"": 0.0, ""transport"": 0.0}","{""energy"": 0.0, ""water"": 0.0, ""transport"": 0.0}","{""energy"": 0.0, ""water"": 0.0, ""transport"": 0.0}",0.3,0.1,,0.44666666666666677,1.0,0.5533333333333332,1,"{""energy"": 0.6666666666666667, ""water"": 0.2666666666666667, ""transport"": 0.33333333333333337}","{""energy"": 1.0, ""water"": 1.0, ""transport"": 1.0}","{""energy"": 0.33333333333333326, ""water"": 0.7333333333333333, ""transport"": 0.6666666666666666}",3,0.6341327254772084,,,[],,v1.0,0.7,0.3
S4_water_partial,298,298,4676526018073695090,scenario=S4_water_partial|method=both|duration=0|theta=0.300000|delta_threshold=0.100000|A=v1.0|w=na|run_id=298|seed=4676526018073695090,False,"{""step_1_amount"": 1.0423270907762012}",5222c37788a096d3910624247b4a1e76a3afcfe0df2ea7ddd6490cebc16a26a9,0.44666666666666677,0.8366666666666667,0.3899999999999999,8,0.0,1.0,0.44666666666666677,0.8366666666666667,1,1,0.3899999999999999,"{""energy"": 0.6666666666666667, ""water"": 0.2666666666666667, ""transport"": 0.33333333333333337}","{""energy"": 0.8666666666666667, ""water"": 1.0, ""transport"": 0.6333333333333333}","{""energy"": 0.19999999999999996, ""water"": 0.7333333333333333, ""transport"": 0.29999999999999993}","{""energy"": 0.0, ""water"": 0.0, ""transport"": 0.0}","{""energy"": 1.0, ""water"": 1.0, ""transport"": 1.0}","{""energy"": 1.0, ""water"": 1.0, ""transport"": 1.0}",0.3,0.1,,0.44666666666666677,1.0,0.5533333333333332,1,"{""energy"": 0.6666666666666667, ""water"": 0.2666666666666667, ""transport"": 0.33333333333333337}","{""energy"": 1.0, ""water"": 1.0, ""transport"": 1.0}","{""energy"": 0.33333333333333326, ""water"": 0.7333333333333333, ""transport"": 0.6666666666666666}",3,0.8366666666666667,,,"[""energy"", ""transport""]",1,v1.0,0.7,0.3
S4_water_partial,299,299,12513474571713366121,scenario=S4_water_partial|method=both|duration=0|theta=0.300000|delta_threshold=0.100000|A=v1.0|w=na|run_id=299|seed=12513474571713366121,False,"{""step_1_amount"": 0.7470235772156001}",5222c37788a096d3910624247b4a1e76a3afcfe0df2ea7ddd6490cebc16a26a9,0.44666666666666677,0.7680430182808318,0.321376351614165,14,0.0,0.0,0.44666666666666677,0.7680430182808318,0,1,0.321376351614165,"{""energy"": 0.6666666666666667, ""water"": 0.2666666666666667, ""transport"": 0.33333333333333337}","{""energy"": 0.8034225609705667, ""water"": 0.9504461381861669, ""transport"": 0.5384671747891834}","{""energy"": 0.1367558943039, ""water"": 0.6837794715195001, ""transport"": 0.20513384145585}","{""energy"": 0.0, ""water"": 0.0, ""transport"": 0.0}","{""energy"": 0.0, ""water"": 0.0, ""transport"": 0.0}","{""energy"": 0.0, ""water"": 0.0, ""transport"": 0.0}",0.3,0.1,,0.44666666666666677,1.0,0.5533333333333332,1,"{""energy"": 0.6666666666666667, ""water"": 0.2666666666666667, ""transport"": 0.33333333333333337}","{""energy"": 1.0, ""water"": 1.0, ""transport"": 1.0}","{""energy"": 0.33333333333333326, ""water"": 0.7333333333333333, ""transport"": 0.6666666666666666}",3,0.7680430182808318,,,[],,v1.0,0.7,0.3
S4_water_partial,300,300,15191617818154426982,scenario=S4_water_partial|method=both|duration=0|theta=0.300000|delta_threshold=0.100000|A=v1.0|w=na|run_id=300|seed=15191617818154426982,False,"{""step_1_amount"": 0.7699994390337666}",5222c37788a096d3910624247b4a1e76a3afcfe0df2ea7ddd6490cebc16a26a9,0.44666666666666677,0.7815413370990045,0.33487467043233776,21,0.0,1.0,0.44666666666666677,0.7815413370990045,1,1,0.33487467043233776,"{""energy"": 0.6666666666666667, ""water"": 0.2666666666666667, ""transport"": 0.33333333333333337}","{""energy"": 0.8091665264251084, ""water"": 0.9791659654588749, ""transport"": 0.5470831229709958}","{""energy"": 0.1424998597584417, ""water"": 0.7124992987922082, ""transport"": 0.21374978963766245}","{""energy"": 0.0, ""water"": 0.0, ""transport"": 0.0}","{""energy"": 1.0, ""water"": 1.0, ""transport"": 1.0}","{""energy"": 1.0, ""water"": 1.0, ""transport"": 1.0}",0.3,0.1,,0.44666666666666677,1.0,0.5533333333333332,1,"{""energy"": 0.6666666666666667, ""water"": 0.2666666666666667, ""transport"": 0.33333333333333337}","{""energy"": 1.0, ""water"": 1.0, ""transport"": 1.0}","{""energy"": 0.33333333333333326, ""water"": 0.7333333333333333, ""transport"": 0.6666666666666666}",3,0.7815413370990045,,,"[""energy"", ""transport""]",1,v1.0,0.7,0.3
S4_water_partial,301,301,4729858452794145472,scenario=S4_water_partial|method=both|duration=0|theta=0.300000|delta_threshold=0.100000|A=v1.0|w=na|run_id=301|seed=4729858452794145472,False,"{""step_1_amount"": 0.5040514014362661}",5222c37788a096d3910624247b4a1e76a3afcfe0df2ea7ddd6490cebc16a26a9,0.44666666666666677,0.6252968650104731,0.17863019834380633,19,0.0,0.0,0.44666666666666677,0.6252968650104731,0,1,0.17863019834380633,"{""energy"": 0.6666666666666667, ""water"": 0.2666666666666667, ""transport"": 0.33333333333333337}","{""energy"": 0.7426795170257333, ""water"": 0.6467309184619994, ""transport"": 0.4473526088719332}","{""energy"": 0.07601285035906657, ""water"": 0.38006425179533265, ""transport"": 0.1140192755385998}","{""energy"": 0.0, ""water"": 0.0, ""transport"": 0.0}","{""energy"": 0.0, ""water"": 0.0, ""transport"": 0.0}","{""energy"": 0.0, ""water"": 0.0, ""transport"": 0.0}",0.3,0.1,,0.44666666666666677,1.0,0.5533333333333332,1,"{""energy"": 0.6666666666666667, ""water"": 0.2666666666666667, ""transport"": 0.33333333333333337}","{""energy"": 1.0, ""water"": 1.0, ""transport"": 1.0}","{""energy"": 0.33333333333333326, ""water"": 0.7333333333333333, ""transport"": 0.6666666666666666}",3,0.6252968650104731,,,[],,v1.0,0.7,0.3
S4_water_partial,302,302,1820958812984391536,scenario=S4_water_partial|method=both|duration=0|theta=0.300000|delta_threshold=0.100000|A=v1.0|w=na|run_id=302|seed=1820958812984391536,False,"{""step_1_amount"": 0.5822887892885596}",5222c37788a096d3910624247b4a1e76a3afcfe0df2ea7ddd6490cebc16a26a9,0.44666666666666677,0.6712613303736955,0.22459466370702874,20,0.0,0.0,0.44666666666666677,0.6712613303736955,0,1,0.22459466370702874,"{""energy"": 0.6666666666666667, ""water"": 0.2666666666666667, ""transport"": 0.33333333333333337}","{""energy"": 0.7622388639888067, ""water"": 0.7445276532773664, ""transport"": 0.47669162931654324}","{""energy"": 0.09557219732213995, ""water"": 0.47786098661069965, ""transport"": 0.14335829598320987}","{""energy"": 0.0, ""water"": 0.0, ""transport"": 0.0}","{""energy"": 0.0, ""water"": 0.0, ""transport"": 0.0}","{""energy"": 0.0, ""water"": 0.0, ""transport"": 0.0}",0.3,0.1,,0.44666666666666677,1.0,0.5533333333333332,1,"{""energy"": 0.6666666666666667, ""water"": 0.2666666666666667, ""transport"": 0.33333333333333337}","{""energy"": 1.0, ""water"": 1.0, ""transport"": 1.0}","{""energy"": 0.33333333333333326, ""water"": 0.7333333333333333, ""transport"": 0.6666666666666666}",3,0.6712613303736955,,,[],,v1.0,0.7,0.3
S4_water_partial,303,303,9614174320401566477,scenario=S4_water_partial|method=both|duration=0|theta=0.300000|delta_threshold=0.100000|A=v1.0|w=na|run_id=303|seed=9614174320401566477,False,"{""step_1_amount"": 0.5285532211838965}",5222c37788a096d3910624247b4a1e76a3afcfe0df2ea7ddd6490cebc16a26a9,0.44666666666666677,0.9034600710158964,0.45679340434922966,24,0.0,0.0,0.44666666666666677,0.9034600710158964,0,1,0.45679340434922966,"{""energy"": 0.6666666666666667, ""water"": 0.2666666666666667, ""transport"": 0.33333333333333337}","{""energy"": 0.9166893457741058, ""water"": 0.7892811090208471, ""transport"": 1.0}","{""energy"": 0.250022679107439, ""water"": 0.5226144423541804, ""transport"": 0.6666666666666666}","{""energy"": 0.0, ""water"": 0.0, ""transport"": 0.0}","{""energy"": 0.0, ""water"": 0.0, ""transport"": 0.0}","{""energy"": 0.0, ""water"": 0.0, ""transport"": 0.0}",0.3,0.1,,0.44666666666666677,1.0,0.5533333333333332,1,"{""energy"": 0.6666666666666667, ""water"": 0.2666666666666667, ""transport"": 0.33333333333333337}","{""energy"": 1.0, ""water"": 1.0, ""transport"": 1.0}","{""energy"": 0.33333333333333326, ""water"": 0.7333333333333333, ""transport"": 0.6666666666666666}",3,0.9034600710158964,,,[],,v1.0,0.7,0.3
S4_water_partial,304,304,9775384525396953817,scenario=S4_water_partial|method=both|duration=0|theta=0.300000|delta_threshold=0.100000|A=v1.0|w=na|run_id=304|seed=9775384525396953817,False,"{""step_1_amount"": 0.628435922426649}",5222c37788a096d3910624247b4a1e76a3afcfe0df2ea7ddd6490cebc16a26a9,0.44666666666666677,0.6983727710923231,0.25170610442565633,16,0.0,0.0,0.44666666666666677,0.6983727710923231,0,1,0.25170610442565633,"{""energy"": 0.6666666666666667, ""water"": 0.2666666666666667, ""transport"": 0.33333333333333337}","{""energy"": 0.773775647273329, ""water"": 0.8022115696999781, ""transport"": 0.4939968042433268}","{""energy"": 0.1071089806066623, ""water"": 0.5355449030333114, ""transport"": 0.16066347090999344}","{""energy"": 0.0, ""water"": 0.0, ""transport"": 0.0}","{""energy"": 0.0, ""water"": 0.0, ""transport"": 0.0}","{""energy"": 0.0, ""water"": 0.0, ""transport"": 0.0}",0.3,0.1,,0.44666666666666677,1.0,0.5533333333333332,1,"{""energy"": 0.6666666666666667, ""water"": 0.2666666666666667, ""transport"": 0.33333333333333337}","{""energy"": 1.0, ""water"": 1.0, ""transport"": 1.0}","{""energy"": 0.33333333333333326, ""water"": 0.7333333333333333, ""transport"": 0.6666666666666666}",3,0.6983727710923231,,,[],,v1.0,0.7,0.3
S4_water_partial,305,305,12435270042072425255,scenario=S4_water_partial|method=both|duration=0|theta=0.300000|delta_threshold=0.100000|A=v1.0|w=na|run_id=305|seed=12435270042072425255,False,"{""step_1_amount"": 0.5100601178358403}",5222c37788a096d3910624247b4a1e76a3afcfe0df2ea7ddd6490cebc16a26a9,0.44666666666666677,0.731245612567974,0.2845789459013073,6,0.0,0.0,0.44666666666666677,0.731245612567974,0,1,0.2845789459013073,"{""energy"": 0.6666666666666667, ""water"": 0.2666666666666667, ""transport"": 0.33333333333333337}","{""energy"": 0.8081933377960963, ""water"": 0.69691624174178, ""transport"": 0.6629780164233383}","{""energy"": 0.14152667112942952, ""water"": 0.4302495750751133, ""transport"": 0.32964468309000494}","{""energy"": 0.0, ""water"": 0.0, ""transport"": 0.0}","{""energy"": 0.0, ""water"": 0.0, ""transport"": 0.0}","{""energy"": 0.0, ""water"": 0.0, ""transport"": 0.0}",0.3,0.1,,0.44666666666666677,1.0,0.5533333333333332,1,"{""energy"": 0.6666666666666667, ""water"": 0.2666666666666667, ""transport"": 0.33333333333333337}","{""energy"": 1.0, ""water"": 1.0, ""transport"": 1.0}","{""energy"": 0.33333333333333326, ""water"": 0.7333333333333333, ""transport"": 0.6666666666666666}",3,0.731245612567974,,,[],,v1.0,0.7,0.3
S4_water_partial,306,306,14270326722727949257,scenario=S4_water_partial|method=both|duration=0|theta=0.300000|delta_threshold=0.100000|A=v1.0|w=na|run_id=306|seed=14270326722727949257,False,"{""step_1_amount"": 1.2780257799314776}",5222c37788a096d3910624247b4a1e76a3afcfe0df2ea7ddd6490cebc16a26a9,0.44666666666666677,0.8366666666666667,0.3899999999999999,9,0.0,1.0,0.44666666666666677,0.8366666666666667,1,1,0.3899999999999999,"{""energy"": 0.6666666666666667, ""water"": 0.2666666666666667, ""transport"": 0.33333333333333337}","{""energy"": 0.8666666666666667, ""water"": 1.0, ""transport"": 0.6333333333333333}","{""energy"": 0.19999999999999996, ""water"": 0.7333333333333333, ""transport"": 0.29999999999999993}","{""energy"": 0.0, ""water"": 0.0, ""transport"": 0.0}","{""energy"": 1.0, ""water"": 1.0, ""transport"": 1.0}","{""energy"": 1.0, ""water"": 1.0, ""transport"": 1.0}",0.3,0.1,,0.44666666666666677,1.0,0.5533333333333332,1,"{""energy"": 0.6666666666666667, ""water"": 0.2666666666666667, ""transport"": 0.33333333333333337}","{""energy"": 1.0, ""water"": 1.0, ""transport"": 1.0}","{""energy"": 0.33333333333333326, ""water"": 0.7333333333333333, ""transport"": 0.6666666666666666}",3,0.8366666666666667,,,"[""energy"", ""transport""]",1,v1.0,0.7,0.3
S4_water_partial,307,307,3542660455269540399,scenario=S4_water_partial|method=both|duration=0|theta=0.300000|delta_threshold=0.100000|A=v1.0|w=na|run_id=307|seed=3542660455269540399,False,"{""step_1_amount"": 0.870722134810805}",5222c37788a096d3910624247b4a1e76a3afcfe0df2ea7ddd6490cebc16a26a9,0.44666666666666677,0.8091951203139628,0.362528453647296,14,0.0,1.0,0.44666666666666677,0.8091951203139628,1,1,0.362528453647296,"{""energy"": 0.6666666666666667, ""water"": 0.2666666666666667, ""transport"": 0.33333333333333337}","{""energy"": 0.8343472003693679, ""water"": 1.0, ""transport"": 0.5848541338873852}","{""energy"": 0.1676805337027012, ""water"": 0.7333333333333333, ""transport"": 0.2515208005540518}","{""energy"": 0.0, ""water"": 0.0, ""transport"": 0.0}","{""energy"": 1.0, ""water"": 1.0, ""transport"": 1.0}","{""energy"": 1.0, ""water"": 1.0, ""transport"": 1.0}",0.3,0.1,,0.44666666666666677,1.0,0.5533333333333332,1,"{""energy"": 0.6666666666666667, ""water"": 0.2666666666666667, ""transport"": 0.33333333333333337}","{""energy"": 1.0, ""water"": 1.0, ""transport"": 1.0}","{""energy"": 0.33333333333333326, ""water"": 0.7333333333333333, ""transport"": 0.6666666666666666}",3,0.8091951203139628,,,"[""energy"", ""transport""]",1,v1.0,0.7,0.3
S4_water_partial,308,308,7004066909902137995,scenario=S4_water_partial|method=both|duration=0|theta=0.300000|delta_threshold=0.100000|A=v1.0|w=na|run_id=308|seed=7004066909902137995,False,"{""step_1_amount"": 1.1096209274476134}",5222c37788a096d3910624247b4a1e76a3afcfe0df2ea7ddd6490cebc16a26a9,0.44666666666666677,0.9462790176910849,0.49961235102441814,8,0.0,1.0,0.44666666666666677,0.9462790176910849,1,1,0.49961235102441814,"{""energy"": 0.6666666666666667, ""water"": 0.2666666666666667, ""transport"": 0.33333333333333337}","{""energy"": 0.9449612031126797, ""water"": 1.0, ""transport"": 0.8943151214867099}","{""energy"": 0.278294536446013, ""water"": 0.7333333333333333, ""transport"": 0.5609817881533765}","{""energy"": 0.0, ""water"": 0.0, ""transport"": 0.0}","{""energy"": 1.0, ""water"": 1.0, ""transport"": 1.0}","{""energy"": 1.0, ""water"": 1.0, ""transport"": 1.0}",0.3,0.1,,0.44666666666666677,1.0,0.5533333333333332,1,"{""energy"": 0.6666666666666667, ""water"": 0.2666666666666667, ""transport"": 0.33333333333333337}","{""energy"": 1.0, ""water"": 1.0, ""transport"": 1.0}","{""energy"": 0.33333333333333326, ""water"": 0.7333333333333333, ""transport"": 0.6666666666666666}",3,0.9462790176910849,,,"[""energy"", ""transport""]",1,v1.0,0.7,0.3
S4_water_partial,309,309,8580157215818754103,scenario=S4_water_partial|method=both|duration=0|theta=0.300000|delta_threshold=0.100000|A=v1.0|w=na|run_id=309|seed=8580157215818754103,False,"{""step_1_amount"": 0.7082951315447005}",5222c37788a096d3910624247b4a1e76a3afcfe0df2ea7ddd6490cebc16a26a9,0.44666666666666677,0.848413370848612,0.40174670418194525,28,0.0,0.0,0.44666666666666677,0.848413370848612,0,1,0.40174670418194525,"{""energy"": 0.6666666666666667, ""water"": 0.2666666666666667, ""transport"": 0.33333333333333337}","{""energy"": 0.8581925210524879, ""water"": 0.9450036287639729, ""transport"": 0.7387842459947498}","{""energy"": 0.19152585438582115, ""water"": 0.6783369620973062, ""transport"": 0.4054509126614164}","{""energy"": 0.0, ""water"": 0.0, ""transport"": 0.0}","{""energy"": 0.0, ""water"": 0.0, ""transport"": 0.0}","{""energy"": 0.0, ""water"": 0.0, ""transport"": 0.0}",0.3,0.1,,0.44666666666666677,1.0,0.5533333333333332,1,"{""energy"": 0.6666666666666667, ""water"": 0.2666666666666667, ""transport"": 0.33333333333333337}","{""energy"": 1.0, ""water"": 1.0, ""transport"": 1.0}","{""energy"": 0.33333333333333326, ""water"": 0.7333333333333333, ""transport"": 0.6666666666666666}",3,0.848413370848612,,,[],,v1.0,0.7,0.3
S4_water_partial,310,310,16259523103170838522,scenario=S4_water_partial|method=both|duration=0|theta=0.300000|delta_threshold=0.100000|A=v1.0|w=na|run_id=310|seed=16259523103170838522,False,"{""step_1_amount"": 0.24787933654249997}",5222c37788a096d3910624247b4a1e76a3afcfe0df2ea7ddd6490cebc16a26a9,0.44666666666666677,0.4747957768853855,0.028129110218718723,20,0.0,0.0,0.44666666666666677,0.4747957768853855,0,0,0.028129110218718723,"{""energy"": 0.6666666666666667, ""water"": 0.2666666666666667, ""transport"": 0.33333333333333337}","{""energy"": 0.6786365008022918, ""water"": 0.3265158373447916, ""transport"": 0.35128808453677085}","{""energy"": 0.011969834135625024, ""water"": 0.0598491706781249, ""transport"": 0.01795475120343748}","{""energy"": 0.0, ""water"": 0.0, ""transport"": 0.0}","{""energy"": 0.0, ""water"": 0.0, ""transport"": 0.0}","{""energy"": 0.0, ""water"": 0.0, ""transport"": 0.0}",0.3,0.1,,0.44666666666666677,1.0,0.5533333333333332,1,"{""energy"": 0.6666666666666667, ""water"": 0.2666666666666667, ""transport"": 0.33333333333333337}","{""energy"": 1.0, ""water"": 1.0, ""transport"": 1.0}","{""energy"": 0.33333333333333326, ""water"": 0.7333333333333333, ""transport"": 0.6666666666666666}",4,0.4747957768853855,,,[],,v1.0,0.7,0.3
S4_water_partial,311,311,1354502391207062954,scenario=S4_water_partial|method=both|duration=0|theta=0.300000|delta_threshold=0.100000|A=v1.0|w=na|run_id=311|seed=1354502391207062954,False,"{""step_1_amount"": 0.5304161048477634}",5222c37788a096d3910624247b4a1e76a3afcfe0df2ea7ddd6490cebc16a26a9,0.44666666666666677,0.6407861282647277,0.19411946159806093,17,0.0,0.0,0.44666666666666677,0.6407861282647277,0,1,0.19411946159806093,"{""energy"": 0.6666666666666667, ""water"": 0.2666666666666667, ""transport"": 0.33333333333333337}","{""energy"": 0.7492706928786076, ""water"": 0.6796867977263709, ""transport"": 0.4572393726512446}","{""energy"": 0.08260402621194085, ""water"": 0.41302013105970414, ""transport"": 0.12390603931791122}","{""energy"": 0.0, ""water"": 0.0, ""transport"": 0.0}","{""energy"": 0.0, ""water"": 0.0, ""transport"": 0.0}","{""energy"": 0.0, ""water"": 0.0, ""transport"": 0.0}",0.3,0.1,,0.44666666666666677,1.0,0.5533333333333332,1,"{""energy"": 0.6666666666666667, ""water"": 0.2666666666666667, ""transport"": 0.33333333333333337}","{""energy"": 1.0, ""water"": 1.0, ""transport"": 1.0}","{""energy"": 0.33333333333333326, ""water"": 0.7333333333333333, ""transport"": 0.6666666666666666}",3,0.6407861282647277,,,[],,v1.0,0.7,0.3
S4_water_partial,312,312,17663799295446356460,scenario=S4_water_partial|method=both|duration=0|theta=0.300000|delta_threshold=0.100000|A=v1.0|w=na|run_id=312|seed=17663799295446356460,False,"{""step_1_amount"": 0.49371382244037065}",5222c37788a096d3910624247b4a1e76a3afcfe0df2ea7ddd6490cebc16a26a9,0.44666666666666677,0.735448872714153,0.2887822060474863,23,0.0,0.0,0.44666666666666677,0.735448872714153,0,1,0.2887822060474863,"{""energy"": 0.6666666666666667, ""water"": 0.2666666666666667, ""transport"": 0.33333333333333337}","{""energy"": 0.8127359568791148, ""water"": 0.682236167785367, ""transport"": 0.6856121320896569}","{""energy"": 0.14606929021244808, ""water"": 0.4155695011187003, ""transport"": 0.3522787987563235}","{""energy"": 0.0, ""water"": 0.0, ""transport"": 0.0}","{""energy"": 0.0, ""water"": 0.0, ""transport"": 0.0}","{""energy"": 0.0, ""water"": 0.0, ""transport"": 0.0}",0.3,0.1,,0.44666666666666677,1.0,0.5533333333333332,1,"{""energy"": 0.6666666666666667, ""water"": 0.2666666666666667, ""transport"": 0.33333333333333337}","{""energy"": 1.0, ""water"": 1.0, ""transport"": 1.0}","{""energy"": 0.33333333333333326, ""water"": 0.7333333333333333, ""transport"": 0.6666666666666666}",3,0.735448872714153,,,[],,v1.0,0.7,0.3
S4_water_partial,313,313,15131960894722779388,scenario=S4_water_partial|method=both|duration=0|theta=0.300000|delta_threshold=0.100000|A=v1.0|w=na|run_id=313|seed=15131960894722779388,False,"{""step_1_amount"": 0.5273663122881715}",5222c37788a096d3910624247b4a1e76a3afcfe0df2ea7ddd6490cebc16a26a9,0.44666666666666677,0.6389943751359675,0.1923277084693007,21,0.0,0.0,0.44666666666666677,0.6389943751359675,0,1,0.1923277084693007,"{""energy"": 0.6666666666666667, ""water"": 0.2666666666666667, ""transport"": 0.33333333333333337}","{""energy"": 0.7485082447387097, ""water"": 0.6758745570268812, ""transport"": 0.4560957004413977}","{""energy"": 0.08184157807204295, ""water"": 0.40920789036021443, ""transport"": 0.12276236710806432}","{""energy"": 0.0, ""water"": 0.0, ""transport"": 0.0}","{""energy"": 0.0, ""water"": 0.0, ""transport"": 0.0}","{""energy"": 0.0, ""water"": 0.0, ""transport"": 0.0}",0.3,0.1,,0.44666666666666677,1.0,0.5533333333333332,1,"{""energy"": 0.6666666666666667, ""water"": 0.2666666666666667, ""transport"": 0.33333333333333337}","{""energy"": 1.0, ""water"": 1.0, ""transport"": 1.0}","{""energy"": 0.33333333333333326, ""water"": 0.7333333333333333, ""transport"": 0.6666666666666666}",3,0.6389943751359675,,,[],,v1.0,0.7,0.3
S4_water_partial,314,314,16646904315259836365,scenario=S4_water_partial|method=both|duration=0|theta=0.300000|delta_threshold=0.100000|A=v1.0|w=na|run_id=314|seed=16646904315259836365,False,"{""step_1_amount"": 0.5546141128118084}",5222c37788a096d3910624247b4a1e76a3afcfe0df2ea7ddd6490cebc16a26a9,0.44666666666666677,0.7601124176881242,0.31344575102145744,14,0.0,0.0,0.44666666666666677,0.7601124176881242,0,1,0.31344575102145744,"{""energy"": 0.6666666666666667, ""water"": 0.2666666666666667, ""transport"": 0.33333333333333337}","{""energy"": 0.8210139197099439, ""water"": 0.7537301242416439, ""transport"": 0.6852927084388449}","{""energy"": 0.15434725304327712, ""water"": 0.48706345757497715, ""transport"": 0.35195937510551156}","{""energy"": 0.0, ""water"": 0.0, ""transport"": 0.0}","{""energy"": 0.0, ""water"": 0.0, ""transport"": 0.0}","{""energy"": 0.0, ""water"": 0.0, ""transport"": 0.0}",0.3,0.1,,0.44666666666666677,1.0,0.5533333333333332,1,"{""energy"": 0.6666666666666667, ""water"": 0.2666666666666667, ""transport"": 0.33333333333333337}","{""energy"": 1.0, ""water"": 1.0, ""transport"": 1.0}","{""energy"": 0.33333333333333326, ""water"": 0.7333333333333333, ""transport"": 0.6666666666666666}",3,0.7601124176881242,,,[],,v1.0,0.7,0.3
S4_water_partial,315,315,17943003380932499578,scenario=S4_water_partial|method=both|duration=0|theta=0.300000|delta_threshold=0.100000|A=v1.0|w=na|run_id=315|seed=17943003380932499578,False,"{""step_1_amount"": 1.1384022844249844}",5222c37788a096d3910624247b4a1e76a3afcfe0df2ea7ddd6490cebc16a26a9,0.44666666666666677,0.8366666666666667,0.3899999999999999,20,0.0,1.0,0.44666666666666677,0.8366666666666667,1,1,0.3899999999999999,"{""energy"": 0.6666666666666667, ""water"": 0.2666666666666667, ""transport"": 0.33333333333333337}","{""energy"": 0.8666666666666667, ""water"": 1.0, ""transport"": 0.6333333333333333}","{""energy"": 0.19999999999999996, ""water"": 0.7333333333333333, ""transport"": 0.29999999999999993}","{""energy"": 0.0, ""water"": 0.0, ""transport"": 0.0}","{""energy"": 1.0, ""water"": 1.0, ""transport"": 1.0}","{""energy"": 1.0, ""water"": 1.0, ""transport"": 1.0}",0.3,0.1,,0.44666666666666677,1.0,0.5533333333333332,1,"{""energy"": 0.6666666666666667, ""water"": 0.2666666666666667, ""transport"": 0.33333333333333337}","{""energy"": 1.0, ""water"": 1.0, ""transport"": 1.0}","{""energy"": 0.33333333333333326, ""water"": 0.7333333333333333, ""transport"": 0.6666666666666666}",3,0.8366666666666667,,,"[""energy"", ""transport""]",1,v1.0,0.7,0.3
S4_water_partial,316,316,9772420237477377537,scenario=S4_water_partial|method=both|duration=0|theta=0.300000|delta_threshold=0.100000|A=v1.0|w=na|run_id=316|seed=9772420237477377537,False,"{""step_1_amount"": 1.8759350237359622}",5222c37788a096d3910624247b4a1e76a3afcfe0df2ea7ddd6490cebc16a26a9,0.44666666666666677,0.8366666666666667,0.3899999999999999,18,0.0,1.0,0.44666666666666677,0.8366666666666667,1,1,0.3899999999999999,"{""energy"": 0.6666666666666667, ""water"": 0.2666666666666667, ""transport"": 0.33333333333333337}","{""energy"": 0.8666666666666667, ""water"": 1.0, ""transport"": 0.6333333333333333}","{""energy"": 0.19999999999999996, ""water"": 0.7333333333333333, ""transport"": 0.29999999999999993}","{""energy"": 0.0, ""water"": 0.0, ""transport"": 0.0}","{""energy"": 1.0, ""water"": 1.0, ""transport"": 1.0}","{""energy"": 1.0, ""water"": 1.0, ""transport"": 1.0}",0.3,0.1,,0.44666666666666677,1.0,0.5533333333333332,1,"{""energy"": 0.6666666666666667, ""water"": 0.2666666666666667, ""transport"": 0.33333333333333337}","{""energy"": 1.0, ""water"": 1.0, ""transport"": 1.0}","{""energy"": 0.33333333333333326, ""water"": 0.7333333333333333, ""transport"": 0.6666666666666666}",3,0.8366666666666667,,,"[""energy"", ""transport""]",1,v1.0,0.7,0.3
S4_water_partial,317,317,9453760456129897535,scenario=S4_water_partial|method=both|duration=0|theta=0.300000|delta_threshold=0.100000|A=v1.0|w=na|run_id=317|seed=9453760456129897535,False,"{""step_1_amount"": 0.7935939805986896}",5222c37788a096d3910624247b4a1e76a3afcfe0df2ea7ddd6490cebc16a26a9,0.44666666666666677,0.8824216858825454,0.43575501921587867,25,0.0,1.0,0.44666666666666677,0.8824216858825454,1,1,0.43575501921587867,"{""energy"": 0.6666666666666667, ""water"": 0.2666666666666667, ""transport"": 0.33333333333333337}","{""energy"": 0.8790768034868086, ""water"": 1.0, ""transport"": 0.7693032149594068}","{""energy"": 0.21241013682014187, ""water"": 0.7333333333333333, ""transport"": 0.4359698816260734}","{""energy"": 0.0, ""water"": 0.0, ""transport"": 0.0}","{""energy"": 1.0, ""water"": 1.0, ""transport"": 1.0}","{""energy"": 1.0, ""water"": 1.0, ""transport"": 1.0}",0.3,0.1,,0.44666666666666677,1.0,0.5533333333333332,1,"{""energy"": 0.6666666666666667, ""water"": 0.2666666666666667, ""transport"": 0.33333333333333337}","{""energy"": 1.0, ""water"": 1.0, ""transport"": 1.0}","{""energy"": 0.33333333333333326, ""water"": 0.7333333333333333, ""transport"": 0.6666666666666666}",3,0.8824216858825454,,,"[""energy"", ""transport""]",1,v1.0,0.7,0.3
S4_water_partial,318,318,4681731842728148668,scenario=S4_water_partial|method=both|duration=0|theta=0.300000|delta_threshold=0.100000|A=v1.0|w=na|run_id=318|seed=4681731842728148668,False,"{""step_1_amount"": 1.09973800156337}",5222c37788a096d3910624247b4a1e76a3afcfe0df2ea7ddd6490cebc16a26a9,0.44666666666666677,1.0,0.5533333333333332,5,0.0,1.0,0.44666666666666677,1.0,1,1,0.5533333333333332,"{""energy"": 0.6666666666666667, ""water"": 0.2666666666666667, ""transport"": 0.33333333333333337}","{""energy"": 1.0, ""water"": 1.0, ""transport"": 1.0}","{""energy"": 0.33333333333333326, ""water"": 0.7333333333333333, ""transport"": 0.6666666666666666}","{""energy"": 0.0, ""water"": 0.0, ""transport"": 0.0}","{""energy"": 1.0, ""water"": 1.0, ""transport"": 1.0}","{""energy"": 1.0, ""water"": 1.0, ""transport"": 1.0}",0.3,0.1,,0.44666666666666677,1.0,0.5533333333333332,1,"{""energy"": 0.6666666666666667, ""water"": 0.2666666666666667, ""transport"": 0.33333333333333337}","{""energy"": 1.0, ""water"": 1.0, ""transport"": 1.0}","{""energy"": 0.33333333333333326, ""water"": 0.7333333333333333, ""transport"": 0.6666666666666666}",2,1.0,,,"[""energy"", ""transport""]",1,v1.0,0.7,0.3
S4_water_partial,319,319,14951413918161027312,scenario=S4_water_partial|method=both|duration=0|theta=0.300000|delta_threshold=0.100000|A=v1.0|w=na|run_id=319|seed=14951413918161027312,False,"{""step_1_amount"": 0.7789552148815383}",5222c37788a096d3910624247b4a1e76a3afcfe0df2ea7ddd6490cebc16a26a9,0.44666666666666677,0.8995062172440754,0.45283955057740866,14,0.0,1.0,0.44666666666666677,0.8995062172440754,1,1,0.45283955057740866,"{""energy"": 0.6666666666666667, ""water"": 0.2666666666666667, ""transport"": 0.33333333333333337}","{""energy"": 0.8965440205810378, ""water"": 1.0, ""transport"": 0.8029620300388677}","{""energy"": 0.22987735391437103, ""water"": 0.7333333333333333, ""transport"": 0.4696286967055343}","{""energy"": 0.0, ""water"": 0.0, ""transport"": 0.0}","{""energy"": 1.0, ""water"": 1.0, ""transport"": 1.0}","{""energy"": 1.0, ""water"": 1.0, ""transport"": 1.0}",0.3,0.1,,0.44666666666666677,1.0,0.5533333333333332,1,"{""energy"": 0.6666666666666667, ""water"": 0.2666666666666667, ""transport"": 0.33333333333333337}","{""energy"": 1.0, ""water"": 1.0, ""transport"": 1.0}","{""energy"": 0.33333333333333326, ""water"": 0.7333333333333333, ""transport"": 0.6666666666666666}",3,0.8995062172440754,,,"[""energy"", ""transport""]",1,v1.0,0.7,0.3
S4_water_partial,320,320,5209133241568780584,scenario=S4_water_partial|method=both|duration=0|theta=0.300000|delta_threshold=0.100000|A=v1.0|w=na|run_id=320|seed=5209133241568780584,False,"{""step_1_amount"": 0.8369326831029056}",5222c37788a096d3910624247b4a1e76a3afcfe0df2ea7ddd6490cebc16a26a9,0.44666666666666677,0.8020148618260341,0.35534819515936733,8,0.0,1.0,0.44666666666666677,0.8020148618260341,1,1,0.35534819515936733,"{""energy"": 0.6666666666666667, ""water"": 0.2666666666666667, ""transport"": 0.33333333333333337}","{""energy"": 0.8258998374423931, ""water"": 1.0, ""transport"": 0.5721830894969229}","{""energy"": 0.1592331707757264, ""water"": 0.7333333333333333, ""transport"": 0.2388497561635895}","{""energy"": 0.0, ""water"": 0.0, ""transport"": 0.0}","{""energy"": 1.0, ""water"": 1.0, ""transport"": 1.0}","{""energy"": 1.0, ""water"": 1.0, ""transport"": 1.0}",0.3,0.1,,0.44666666666666677,1.0,0.5533333333333332,1,"{""energy"": 0.6666666666666667, ""water"": 0.2666666666666667, ""transport"": 0.33333333333333337}","{""energy"": 1.0, ""water"": 1.0, ""transport"": 1.0}","{""energy"": 0.33333333333333326, ""water"": 0.7333333333333333, ""transport"": 0.6666666666666666}",3,0.8020148618260341,,,"[""energy"", ""transport""]",1,v1.0,0.7,0.3
S4_water_partial,321,321,15081348860382180055,scenario=S4_water_partial|method=both|duration=0|theta=0.300000|delta_threshold=0.100000|A=v1.0|w=na|run_id=321|seed=15081348860382180055,False,"{""step_1_amount"": 0.308696058551864}",5222c37788a096d3910624247b4a1e76a3afcfe0df2ea7ddd6490cebc16a26a9,0.44666666666666677,0.5105256010658868,0.06385893439922008,17,0.0,0.0,0.44666666666666677,0.5105256010658868,0,0,0.06385893439922008,"{""energy"": 0.6666666666666667, ""water"": 0.2666666666666667, ""transport"": 0.33333333333333337}","{""energy"": 0.6938406813046327, ""water"": 0.40253673985649674, ""transport"": 0.37409435529028234}","{""energy"": 0.027174014637965982, ""water"": 0.13587007318983002, ""transport"": 0.04076102195694897}","{""energy"": 0.0, ""water"": 0.0, ""transport"": 0.0}","{""energy"": 0.0, ""water"": 0.0, ""transport"": 0.0}","{""energy"": 0.0, ""water"": 0.0, ""transport"": 0.0}",0.3,0.1,,0.44666666666666677,1.0,0.5533333333333332,1,"{""energy"": 0.6666666666666667, ""water"": 0.2666666666666667, ""transport"": 0.33333333333333337}","{""energy"": 1.0, ""water"": 1.0, ""transport"": 1.0}","{""energy"": 0.33333333333333326, ""water"": 0.7333333333333333, ""transport"": 0.6666666666666666}",4,0.5105256010658868,,,[],,v1.0,0.7,0.3
S4_water_partial,322,322,15670493266361904699,scenario=S4_water_partial|method=both|duration=0|theta=0.300000|delta_threshold=0.100000|A=v1.0|w=na|run_id=322|seed=15670493266361904699,False,"{""step_1_amount"": 0.9145592373779948}",5222c37788a096d3910624247b4a1e76a3afcfe0df2ea7ddd6490cebc16a26a9,0.44666666666666677,0.8233526262774081,0.37668595961074136,30,0.0,1.0,0.44666666666666677,0.8233526262774081,1,1,0.37668595961074136,"{""energy"": 0.6666666666666667, ""water"": 0.2666666666666667, ""transport"": 0.33333333333333337}","{""energy"": 0.8510030897381273, ""water"": 1.0, ""transport"": 0.6098379679405243}","{""energy"": 0.1843364230714606, ""water"": 0.7333333333333333, ""transport"": 0.2765046346071909}","{""energy"": 0.0, ""water"": 0.0, ""transport"": 0.0}","{""energy"": 1.0, ""water"": 1.0, ""transport"": 1.0}","{""energy"": 1.0, ""water"": 1.0, ""transport"": 1.0}",0.3,0.1,,0.44666666666666677,1.0,0.5533333333333332,1,"{""energy"": 0.6666666666666667, ""water"": 0.2666666666666667, ""transport"": 0.33333333333333337}","{""energy"": 1.0, ""water"": 1.0, ""transport"": 1.0}","{""energy"": 0.33333333333333326, ""water"": 0.7333333333333333, ""transport"": 0.6666666666666666}",3,0.8233526262774081,,,"[""energy"", ""transport""]",1,v1.0,0.7,0.3
S4_water_partial,323,323,2777518767011924630,scenario=S4_water_partial|method=both|duration=0|theta=0.300000|delta_threshold=0.100000|A=v1.0|w=na|run_id=323|seed=2777518767011924630,False,"{""step_1_amount"": 1.0327911209717424}",5222c37788a096d3910624247b4a1e76a3afcfe0df2ea7ddd6490cebc16a26a9,0.44666666666666677,0.8366666666666667,0.3899999999999999,10,0.0,1.0,0.44666666666666677,0.8366666666666667,1,1,0.3899999999999999,"{""energy"": 0.6666666666666667, ""water"": 0.2666666666666667, ""transport"": 0.33333333333333337}","{""energy"": 0.8666666666666667, ""water"": 1.0, ""transport"": 0.6333333333333333}","{""energy"": 0.19999999999999996, ""water"": 0.7333333333333333, ""transport"": 0.29999999999999993}","{""energy"": 0.0, ""water"": 0.0, ""transport"": 0.0}","{""energy"": 1.0, ""water"": 1.0, ""transport"": 1.0}","{""energy"": 1.0, ""water"": 1.0, ""transport"": 1.0}",0.3,0.1,,0.44666666666666677,1.0,0.5533333333333332,1,"{""energy"": 0.6666666666666667, ""water"": 0.2666666666666667, ""transport"": 0.33333333333333337}","{""energy"": 1.0, ""water"": 1.0, ""transport"": 1.0}","{""energy"": 0.33333333333333326, ""water"": 0.7333333333333333, ""transport"": 0.6666666666666666}",3,0.8366666666666667,,,"[""energy"", ""transport""]",1,v1.0,0.7,0.3
S4_water_partial,324,324,9440331306239723693,scenario=S4_water_partial|method=both|duration=0|theta=0.300000|delta_threshold=0.100000|A=v1.0|w=na|run_id=324|seed=9440331306239723693,False,"{""step_1_amount"": 0.33990133758258145}",5222c37788a096d3910624247b4a1e76a3afcfe0df2ea7ddd6490cebc16a26a9,0.44666666666666677,0.5288587024964333,0.08219203582976653,16,0.0,0.0,0.44666666666666677,0.5288587024964333,0,0,0.08219203582976653,"{""energy"": 0.6666666666666667, ""water"": 0.2666666666666667, ""transport"": 0.33333333333333337}","{""energy"": 0.7016420010623121, ""water"": 0.4415433386448935, ""transport"": 0.3857963349268014}","{""energy"": 0.034975334395645374, ""water"": 0.17487667197822676, ""transport"": 0.052463001593468006}","{""energy"": 0.0, ""water"": 0.0, ""transport"": 0.0}","{""energy"": 0.0, ""water"": 0.0, ""transport"": 0.0}","{""energy"": 0.0, ""water"": 0.0, ""transport"": 0.0}",0.3,0.1,,0.44666666666666677,1.0,0.5533333333333332,1,"{""energy"": 0.6666666666666667, ""water"": 0.2666666666666667, ""transport"": 0.33333333333333337}","{""energy"": 1.0, ""water"": 1.0, ""transport"": 1.0}","{""energy"": 0.33333333333333326, ""water"": 0.7333333333333333, ""transport"": 0.6666666666666666}",4,0.5288587024964333,,,[],,v1.0,0.7,0.3
S4_water_partial,325,325,13367138709918835517,scenario=S4_water_partial|method=both|duration=0|theta=0.300000|delta_threshold=0.100000|A=v1.0|w=na|run_id=325|seed=13367138709918835517,False,"{""step_1_amount"": 1.0987071269702193}",5222c37788a096d3910624247b4a1e76a3afcfe0df2ea7ddd6490cebc16a26a9,0.44666666666666677,0.8366666666666667,0.3899999999999999,6,0.0,1.0,0.44666666666666677,0.8366666666666667,1,1,0.3899999999999999,"{""energy"": 0.6666666666666667, ""water"": 0.2666666666666667, ""transport"": 0.33333333333333337}","{""energy"": 0.8666666666666667, ""water"": 1.0, ""transport"": 0.6333333333333333}","{""energy"": 0.19999999999999996, ""water"": 0.7333333333333333, ""transport"": 0.29999999999999993}","{""energy"": 0.0, ""water"": 0.0, ""transport"": 0.0}","{""energy"": 1.0, ""water"": 1.0, ""transport"": 1.0}","{""energy"": 1.0, ""water"": 1.0, ""transport"": 1.0}",0.3,0.1,,0.44666666666666677,1.0,0.5533333333333332,1,"{""energy"": 0.6666666666666667, ""water"": 0.2666666666666667, ""transport"": 0.33333333333333337}","{""energy"": 1.0, ""water"": 1.0, ""transport"": 1.0}","{""energy"": 0.33333333333333326, ""water"": 0.7333333333333333, ""transport"": 0.6666666666666666}",3,0.8366666666666667,,,"[""energy"", ""transport""]",1,v1.0,0.7,0.3
S4_water_partial,326,326,11403947692768091291,scenario=S4_water_partial|method=both|duration=0|theta=0.300000|delta_threshold=0.100000|A=v1.0|w=na|run_id=326|seed=11403947692768091291,False,"{""step_1_amount"": 0.9083943364852575}",5222c37788a096d3910624247b4a1e76a3afcfe0df2ea7ddd6490cebc16a26a9,0.44666666666666677,0.817200463169784,0.37053379650311724,13,0.0,1.0,0.44666666666666677,0.817200463169784,1,1,0.37053379650311724,"{""energy"": 0.6666666666666667, ""water"": 0.2666666666666667, ""transport"": 0.33333333333333337}","{""energy"": 0.8437652507879811, ""water"": 1.0, ""transport"": 0.5989812095153049}","{""energy"": 0.1770985841213144, ""water"": 0.7333333333333333, ""transport"": 0.2656478761819715}","{""energy"": 0.0, ""water"": 0.0, ""transport"": 0.0}","{""energy"": 1.0, ""water"": 1.0, ""transport"": 1.0}","{""energy"": 1.0, ""water"": 1.0, ""transport"": 1.0}",0.3,0.1,,0.44666666666666677,1.0,0.5533333333333332,1,"{""energy"": 0.6666666666666667, ""water"": 0.2666666666666667, ""transport"": 0.33333333333333337}","{""energy"": 1.0, ""water"": 1.0, ""transport"": 1.0}","{""energy"": 0.33333333333333326, ""water"": 0.7333333333333333, ""transport"": 0.6666666666666666}",3,0.817200463169784,,,"[""energy"", ""transport""]",1,v1.0,0.7,0.3
S4_water_partial,327,327,6692175995342059163,scenario=S4_water_partial|method=both|duration=0|theta=0.300000|delta_threshold=0.100000|A=v1.0|w=na|run_id=327|seed=6692175995342059163,False,"{""step_1_amount"": 0.8877988599827028}",5222c37788a096d3910624247b4a1e76a3afcfe0df2ea7ddd6490cebc16a26a9,0.44666666666666677,0.9226472549603104,0.47598058829364365,25,0.0,1.0,0.44666666666666677,0.9226472549603104,1,1,0.47598058829364365,"{""energy"": 0.6666666666666667, ""water"": 0.2666666666666667, ""transport"": 0.33333333333333337}","{""energy"": 0.9170616177675706, ""water"": 1.0, ""transport"": 0.8527420261776073}","{""energy"": 0.2503949511009038, ""water"": 0.7333333333333333, ""transport"": 0.5194086928442739}","{""energy"": 0.0, ""water"": 0.0, ""transport"": 0.0}","{""energy"": 1.0, ""water"": 1.0, ""transport"": 1.0}","{""energy"": 1.0, ""water"": 1.0, ""transport"": 1.0}",0.3,0.1,,0.44666666666666677,1.0,0.5533333333333332,1,"{""energy"": 0.6666666666666667, ""water"": 0.2666666666666667, ""transport"": 0.33333333333333337}","{""energy"": 1.0, ""water"": 1.0, ""transport"": 1.0}","{""energy"": 0.33333333333333326, ""water"": 0.7333333333333333, ""transport"": 0.6666666666666666}",3,0.9226472549603104,,,"[""energy"", ""transport""]",1,v1.0,0.7,0.3
S4_water_partial,328,328,1961541181980137932,scenario=S4_water_partial|method=both|duration=0|theta=0.300000|delta_threshold=0.100000|A=v1.0|w=na|run_id=328|seed=1961541181980137932,False,"{""step_1_amount"": 0.6992384283512961}",5222c37788a096d3910624247b4a1e76a3afcfe0df2ea7ddd6490cebc16a26a9,0.44666666666666677,0.863310660808035,0.4166439941413682,10,0.0,0.0,0.44666666666666677,0.863310660808035,0,1,0.4166439941413682,"{""energy"": 0.6666666666666667, ""water"": 0.2666666666666667, ""transport"": 0.33333333333333337}","{""energy"": 0.8685646596826044, ""water"": 0.9421069593911959, ""transport"": 0.7775090303921148}","{""energy"": 0.2018979930159377, ""water"": 0.6754402927245292, ""transport"": 0.44417569705878146}","{""energy"": 0.0, ""water"": 0.0, ""transport"": 0.0}","{""energy"": 0.0, ""water"": 0.0, ""transport"": 0.0}","{""energy"": 0.0, ""water"": 0.0, ""transport"": 0.0}",0.3,0.1,,0.44666666666666677,1.0,0.5533333333333332,1,"{""energy"": 0.6666666666666667, ""water"": 0.2666666666666667, ""transport"": 0.33333333333333337}","{""energy"": 1.0, ""water"": 1.0, ""transport"": 1.0}","{""energy"": 0.33333333333333326, ""water"": 0.7333333333333333, ""transport"": 0.6666666666666666}",3,0.863310660808035,,,[],,v1.0,0.7,0.3
S4_water_partial,329,329,13170094510868649642,scenario=S4_water_partial|method=both|duration=0|theta=0.300000|delta_threshold=0.100000|A=v1.0|w=na|run_id=329|seed=13170094510868649642,False,"{""step_1_amount"": 1.2351655962828547}",5222c37788a096d3910624247b4a1e76a3afcfe0df2ea7ddd6490cebc16a26a9,0.44666666666666677,0.8366666666666667,0.3899999999999999,9,0.0,1.0,0.44666666666666677,0.8366666666666667,1,1,0.3899999999999999,"{""energy"": 0.6666666666666667, ""water"": 0.2666666666666667, ""transport"": 0.33333333333333337}","{""energy"": 0.8666666666666667, ""water"": 1.0, ""transport"": 0.6333333333333333}","{""energy"": 0.19999999999999996, ""water"": 0.7333333333333333, ""transport"": 0.29999999999999993}","{""energy"": 0.0, ""water"": 0.0, ""transport"": 0.0}","{""energy"": 1.0, ""water"": 1.0, ""transport"": 1.0}","{""energy"": 1.0, ""water"": 1.0, ""transport"": 1.0}",0.3,0.1,,0.44666666666666677,1.0,0.5533333333333332,1,"{""energy"": 0.6666666666666667, ""water"": 0.2666666666666667, ""transport"": 0.33333333333333337}","{""energy"": 1.0, ""water"": 1.0, ""transport"": 1.0}","{""energy"": 0.33333333333333326, ""water"": 0.7333333333333333, ""transport"": 0.6666666666666666}",3,0.8366666666666667,,,"[""energy"", ""transport""]",1,v1.0,0.7,0.3
S4_water_partial,330,330,9240519427180800340,scenario=S4_water_partial|method=both|duration=0|theta=0.300000|delta_threshold=0.100000|A=v1.0|w=na|run_id=330|seed=9240519427180800340,False,"{""step_1_amount"": 0.35688528630814864}",5222c37788a096d3910624247b4a1e76a3afcfe0df2ea7ddd6490cebc16a26a9,0.44666666666666677,0.5388367723727041,0.09217010570603734,26,0.0,0.0,0.44666666666666677,0.5388367723727041,0,0,0.09217010570603734,"{""energy"": 0.6666666666666667, ""water"": 0.2666666666666667, ""transport"": 0.33333333333333337}","{""energy"": 0.7058879882437039, ""water"": 0.46277327455185246, ""transport"": 0.39216531569888907}","{""energy"": 0.03922132157703717, ""water"": 0.19610660788518575, ""transport"": 0.0588319823655557}","{""energy"": 0.0, ""water"": 0.0, ""transport"": 0.0}","{""energy"": 0.0, ""water"": 0.0, ""transport"": 0.0}","{""energy"": 0.0, ""water"": 0.0, ""transport"": 0.0}",0.3,0.1,,0.44666666666666677,1.0,0.5533333333333332,1,"{""energy"": 0.6666666666666667, ""water"": 0.2666666666666667, ""transport"": 0.33333333333333337}","{""energy"": 1.0, ""water"": 1.0, ""transport"": 1.0}","{""energy"": 0.33333333333333326, ""water"": 0.7333333333333333, ""transport"": 0.6666666666666666}",4,0.5388367723727041,,,[],,v1.0,0.7,0.3
S4_water_partial,331,331,11682113352670015135,scenario=S4_water_partial|method=both|duration=0|theta=0.300000|delta_threshold=0.100000|A=v1.0|w=na|run_id=331|seed=11682113352670015135,False,"{""step_1_amount"": 0.40606980618106103}",5222c37788a096d3910624247b4a1e76a3afcfe0df2ea7ddd6490cebc16a26a9,0.44666666666666677,0.56773267779804,0.12106601113137327,27,0.0,0.0,0.44666666666666677,0.56773267779804,0,0,0.12106601113137327,"{""energy"": 0.6666666666666667, ""water"": 0.2666666666666667, ""transport"": 0.33333333333333337}","{""energy"": 0.718184118211932, ""water"": 0.524253924392993, ""transport"": 0.41060951065123125}","{""energy"": 0.051517451545265214, ""water"": 0.2575872577263263, ""transport"": 0.07727617731789788}","{""energy"": 0.0, ""water"": 0.0, ""transport"": 0.0}","{""energy"": 0.0, ""water"": 0.0, ""transport"": 0.0}","{""energy"": 0.0, ""water"": 0.0, ""transport"": 0.0}",0.3,0.1,,0.44666666666666677,1.0,0.5533333333333332,1,"{""energy"": 0.6666666666666667, ""water"": 0.2666666666666667, ""transport"": 0.33333333333333337}","{""energy"": 1.0, ""water"": 1.0, ""transport"": 1.0}","{""energy"": 0.33333333333333326, ""water"": 0.7333333333333333, ""transport"": 0.6666666666666666}",4,0.56773267779804,,,[],,v1.0,0.7,0.3
S4_water_partial,332,332,7721279699586728843,scenario=S4_water_partial|method=both|duration=0|theta=0.300000|delta_threshold=0.100000|A=v1.0|w=na|run_id=332|seed=7721279699586728843,False,"{""step_1_amount"": 0.3889411726777028}",5222c37788a096d3910624247b4a1e76a3afcfe0df2ea7ddd6490cebc16a26a9,0.44666666666666677,0.557669605614817,0.11100293894815028,15,0.0,0.0,0.44666666666666677,0.557669605614817,0,0,0.11100293894815028,"{""energy"": 0.6666666666666667, ""water"": 0.2666666666666667, ""transport"": 0.33333333333333337}","{""energy"": 0.7139019598360924, ""water"": 0.5028431325137952, ""transport"": 0.4041862730874719}","{""energy"": 0.04723529316942565, ""water"": 0.23617646584712848, ""transport"": 0.07085293975413853}","{""energy"": 0.0, ""water"": 0.0, ""transport"": 0.0}","{""energy"": 0.0, ""water"": 0.0, ""transport"": 0.0}","{""energy"": 0.0, ""water"": 0.0, ""transport"": 0.0}",0.3,0.1,,0.44666666666666677,1.0,0.5533333333333332,1,"{""energy"": 0.6666666666666667, ""water"": 0.2666666666666667, ""transport"": 0.33333333333333337}","{""energy"": 1.0, ""water"": 1.0, ""transport"": 1.0}","{""energy"": 0.33333333333333326, ""water"": 0.7333333333333333, ""transport"": 0.6666666666666666}",4,0.557669605614817,,,[],,v1.0,0.7,0.3
S4_water_partial,333,333,14632501934875917944,scenario=S4_water_partial|method=both|duration=0|theta=0.300000|delta_threshold=0.100000|A=v1.0|w=na|run_id=333|seed=14632501934875917944,False,"{""step_1_amount"": 0.8319910918382583}",5222c37788a096d3910624247b4a1e76a3afcfe0df2ea7ddd6490cebc16a26a9,0.44666666666666677,0.8108271234519353,0.36416045678526854,12,0.0,1.0,0.44666666666666677,0.8108271234519353,1,1,0.36416045678526854,"{""energy"": 0.6666666666666667, ""water"": 0.2666666666666667, ""transport"": 0.33333333333333337}","{""energy"": 0.8362672040611004, ""water"": 1.0, ""transport"": 0.587734139424984}","{""energy"": 0.1696005373944337, ""water"": 0.7333333333333333, ""transport"": 0.2544008060916506}","{""energy"": 0.0, ""water"": 0.0, ""transport"": 0.0}","{""energy"": 1.0, ""water"": 1.0, ""transport"": 1.0}","{""energy"": 1.0, ""water"": 1.0, ""transport"": 1.0}",0.3,0.1,,0.44666666666666677,1.0,0.5533333333333332,1,"{""energy"": 0.6666666666666667, ""water"": 0.2666666666666667, ""transport"": 0.33333333333333337}","{""energy"": 1.0, ""water"": 1.0, ""transport"": 1.0}","{""energy"": 0.33333333333333326, ""water"": 0.7333333333333333, ""transport"": 0.6666666666666666}",3,0.8108271234519353,,,"[""energy"", ""transport""]",1,v1.0,0.7,0.3
S4_water_partial,334,334,14827408670102961102,scenario=S4_water_partial|method=both|duration=0|theta=0.300000|delta_threshold=0.100000|A=v1.0|w=na|run_id=334|seed=14827408670102961102,False,"{""step_1_amount"": 1.0345655507680576}",5222c37788a096d3910624247b4a1e76a3afcfe0df2ea7ddd6490cebc16a26a9,0.44666666666666677,0.8366666666666667,0.3899999999999999,20,0.0,1.0,0.44666666666666677,0.8366666666666667,1,1,0.3899999999999999,"{""energy"": 0.6666666666666667, ""water"": 0.2666666666666667, ""transport"": 0.33333333333333337}","{""energy"": 0.8666666666666667, ""water"": 1.0, ""transport"": 0.6333333333333333}","{""energy"": 0.19999999999999996, ""water"": 0.7333333333333333, ""transport"": 0.29999999999999993}","{""energy"": 0.0, ""water"": 0.0, ""transport"": 0.0}","{""energy"": 1.0, ""water"": 1.0, ""transport"": 1.0}","{""energy"": 1.0, ""water"": 1.0, ""transport"": 1.0}",0.3,0.1,,0.44666666666666677,1.0,0.5533333333333332,1,"{""energy"": 0.6666666666666667, ""water"": 0.2666666666666667, ""transport"": 0.33333333333333337}","{""energy"": 1.0, ""water"": 1.0, ""transport"": 1.0}","{""energy"": 0.33333333333333326, ""water"": 0.7333333333333333, ""transport"": 0.6666666666666666}",3,0.8366666666666667,,,"[""energy"", ""transport""]",1,v1.0,0.7,0.3
S4_water_partial,335,335,2655133528006407183,scenario=S4_water_partial|method=both|duration=0|theta=0.300000|delta_threshold=0.100000|A=v1.0|w=na|run_id=335|seed=2655133528006407183,False,"{""step_1_amount"": 0.3534320084714977}",5222c37788a096d3910624247b4a1e76a3afcfe0df2ea7ddd6490cebc16a26a9,0.44666666666666677,0.5368079716436717,0.0901413049770049,24,0.0,0.0,0.44666666666666677,0.5368079716436717,0,0,0.0901413049770049,"{""energy"": 0.6666666666666667, ""water"": 0.2666666666666667, ""transport"": 0.33333333333333337}","{""energy"": 0.7050246687845412, ""water"": 0.4584566772560389, ""transport"": 0.390870336510145}","{""energy"": 0.038358002117874435, ""water"": 0.19179001058937217, ""transport"": 0.05753700317681165}","{""energy"": 0.0, ""water"": 0.0, ""transport"": 0.0}","{""energy"": 0.0, ""water"": 0.0, ""transport"": 0.0}","{""energy"": 0.0, ""water"": 0.0, ""transport"": 0.0}",0.3,0.1,,0.44666666666666677,1.0,0.5533333333333332,1,"{""energy"": 0.6666666666666667, ""water"": 0.2666666666666667, ""transport"": 0.33333333333333337}","{""energy"": 1.0, ""water"": 1.0, ""transport"": 1.0}","{""energy"": 0.33333333333333326, ""water"": 0.7333333333333333, ""transport"": 0.6666666666666666}",4,0.5368079716436717,,,[],,v1.0,0.7,0.3
S4_water_partial,336,336,10167970282616934889,scenario=S4_water_partial|method=both|duration=0|theta=0.300000|delta_threshold=0.100000|A=v1.0|w=na|run_id=336|seed=10167970282616934889,False,"{""step_1_amount"": 0.6658756395071589}",5222c37788a096d3910624247b4a1e76a3afcfe0df2ea7ddd6490cebc16a26a9,0.44666666666666677,0.7203686048771225,0.27370193821045574,19,0.0,0.0,0.44666666666666677,0.7203686048771225,0,1,0.27370193821045574,"{""energy"": 0.6666666666666667, ""water"": 0.2666666666666667, ""transport"": 0.33333333333333337}","{""energy"": 0.7831355765434564, ""water"": 0.8490112160506154, ""transport"": 0.5080366981485179}","{""energy"": 0.1164689098767897, ""water"": 0.5823445493839486, ""transport"": 0.17470336481518456}","{""energy"": 0.0, ""water"": 0.0, ""transport"": 0.0}","{""energy"": 0.0, ""water"": 0.0, ""transport"": 0.0}","{""energy"": 0.0, ""water"": 0.0, ""transport"": 0.0}",0.3,0.1,,0.44666666666666677,1.0,0.5533333333333332,1,"{""energy"": 0.6666666666666667, ""water"": 0.2666666666666667, ""transport"": 0.33333333333333337}","{""energy"": 1.0, ""water"": 1.0, ""transport"": 1.0}","{""energy"": 0.33333333333333326, ""water"": 0.7333333333333333, ""transport"": 0.6666666666666666}",3,0.7203686048771225,,,[],,v1.0,0.7,0.3
S4_water_partial,337,337,11005755078613705632,scenario=S4_water_partial|method=both|duration=0|theta=0.300000|delta_threshold=0.100000|A=v1.0|w=na|run_id=337|seed=11005755078613705632,False,"{""step_1_amount"": 0.3170080789760791}",5222c37788a096d3910624247b4a1e76a3afcfe0df2ea7ddd6490cebc16a26a9,0.44666666666666677,0.904686348036851,0.45801968137018423,18,0.0,1.0,0.44666666666666677,0.904686348036851,1,1,0.45801968137018423,"{""energy"": 0.6666666666666667, ""water"": 0.2666666666666667, ""transport"": 0.33333333333333337}","{""energy"": 0.9474562351020366, ""water"": 0.7523461799867877, ""transport"": 1.0}","{""energy"": 0.28078956843536984, ""water"": 0.48567951332012094, ""transport"": 0.6666666666666666}","{""energy"": 0.0, ""water"": 0.0, ""transport"": 0.0}","{""energy"": 1.0, ""water"": 1.0, ""transport"": 1.0}","{""energy"": 1.0, ""water"": 1.0, ""transport"": 1.0}",0.3,0.1,,0.44666666666666677,1.0,0.5533333333333332,1,"{""energy"": 0.6666666666666667, ""water"": 0.2666666666666667, ""transport"": 0.33333333333333337}","{""energy"": 1.0, ""water"": 1.0, ""transport"": 1.0}","{""energy"": 0.33333333333333326, ""water"": 0.7333333333333333, ""transport"": 0.6666666666666666}",3,0.904686348036851,,,"[""energy"", ""transport""]",2,v1.0,0.7,0.3
S4_water_partial,338,338,6054842627822103214,scenario=S4_water_partial|method=both|duration=0|theta=0.300000|delta_threshold=0.100000|A=v1.0|w=na|run_id=338|seed=6054842627822103214,False,"{""step_1_amount"": 0.5931422039236554}",5222c37788a096d3910624247b4a1e76a3afcfe0df2ea7ddd6490cebc16a26a9,0.44666666666666677,0.6776377114718142,0.2309710448051474,5,0.0,0.0,0.44666666666666677,0.6776377114718142,0,1,0.2309710448051474,"{""energy"": 0.6666666666666667, ""water"": 0.2666666666666667, ""transport"": 0.33333333333333337}","{""energy"": 0.7649522176475806, ""water"": 0.7580944215712359, ""transport"": 0.4807616598047041}","{""energy"": 0.09828555098091385, ""water"": 0.49142775490456914, ""transport"": 0.14742832647137072}","{""energy"": 0.0, ""water"": 0.0, ""transport"": 0.0}","{""energy"": 0.0, ""water"": 0.0, ""transport"": 0.0}","{""energy"": 0.0, ""water"": 0.0, ""transport"": 0.0}",0.3,0.1,,0.44666666666666677,1.0,0.5533333333333332,1,"{""energy"": 0.6666666666666667, ""water"": 0.2666666666666667, ""transport"": 0.33333333333333337}","{""energy"": 1.0, ""water"": 1.0, ""transport"": 1.0}","{""energy"": 0.33333333333333326, ""water"": 0.7333333333333333, ""transport"": 0.6666666666666666}",3,0.6776377114718142,,,[],,v1.0,0.7,0.3
S4_water_partial,339,339,8022576253074699477,scenario=S4_water_partial|method=both|duration=0|theta=0.300000|delta_threshold=0.100000|A=v1.0|w=na|run_id=339|seed=8022576253074699477,False,"{""step_1_amount"": 0.8535250832917334}",5222c37788a096d3910624247b4a1e76a3afcfe0df2ea7ddd6490cebc16a26a9,0.44666666666666677,0.8997833868517473,0.45311672018508053,27,0.0,1.0,0.44666666666666677,0.8997833868517473,1,1,0.45311672018508053,"{""energy"": 0.6666666666666667, ""water"": 0.2666666666666667, ""transport"": 0.33333333333333337}","{""energy"": 0.8973641089078767, ""water"": 1.0, ""transport"": 0.8027924776286554}","{""energy"": 0.23069744224120992, ""water"": 0.7333333333333333, ""transport"": 0.469459144295322}","{""energy"": 0.0, ""water"": 0.0, ""transport"": 0.0}","{""energy"": 1.0, ""water"": 1.0, ""transport"": 1.0}","{""energy"": 1.0, ""water"": 1.0, ""transport"": 1.0}",0.3,0.1,,0.44666666666666677,1.0,0.5533333333333332,1,"{""energy"": 0.6666666666666667, ""water"": 0.2666666666666667, ""transport"": 0.33333333333333337}","{""energy"": 1.0, ""water"": 1.0, ""transport"": 1.0}","{""energy"": 0.33333333333333326, ""water"": 0.7333333333333333, ""transport"": 0.6666666666666666}",3,0.8997833868517473,,,"[""energy"", ""transport""]",1,v1.0,0.7,0.3
S4_water_partial,340,340,17825049972183928134,scenario=S4_water_partial|method=both|duration=0|theta=0.300000|delta_threshold=0.100000|A=v1.0|w=na|run_id=340|seed=17825049972183928134,False,"{""step_1_amount"": 0.7616661974392521}",5222c37788a096d3910624247b4a1e76a3afcfe0df2ea7ddd6490cebc16a26a9,0.44666666666666677,0.7766455576622273,0.32997889099556055,10,0.0,1.0,0.44666666666666677,0.7766455576622273,1,1,0.32997889099556055,"{""energy"": 0.6666666666666667, ""water"": 0.2666666666666667, ""transport"": 0.33333333333333337}","{""energy"": 0.8070832160264798, ""water"": 0.9687494134657318, ""transport"": 0.5439581573730529}","{""energy"": 0.14041654935981307, ""water"": 0.7020827467990651, ""transport"": 0.2106248240397195}","{""energy"": 0.0, ""water"": 0.0, ""transport"": 0.0}","{""energy"": 1.0, ""water"": 1.0, ""transport"": 1.0}","{""energy"": 1.0, ""water"": 1.0, ""transport"": 1.0}",0.3,0.1,,0.44666666666666677,1.0,0.5533333333333332,1,"{""energy"": 0.6666666666666667, ""water"": 0.2666666666666667, ""transport"": 0.33333333333333337}","{""energy"": 1.0, ""water"": 1.0, ""transport"": 1.0}","{""energy"": 0.33333333333333326, ""water"": 0.7333333333333333, ""transport"": 0.6666666666666666}",3,0.7766455576622273,,,"[""energy"", ""transport""]",1,v1.0,0.7,0.3
S4_water_partial,341,341,11011426156367164023,scenario=S4_water_partial|method=both|duration=0|theta=0.300000|delta_threshold=0.100000|A=v1.0|w=na|run_id=341|seed=11011426156367164023,False,"{""step_1_amount"": 0.8172440934518871}",5222c37788a096d3910624247b4a1e76a3afcfe0df2ea7ddd6490cebc16a26a9,0.44666666666666677,0.88744733486385,0.4407806681971832,30,0.0,1.0,0.44666666666666677,0.88744733486385,1,1,0.4407806681971832,"{""energy"": 0.6666666666666667, ""water"": 0.2666666666666667, ""transport"": 0.33333333333333337}","{""energy"": 0.884989331700108, ""water"": 1.0, ""transport"": 0.7781720072793559}","{""energy"": 0.21832266503344122, ""water"": 0.7333333333333333, ""transport"": 0.4448386739460225}","{""energy"": 0.0, ""water"": 0.0, ""transport"": 0.0}","{""energy"": 1.0, ""water"": 1.0, ""transport"": 1.0}","{""energy"": 1.0, ""water"": 1.0, ""transport"": 1.0}",0.3,0.1,,0.44666666666666677,1.0,0.5533333333333332,1,"{""energy"": 0.6666666666666667, ""water"": 0.2666666666666667, ""transport"": 0.33333333333333337}","{""energy"": 1.0, ""water"": 1.0, ""transport"": 1.0}","{""energy"": 0.33333333333333326, ""water"": 0.7333333333333333, ""transport"": 0.6666666666666666}",3,0.88744733486385,,,"[""energy"", ""transport""]",1,v1.0,0.7,0.3
S4_water_partial,342,342,15741325872885155299,scenario=S4_water_partial|method=both|duration=0|theta=0.300000|delta_threshold=0.100000|A=v1.0|w=na|run_id=342|seed=15741325872885155299,False,"{""step_1_amount"": 0.6969920530497163}",5222c37788a096d3910624247b4a1e76a3afcfe0df2ea7ddd6490cebc16a26a9,0.44666666666666677,1.0,0.5533333333333332,28,0.0,0.0,0.44666666666666677,1.0,0,1,0.5533333333333332,"{""energy"": 0.6666666666666667, ""water"": 0.2666666666666667, ""transport"": 0.33333333333333337}","{""energy"": 1.0, ""water"": 1.0, ""transport"": 1.0}","{""energy"": 0.33333333333333326, ""water"": 0.7333333333333333, ""transport"": 0.6666666666666666}","{""energy"": 0.0, ""water"": 0.0, ""transport"": 0.0}","{""energy"": 0.0, ""water"": 0.0, ""transport"": 0.0}","{""energy"": 0.0, ""water"": 0.0, ""transport"": 0.0}",0.3,0.1,,0.44666666666666677,1.0,0.5533333333333332,1,"{""energy"": 0.6666666666666667, ""water"": 0.2666666666666667, ""transport"": 0.33333333333333337}","{""energy"": 1.0, ""water"": 1.0, ""transport"": 1.0}","{""energy"": 0.33333333333333326, ""water"": 0.7333333333333333, ""transport"": 0.6666666666666666}",2,1.0,,,[],,v1.0,0.7,0.3
S4_water_partial,343,343,15158054306579893817,scenario=S4_water_partial|method=both|duration=0|theta=0.300000|delta_threshold=0.100000|A=v1.0|w=na|run_id=343|seed=15158054306579893817,False,"{""step_1_amount"": 1.8122897343264672}",5222c37788a096d3910624247b4a1e76a3afcfe0df2ea7ddd6490cebc16a26a9,0.44666666666666677,0.8366666666666667,0.3899999999999999,5,0.0,1.0,0.44666666666666677,0.8366666666666667,1,1,0.3899999999999999,"{""energy"": 0.6666666666666667, ""water"": 0.2666666666666667, ""transport"": 0.33333333333333337}","{""energy"": 0.8666666666666667, ""water"": 1.0, ""transport"": 0.6333333333333333}","{""energy"": 0.19999999999999996, ""water"": 0.7333333333333333, ""transport"": 0.29999999999999993}","{""energy"": 0.0, ""water"": 0.0, ""transport"": 0.0}","{""energy"": 1.0, ""water"": 1.0, ""transport"": 1.0}","{""energy"": 1.0, ""water"": 1.0, ""transport"": 1.0}",0.3,0.1,,0.44666666666666677,1.0,0.5533333333333332,1,"{""energy"": 0.6666666666666667, ""water"": 0.2666666666666667, ""transport"": 0.33333333333333337}","{""energy"": 1.0, ""water"": 1.0, ""transport"": 1.0}","{""energy"": 0.33333333333333326, ""water"": 0.7333333333333333, ""transport"": 0.6666666666666666}",3,0.8366666666666667,,,"[""energy"", ""transport""]",1,v1.0,0.7,0.3
S4_water_partial,344,344,15115540599905219829,scenario=S4_water_partial|method=both|duration=0|theta=0.300000|delta_threshold=0.100000|A=v1.0|w=na|run_id=344|seed=15115540599905219829,False,"{""step_1_amount"": 0.7280130950143446}",5222c37788a096d3910624247b4a1e76a3afcfe0df2ea7ddd6490cebc16a26a9,0.44666666666666677,0.7568743599875942,0.31020769332092746,18,0.0,0.0,0.44666666666666677,0.7568743599875942,0,1,0.31020769332092746,"{""energy"": 0.6666666666666667, ""water"": 0.2666666666666667, ""transport"": 0.33333333333333337}","{""energy"": 0.798669940420253, ""water"": 0.9266830354345976, ""transport"": 0.5313382439637127}","{""energy"": 0.13200327375358623, ""water"": 0.6600163687679309, ""transport"": 0.19800491063037928}","{""energy"": 0.0, ""water"": 0.0, ""transport"": 0.0}","{""energy"": 0.0, ""water"": 0.0, ""transport"": 0.0}","{""energy"": 0.0, ""water"": 0.0, ""transport"": 0.0}",0.3,0.1,,0.44666666666666677,1.0,0.5533333333333332,1,"{""energy"": 0.6666666666666667, ""water"": 0.2666666666666667, ""transport"": 0.33333333333333337}","{""energy"": 1.0, ""water"": 1.0, ""transport"": 1.0}","{""energy"": 0.33333333333333326, ""water"": 0.7333333333333333, ""transport"": 0.6666666666666666}",3,0.7568743599875942,,,[],,v1.0,0.7,0.3
S4_water_partial,345,345,13400418488306049216,scenario=S4_water_partial|method=both|duration=0|theta=0.300000|delta_threshold=0.100000|A=v1.0|w=na|run_id=345|seed=13400418488306049216,False,"{""step_1_amount"": 0.7470145201506693}",5222c37788a096d3910624247b4a1e76a3afcfe0df2ea7ddd6490cebc16a26a9,0.44666666666666677,0.7680376972551849,0.3213710305885181,25,0.0,0.0,0.44666666666666677,0.7680376972551849,0,1,0.3213710305885181,"{""energy"": 0.6666666666666667, ""water"": 0.2666666666666667, ""transport"": 0.33333333333333337}","{""energy"": 0.803420296704334, ""water"": 0.9504348168550033, ""transport"": 0.5384637783898343}","{""energy"": 0.13675363003766727, ""water"": 0.6837681501883366, ""transport"": 0.2051304450565009}","{""energy"": 0.0, ""water"": 0.0, ""transport"": 0.0}","{""energy"": 0.0, ""water"": 0.0, ""transport"": 0.0}","{""energy"": 0.0, ""water"": 0.0, ""transport"": 0.0}",0.3,0.1,,0.44666666666666677,1.0,0.5533333333333332,1,"{""energy"": 0.6666666666666667, ""water"": 0.2666666666666667, ""transport"": 0.33333333333333337}","{""energy"": 1.0, ""water"": 1.0, ""transport"": 1.0}","{""energy"": 0.33333333333333326, ""water"": 0.7333333333333333, ""transport"": 0.6666666666666666}",3,0.7680376972551849,,,[],,v1.0,0.7,0.3
S4_water_partial,346,346,6288848317314340200,scenario=S4_water_partial|method=both|duration=0|theta=0.300000|delta_threshold=0.100000|A=v1.0|w=na|run_id=346|seed=6288848317314340200,False,"{""step_1_amount"": 0.5050864453224095}",5222c37788a096d3910624247b4a1e76a3afcfe0df2ea7ddd6490cebc16a26a9,0.44666666666666677,0.6259049532935823,0.17923828662691554,15,0.0,0.0,0.44666666666666677,0.6259049532935823,0,1,0.17923828662691554,"{""energy"": 0.6666666666666667, ""water"": 0.2666666666666667, ""transport"": 0.33333333333333337}","{""energy"": 0.7429382779972691, ""water"": 0.6480247233196786, ""transport"": 0.44774075032923694}","{""energy"": 0.07627161133060234, ""water"": 0.3813580566530119, ""transport"": 0.11440741699590357}","{""energy"": 0.0, ""water"": 0.0, ""transport"": 0.0}","{""energy"": 0.0, ""water"": 0.0, ""transport"": 0.0}","{""energy"": 0.0, ""water"": 0.0, ""transport"": 0.0}",0.3,0.1,,0.44666666666666677,1.0,0.5533333333333332,1,"{""energy"": 0.6666666666666667, ""water"": 0.2666666666666667, ""transport"": 0.33333333333333337}","{""energy"": 1.0, ""water"": 1.0, ""transport"": 1.0}","{""energy"": 0.33333333333333326, ""water"": 0.7333333333333333, ""transport"": 0.6666666666666666}",3,0.6259049532935823,,,[],,v1.0,0.7,0.3
S4_water_partial,347,347,11774040491247369539,scenario=S4_water_partial|method=both|duration=0|theta=0.300000|delta_threshold=0.100000|A=v1.0|w=na|run_id=347|seed=11774040491247369539,False,"{""step_1_amount"": 0.685653998552254}",5222c37788a096d3910624247b4a1e76a3afcfe0df2ea7ddd6490cebc16a26a9,0.44666666666666677,0.7319883908161159,0.2853217241494491,16,0.0,0.0,0.44666666666666677,0.7319883908161159,0,1,0.2853217241494491,"{""energy"": 0.6666666666666667, ""water"": 0.2666666666666667, ""transport"": 0.33333333333333337}","{""energy"": 0.7880801663047302, ""water"": 0.8737341648569842, ""transport"": 0.5154535827904286}","{""energy"": 0.12141349963806347, ""water"": 0.6070674981903175, ""transport"": 0.18212024945709526}","{""energy"": 0.0, ""water"": 0.0, ""transport"": 0.0}","{""energy"": 0.0, ""water"": 0.0, ""transport"": 0.0}","{""energy"": 0.0, ""water"": 0.0, ""transport"": 0.0}",0.3,0.1,,0.44666666666666677,1.0,0.5533333333333332,1,"{""energy"": 0.6666666666666667, ""water"": 0.2666666666666667, ""transport"": 0.33333333333333337}","{""energy"": 1.0, ""water"": 1.0, ""transport"": 1.0}","{""energy"": 0.33333333333333326, ""water"": 0.7333333333333333, ""transport"": 0.6666666666666666}",3,0.7319883908161159,,,[],,v1.0,0.7,0.3
S4_water_partial,348,348,9781803647767957266,scenario=S4_water_partial|method=both|duration=0|theta=0.300000|delta_threshold=0.100000|A=v1.0|w=na|run_id=348|seed=9781803647767957266,False,"{""step_1_amount"": 0.6228138025503214}",5222c37788a096d3910624247b4a1e76a3afcfe0df2ea7ddd6490cebc16a26a9,0.44666666666666677,0.6950697756649806,0.24840310899831386,15,0.0,0.0,0.44666666666666677,0.6950697756649806,0,1,0.24840310899831386,"{""energy"": 0.6666666666666667, ""water"": 0.2666666666666667, ""transport"": 0.33333333333333337}","{""energy"": 0.7723701173042471, ""water"": 0.7951839198545685, ""transport"": 0.4918885092897039}","{""energy"": 0.10570345063758035, ""water"": 0.5285172531879018, ""transport"": 0.15855517595637053}","{""energy"": 0.0, ""water"": 0.0, ""transport"": 0.0}","{""energy"": 0.0, ""water"": 0.0, ""transport"": 0.0}","{""energy"": 0.0, ""water"": 0.0, ""transport"": 0.0}",0.3,0.1,,0.44666666666666677,1.0,0.5533333333333332,1,"{""energy"": 0.6666666666666667, ""water"": 0.2666666666666667, ""transport"": 0.33333333333333337}","{""energy"": 1.0, ""water"": 1.0, ""transport"": 1.0}","{""energy"": 0.33333333333333326, ""water"": 0.7333333333333333, ""transport"": 0.6666666666666666}",3,0.6950697756649806,,,[],,v1.0,0.7,0.3
S4_water_partial,349,349,9343051560410541211,scenario=S4_water_partial|method=both|duration=0|theta=0.300000|delta_threshold=0.100000|A=v1.0|w=na|run_id=349|seed=9343051560410541211,False,"{""step_1_amount"": 0.7598412157550547}",5222c37788a096d3910624247b4a1e76a3afcfe0df2ea7ddd6490cebc16a26a9,0.44666666666666677,0.8942826424452085,0.44761597577854173,23,0.0,0.0,0.44666666666666677,0.8942826424452085,0,1,0.44761597577854173,"{""energy"": 0.6666666666666667, ""water"": 0.2666666666666667, ""transport"": 0.33333333333333337}","{""energy"": 0.8842339116272823, ""water"": 1.0, ""transport"": 0.8019635926476517}","{""energy"": 0.21756724496061552, ""water"": 0.7333333333333333, ""transport"": 0.46863025931431834}","{""energy"": 0.0, ""water"": 0.0, ""transport"": 0.0}","{""energy"": 0.0, ""water"": 0.0, ""transport"": 0.0}","{""energy"": 0.0, ""water"": 0.0, ""transport"": 0.0}",0.3,0.1,,0.44666666666666677,1.0,0.5533333333333332,1,"{""energy"": 0.6666666666666667, ""water"": 0.2666666666666667, ""transport"": 0.33333333333333337}","{""energy"": 1.0, ""water"": 1.0, ""transport"": 1.0}","{""energy"": 0.33333333333333326, ""water"": 0.7333333333333333, ""transport"": 0.6666666666666666}",3,0.8942826424452085,,,[],,v1.0,0.7,0.3
S4_water_partial,350,350,18128091578024334624,scenario=S4_water_partial|method=both|duration=0|theta=0.300000|delta_threshold=0.100000|A=v1.0|w=na|run_id=350|seed=18128091578024334624,False,"{""step_1_amount"": 0.47530352800424835}",5222c37788a096d3910624247b4a1e76a3afcfe0df2ea7ddd6490cebc16a26a9,0.44666666666666677,0.6084074893691627,0.1617408227024959,30,0.0,0.0,0.44666666666666677,0.6084074893691627,0,1,0.1617408227024959,"{""energy"": 0.6666666666666667, ""water"": 0.2666666666666667, ""transport"": 0.33333333333333337}","{""energy"": 0.7354925486677288, ""water"": 0.6107960766719772, ""transport"": 0.4365721563349265}","{""energy"": 0.0688258820010621, ""water"": 0.3441294100053105, ""transport"": 0.10323882300159315}","{""energy"": 0.0, ""water"": 0.0, ""transport"": 0.0}","{""energy"": 0.0, ""water"": 0.0, ""transport"": 0.0}","{""energy"": 0.0, ""water"": 0.0, ""transport"": 0.0}",0.3,0.1,,0.44666666666666677,1.0,0.5533333333333332,1,"{""energy"": 0.6666666666666667, ""water"": 0.2666666666666667, ""transport"": 0.33333333333333337}","{""energy"": 1.0, ""water"": 1.0, ""transport"": 1.0}","{""energy"": 0.33333333333333326, ""water"": 0.7333333333333333, ""transport"": 0.6666666666666666}",4,0.6084074893691627,,,[],,v1.0,0.7,0.3
S4_water_partial,351,351,4954426143412791639,scenario=S4_water_partial|method=both|duration=0|theta=0.300000|delta_threshold=0.100000|A=v1.0|w=na|run_id=351|seed=4954426143412791639,False,"{""step_1_amount"": 0.5946619349873887}",5222c37788a096d3910624247b4a1e76a3afcfe0df2ea7ddd6490cebc16a26a9,0.44666666666666677,0.6785305534717576,0.23186388680509085,22,0.0,0.0,0.44666666666666677,0.6785305534717576,0,1,0.23186388680509085,"{""energy"": 0.6666666666666667, ""water"": 0.2666666666666667, ""transport"": 0.33333333333333337}","{""energy"": 0.7653321504135139, ""water"": 0.7599940854009026, ""transport"": 0.48133155895360413}","{""energy"": 0.09866548374684714, ""water"": 0.4933274187342359, ""transport"": 0.14799822562027076}","{""energy"": 0.0, ""water"": 0.0, ""transport"": 0.0}","{""energy"": 0.0, ""water"": 0.0, ""transport"": 0.0}","{""energy"": 0.0, ""water"": 0.0, ""transport"": 0.0}",0.3,0.1,,0.44666666666666677,1.0,0.5533333333333332,1,"{""energy"": 0.6666666666666667, ""water"": 0.2666666666666667, ""transport"": 0.33333333333333337}","{""energy"": 1.0, ""water"": 1.0, ""transport"": 1.0}","{""energy"": 0.33333333333333326, ""water"": 0.7333333333333333, ""transport"": 0.6666666666666666}",3,0.6785305534717576,,,[],,v1.0,0.7,0.3
S4_water_partial,352,352,14914388072818801099,scenario=S4_water_partial|method=both|duration=0|theta=0.300000|delta_threshold=0.100000|A=v1.0|w=na|run_id=352|seed=14914388072818801099,False,"{""step_1_amount"": 0.5410475411565044}",5222c37788a096d3910624247b4a1e76a3afcfe0df2ea7ddd6490cebc16a26a9,0.44666666666666677,0.647032097096113,0.2003654304294462,21,0.0,0.0,0.44666666666666677,0.647032097096113,0,1,0.2003654304294462,"{""energy"": 0.6666666666666667, ""water"": 0.2666666666666667, ""transport"": 0.33333333333333337}","{""energy"": 0.7519285519557928, ""water"": 0.6929760931122972, ""transport"": 0.46122616126702254}","{""energy"": 0.08526188528912604, ""water"": 0.4263094264456305, ""transport"": 0.12789282793368917}","{""energy"": 0.0, ""water"": 0.0, ""transport"": 0.0}","{""energy"": 0.0, ""water"": 0.0, ""transport"": 0.0}","{""energy"": 0.0, ""water"": 0.0, ""transport"": 0.0}",0.3,0.1,,0.44666666666666677,1.0,0.5533333333333332,1,"{""energy"": 0.6666666666666667, ""water"": 0.2666666666666667, ""transport"": 0.33333333333333337}","{""energy"": 1.0, ""water"": 1.0, ""transport"": 1.0}","{""energy"": 0.33333333333333326, ""water"": 0.7333333333333333, ""transport"": 0.6666666666666666}",3,0.647032097096113,,,[],,v1.0,0.7,0.3
S4_water_partial,353,353,14144826502358182803,scenario=S4_water_partial|method=both|duration=0|theta=0.300000|delta_threshold=0.100000|A=v1.0|w=na|run_id=353|seed=14144826502358182803,False,"{""step_1_amount"": 0.85442497886628}",5222c37788a096d3910624247b4a1e76a3afcfe0df2ea7ddd6490cebc16a26a9,0.44666666666666677,0.8057319746757513,0.35906530800908454,13,0.0,1.0,0.44666666666666677,0.8057319746757513,1,1,0.35906530800908454,"{""energy"": 0.6666666666666667, ""water"": 0.2666666666666667, ""transport"": 0.33333333333333337}","{""energy"": 0.8302729113832368, ""water"": 1.0, ""transport"": 0.5787427004081883}","{""energy"": 0.16360624471657004, ""water"": 0.7333333333333333, ""transport"": 0.24540936707485494}","{""energy"": 0.0, ""water"": 0.0, ""transport"": 0.0}","{""energy"": 1.0, ""water"": 1.0, ""transport"": 1.0}","{""energy"": 1.0, ""water"": 1.0, ""transport"": 1.0}",0.3,0.1,,0.44666666666666677,1.0,0.5533333333333332,1,"{""energy"": 0.6666666666666667, ""water"": 0.2666666666666667, ""transport"": 0.33333333333333337}","{""energy"": 1.0, ""water"": 1.0, ""transport"": 1.0}","{""energy"": 0.33333333333333326, ""water"": 0.7333333333333333, ""transport"": 0.6666666666666666}",3,0.8057319746757513,,,"[""energy"", ""transport""]",1,v1.0,0.7,0.3
S4_water_partial,354,354,10980802188518457690,scenario=S4_water_partial|method=both|duration=0|theta=0.300000|delta_threshold=0.100000|A=v1.0|w=na|run_id=354|seed=10980802188518457690,False,"{""step_1_amount"": 0.8055202598100699}",5222c37788a096d3910624247b4a1e76a3afcfe0df2ea7ddd6490cebc16a26a9,0.44666666666666677,0.9993674512435953,0.5527007845769285,16,0.0,1.0,0.44666666666666677,0.9993674512435953,1,1,0.5527007845769285,"{""energy"": 0.6666666666666667, ""water"": 0.2666666666666667, ""transport"": 0.33333333333333337}","{""energy"": 0.9984186281089882, ""water"": 1.0, ""transport"": 1.0}","{""energy"": 0.33175196144232144, ""water"": 0.7333333333333333, ""transport"": 0.6666666666666666}","{""energy"": 0.0, ""water"": 0.0, ""transport"": 0.0}","{""energy"": 1.0, ""water"": 1.0, ""transport"": 1.0}","{""energy"": 1.0, ""water"": 1.0, ""transport"": 1.0}",0.3,0.1,,0.44666666666666677,1.0,0.5533333333333332,1,"{""energy"": 0.6666666666666667, ""water"": 0.2666666666666667, ""transport"": 0.33333333333333337}","{""energy"": 1.0, ""water"": 1.0, ""transport"": 1.0}","{""energy"": 0.33333333333333326, ""water"": 0.7333333333333333, ""transport"": 0.6666666666666666}",3,0.9993674512435953,,,"[""energy"", ""transport""]",1,v1.0,0.7,0.3
S4_water_partial,355,355,12649090456915976219,scenario=S4_water_partial|method=both|duration=0|theta=0.300000|delta_threshold=0.100000|A=v1.0|w=na|run_id=355|seed=12649090456915976219,False,"{""step_1_amount"": 0.46293414473624966}",5222c37788a096d3910624247b4a1e76a3afcfe0df2ea7ddd6490cebc16a26a9,0.44666666666666677,0.9666762042311383,0.5200095375644715,20,0.0,0.0,0.44666666666666677,0.9666762042311383,0,1,0.5200095375644715,"{""energy"": 0.6666666666666667, ""water"": 0.2666666666666667, ""transport"": 0.33333333333333337}","{""energy"": 0.9727135574953281, ""water"": 0.9253026041100236, ""transport"": 1.0}","{""energy"": 0.3060468908286613, ""water"": 0.6586359374433569, ""transport"": 0.6666666666666666}","{""energy"": 0.0, ""water"": 0.0, ""transport"": 0.0}","{""energy"": 0.0, ""water"": 0.0, ""transport"": 0.0}","{""energy"": 0.0, ""water"": 0.0, ""transport"": 0.0}",0.3,0.1,,0.44666666666666677,1.0,0.5533333333333332,1,"{""energy"": 0.6666666666666667, ""water"": 0.2666666666666667, ""transport"": 0.33333333333333337}","{""energy"": 1.0, ""water"": 1.0, ""transport"": 1.0}","{""energy"": 0.33333333333333326, ""water"": 0.7333333333333333, ""transport"": 0.6666666666666666}",3,0.9666762042311383,,,[],,v1.0,0.7,0.3
S4_water_partial,356,356,10910638934844066053,scenario=S4_water_partial|method=both|duration=0|theta=0.300000|delta_threshold=0.100000|A=v1.0|w=na|run_id=356|seed=10910638934844066053,False,"{""step_1_amount"": 0.6905821001863222}",5222c37788a096d3910624247b4a1e76a3afcfe0df2ea7ddd6490cebc16a26a9,0.44666666666666677,0.8373022771988821,0.3906356105322153,9,0.0,0.0,0.44666666666666677,0.8373022771988821,0,1,0.3906356105322153,"{""energy"": 0.6666666666666667, ""water"": 0.2666666666666667, ""transport"": 0.33333333333333337}","{""energy"": 0.8533238333837168, ""water"": 0.9225687196798823, ""transport"": 0.730673759804769}","{""energy"": 0.18665716671705002, ""water"": 0.6559020530132156, ""transport"": 0.39734042647143564}","{""energy"": 0.0, ""water"": 0.0, ""transport"": 0.0}","{""energy"": 0.0, ""water"": 0.0, ""transport"": 0.0}","{""energy"": 0.0, ""water"": 0.0, ""transport"": 0.0}",0.3,0.1,,0.44666666666666677,1.0,0.5533333333333332,1,"{""energy"": 0.6666666666666667, ""water"": 0.2666666666666667, ""transport"": 0.33333333333333337}","{""energy"": 1.0, ""water"": 1.0, ""transport"": 1.0}","{""energy"": 0.33333333333333326, ""water"": 0.7333333333333333, ""transport"": 0.6666666666666666}",3,0.8373022771988821,,,[],,v1.0,0.7,0.3
S4_water_partial,357,357,8633257519586032520,scenario=S4_water_partial|method=both|duration=0|theta=0.300000|delta_threshold=0.100000|A=v1.0|w=na|run_id=357|seed=8633257519586032520,False,"{""step_1_amount"": 0.38942258161274157}",5222c37788a096d3910624247b4a1e76a3afcfe0df2ea7ddd6490cebc16a26a9,0.44666666666666677,0.5579524333641525,0.11128576669748569,16,0.0,0.0,0.44666666666666677,0.5579524333641525,0,0,0.11128576669748569,"{""energy"": 0.6666666666666667, ""water"": 0.2666666666666667, ""transport"": 0.33333333333333337}","{""energy"": 0.7140223120698521, ""water"": 0.5034448936825937, ""transport"": 0.4043668014381115}","{""energy"": 0.047355645403185376, ""water"": 0.236778227015927, ""transport"": 0.07103346810477812}","{""energy"": 0.0, ""water"": 0.0, ""transport"": 0.0}","{""energy"": 0.0, ""water"": 0.0, ""transport"": 0.0}","{""energy"": 0.0, ""water"": 0.0, ""transport"": 0.0}",0.3,0.1,,0.44666666666666677,1.0,0.5533333333333332,1,"{""energy"": 0.6666666666666667, ""water"": 0.2666666666666667, ""transport"": 0.33333333333333337}","{""energy"": 1.0, ""water"": 1.0, ""transport"": 1.0}","{""energy"": 0.33333333333333326, ""water"": 0.7333333333333333, ""transport"": 0.6666666666666666}",4,0.5579524333641525,,,[],,v1.0,0.7,0.3
S4_water_partial,358,358,11417465962733976973,scenario=S4_water_partial|method=both|duration=0|theta=0.300000|delta_threshold=0.100000|A=v1.0|w=na|run_id=358|seed=11417465962733976973,False,"{""step_1_amount"": 1.348203497810127}",5222c37788a096d3910624247b4a1e76a3afcfe0df2ea7ddd6490cebc16a26a9,0.44666666666666677,0.8366666666666667,0.3899999999999999,8,0.0,1.0,0.44666666666666677,0.8366666666666667,1,1,0.3899999999999999,"{""energy"": 0.6666666666666667, ""water"": 0.2666666666666667, ""transport"": 0.33333333333333337}","{""energy"": 0.8666666666666667, ""water"": 1.0, ""transport"": 0.6333333333333333}","{""energy"": 0.19999999999999996, ""water"": 0.7333333333333333, ""transport"": 0.29999999999999993}","{""energy"": 0.0, ""water"": 0.0, ""transport"": 0.0}","{""energy"": 1.0, ""water"": 1.0, ""transport"": 1.0}","{""energy"": 1.0, ""water"": 1.0, ""transport"": 1.0}",0.3,0.1,,0.44666666666666677,1.0,0.5533333333333332,1,"{""energy"": 0.6666666666666667, ""water"": 0.2666666666666667, ""transport"": 0.33333333333333337}","{""energy"": 1.0, ""water"": 1.0, ""transport"": 1.0}","{""energy"": 0.33333333333333326, ""water"": 0.7333333333333333, ""transport"": 0.6666666666666666}",3,0.8366666666666667,,,"[""energy"", ""transport""]",1,v1.0,0.7,0.3
S4_water_partial,359,359,14382178621298493055,scenario=S4_water_partial|method=both|duration=0|theta=0.300000|delta_threshold=0.100000|A=v1.0|w=na|run_id=359|seed=14382178621298493055,False,"{""step_1_amount"": 0.40697622541085127}",5222c37788a096d3910624247b4a1e76a3afcfe0df2ea7ddd6490cebc16a26a9,0.44666666666666677,0.5682651990955419,0.12159853242887508,12,0.0,0.0,0.44666666666666677,0.5682651990955419,0,0,0.12159853242887508,"{""energy"": 0.6666666666666667, ""water"": 0.2666666666666667, ""transport"": 0.33333333333333337}","{""energy"": 0.7184107230193796, ""water"": 0.5253869484302308, ""transport"": 0.4109494178624026}","{""energy"": 0.05174405635271284, ""water"": 0.2587202817635641, ""transport"": 0.07761608452906921}","{""energy"": 0.0, ""water"": 0.0, ""transport"": 0.0}","{""energy"": 0.0, ""water"": 0.0, ""transport"": 0.0}","{""energy"": 0.0, ""water"": 0.0, ""transport"": 0.0}",0.3,0.1,,0.44666666666666677,1.0,0.5533333333333332,1,"{""energy"": 0.6666666666666667, ""water"": 0.2666666666666667, ""transport"": 0.33333333333333337}","{""energy"": 1.0, ""water"": 1.0, ""transport"": 1.0}","{""energy"": 0.33333333333333326, ""water"": 0.7333333333333333, ""transport"": 0.6666666666666666}",4,0.5682651990955419,,,[],,v1.0,0.7,0.3
S4_water_partial,360,360,6549597326996596826,scenario=S4_water_partial|method=both|duration=0|theta=0.300000|delta_threshold=0.100000|A=v1.0|w=na|run_id=360|seed=6549597326996596826,False,"{""step_1_amount"": 0.7480713205542544}",5222c37788a096d3910624247b4a1e76a3afcfe0df2ea7ddd6490cebc16a26a9,0.44666666666666677,0.7686585674922911,0.32199190082562434,9,0.0,0.0,0.44666666666666677,0.7686585674922911,0,1,0.32199190082562434,"{""energy"": 0.6666666666666667, ""water"": 0.2666666666666667, ""transport"": 0.33333333333333337}","{""energy"": 0.8036844968052304, ""water"": 0.9517558173594847, ""transport"": 0.5388600785411788}","{""energy"": 0.1370178301385636, ""water"": 0.685089150692818, ""transport"": 0.20552674520784542}","{""energy"": 0.0, ""water"": 0.0, ""transport"": 0.0}","{""energy"": 0.0, ""water"": 0.0, ""transport"": 0.0}","{""energy"": 0.0, ""water"": 0.0, ""transport"": 0.0}",0.3,0.1,,0.44666666666666677,1.0,0.5533333333333332,1,"{""energy"": 0.6666666666666667, ""water"": 0.2666666666666667, ""transport"": 0.33333333333333337}","{""energy"": 1.0, ""water"": 1.0, ""transport"": 1.0}","{""energy"": 0.33333333333333326, ""water"": 0.7333333333333333, ""transport"": 0.6666666666666666}",3,0.7686585674922911,,,[],,v1.0,0.7,0.3
S4_water_partial,361,361,10013109524773154426,scenario=S4_water_partial|method=both|duration=0|theta=0.300000|delta_threshold=0.100000|A=v1.0|w=na|run_id=361|seed=10013109524773154426,False,"{""step_1_amount"": 1.0167571867146867}",5222c37788a096d3910624247b4a1e76a3afcfe0df2ea7ddd6490cebc16a26a9,0.44666666666666677,0.8366666666666667,0.3899999999999999,10,0.0,1.0,0.44666666666666677,0.8366666666666667,1,1,0.3899999999999999,"{""energy"": 0.6666666666666667, ""water"": 0.2666666666666667, ""transport"": 0.33333333333333337}","{""energy"": 0.8666666666666667, ""water"": 1.0, ""transport"": 0.6333333333333333}","{""energy"": 0.19999999999999996, ""water"": 0.7333333333333333, ""transport"": 0.29999999999999993}","{""energy"": 0.0, ""water"": 0.0, ""transport"": 0.0}","{""energy"": 1.0, ""water"": 1.0, ""transport"": 1.0}","{""energy"": 1.0, ""water"": 1.0, ""transport"": 1.0}",0.3,0.1,,0.44666666666666677,1.0,0.5533333333333332,1,"{""energy"": 0.6666666666666667, ""water"": 0.2666666666666667, ""transport"": 0.33333333333333337}","{""energy"": 1.0, ""water"": 1.0, ""transport"": 1.0}","{""energy"": 0.33333333333333326, ""water"": 0.7333333333333333, ""transport"": 0.6666666666666666}",3,0.8366666666666667,,,"[""energy"", ""transport""]",1,v1.0,0.7,0.3
S4_water_partial,362,362,17834762237098344704,scenario=S4_water_partial|method=both|duration=0|theta=0.300000|delta_threshold=0.100000|A=v1.0|w=na|run_id=362|seed=17834762237098344704,False,"{""step_1_amount"": 0.8485563311753886}",5222c37788a096d3910624247b4a1e76a3afcfe0df2ea7ddd6490cebc16a26a9,0.44666666666666677,0.8044848870414368,0.35781822037477007,10,0.0,1.0,0.44666666666666677,0.8044848870414368,1,1,0.35781822037477007,"{""energy"": 0.6666666666666667, ""water"": 0.2666666666666667, ""transport"": 0.33333333333333337}","{""energy"": 0.8288057494605139, ""water"": 1.0, ""transport"": 0.5765419575241041}","{""energy"": 0.16213908279384714, ""water"": 0.7333333333333333, ""transport"": 0.24320862419077072}","{""energy"": 0.0, ""water"": 0.0, ""transport"": 0.0}","{""energy"": 1.0, ""water"": 1.0, ""transport"": 1.0}","{""energy"": 1.0, ""water"": 1.0, ""transport"": 1.0}",0.3,0.1,,0.44666666666666677,1.0,0.5533333333333332,1,"{""energy"": 0.6666666666666667, ""water"": 0.2666666666666667, ""transport"": 0.33333333333333337}","{""energy"": 1.0, ""water"": 1.0, ""transport"": 1.0}","{""energy"": 0.33333333333333326, ""water"": 0.7333333333333333, ""transport"": 0.6666666666666666}",3,0.8044848870414368,,,"[""energy"", ""transport""]",1,v1.0,0.7,0.3
S4_water_partial,363,363,4098279891872639821,scenario=S4_water_partial|method=both|duration=0|theta=0.300000|delta_threshold=0.100000|A=v1.0|w=na|run_id=363|seed=4098279891872639821,False,"{""step_1_amount"": 0.9840973586735344}",5222c37788a096d3910624247b4a1e76a3afcfe0df2ea7ddd6490cebc16a26a9,0.44666666666666677,0.9279726899398075,0.48130602327314076,21,0.0,1.0,0.44666666666666677,0.9279726899398075,1,1,0.48130602327314076,"{""energy"": 0.6666666666666667, ""water"": 0.2666666666666667, ""transport"": 0.33333333333333337}","{""energy"": 0.930323388160061, ""water"": 1.0, ""transport"": 0.852811115585944}","{""energy"": 0.26365672149339425, ""water"": 0.7333333333333333, ""transport"": 0.5194777822526107}","{""energy"": 0.0, ""water"": 0.0, ""transport"": 0.0}","{""energy"": 1.0, ""water"": 1.0, ""transport"": 1.0}","{""energy"": 1.0, ""water"": 1.0, ""transport"": 1.0}",0.3,0.1,,0.44666666666666677,1.0,0.5533333333333332,1,"{""energy"": 0.6666666666666667, ""water"": 0.2666666666666667, ""transport"": 0.33333333333333337}","{""energy"": 1.0, ""water"": 1.0, ""transport"": 1.0}","{""energy"": 0.33333333333333326, ""water"": 0.7333333333333333, ""transport"": 0.6666666666666666}",3,0.9279726899398075,,,"[""energy"", ""transport""]",1,v1.0,0.7,0.3
S4_water_partial,364,364,13886881316626438498,scenario=S4_water_partial|method=both|duration=0|theta=0.300000|delta_threshold=0.100000|A=v1.0|w=na|run_id=364|seed=13886881316626438498,False,"{""step_1_amount"": 0.6815810533164763}",5222c37788a096d3910624247b4a1e76a3afcfe0df2ea7ddd6490cebc16a26a9,0.44666666666666677,0.8320141621628476,0.38534749549618086,7,0.0,0.0,0.44666666666666677,0.8320141621628476,0,1,0.38534749549618086,"{""energy"": 0.6666666666666667, ""water"": 0.2666666666666667, ""transport"": 0.33333333333333337}","{""energy"": 0.8510735716662552, ""water"": 0.911317411092575, ""transport"": 0.7272983672285768}","{""energy"": 0.18440690499958845, ""water"": 0.6446507444259083, ""transport"": 0.3939650338952434}","{""energy"": 0.0, ""water"": 0.0, ""transport"": 0.0}","{""energy"": 0.0, ""water"": 0.0, ""transport"": 0.0}","{""energy"": 0.0, ""water"": 0.0, ""transport"": 0.0}",0.3,0.1,,0.44666666666666677,1.0,0.5533333333333332,1,"{""energy"": 0.6666666666666667, ""water"": 0.2666666666666667, ""transport"": 0.33333333333333337}","{""energy"": 1.0, ""water"": 1.0, ""transport"": 1.0}","{""energy"": 0.33333333333333326, ""water"": 0.7333333333333333, ""transport"": 0.6666666666666666}",3,0.8320141621628476,,,[],,v1.0,0.7,0.3
S4_water_partial,365,365,11573155421186765285,scenario=S4_water_partial|method=both|duration=0|theta=0.300000|delta_threshold=0.100000|A=v1.0|w=na|run_id=365|seed=11573155421186765285,False,"{""step_1_amount"": 0.6260679936311757}",5222c37788a096d3910624247b4a1e76a3afcfe0df2ea7ddd6490cebc16a26a9,0.44666666666666677,0.6969816129249824,0.25031494625831563,16,0.0,0.0,0.44666666666666677,0.6969816129249824,0,1,0.25031494625831563,"{""energy"": 0.6666666666666667, ""water"": 0.2666666666666667, ""transport"": 0.33333333333333337}","{""energy"": 0.7731836650744607, ""water"": 0.7992516587056363, ""transport"": 0.4931088309450242}","{""energy"": 0.10651699840779394, ""water"": 0.5325849920389696, ""transport"": 0.15977549761169085}","{""energy"": 0.0, ""water"": 0.0, ""transport"": 0.0}","{""energy"": 0.0, ""water"": 0.0, ""transport"": 0.0}","{""energy"": 0.0, ""water"": 0.0, ""transport"": 0.0}",0.3,0.1,,0.44666666666666677,1.0,0.5533333333333332,1,"{""energy"": 0.6666666666666667, ""water"": 0.2666666666666667, ""transport"": 0.33333333333333337}","{""energy"": 1.0, ""water"": 1.0, ""transport"": 1.0}","{""energy"": 0.33333333333333326, ""water"": 0.7333333333333333, ""transport"": 0.6666666666666666}",3,0.6969816129249824,,,[],,v1.0,0.7,0.3
S4_water_partial,366,366,14839698546922449757,scenario=S4_water_partial|method=both|duration=0|theta=0.300000|delta_threshold=0.100000|A=v1.0|w=na|run_id=366|seed=14839698546922449757,False,"{""step_1_amount"": 0.5245909510367291}",5222c37788a096d3910624247b4a1e76a3afcfe0df2ea7ddd6490cebc16a26a9,0.44666666666666677,0.988037296205438,0.5413706295387712,11,0.0,0.0,0.44666666666666677,0.988037296205438,0,1,0.5413706295387712,"{""energy"": 0.6666666666666667, ""water"": 0.2666666666666667, ""transport"": 0.33333333333333337}","{""energy"": 0.9891786693155152, ""water"": 0.9745527615974394, ""transport"": 1.0}","{""energy"": 0.3225120026488485, ""water"": 0.7078860949307727, ""transport"": 0.6666666666666666}","{""energy"": 0.0, ""water"": 0.0, ""transport"": 0.0}","{""energy"": 0.0, ""water"": 0.0, ""transport"": 0.0}","{""energy"": 0.0, ""water"": 0.0, ""transport"": 0.0}",0.3,0.1,,0.44666666666666677,1.0,0.5533333333333332,1,"{""energy"": 0.6666666666666667, ""water"": 0.2666666666666667, ""transport"": 0.33333333333333337}","{""energy"": 1.0, ""water"": 1.0, ""transport"": 1.0}","{""energy"": 0.33333333333333326, ""water"": 0.7333333333333333, ""transport"": 0.6666666666666666}",3,0.988037296205438,,,[],,v1.0,0.7,0.3
S4_water_partial,367,367,15012826816764132732,scenario=S4_water_partial|method=both|duration=0|theta=0.300000|delta_threshold=0.100000|A=v1.0|w=na|run_id=367|seed=15012826816764132732,False,"{""step_1_amount"": 0.9009948889145578}",5222c37788a096d3910624247b4a1e76a3afcfe0df2ea7ddd6490cebc16a26a9,0.44666666666666677,0.8156280805610103,0.36896141389434356,9,0.0,1.0,0.44666666666666677,0.8156280805610103,1,1,0.36896141389434356,"{""energy"": 0.6666666666666667, ""water"": 0.2666666666666667, ""transport"": 0.33333333333333337}","{""energy"": 0.8419153888953061, ""water"": 1.0, ""transport"": 0.5962064166762926}","{""energy"": 0.1752487222286394, ""water"": 0.7333333333333333, ""transport"": 0.2628730833429592}","{""energy"": 0.0, ""water"": 0.0, ""transport"": 0.0}","{""energy"": 1.0, ""water"": 1.0, ""transport"": 1.0}","{""energy"": 1.0, ""water"": 1.0, ""transport"": 1.0}",0.3,0.1,,0.44666666666666677,1.0,0.5533333333333332,1,"{""energy"": 0.6666666666666667, ""water"": 0.2666666666666667, ""transport"": 0.33333333333333337}","{""energy"": 1.0, ""water"": 1.0, ""transport"": 1.0}","{""energy"": 0.33333333333333326, ""water"": 0.7333333333333333, ""transport"": 0.6666666666666666}",3,0.8156280805610103,,,"[""energy"", ""transport""]",1,v1.0,0.7,0.3
S4_water_partial,368,368,5059074180652619777,scenario=S4_water_partial|method=both|duration=0|theta=0.300000|delta_threshold=0.100000|A=v1.0|w=na|run_id=368|seed=5059074180652619777,False,"{""step_1_amount"": 0.7745863543055509}",5222c37788a096d3910624247b4a1e76a3afcfe0df2ea7ddd6490cebc16a26a9,0.44666666666666677,0.784236149821178,0.3375694831545112,12,0.0,1.0,0.44666666666666677,0.784236149821178,1,1,0.3375694831545112,"{""energy"": 0.6666666666666667, ""water"": 0.2666666666666667, ""transport"": 0.33333333333333337}","{""energy"": 0.8103132552430545, ""water"": 0.9848996095486053, ""transport"": 0.548803216197915}","{""energy"": 0.1436465885763878, ""water"": 0.7182329428819386, ""transport"": 0.21546988286458157}","{""energy"": 0.0, ""water"": 0.0, ""transport"": 0.0}","{""energy"": 1.0, ""water"": 1.0, ""transport"": 1.0}","{""energy"": 1.0, ""water"": 1.0, ""transport"": 1.0}",0.3,0.1,,0.44666666666666677,1.0,0.5533333333333332,1,"{""energy"": 0.6666666666666667, ""water"": 0.2666666666666667, ""transport"": 0.33333333333333337}","{""energy"": 1.0, ""water"": 1.0, ""transport"": 1.0}","{""energy"": 0.33333333333333326, ""water"": 0.7333333333333333, ""transport"": 0.6666666666666666}",3,0.784236149821178,,,"[""energy"", ""transport""]",1,v1.0,0.7,0.3
S4_water_partial,369,369,12683643980706919120,scenario=S4_water_partial|method=both|duration=0|theta=0.300000|delta_threshold=0.100000|A=v1.0|w=na|run_id=369|seed=12683643980706919120,False,"{""step_1_amount"": 1.5808778458193216}",5222c37788a096d3910624247b4a1e76a3afcfe0df2ea7ddd6490cebc16a26a9,0.44666666666666677,0.8366666666666667,0.3899999999999999,6,0.0,1.0,0.44666666666666677,0.8366666666666667,1,1,0.3899999999999999,"{""energy"": 0.6666666666666667, ""water"": 0.2666666666666667, ""transport"": 0.33333333333333337}","{""energy"": 0.8666666666666667, ""water"": 1.0, ""transport"": 0.6333333333333333}","{""energy"": 0.19999999999999996, ""water"": 0.7333333333333333, ""transport"": 0.29999999999999993}","{""energy"": 0.0, ""water"": 0.0, ""transport"": 0.0}","{""energy"": 1.0, ""water"": 1.0, ""transport"": 1.0}","{""energy"": 1.0, ""water"": 1.0, ""transport"": 1.0}",0.3,0.1,,0.44666666666666677,1.0,0.5533333333333332,1,"{""energy"": 0.6666666666666667, ""water"": 0.2666666666666667, ""transport"": 0.33333333333333337}","{""energy"": 1.0, ""water"": 1.0, ""transport"": 1.0}","{""energy"": 0.33333333333333326, ""water"": 0.7333333333333333, ""transport"": 0.6666666666666666}",3,0.8366666666666667,,,"[""energy"", ""transport""]",1,v1.0,0.7,0.3
S4_water_partial,370,370,7804706905345518127,scenario=S4_water_partial|method=both|duration=0|theta=0.300000|delta_threshold=0.100000|A=v1.0|w=na|run_id=370|seed=7804706905345518127,False,"{""step_1_amount"": 0.7024180573371285}",5222c37788a096d3910624247b4a1e76a3afcfe0df2ea7ddd6490cebc16a26a9,0.44666666666666677,0.8731750525712639,0.42650838590459716,6,0.0,0.0,0.44666666666666677,0.8731750525712639,0,1,0.42650838590459716,"{""energy"": 0.6666666666666667, ""water"": 0.2666666666666667, ""transport"": 0.33333333333333337}","{""energy"": 0.8743572917628453, ""water"": 0.9494133121793416, ""transport"": 0.7953604740410777}","{""energy"": 0.20769062509617853, ""water"": 0.6827466455126748, ""transport"": 0.4620271407077443}","{""energy"": 0.0, ""water"": 0.0, ""transport"": 0.0}","{""energy"": 0.0, ""water"": 0.0, ""transport"": 0.0}","{""energy"": 0.0, ""water"": 0.0, ""transport"": 0.0}",0.3,0.1,,0.44666666666666677,1.0,0.5533333333333332,1,"{""energy"": 0.6666666666666667, ""water"": 0.2666666666666667, ""transport"": 0.33333333333333337}","{""energy"": 1.0, ""water"": 1.0, ""transport"": 1.0}","{""energy"": 0.33333333333333326, ""water"": 0.7333333333333333, ""transport"": 0.6666666666666666}",3,0.8731750525712639,,,[],,v1.0,0.7,0.3
S4_water_partial,371,371,822912396406308867,scenario=S4_water_partial|method=both|duration=0|theta=0.300000|delta_threshold=0.100000|A=v1.0|w=na|run_id=371|seed=822912396406308867,False,"{""step_1_amount"": 0.6052029478960046}",5222c37788a096d3910624247b4a1e76a3afcfe0df2ea7ddd6490cebc16a26a9,0.44666666666666677,0.6847233985555694,0.23805673188890264,23,0.0,0.0,0.44666666666666677,0.6847233985555694,0,1,0.23805673188890264,"{""energy"": 0.6666666666666667, ""water"": 0.2666666666666667, ""transport"": 0.33333333333333337}","{""energy"": 0.7679674036406678, ""water"": 0.7731703515366725, ""transport"": 0.4852844387943351}","{""energy"": 0.1013007369740011, ""water"": 0.5065036848700057, ""transport"": 0.1519511054610017}","{""energy"": 0.0, ""water"": 0.0, ""transport"": 0.0}","{""energy"": 0.0, ""water"": 0.0, ""transport"": 0.0}","{""energy"": 0.0, ""water"": 0.0, ""transport"": 0.0}",0.3,0.1,,0.44666666666666677,1.0,0.5533333333333332,1,"{""energy"": 0.6666666666666667, ""water"": 0.2666666666666667, ""transport"": 0.33333333333333337}","{""energy"": 1.0, ""water"": 1.0, ""transport"": 1.0}","{""energy"": 0.33333333333333326, ""water"": 0.7333333333333333, ""transport"": 0.6666666666666666}",3,0.6847233985555694,,,[],,v1.0,0.7,0.3
S4_water_partial,372,372,2143122553018319664,scenario=S4_water_partial|method=both|duration=0|theta=0.300000|delta_threshold=0.100000|A=v1.0|w=na|run_id=372|seed=2143122553018319664,False,"{""step_1_amount"": 0.9867830848574742}",5222c37788a096d3910624247b4a1e76a3afcfe0df2ea7ddd6490cebc16a26a9,0.44666666666666677,0.8338580721988799,0.3871914055322131,27,0.0,1.0,0.44666666666666677,0.8338580721988799,1,1,0.3871914055322131,"{""energy"": 0.6666666666666667, ""water"": 0.2666666666666667, ""transport"": 0.33333333333333337}","{""energy"": 0.8633624378810353, ""water"": 1.0, ""transport"": 0.6283769901548861}","{""energy"": 0.19669577121436854, ""water"": 0.7333333333333333, ""transport"": 0.29504365682155276}","{""energy"": 0.0, ""water"": 0.0, ""transport"": 0.0}","{""energy"": 1.0, ""water"": 1.0, ""transport"": 1.0}","{""energy"": 1.0, ""water"": 1.0, ""transport"": 1.0}",0.3,0.1,,0.44666666666666677,1.0,0.5533333333333332,1,"{""energy"": 0.6666666666666667, ""water"": 0.2666666666666667, ""transport"": 0.33333333333333337}","{""energy"": 1.0, ""water"": 1.0, ""transport"": 1.0}","{""energy"": 0.33333333333333326, ""water"": 0.7333333333333333, ""transport"": 0.6666666666666666}",3,0.8338580721988799,,,"[""energy"", ""transport""]",1,v1.0,0.7,0.3
S4_water_partial,373,373,8412405877819800045,scenario=S4_water_partial|method=both|duration=0|theta=0.300000|delta_threshold=0.100000|A=v1.0|w=na|run_id=373|seed=8412405877819800045,False,"{""step_1_amount"": 0.7927080242473655}",5222c37788a096d3910624247b4a1e76a3afcfe0df2ea7ddd6490cebc16a26a9,0.44666666666666677,0.7926171218192319,0.3459504551525652,12,0.0,1.0,0.44666666666666677,0.7926171218192319,1,1,0.3459504551525652,"{""energy"": 0.6666666666666667, ""water"": 0.2666666666666667, ""transport"": 0.33333333333333337}","{""energy"": 0.8148436727285081, ""water"": 1.0, ""transport"": 0.5555988424260955}","{""energy"": 0.14817700606184137, ""water"": 0.7333333333333333, ""transport"": 0.2222655090927621}","{""energy"": 0.0, ""water"": 0.0, ""transport"": 0.0}","{""energy"": 1.0, ""water"": 1.0, ""transport"": 1.0}","{""energy"": 1.0, ""water"": 1.0, ""transport"": 1.0}",0.3,0.1,,0.44666666666666677,1.0,0.5533333333333332,1,"{""energy"": 0.6666666666666667, ""water"": 0.2666666666666667, ""transport"": 0.33333333333333337}","{""energy"": 1.0, ""water"": 1.0, ""transport"": 1.0}","{""energy"": 0.33333333333333326, ""water"": 0.7333333333333333, ""transport"": 0.6666666666666666}",3,0.7926171218192319,,,"[""energy"", ""transport""]",1,v1.0,0.7,0.3
S4_water_partial,374,374,9850855318936851616,scenario=S4_water_partial|method=both|duration=0|theta=0.300000|delta_threshold=0.100000|A=v1.0|w=na|run_id=374|seed=9850855318936851616,False,"{""step_1_amount"": 0.4999019702403618}",5222c37788a096d3910624247b4a1e76a3afcfe0df2ea7ddd6490cebc16a26a9,0.44666666666666677,0.6228590741828793,0.17619240751621257,13,0.0,0.0,0.44666666666666677,0.6228590741828793,0,1,0.17619240751621257,"{""energy"": 0.6666666666666667, ""water"": 0.2666666666666667, ""transport"": 0.33333333333333337}","{""energy"": 0.7416421592267572, ""water"": 0.641544129467119, ""transport"": 0.4457965721734691}","{""energy"": 0.0749754925600905, ""water"": 0.3748774628004523, ""transport"": 0.1124632388401357}","{""energy"": 0.0, ""water"": 0.0, ""transport"": 0.0}","{""energy"": 0.0, ""water"": 0.0, ""transport"": 0.0}","{""energy"": 0.0, ""water"": 0.0, ""transport"": 0.0}",0.3,0.1,,0.44666666666666677,1.0,0.5533333333333332,1,"{""energy"": 0.6666666666666667, ""water"": 0.2666666666666667, ""transport"": 0.33333333333333337}","{""energy"": 1.0, ""water"": 1.0, ""transport"": 1.0}","{""energy"": 0.33333333333333326, ""water"": 0.7333333333333333, ""transport"": 0.6666666666666666}",3,0.6228590741828793,,,[],,v1.0,0.7,0.3
S4_water_partial,375,375,8180471704716393528,scenario=S4_water_partial|method=both|duration=0|theta=0.300000|delta_threshold=0.100000|A=v1.0|w=na|run_id=375|seed=8180471704716393528,False,"{""step_1_amount"": 0.5817841507993748}",5222c37788a096d3910624247b4a1e76a3afcfe0df2ea7ddd6490cebc16a26a9,0.44666666666666677,0.6709648552612995,0.22429818859463269,5,0.0,0.0,0.44666666666666677,0.6709648552612995,0,1,0.22429818859463269,"{""energy"": 0.6666666666666667, ""water"": 0.2666666666666667, ""transport"": 0.33333333333333337}","{""energy"": 0.7621127043665105, ""water"": 0.7438968551658853, ""transport"": 0.4765023898830989}","{""energy"": 0.09544603769984372, ""water"": 0.4772301884992186, ""transport"": 0.14316905654976553}","{""energy"": 0.0, ""water"": 0.0, ""transport"": 0.0}","{""energy"": 0.0, ""water"": 0.0, ""transport"": 0.0}","{""energy"": 0.0, ""water"": 0.0, ""transport"": 0.0}",0.3,0.1,,0.44666666666666677,1.0,0.5533333333333332,1,"{""energy"": 0.6666666666666667, ""water"": 0.2666666666666667, ""transport"": 0.33333333333333337}","{""energy"": 1.0, ""water"": 1.0, ""transport"": 1.0}","{""energy"": 0.33333333333333326, ""water"": 0.7333333333333333, ""transport"": 0.6666666666666666}",3,0.6709648552612995,,,[],,v1.0,0.7,0.3
S4_water_partial,376,376,6296379854492106034,scenario=S4_water_partial|method=both|duration=0|theta=0.300000|delta_threshold=0.100000|A=v1.0|w=na|run_id=376|seed=6296379854492106034,False,"{""step_1_amount"": 0.6383529692912341}",5222c37788a096d3910624247b4a1e76a3afcfe0df2ea7ddd6490cebc16a26a9,0.44666666666666677,0.8208386949484561,0.3741720282817893,19,0.0,0.0,0.44666666666666677,0.8208386949484561,0,1,0.3741720282817893,"{""energy"": 0.6666666666666667, ""water"": 0.2666666666666667, ""transport"": 0.33333333333333337}","{""energy"": 0.8491546957539686, ""water"": 0.8632077361237049, ""transport"": 0.740714986032524}","{""energy"": 0.18248802908730188, ""water"": 0.5965410694570382, ""transport"": 0.4073816526991906}","{""energy"": 0.0, ""water"": 0.0, ""transport"": 0.0}","{""energy"": 0.0, ""water"": 0.0, ""transport"": 0.0}","{""energy"": 0.0, ""water"": 0.0, ""transport"": 0.0}",0.3,0.1,,0.44666666666666677,1.0,0.5533333333333332,1,"{""energy"": 0.6666666666666667, ""water"": 0.2666666666666667, ""transport"": 0.33333333333333337}","{""energy"": 1.0, ""water"": 1.0, ""transport"": 1.0}","{""energy"": 0.33333333333333326, ""water"": 0.7333333333333333, ""transport"": 0.6666666666666666}",3,0.8208386949484561,,,[],,v1.0,0.7,0.3
S4_water_partial,377,377,7692570012796866977,scenario=S4_water_partial|method=both|duration=0|theta=0.300000|delta_threshold=0.100000|A=v1.0|w=na|run_id=377|seed=7692570012796866977,False,"{""step_1_amount"": 0.5004894676976502}",5222c37788a096d3910624247b4a1e76a3afcfe0df2ea7ddd6490cebc16a26a9,0.44666666666666677,0.6232042289390363,0.1765375622723695,15,0.0,0.0,0.44666666666666677,0.6232042289390363,0,1,0.1765375622723695,"{""energy"": 0.6666666666666667, ""water"": 0.2666666666666667, ""transport"": 0.33333333333333337}","{""energy"": 0.7417890335910793, ""water"": 0.6422785012887295, ""transport"": 0.4460168837199522}","{""energy"": 0.07512236692441254, ""water"": 0.3756118346220628, ""transport"": 0.11268355038661881}","{""energy"": 0.0, ""water"": 0.0, ""transport"": 0.0}","{""energy"": 0.0, ""water"": 0.0, ""transport"": 0.0}","{""energy"": 0.0, ""water"": 0.0, ""transport"": 0.0}",0.3,0.1,,0.44666666666666677,1.0,0.5533333333333332,1,"{""energy"": 0.6666666666666667, ""water"": 0.2666666666666667, ""transport"": 0.33333333333333337}","{""energy"": 1.0, ""water"": 1.0, ""transport"": 1.0}","{""energy"": 0.33333333333333326, ""water"": 0.7333333333333333, ""transport"": 0.6666666666666666}",3,0.6232042289390363,,,[],,v1.0,0.7,0.3
S4_water_partial,378,378,2159574120019709568,scenario=S4_water_partial|method=both|duration=0|theta=0.300000|delta_threshold=0.100000|A=v1.0|w=na|run_id=378|seed=2159574120019709568,False,"{""step_1_amount"": 0.49074232776208143}",5222c37788a096d3910624247b4a1e76a3afcfe0df2ea7ddd6490cebc16a26a9,0.44666666666666677,0.7328692326729952,0.28620256600632843,22,0.0,0.0,0.44666666666666677,0.7328692326729952,0,1,0.28620256600632843,"{""energy"": 0.6666666666666667, ""water"": 0.2666666666666667, ""transport"": 0.33333333333333337}","{""energy"": 0.8114719038860031, ""water"": 0.6781743465551459, ""transport"": 0.6827605571735007}","{""energy"": 0.14480523721933636, ""water"": 0.41150767988847914, ""transport"": 0.34942722384016733}","{""energy"": 0.0, ""water"": 0.0, ""transport"": 0.0}","{""energy"": 0.0, ""water"": 0.0, ""transport"": 0.0}","{""energy"": 0.0, ""water"": 0.0, ""transport"": 0.0}",0.3,0.1,,0.44666666666666677,1.0,0.5533333333333332,1,"{""energy"": 0.6666666666666667, ""water"": 0.2666666666666667, ""transport"": 0.33333333333333337}","{""energy"": 1.0, ""water"": 1.0, ""transport"": 1.0}","{""energy"": 0.33333333333333326, ""water"": 0.7333333333333333, ""transport"": 0.6666666666666666}",3,0.7328692326729952,,,[],,v1.0,0.7,0.3
S4_water_partial,379,379,15018333800550573044,scenario=S4_water_partial|method=both|duration=0|theta=0.300000|delta_threshold=0.100000|A=v1.0|w=na|run_id=379|seed=15018333800550573044,False,"{""step_1_amount"": 0.7822150384088626}",5222c37788a096d3910624247b4a1e76a3afcfe0df2ea7ddd6490cebc16a26a9,0.44666666666666677,0.7887180017318735,0.3420513350652067,13,0.0,1.0,0.44666666666666677,0.7887180017318735,1,1,0.3420513350652067,"{""energy"": 0.6666666666666667, ""water"": 0.2666666666666667, ""transport"": 0.33333333333333337}","{""energy"": 0.8122204262688824, ""water"": 0.994435464677745, ""transport"": 0.5516639727366568}","{""energy"": 0.14555375960221562, ""water"": 0.7277687980110783, ""transport"": 0.21833063940332342}","{""energy"": 0.0, ""water"": 0.0, ""transport"": 0.0}","{""energy"": 1.0, ""water"": 1.0, ""transport"": 1.0}","{""energy"": 1.0, ""water"": 1.0, ""transport"": 1.0}",0.3,0.1,,0.44666666666666677,1.0,0.5533333333333332,1,"{""energy"": 0.6666666666666667, ""water"": 0.2666666666666667, ""transport"": 0.33333333333333337}","{""energy"": 1.0, ""water"": 1.0, ""transport"": 1.0}","{""energy"": 0.33333333333333326, ""water"": 0.7333333333333333, ""transport"": 0.6666666666666666}",3,0.7887180017318735,,,"[""energy"", ""transport""]",1,v1.0,0.7,0.3
S4_water_partial,380,380,14744257246901587938,scenario=S4_water_partial|method=both|duration=0|theta=0.300000|delta_threshold=0.100000|A=v1.0|w=na|run_id=380|seed=14744257246901587938,False,"{""step_1_amount"": 0.39136530099898903}",5222c37788a096d3910624247b4a1e76a3afcfe0df2ea7ddd6490cebc16a26a9,0.44666666666666677,0.5590937810035728,0.112427114336906,16,0.0,0.0,0.44666666666666677,0.5590937810035728,0,0,0.112427114336906,"{""energy"": 0.6666666666666667, ""water"": 0.2666666666666667, ""transport"": 0.33333333333333337}","{""energy"": 0.714507991916414, ""water"": 0.5058732929154031, ""transport"": 0.4050953212079543}","{""energy"": 0.04784132524974727, ""water"": 0.23920662624873634, ""transport"": 0.0717619878746209}","{""energy"": 0.0, ""water"": 0.0, ""transport"": 0.0}","{""energy"": 0.0, ""water"": 0.0, ""transport"": 0.0}","{""energy"": 0.0, ""water"": 0.0, ""transport"": 0.0}",0.3,0.1,,0.44666666666666677,1.0,0.5533333333333332,1,"{""energy"": 0.6666666666666667, ""water"": 0.2666666666666667, ""transport"": 0.33333333333333337}","{""energy"": 1.0, ""water"": 1.0, ""transport"": 1.0}","{""energy"": 0.33333333333333326, ""water"": 0.7333333333333333, ""transport"": 0.6666666666666666}",4,0.5590937810035728,,,[],,v1.0,0.7,0.3
S4_water_partial,381,381,2216302561504073020,scenario=S4_water_partial|method=both|duration=0|theta=0.300000|delta_threshold=0.100000|A=v1.0|w=na|run_id=381|seed=2216302561504073020,False,"{""step_1_amount"": 0.6820662871217313}",5222c37788a096d3910624247b4a1e76a3afcfe0df2ea7ddd6490cebc16a26a9,0.44666666666666677,0.846691293711797,0.4000246270451302,10,0.0,0.0,0.44666666666666677,0.846691293711797,0,1,0.4000246270451302,"{""energy"": 0.6666666666666667, ""water"": 0.2666666666666667, ""transport"": 0.33333333333333337}","{""energy"": 0.8601899155477952, ""water"": 0.9179206436359613, ""transport"": 0.7574637813396348}","{""energy"": 0.19352324888112848, ""water"": 0.6512539769692945, ""transport"": 0.4241304480063014}","{""energy"": 0.0, ""water"": 0.0, ""transport"": 0.0}","{""energy"": 0.0, ""water"": 0.0, ""transport"": 0.0}","{""energy"": 0.0, ""water"": 0.0, ""transport"": 0.0}",0.3,0.1,,0.44666666666666677,1.0,0.5533333333333332,1,"{""energy"": 0.6666666666666667, ""water"": 0.2666666666666667, ""transport"": 0.33333333333333337}","{""energy"": 1.0, ""water"": 1.0, ""transport"": 1.0}","{""energy"": 0.33333333333333326, ""water"": 0.7333333333333333, ""transport"": 0.6666666666666666}",3,0.846691293711797,,,[],,v1.0,0.7,0.3
S4_water_partial,382,382,9015486847163859709,scenario=S4_water_partial|method=both|duration=0|theta=0.300000|delta_threshold=0.100000|A=v1.0|w=na|run_id=382|seed=9015486847163859709,False,"{""step_1_amount"": 0.7639167126415638}",5222c37788a096d3910624247b4a1e76a3afcfe0df2ea7ddd6490cebc16a26a9,0.44666666666666677,0.9230784995383221,0.47641183287165534,6,0.0,1.0,0.44666666666666677,0.9230784995383221,1,1,0.47641183287165534,"{""energy"": 0.6666666666666667, ""water"": 0.2666666666666667, ""transport"": 0.33333333333333337}","{""energy"": 0.9118830693561724, ""water"": 1.0, ""transport"": 0.8610842393195105}","{""energy"": 0.24521640268950562, ""water"": 0.7333333333333333, ""transport"": 0.5277509059861771}","{""energy"": 0.0, ""water"": 0.0, ""transport"": 0.0}","{""energy"": 1.0, ""water"": 1.0, ""transport"": 1.0}","{""energy"": 1.0, ""water"": 1.0, ""transport"": 1.0}",0.3,0.1,,0.44666666666666677,1.0,0.5533333333333332,1,"{""energy"": 0.6666666666666667, ""water"": 0.2666666666666667, ""transport"": 0.33333333333333337}","{""energy"": 1.0, ""water"": 1.0, ""transport"": 1.0}","{""energy"": 0.33333333333333326, ""water"": 0.7333333333333333, ""transport"": 0.6666666666666666}",3,0.9230784995383221,,,"[""energy"", ""transport""]",1,v1.0,0.7,0.3
S4_water_partial,383,383,9275298997227992468,scenario=S4_water_partial|method=both|duration=0|theta=0.300000|delta_threshold=0.100000|A=v1.0|w=na|run_id=383|seed=9275298997227992468,False,"{""step_1_amount"": 0.7537394387620278}",5222c37788a096d3910624247b4a1e76a3afcfe0df2ea7ddd6490cebc16a26a9,0.44666666666666677,1.0,0.5533333333333332,26,0.0,1.0,0.44666666666666677,1.0,1,1,0.5533333333333332,"{""energy"": 0.6666666666666667, ""water"": 0.2666666666666667, ""transport"": 0.33333333333333337}","{""energy"": 1.0, ""water"": 1.0, ""transport"": 1.0}","{""energy"": 0.33333333333333326, ""water"": 0.7333333333333333, ""transport"": 0.6666666666666666}","{""energy"": 0.0, ""water"": 0.0, ""transport"": 0.0}","{""energy"": 1.0, ""water"": 1.0, ""transport"": 1.0}","{""energy"": 1.0, ""water"": 1.0, ""transport"": 1.0}",0.3,0.1,,0.44666666666666677,1.0,0.5533333333333332,1,"{""energy"": 0.6666666666666667, ""water"": 0.2666666666666667, ""transport"": 0.33333333333333337}","{""energy"": 1.0, ""water"": 1.0, ""transport"": 1.0}","{""energy"": 0.33333333333333326, ""water"": 0.7333333333333333, ""transport"": 0.6666666666666666}",2,1.0,,,"[""energy"", ""transport""]",2,v1.0,0.7,0.3
S4_water_partial,384,384,474729357118881255,scenario=S4_water_partial|method=both|duration=0|theta=0.300000|delta_threshold=0.100000|A=v1.0|w=na|run_id=384|seed=474729357118881255,False,"{""step_1_amount"": 0.878786753533997}",5222c37788a096d3910624247b4a1e76a3afcfe0df2ea7ddd6490cebc16a26a9,0.44666666666666677,0.810908851792641,0.3642421851259743,7,0.0,1.0,0.44666666666666677,0.810908851792641,1,1,0.3642421851259743,"{""energy"": 0.6666666666666667, ""water"": 0.2666666666666667, ""transport"": 0.33333333333333337}","{""energy"": 0.836363355050166, ""water"": 1.0, ""transport"": 0.5878783659085822}","{""energy"": 0.16969668838349927, ""water"": 0.7333333333333333, ""transport"": 0.25454503257524885}","{""energy"": 0.0, ""water"": 0.0, ""transport"": 0.0}","{""energy"": 1.0, ""water"": 1.0, ""transport"": 1.0}","{""energy"": 1.0, ""water"": 1.0, ""transport"": 1.0}",0.3,0.1,,0.44666666666666677,1.0,0.5533333333333332,1,"{""energy"": 0.6666666666666667, ""water"": 0.2666666666666667, ""transport"": 0.33333333333333337}","{""energy"": 1.0, ""water"": 1.0, ""transport"": 1.0}","{""energy"": 0.33333333333333326, ""water"": 0.7333333333333333, ""transport"": 0.6666666666666666}",3,0.810908851792641,,,"[""energy"", ""transport""]",1,v1.0,0.7,0.3
S4_water_partial,385,385,4641073159431705504,scenario=S4_water_partial|method=both|duration=0|theta=0.300000|delta_threshold=0.100000|A=v1.0|w=na|run_id=385|seed=4641073159431705504,False,"{""step_1_amount"": 0.8535889493372828}",5222c37788a096d3910624247b4a1e76a3afcfe0df2ea7ddd6490cebc16a26a9,0.44666666666666677,0.9068669256157906,0.46020025894912386,16,0.0,1.0,0.44666666666666677,0.9068669256157906,1,1,0.46020025894912386,"{""energy"": 0.6666666666666667, ""water"": 0.2666666666666667, ""transport"": 0.33333333333333337}","{""energy"": 0.9024300520116669, ""water"": 1.0, ""transport"": 0.819649682703746}","{""energy"": 0.2357633853450002, ""water"": 0.7333333333333333, ""transport"": 0.4863163493704127}","{""energy"": 0.0, ""water"": 0.0, ""transport"": 0.0}","{""energy"": 1.0, ""water"": 1.0, ""transport"": 1.0}","{""energy"": 1.0, ""water"": 1.0, ""transport"": 1.0}",0.3,0.1,,0.44666666666666677,1.0,0.5533333333333332,1,"{""energy"": 0.6666666666666667, ""water"": 0.2666666666666667, ""transport"": 0.33333333333333337}","{""energy"": 1.0, ""water"": 1.0, ""transport"": 1.0}","{""energy"": 0.33333333333333326, ""water"": 0.7333333333333333, ""transport"": 0.6666666666666666}",3,0.9068669256157906,,,"[""energy"", ""transport""]",1,v1.0,0.7,0.3
S4_water_partial,386,386,11078539558729450081,scenario=S4_water_partial|method=both|duration=0|theta=0.300000|delta_threshold=0.100000|A=v1.0|w=na|run_id=386|seed=11078539558729450081,False,"{""step_1_amount"": 0.3092043903045911}",5222c37788a096d3910624247b4a1e76a3afcfe0df2ea7ddd6490cebc16a26a9,0.44666666666666677,0.6540534705720042,0.20738680390533748,20,0.0,0.0,0.44666666666666677,0.6540534705720042,0,1,0.20738680390533748,"{""energy"": 0.6666666666666667, ""water"": 0.2666666666666667, ""transport"": 0.33333333333333337}","{""energy"": 0.7834860296186834, ""water"": 0.46285099813131825, ""transport"": 0.672679197617118}","{""energy"": 0.11681936295201667, ""water"": 0.19618433146465153, ""transport"": 0.33934586428378466}","{""energy"": 0.0, ""water"": 0.0, ""transport"": 0.0}","{""energy"": 0.0, ""water"": 0.0, ""transport"": 0.0}","{""energy"": 0.0, ""water"": 0.0, ""transport"": 0.0}",0.3,0.1,,0.44666666666666677,1.0,0.5533333333333332,1,"{""energy"": 0.6666666666666667, ""water"": 0.2666666666666667, ""transport"": 0.33333333333333337}","{""energy"": 1.0, ""water"": 1.0, ""transport"": 1.0}","{""energy"": 0.33333333333333326, ""water"": 0.7333333333333333, ""transport"": 0.6666666666666666}",4,0.6540534705720042,,,[],,v1.0,0.7,0.3
S4_water_partial,387,387,18211786409031190559,scenario=S4_water_partial|method=both|duration=0|theta=0.300000|delta_threshold=0.100000|A=v1.0|w=na|run_id=387|seed=18211786409031190559,False,"{""step_1_amount"": 0.48293870691009555}",5222c37788a096d3910624247b4a1e76a3afcfe0df2ea7ddd6490cebc16a26a9,0.44666666666666677,0.7404262759678711,0.29375960930120437,14,0.0,0.0,0.44666666666666677,0.7404262759678711,0,1,0.29375960930120437,"{""energy"": 0.6666666666666667, ""water"": 0.2666666666666667, ""transport"": 0.33333333333333337}","{""energy"": 0.8171095427638927, ""water"": 0.6734788498840876, ""transport"": 0.7051293463236261}","{""energy"": 0.15044287609722595, ""water"": 0.40681218321742085, ""transport"": 0.37179601299029275}","{""energy"": 0.0, ""water"": 0.0, ""transport"": 0.0}","{""energy"": 0.0, ""water"": 0.0, ""transport"": 0.0}","{""energy"": 0.0, ""water"": 0.0, ""transport"": 0.0}",0.3,0.1,,0.44666666666666677,1.0,0.5533333333333332,1,"{""energy"": 0.6666666666666667, ""water"": 0.2666666666666667, ""transport"": 0.33333333333333337}","{""energy"": 1.0, ""water"": 1.0, ""transport"": 1.0}","{""energy"": 0.33333333333333326, ""water"": 0.7333333333333333, ""transport"": 0.6666666666666666}",3,0.7404262759678711,,,[],,v1.0,0.7,0.3
S4_water_partial,388,388,7846211527280270223,scenario=S4_water_partial|method=both|duration=0|theta=0.300000|delta_threshold=0.100000|A=v1.0|w=na|run_id=388|seed=7846211527280270223,False,"{""step_1_amount"": 0.21204381736818811}",5222c37788a096d3910624247b4a1e76a3afcfe0df2ea7ddd6490cebc16a26a9,0.44666666666666677,0.4537424093704772,0.00707574270381045,23,0.0,0.0,0.44666666666666677,0.4537424093704772,0,0,0.00707574270381045,"{""energy"": 0.6666666666666667, ""water"": 0.2666666666666667, ""transport"": 0.33333333333333337}","{""energy"": 0.6696776210087138, ""water"": 0.2817214383769019, ""transport"": 0.3378497648464039}","{""energy"": 0.003010954342047012, ""water"": 0.01505477171023517, ""transport"": 0.004516431513070518}","{""energy"": 0.0, ""water"": 0.0, ""transport"": 0.0}","{""energy"": 0.0, ""water"": 0.0, ""transport"": 0.0}","{""energy"": 0.0, ""water"": 0.0, ""transport"": 0.0}",0.3,0.1,,0.44666666666666677,1.0,0.5533333333333332,1,"{""energy"": 0.6666666666666667, ""water"": 0.2666666666666667, ""transport"": 0.33333333333333337}","{""energy"": 1.0, ""water"": 1.0, ""transport"": 1.0}","{""energy"": 0.33333333333333326, ""water"": 0.7333333333333333, ""transport"": 0.6666666666666666}",4,0.4537424093704772,,,[],,v1.0,0.7,0.3
S4_water_partial,389,389,453028508599060287,scenario=S4_water_partial|method=both|duration=0|theta=0.300000|delta_threshold=0.100000|A=v1.0|w=na|run_id=389|seed=453028508599060287,False,"{""step_1_amount"": 1.024518873072289}",5222c37788a096d3910624247b4a1e76a3afcfe0df2ea7ddd6490cebc16a26a9,0.44666666666666677,0.8366666666666667,0.3899999999999999,5,0.0,1.0,0.44666666666666677,0.8366666666666667,1,1,0.3899999999999999,"{""energy"": 0.6666666666666667, ""water"": 0.2666666666666667, ""transport"": 0.33333333333333337}","{""energy"": 0.8666666666666667, ""water"": 1.0, ""transport"": 0.6333333333333333}","{""energy"": 0.19999999999999996, ""water"": 0.7333333333333333, ""transport"": 0.29999999999999993}","{""energy"": 0.0, ""water"": 0.0, ""transport"": 0.0}","{""energy"": 1.0, ""water"": 1.0, ""transport"": 1.0}","{""energy"": 1.0, ""water"": 1.0, ""transport"": 1.0}",0.3,0.1,,0.44666666666666677,1.0,0.5533333333333332,1,"{""energy"": 0.6666666666666667, ""water"": 0.2666666666666667, ""transport"": 0.33333333333333337}","{""energy"": 1.0, ""water"": 1.0, ""transport"": 1.0}","{""energy"": 0.33333333333333326, ""water"": 0.7333333333333333, ""transport"": 0.6666666666666666}",3,0.8366666666666667,,,"[""energy"", ""transport""]",1,v1.0,0.7,0.3
S4_water_partial,390,390,5931313198780653921,scenario=S4_water_partial|method=both|duration=0|theta=0.300000|delta_threshold=0.100000|A=v1.0|w=na|run_id=390|seed=5931313198780653921,False,"{""step_1_amount"": 0.8636869673738686}",5222c37788a096d3910624247b4a1e76a3afcfe0df2ea7ddd6490cebc16a26a9,0.44666666666666677,0.8077001472336137,0.36103348056694695,27,0.0,1.0,0.44666666666666677,0.8077001472336137,1,1,0.36103348056694695,"{""energy"": 0.6666666666666667, ""water"": 0.2666666666666667, ""transport"": 0.33333333333333337}","{""energy"": 0.8325884085101339, ""water"": 1.0, ""transport"": 0.5822159460985341}","{""energy"": 0.1659217418434672, ""water"": 0.7333333333333333, ""transport"": 0.24888261276520074}","{""energy"": 0.0, ""water"": 0.0, ""transport"": 0.0}","{""energy"": 1.0, ""water"": 1.0, ""transport"": 1.0}","{""energy"": 1.0, ""water"": 1.0, ""transport"": 1.0}",0.3,0.1,,0.44666666666666677,1.0,0.5533333333333332,1,"{""energy"": 0.6666666666666667, ""water"": 0.2666666666666667, ""transport"": 0.33333333333333337}","{""energy"": 1.0, ""water"": 1.0, ""transport"": 1.0}","{""energy"": 0.33333333333333326, ""water"": 0.7333333333333333, ""transport"": 0.6666666666666666}",3,0.8077001472336137,,,"[""energy"", ""transport""]",1,v1.0,0.7,0.3
S4_water_partial,391,391,16523021733180731042,scenario=S4_water_partial|method=both|duration=0|theta=0.300000|delta_threshold=0.100000|A=v1.0|w=na|run_id=391|seed=16523021733180731042,False,"{""step_1_amount"": 0.7187725533954998}",5222c37788a096d3910624247b4a1e76a3afcfe0df2ea7ddd6490cebc16a26a9,0.44666666666666677,0.8762682222204293,0.42960155555376256,14,0.0,0.0,0.44666666666666677,0.8762682222204293,0,1,0.42960155555376256,"{""energy"": 0.6666666666666667, ""water"": 0.2666666666666667, ""transport"": 0.33333333333333337}","{""energy"": 0.8743739802867332, ""water"": 0.9671418085918358, ""transport"": 0.7879202917606176}","{""energy"": 0.20770731362006645, ""water"": 0.7004751419251691, ""transport"": 0.45458695842728425}","{""energy"": 0.0, ""water"": 0.0, ""transport"": 0.0}","{""energy"": 0.0, ""water"": 0.0, ""transport"": 0.0}","{""energy"": 0.0, ""water"": 0.0, ""transport"": 0.0}",0.3,0.1,,0.44666666666666677,1.0,0.5533333333333332,1,"{""energy"": 0.6666666666666667, ""water"": 0.2666666666666667, ""transport"": 0.33333333333333337}","{""energy"": 1.0, ""water"": 1.0, ""transport"": 1.0}","{""energy"": 0.33333333333333326, ""water"": 0.7333333333333333, ""transport"": 0.6666666666666666}",3,0.8762682222204293,,,[],,v1.0,0.7,0.3
S4_water_partial,392,392,16336263799799312324,scenario=S4_water_partial|method=both|duration=0|theta=0.300000|delta_threshold=0.100000|A=v1.0|w=na|run_id=392|seed=16336263799799312324,False,"{""step_1_amount"": 0.7314108937952154}",5222c37788a096d3910624247b4a1e76a3afcfe0df2ea7ddd6490cebc16a26a9,0.44666666666666677,0.7588705667713558,0.312203900104689,30,0.0,0.0,0.44666666666666677,0.7588705667713558,0,1,0.312203900104689,"{""energy"": 0.6666666666666667, ""water"": 0.2666666666666667, ""transport"": 0.33333333333333337}","{""energy"": 0.7995193901154706, ""water"": 0.930930283910686, ""transport"": 0.5326124185065392}","{""energy"": 0.13285272344880383, ""water"": 0.6642636172440193, ""transport"": 0.1992790851732058}","{""energy"": 0.0, ""water"": 0.0, ""transport"": 0.0}","{""energy"": 0.0, ""water"": 0.0, ""transport"": 0.0}","{""energy"": 0.0, ""water"": 0.0, ""transport"": 0.0}",0.3,0.1,,0.44666666666666677,1.0,0.5533333333333332,1,"{""energy"": 0.6666666666666667, ""water"": 0.2666666666666667, ""transport"": 0.33333333333333337}","{""energy"": 1.0, ""water"": 1.0, ""transport"": 1.0}","{""energy"": 0.33333333333333326, ""water"": 0.7333333333333333, ""transport"": 0.6666666666666666}",3,0.7588705667713558,,,[],,v1.0,0.7,0.3
S4_water_partial,393,393,16096319756938268836,scenario=S4_water_partial|method=both|duration=0|theta=0.300000|delta_threshold=0.100000|A=v1.0|w=na|run_id=393|seed=16096319756938268836,False,"{""step_1_amount"": 0.7888333196894914}",5222c37788a096d3910624247b4a1e76a3afcfe0df2ea7ddd6490cebc16a26a9,0.44666666666666677,0.8874970575250001,0.4408303908583333,18,0.0,1.0,0.44666666666666677,0.8874970575250001,1,1,0.4408303908583333,"{""energy"": 0.6666666666666667, ""water"": 0.2666666666666667, ""transport"": 0.33333333333333337}","{""energy"": 0.8822345040349799, ""water"": 1.0, ""transport"": 0.7820108530366936}","{""energy"": 0.2155678373683132, ""water"": 0.7333333333333333, ""transport"": 0.44867751970336023}","{""energy"": 0.0, ""water"": 0.0, ""transport"": 0.0}","{""energy"": 1.0, ""water"": 1.0, ""transport"": 1.0}","{""energy"": 1.0, ""water"": 1.0, ""transport"": 1.0}",0.3,0.1,,0.44666666666666677,1.0,0.5533333333333332,1,"{""energy"": 0.6666666666666667, ""water"": 0.2666666666666667, ""transport"": 0.33333333333333337}","{""energy"": 1.0, ""water"": 1.0, ""transport"": 1.0}","{""energy"": 0.33333333333333326, ""water"": 0.7333333333333333, ""transport"": 0.6666666666666666}",3,0.8874970575250001,,,"[""energy"", ""transport""]",1,v1.0,0.7,0.3
S4_water_partial,394,394,17961463830244375,scenario=S4_water_partial|method=both|duration=0|theta=0.300000|delta_threshold=0.100000|A=v1.0|w=na|run_id=394|seed=17961463830244375,False,"{""step_1_amount"": 0.6555674405267226}",5222c37788a096d3910624247b4a1e76a3afcfe0df2ea7ddd6490cebc16a26a9,0.44666666666666677,0.7143125379761162,0.2676458713094494,10,0.0,0.0,0.44666666666666677,0.7143125379761162,0,1,0.2676458713094494,"{""energy"": 0.6666666666666667, ""water"": 0.2666666666666667, ""transport"": 0.33333333333333337}","{""energy"": 0.7805585267983474, ""water"": 0.8361259673250698, ""transport"": 0.5041711235308544}","{""energy"": 0.11389186013168062, ""water"": 0.5694593006584031, ""transport"": 0.170837790197521}","{""energy"": 0.0, ""water"": 0.0, ""transport"": 0.0}","{""energy"": 0.0, ""water"": 0.0, ""transport"": 0.0}","{""energy"": 0.0, ""water"": 0.0, ""transport"": 0.0}",0.3,0.1,,0.44666666666666677,1.0,0.5533333333333332,1,"{""energy"": 0.6666666666666667, ""water"": 0.2666666666666667, ""transport"": 0.33333333333333337}","{""energy"": 1.0, ""water"": 1.0, ""transport"": 1.0}","{""energy"": 0.33333333333333326, ""water"": 0.7333333333333333, ""transport"": 0.6666666666666666}",3,0.7143125379761162,,,[],,v1.0,0.7,0.3
S4_water_partial,395,395,15960528673143326209,scenario=S4_water_partial|method=both|duration=0|theta=0.300000|delta_threshold=0.100000|A=v1.0|w=na|run_id=395|seed=15960528673143326209,False,"{""step_1_amount"": 0.6415232168628513}",5222c37788a096d3910624247b4a1e76a3afcfe0df2ea7ddd6490cebc16a26a9,0.44666666666666677,0.808480183246343,0.3618135165796762,23,0.0,0.0,0.44666666666666677,0.808480183246343,0,1,0.3618135165796762,"{""energy"": 0.6666666666666667, ""water"": 0.2666666666666667, ""transport"": 0.33333333333333337}","{""energy"": 0.841059112552849, ""water"": 0.8612451155255438, ""transport"": 0.7122766785584674}","{""energy"": 0.1743924458861823, ""water"": 0.5945784488588771, ""transport"": 0.37894334522513407}","{""energy"": 0.0, ""water"": 0.0, ""transport"": 0.0}","{""energy"": 0.0, ""water"": 0.0, ""transport"": 0.0}","{""energy"": 0.0, ""water"": 0.0, ""transport"": 0.0}",0.3,0.1,,0.44666666666666677,1.0,0.5533333333333332,1,"{""energy"": 0.6666666666666667, ""water"": 0.2666666666666667, ""transport"": 0.33333333333333337}","{""energy"": 1.0, ""water"": 1.0, ""transport"": 1.0}","{""energy"": 0.33333333333333326, ""water"": 0.7333333333333333, ""transport"": 0.6666666666666666}",3,0.808480183246343,,,[],,v1.0,0.7,0.3
S4_water_partial,396,396,13209068861478630823,scenario=S4_water_partial|method=both|duration=0|theta=0.300000|delta_threshold=0.100000|A=v1.0|w=na|run_id=396|seed=13209068861478630823,False,"{""step_1_amount"": 0.9727860005383854}",5222c37788a096d3910624247b4a1e76a3afcfe0df2ea7ddd6490cebc16a26a9,0.44666666666666677,0.9204999901197308,0.47383332345306406,18,0.0,1.0,0.44666666666666677,0.9204999901197308,1,1,0.47383332345306406,"{""energy"": 0.6666666666666667, ""water"": 0.2666666666666667, ""transport"": 0.33333333333333337}","{""energy"": 0.9238748084717325, ""water"": 1.0, ""transport"": 0.8365002224367927}","{""energy"": 0.2572081418050658, ""water"": 0.7333333333333333, ""transport"": 0.5031668891034593}","{""energy"": 0.0, ""water"": 0.0, ""transport"": 0.0}","{""energy"": 1.0, ""water"": 1.0, ""transport"": 1.0}","{""energy"": 1.0, ""water"": 1.0, ""transport"": 1.0}",0.3,0.1,,0.44666666666666677,1.0,0.5533333333333332,1,"{""energy"": 0.6666666666666667, ""water"": 0.2666666666666667, ""transport"": 0.33333333333333337}","{""energy"": 1.0, ""water"": 1.0, ""transport"": 1.0}","{""energy"": 0.33333333333333326, ""water"": 0.7333333333333333, ""transport"": 0.6666666666666666}",3,0.9204999901197308,,,"[""energy"", ""transport""]",1,v1.0,0.7,0.3
S4_water_partial,397,397,10421118977158241911,scenario=S4_water_partial|method=both|duration=0|theta=0.300000|delta_threshold=0.100000|A=v1.0|w=na|run_id=397|seed=10421118977158241911,False,"{""step_1_amount"": 0.5303346120198986}",5222c37788a096d3910624247b4a1e76a3afcfe0df2ea7ddd6490cebc16a26a9,0.44666666666666677,0.6407382512283573,0.1940715845616905,18,0.0,0.0,0.44666666666666677,0.6407382512283573,0,1,0.1940715845616905,"{""energy"": 0.6666666666666667, ""water"": 0.2666666666666667, ""transport"": 0.33333333333333337}","{""energy"": 0.7492503196716414, ""water"": 0.67958493169154, ""transport"": 0.45720881284079534}","{""energy"": 0.08258365300497461, ""water"": 0.4129182650248733, ""transport"": 0.12387547950746197}","{""energy"": 0.0, ""water"": 0.0, ""transport"": 0.0}","{""energy"": 0.0, ""water"": 0.0, ""transport"": 0.0}","{""energy"": 0.0, ""water"": 0.0, ""transport"": 0.0}",0.3,0.1,,0.44666666666666677,1.0,0.5533333333333332,1,"{""energy"": 0.6666666666666667, ""water"": 0.2666666666666667, ""transport"": 0.33333333333333337}","{""energy"": 1.0, ""water"": 1.0, ""transport"": 1.0}","{""energy"": 0.33333333333333326, ""water"": 0.7333333333333333, ""transport"": 0.6666666666666666}",3,0.6407382512283573,,,[],,v1.0,0.7,0.3
S4_water_partial,398,398,15180273955925239015,scenario=S4_water_partial|method=both|duration=0|theta=0.300000|delta_threshold=0.100000|A=v1.0|w=na|run_id=398|seed=15180273955925239015,False,"{""step_1_amount"": 1.1572116009630176}",5222c37788a096d3910624247b4a1e76a3afcfe0df2ea7ddd6490cebc16a26a9,0.44666666666666677,1.0,0.5533333333333332,8,0.0,1.0,0.44666666666666677,1.0,1,1,0.5533333333333332,"{""energy"": 0.6666666666666667, ""water"": 0.2666666666666667, ""transport"": 0.33333333333333337}","{""energy"": 1.0, ""water"": 1.0, ""transport"": 1.0}","{""energy"": 0.33333333333333326, ""water"": 0.7333333333333333, ""transport"": 0.6666666666666666}","{""energy"": 0.0, ""water"": 0.0, ""transport"": 0.0}","{""energy"": 1.0, ""water"": 1.0, ""transport"": 1.0}","{""energy"": 1.0, ""water"": 1.0, ""transport"": 1.0}",0.3,0.1,,0.44666666666666677,1.0,0.5533333333333332,1,"{""energy"": 0.6666666666666667, ""water"": 0.2666666666666667, ""transport"": 0.33333333333333337}","{""energy"": 1.0, ""water"": 1.0, ""transport"": 1.0}","{""energy"": 0.33333333333333326, ""water"": 0.7333333333333333, ""transport"": 0.6666666666666666}",2,1.0,,,"[""energy"", ""transport""]",1,v1.0,0.7,0.3
S4_water_partial,399,399,1744607771870376202,scenario=S4_water_partial|method=both|duration=0|theta=0.300000|delta_threshold=0.100000|A=v1.0|w=na|run_id=399|seed=1744607771870376202,False,"{""step_1_amount"": 1.5027856419468528}",5222c37788a096d3910624247b4a1e76a3afcfe0df2ea7ddd6490cebc16a26a9,0.44666666666666677,0.8366666666666667,0.3899999999999999,26,0.0,1.0,0.44666666666666677,0.8366666666666667,1,1,0.3899999999999999,"{""energy"": 0.6666666666666667, ""water"": 0.2666666666666667, ""transport"": 0.33333333333333337}","{""energy"": 0.8666666666666667, ""water"": 1.0, ""transport"": 0.6333333333333333}","{""energy"": 0.19999999999999996, ""water"": 0.7333333333333333, ""transport"": 0.29999999999999993}","{""energy"": 0.0, ""water"": 0.0, ""transport"": 0.0}","{""energy"": 1.0, ""water"": 1.0, ""transport"": 1.0}","{""energy"": 1.0, ""water"": 1.0, ""transport"": 1.0}",0.3,0.1,,0.44666666666666677,1.0,0.5533333333333332,1,"{""energy"": 0.6666666666666667, ""water"": 0.2666666666666667, ""transport"": 0.33333333333333337}","{""energy"": 1.0, ""water"": 1.0, ""transport"": 1.0}","{""energy"": 0.33333333333333326, ""water"": 0.7333333333333333, ""transport"": 0.6666666666666666}",3,0.8366666666666667,,,"[""energy"", ""transport""]",1,v1.0,0.7,0.3
S4_water_partial,400,400,6672364460265250190,scenario=S4_water_partial|method=both|duration=0|theta=0.300000|delta_threshold=0.100000|A=v1.0|w=na|run_id=400|seed=6672364460265250190,False,"{""step_1_amount"": 1.0923755556835135}",5222c37788a096d3910624247b4a1e76a3afcfe0df2ea7ddd6490cebc16a26a9,0.44666666666666677,0.9438069744445542,0.4971403077778874,5,0.0,1.0,0.44666666666666677,0.9438069744445542,1,1,0.4971403077778874,"{""energy"": 0.6666666666666667, ""water"": 0.2666666666666667, ""transport"": 0.33333333333333337}","{""energy"": 0.9431954579365863, ""water"": 1.0, ""transport"": 0.8884293042330653}","{""energy"": 0.2765287912699196, ""water"": 0.7333333333333333, ""transport"": 0.555095970899732}","{""energy"": 0.0, ""water"": 0.0, ""transport"": 0.0}","{""energy"": 1.0, ""water"": 1.0, ""transport"": 1.0}","{""energy"": 1.0, ""water"": 1.0, ""transport"": 1.0}",0.3,0.1,,0.44666666666666677,1.0,0.5533333333333332,1,"{""energy"": 0.6666666666666667, ""water"": 0.2666666666666667, ""transport"": 0.33333333333333337}","{""energy"": 1.0, ""water"": 1.0, ""transport"": 1.0}","{""energy"": 0.33333333333333326, ""water"": 0.7333333333333333, ""transport"": 0.6666666666666666}",3,0.9438069744445542,,,"[""energy"", ""transport""]",1,v1.0,0.7,0.3
S4_water_partial,401,401,3611343108101419235,scenario=S4_water_partial|method=both|duration=0|theta=0.300000|delta_threshold=0.100000|A=v1.0|w=na|run_id=401|seed=3611343108101419235,False,"{""step_1_amount"": 0.9273509930383804}",5222c37788a096d3910624247b4a1e76a3afcfe0df2ea7ddd6490cebc16a26a9,0.44666666666666677,0.8212287526873224,0.37456208602065566,6,0.0,1.0,0.44666666666666677,0.8212287526873224,1,1,0.37456208602065566,"{""energy"": 0.6666666666666667, ""water"": 0.2666666666666667, ""transport"": 0.33333333333333337}","{""energy"": 0.8485044149262618, ""water"": 1.0, ""transport"": 0.606089955722726}","{""energy"": 0.1818377482595951, ""water"": 0.7333333333333333, ""transport"": 0.2727566223893926}","{""energy"": 0.0, ""water"": 0.0, ""transport"": 0.0}","{""energy"": 1.0, ""water"": 1.0, ""transport"": 1.0}","{""energy"": 1.0, ""water"": 1.0, ""transport"": 1.0}",0.3,0.1,,0.44666666666666677,1.0,0.5533333333333332,1,"{""energy"": 0.6666666666666667, ""water"": 0.2666666666666667, ""transport"": 0.33333333333333337}","{""energy"": 1.0, ""water"": 1.0, ""transport"": 1.0}","{""energy"": 0.33333333333333326, ""water"": 0.7333333333333333, ""transport"": 0.6666666666666666}",3,0.8212287526873224,,,"[""energy"", ""transport""]",1,v1.0,0.7,0.3
S4_water_partial,402,402,5690403713157910674,scenario=S4_water_partial|method=both|duration=0|theta=0.300000|delta_threshold=0.100000|A=v1.0|w=na|run_id=402|seed=5690403713157910674,False,"{""step_1_amount"": 0.4337359196691542}",5222c37788a096d3910624247b4a1e76a3afcfe0df2ea7ddd6490cebc16a26a9,0.44666666666666677,0.6771841245160697,0.23051745784940292,28,0.0,0.0,0.44666666666666677,0.6771841245160697,0,1,0.23051745784940292,"{""energy"": 0.6666666666666667, ""water"": 0.2666666666666667, ""transport"": 0.33333333333333337}","{""energy"": 0.7647592019217319, ""water"": 0.7571293429419921, ""transport"": 0.480472136215931}","{""energy"": 0.09809253525506512, ""water"": 0.49046267627532536, ""transport"": 0.14713880288259762}","{""energy"": 0.0, ""water"": 0.0, ""transport"": 0.0}","{""energy"": 0.0, ""water"": 0.0, ""transport"": 0.0}","{""energy"": 0.0, ""water"": 0.0, ""transport"": 0.0}",0.3,0.1,,0.44666666666666677,1.0,0.5533333333333332,1,"{""energy"": 0.6666666666666667, ""water"": 0.2666666666666667, ""transport"": 0.33333333333333337}","{""energy"": 1.0, ""water"": 1.0, ""transport"": 1.0}","{""energy"": 0.33333333333333326, ""water"": 0.7333333333333333, ""transport"": 0.6666666666666666}",3,0.6771841245160697,,,[],,v1.0,0.7,0.3
S4_water_partial,403,403,15724862729775617425,scenario=S4_water_partial|method=both|duration=0|theta=0.300000|delta_threshold=0.100000|A=v1.0|w=na|run_id=403|seed=15724862729775617425,False,"{""step_1_amount"": 0.5616308524611303}",5222c37788a096d3910624247b4a1e76a3afcfe0df2ea7ddd6490cebc16a26a9,0.44666666666666677,0.7856193052629298,0.338952638596263,16,0.0,0.0,0.44666666666666677,0.7856193052629298,0,1,0.338952638596263,"{""energy"": 0.6666666666666667, ""water"": 0.2666666666666667, ""transport"": 0.33333333333333337}","{""energy"": 0.8361334502665424, ""water"": 0.7714112792328083, ""transport"": 0.7324751379549009}","{""energy"": 0.16946678359987566, ""water"": 0.5047446125661416, ""transport"": 0.39914180462156756}","{""energy"": 0.0, ""water"": 0.0, ""transport"": 0.0}","{""energy"": 0.0, ""water"": 0.0, ""transport"": 0.0}","{""energy"": 0.0, ""water"": 0.0, ""transport"": 0.0}",0.3,0.1,,0.44666666666666677,1.0,0.5533333333333332,1,"{""energy"": 0.6666666666666667, ""water"": 0.2666666666666667, ""transport"": 0.33333333333333337}","{""energy"": 1.0, ""water"": 1.0, ""transport"": 1.0}","{""energy"": 0.33333333333333326, ""water"": 0.7333333333333333, ""transport"": 0.6666666666666666}",3,0.7856193052629298,,,[],,v1.0,0.7,0.3
S4_water_partial,404,404,11759527906627945611,scenario=S4_water_partial|method=both|duration=0|theta=0.300000|delta_threshold=0.100000|A=v1.0|w=na|run_id=404|seed=11759527906627945611,False,"{""step_1_amount"": 0.4390785672317948}",5222c37788a096d3910624247b4a1e76a3afcfe0df2ea7ddd6490cebc16a26a9,0.44666666666666677,0.5871253249153461,0.1404586582486793,14,0.0,0.0,0.44666666666666677,0.5871253249153461,0,0,0.1404586582486793,"{""energy"": 0.6666666666666667, ""water"": 0.2666666666666667, ""transport"": 0.33333333333333337}","{""energy"": 0.7264363084746155, ""water"": 0.5655148757064101, ""transport"": 0.4229877960452564}","{""energy"": 0.05976964180794875, ""water"": 0.2988482090397434, ""transport"": 0.08965446271192301}","{""energy"": 0.0, ""water"": 0.0, ""transport"": 0.0}","{""energy"": 0.0, ""water"": 0.0, ""transport"": 0.0}","{""energy"": 0.0, ""water"": 0.0, ""transport"": 0.0}",0.3,0.1,,0.44666666666666677,1.0,0.5533333333333332,1,"{""energy"": 0.6666666666666667, ""water"": 0.2666666666666667, ""transport"": 0.33333333333333337}","{""energy"": 1.0, ""water"": 1.0, ""transport"": 1.0}","{""energy"": 0.33333333333333326, ""water"": 0.7333333333333333, ""transport"": 0.6666666666666666}",4,0.5871253249153461,,,[],,v1.0,0.7,0.3
S4_water_partial,405,405,8816428322790126361,scenario=S4_water_partial|method=both|duration=0|theta=0.300000|delta_threshold=0.100000|A=v1.0|w=na|run_id=405|seed=8816428322790126361,False,"{""step_1_amount"": 0.33930786184268524}",5222c37788a096d3910624247b4a1e76a3afcfe0df2ea7ddd6490cebc16a26a9,0.44666666666666677,0.6436792873247665,0.19701262065809977,28,0.0,0.0,0.44666666666666677,0.6436792873247665,0,1,0.19701262065809977,"{""energy"": 0.6666666666666667, ""water"": 0.2666666666666667, ""transport"": 0.33333333333333337}","{""energy"": 0.7734744145182895, ""water"": 0.4887886822306575, ""transport"": 0.6255097228275117}","{""energy"": 0.10680774785162273, ""water"": 0.2221220155639908, ""transport"": 0.29217638949417835}","{""energy"": 0.0, ""water"": 0.0, ""transport"": 0.0}","{""energy"": 0.0, ""water"": 0.0, ""transport"": 0.0}","{""energy"": 0.0, ""water"": 0.0, ""transport"": 0.0}",0.3,0.1,,0.44666666666666677,1.0,0.5533333333333332,1,"{""energy"": 0.6666666666666667, ""water"": 0.2666666666666667, ""transport"": 0.33333333333333337}","{""energy"": 1.0, ""water"": 1.0, ""transport"": 1.0}","{""energy"": 0.33333333333333326, ""water"": 0.7333333333333333, ""transport"": 0.6666666666666666}",4,0.6436792873247665,,,[],,v1.0,0.7,0.3
S4_water_partial,406,406,618502560031417104,scenario=S4_water_partial|method=both|duration=0|theta=0.300000|delta_threshold=0.100000|A=v1.0|w=na|run_id=406|seed=618502560031417104,False,"{""step_1_amount"": 0.7078403909496077}",5222c37788a096d3910624247b4a1e76a3afcfe0df2ea7ddd6490cebc16a26a9,0.44666666666666677,0.7450228963495613,0.29835622968289455,12,0.0,0.0,0.44666666666666677,0.7450228963495613,0,1,0.29835622968289455,"{""energy"": 0.6666666666666667, ""water"": 0.2666666666666667, ""transport"": 0.33333333333333337}","{""energy"": 0.7936267644040687, ""water"": 0.9014671553536764, ""transport"": 0.5237734799394362}","{""energy"": 0.1269600977374019, ""water"": 0.6348004886870097, ""transport"": 0.19044014660610287}","{""energy"": 0.0, ""water"": 0.0, ""transport"": 0.0}","{""energy"": 0.0, ""water"": 0.0, ""transport"": 0.0}","{""energy"": 0.0, ""water"": 0.0, ""transport"": 0.0}",0.3,0.1,,0.44666666666666677,1.0,0.5533333333333332,1,"{""energy"": 0.6666666666666667, ""water"": 0.2666666666666667, ""transport"": 0.33333333333333337}","{""energy"": 1.0, ""water"": 1.0, ""transport"": 1.0}","{""energy"": 0.33333333333333326, ""water"": 0.7333333333333333, ""transport"": 0.6666666666666666}",3,0.7450228963495613,,,[],,v1.0,0.7,0.3
S4_water_partial,407,407,9911875186768925705,scenario=S4_water_partial|method=both|duration=0|theta=0.300000|delta_threshold=0.100000|A=v1.0|w=na|run_id=407|seed=9911875186768925705,False,"{""step_1_amount"": 0.592430728869374}",5222c37788a096d3910624247b4a1e76a3afcfe0df2ea7ddd6490cebc16a26a9,0.44666666666666677,0.7861321033894544,0.3394654367227876,13,0.0,0.0,0.44666666666666677,0.7861321033894544,0,1,0.3394654367227876,"{""energy"": 0.6666666666666667, ""water"": 0.2666666666666667, ""transport"": 0.33333333333333337}","{""energy"": 0.8328445885790293, ""water"": 0.8025852375500635, ""transport"": 0.7073956556427454}","{""energy"": 0.16617792191236258, ""water"": 0.5359185708833968, ""transport"": 0.37406232230941205}","{""energy"": 0.0, ""water"": 0.0, ""transport"": 0.0}","{""energy"": 0.0, ""water"": 0.0, ""transport"": 0.0}","{""energy"": 0.0, ""water"": 0.0, ""transport"": 0.0}",0.3,0.1,,0.44666666666666677,1.0,0.5533333333333332,1,"{""energy"": 0.6666666666666667, ""water"": 0.2666666666666667, ""transport"": 0.33333333333333337}","{""energy"": 1.0, ""water"": 1.0, ""transport"": 1.0}","{""energy"": 0.33333333333333326, ""water"": 0.7333333333333333, ""transport"": 0.6666666666666666}",3,0.7861321033894544,,,[],,v1.0,0.7,0.3
S4_water_partial,408,408,14664818539489790796,scenario=S4_water_partial|method=both|duration=0|theta=0.300000|delta_threshold=0.100000|A=v1.0|w=na|run_id=408|seed=14664818539489790796,False,"{""step_1_amount"": 0.490746502423221}",5222c37788a096d3910624247b4a1e76a3afcfe0df2ea7ddd6490cebc16a26a9,0.44666666666666677,0.977005336504764,0.5303386698380972,21,0.0,0.0,0.44666666666666677,0.977005336504764,0,1,0.5303386698380972,"{""energy"": 0.6666666666666667, ""water"": 0.2666666666666667, ""transport"": 0.33333333333333337}","{""energy"": 0.9766025932184146, ""water"": 0.9545476640579933, ""transport"": 1.0}","{""energy"": 0.30993592655174784, ""water"": 0.6878809973913266, ""transport"": 0.6666666666666666}","{""energy"": 0.0, ""water"": 0.0, ""transport"": 0.0}","{""energy"": 0.0, ""water"": 0.0, ""transport"": 0.0}","{""energy"": 0.0, ""water"": 0.0, ""transport"": 0.0}",0.3,0.1,,0.44666666666666677,1.0,0.5533333333333332,1,"{""energy"": 0.6666666666666667, ""water"": 0.2666666666666667, ""transport"": 0.33333333333333337}","{""energy"": 1.0, ""water"": 1.0, ""transport"": 1.0}","{""energy"": 0.33333333333333326, ""water"": 0.7333333333333333, ""transport"": 0.6666666666666666}",3,0.977005336504764,,,[],,v1.0,0.7,0.3
S4_water_partial,409,409,3466969784437039697,scenario=S4_water_partial|method=both|duration=0|theta=0.300000|delta_threshold=0.100000|A=v1.0|w=na|run_id=409|seed=3466969784437039697,False,"{""step_1_amount"": 0.8050084107471472}",5222c37788a096d3910624247b4a1e76a3afcfe0df2ea7ddd6490cebc16a26a9,0.44666666666666677,0.7952309539504354,0.34856428728376865,18,0.0,1.0,0.44666666666666677,0.7952309539504354,1,1,0.34856428728376865,"{""energy"": 0.6666666666666667, ""water"": 0.2666666666666667, ""transport"": 0.33333333333333337}","{""energy"": 0.8179187693534535, ""water"": 1.0, ""transport"": 0.5602114873635136}","{""energy"": 0.1512521026867868, ""water"": 0.7333333333333333, ""transport"": 0.2268781540301802}","{""energy"": 0.0, ""water"": 0.0, ""transport"": 0.0}","{""energy"": 1.0, ""water"": 1.0, ""transport"": 1.0}","{""energy"": 1.0, ""water"": 1.0, ""transport"": 1.0}",0.3,0.1,,0.44666666666666677,1.0,0.5533333333333332,1,"{""energy"": 0.6666666666666667, ""water"": 0.2666666666666667, ""transport"": 0.33333333333333337}","{""energy"": 1.0, ""water"": 1.0, ""transport"": 1.0}","{""energy"": 0.33333333333333326, ""water"": 0.7333333333333333, ""transport"": 0.6666666666666666}",3,0.7952309539504354,,,"[""energy"", ""transport""]",1,v1.0,0.7,0.3
S4_water_partial,410,410,4234685690672098598,scenario=S4_water_partial|method=both|duration=0|theta=0.300000|delta_threshold=0.100000|A=v1.0|w=na|run_id=410|seed=4234685690672098598,False,"{""step_1_amount"": 0.533471444411004}",5222c37788a096d3910624247b4a1e76a3afcfe0df2ea7ddd6490cebc16a26a9,0.44666666666666677,0.6425811402581316,0.19591447359146485,21,0.0,0.0,0.44666666666666677,0.6425811402581316,0,1,0.19591447359146485,"{""energy"": 0.6666666666666667, ""water"": 0.2666666666666667, ""transport"": 0.33333333333333337}","{""energy"": 0.7500345277694177, ""water"": 0.6835059721804218, ""transport"": 0.45838512498745987}","{""energy"": 0.08336786110275096, ""water"": 0.41683930551375503, ""transport"": 0.1250517916541265}","{""energy"": 0.0, ""water"": 0.0, ""transport"": 0.0}","{""energy"": 0.0, ""water"": 0.0, ""transport"": 0.0}","{""energy"": 0.0, ""water"": 0.0, ""transport"": 0.0}",0.3,0.1,,0.44666666666666677,1.0,0.5533333333333332,1,"{""energy"": 0.6666666666666667, ""water"": 0.2666666666666667, ""transport"": 0.33333333333333337}","{""energy"": 1.0, ""water"": 1.0, ""transport"": 1.0}","{""energy"": 0.33333333333333326, ""water"": 0.7333333333333333, ""transport"": 0.6666666666666666}",3,0.6425811402581316,,,[],,v1.0,0.7,0.3
S4_water_partial,411,411,14546020921961760223,scenario=S4_water_partial|method=both|duration=0|theta=0.300000|delta_threshold=0.100000|A=v1.0|w=na|run_id=411|seed=14546020921961760223,False,"{""step_1_amount"": 0.3506204953676656}",5222c37788a096d3910624247b4a1e76a3afcfe0df2ea7ddd6490cebc16a26a9,0.44666666666666677,0.6735682790549417,0.2269016123882749,19,0.0,0.0,0.44666666666666677,0.6735682790549417,0,1,0.2269016123882749,"{""energy"": 0.6666666666666667, ""water"": 0.2666666666666667, ""transport"": 0.33333333333333337}","{""energy"": 0.7908293351084402, ""water"": 0.5126139822761535, ""transport"": 0.6781745010957316}","{""energy"": 0.12416266844177348, ""water"": 0.2459473156094868, ""transport"": 0.34484116776239826}","{""energy"": 0.0, ""water"": 0.0, ""transport"": 0.0}","{""energy"": 0.0, ""water"": 0.0, ""transport"": 0.0}","{""energy"": 0.0, ""water"": 0.0, ""transport"": 0.0}",0.3,0.1,,0.44666666666666677,1.0,0.5533333333333332,1,"{""energy"": 0.6666666666666667, ""water"": 0.2666666666666667, ""transport"": 0.33333333333333337}","{""energy"": 1.0, ""water"": 1.0, ""transport"": 1.0}","{""energy"": 0.33333333333333326, ""water"": 0.7333333333333333, ""transport"": 0.6666666666666666}",4,0.6735682790549417,,,[],,v1.0,0.7,0.3
S4_water_partial,412,412,14137747632901771242,scenario=S4_water_partial|method=both|duration=0|theta=0.300000|delta_threshold=0.100000|A=v1.0|w=na|run_id=412|seed=14137747632901771242,False,"{""step_1_amount"": 0.9882734108807388}",5222c37788a096d3910624247b4a1e76a3afcfe0df2ea7ddd6490cebc16a26a9,0.44666666666666677,1.0,0.5533333333333332,30,0.0,1.0,0.44666666666666677,1.0,1,1,0.5533333333333332,"{""energy"": 0.6666666666666667, ""water"": 0.2666666666666667, ""transport"": 0.33333333333333337}","{""energy"": 1.0, ""water"": 1.0, ""transport"": 1.0}","{""energy"": 0.33333333333333326, ""water"": 0.7333333333333333, ""transport"": 0.6666666666666666}","{""energy"": 0.0, ""water"": 0.0, ""transport"": 0.0}","{""energy"": 1.0, ""water"": 1.0, ""transport"": 1.0}","{""energy"": 1.0, ""water"": 1.0, ""transport"": 1.0}",0.3,0.1,,0.44666666666666677,1.0,0.5533333333333332,1,"{""energy"": 0.6666666666666667, ""water"": 0.2666666666666667, ""transport"": 0.33333333333333337}","{""energy"": 1.0, ""water"": 1.0, ""transport"": 1.0}","{""energy"": 0.33333333333333326, ""water"": 0.7333333333333333, ""transport"": 0.6666666666666666}",2,1.0,,,"[""energy"", ""transport""]",1,v1.0,0.7,0.3
S4_water_partial,413,413,7371271534056635654,scenario=S4_water_partial|method=both|duration=0|theta=0.300000|delta_threshold=0.100000|A=v1.0|w=na|run_id=413|seed=7371271534056635654,False,"{""step_1_amount"": 0.6852791526681231}",5222c37788a096d3910624247b4a1e76a3afcfe0df2ea7ddd6490cebc16a26a9,0.44666666666666677,0.731768168859189,0.2851015021925223,24,0.0,0.0,0.44666666666666677,0.731768168859189,0,1,0.2851015021925223,"{""energy"": 0.6666666666666667, ""water"": 0.2666666666666667, ""transport"": 0.33333333333333337}","{""energy"": 0.7879864548336976, ""water"": 0.8732656075018206, ""transport"": 0.5153130155838795}","{""energy"": 0.12131978816703082, ""water"": 0.6065989408351539, ""transport"": 0.18197968225054617}","{""energy"": 0.0, ""water"": 0.0, ""transport"": 0.0}","{""energy"": 0.0, ""water"": 0.0, ""transport"": 0.0}","{""energy"": 0.0, ""water"": 0.0, ""transport"": 0.0}",0.3,0.1,,0.44666666666666677,1.0,0.5533333333333332,1,"{""energy"": 0.6666666666666667, ""water"": 0.2666666666666667, ""transport"": 0.33333333333333337}","{""energy"": 1.0, ""water"": 1.0, ""transport"": 1.0}","{""energy"": 0.33333333333333326, ""water"": 0.7333333333333333, ""transport"": 0.6666666666666666}",3,0.731768168859189,,,[],,v1.0,0.7,0.3
S4_water_partial,414,414,11901418952481030482,scenario=S4_water_partial|method=both|duration=0|theta=0.300000|delta_threshold=0.100000|A=v1.0|w=na|run_id=414|seed=11901418952481030482,False,"{""step_1_amount"": 0.914022870804547}",5222c37788a096d3910624247b4a1e76a3afcfe0df2ea7ddd6490cebc16a26a9,0.44666666666666677,0.8183965267126329,0.3717298600459661,11,0.0,1.0,0.44666666666666677,0.8183965267126329,1,1,0.3717298600459661,"{""energy"": 0.6666666666666667, ""water"": 0.2666666666666667, ""transport"": 0.33333333333333337}","{""energy"": 0.8451723843678035, ""water"": 1.0, ""transport"": 0.6010919098850385}","{""energy"": 0.17850571770113677, ""water"": 0.7333333333333333, ""transport"": 0.2677585765517051}","{""energy"": 0.0, ""water"": 0.0, ""transport"": 0.0}","{""energy"": 1.0, ""water"": 1.0, ""transport"": 1.0}","{""energy"": 1.0, ""water"": 1.0, ""transport"": 1.0}",0.3,0.1,,0.44666666666666677,1.0,0.5533333333333332,1,"{""energy"": 0.6666666666666667, ""water"": 0.2666666666666667, ""transport"": 0.33333333333333337}","{""energy"": 1.0, ""water"": 1.0, ""transport"": 1.0}","{""energy"": 0.33333333333333326, ""water"": 0.7333333333333333, ""transport"": 0.6666666666666666}",3,0.8183965267126329,,,"[""energy"", ""transport""]",1,v1.0,0.7,0.3
S4_water_partial,415,415,7123740267946000553,scenario=S4_water_partial|method=both|duration=0|theta=0.300000|delta_threshold=0.100000|A=v1.0|w=na|run_id=415|seed=7123740267946000553,False,"{""step_1_amount"": 0.467490352624747}",5222c37788a096d3910624247b4a1e76a3afcfe0df2ea7ddd6490cebc16a26a9,0.44666666666666677,0.8852818968943268,0.43861523022766,26,0.0,0.0,0.44666666666666677,0.8852818968943268,0,1,0.43861523022766,"{""energy"": 0.6666666666666667, ""water"": 0.2666666666666667, ""transport"": 0.33333333333333337}","{""energy"": 0.9194681093743623, ""water"": 0.7249821771486062, ""transport"": 1.0}","{""energy"": 0.25280144270769556, ""water"": 0.4583155104819395, ""transport"": 0.6666666666666666}","{""energy"": 0.0, ""water"": 0.0, ""transport"": 0.0}","{""energy"": 0.0, ""water"": 0.0, ""transport"": 0.0}","{""energy"": 0.0, ""water"": 0.0, ""transport"": 0.0}",0.3,0.1,,0.44666666666666677,1.0,0.5533333333333332,1,"{""energy"": 0.6666666666666667, ""water"": 0.2666666666666667, ""transport"": 0.33333333333333337}","{""energy"": 1.0, ""water"": 1.0, ""transport"": 1.0}","{""energy"": 0.33333333333333326, ""water"": 0.7333333333333333, ""transport"": 0.6666666666666666}",3,0.8852818968943268,,,[],,v1.0,0.7,0.3
S4_water_partial,416,416,11761541792196199584,scenario=S4_water_partial|method=both|duration=0|theta=0.300000|delta_threshold=0.100000|A=v1.0|w=na|run_id=416|seed=11761541792196199584,False,"{""step_1_amount"": 0.5196051019433033}",5222c37788a096d3910624247b4a1e76a3afcfe0df2ea7ddd6490cebc16a26a9,0.44666666666666677,0.6344346640583575,0.1877679973916907,26,0.0,0.0,0.44666666666666677,0.6344346640583575,0,1,0.1877679973916907,"{""energy"": 0.6666666666666667, ""water"": 0.2666666666666667, ""transport"": 0.33333333333333337}","{""energy"": 0.7465679421524926, ""water"": 0.6661730440957959, ""transport"": 0.45318524656207215}","{""energy"": 0.07990127548582582, ""water"": 0.3995063774291292, ""transport"": 0.11985191322873878}","{""energy"": 0.0, ""water"": 0.0, ""transport"": 0.0}","{""energy"": 0.0, ""water"": 0.0, ""transport"": 0.0}","{""energy"": 0.0, ""water"": 0.0, ""transport"": 0.0}",0.3,0.1,,0.44666666666666677,1.0,0.5533333333333332,1,"{""energy"": 0.6666666666666667, ""water"": 0.2666666666666667, ""transport"": 0.33333333333333337}","{""energy"": 1.0, ""water"": 1.0, ""transport"": 1.0}","{""energy"": 0.33333333333333326, ""water"": 0.7333333333333333, ""transport"": 0.6666666666666666}",3,0.6344346640583575,,,[],,v1.0,0.7,0.3
S4_water_partial,417,417,6929394801876855242,scenario=S4_water_partial|method=both|duration=0|theta=0.300000|delta_threshold=0.100000|A=v1.0|w=na|run_id=417|seed=6929394801876855242,False,"{""step_1_amount"": 0.8312205584332932}",5222c37788a096d3910624247b4a1e76a3afcfe0df2ea7ddd6490cebc16a26a9,0.44666666666666677,0.8008010353337416,0.3541343686670748,11,0.0,1.0,0.44666666666666677,0.8008010353337416,1,1,0.3541343686670748,"{""energy"": 0.6666666666666667, ""water"": 0.2666666666666667, ""transport"": 0.33333333333333337}","{""energy"": 0.8244718062749901, ""water"": 1.0, ""transport"": 0.5700410427458183}","{""energy"": 0.15780513960832332, ""water"": 0.7333333333333333, ""transport"": 0.23670770941248498}","{""energy"": 0.0, ""water"": 0.0, ""transport"": 0.0}","{""energy"": 1.0, ""water"": 1.0, ""transport"": 1.0}","{""energy"": 1.0, ""water"": 1.0, ""transport"": 1.0}",0.3,0.1,,0.44666666666666677,1.0,0.5533333333333332,1,"{""energy"": 0.6666666666666667, ""water"": 0.2666666666666667, ""transport"": 0.33333333333333337}","{""energy"": 1.0, ""water"": 1.0, ""transport"": 1.0}","{""energy"": 0.33333333333333326, ""water"": 0.7333333333333333, ""transport"": 0.6666666666666666}",3,0.8008010353337416,,,"[""energy"", ""transport""]",1,v1.0,0.7,0.3
S4_water_partial,418,418,2346226566332241028,scenario=S4_water_partial|method=both|duration=0|theta=0.300000|delta_threshold=0.100000|A=v1.0|w=na|run_id=418|seed=2346226566332241028,False,"{""step_1_amount"": 0.40739160862764445}",5222c37788a096d3910624247b4a1e76a3afcfe0df2ea7ddd6490cebc16a26a9,0.44666666666666677,0.5685092367354079,0.12184257006874111,21,0.0,0.0,0.44666666666666677,0.5685092367354079,0,0,0.12184257006874111,"{""energy"": 0.6666666666666667, ""water"": 0.2666666666666667, ""transport"": 0.33333333333333337}","{""energy"": 0.7185145688235779, ""water"": 0.5259061774512224, ""transport"": 0.41110518656870004}","{""energy"": 0.05184790215691115, ""water"": 0.25923951078455565, ""transport"": 0.07777185323536667}","{""energy"": 0.0, ""water"": 0.0, ""transport"": 0.0}","{""energy"": 0.0, ""water"": 0.0, ""transport"": 0.0}","{""energy"": 0.0, ""water"": 0.0, ""transport"": 0.0}",0.3,0.1,,0.44666666666666677,1.0,0.5533333333333332,1,"{""energy"": 0.6666666666666667, ""water"": 0.2666666666666667, ""transport"": 0.33333333333333337}","{""energy"": 1.0, ""water"": 1.0, ""transport"": 1.0}","{""energy"": 0.33333333333333326, ""water"": 0.7333333333333333, ""transport"": 0.6666666666666666}",4,0.5685092367354079,,,[],,v1.0,0.7,0.3
S4_water_partial,419,419,14619351913624005947,scenario=S4_water_partial|method=both|duration=0|theta=0.300000|delta_threshold=0.100000|A=v1.0|w=na|run_id=419|seed=14619351913624005947,False,"{""step_1_amount"": 0.32115477116107105}",5222c37788a096d3910624247b4a1e76a3afcfe0df2ea7ddd6490cebc16a26a9,0.44666666666666677,0.620263721396547,0.17359705472988018,20,0.0,0.0,0.44666666666666677,0.620263721396547,0,1,0.17359705472988018,"{""energy"": 0.6666666666666667, ""water"": 0.2666666666666667, ""transport"": 0.33333333333333337}","{""energy"": 0.7609670011274039, ""water"": 0.46078455839831844, ""transport"": 0.5921385114202998}","{""energy"": 0.09430033446073716, ""water"": 0.19411789173165173, ""transport"": 0.25880517808696646}","{""energy"": 0.0, ""water"": 0.0, ""transport"": 0.0}","{""energy"": 0.0, ""water"": 0.0, ""transport"": 0.0}","{""energy"": 0.0, ""water"": 0.0, ""transport"": 0.0}",0.3,0.1,,0.44666666666666677,1.0,0.5533333333333332,1,"{""energy"": 0.6666666666666667, ""water"": 0.2666666666666667, ""transport"": 0.33333333333333337}","{""energy"": 1.0, ""water"": 1.0, ""transport"": 1.0}","{""energy"": 0.33333333333333326, ""water"": 0.7333333333333333, ""transport"": 0.6666666666666666}",4,0.620263721396547,,,[],,v1.0,0.7,0.3
S4_water_partial,420,420,12826803924528619683,scenario=S4_water_partial|method=both|duration=0|theta=0.300000|delta_threshold=0.100000|A=v1.0|w=na|run_id=420|seed=12826803924528619683,False,"{""step_1_amount"": 0.5177306629838332}",5222c37788a096d3910624247b4a1e76a3afcfe0df2ea7ddd6490cebc16a26a9,0.44666666666666677,0.7619840408191063,0.31531737415243954,5,0.0,0.0,0.44666666666666677,0.7619840408191063,0,1,0.31531737415243954,"{""energy"": 0.6666666666666667, ""water"": 0.2666666666666667, ""transport"": 0.33333333333333337}","{""energy"": 0.8265059634435235, ""water"": 0.7174344160837239, ""transport"": 0.7205044353885991}","{""energy"": 0.1598392967768567, ""water"": 0.4507677494170572, ""transport"": 0.3871711020552657}","{""energy"": 0.0, ""water"": 0.0, ""transport"": 0.0}","{""energy"": 0.0, ""water"": 0.0, ""transport"": 0.0}","{""energy"": 0.0, ""water"": 0.0, ""transport"": 0.0}",0.3,0.1,,0.44666666666666677,1.0,0.5533333333333332,1,"{""energy"": 0.6666666666666667, ""water"": 0.2666666666666667, ""transport"": 0.33333333333333337}","{""energy"": 1.0, ""water"": 1.0, ""transport"": 1.0}","{""energy"": 0.33333333333333326, ""water"": 0.7333333333333333, ""transport"": 0.6666666666666666}",3,0.7619840408191063,,,[],,v1.0,0.7,0.3
S4_water_partial,421,421,4548287138346450048,scenario=S4_water_partial|method=both|duration=0|theta=0.300000|delta_threshold=0.100000|A=v1.0|w=na|run_id=421|seed=4548287138346450048,False,"{""step_1_amount"": 0.23498034919812277}",5222c37788a096d3910624247b4a1e76a3afcfe0df2ea7ddd6490cebc16a26a9,0.44666666666666677,0.4672176218205638,0.020550955153897044,22,0.0,0.0,0.44666666666666677,0.4672176218205638,0,0,0.020550955153897044,"{""energy"": 0.6666666666666667, ""water"": 0.2666666666666667, ""transport"": 0.33333333333333337}","{""energy"": 0.6754117539661975, ""water"": 0.3103921031643202, ""transport"": 0.3464509642826294}","{""energy"": 0.008745087299530718, ""water"": 0.04372543649765348, ""transport"": 0.013117630949296022}","{""energy"": 0.0, ""water"": 0.0, ""transport"": 0.0}","{""energy"": 0.0, ""water"": 0.0, ""transport"": 0.0}","{""energy"": 0.0, ""water"": 0.0, ""transport"": 0.0}",0.3,0.1,,0.44666666666666677,1.0,0.5533333333333332,1,"{""energy"": 0.6666666666666667, ""water"": 0.2666666666666667, ""transport"": 0.33333333333333337}","{""energy"": 1.0, ""water"": 1.0, ""transport"": 1.0}","{""energy"": 0.33333333333333326, ""water"": 0.7333333333333333, ""transport"": 0.6666666666666666}",4,0.4672176218205638,,,[],,v1.0,0.7,0.3
S4_water_partial,422,422,8698766085997915277,scenario=S4_water_partial|method=both|duration=0|theta=0.300000|delta_threshold=0.100000|A=v1.0|w=na|run_id=422|seed=8698766085997915277,False,"{""step_1_amount"": 0.7996964086644148}",5222c37788a096d3910624247b4a1e76a3afcfe0df2ea7ddd6490cebc16a26a9,0.44666666666666677,0.794102153507855,0.3474354868411882,6,0.0,1.0,0.44666666666666677,0.794102153507855,1,1,0.3474354868411882,"{""energy"": 0.6666666666666667, ""water"": 0.2666666666666667, ""transport"": 0.33333333333333337}","{""energy"": 0.8165907688327705, ""water"": 1.0, ""transport"": 0.5582194865824889}","{""energy"": 0.14992410216610375, ""water"": 0.7333333333333333, ""transport"": 0.2248861532491555}","{""energy"": 0.0, ""water"": 0.0, ""transport"": 0.0}","{""energy"": 1.0, ""water"": 1.0, ""transport"": 1.0}","{""energy"": 1.0, ""water"": 1.0, ""transport"": 1.0}",0.3,0.1,,0.44666666666666677,1.0,0.5533333333333332,1,"{""energy"": 0.6666666666666667, ""water"": 0.2666666666666667, ""transport"": 0.33333333333333337}","{""energy"": 1.0, ""water"": 1.0, ""transport"": 1.0}","{""energy"": 0.33333333333333326, ""water"": 0.7333333333333333, ""transport"": 0.6666666666666666}",3,0.794102153507855,,,"[""energy"", ""transport""]",1,v1.0,0.7,0.3
S4_water_partial,423,423,2984002831485714649,scenario=S4_water_partial|method=both|duration=0|theta=0.300000|delta_threshold=0.100000|A=v1.0|w=na|run_id=423|seed=2984002831485714649,False,"{""step_1_amount"": 0.35798725305874723}",5222c37788a096d3910624247b4a1e76a3afcfe0df2ea7ddd6490cebc16a26a9,0.44666666666666677,0.8227142617111655,0.3760475950444987,19,0.0,0.0,0.44666666666666677,0.8227142617111655,0,1,0.3760475950444987,"{""energy"": 0.6666666666666667, ""water"": 0.2666666666666667, ""transport"": 0.33333333333333337}","{""energy"": 0.8831822823516565, ""water"": 0.5821632679369694, ""transport"": 0.9826412279647068}","{""energy"": 0.21651561568498978, ""water"": 0.31549660127030266, ""transport"": 0.6493078946313734}","{""energy"": 0.0, ""water"": 0.0, ""transport"": 0.0}","{""energy"": 0.0, ""water"": 0.0, ""transport"": 0.0}","{""energy"": 0.0, ""water"": 0.0, ""transport"": 0.0}",0.3,0.1,,0.44666666666666677,1.0,0.5533333333333332,1,"{""energy"": 0.6666666666666667, ""water"": 0.2666666666666667, ""transport"": 0.33333333333333337}","{""energy"": 1.0, ""water"": 1.0, ""transport"": 1.0}","{""energy"": 0.33333333333333326, ""water"": 0.7333333333333333, ""transport"": 0.6666666666666666}",3,0.8227142617111655,,,[],,v1.0,0.7,0.3
S4_water_partial,424,424,5020515733756172454,scenario=S4_water_partial|method=both|duration=0|theta=0.300000|delta_threshold=0.100000|A=v1.0|w=na|run_id=424|seed=5020515733756172454,False,"{""step_1_amount"": 0.8328809354649089}",5222c37788a096d3910624247b4a1e76a3afcfe0df2ea7ddd6490cebc16a26a9,0.44666666666666677,0.80115386545296,0.3544871987862932,30,0.0,1.0,0.44666666666666677,0.80115386545296,1,1,0.3544871987862932,"{""energy"": 0.6666666666666667, ""water"": 0.2666666666666667, ""transport"": 0.33333333333333337}","{""energy"": 0.824886900532894, ""water"": 1.0, ""transport"": 0.5706636841326742}","{""energy"": 0.1582202338662273, ""water"": 0.7333333333333333, ""transport"": 0.23733035079934084}","{""energy"": 0.0, ""water"": 0.0, ""transport"": 0.0}","{""energy"": 1.0, ""water"": 1.0, ""transport"": 1.0}","{""energy"": 1.0, ""water"": 1.0, ""transport"": 1.0}",0.3,0.1,,0.44666666666666677,1.0,0.5533333333333332,1,"{""energy"": 0.6666666666666667, ""water"": 0.2666666666666667, ""transport"": 0.33333333333333337}","{""energy"": 1.0, ""water"": 1.0, ""transport"": 1.0}","{""energy"": 0.33333333333333326, ""water"": 0.7333333333333333, ""transport"": 0.6666666666666666}",3,0.80115386545296,,,"[""energy"", ""transport""]",1,v1.0,0.7,0.3
S4_water_partial,425,425,15843267019484580065,scenario=S4_water_partial|method=both|duration=0|theta=0.300000|delta_threshold=0.100000|A=v1.0|w=na|run_id=425|seed=15843267019484580065,False,"{""step_1_amount"": 0.6204562597665856}",5222c37788a096d3910624247b4a1e76a3afcfe0df2ea7ddd6490cebc16a26a9,0.44666666666666677,0.6936847192795357,0.2470180526128689,11,0.0,0.0,0.44666666666666677,0.6936847192795357,0,1,0.2470180526128689,"{""energy"": 0.6666666666666667, ""water"": 0.2666666666666667, ""transport"": 0.33333333333333337}","{""energy"": 0.7717807316083132, ""water"": 0.7922369913748988, ""transport"": 0.491004430745803}","{""energy"": 0.10511406494164643, ""water"": 0.5255703247082321, ""transport"": 0.15767109741246965}","{""energy"": 0.0, ""water"": 0.0, ""transport"": 0.0}","{""energy"": 0.0, ""water"": 0.0, ""transport"": 0.0}","{""energy"": 0.0, ""water"": 0.0, ""transport"": 0.0}",0.3,0.1,,0.44666666666666677,1.0,0.5533333333333332,1,"{""energy"": 0.6666666666666667, ""water"": 0.2666666666666667, ""transport"": 0.33333333333333337}","{""energy"": 1.0, ""water"": 1.0, ""transport"": 1.0}","{""energy"": 0.33333333333333326, ""water"": 0.7333333333333333, ""transport"": 0.6666666666666666}",3,0.6936847192795357,,,[],,v1.0,0.7,0.3
S4_water_partial,426,426,8375298192744646707,scenario=S4_water_partial|method=both|duration=0|theta=0.300000|delta_threshold=0.100000|A=v1.0|w=na|run_id=426|seed=8375298192744646707,False,"{""step_1_amount"": 0.5753027612328704}",5222c37788a096d3910624247b4a1e76a3afcfe0df2ea7ddd6490cebc16a26a9,0.44666666666666677,0.7717625693331349,0.32509590266646815,28,0.0,0.0,0.44666666666666677,0.7717625693331349,0,1,0.32509590266646815,"{""energy"": 0.6666666666666667, ""water"": 0.2666666666666667, ""transport"": 0.33333333333333337}","{""energy"": 0.8258708135012324, ""water"": 0.7793807558919867, ""transport"": 0.6920000572168198}","{""energy"": 0.15920414683456563, ""water"": 0.51271408922532, ""transport"": 0.3586667238834864}","{""energy"": 0.0, ""water"": 0.0, ""transport"": 0.0}","{""energy"": 0.0, ""water"": 0.0, ""transport"": 0.0}","{""energy"": 0.0, ""water"": 0.0, ""transport"": 0.0}",0.3,0.1,,0.44666666666666677,1.0,0.5533333333333332,1,"{""energy"": 0.6666666666666667, ""water"": 0.2666666666666667, ""transport"": 0.33333333333333337}","{""energy"": 1.0, ""water"": 1.0, ""transport"": 1.0}","{""energy"": 0.33333333333333326, ""water"": 0.7333333333333333, ""transport"": 0.6666666666666666}",3,0.7717625693331349,,,[],,v1.0,0.7,0.3
S4_water_partial,427,427,6659422395599199151,scenario=S4_water_partial|method=both|duration=0|theta=0.300000|delta_threshold=0.100000|A=v1.0|w=na|run_id=427|seed=6659422395599199151,False,"{""step_1_amount"": 0.389373241923556}",5222c37788a096d3910624247b4a1e76a3afcfe0df2ea7ddd6490cebc16a26a9,0.44666666666666677,0.6610527145352896,0.2143860478686228,28,0.0,0.0,0.44666666666666677,0.6610527145352896,0,1,0.2143860478686228,"{""energy"": 0.6666666666666667, ""water"": 0.2666666666666667, ""transport"": 0.33333333333333337}","{""energy"": 0.7578947721426764, ""water"": 0.7228071940467151, ""transport"": 0.4701754915473479}","{""energy"": 0.09122810547600968, ""water"": 0.4561405273800484, ""transport"": 0.13684215821401452}","{""energy"": 0.0, ""water"": 0.0, ""transport"": 0.0}","{""energy"": 0.0, ""water"": 0.0, ""transport"": 0.0}","{""energy"": 0.0, ""water"": 0.0, ""transport"": 0.0}",0.3,0.1,,0.44666666666666677,1.0,0.5533333333333332,1,"{""energy"": 0.6666666666666667, ""water"": 0.2666666666666667, ""transport"": 0.33333333333333337}","{""energy"": 1.0, ""water"": 1.0, ""transport"": 1.0}","{""energy"": 0.33333333333333326, ""water"": 0.7333333333333333, ""transport"": 0.6666666666666666}",3,0.6610527145352896,,,[],,v1.0,0.7,0.3
S4_water_partial,428,428,4692380829621224773,scenario=S4_water_partial|method=both|duration=0|theta=0.300000|delta_threshold=0.100000|A=v1.0|w=na|run_id=428|seed=4692380829621224773,False,"{""step_1_amount"": 0.4350639389455129}",5222c37788a096d3910624247b4a1e76a3afcfe0df2ea7ddd6490cebc16a26a9,0.44666666666666677,0.684152910155762,0.2374862434890952,15,0.0,0.0,0.44666666666666677,0.684152910155762,0,1,0.2374862434890952,"{""energy"": 0.6666666666666667, ""water"": 0.2666666666666667, ""transport"": 0.33333333333333337}","{""energy"": 0.7677246426194733, ""water"": 0.7719565464306991, ""transport"": 0.48492029726254304}","{""energy"": 0.10105797595280652, ""water"": 0.5052898797640324, ""transport"": 0.15158696392920967}","{""energy"": 0.0, ""water"": 0.0, ""transport"": 0.0}","{""energy"": 0.0, ""water"": 0.0, ""transport"": 0.0}","{""energy"": 0.0, ""water"": 0.0, ""transport"": 0.0}",0.3,0.1,,0.44666666666666677,1.0,0.5533333333333332,1,"{""energy"": 0.6666666666666667, ""water"": 0.2666666666666667, ""transport"": 0.33333333333333337}","{""energy"": 1.0, ""water"": 1.0, ""transport"": 1.0}","{""energy"": 0.33333333333333326, ""water"": 0.7333333333333333, ""transport"": 0.6666666666666666}",3,0.684152910155762,,,[],,v1.0,0.7,0.3
S4_water_partial,429,429,8733048772901908286,scenario=S4_water_partial|method=both|duration=0|theta=0.300000|delta_threshold=0.100000|A=v1.0|w=na|run_id=429|seed=8733048772901908286,False,"{""step_1_amount"": 0.536511050564773}",5222c37788a096d3910624247b4a1e76a3afcfe0df2ea7ddd6490cebc16a26a9,0.44666666666666677,0.6443669088734709,0.19770024220680416,18,0.0,0.0,0.44666666666666677,0.6443669088734709,0,1,0.19770024220680416,"{""energy"": 0.6666666666666667, ""water"": 0.2666666666666667, ""transport"": 0.33333333333333337}","{""energy"": 0.75079442930786, ""water"": 0.6873054798726329, ""transport"": 0.4595249772951232}","{""energy"": 0.08412776264119326, ""water"": 0.4206388132059662, ""transport"": 0.12619164396178983}","{""energy"": 0.0, ""water"": 0.0, ""transport"": 0.0}","{""energy"": 0.0, ""water"": 0.0, ""transport"": 0.0}","{""energy"": 0.0, ""water"": 0.0, ""transport"": 0.0}",0.3,0.1,,0.44666666666666677,1.0,0.5533333333333332,1,"{""energy"": 0.6666666666666667, ""water"": 0.2666666666666667, ""transport"": 0.33333333333333337}","{""energy"": 1.0, ""water"": 1.0, ""transport"": 1.0}","{""energy"": 0.33333333333333326, ""water"": 0.7333333333333333, ""transport"": 0.6666666666666666}",3,0.6443669088734709,,,[],,v1.0,0.7,0.3
S4_water_partial,430,430,14498635803292216714,scenario=S4_water_partial|method=both|duration=0|theta=0.300000|delta_threshold=0.100000|A=v1.0|w=na|run_id=430|seed=14498635803292216714,False,"{""step_1_amount"": 0.8372077128336672}",5222c37788a096d3910624247b4a1e76a3afcfe0df2ea7ddd6490cebc16a26a9,0.44666666666666677,0.8932554162011694,0.44658874953450267,28,0.0,1.0,0.44666666666666677,0.8932554162011694,1,1,0.44658874953450267,"{""energy"": 0.6666666666666667, ""water"": 0.2666666666666667, ""transport"": 0.33333333333333337}","{""energy"": 0.8910986738446182, ""water"": 1.0, ""transport"": 0.7893864888777407}","{""energy"": 0.22443200717795142, ""water"": 0.7333333333333333, ""transport"": 0.4560531555444073}","{""energy"": 0.0, ""water"": 0.0, ""transport"": 0.0}","{""energy"": 1.0, ""water"": 1.0, ""transport"": 1.0}","{""energy"": 1.0, ""water"": 1.0, ""transport"": 1.0}",0.3,0.1,,0.44666666666666677,1.0,0.5533333333333332,1,"{""energy"": 0.6666666666666667, ""water"": 0.2666666666666667, ""transport"": 0.33333333333333337}","{""energy"": 1.0, ""water"": 1.0, ""transport"": 1.0}","{""energy"": 0.33333333333333326, ""water"": 0.7333333333333333, ""transport"": 0.6666666666666666}",3,0.8932554162011694,,,"[""energy"", ""transport""]",1,v1.0,0.7,0.3
S4_water_partial,431,431,17651330708241601398,scenario=S4_water_partial|method=both|duration=0|theta=0.300000|delta_threshold=0.100000|A=v1.0|w=na|run_id=431|seed=17651330708241601398,False,"{""step_1_amount"": 0.3714564819732851}",5222c37788a096d3910624247b4a1e76a3afcfe0df2ea7ddd6490cebc16a26a9,0.44666666666666677,0.5473973498259717,0.10073068315930489,26,0.0,0.0,0.44666666666666677,0.5473973498259717,0,0,0.10073068315930489,"{""energy"": 0.6666666666666667, ""water"": 0.2666666666666667, ""transport"": 0.33333333333333337}","{""energy"": 0.7095307871599881, ""water"": 0.4809872691332731, ""transport"": 0.39762951407331526}","{""energy"": 0.042864120493321334, ""water"": 0.2143206024666064, ""transport"": 0.06429618073998189}","{""energy"": 0.0, ""water"": 0.0, ""transport"": 0.0}","{""energy"": 0.0, ""water"": 0.0, ""transport"": 0.0}","{""energy"": 0.0, ""water"": 0.0, ""transport"": 0.0}",0.3,0.1,,0.44666666666666677,1.0,0.5533333333333332,1,"{""energy"": 0.6666666666666667, ""water"": 0.2666666666666667, ""transport"": 0.33333333333333337}","{""energy"": 1.0, ""water"": 1.0, ""transport"": 1.0}","{""energy"": 0.33333333333333326, ""water"": 0.7333333333333333, ""transport"": 0.6666666666666666}",4,0.5473973498259717,,,[],,v1.0,0.7,0.3
S4_water_partial,432,432,15132897181434127291,scenario=S4_water_partial|method=both|duration=0|theta=0.300000|delta_threshold=0.100000|A=v1.0|w=na|run_id=432|seed=15132897181434127291,False,"{""step_1_amount"": 0.4990129124734684}",5222c37788a096d3910624247b4a1e76a3afcfe0df2ea7ddd6490cebc16a26a9,0.44666666666666677,0.6223367527448295,0.1756700860781627,11,0.0,0.0,0.44666666666666677,0.6223367527448295,0,1,0.1756700860781627,"{""energy"": 0.6666666666666667, ""water"": 0.2666666666666667, ""transport"": 0.33333333333333337}","{""energy"": 0.7414198947850339, ""water"": 0.6404328072585023, ""transport"": 0.44546317551088405}","{""energy"": 0.07475322811836715, ""water"": 0.37376614059183555, ""transport"": 0.11212984217755068}","{""energy"": 0.0, ""water"": 0.0, ""transport"": 0.0}","{""energy"": 0.0, ""water"": 0.0, ""transport"": 0.0}","{""energy"": 0.0, ""water"": 0.0, ""transport"": 0.0}",0.3,0.1,,0.44666666666666677,1.0,0.5533333333333332,1,"{""energy"": 0.6666666666666667, ""water"": 0.2666666666666667, ""transport"": 0.33333333333333337}","{""energy"": 1.0, ""water"": 1.0, ""transport"": 1.0}","{""energy"": 0.33333333333333326, ""water"": 0.7333333333333333, ""transport"": 0.6666666666666666}",3,0.6223367527448295,,,[],,v1.0,0.7,0.3
S4_water_partial,433,433,13694354791822301369,scenario=S4_water_partial|method=both|duration=0|theta=0.300000|delta_threshold=0.100000|A=v1.0|w=na|run_id=433|seed=13694354791822301369,False,"{""step_1_amount"": 1.0647345046559067}",5222c37788a096d3910624247b4a1e76a3afcfe0df2ea7ddd6490cebc16a26a9,0.44666666666666677,0.9262829650053239,0.47961629833865715,9,0.0,1.0,0.44666666666666677,0.9262829650053239,1,1,0.47961629833865715,"{""energy"": 0.6666666666666667, ""water"": 0.2666666666666667, ""transport"": 0.33333333333333337}","{""energy"": 0.9306783083371362, ""water"": 1.0, ""transport"": 0.8467054722348981}","{""energy"": 0.2640116416704694, ""water"": 0.7333333333333333, ""transport"": 0.5133721389015647}","{""energy"": 0.0, ""water"": 0.0, ""transport"": 0.0}","{""energy"": 1.0, ""water"": 1.0, ""transport"": 1.0}","{""energy"": 1.0, ""water"": 1.0, ""transport"": 1.0}",0.3,0.1,,0.44666666666666677,1.0,0.5533333333333332,1,"{""energy"": 0.6666666666666667, ""water"": 0.2666666666666667, ""transport"": 0.33333333333333337}","{""energy"": 1.0, ""water"": 1.0, ""transport"": 1.0}","{""energy"": 0.33333333333333326, ""water"": 0.7333333333333333, ""transport"": 0.6666666666666666}",3,0.9262829650053239,,,"[""energy"", ""transport""]",1,v1.0,0.7,0.3
S4_water_partial,434,434,7635729891766417556,scenario=S4_water_partial|method=both|duration=0|theta=0.300000|delta_threshold=0.100000|A=v1.0|w=na|run_id=434|seed=7635729891766417556,False,"{""step_1_amount"": 0.9487742944178675}",5222c37788a096d3910624247b4a1e76a3afcfe0df2ea7ddd6490cebc16a26a9,0.44666666666666677,1.0,0.5533333333333332,5,0.0,1.0,0.44666666666666677,1.0,1,1,0.5533333333333332,"{""energy"": 0.6666666666666667, ""water"": 0.2666666666666667, ""transport"": 0.33333333333333337}","{""energy"": 1.0, ""water"": 1.0, ""transport"": 1.0}","{""energy"": 0.33333333333333326, ""water"": 0.7333333333333333, ""transport"": 0.6666666666666666}","{""energy"": 0.0, ""water"": 0.0, ""transport"": 0.0}","{""energy"": 1.0, ""water"": 1.0, ""transport"": 1.0}","{""energy"": 1.0, ""water"": 1.0, ""transport"": 1.0}",0.3,0.1,,0.44666666666666677,1.0,0.5533333333333332,1,"{""energy"": 0.6666666666666667, ""water"": 0.2666666666666667, ""transport"": 0.33333333333333337}","{""energy"": 1.0, ""water"": 1.0, ""transport"": 1.0}","{""energy"": 0.33333333333333326, ""water"": 0.7333333333333333, ""transport"": 0.6666666666666666}",2,1.0,,,"[""energy"", ""transport""]",1,v1.0,0.7,0.3
S4_water_partial,435,435,7970392988065809921,scenario=S4_water_partial|method=both|duration=0|theta=0.300000|delta_threshold=0.100000|A=v1.0|w=na|run_id=435|seed=7970392988065809921,False,"{""step_1_amount"": 0.8943342827282079}",5222c37788a096d3910624247b4a1e76a3afcfe0df2ea7ddd6490cebc16a26a9,0.44666666666666677,0.9197638417515465,0.4730971750848797,7,0.0,1.0,0.44666666666666677,0.9197638417515465,1,1,0.4730971750848797,"{""energy"": 0.6666666666666667, ""water"": 0.2666666666666667, ""transport"": 0.33333333333333337}","{""energy"": 0.9156439087809585, ""water"": 1.0, ""transport"": 0.8450209274638769}","{""energy"": 0.24897724211429173, ""water"": 0.7333333333333333, ""transport"": 0.5116875941305435}","{""energy"": 0.0, ""water"": 0.0, ""transport"": 0.0}","{""energy"": 1.0, ""water"": 1.0, ""transport"": 1.0}","{""energy"": 1.0, ""water"": 1.0, ""transport"": 1.0}",0.3,0.1,,0.44666666666666677,1.0,0.5533333333333332,1,"{""energy"": 0.6666666666666667, ""water"": 0.2666666666666667, ""transport"": 0.33333333333333337}","{""energy"": 1.0, ""water"": 1.0, ""transport"": 1.0}","{""energy"": 0.33333333333333326, ""water"": 0.7333333333333333, ""transport"": 0.6666666666666666}",3,0.9197638417515465,,,"[""energy"", ""transport""]",1,v1.0,0.7,0.3
S4_water_partial,436,436,15845971405657917536,scenario=S4_water_partial|method=both|duration=0|theta=0.300000|delta_threshold=0.100000|A=v1.0|w=na|run_id=436|seed=15845971405657917536,False,"{""step_1_amount"": 0.609985241480655}",5222c37788a096d3910624247b4a1e76a3afcfe0df2ea7ddd6490cebc16a26a9,0.44666666666666677,0.6875329960365517,0.24086632936988495,28,0.0,0.0,0.44666666666666677,0.6875329960365517,0,1,0.24086632936988495,"{""energy"": 0.6666666666666667, ""water"": 0.2666666666666667, ""transport"": 0.33333333333333337}","{""energy"": 0.7691629770368306, ""water"": 0.7791482185174856, ""transport"": 0.48707779888857905}","{""energy"": 0.10249631037016382, ""water"": 0.5124815518508189, ""transport"": 0.15374446555524568}","{""energy"": 0.0, ""water"": 0.0, ""transport"": 0.0}","{""energy"": 0.0, ""water"": 0.0, ""transport"": 0.0}","{""energy"": 0.0, ""water"": 0.0, ""transport"": 0.0}",0.3,0.1,,0.44666666666666677,1.0,0.5533333333333332,1,"{""energy"": 0.6666666666666667, ""water"": 0.2666666666666667, ""transport"": 0.33333333333333337}","{""energy"": 1.0, ""water"": 1.0, ""transport"": 1.0}","{""energy"": 0.33333333333333326, ""water"": 0.7333333333333333, ""transport"": 0.6666666666666666}",3,0.6875329960365517,,,[],,v1.0,0.7,0.3
S4_water_partial,437,437,3632063402133659853,scenario=S4_water_partial|method=both|duration=0|theta=0.300000|delta_threshold=0.100000|A=v1.0|w=na|run_id=437|seed=3632063402133659853,False,"{""step_1_amount"": 0.8791159470971647}",5222c37788a096d3910624247b4a1e76a3afcfe0df2ea7ddd6490cebc16a26a9,0.44666666666666677,1.0,0.5533333333333332,8,0.0,1.0,0.44666666666666677,1.0,1,1,0.5533333333333332,"{""energy"": 0.6666666666666667, ""water"": 0.2666666666666667, ""transport"": 0.33333333333333337}","{""energy"": 1.0, ""water"": 1.0, ""transport"": 1.0}","{""energy"": 0.33333333333333326, ""water"": 0.7333333333333333, ""transport"": 0.6666666666666666}","{""energy"": 0.0, ""water"": 0.0, ""transport"": 0.0}","{""energy"": 1.0, ""water"": 1.0, ""transport"": 1.0}","{""energy"": 1.0, ""water"": 1.0, ""transport"": 1.0}",0.3,0.1,,0.44666666666666677,1.0,0.5533333333333332,1,"{""energy"": 0.6666666666666667, ""water"": 0.2666666666666667, ""transport"": 0.33333333333333337}","{""energy"": 1.0, ""water"": 1.0, ""transport"": 1.0}","{""energy"": 0.33333333333333326, ""water"": 0.7333333333333333, ""transport"": 0.6666666666666666}",2,1.0,,,"[""energy"", ""transport""]",1,v1.0,0.7,0.3
S4_water_partial,438,438,832557090653065580,scenario=S4_water_partial|method=both|duration=0|theta=0.300000|delta_threshold=0.100000|A=v1.0|w=na|run_id=438|seed=832557090653065580,False,"{""step_1_amount"": 0.8021946616582942}",5222c37788a096d3910624247b4a1e76a3afcfe0df2ea7ddd6490cebc16a26a9,0.44666666666666677,0.7946330322690542,0.3479663656023875,22,0.0,1.0,0.44666666666666677,0.7946330322690542,1,1,0.3479663656023875,"{""energy"": 0.6666666666666667, ""water"": 0.2666666666666667, ""transport"": 0.33333333333333337}","{""energy"": 0.8172153320812403, ""water"": 1.0, ""transport"": 0.5591563314551937}","{""energy"": 0.15054866541457357, ""water"": 0.7333333333333333, ""transport"": 0.22582299812186035}","{""energy"": 0.0, ""water"": 0.0, ""transport"": 0.0}","{""energy"": 1.0, ""water"": 1.0, ""transport"": 1.0}","{""energy"": 1.0, ""water"": 1.0, ""transport"": 1.0}",0.3,0.1,,0.44666666666666677,1.0,0.5533333333333332,1,"{""energy"": 0.6666666666666667, ""water"": 0.2666666666666667, ""transport"": 0.33333333333333337}","{""energy"": 1.0, ""water"": 1.0, ""transport"": 1.0}","{""energy"": 0.33333333333333326, ""water"": 0.7333333333333333, ""transport"": 0.6666666666666666}",3,0.7946330322690542,,,"[""energy"", ""transport""]",1,v1.0,0.7,0.3
S4_water_partial,439,439,3788557952332470812,scenario=S4_water_partial|method=both|duration=0|theta=0.300000|delta_threshold=0.100000|A=v1.0|w=na|run_id=439|seed=3788557952332470812,False,"{""step_1_amount"": 0.524744651337676}",5222c37788a096d3910624247b4a1e76a3afcfe0df2ea7ddd6490cebc16a26a9,0.44666666666666677,0.6374541493275514,0.19078748266088463,25,0.0,0.0,0.44666666666666677,0.6374541493275514,0,1,0.19078748266088463,"{""energy"": 0.6666666666666667, ""water"": 0.2666666666666667, ""transport"": 0.33333333333333337}","{""energy"": 0.7478528295010858, ""water"": 0.6725974808387618, ""transport"": 0.4551125775849619}","{""energy"": 0.08118616283441904, ""water"": 0.4059308141720951, ""transport"": 0.1217792442516285}","{""energy"": 0.0, ""water"": 0.0, ""transport"": 0.0}","{""energy"": 0.0, ""water"": 0.0, ""transport"": 0.0}","{""energy"": 0.0, ""water"": 0.0, ""transport"": 0.0}",0.3,0.1,,0.44666666666666677,1.0,0.5533333333333332,1,"{""energy"": 0.6666666666666667, ""water"": 0.2666666666666667, ""transport"": 0.33333333333333337}","{""energy"": 1.0, ""water"": 1.0, ""transport"": 1.0}","{""energy"": 0.33333333333333326, ""water"": 0.7333333333333333, ""transport"": 0.6666666666666666}",3,0.6374541493275514,,,[],,v1.0,0.7,0.3
S4_water_partial,440,440,10371979740185287017,scenario=S4_water_partial|method=both|duration=0|theta=0.300000|delta_threshold=0.100000|A=v1.0|w=na|run_id=440|seed=10371979740185287017,False,"{""step_1_amount"": 0.4931150422660942}",5222c37788a096d3910624247b4a1e76a3afcfe0df2ea7ddd6490cebc16a26a9,0.44666666666666677,0.6188717539979971,0.17220508733133033,28,0.0,0.0,0.44666666666666677,0.6188717539979971,0,1,0.17220508733133033,"{""energy"": 0.6666666666666667, ""water"": 0.2666666666666667, ""transport"": 0.33333333333333337}","{""energy"": 0.7399454272331902, ""water"": 0.6330604694992845, ""transport"": 0.4432514741831187}","{""energy"": 0.0732787605665235, ""water"": 0.3663938028326178, ""transport"": 0.10991814084978535}","{""energy"": 0.0, ""water"": 0.0, ""transport"": 0.0}","{""energy"": 0.0, ""water"": 0.0, ""transport"": 0.0}","{""energy"": 0.0, ""water"": 0.0, ""transport"": 0.0}",0.3,0.1,,0.44666666666666677,1.0,0.5533333333333332,1,"{""energy"": 0.6666666666666667, ""water"": 0.2666666666666667, ""transport"": 0.33333333333333337}","{""energy"": 1.0, ""water"": 1.0, ""transport"": 1.0}","{""energy"": 0.33333333333333326, ""water"": 0.7333333333333333, ""transport"": 0.6666666666666666}",3,0.6188717539979971,,,[],,v1.0,0.7,0.3
S4_water_partial,441,441,531541196721211397,scenario=S4_water_partial|method=both|duration=0|theta=0.300000|delta_threshold=0.100000|A=v1.0|w=na|run_id=441|seed=531541196721211397,False,"{""step_1_amount"": 0.44265595954962533}",5222c37788a096d3910624247b4a1e76a3afcfe0df2ea7ddd6490cebc16a26a9,0.44666666666666677,0.6809015947592252,0.23423492809255841,26,0.0,0.0,0.44666666666666677,0.6809015947592252,0,1,0.23423492809255841,"{""energy"": 0.6666666666666667, ""water"": 0.2666666666666667, ""transport"": 0.33333333333333337}","{""energy"": 0.7663411041528618, ""water"": 0.765038854097642, ""transport"": 0.482844989562626}","{""energy"": 0.09967443748619509, ""water"": 0.49837218743097533, ""transport"": 0.14951165622929263}","{""energy"": 0.0, ""water"": 0.0, ""transport"": 0.0}","{""energy"": 0.0, ""water"": 0.0, ""transport"": 0.0}","{""energy"": 0.0, ""water"": 0.0, ""transport"": 0.0}",0.3,0.1,,0.44666666666666677,1.0,0.5533333333333332,1,"{""energy"": 0.6666666666666667, ""water"": 0.2666666666666667, ""transport"": 0.33333333333333337}","{""energy"": 1.0, ""water"": 1.0, ""transport"": 1.0}","{""energy"": 0.33333333333333326, ""water"": 0.7333333333333333, ""transport"": 0.6666666666666666}",3,0.6809015947592252,,,[],,v1.0,0.7,0.3
S4_water_partial,442,442,2851643654881892313,scenario=S4_water_partial|method=both|duration=0|theta=0.300000|delta_threshold=0.100000|A=v1.0|w=na|run_id=442|seed=2851643654881892313,False,"{""step_1_amount"": 0.4990035401256099}",5222c37788a096d3910624247b4a1e76a3afcfe0df2ea7ddd6490cebc16a26a9,0.44666666666666677,0.7415131804704425,0.2948465138037757,26,0.0,0.0,0.44666666666666677,0.7415131804704425,0,1,0.2948465138037757,"{""energy"": 0.6666666666666667, ""water"": 0.2666666666666667, ""transport"": 0.33333333333333337}","{""energy"": 0.8159062604355567, ""water"": 0.6900802309820041, ""transport"": 0.6937553566720619}","{""energy"": 0.14923959376888996, ""water"": 0.4234135643153374, ""transport"": 0.3604220233387285}","{""energy"": 0.0, ""water"": 0.0, ""transport"": 0.0}","{""energy"": 0.0, ""water"": 0.0, ""transport"": 0.0}","{""energy"": 0.0, ""water"": 0.0, ""transport"": 0.0}",0.3,0.1,,0.44666666666666677,1.0,0.5533333333333332,1,"{""energy"": 0.6666666666666667, ""water"": 0.2666666666666667, ""transport"": 0.33333333333333337}","{""energy"": 1.0, ""water"": 1.0, ""transport"": 1.0}","{""energy"": 0.33333333333333326, ""water"": 0.7333333333333333, ""transport"": 0.6666666666666666}",3,0.7415131804704425,,,[],,v1.0,0.7,0.3
S4_water_partial,443,443,15104941794917444846,scenario=S4_water_partial|method=both|duration=0|theta=0.300000|delta_threshold=0.100000|A=v1.0|w=na|run_id=443|seed=15104941794917444846,False,"{""step_1_amount"": 1.0188978068516383}",5222c37788a096d3910624247b4a1e76a3afcfe0df2ea7ddd6490cebc16a26a9,0.44666666666666677,0.8366666666666667,0.3899999999999999,13,0.0,1.0,0.44666666666666677,0.8366666666666667,1,1,0.3899999999999999,"{""energy"": 0.6666666666666667, ""water"": 0.2666666666666667, ""transport"": 0.33333333333333337}","{""energy"": 0.8666666666666667, ""water"": 1.0, ""transport"": 0.6333333333333333}","{""energy"": 0.19999999999999996, ""water"": 0.7333333333333333, ""transport"": 0.29999999999999993}","{""energy"": 0.0, ""water"": 0.0, ""transport"": 0.0}","{""energy"": 1.0, ""water"": 1.0, ""transport"": 1.0}","{""energy"": 1.0, ""water"": 1.0, ""transport"": 1.0}",0.3,0.1,,0.44666666666666677,1.0,0.5533333333333332,1,"{""energy"": 0.6666666666666667, ""water"": 0.2666666666666667, ""transport"": 0.33333333333333337}","{""energy"": 1.0, ""water"": 1.0, ""transport"": 1.0}","{""energy"": 0.33333333333333326, ""water"": 0.7333333333333333, ""transport"": 0.6666666666666666}",3,0.8366666666666667,,,"[""energy"", ""transport""]",1,v1.0,0.7,0.3
S4_water_partial,444,444,9375259197427619471,scenario=S4_water_partial|method=both|duration=0|theta=0.300000|delta_threshold=0.100000|A=v1.0|w=na|run_id=444|seed=9375259197427619471,False,"{""step_1_amount"": 0.8946955543965103}",5222c37788a096d3910624247b4a1e76a3afcfe0df2ea7ddd6490cebc16a26a9,0.44666666666666677,0.8142894719759252,0.3676228053092584,7,0.0,1.0,0.44666666666666677,0.8142894719759252,1,1,0.3676228053092584,"{""energy"": 0.6666666666666667, ""water"": 0.2666666666666667, ""transport"": 0.33333333333333337}","{""energy"": 0.8403405552657943, ""water"": 1.0, ""transport"": 0.5938441662320246}","{""energy"": 0.17367388859912758, ""water"": 0.7333333333333333, ""transport"": 0.26051083289869126}","{""energy"": 0.0, ""water"": 0.0, ""transport"": 0.0}","{""energy"": 1.0, ""water"": 1.0, ""transport"": 1.0}","{""energy"": 1.0, ""water"": 1.0, ""transport"": 1.0}",0.3,0.1,,0.44666666666666677,1.0,0.5533333333333332,1,"{""energy"": 0.6666666666666667, ""water"": 0.2666666666666667, ""transport"": 0.33333333333333337}","{""energy"": 1.0, ""water"": 1.0, ""transport"": 1.0}","{""energy"": 0.33333333333333326, ""water"": 0.7333333333333333, ""transport"": 0.6666666666666666}",3,0.8142894719759252,,,"[""energy"", ""transport""]",1,v1.0,0.7,0.3
S4_water_partial,445,445,4344036447798051703,scenario=S4_water_partial|method=both|duration=0|theta=0.300000|delta_threshold=0.100000|A=v1.0|w=na|run_id=445|seed=4344036447798051703,False,"{""step_1_amount"": 0.1805074821607225}",5222c37788a096d3910624247b4a1e76a3afcfe0df2ea7ddd6490cebc16a26a9,0.44666666666666677,0.5931893546077915,0.14652268794112477,18,0.0,0.0,0.44666666666666677,0.5931893546077915,0,1,0.14652268794112477,"{""energy"": 0.6666666666666667, ""water"": 0.2666666666666667, ""transport"": 0.33333333333333337}","{""energy"": 0.7582433466298697, ""water"": 0.32771778664213536, ""transport"": 0.6385889332106767}","{""energy"": 0.09157667996320296, ""water"": 0.06105111997546864, ""transport"": 0.3052555998773433}","{""energy"": 0.0, ""water"": 0.0, ""transport"": 0.0}","{""energy"": 0.0, ""water"": 0.0, ""transport"": 0.0}","{""energy"": 0.0, ""water"": 0.0, ""transport"": 0.0}",0.3,0.1,,0.44666666666666677,1.0,0.5533333333333332,1,"{""energy"": 0.6666666666666667, ""water"": 0.2666666666666667, ""transport"": 0.33333333333333337}","{""energy"": 1.0, ""water"": 1.0, ""transport"": 1.0}","{""energy"": 0.33333333333333326, ""water"": 0.7333333333333333, ""transport"": 0.6666666666666666}",4,0.5931893546077915,,,[],,v1.0,0.7,0.3
S4_water_partial,446,446,9379423561992053237,scenario=S4_water_partial|method=both|duration=0|theta=0.300000|delta_threshold=0.100000|A=v1.0|w=na|run_id=446|seed=9379423561992053237,False,"{""step_1_amount"": 0.89534723546174}",5222c37788a096d3910624247b4a1e76a3afcfe0df2ea7ddd6490cebc16a26a9,0.44666666666666677,0.8144279542022864,0.36776128753561965,29,0.0,1.0,0.44666666666666677,0.8144279542022864,1,1,0.36776128753561965,"{""energy"": 0.6666666666666667, ""water"": 0.2666666666666667, ""transport"": 0.33333333333333337}","{""energy"": 0.8405034755321017, ""water"": 1.0, ""transport"": 0.5940885466314858}","{""energy"": 0.17383680886543496, ""water"": 0.7333333333333333, ""transport"": 0.26075521329815243}","{""energy"": 0.0, ""water"": 0.0, ""transport"": 0.0}","{""energy"": 1.0, ""water"": 1.0, ""transport"": 1.0}","{""energy"": 1.0, ""water"": 1.0, ""transport"": 1.0}",0.3,0.1,,0.44666666666666677,1.0,0.5533333333333332,1,"{""energy"": 0.6666666666666667, ""water"": 0.2666666666666667, ""transport"": 0.33333333333333337}","{""energy"": 1.0, ""water"": 1.0, ""transport"": 1.0}","{""energy"": 0.33333333333333326, ""water"": 0.7333333333333333, ""transport"": 0.6666666666666666}",3,0.8144279542022864,,,"[""energy"", ""transport""]",1,v1.0,0.7,0.3
S4_water_partial,447,447,5778192932081110767,scenario=S4_water_partial|method=both|duration=0|theta=0.300000|delta_threshold=0.100000|A=v1.0|w=na|run_id=447|seed=5778192932081110767,False,"{""step_1_amount"": 0.5735197182311575}",5222c37788a096d3910624247b4a1e76a3afcfe0df2ea7ddd6490cebc16a26a9,0.44666666666666677,0.6661095011274718,0.21944283446080504,22,0.0,0.0,0.44666666666666677,0.6661095011274718,0,1,0.21944283446080504,"{""energy"": 0.6666666666666667, ""water"": 0.2666666666666667, ""transport"": 0.33333333333333337}","{""energy"": 0.7600465962244561, ""water"": 0.7335663144556136, ""transport"": 0.4734032276700174}","{""energy"": 0.0933799295577894, ""water"": 0.4668996477889469, ""transport"": 0.14006989433668404}","{""energy"": 0.0, ""water"": 0.0, ""transport"": 0.0}","{""energy"": 0.0, ""water"": 0.0, ""transport"": 0.0}","{""energy"": 0.0, ""water"": 0.0, ""transport"": 0.0}",0.3,0.1,,0.44666666666666677,1.0,0.5533333333333332,1,"{""energy"": 0.6666666666666667, ""water"": 0.2666666666666667, ""transport"": 0.33333333333333337}","{""energy"": 1.0, ""water"": 1.0, ""transport"": 1.0}","{""energy"": 0.33333333333333326, ""water"": 0.7333333333333333, ""transport"": 0.6666666666666666}",3,0.6661095011274718,,,[],,v1.0,0.7,0.3
S4_water_partial,448,448,6352307397692006636,scenario=S4_water_partial|method=both|duration=0|theta=0.300000|delta_threshold=0.100000|A=v1.0|w=na|run_id=448|seed=6352307397692006636,False,"{""step_1_amount"": 0.9033899154967344}",5222c37788a096d3910624247b4a1e76a3afcfe0df2ea7ddd6490cebc16a26a9,0.44666666666666677,0.8161370237097227,0.369470357043056,28,0.0,1.0,0.44666666666666677,0.8161370237097227,1,1,0.369470357043056,"{""energy"": 0.6666666666666667, ""water"": 0.2666666666666667, ""transport"": 0.33333333333333337}","{""energy"": 0.8425141455408504, ""water"": 1.0, ""transport"": 0.5971045516446087}","{""energy"": 0.17584747887418362, ""water"": 0.7333333333333333, ""transport"": 0.26377121831127537}","{""energy"": 0.0, ""water"": 0.0, ""transport"": 0.0}","{""energy"": 1.0, ""water"": 1.0, ""transport"": 1.0}","{""energy"": 1.0, ""water"": 1.0, ""transport"": 1.0}",0.3,0.1,,0.44666666666666677,1.0,0.5533333333333332,1,"{""energy"": 0.6666666666666667, ""water"": 0.2666666666666667, ""transport"": 0.33333333333333337}","{""energy"": 1.0, ""water"": 1.0, ""transport"": 1.0}","{""energy"": 0.33333333333333326, ""water"": 0.7333333333333333, ""transport"": 0.6666666666666666}",3,0.8161370237097227,,,"[""energy"", ""transport""]",1,v1.0,0.7,0.3
S4_water_partial,449,449,6030199222689767374,scenario=S4_water_partial|method=both|duration=0|theta=0.300000|delta_threshold=0.100000|A=v1.0|w=na|run_id=449|seed=6030199222689767374,False,"{""step_1_amount"": 1.20536655609677}",5222c37788a096d3910624247b4a1e76a3afcfe0df2ea7ddd6490cebc16a26a9,0.44666666666666677,0.9361788352347925,0.48951216856812574,13,0.0,1.0,0.44666666666666677,0.9361788352347925,1,1,0.48951216856812574,"{""energy"": 0.6666666666666667, ""water"": 0.2666666666666667, ""transport"": 0.33333333333333337}","{""energy"": 0.9377467870724708, ""water"": 1.0, ""transport"": 0.870267068019347}","{""energy"": 0.2710801204058041, ""water"": 0.7333333333333333, ""transport"": 0.5369337346860136}","{""energy"": 0.0, ""water"": 0.0, ""transport"": 0.0}","{""energy"": 1.0, ""water"": 1.0, ""transport"": 1.0}","{""energy"": 1.0, ""water"": 1.0, ""transport"": 1.0}",0.3,0.1,,0.44666666666666677,1.0,0.5533333333333332,1,"{""energy"": 0.6666666666666667, ""water"": 0.2666666666666667, ""transport"": 0.33333333333333337}","{""energy"": 1.0, ""water"": 1.0, ""transport"": 1.0}","{""energy"": 0.33333333333333326, ""water"": 0.7333333333333333, ""transport"": 0.6666666666666666}",3,0.9361788352347925,,,"[""energy"", ""transport""]",1,v1.0,0.7,0.3
S4_water_partial,450,450,6168452616523203100,scenario=S4_water_partial|method=both|duration=0|theta=0.300000|delta_threshold=0.100000|A=v1.0|w=na|run_id=450|seed=6168452616523203100,False,"{""step_1_amount"": 0.785537269041881}",5222c37788a096d3910624247b4a1e76a3afcfe0df2ea7ddd6490cebc16a26a9,0.44666666666666677,0.7906698122287719,0.3440031455621051,14,0.0,1.0,0.44666666666666677,0.7906698122287719,1,1,0.3440031455621051,"{""energy"": 0.6666666666666667, ""water"": 0.2666666666666667, ""transport"": 0.33333333333333337}","{""energy"": 0.813050983927137, ""water"": 0.998588252969018, ""transport"": 0.5529098092240388}","{""energy"": 0.1463843172604703, ""water"": 0.7319215863023513, ""transport"": 0.2195764758907054}","{""energy"": 0.0, ""water"": 0.0, ""transport"": 0.0}","{""energy"": 1.0, ""water"": 1.0, ""transport"": 1.0}","{""energy"": 1.0, ""water"": 1.0, ""transport"": 1.0}",0.3,0.1,,0.44666666666666677,1.0,0.5533333333333332,1,"{""energy"": 0.6666666666666667, ""water"": 0.2666666666666667, ""transport"": 0.33333333333333337}","{""energy"": 1.0, ""water"": 1.0, ""transport"": 1.0}","{""energy"": 0.33333333333333326, ""water"": 0.7333333333333333, ""transport"": 0.6666666666666666}",3,0.7906698122287719,,,"[""energy"", ""transport""]",1,v1.0,0.7,0.3
S4_water_partial,451,451,1172983460488642831,scenario=S4_water_partial|method=both|duration=0|theta=0.300000|delta_threshold=0.100000|A=v1.0|w=na|run_id=451|seed=1172983460488642831,False,"{""step_1_amount"": 0.772649021012956}",5222c37788a096d3910624247b4a1e76a3afcfe0df2ea7ddd6490cebc16a26a9,0.44666666666666677,1.0,0.5533333333333332,23,0.0,1.0,0.44666666666666677,1.0,1,1,0.5533333333333332,"{""energy"": 0.6666666666666667, ""water"": 0.2666666666666667, ""transport"": 0.33333333333333337}","{""energy"": 1.0, ""water"": 1.0, ""transport"": 1.0}","{""energy"": 0.33333333333333326, ""water"": 0.7333333333333333, ""transport"": 0.6666666666666666}","{""energy"": 0.0, ""water"": 0.0, ""transport"": 0.0}","{""energy"": 1.0, ""water"": 1.0, ""transport"": 1.0}","{""energy"": 1.0, ""water"": 1.0, ""transport"": 1.0}",0.3,0.1,,0.44666666666666677,1.0,0.5533333333333332,1,"{""energy"": 0.6666666666666667, ""water"": 0.2666666666666667, ""transport"": 0.33333333333333337}","{""energy"": 1.0, ""water"": 1.0, ""transport"": 1.0}","{""energy"": 0.33333333333333326, ""water"": 0.7333333333333333, ""transport"": 0.6666666666666666}",2,1.0,,,"[""energy"", ""transport""]",1,v1.0,0.7,0.3
S4_water_partial,452,452,11843963828318901317,scenario=S4_water_partial|method=both|duration=0|theta=0.300000|delta_threshold=0.100000|A=v1.0|w=na|run_id=452|seed=11843963828318901317,False,"{""step_1_amount"": 0.6391803826557853}",5222c37788a096d3910624247b4a1e76a3afcfe0df2ea7ddd6490cebc16a26a9,0.44666666666666677,0.8210717139822001,0.37440504731553337,22,0.0,0.0,0.44666666666666677,0.8210717139822001,0,1,0.37440504731553337,"{""energy"": 0.6666666666666667, ""water"": 0.2666666666666667, ""transport"": 0.33333333333333337}","{""energy"": 0.8492033701464003, ""water"": 0.8641365501969231, ""transport"": 0.740498002881877}","{""energy"": 0.1825367034797336, ""water"": 0.5974698835302564, ""transport"": 0.4071646695485436}","{""energy"": 0.0, ""water"": 0.0, ""transport"": 0.0}","{""energy"": 0.0, ""water"": 0.0, ""transport"": 0.0}","{""energy"": 0.0, ""water"": 0.0, ""transport"": 0.0}",0.3,0.1,,0.44666666666666677,1.0,0.5533333333333332,1,"{""energy"": 0.6666666666666667, ""water"": 0.2666666666666667, ""transport"": 0.33333333333333337}","{""energy"": 1.0, ""water"": 1.0, ""transport"": 1.0}","{""energy"": 0.33333333333333326, ""water"": 0.7333333333333333, ""transport"": 0.6666666666666666}",3,0.8210717139822001,,,[],,v1.0,0.7,0.3
S4_water_partial,453,453,3955900357094935312,scenario=S4_water_partial|method=both|duration=0|theta=0.300000|delta_threshold=0.100000|A=v1.0|w=na|run_id=453|seed=3955900357094935312,False,"{""step_1_amount"": 0.40773472160771795}",5222c37788a096d3910624247b4a1e76a3afcfe0df2ea7ddd6490cebc16a26a9,0.44666666666666677,0.5687108156112011,0.1220441489445343,15,0.0,0.0,0.44666666666666677,0.5687108156112011,0,0,0.1220441489445343,"{""energy"": 0.6666666666666667, ""water"": 0.2666666666666667, ""transport"": 0.33333333333333337}","{""energy"": 0.7186003470685962, ""water"": 0.5263350686763142, ""transport"": 0.41123385393622763}","{""energy"": 0.05193368040192947, ""water"": 0.25966840200964747, ""transport"": 0.07790052060289426}","{""energy"": 0.0, ""water"": 0.0, ""transport"": 0.0}","{""energy"": 0.0, ""water"": 0.0, ""transport"": 0.0}","{""energy"": 0.0, ""water"": 0.0, ""transport"": 0.0}",0.3,0.1,,0.44666666666666677,1.0,0.5533333333333332,1,"{""energy"": 0.6666666666666667, ""water"": 0.2666666666666667, ""transport"": 0.33333333333333337}","{""energy"": 1.0, ""water"": 1.0, ""transport"": 1.0}","{""energy"": 0.33333333333333326, ""water"": 0.7333333333333333, ""transport"": 0.6666666666666666}",4,0.5687108156112011,,,[],,v1.0,0.7,0.3
S4_water_partial,454,454,16536492835072714050,scenario=S4_water_partial|method=both|duration=0|theta=0.300000|delta_threshold=0.100000|A=v1.0|w=na|run_id=454|seed=16536492835072714050,False,"{""step_1_amount"": 1.092669888279044}",5222c37788a096d3910624247b4a1e76a3afcfe0df2ea7ddd6490cebc16a26a9,0.44666666666666677,0.8366666666666667,0.3899999999999999,22,0.0,1.0,0.44666666666666677,0.8366666666666667,1,1,0.3899999999999999,"{""energy"": 0.6666666666666667, ""water"": 0.2666666666666667, ""transport"": 0.33333333333333337}","{""energy"": 0.8666666666666667, ""water"": 1.0, ""transport"": 0.6333333333333333}","{""energy"": 0.19999999999999996, ""water"": 0.7333333333333333, ""transport"": 0.29999999999999993}","{""energy"": 0.0, ""water"": 0.0, ""transport"": 0.0}","{""energy"": 1.0, ""water"": 1.0, ""transport"": 1.0}","{""energy"": 1.0, ""water"": 1.0, ""transport"": 1.0}",0.3,0.1,,0.44666666666666677,1.0,0.5533333333333332,1,"{""energy"": 0.6666666666666667, ""water"": 0.2666666666666667, ""transport"": 0.33333333333333337}","{""energy"": 1.0, ""water"": 1.0, ""transport"": 1.0}","{""energy"": 0.33333333333333326, ""water"": 0.7333333333333333, ""transport"": 0.6666666666666666}",3,0.8366666666666667,,,"[""energy"", ""transport""]",1,v1.0,0.7,0.3
S4_water_partial,455,455,17509450742381067217,scenario=S4_water_partial|method=both|duration=0|theta=0.300000|delta_threshold=0.100000|A=v1.0|w=na|run_id=455|seed=17509450742381067217,False,"{""step_1_amount"": 0.7307457543306827}",5222c37788a096d3910624247b4a1e76a3afcfe0df2ea7ddd6490cebc16a26a9,0.44666666666666677,0.7584797973359427,0.31181313066927596,29,0.0,0.0,0.44666666666666677,0.7584797973359427,0,1,0.31181313066927596,"{""energy"": 0.6666666666666667, ""water"": 0.2666666666666667, ""transport"": 0.33333333333333337}","{""energy"": 0.7993531052493374, ""water"": 0.93009885958002, ""transport"": 0.5323629912073393}","{""energy"": 0.1326864385826707, ""water"": 0.6634321929133533, ""transport"": 0.19902965787400595}","{""energy"": 0.0, ""water"": 0.0, ""transport"": 0.0}","{""energy"": 0.0, ""water"": 0.0, ""transport"": 0.0}","{""energy"": 0.0, ""water"": 0.0, ""transport"": 0.0}",0.3,0.1,,0.44666666666666677,1.0,0.5533333333333332,1,"{""energy"": 0.6666666666666667, ""water"": 0.2666666666666667, ""transport"": 0.33333333333333337}","{""energy"": 1.0, ""water"": 1.0, ""transport"": 1.0}","{""energy"": 0.33333333333333326, ""water"": 0.7333333333333333, ""transport"": 0.6666666666666666}",3,0.7584797973359427,,,[],,v1.0,0.7,0.3
S4_water_partial,456,456,16378841120027566334,scenario=S4_water_partial|method=both|duration=0|theta=0.300000|delta_threshold=0.100000|A=v1.0|w=na|run_id=456|seed=16378841120027566334,False,"{""step_1_amount"": 0.6599798756510669}",5222c37788a096d3910624247b4a1e76a3afcfe0df2ea7ddd6490cebc16a26a9,0.44666666666666677,0.7169048436116685,0.27023817694500174,9,0.0,0.0,0.44666666666666677,0.7169048436116685,0,1,0.27023817694500174,"{""energy"": 0.6666666666666667, ""water"": 0.2666666666666667, ""transport"": 0.33333333333333337}","{""energy"": 0.7816616355794335, ""water"": 0.8416415112305003, ""transport"": 0.5058257867024835}","{""energy"": 0.11499496891276673, ""water"": 0.5749748445638336, ""transport"": 0.1724924533691501}","{""energy"": 0.0, ""water"": 0.0, ""transport"": 0.0}","{""energy"": 0.0, ""water"": 0.0, ""transport"": 0.0}","{""energy"": 0.0, ""water"": 0.0, ""transport"": 0.0}",0.3,0.1,,0.44666666666666677,1.0,0.5533333333333332,1,"{""energy"": 0.6666666666666667, ""water"": 0.2666666666666667, ""transport"": 0.33333333333333337}","{""energy"": 1.0, ""water"": 1.0, ""transport"": 1.0}","{""energy"": 0.33333333333333326, ""water"": 0.7333333333333333, ""transport"": 0.6666666666666666}",3,0.7169048436116685,,,[],,v1.0,0.7,0.3
S4_water_partial,457,457,7520086679984253987,scenario=S4_water_partial|method=both|duration=0|theta=0.300000|delta_threshold=0.100000|A=v1.0|w=na|run_id=457|seed=7520086679984253987,False,"{""step_1_amount"": 0.6253788901502702}",5222c37788a096d3910624247b4a1e76a3afcfe0df2ea7ddd6490cebc16a26a9,0.44666666666666677,0.6965767646299506,0.24991009796328378,22,0.0,0.0,0.44666666666666677,0.6965767646299506,0,1,0.24991009796328378,"{""energy"": 0.6666666666666667, ""water"": 0.2666666666666667, ""transport"": 0.33333333333333337}","{""energy"": 0.7730113892042343, ""water"": 0.7983902793545045, ""transport"": 0.4928504171396847}","{""energy"": 0.10634472253756755, ""water"": 0.5317236126878377, ""transport"": 0.15951708380635132}","{""energy"": 0.0, ""water"": 0.0, ""transport"": 0.0}","{""energy"": 0.0, ""water"": 0.0, ""transport"": 0.0}","{""energy"": 0.0, ""water"": 0.0, ""transport"": 0.0}",0.3,0.1,,0.44666666666666677,1.0,0.5533333333333332,1,"{""energy"": 0.6666666666666667, ""water"": 0.2666666666666667, ""transport"": 0.33333333333333337}","{""energy"": 1.0, ""water"": 1.0, ""transport"": 1.0}","{""energy"": 0.33333333333333326, ""water"": 0.7333333333333333, ""transport"": 0.6666666666666666}",3,0.6965767646299506,,,[],,v1.0,0.7,0.3
S4_water_partial,458,458,16802222309417879732,scenario=S4_water_partial|method=both|duration=0|theta=0.300000|delta_threshold=0.100000|A=v1.0|w=na|run_id=458|seed=16802222309417879732,False,"{""step_1_amount"": 0.16114686444771373}",5222c37788a096d3910624247b4a1e76a3afcfe0df2ea7ddd6490cebc16a26a9,0.44666666666666677,0.5925087252943618,0.14584205862769506,19,0.0,0.0,0.44666666666666677,0.5925087252943618,0,0,0.14584205862769506,"{""energy"": 0.6666666666666667, ""water"": 0.2666666666666667, ""transport"": 0.33333333333333337}","{""energy"": 0.728727117146537, ""water"": 0.5769689190660181, ""transport"": 0.42642400905313876}","{""energy"": 0.0620604504798703, ""water"": 0.3103022523993514, ""transport"": 0.0930906757198054}","{""energy"": 0.0, ""water"": 0.0, ""transport"": 0.0}","{""energy"": 0.0, ""water"": 0.0, ""transport"": 0.0}","{""energy"": 0.0, ""water"": 0.0, ""transport"": 0.0}",0.3,0.1,,0.44666666666666677,1.0,0.5533333333333332,1,"{""energy"": 0.6666666666666667, ""water"": 0.2666666666666667, ""transport"": 0.33333333333333337}","{""energy"": 1.0, ""water"": 1.0, ""transport"": 1.0}","{""energy"": 0.33333333333333326, ""water"": 0.7333333333333333, ""transport"": 0.6666666666666666}",4,0.5925087252943618,,,[],,v1.0,0.7,0.3
S4_water_partial,459,459,18372887559996627401,scenario=S4_water_partial|method=both|duration=0|theta=0.300000|delta_threshold=0.100000|A=v1.0|w=na|run_id=459|seed=18372887559996627401,False,"{""step_1_amount"": 0.45330634133581804}",5222c37788a096d3910624247b4a1e76a3afcfe0df2ea7ddd6490cebc16a26a9,0.44666666666666677,0.702689799117052,0.2560231324503852,26,0.0,0.0,0.44666666666666677,0.702689799117052,0,1,0.2560231324503852,"{""energy"": 0.6666666666666667, ""water"": 0.2666666666666667, ""transport"": 0.33333333333333337}","{""energy"": 0.7969967875728663, ""water"": 0.6279686170512693, ""transport"": 0.6516683299084154}","{""energy"": 0.13033012090619955, ""water"": 0.36130195038460255, ""transport"": 0.318334996575082}","{""energy"": 0.0, ""water"": 0.0, ""transport"": 0.0}","{""energy"": 0.0, ""water"": 0.0, ""transport"": 0.0}","{""energy"": 0.0, ""water"": 0.0, ""transport"": 0.0}",0.3,0.1,,0.44666666666666677,1.0,0.5533333333333332,1,"{""energy"": 0.6666666666666667, ""water"": 0.2666666666666667, ""transport"": 0.33333333333333337}","{""energy"": 1.0, ""water"": 1.0, ""transport"": 1.0}","{""energy"": 0.33333333333333326, ""water"": 0.7333333333333333, ""transport"": 0.6666666666666666}",3,0.702689799117052,,,[],,v1.0,0.7,0.3
S4_water_partial,460,460,17883418026609912994,scenario=S4_water_partial|method=both|duration=0|theta=0.300000|delta_threshold=0.100000|A=v1.0|w=na|run_id=460|seed=17883418026609912994,False,"{""step_1_amount"": 0.5267768000622065}",5222c37788a096d3910624247b4a1e76a3afcfe0df2ea7ddd6490cebc16a26a9,0.44666666666666677,0.6386480367032129,0.19198137003654614,8,0.0,0.0,0.44666666666666677,0.6386480367032129,0,1,0.19198137003654614,"{""energy"": 0.6666666666666667, ""water"": 0.2666666666666667, ""transport"": 0.33333333333333337}","{""energy"": 0.7483608666822184, ""water"": 0.6751376667444248, ""transport"": 0.4558746333566608}","{""energy"": 0.08169420001555161, ""water"": 0.40847100007775805, ""transport"": 0.12254130002332742}","{""energy"": 0.0, ""water"": 0.0, ""transport"": 0.0}","{""energy"": 0.0, ""water"": 0.0, ""transport"": 0.0}","{""energy"": 0.0, ""water"": 0.0, ""transport"": 0.0}",0.3,0.1,,0.44666666666666677,1.0,0.5533333333333332,1,"{""energy"": 0.6666666666666667, ""water"": 0.2666666666666667, ""transport"": 0.33333333333333337}","{""energy"": 1.0, ""water"": 1.0, ""transport"": 1.0}","{""energy"": 0.33333333333333326, ""water"": 0.7333333333333333, ""transport"": 0.6666666666666666}",3,0.6386480367032129,,,[],,v1.0,0.7,0.3
S4_water_partial,461,461,1003485148060094860,scenario=S4_water_partial|method=both|duration=0|theta=0.300000|delta_threshold=0.100000|A=v1.0|w=na|run_id=461|seed=1003485148060094860,False,"{""step_1_amount"": 0.6830101823089825}",5222c37788a096d3910624247b4a1e76a3afcfe0df2ea7ddd6490cebc16a26a9,0.44666666666666677,0.7304351487731938,0.28376848210652705,29,0.0,0.0,0.44666666666666677,0.7304351487731938,0,1,0.28376848210652705,"{""energy"": 0.6666666666666667, ""water"": 0.2666666666666667, ""transport"": 0.33333333333333337}","{""energy"": 0.7874192122439123, ""water"": 0.8704293945528948, ""transport"": 0.5144621516992018}","{""energy"": 0.12075254557724557, ""water"": 0.6037627278862281, ""transport"": 0.18112881836586847}","{""energy"": 0.0, ""water"": 0.0, ""transport"": 0.0}","{""energy"": 0.0, ""water"": 0.0, ""transport"": 0.0}","{""energy"": 0.0, ""water"": 0.0, ""transport"": 0.0}",0.3,0.1,,0.44666666666666677,1.0,0.5533333333333332,1,"{""energy"": 0.6666666666666667, ""water"": 0.2666666666666667, ""transport"": 0.33333333333333337}","{""energy"": 1.0, ""water"": 1.0, ""transport"": 1.0}","{""energy"": 0.33333333333333326, ""water"": 0.7333333333333333, ""transport"": 0.6666666666666666}",3,0.7304351487731938,,,[],,v1.0,0.7,0.3
S4_water_partial,462,462,6156577320043096559,scenario=S4_water_partial|method=both|duration=0|theta=0.300000|delta_threshold=0.100000|A=v1.0|w=na|run_id=462|seed=6156577320043096559,False,"{""step_1_amount"": 0.8611858631600533}",5222c37788a096d3910624247b4a1e76a3afcfe0df2ea7ddd6490cebc16a26a9,0.44666666666666677,0.9110714616073264,0.46440479494065967,15,0.0,1.0,0.44666666666666677,0.9110714616073264,1,1,0.46440479494065967,"{""energy"": 0.6666666666666667, ""water"": 0.2666666666666667, ""transport"": 0.33333333333333337}","{""energy"": 0.9061794174703575, ""water"": 1.0, ""transport"": 0.8286656487306113}","{""energy"": 0.23951275080369072, ""water"": 0.7333333333333333, ""transport"": 0.49533231539727796}","{""energy"": 0.0, ""water"": 0.0, ""transport"": 0.0}","{""energy"": 1.0, ""water"": 1.0, ""transport"": 1.0}","{""energy"": 1.0, ""water"": 1.0, ""transport"": 1.0}",0.3,0.1,,0.44666666666666677,1.0,0.5533333333333332,1,"{""energy"": 0.6666666666666667, ""water"": 0.2666666666666667, ""transport"": 0.33333333333333337}","{""energy"": 1.0, ""water"": 1.0, ""transport"": 1.0}","{""energy"": 0.33333333333333326, ""water"": 0.7333333333333333, ""transport"": 0.6666666666666666}",3,0.9110714616073264,,,"[""energy"", ""transport""]",1,v1.0,0.7,0.3
S4_water_partial,463,463,2306508522175366214,scenario=S4_water_partial|method=both|duration=0|theta=0.300000|delta_threshold=0.100000|A=v1.0|w=na|run_id=463|seed=2306508522175366214,False,"{""step_1_amount"": 0.6264937051571668}",5222c37788a096d3910624247b4a1e76a3afcfe0df2ea7ddd6490cebc16a26a9,0.44666666666666677,0.8392971826493381,0.3926305159826713,11,0.0,0.0,0.44666666666666677,0.8392971826493381,0,1,0.3926305159826713,"{""energy"": 0.6666666666666667, ""water"": 0.2666666666666667, ""transport"": 0.33333333333333337}","{""energy"": 0.8620810080827308, ""water"": 0.8589777415309734, ""transport"": 0.7892381898565124}","{""energy"": 0.19541434141606406, ""water"": 0.5923110748643067, ""transport"": 0.455904856523179}","{""energy"": 0.0, ""water"": 0.0, ""transport"": 0.0}","{""energy"": 0.0, ""water"": 0.0, ""transport"": 0.0}","{""energy"": 0.0, ""water"": 0.0, ""transport"": 0.0}",0.3,0.1,,0.44666666666666677,1.0,0.5533333333333332,1,"{""energy"": 0.6666666666666667, ""water"": 0.2666666666666667, ""transport"": 0.33333333333333337}","{""energy"": 1.0, ""water"": 1.0, ""transport"": 1.0}","{""energy"": 0.33333333333333326, ""water"": 0.7333333333333333, ""transport"": 0.6666666666666666}",3,0.8392971826493381,,,[],,v1.0,0.7,0.3
S4_water_partial,464,464,2115314747210379682,scenario=S4_water_partial|method=both|duration=0|theta=0.300000|delta_threshold=0.100000|A=v1.0|w=na|run_id=464|seed=2115314747210379682,False,"{""step_1_amount"": 0.8985714588217116}",5222c37788a096d3910624247b4a1e76a3afcfe0df2ea7ddd6490cebc16a26a9,0.44666666666666677,0.8151131016662805,0.3684464349996137,10,0.0,1.0,0.44666666666666677,0.8151131016662805,1,1,0.3684464349996137,"{""energy"": 0.6666666666666667, ""water"": 0.2666666666666667, ""transport"": 0.33333333333333337}","{""energy"": 0.8413095313720946, ""water"": 1.0, ""transport"": 0.5952976303914752}","{""energy"": 0.1746428647054279, ""water"": 0.7333333333333333, ""transport"": 0.26196429705814184}","{""energy"": 0.0, ""water"": 0.0, ""transport"": 0.0}","{""energy"": 1.0, ""water"": 1.0, ""transport"": 1.0}","{""energy"": 1.0, ""water"": 1.0, ""transport"": 1.0}",0.3,0.1,,0.44666666666666677,1.0,0.5533333333333332,1,"{""energy"": 0.6666666666666667, ""water"": 0.2666666666666667, ""transport"": 0.33333333333333337}","{""energy"": 1.0, ""water"": 1.0, ""transport"": 1.0}","{""energy"": 0.33333333333333326, ""water"": 0.7333333333333333, ""transport"": 0.6666666666666666}",3,0.8151131016662805,,,"[""energy"", ""transport""]",1,v1.0,0.7,0.3
S4_water_partial,465,465,1039757610833235146,scenario=S4_water_partial|method=both|duration=0|theta=0.300000|delta_threshold=0.100000|A=v1.0|w=na|run_id=465|seed=1039757610833235146,False,"{""step_1_amount"": 0.457371944859608}",5222c37788a096d3910624247b4a1e76a3afcfe0df2ea7ddd6490cebc16a26a9,0.44666666666666677,0.9036223463755182,0.4569556797088514,23,0.0,1.0,0.44666666666666677,0.9036223463755182,1,1,0.4569556797088514,"{""energy"": 0.6666666666666667, ""water"": 0.2666666666666667, ""transport"": 0.33333333333333337}","{""energy"": 0.9555163293824647, ""water"": 0.7380527154084408, ""transport"": 1.0}","{""energy"": 0.28884966271579793, ""water"": 0.47138604874177403, ""transport"": 0.6666666666666666}","{""energy"": 0.0, ""water"": 0.0, ""transport"": 0.0}","{""energy"": 1.0, ""water"": 1.0, ""transport"": 1.0}","{""energy"": 1.0, ""water"": 1.0, ""transport"": 1.0}",0.3,0.1,,0.44666666666666677,1.0,0.5533333333333332,1,"{""energy"": 0.6666666666666667, ""water"": 0.2666666666666667, ""transport"": 0.33333333333333337}","{""energy"": 1.0, ""water"": 1.0, ""transport"": 1.0}","{""energy"": 0.33333333333333326, ""water"": 0.7333333333333333, ""transport"": 0.6666666666666666}",3,0.9036223463755182,,,"[""energy"", ""transport""]",2,v1.0,0.7,0.3
S4_water_partial,466,466,2838413073277168773,scenario=S4_water_partial|method=both|duration=0|theta=0.300000|delta_threshold=0.100000|A=v1.0|w=na|run_id=466|seed=2838413073277168773,False,"{""step_1_amount"": 0.24155878645746312}",5222c37788a096d3910624247b4a1e76a3afcfe0df2ea7ddd6490cebc16a26a9,0.44666666666666677,0.4710824537104264,0.02441578704375963,14,0.0,0.0,0.44666666666666677,0.4710824537104264,0,0,0.02441578704375963,"{""energy"": 0.6666666666666667, ""water"": 0.2666666666666667, ""transport"": 0.33333333333333337}","{""energy"": 0.6770563632810326, ""water"": 0.3186151497384957, ""transport"": 0.3489178782548821}","{""energy"": 0.01038969661436584, ""water"": 0.05194848307182898, ""transport"": 0.015584544921548704}","{""energy"": 0.0, ""water"": 0.0, ""transport"": 0.0}","{""energy"": 0.0, ""water"": 0.0, ""transport"": 0.0}","{""energy"": 0.0, ""water"": 0.0, ""transport"": 0.0}",0.3,0.1,,0.44666666666666677,1.0,0.5533333333333332,1,"{""energy"": 0.6666666666666667, ""water"": 0.2666666666666667, ""transport"": 0.33333333333333337}","{""energy"": 1.0, ""water"": 1.0, ""transport"": 1.0}","{""energy"": 0.33333333333333326, ""water"": 0.7333333333333333, ""transport"": 0.6666666666666666}",4,0.4710824537104264,,,[],,v1.0,0.7,0.3
S4_water_partial,467,467,547342776986504974,scenario=S4_water_partial|method=both|duration=0|theta=0.300000|delta_threshold=0.100000|A=v1.0|w=na|run_id=467|seed=547342776986504974,False,"{""step_1_amount"": 0.6039454082253942}",5222c37788a096d3910624247b4a1e76a3afcfe0df2ea7ddd6490cebc16a26a9,0.44666666666666677,0.6839845939990858,0.23731792733241908,26,0.0,0.0,0.44666666666666677,0.6839845939990858,0,1,0.23731792733241908,"{""energy"": 0.6666666666666667, ""water"": 0.2666666666666667, ""transport"": 0.33333333333333337}","{""energy"": 0.7676530187230153, ""water"": 0.7715984269484095, ""transport"": 0.4848128614178562}","{""energy"": 0.10098635205634854, ""water"": 0.5049317602817428, ""transport"": 0.1514795280845228}","{""energy"": 0.0, ""water"": 0.0, ""transport"": 0.0}","{""energy"": 0.0, ""water"": 0.0, ""transport"": 0.0}","{""energy"": 0.0, ""water"": 0.0, ""transport"": 0.0}",0.3,0.1,,0.44666666666666677,1.0,0.5533333333333332,1,"{""energy"": 0.6666666666666667, ""water"": 0.2666666666666667, ""transport"": 0.33333333333333337}","{""energy"": 1.0, ""water"": 1.0, ""transport"": 1.0}","{""energy"": 0.33333333333333326, ""water"": 0.7333333333333333, ""transport"": 0.6666666666666666}",3,0.6839845939990858,,,[],,v1.0,0.7,0.3
S4_water_partial,468,468,2007189383184898034,scenario=S4_water_partial|method=both|duration=0|theta=0.300000|delta_threshold=0.100000|A=v1.0|w=na|run_id=468|seed=2007189383184898034,False,"{""step_1_amount"": 0.5549693214021265}",5222c37788a096d3910624247b4a1e76a3afcfe0df2ea7ddd6490cebc16a26a9,0.44666666666666677,0.6552111429904159,0.20854447632374917,12,0.0,0.0,0.44666666666666677,0.6552111429904159,0,1,0.20854447632374917,"{""energy"": 0.6666666666666667, ""water"": 0.2666666666666667, ""transport"": 0.33333333333333337}","{""energy"": 0.7554089970171984, ""water"": 0.7103783184193249, ""transport"": 0.4664468288591308}","{""energy"": 0.0887423303505317, ""water"": 0.44371165175265814, ""transport"": 0.13311349552579743}","{""energy"": 0.0, ""water"": 0.0, ""transport"": 0.0}","{""energy"": 0.0, ""water"": 0.0, ""transport"": 0.0}","{""energy"": 0.0, ""water"": 0.0, ""transport"": 0.0}",0.3,0.1,,0.44666666666666677,1.0,0.5533333333333332,1,"{""energy"": 0.6666666666666667, ""water"": 0.2666666666666667, ""transport"": 0.33333333333333337}","{""energy"": 1.0, ""water"": 1.0, ""transport"": 1.0}","{""energy"": 0.33333333333333326, ""water"": 0.7333333333333333, ""transport"": 0.6666666666666666}",3,0.6552111429904159,,,[],,v1.0,0.7,0.3
S4_water_partial,469,469,17764087730526079565,scenario=S4_water_partial|method=both|duration=0|theta=0.300000|delta_threshold=0.100000|A=v1.0|w=na|run_id=469|seed=17764087730526079565,False,"{""step_1_amount"": 0.6059119534242713}",5222c37788a096d3910624247b4a1e76a3afcfe0df2ea7ddd6490cebc16a26a9,0.44666666666666677,0.6851399393034261,0.23847327263675933,28,0.0,0.0,0.44666666666666677,0.6851399393034261,0,1,0.23847327263675933,"{""energy"": 0.6666666666666667, ""water"": 0.2666666666666667, ""transport"": 0.33333333333333337}","{""energy"": 0.7681446550227345, ""water"": 0.7740566084470057, ""transport"": 0.4855503158674351}","{""energy"": 0.1014779883560678, ""water"": 0.507389941780339, ""transport"": 0.1522169825341017}","{""energy"": 0.0, ""water"": 0.0, ""transport"": 0.0}","{""energy"": 0.0, ""water"": 0.0, ""transport"": 0.0}","{""energy"": 0.0, ""water"": 0.0, ""transport"": 0.0}",0.3,0.1,,0.44666666666666677,1.0,0.5533333333333332,1,"{""energy"": 0.6666666666666667, ""water"": 0.2666666666666667, ""transport"": 0.33333333333333337}","{""energy"": 1.0, ""water"": 1.0, ""transport"": 1.0}","{""energy"": 0.33333333333333326, ""water"": 0.7333333333333333, ""transport"": 0.6666666666666666}",3,0.6851399393034261,,,[],,v1.0,0.7,0.3
S4_water_partial,470,470,10112204967349361398,scenario=S4_water_partial|method=both|duration=0|theta=0.300000|delta_threshold=0.100000|A=v1.0|w=na|run_id=470|seed=10112204967349361398,False,"{""step_1_amount"": 0.7193898226655516}",5222c37788a096d3910624247b4a1e76a3afcfe0df2ea7ddd6490cebc16a26a9,0.44666666666666677,0.7518081874826783,0.30514152081601154,14,0.0,0.0,0.44666666666666677,0.7518081874826783,0,1,0.30514152081601154,"{""energy"": 0.6666666666666667, ""water"": 0.2666666666666667, ""transport"": 0.33333333333333337}","{""energy"": 0.7965141223330546, ""water"": 0.9159039449986063, ""transport"": 0.5281045168329153}","{""energy"": 0.1298474556663879, ""water"": 0.6492372783319396, ""transport"": 0.1947711834995819}","{""energy"": 0.0, ""water"": 0.0, ""transport"": 0.0}","{""energy"": 0.0, ""water"": 0.0, ""transport"": 0.0}","{""energy"": 0.0, ""water"": 0.0, ""transport"": 0.0}",0.3,0.1,,0.44666666666666677,1.0,0.5533333333333332,1,"{""energy"": 0.6666666666666667, ""water"": 0.2666666666666667, ""transport"": 0.33333333333333337}","{""energy"": 1.0, ""water"": 1.0, ""transport"": 1.0}","{""energy"": 0.33333333333333326, ""water"": 0.7333333333333333, ""transport"": 0.6666666666666666}",3,0.7518081874826783,,,[],,v1.0,0.7,0.3
S4_water_partial,471,471,2302194334835673843,scenario=S4_water_partial|method=both|duration=0|theta=0.300000|delta_threshold=0.100000|A=v1.0|w=na|run_id=471|seed=2302194334835673843,False,"{""step_1_amount"": 0.5528839321104739}",5222c37788a096d3910624247b4a1e76a3afcfe0df2ea7ddd6490cebc16a26a9,0.44666666666666677,0.6539859767815701,0.20731931011490334,27,0.0,0.0,0.44666666666666677,0.6539859767815701,0,1,0.20731931011490334,"{""energy"": 0.6666666666666667, ""water"": 0.2666666666666667, ""transport"": 0.33333333333333337}","{""energy"": 0.7548876496942852, ""water"": 0.7077715818047591, ""transport"": 0.46566480787476106}","{""energy"": 0.0882209830276185, ""water"": 0.44110491513809236, ""transport"": 0.13233147454142768}","{""energy"": 0.0, ""water"": 0.0, ""transport"": 0.0}","{""energy"": 0.0, ""water"": 0.0, ""transport"": 0.0}","{""energy"": 0.0, ""water"": 0.0, ""transport"": 0.0}",0.3,0.1,,0.44666666666666677,1.0,0.5533333333333332,1,"{""energy"": 0.6666666666666667, ""water"": 0.2666666666666667, ""transport"": 0.33333333333333337}","{""energy"": 1.0, ""water"": 1.0, ""transport"": 1.0}","{""energy"": 0.33333333333333326, ""water"": 0.7333333333333333, ""transport"": 0.6666666666666666}",3,0.6539859767815701,,,[],,v1.0,0.7,0.3
S4_water_partial,472,472,4559883310317253647,scenario=S4_water_partial|method=both|duration=0|theta=0.300000|delta_threshold=0.100000|A=v1.0|w=na|run_id=472|seed=4559883310317253647,False,"{""step_1_amount"": 0.6156865535482514}",5222c37788a096d3910624247b4a1e76a3afcfe0df2ea7ddd6490cebc16a26a9,0.44666666666666677,0.6908825168762643,0.24421585020959757,17,0.0,0.0,0.44666666666666677,0.6908825168762643,0,1,0.24421585020959757,"{""energy"": 0.6666666666666667, ""water"": 0.2666666666666667, ""transport"": 0.33333333333333337}","{""energy"": 0.7705883050537295, ""water"": 0.7862748586019809, ""transport"": 0.48921579091392764}","{""energy"": 0.10392163838706281, ""water"": 0.5196081919353142, ""transport"": 0.15588245758059427}","{""energy"": 0.0, ""water"": 0.0, ""transport"": 0.0}","{""energy"": 0.0, ""water"": 0.0, ""transport"": 0.0}","{""energy"": 0.0, ""water"": 0.0, ""transport"": 0.0}",0.3,0.1,,0.44666666666666677,1.0,0.5533333333333332,1,"{""energy"": 0.6666666666666667, ""water"": 0.2666666666666667, ""transport"": 0.33333333333333337}","{""energy"": 1.0, ""water"": 1.0, ""transport"": 1.0}","{""energy"": 0.33333333333333326, ""water"": 0.7333333333333333, ""transport"": 0.6666666666666666}",3,0.6908825168762643,,,[],,v1.0,0.7,0.3
S4_water_partial,473,473,3936250831693297081,scenario=S4_water_partial|method=both|duration=0|theta=0.300000|delta_threshold=0.100000|A=v1.0|w=na|run_id=473|seed=3936250831693297081,False,"{""step_1_amount"": 0.8059893707933913}",5222c37788a096d3910624247b4a1e76a3afcfe0df2ea7ddd6490cebc16a26a9,0.44666666666666677,0.7954394079602624,0.3487727412935956,10,0.0,1.0,0.44666666666666677,0.7954394079602624,1,1,0.3487727412935956,"{""energy"": 0.6666666666666667, ""water"": 0.2666666666666667, ""transport"": 0.33333333333333337}","{""energy"": 0.8181640093650145, ""water"": 1.0, ""transport"": 0.5605793473808551}","{""energy"": 0.1514973426983478, ""water"": 0.7333333333333333, ""transport"": 0.22724601404752176}","{""energy"": 0.0, ""water"": 0.0, ""transport"": 0.0}","{""energy"": 1.0, ""water"": 1.0, ""transport"": 1.0}","{""energy"": 1.0, ""water"": 1.0, ""transport"": 1.0}",0.3,0.1,,0.44666666666666677,1.0,0.5533333333333332,1,"{""energy"": 0.6666666666666667, ""water"": 0.2666666666666667, ""transport"": 0.33333333333333337}","{""energy"": 1.0, ""water"": 1.0, ""transport"": 1.0}","{""energy"": 0.33333333333333326, ""water"": 0.7333333333333333, ""transport"": 0.6666666666666666}",3,0.7954394079602624,,,"[""energy"", ""transport""]",1,v1.0,0.7,0.3
S4_water_partial,474,474,9671039442937264785,scenario=S4_water_partial|method=both|duration=0|theta=0.300000|delta_threshold=0.100000|A=v1.0|w=na|run_id=474|seed=9671039442937264785,False,"{""step_1_amount"": 0.7900780729316752}",5222c37788a096d3910624247b4a1e76a3afcfe0df2ea7ddd6490cebc16a26a9,0.44666666666666677,0.7920582571646478,0.34539159049798107,25,0.0,1.0,0.44666666666666677,0.7920582571646478,1,1,0.34539159049798107,"{""energy"": 0.6666666666666667, ""water"": 0.2666666666666667, ""transport"": 0.33333333333333337}","{""energy"": 0.8141861848995856, ""water"": 1.0, ""transport"": 0.5546126106827116}","{""energy"": 0.14751951823291887, ""water"": 0.7333333333333333, ""transport"": 0.22127927734937824}","{""energy"": 0.0, ""water"": 0.0, ""transport"": 0.0}","{""energy"": 1.0, ""water"": 1.0, ""transport"": 1.0}","{""energy"": 1.0, ""water"": 1.0, ""transport"": 1.0}",0.3,0.1,,0.44666666666666677,1.0,0.5533333333333332,1,"{""energy"": 0.6666666666666667, ""water"": 0.2666666666666667, ""transport"": 0.33333333333333337}","{""energy"": 1.0, ""water"": 1.0, ""transport"": 1.0}","{""energy"": 0.33333333333333326, ""water"": 0.7333333333333333, ""transport"": 0.6666666666666666}",3,0.7920582571646478,,,"[""energy"", ""transport""]",1,v1.0,0.7,0.3
S4_water_partial,475,475,9841589779977950473,scenario=S4_water_partial|method=both|duration=0|theta=0.300000|delta_threshold=0.100000|A=v1.0|w=na|run_id=475|seed=9841589779977950473,False,"{""step_1_amount"": 1.0686074725799466}",5222c37788a096d3910624247b4a1e76a3afcfe0df2ea7ddd6490cebc16a26a9,0.44666666666666677,0.8366666666666667,0.3899999999999999,7,0.0,1.0,0.44666666666666677,0.8366666666666667,1,1,0.3899999999999999,"{""energy"": 0.6666666666666667, ""water"": 0.2666666666666667, ""transport"": 0.33333333333333337}","{""energy"": 0.8666666666666667, ""water"": 1.0, ""transport"": 0.6333333333333333}","{""energy"": 0.19999999999999996, ""water"": 0.7333333333333333, ""transport"": 0.29999999999999993}","{""energy"": 0.0, ""water"": 0.0, ""transport"": 0.0}","{""energy"": 1.0, ""water"": 1.0, ""transport"": 1.0}","{""energy"": 1.0, ""water"": 1.0, ""transport"": 1.0}",0.3,0.1,,0.44666666666666677,1.0,0.5533333333333332,1,"{""energy"": 0.6666666666666667, ""water"": 0.2666666666666667, ""transport"": 0.33333333333333337}","{""energy"": 1.0, ""water"": 1.0, ""transport"": 1.0}","{""energy"": 0.33333333333333326, ""water"": 0.7333333333333333, ""transport"": 0.6666666666666666}",3,0.8366666666666667,,,"[""energy"", ""transport""]",1,v1.0,0.7,0.3
S4_water_partial,476,476,1260484450962774282,scenario=S4_water_partial|method=both|duration=0|theta=0.300000|delta_threshold=0.100000|A=v1.0|w=na|run_id=476|seed=1260484450962774282,False,"{""step_1_amount"": 0.22839066213358764}",5222c37788a096d3910624247b4a1e76a3afcfe0df2ea7ddd6490cebc16a26a9,0.44666666666666677,0.46334618067014943,0.016679514003482665,14,0.0,0.0,0.44666666666666677,0.46334618067014943,0,0,0.016679514003482665,"{""energy"": 0.6666666666666667, ""water"": 0.2666666666666667, ""transport"": 0.33333333333333337}","{""energy"": 0.6737643322000636, ""water"": 0.30215499433365123, ""transport"": 0.3439798316334287}","{""energy"": 0.0070976655333968575, ""water"": 0.03548832766698451, ""transport"": 0.010646498300095342}","{""energy"": 0.0, ""water"": 0.0, ""transport"": 0.0}","{""energy"": 0.0, ""water"": 0.0, ""transport"": 0.0}","{""energy"": 0.0, ""water"": 0.0, ""transport"": 0.0}",0.3,0.1,,0.44666666666666677,1.0,0.5533333333333332,1,"{""energy"": 0.6666666666666667, ""water"": 0.2666666666666667, ""transport"": 0.33333333333333337}","{""energy"": 1.0, ""water"": 1.0, ""transport"": 1.0}","{""energy"": 0.33333333333333326, ""water"": 0.7333333333333333, ""transport"": 0.6666666666666666}",4,0.46334618067014943,,,[],,v1.0,0.7,0.3
S4_water_partial,477,477,157543751578919599,scenario=S4_water_partial|method=both|duration=0|theta=0.300000|delta_threshold=0.100000|A=v1.0|w=na|run_id=477|seed=157543751578919599,False,"{""step_1_amount"": 1.2196546284440526}",5222c37788a096d3910624247b4a1e76a3afcfe0df2ea7ddd6490cebc16a26a9,0.44666666666666677,0.8366666666666667,0.3899999999999999,9,0.0,1.0,0.44666666666666677,0.8366666666666667,1,1,0.3899999999999999,"{""energy"": 0.6666666666666667, ""water"": 0.2666666666666667, ""transport"": 0.33333333333333337}","{""energy"": 0.8666666666666667, ""water"": 1.0, ""transport"": 0.6333333333333333}","{""energy"": 0.19999999999999996, ""water"": 0.7333333333333333, ""transport"": 0.29999999999999993}","{""energy"": 0.0, ""water"": 0.0, ""transport"": 0.0}","{""energy"": 1.0, ""water"": 1.0, ""transport"": 1.0}","{""energy"": 1.0, ""water"": 1.0, ""transport"": 1.0}",0.3,0.1,,0.44666666666666677,1.0,0.5533333333333332,1,"{""energy"": 0.6666666666666667, ""water"": 0.2666666666666667, ""transport"": 0.33333333333333337}","{""energy"": 1.0, ""water"": 1.0, ""transport"": 1.0}","{""energy"": 0.33333333333333326, ""water"": 0.7333333333333333, ""transport"": 0.6666666666666666}",3,0.8366666666666667,,,"[""energy"", ""transport""]",1,v1.0,0.7,0.3
S4_water_partial,478,478,1141748439007385385,scenario=S4_water_partial|method=both|duration=0|theta=0.300000|delta_threshold=0.100000|A=v1.0|w=na|run_id=478|seed=1141748439007385385,False,"{""step_1_amount"": 0.6516774726681708}",5222c37788a096d3910624247b4a1e76a3afcfe0df2ea7ddd6490cebc16a26a9,0.44666666666666677,0.8466967774297034,0.40003011076303663,6,0.0,0.0,0.44666666666666677,0.8466967774297034,0,1,0.40003011076303663,"{""energy"": 0.6666666666666667, ""water"": 0.2666666666666667, ""transport"": 0.33333333333333337}","{""energy"": 0.8637545320652634, ""water"": 0.8873758389895829, ""transport"": 0.7832740430224105}","{""energy"": 0.19708786539859668, ""water"": 0.6207091723229162, ""transport"": 0.4499407096890772}","{""energy"": 0.0, ""water"": 0.0, ""transport"": 0.0}","{""energy"": 0.0, ""water"": 0.0, ""transport"": 0.0}","{""energy"": 0.0, ""water"": 0.0, ""transport"": 0.0}",0.3,0.1,,0.44666666666666677,1.0,0.5533333333333332,1,"{""energy"": 0.6666666666666667, ""water"": 0.2666666666666667, ""transport"": 0.33333333333333337}","{""energy"": 1.0, ""water"": 1.0, ""transport"": 1.0}","{""energy"": 0.33333333333333326, ""water"": 0.7333333333333333, ""transport"": 0.6666666666666666}",3,0.8466967774297034,,,[],,v1.0,0.7,0.3
S4_water_partial,479,479,8746349022915287118,scenario=S4_water_partial|method=both|duration=0|theta=0.300000|delta_threshold=0.100000|A=v1.0|w=na|run_id=479|seed=8746349022915287118,False,"{""step_1_amount"": 0.5102808375044967}",5222c37788a096d3910624247b4a1e76a3afcfe0df2ea7ddd6490cebc16a26a9,0.44666666666666677,0.6289566587005585,0.18228999203389173,28,0.0,0.0,0.44666666666666677,0.6289566587005585,0,1,0.18228999203389173,"{""energy"": 0.6666666666666667, ""water"": 0.2666666666666667, ""transport"": 0.33333333333333337}","{""energy"": 0.7442368760427909, ""water"": 0.6545177135472876, ""transport"": 0.4496886473975196}","{""energy"": 0.07757020937612413, ""water"": 0.3878510468806209, ""transport"": 0.11635531406418625}","{""energy"": 0.0, ""water"": 0.0, ""transport"": 0.0}","{""energy"": 0.0, ""water"": 0.0, ""transport"": 0.0}","{""energy"": 0.0, ""water"": 0.0, ""transport"": 0.0}",0.3,0.1,,0.44666666666666677,1.0,0.5533333333333332,1,"{""energy"": 0.6666666666666667, ""water"": 0.2666666666666667, ""transport"": 0.33333333333333337}","{""energy"": 1.0, ""water"": 1.0, ""transport"": 1.0}","{""energy"": 0.33333333333333326, ""water"": 0.7333333333333333, ""transport"": 0.6666666666666666}",3,0.6289566587005585,,,[],,v1.0,0.7,0.3
S4_water_partial,480,480,18285939197893329627,scenario=S4_water_partial|method=both|duration=0|theta=0.300000|delta_threshold=0.100000|A=v1.0|w=na|run_id=480|seed=18285939197893329627,False,"{""step_1_amount"": 0.7731680575619164}",5222c37788a096d3910624247b4a1e76a3afcfe0df2ea7ddd6490cebc16a26a9,0.44666666666666677,0.7834029004842926,0.33673623381762585,28,0.0,1.0,0.44666666666666677,0.7834029004842926,1,1,0.33673623381762585,"{""energy"": 0.6666666666666667, ""water"": 0.2666666666666667, ""transport"": 0.33333333333333337}","{""energy"": 0.8099586810571459, ""water"": 0.9831267386190622, ""transport"": 0.548271354919052}","{""energy"": 0.14329201439047912, ""water"": 0.7164600719523955, ""transport"": 0.21493802158571862}","{""energy"": 0.0, ""water"": 0.0, ""transport"": 0.0}","{""energy"": 1.0, ""water"": 1.0, ""transport"": 1.0}","{""energy"": 1.0, ""water"": 1.0, ""transport"": 1.0}",0.3,0.1,,0.44666666666666677,1.0,0.5533333333333332,1,"{""energy"": 0.6666666666666667, ""water"": 0.2666666666666667, ""transport"": 0.33333333333333337}","{""energy"": 1.0, ""water"": 1.0, ""transport"": 1.0}","{""energy"": 0.33333333333333326, ""water"": 0.7333333333333333, ""transport"": 0.6666666666666666}",3,0.7834029004842926,,,"[""energy"", ""transport""]",1,v1.0,0.7,0.3
S4_water_partial,481,481,650002809993923131,scenario=S4_water_partial|method=both|duration=0|theta=0.300000|delta_threshold=0.100000|A=v1.0|w=na|run_id=481|seed=650002809993923131,False,"{""step_1_amount"": 0.7225225331944113}",5222c37788a096d3910624247b4a1e76a3afcfe0df2ea7ddd6490cebc16a26a9,0.44666666666666677,0.7536486549183833,0.3069819882517165,25,0.0,0.0,0.44666666666666677,0.7536486549183833,0,1,0.3069819882517165,"{""energy"": 0.6666666666666667, ""water"": 0.2666666666666667, ""transport"": 0.33333333333333337}","{""energy"": 0.7972972999652695, ""water"": 0.9198198331596809, ""transport"": 0.5292792832812376}","{""energy"": 0.1306306332986028, ""water"": 0.6531531664930141, ""transport"": 0.19594594994790426}","{""energy"": 0.0, ""water"": 0.0, ""transport"": 0.0}","{""energy"": 0.0, ""water"": 0.0, ""transport"": 0.0}","{""energy"": 0.0, ""water"": 0.0, ""transport"": 0.0}",0.3,0.1,,0.44666666666666677,1.0,0.5533333333333332,1,"{""energy"": 0.6666666666666667, ""water"": 0.2666666666666667, ""transport"": 0.33333333333333337}","{""energy"": 1.0, ""water"": 1.0, ""transport"": 1.0}","{""energy"": 0.33333333333333326, ""water"": 0.7333333333333333, ""transport"": 0.6666666666666666}",3,0.7536486549183833,,,[],,v1.0,0.7,0.3
S4_water_partial,482,482,3557458152526550154,scenario=S4_water_partial|method=both|duration=0|theta=0.300000|delta_threshold=0.100000|A=v1.0|w=na|run_id=482|seed=3557458152526550154,False,"{""step_1_amount"": 0.8745943884160258}",5222c37788a096d3910624247b4a1e76a3afcfe0df2ea7ddd6490cebc16a26a9,0.44666666666666677,0.8100179742050722,0.3633513075384054,9,0.0,1.0,0.44666666666666677,0.8100179742050722,1,1,0.3633513075384054,"{""energy"": 0.6666666666666667, ""water"": 0.2666666666666667, ""transport"": 0.33333333333333337}","{""energy"": 0.8353152637706732, ""water"": 1.0, ""transport"": 0.586306228989343}","{""energy"": 0.16864859710400648, ""water"": 0.7333333333333333, ""transport"": 0.25297289565600967}","{""energy"": 0.0, ""water"": 0.0, ""transport"": 0.0}","{""energy"": 1.0, ""water"": 1.0, ""transport"": 1.0}","{""energy"": 1.0, ""water"": 1.0, ""transport"": 1.0}",0.3,0.1,,0.44666666666666677,1.0,0.5533333333333332,1,"{""energy"": 0.6666666666666667, ""water"": 0.2666666666666667, ""transport"": 0.33333333333333337}","{""energy"": 1.0, ""water"": 1.0, ""transport"": 1.0}","{""energy"": 0.33333333333333326, ""water"": 0.7333333333333333, ""transport"": 0.6666666666666666}",3,0.8100179742050722,,,"[""energy"", ""transport""]",1,v1.0,0.7,0.3
S4_water_partial,483,483,10375344734998299573,scenario=S4_water_partial|method=both|duration=0|theta=0.300000|delta_threshold=0.100000|A=v1.0|w=na|run_id=483|seed=10375344734998299573,False,"{""step_1_amount"": 0.42488119121673745}",5222c37788a096d3910624247b4a1e76a3afcfe0df2ea7ddd6490cebc16a26a9,0.44666666666666677,0.5787843665065,0.13211769983983324,17,0.0,0.0,0.44666666666666677,0.5787843665065,0,0,0.13211769983983324,"{""energy"": 0.6666666666666667, ""water"": 0.2666666666666667, ""transport"": 0.33333333333333337}","{""energy"": 0.7228869644708511, ""water"": 0.5477681556875886, ""transport"": 0.4176637800396099}","{""energy"": 0.05622029780418436, ""water"": 0.2811014890209219, ""transport"": 0.08433044670627654}","{""energy"": 0.0, ""water"": 0.0, ""transport"": 0.0}","{""energy"": 0.0, ""water"": 0.0, ""transport"": 0.0}","{""energy"": 0.0, ""water"": 0.0, ""transport"": 0.0}",0.3,0.1,,0.44666666666666677,1.0,0.5533333333333332,1,"{""energy"": 0.6666666666666667, ""water"": 0.2666666666666667, ""transport"": 0.33333333333333337}","{""energy"": 1.0, ""water"": 1.0, ""transport"": 1.0}","{""energy"": 0.33333333333333326, ""water"": 0.7333333333333333, ""transport"": 0.6666666666666666}",4,0.5787843665065,,,[],,v1.0,0.7,0.3
S4_water_partial,484,484,9963942585534076649,scenario=S4_water_partial|method=both|duration=0|theta=0.300000|delta_threshold=0.100000|A=v1.0|w=na|run_id=484|seed=9963942585534076649,False,"{""step_1_amount"": 0.9169309729319047}",5222c37788a096d3910624247b4a1e76a3afcfe0df2ea7ddd6490cebc16a26a9,0.44666666666666677,0.8190144984146965,0.37234783174802977,23,0.0,1.0,0.44666666666666677,0.8190144984146965,1,1,0.37234783174802977,"{""energy"": 0.6666666666666667, ""water"": 0.2666666666666667, ""transport"": 0.33333333333333337}","{""energy"": 0.845899409899643, ""water"": 1.0, ""transport"": 0.6021824481827976}","{""energy"": 0.17923274323297622, ""water"": 0.7333333333333333, ""transport"": 0.2688491148494643}","{""energy"": 0.0, ""water"": 0.0, ""transport"": 0.0}","{""energy"": 1.0, ""water"": 1.0, ""transport"": 1.0}","{""energy"": 1.0, ""water"": 1.0, ""transport"": 1.0}",0.3,0.1,,0.44666666666666677,1.0,0.5533333333333332,1,"{""energy"": 0.6666666666666667, ""water"": 0.2666666666666667, ""transport"": 0.33333333333333337}","{""energy"": 1.0, ""water"": 1.0, ""transport"": 1.0}","{""energy"": 0.33333333333333326, ""water"": 0.7333333333333333, ""transport"": 0.6666666666666666}",3,0.8190144984146965,,,"[""energy"", ""transport""]",1,v1.0,0.7,0.3
S4_water_partial,485,485,393575839787398843,scenario=S4_water_partial|method=both|duration=0|theta=0.300000|delta_threshold=0.100000|A=v1.0|w=na|run_id=485|seed=393575839787398843,False,"{""step_1_amount"": 0.4083886871056493}",5222c37788a096d3910624247b4a1e76a3afcfe0df2ea7ddd6490cebc16a26a9,0.44666666666666677,0.5690950203412357,0.12242835367456895,14,0.0,0.0,0.44666666666666677,0.5690950203412357,0,0,0.12242835367456895,"{""energy"": 0.6666666666666667, ""water"": 0.2666666666666667, ""transport"": 0.33333333333333337}","{""energy"": 0.718763838443079, ""water"": 0.5271525255487284, ""transport"": 0.4114790909979519}","{""energy"": 0.052097171776412265, ""water"": 0.26048585888206166, ""transport"": 0.07814575766461851}","{""energy"": 0.0, ""water"": 0.0, ""transport"": 0.0}","{""energy"": 0.0, ""water"": 0.0, ""transport"": 0.0}","{""energy"": 0.0, ""water"": 0.0, ""transport"": 0.0}",0.3,0.1,,0.44666666666666677,1.0,0.5533333333333332,1,"{""energy"": 0.6666666666666667, ""water"": 0.2666666666666667, ""transport"": 0.33333333333333337}","{""energy"": 1.0, ""water"": 1.0, ""transport"": 1.0}","{""energy"": 0.33333333333333326, ""water"": 0.7333333333333333, ""transport"": 0.6666666666666666}",4,0.5690950203412357,,,[],,v1.0,0.7,0.3
S4_water_partial,486,486,11220654200674298430,scenario=S4_water_partial|method=both|duration=0|theta=0.300000|delta_threshold=0.100000|A=v1.0|w=na|run_id=486|seed=11220654200674298430,False,"{""step_1_amount"": 0.6393401957434912}",5222c37788a096d3910624247b4a1e76a3afcfe0df2ea7ddd6490cebc16a26a9,0.44666666666666677,0.7047790316659679,0.2581123649993011,27,0.0,0.0,0.44666666666666677,0.7047790316659679,0,1,0.2581123649993011,"{""energy"": 0.6666666666666667, ""water"": 0.2666666666666667, ""transport"": 0.33333333333333337}","{""energy"": 0.7765017156025396, ""water"": 0.8158419113460308, ""transport"": 0.4980859067371426}","{""energy"": 0.10983504893587281, ""water"": 0.5491752446793641, ""transport"": 0.16475257340380922}","{""energy"": 0.0, ""water"": 0.0, ""transport"": 0.0}","{""energy"": 0.0, ""water"": 0.0, ""transport"": 0.0}","{""energy"": 0.0, ""water"": 0.0, ""transport"": 0.0}",0.3,0.1,,0.44666666666666677,1.0,0.5533333333333332,1,"{""energy"": 0.6666666666666667, ""water"": 0.2666666666666667, ""transport"": 0.33333333333333337}","{""energy"": 1.0, ""water"": 1.0, ""transport"": 1.0}","{""energy"": 0.33333333333333326, ""water"": 0.7333333333333333, ""transport"": 0.6666666666666666}",3,0.7047790316659679,,,[],,v1.0,0.7,0.3
S4_water_partial,487,487,14605176674222890597,scenario=S4_water_partial|method=both|duration=0|theta=0.300000|delta_threshold=0.100000|A=v1.0|w=na|run_id=487|seed=14605176674222890597,False,"{""step_1_amount"": 0.7143886981988588}",5222c37788a096d3910624247b4a1e76a3afcfe0df2ea7ddd6490cebc16a26a9,0.44666666666666677,0.9969316513138087,0.5502649846471419,24,0.0,0.0,0.44666666666666677,0.9969316513138087,0,1,0.5502649846471419,"{""energy"": 0.6666666666666667, ""water"": 0.2666666666666667, ""transport"": 0.33333333333333337}","{""energy"": 0.9923291282845216, ""water"": 1.0, ""transport"": 1.0}","{""energy"": 0.32566246161785484, ""water"": 0.7333333333333333, ""transport"": 0.6666666666666666}","{""energy"": 0.0, ""water"": 0.0, ""transport"": 0.0}","{""energy"": 0.0, ""water"": 0.0, ""transport"": 0.0}","{""energy"": 0.0, ""water"": 0.0, ""transport"": 0.0}",0.3,0.1,,0.44666666666666677,1.0,0.5533333333333332,1,"{""energy"": 0.6666666666666667, ""water"": 0.2666666666666667, ""transport"": 0.33333333333333337}","{""energy"": 1.0, ""water"": 1.0, ""transport"": 1.0}","{""energy"": 0.33333333333333326, ""water"": 0.7333333333333333, ""transport"": 0.6666666666666666}",3,0.9969316513138087,,,[],,v1.0,0.7,0.3
S4_water_partial,488,488,8625514501581568755,scenario=S4_water_partial|method=both|duration=0|theta=0.300000|delta_threshold=0.100000|A=v1.0|w=na|run_id=488|seed=8625514501581568755,False,"{""step_1_amount"": 0.5862550017888147}",5222c37788a096d3910624247b4a1e76a3afcfe0df2ea7ddd6490cebc16a26a9,0.44666666666666677,0.6735914802175954,0.22692481355092864,27,0.0,0.0,0.44666666666666677,0.6735914802175954,0,1,0.22692481355092864,"{""energy"": 0.6666666666666667, ""water"": 0.2666666666666667, ""transport"": 0.33333333333333337}","{""energy"": 0.7632304171138704, ""water"": 0.7494854189026852, ""transport"": 0.47817895900413887}","{""energy"": 0.09656375044720367, ""water"": 0.48281875223601844, ""transport"": 0.1448456256708055}","{""energy"": 0.0, ""water"": 0.0, ""transport"": 0.0}","{""energy"": 0.0, ""water"": 0.0, ""transport"": 0.0}","{""energy"": 0.0, ""water"": 0.0, ""transport"": 0.0}",0.3,0.1,,0.44666666666666677,1.0,0.5533333333333332,1,"{""energy"": 0.6666666666666667, ""water"": 0.2666666666666667, ""transport"": 0.33333333333333337}","{""energy"": 1.0, ""water"": 1.0, ""transport"": 1.0}","{""energy"": 0.33333333333333326, ""water"": 0.7333333333333333, ""transport"": 0.6666666666666666}",3,0.6735914802175954,,,[],,v1.0,0.7,0.3
S4_water_partial,489,489,6362350545513019448,scenario=S4_water_partial|method=both|duration=0|theta=0.300000|delta_threshold=0.100000|A=v1.0|w=na|run_id=489|seed=6362350545513019448,False,"{""step_1_amount"": 0.32480044231528465}",5222c37788a096d3910624247b4a1e76a3afcfe0df2ea7ddd6490cebc16a26a9,0.44666666666666677,0.8244777277343258,0.37781106106765905,23,0.0,0.0,0.44666666666666677,0.8244777277343258,0,1,0.37781106106765905,"{""energy"": 0.6666666666666667, ""water"": 0.2666666666666667, ""transport"": 0.33333333333333337}","{""energy"": 0.8954181955253194, ""water"": 0.5543681650806602, ""transport"": 1.0}","{""energy"": 0.2287515288586527, ""water"": 0.2877014984139935, ""transport"": 0.6666666666666666}","{""energy"": 0.0, ""water"": 0.0, ""transport"": 0.0}","{""energy"": 0.0, ""water"": 0.0, ""transport"": 0.0}","{""energy"": 0.0, ""water"": 0.0, ""transport"": 0.0}",0.3,0.1,,0.44666666666666677,1.0,0.5533333333333332,1,"{""energy"": 0.6666666666666667, ""water"": 0.2666666666666667, ""transport"": 0.33333333333333337}","{""energy"": 1.0, ""water"": 1.0, ""transport"": 1.0}","{""energy"": 0.33333333333333326, ""water"": 0.7333333333333333, ""transport"": 0.6666666666666666}",3,0.8244777277343258,,,[],,v1.0,0.7,0.3
S4_water_partial,490,490,17037723140355111693,scenario=S4_water_partial|method=both|duration=0|theta=0.300000|delta_threshold=0.100000|A=v1.0|w=na|run_id=490|seed=17037723140355111693,False,"{""step_1_amount"": 0.5643414193995286}",5222c37788a096d3910624247b4a1e76a3afcfe0df2ea7ddd6490cebc16a26a9,0.44666666666666677,0.6607172505638899,0.2140505838972231,22,0.0,0.0,0.44666666666666677,0.6607172505638899,0,1,0.2140505838972231,"{""energy"": 0.6666666666666667, ""water"": 0.2666666666666667, ""transport"": 0.33333333333333337}","{""energy"": 0.7577520215165489, ""water"": 0.7220934409160775, ""transport"": 0.4699613656081566}","{""energy"": 0.09108535484988212, ""water"": 0.4554267742494108, ""transport"": 0.13662803227482323}","{""energy"": 0.0, ""water"": 0.0, ""transport"": 0.0}","{""energy"": 0.0, ""water"": 0.0, ""transport"": 0.0}","{""energy"": 0.0, ""water"": 0.0, ""transport"": 0.0}",0.3,0.1,,0.44666666666666677,1.0,0.5533333333333332,1,"{""energy"": 0.6666666666666667, ""water"": 0.2666666666666667, ""transport"": 0.33333333333333337}","{""energy"": 1.0, ""water"": 1.0, ""transport"": 1.0}","{""energy"": 0.33333333333333326, ""water"": 0.7333333333333333, ""transport"": 0.6666666666666666}",3,0.6607172505638899,,,[],,v1.0,0.7,0.3
S4_water_partial,491,491,4659998699085886121,scenario=S4_water_partial|method=both|duration=0|theta=0.300000|delta_threshold=0.100000|A=v1.0|w=na|run_id=491|seed=4659998699085886121,False,"{""step_1_amount"": 0.9208533157081035}",5222c37788a096d3910624247b4a1e76a3afcfe0df2ea7ddd6490cebc16a26a9,0.44666666666666677,0.927708774538379,0.4810421078717122,8,0.0,1.0,0.44666666666666677,0.927708774538379,1,1,0.4810421078717122,"{""energy"": 0.6666666666666667, ""water"": 0.2666666666666667, ""transport"": 0.33333333333333337}","{""energy"": 0.9239234086535071, ""water"": 1.0, ""transport"": 0.8604647035899204}","{""energy"": 0.25725674198684034, ""water"": 0.7333333333333333, ""transport"": 0.5271313702565871}","{""energy"": 0.0, ""water"": 0.0, ""transport"": 0.0}","{""energy"": 1.0, ""water"": 1.0, ""transport"": 1.0}","{""energy"": 1.0, ""water"": 1.0, ""transport"": 1.0}",0.3,0.1,,0.44666666666666677,1.0,0.5533333333333332,1,"{""energy"": 0.6666666666666667, ""water"": 0.2666666666666667, ""transport"": 0.33333333333333337}","{""energy"": 1.0, ""water"": 1.0, ""transport"": 1.0}","{""energy"": 0.33333333333333326, ""water"": 0.7333333333333333, ""transport"": 0.6666666666666666}",3,0.927708774538379,,,"[""energy"", ""transport""]",1,v1.0,0.7,0.3
S4_water_partial,492,492,8755890775237521049,scenario=S4_water_partial|method=both|duration=0|theta=0.300000|delta_threshold=0.100000|A=v1.0|w=na|run_id=492|seed=8755890775237521049,False,"{""step_1_amount"": 0.20300334917610502}",5222c37788a096d3910624247b4a1e76a3afcfe0df2ea7ddd6490cebc16a26a9,0.44666666666666677,0.44843113430762843,0.0017644676409616644,20,0.0,0.0,0.44666666666666677,0.44843113430762843,0,0,0.0017644676409616644,"{""energy"": 0.6666666666666667, ""water"": 0.2666666666666667, ""transport"": 0.33333333333333337}","{""energy"": 0.667417503960693, ""water"": 0.2704208531367981, ""transport"": 0.33445958927437275}","{""energy"": 0.000750837294026252, ""water"": 0.003754186470131371, ""transport"": 0.001126255941039378}","{""energy"": 0.0, ""water"": 0.0, ""transport"": 0.0}","{""energy"": 0.0, ""water"": 0.0, ""transport"": 0.0}","{""energy"": 0.0, ""water"": 0.0, ""transport"": 0.0}",0.3,0.1,,0.44666666666666677,1.0,0.5533333333333332,1,"{""energy"": 0.6666666666666667, ""water"": 0.2666666666666667, ""transport"": 0.33333333333333337}","{""energy"": 1.0, ""water"": 1.0, ""transport"": 1.0}","{""energy"": 0.33333333333333326, ""water"": 0.7333333333333333, ""transport"": 0.6666666666666666}",4,0.44843113430762843,,,[],,v1.0,0.7,0.3
S4_water_partial,493,493,1018404534939230953,scenario=S4_water_partial|method=both|duration=0|theta=0.300000|delta_threshold=0.100000|A=v1.0|w=na|run_id=493|seed=1018404534939230953,False,"{""step_1_amount"": 0.2651940952967581}",5222c37788a096d3910624247b4a1e76a3afcfe0df2ea7ddd6490cebc16a26a9,0.44666666666666677,0.7296310178845972,0.2829643512179304,18,0.0,0.0,0.44666666666666677,0.7296310178845972,0,1,0.2829643512179304,"{""energy"": 0.6666666666666667, ""water"": 0.2666666666666667, ""transport"": 0.33333333333333337}","{""energy"": 0.8075062762287019, ""water"": 0.693480933904808, ""transport"": 0.6619474240722467}","{""energy"": 0.14083960956203512, ""water"": 0.4268142672381413, ""transport"": 0.32861409073891334}","{""energy"": 0.0, ""water"": 0.0, ""transport"": 0.0}","{""energy"": 0.0, ""water"": 0.0, ""transport"": 0.0}","{""energy"": 0.0, ""water"": 0.0, ""transport"": 0.0}",0.3,0.1,,0.44666666666666677,1.0,0.5533333333333332,1,"{""energy"": 0.6666666666666667, ""water"": 0.2666666666666667, ""transport"": 0.33333333333333337}","{""energy"": 1.0, ""water"": 1.0, ""transport"": 1.0}","{""energy"": 0.33333333333333326, ""water"": 0.7333333333333333, ""transport"": 0.6666666666666666}",3,0.7296310178845972,,,[],,v1.0,0.7,0.3
S4_water_partial,494,494,3473968960332043032,scenario=S4_water_partial|method=both|duration=0|theta=0.300000|delta_threshold=0.100000|A=v1.0|w=na|run_id=494|seed=3473968960332043032,False,"{""step_1_amount"": 0.09350717980575843}",5222c37788a096d3910624247b4a1e76a3afcfe0df2ea7ddd6490cebc16a26a9,0.44666666666666677,0.44666666666666677,0.0,21,0.0,0.0,0.44666666666666677,0.44666666666666677,0,0,0.0,"{""energy"": 0.6666666666666667, ""water"": 0.2666666666666667, ""transport"": 0.33333333333333337}","{""energy"": 0.6666666666666667, ""water"": 0.2666666666666667, ""transport"": 0.33333333333333337}","{""energy"": 0.0, ""water"": 0.0, ""transport"": 0.0}","{""energy"": 0.0, ""water"": 0.0, ""transport"": 0.0}","{""energy"": 0.0, ""water"": 0.0, ""transport"": 0.0}","{""energy"": 0.0, ""water"": 0.0, ""transport"": 0.0}",0.3,0.1,,0.44666666666666677,1.0,0.5533333333333332,1,"{""energy"": 0.6666666666666667, ""water"": 0.2666666666666667, ""transport"": 0.33333333333333337}","{""energy"": 1.0, ""water"": 1.0, ""transport"": 1.0}","{""energy"": 0.33333333333333326, ""water"": 0.7333333333333333, ""transport"": 0.6666666666666666}",4,0.44666666666666677,,,[],,v1.0,0.7,0.3
S4_water_partial,495,495,5980861414856933273,scenario=S4_water_partial|method=both|duration=0|theta=0.300000|delta_threshold=0.100000|A=v1.0|w=na|run_id=495|seed=5980861414856933273,False,"{""step_1_amount"": 0.7796760479394507}",5222c37788a096d3910624247b4a1e76a3afcfe0df2ea7ddd6490cebc16a26a9,0.44666666666666677,0.7872263448310939,0.3405596781644271,15,0.0,1.0,0.44666666666666677,0.7872263448310939,1,1,0.3405596781644271,"{""energy"": 0.6666666666666667, ""water"": 0.2666666666666667, ""transport"": 0.33333333333333337}","{""energy"": 0.8115856786515294, ""water"": 0.99126172659098, ""transport"": 0.5507118513106274}","{""energy"": 0.14491901198486268, ""water"": 0.7245950599243133, ""transport"": 0.21737851797729402}","{""energy"": 0.0, ""water"": 0.0, ""transport"": 0.0}","{""energy"": 1.0, ""water"": 1.0, ""transport"": 1.0}","{""energy"": 1.0, ""water"": 1.0, ""transport"": 1.0}",0.3,0.1,,0.44666666666666677,1.0,0.5533333333333332,1,"{""energy"": 0.6666666666666667, ""water"": 0.2666666666666667, ""transport"": 0.33333333333333337}","{""energy"": 1.0, ""water"": 1.0, ""transport"": 1.0}","{""energy"": 0.33333333333333326, ""water"": 0.7333333333333333, ""transport"": 0.6666666666666666}",3,0.7872263448310939,,,"[""energy"", ""transport""]",1,v1.0,0.7,0.3
S4_water_partial,496,496,9642167557374917876,scenario=S4_water_partial|method=both|duration=0|theta=0.300000|delta_threshold=0.100000|A=v1.0|w=na|run_id=496|seed=9642167557374917876,False,"{""step_1_amount"": 0.7225031302967024}",5222c37788a096d3910624247b4a1e76a3afcfe0df2ea7ddd6490cebc16a26a9,0.44666666666666677,0.7536372557159794,0.3069705890493126,8,0.0,0.0,0.44666666666666677,0.7536372557159794,0,1,0.3069705890493126,"{""energy"": 0.6666666666666667, ""water"": 0.2666666666666667, ""transport"": 0.33333333333333337}","{""energy"": 0.7972924492408424, ""water"": 0.9197955795375448, ""transport"": 0.5292720071945968}","{""energy"": 0.13062578257417568, ""water"": 0.653128912870878, ""transport"": 0.1959386738612634}","{""energy"": 0.0, ""water"": 0.0, ""transport"": 0.0}","{""energy"": 0.0, ""water"": 0.0, ""transport"": 0.0}","{""energy"": 0.0, ""water"": 0.0, ""transport"": 0.0}",0.3,0.1,,0.44666666666666677,1.0,0.5533333333333332,1,"{""energy"": 0.6666666666666667, ""water"": 0.2666666666666667, ""transport"": 0.33333333333333337}","{""energy"": 1.0, ""water"": 1.0, ""transport"": 1.0}","{""energy"": 0.33333333333333326, ""water"": 0.7333333333333333, ""transport"": 0.6666666666666666}",3,0.7536372557159794,,,[],,v1.0,0.7,0.3
S4_water_partial,497,497,6379771810797299569,scenario=S4_water_partial|method=both|duration=0|theta=0.300000|delta_threshold=0.100000|A=v1.0|w=na|run_id=497|seed=6379771810797299569,False,"{""step_1_amount"": 0.7002317170735067}",5222c37788a096d3910624247b4a1e76a3afcfe0df2ea7ddd6490cebc16a26a9,0.44666666666666677,0.7922728415207712,0.3456061748541044,13,0.0,1.0,0.44666666666666677,0.7922728415207712,1,1,0.3456061748541044,"{""energy"": 0.6666666666666667, ""water"": 0.2666666666666667, ""transport"": 0.33333333333333337}","{""energy"": 0.8144386370832601, ""water"": 1.0, ""transport"": 0.5549912889582234}","{""energy"": 0.1477719704165934, ""water"": 0.7333333333333333, ""transport"": 0.22165795562489}","{""energy"": 0.0, ""water"": 0.0, ""transport"": 0.0}","{""energy"": 1.0, ""water"": 1.0, ""transport"": 1.0}","{""energy"": 1.0, ""water"": 1.0, ""transport"": 1.0}",0.3,0.1,,0.44666666666666677,1.0,0.5533333333333332,1,"{""energy"": 0.6666666666666667, ""water"": 0.2666666666666667, ""transport"": 0.33333333333333337}","{""energy"": 1.0, ""water"": 1.0, ""transport"": 1.0}","{""energy"": 0.33333333333333326, ""water"": 0.7333333333333333, ""transport"": 0.6666666666666666}",3,0.7922728415207712,,,"[""energy"", ""transport""]",2,v1.0,0.7,0.3
S4_water_partial,498,498,6005426307380712455,scenario=S4_water_partial|method=both|duration=0|theta=0.300000|delta_threshold=0.100000|A=v1.0|w=na|run_id=498|seed=6005426307380712455,False,"{""step_1_amount"": 0.5670064315783729}",5222c37788a096d3910624247b4a1e76a3afcfe0df2ea7ddd6490cebc16a26a9,0.44666666666666677,0.6622829452189608,0.21561627855229404,13,0.0,0.0,0.44666666666666677,0.6622829452189608,0,1,0.21561627855229404,"{""energy"": 0.6666666666666667, ""water"": 0.2666666666666667, ""transport"": 0.33333333333333337}","{""energy"": 0.75841827456126, ""water"": 0.7254247061396328, ""transport"": 0.47096074517522324}","{""energy"": 0.09175160789459325, ""water"": 0.4587580394729661, ""transport"": 0.13762741184188987}","{""energy"": 0.0, ""water"": 0.0, ""transport"": 0.0}","{""energy"": 0.0, ""water"": 0.0, ""transport"": 0.0}","{""energy"": 0.0, ""water"": 0.0, ""transport"": 0.0}",0.3,0.1,,0.44666666666666677,1.0,0.5533333333333332,1,"{""energy"": 0.6666666666666667, ""water"": 0.2666666666666667, ""transport"": 0.33333333333333337}","{""energy"": 1.0, ""water"": 1.0, ""transport"": 1.0}","{""energy"": 0.33333333333333326, ""water"": 0.7333333333333333, ""transport"": 0.6666666666666666}",3,0.6622829452189608,,,[],,v1.0,0.7,0.3
S4_water_partial,499,499,14161458081810647263,scenario=S4_water_partial|method=both|duration=0|theta=0.300000|delta_threshold=0.100000|A=v1.0|w=na|run_id=499|seed=14161458081810647263,False,"{""step_1_amount"": 0.5997687341015829}",5222c37788a096d3910624247b4a1e76a3afcfe0df2ea7ddd6490cebc16a26a9,0.44666666666666677,0.6815307979513467,0.23486413128467998,13,0.0,0.0,0.44666666666666677,0.6815307979513467,0,1,0.23486413128467998,"{""energy"": 0.6666666666666667, ""water"": 0.2666666666666667, ""transport"": 0.33333333333333337}","{""energy"": 0.7666088501920625, ""water"": 0.7663775842936453, ""transport"": 0.483246608621427}","{""energy"": 0.09994218352539574, ""water"": 0.4997109176269786, ""transport"": 0.14991327528809362}","{""energy"": 0.0, ""water"": 0.0, ""transport"": 0.0}","{""energy"": 0.0, ""water"": 0.0, ""transport"": 0.0}","{""energy"": 0.0, ""water"": 0.0, ""transport"": 0.0}",0.3,0.1,,0.44666666666666677,1.0,0.5533333333333332,1,"{""energy"": 0.6666666666666667, ""water"": 0.2666666666666667, ""transport"": 0.33333333333333337}","{""energy"": 1.0, ""water"": 1.0, ""transport"": 1.0}","{""energy"": 0.33333333333333326, ""water"": 0.7333333333333333, ""transport"": 0.6666666666666666}",3,0.6815307979513467,,,[],,v1.0,0.7,0.3
S4_water_partial,500,500,11194307790884342666,scenario=S4_water_partial|method=both|duration=0|theta=0.300000|delta_threshold=0.100000|A=v1.0|w=na|run_id=500|seed=11194307790884342666,False,"{""step_1_amount"": 1.0793957419463598}",5222c37788a096d3910624247b4a1e76a3afcfe0df2ea7ddd6490cebc16a26a9,0.44666666666666677,0.8366666666666667,0.3899999999999999,10,0.0,1.0,0.44666666666666677,0.8366666666666667,1,1,0.3899999999999999,"{""energy"": 0.6666666666666667, ""water"": 0.2666666666666667, ""transport"": 0.33333333333333337}","{""energy"": 0.8666666666666667, ""water"": 1.0, ""transport"": 0.6333333333333333}","{""energy"": 0.19999999999999996, ""water"": 0.7333333333333333, ""transport"": 0.29999999999999993}","{""energy"": 0.0, ""water"": 0.0, ""transport"": 0.0}","{""energy"": 1.0, ""water"": 1.0, ""transport"": 1.0}","{""energy"": 1.0, ""water"": 1.0, ""transport"": 1.0}",0.3,0.1,,0.44666666666666677,1.0,0.5533333333333332,1,"{""energy"": 0.6666666666666667, ""water"": 0.2666666666666667, ""transport"": 0.33333333333333337}","{""energy"": 1.0, ""water"": 1.0, ""transport"": 1.0}","{""energy"": 0.33333333333333326, ""water"": 0.7333333333333333, ""transport"": 0.6666666666666666}",3,0.8366666666666667,,,"[""energy"", ""transport""]",1,v1.0,0.7,0.3
