scenario_id,run_id,run,seed,cache_key,cache_hit,randomized_params,x0_hash,before,after,delta,duration,method_cl_total_before,method_cl_total_after,method_q_total_before,method_q_total_after,I_cl,I_q,delta_R,before_vec_q,after_vec_q,delta_vec_q,before_vec_cl,after_vec_cl,delta_vec_cl,theta_classical,delta_sector_threshold,theta_node,method_qi_total_before,method_qi_total_after,delta_qi,I_qi,before_vec_qi,after_vec_qi,delta_vec_qi,convergence_steps,peak_after_q,final_after_recovery_q,recovery_trajectory_q,cl_activated_sectors,cl_first_activation_step,matrix_version,theta_bin,theta_cascade
S4_water_partial,1,1,10218839302848591282,scenario=S4_water_partial|method=both|duration=0|theta=0.300000|delta_threshold=0.100000|A=v2.0|w=na|run_id=1|seed=10218839302848591282,False,"{""step_1_amount"": 0.6549227672591174}",033832c9a51598bd69064fc3910037f6fde292830c04f0066e6d9779dc60f4ca,0.38314666666666675,0.6616617578518799,0.2785150911852131,6,0.0,0.0,0.38314666666666675,0.6616617578518799,0,1,0.2785150911852131,"{""energy"": 0.6666666666666667, ""water"": 0.05493333333333334, ""transport"": 0.33333333333333337}","{""energy"": 0.8512515794820537, ""water"": 0.62358679240723, ""transport"": 0.4469502944562979}","{""energy"": 0.18458491281538691, ""water"": 0.5686534590738966, ""transport"": 0.11361696112296454}","{""energy"": 0.0, ""water"": 0.0, ""transport"": 0.0}","{""energy"": 0.0, ""water"": 0.0, ""transport"": 0.0}","{""energy"": 0.0, ""water"": 0.0, ""transport"": 0.0}",0.3,0.1,,0.38314666666666675,1.0,0.6168533333333333,1,"{""energy"": 0.6666666666666667, ""water"": 0.05493333333333334, ""transport"": 0.33333333333333337}","{""energy"": 1.0, ""water"": 1.0, ""transport"": 1.0}","{""energy"": 0.33333333333333326, ""water"": 0.9450666666666666, ""transport"": 0.6666666666666666}",6,0.6616617578518799,,,[],,v2.0,0.7,0.3
S4_water_partial,2,2,1551714282877654289,scenario=S4_water_partial|method=both|duration=0|theta=0.300000|delta_threshold=0.100000|A=v2.0|w=na|run_id=2|seed=1551714282877654289,False,"{""step_1_amount"": 0.6411464313982637}",033832c9a51598bd69064fc3910037f6fde292830c04f0066e6d9779dc60f4ca,0.38314666666666675,0.6532275406294688,0.270080873962802,12,0.0,0.0,0.38314666666666675,0.6532275406294688,0,1,0.270080873962802,"{""energy"": 0.6666666666666667, ""water"": 0.05493333333333334, ""transport"": 0.33333333333333337}","{""energy"": 0.8456618312065123, ""water"": 0.606366372581163, ""transport"": 0.44350965457504976}","{""energy"": 0.17899516453984554, ""water"": 0.5514330392478296, ""transport"": 0.11017632124171639}","{""energy"": 0.0, ""water"": 0.0, ""transport"": 0.0}","{""energy"": 0.0, ""water"": 0.0, ""transport"": 0.0}","{""energy"": 0.0, ""water"": 0.0, ""transport"": 0.0}",0.3,0.1,,0.38314666666666675,1.0,0.6168533333333333,1,"{""energy"": 0.6666666666666667, ""water"": 0.05493333333333334, ""transport"": 0.33333333333333337}","{""energy"": 1.0, ""water"": 1.0, ""transport"": 1.0}","{""energy"": 0.33333333333333326, ""water"": 0.9450666666666666, ""transport"": 0.6666666666666666}",7,0.6532275406294688,,,[],,v2.0,0.7,0.3
S4_water_partial,3,3,17165758592708349444,scenario=S4_water_partial|method=both|duration=0|theta=0.300000|delta_threshold=0.100000|A=v2.0|w=na|run_id=3|seed=17165758592708349444,False,"{""step_1_amount"": 0.5946285666695732}",033832c9a51598bd69064fc3910037f6fde292830c04f0066e6d9779dc60f4ca,0.38314666666666675,0.6247481408959462,0.24160147422927947,30,0.0,0.0,0.38314666666666675,0.6247481408959462,0,1,0.24160147422927947,"{""energy"": 0.6666666666666667, ""water"": 0.05493333333333334, ""transport"": 0.33333333333333337}","{""energy"": 0.8267872075928461, ""water"": 0.5482190416702998, ""transport"": 0.4318918178590593}","{""energy"": 0.16012054092617933, ""water"": 0.49328570833696644, ""transport"": 0.09855848452572591}","{""energy"": 0.0, ""water"": 0.0, ""transport"": 0.0}","{""energy"": 0.0, ""water"": 0.0, ""transport"": 0.0}","{""energy"": 0.0, ""water"": 0.0, ""transport"": 0.0}",0.3,0.1,,0.38314666666666675,1.0,0.6168533333333333,1,"{""energy"": 0.6666666666666667, ""water"": 0.05493333333333334, ""transport"": 0.33333333333333337}","{""energy"": 1.0, ""water"": 1.0, ""transport"": 1.0}","{""energy"": 0.33333333333333326, ""water"": 0.9450666666666666, ""transport"": 0.6666666666666666}",7,0.6247481408959462,,,[],,v2.0,0.7,0.3
S4_water_partial,4,4,10277558166160841261,scenario=S4_water_partial|method=both|duration=0|theta=0.300000|delta_threshold=0.100000|A=v2.0|w=na|run_id=4|seed=10277558166160841261,False,"{""step_1_amount"": 0.540422603536696}",033832c9a51598bd69064fc3910037f6fde292830c04f0066e6d9779dc60f4ca,0.38314666666666675,0.5915618951169204,0.20841522845025362,15,0.0,0.0,0.38314666666666675,0.5915618951169204,0,1,0.20841522845025362,"{""energy"": 0.6666666666666667, ""water"": 0.05493333333333334, ""transport"": 0.33333333333333337}","{""energy"": 0.8047931380516812, ""water"": 0.48046158775420333, ""transport"": 0.4183538785666232}","{""energy"": 0.13812647138501444, ""water"": 0.42552825442087, ""transport"": 0.08502054523328983}","{""energy"": 0.0, ""water"": 0.0, ""transport"": 0.0}","{""energy"": 0.0, ""water"": 0.0, ""transport"": 0.0}","{""energy"": 0.0, ""water"": 0.0, ""transport"": 0.0}",0.3,0.1,,0.38314666666666675,1.0,0.6168533333333333,1,"{""energy"": 0.6666666666666667, ""water"": 0.05493333333333334, ""transport"": 0.33333333333333337}","{""energy"": 1.0, ""water"": 1.0, ""transport"": 1.0}","{""energy"": 0.33333333333333326, ""water"": 0.9450666666666666, ""transport"": 0.6666666666666666}",8,0.5915618951169204,,,[],,v2.0,0.7,0.3
S4_water_partial,5,5,8113601936823812339,scenario=S4_water_partial|method=both|duration=0|theta=0.300000|delta_threshold=0.100000|A=v2.0|w=na|run_id=5|seed=8113601936823812339,False,"{""step_1_amount"": 0.9150443550012288}",033832c9a51598bd69064fc3910037f6fde292830c04f0066e6d9779dc60f4ca,0.38314666666666675,0.8209146969072939,0.43776803024062716,6,0.0,1.0,0.38314666666666675,0.8209146969072939,1,1,0.43776803024062716,"{""energy"": 0.6666666666666667, ""water"": 0.05493333333333334, ""transport"": 0.33333333333333337}","{""energy"": 0.9567959137084153, ""water"": 0.9487387770848694, ""transport"": 0.5119156609948903}","{""energy"": 0.2901292470417486, ""water"": 0.893805443751536, ""transport"": 0.1785823276615569}","{""energy"": 0.0, ""water"": 0.0, ""transport"": 0.0}","{""energy"": 1.0, ""water"": 1.0, ""transport"": 1.0}","{""energy"": 1.0, ""water"": 1.0, ""transport"": 1.0}",0.3,0.1,,0.38314666666666675,1.0,0.6168533333333333,1,"{""energy"": 0.6666666666666667, ""water"": 0.05493333333333334, ""transport"": 0.33333333333333337}","{""energy"": 1.0, ""water"": 1.0, ""transport"": 1.0}","{""energy"": 0.33333333333333326, ""water"": 0.9450666666666666, ""transport"": 0.6666666666666666}",3,0.8209146969072939,,,"[""energy"", ""transport""]",1,v2.0,0.7,0.3
S4_water_partial,6,6,13820126298588664351,scenario=S4_water_partial|method=both|duration=0|theta=0.300000|delta_threshold=0.100000|A=v2.0|w=na|run_id=6|seed=13820126298588664351,False,"{""step_1_amount"": 0.3522725717273604}",033832c9a51598bd69064fc3910037f6fde292830c04f0066e6d9779dc60f4ca,0.38314666666666675,0.47637174189244996,0.09322507522578322,6,0.0,0.0,0.38314666666666675,0.47637174189244996,0,0,0.09322507522578322,"{""energy"": 0.6666666666666667, ""water"": 0.05493333333333334, ""transport"": 0.33333333333333337}","{""energy"": 0.7284512626450432, ""water"": 0.24527404799253383, ""transport"": 0.3713634081222416}","{""energy"": 0.06178459597837649, ""water"": 0.1903407146592005, ""transport"": 0.03803007478890824}","{""energy"": 0.0, ""water"": 0.0, ""transport"": 0.0}","{""energy"": 0.0, ""water"": 0.0, ""transport"": 0.0}","{""energy"": 0.0, ""water"": 0.0, ""transport"": 0.0}",0.3,0.1,,0.38314666666666675,1.0,0.6168533333333333,1,"{""energy"": 0.6666666666666667, ""water"": 0.05493333333333334, ""transport"": 0.33333333333333337}","{""energy"": 1.0, ""water"": 1.0, ""transport"": 1.0}","{""energy"": 0.33333333333333326, ""water"": 0.9450666666666666, ""transport"": 0.6666666666666666}",10,0.47637174189244996,,,[],,v2.0,0.7,0.3
S4_water_partial,7,7,15259738130958010352,scenario=S4_water_partial|method=both|duration=0|theta=0.300000|delta_threshold=0.100000|A=v2.0|w=na|run_id=7|seed=15259738130958010352,False,"{""step_1_amount"": 0.13321377700302725}",033832c9a51598bd69064fc3910037f6fde292830c04f0066e6d9779dc60f4ca,0.38314666666666675,0.38314666666666675,0.0,21,0.0,0.0,0.38314666666666675,0.38314666666666675,0,0,0.0,"{""energy"": 0.6666666666666667, ""water"": 0.05493333333333334, ""transport"": 0.33333333333333337}","{""energy"": 0.6666666666666667, ""water"": 0.05493333333333334, ""transport"": 0.33333333333333337}","{""energy"": 0.0, ""water"": 0.0, ""transport"": 0.0}","{""energy"": 0.0, ""water"": 0.0, ""transport"": 0.0}","{""energy"": 0.0, ""water"": 0.0, ""transport"": 0.0}","{""energy"": 0.0, ""water"": 0.0, ""transport"": 0.0}",0.3,0.1,,0.38314666666666675,1.0,0.6168533333333333,1,"{""energy"": 0.6666666666666667, ""water"": 0.05493333333333334, ""transport"": 0.33333333333333337}","{""energy"": 1.0, ""water"": 1.0, ""transport"": 1.0}","{""energy"": 0.33333333333333326, ""water"": 0.9450666666666666, ""transport"": 0.6666666666666666}",13,0.38314666666666675,,,[],,v2.0,0.7,0.3
S4_water_partial,8,8,10904579800364905174,scenario=S4_water_partial|method=both|duration=0|theta=0.300000|delta_threshold=0.100000|A=v2.0|w=na|run_id=8|seed=10904579800364905174,False,"{""step_1_amount"": 0.5890633960185605}",033832c9a51598bd69064fc3910037f6fde292830c04f0066e6d9779dc60f4ca,0.38314666666666675,0.62134100429413,0.23819433762746323,20,0.0,0.0,0.38314666666666675,0.62134100429413,0,1,0.23819433762746323,"{""energy"": 0.6666666666666667, ""water"": 0.05493333333333334, ""transport"": 0.33333333333333337}","{""energy"": 0.8245291396011977, ""water"": 0.541262578356534, ""transport"": 0.43050191648896885}","{""energy"": 0.15786247293453093, ""water"": 0.4863292450232007, ""transport"": 0.09716858315563548}","{""energy"": 0.0, ""water"": 0.0, ""transport"": 0.0}","{""energy"": 0.0, ""water"": 0.0, ""transport"": 0.0}","{""energy"": 0.0, ""water"": 0.0, ""transport"": 0.0}",0.3,0.1,,0.38314666666666675,1.0,0.6168533333333333,1,"{""energy"": 0.6666666666666667, ""water"": 0.05493333333333334, ""transport"": 0.33333333333333337}","{""energy"": 1.0, ""water"": 1.0, ""transport"": 1.0}","{""energy"": 0.33333333333333326, ""water"": 0.9450666666666666, ""transport"": 0.6666666666666666}",7,0.62134100429413,,,[],,v2.0,0.7,0.3
S4_water_partial,9,9,13386037884783960972,scenario=S4_water_partial|method=both|duration=0|theta=0.300000|delta_threshold=0.100000|A=v2.0|w=na|run_id=9|seed=13386037884783960972,False,"{""step_1_amount"": 0.801574139749627}",033832c9a51598bd69064fc3910037f6fde292830c04f0066e6d9779dc60f4ca,0.38314666666666675,0.7514453943748821,0.36829872770821537,17,0.0,1.0,0.38314666666666675,0.7514453943748821,1,1,0.36829872770821537,"{""energy"": 0.6666666666666667, ""water"": 0.05493333333333334, ""transport"": 0.33333333333333337}","{""energy"": 0.9107553738700779, ""water"": 0.8069010080203671, ""transport"": 0.4835764747358027}","{""energy"": 0.24408870720341114, ""water"": 0.7519676746870337, ""transport"": 0.1502431414024693}","{""energy"": 0.0, ""water"": 0.0, ""transport"": 0.0}","{""energy"": 1.0, ""water"": 1.0, ""transport"": 1.0}","{""energy"": 1.0, ""water"": 1.0, ""transport"": 1.0}",0.3,0.1,,0.38314666666666675,1.0,0.6168533333333333,1,"{""energy"": 0.6666666666666667, ""water"": 0.05493333333333334, ""transport"": 0.33333333333333337}","{""energy"": 1.0, ""water"": 1.0, ""transport"": 1.0}","{""energy"": 0.33333333333333326, ""water"": 0.9450666666666666, ""transport"": 0.6666666666666666}",5,0.7514453943748821,,,"[""energy"", ""transport""]",1,v2.0,0.7,0.3
S4_water_partial,10,10,14060088024156388616,scenario=S4_water_partial|method=both|duration=0|theta=0.300000|delta_threshold=0.100000|A=v2.0|w=na|run_id=10|seed=14060088024156388616,False,"{""step_1_amount"": 0.20667863833962372}",033832c9a51598bd69064fc3910037f6fde292830c04f0066e6d9779dc60f4ca,0.38314666666666675,0.3872354960241429,0.004088829357476176,28,0.0,0.0,0.38314666666666675,0.3872354960241429,0,0,0.004088829357476176,"{""energy"": 0.6666666666666667, ""water"": 0.05493333333333334, ""transport"": 0.33333333333333337}","{""energy"": 0.6693765241729691, ""water"": 0.06328163125786299, ""transport"": 0.3350013232586544}","{""energy"": 0.002709857506302371, ""water"": 0.008348297924529645, ""transport"": 0.0016679899253210229}","{""energy"": 0.0, ""water"": 0.0, ""transport"": 0.0}","{""energy"": 0.0, ""water"": 0.0, ""transport"": 0.0}","{""energy"": 0.0, ""water"": 0.0, ""transport"": 0.0}",0.3,0.1,,0.38314666666666675,1.0,0.6168533333333333,1,"{""energy"": 0.6666666666666667, ""water"": 0.05493333333333334, ""transport"": 0.33333333333333337}","{""energy"": 1.0, ""water"": 1.0, ""transport"": 1.0}","{""energy"": 0.33333333333333326, ""water"": 0.9450666666666666, ""transport"": 0.6666666666666666}",12,0.3872354960241429,,,[],,v2.0,0.7,0.3
S4_water_partial,11,11,11107337599642383062,scenario=S4_water_partial|method=both|duration=0|theta=0.300000|delta_threshold=0.100000|A=v2.0|w=na|run_id=11|seed=11107337599642383062,False,"{""step_1_amount"": 0.4895253226661953}",033832c9a51598bd69064fc3910037f6fde292830c04f0066e6d9779dc60f4ca,0.38314666666666675,0.560401307335978,0.1772546406693113,9,0.0,0.0,0.38314666666666675,0.560401307335978,0,1,0.1772546406693113,"{""energy"": 0.6666666666666667, ""water"": 0.05493333333333334, ""transport"": 0.33333333333333337}","{""energy"": 0.7841415663384754, ""water"": 0.4168399866660774, ""transport"": 0.40564228266921565}","{""energy"": 0.11747489967180869, ""water"": 0.3619066533327441, ""transport"": 0.07230894933588228}","{""energy"": 0.0, ""water"": 0.0, ""transport"": 0.0}","{""energy"": 0.0, ""water"": 0.0, ""transport"": 0.0}","{""energy"": 0.0, ""water"": 0.0, ""transport"": 0.0}",0.3,0.1,,0.38314666666666675,1.0,0.6168533333333333,1,"{""energy"": 0.6666666666666667, ""water"": 0.05493333333333334, ""transport"": 0.33333333333333337}","{""energy"": 1.0, ""water"": 1.0, ""transport"": 1.0}","{""energy"": 0.33333333333333326, ""water"": 0.9450666666666666, ""transport"": 0.6666666666666666}",9,0.560401307335978,,,[],,v2.0,0.7,0.3
S4_water_partial,12,12,6031167352262539807,scenario=S4_water_partial|method=both|duration=0|theta=0.300000|delta_threshold=0.100000|A=v2.0|w=na|run_id=12|seed=6031167352262539807,False,"{""step_1_amount"": 0.44963730417930653}",033832c9a51598bd69064fc3910037f6fde292830c04f0066e6d9779dc60f4ca,0.38314666666666675,0.5359808652178426,0.15283419855117586,28,0.0,0.0,0.38314666666666675,0.5359808652178426,0,1,0.15283419855117586,"{""energy"": 0.6666666666666667, ""water"": 0.05493333333333334, ""transport"": 0.33333333333333337}","{""energy"": 0.7679570028374203, ""water"": 0.3669799635574665, ""transport"": 0.39568025005211516}","{""energy"": 0.10129033617075356, ""water"": 0.31204663022413315, ""transport"": 0.062346916718781786}","{""energy"": 0.0, ""water"": 0.0, ""transport"": 0.0}","{""energy"": 0.0, ""water"": 0.0, ""transport"": 0.0}","{""energy"": 0.0, ""water"": 0.0, ""transport"": 0.0}",0.3,0.1,,0.38314666666666675,1.0,0.6168533333333333,1,"{""energy"": 0.6666666666666667, ""water"": 0.05493333333333334, ""transport"": 0.33333333333333337}","{""energy"": 1.0, ""water"": 1.0, ""transport"": 1.0}","{""energy"": 0.33333333333333326, ""water"": 0.9450666666666666, ""transport"": 0.6666666666666666}",9,0.5359808652178426,,,[],,v2.0,0.7,0.3
S4_water_partial,13,13,18032369781719048698,scenario=S4_water_partial|method=both|duration=0|theta=0.300000|delta_threshold=0.100000|A=v2.0|w=na|run_id=13|seed=18032369781719048698,False,"{""step_1_amount"": 0.41620733189469794}",033832c9a51598bd69064fc3910037f6fde292830c04f0066e6d9779dc60f4ca,0.38314666666666675,0.5155142004358981,0.13236753376923138,29,0.0,0.0,0.38314666666666675,0.5155142004358981,0,0,0.13236753376923138,"{""energy"": 0.6666666666666667, ""water"": 0.05493333333333334, ""transport"": 0.33333333333333337}","{""energy"": 0.7543927915829405, ""water"": 0.3251924982017058, ""transport"": 0.3873311144740342}","{""energy"": 0.08772612491627374, ""water"": 0.2702591648683725, ""transport"": 0.05399778114070081}","{""energy"": 0.0, ""water"": 0.0, ""transport"": 0.0}","{""energy"": 0.0, ""water"": 0.0, ""transport"": 0.0}","{""energy"": 0.0, ""water"": 0.0, ""transport"": 0.0}",0.3,0.1,,0.38314666666666675,1.0,0.6168533333333333,1,"{""energy"": 0.6666666666666667, ""water"": 0.05493333333333334, ""transport"": 0.33333333333333337}","{""energy"": 1.0, ""water"": 1.0, ""transport"": 1.0}","{""energy"": 0.33333333333333326, ""water"": 0.9450666666666666, ""transport"": 0.6666666666666666}",10,0.5155142004358981,,,[],,v2.0,0.7,0.3
S4_water_partial,14,14,11900822515345170755,scenario=S4_water_partial|method=both|duration=0|theta=0.300000|delta_threshold=0.100000|A=v2.0|w=na|run_id=14|seed=11900822515345170755,False,"{""step_1_amount"": 0.27188730069215156}",033832c9a51598bd69064fc3910037f6fde292830c04f0066e6d9779dc60f4ca,0.38314666666666675,0.42715786933291916,0.044011202666252414,25,0.0,0.0,0.38314666666666675,0.42715786933291916,0,0,0.044011202666252414,"{""energy"": 0.6666666666666667, ""water"": 0.05493333333333334, ""transport"": 0.33333333333333337}","{""energy"": 0.6958349389225073, ""water"": 0.14479245919852268, ""transport"": 0.3512871866811982}","{""energy"": 0.02916827225584051, ""water"": 0.08985912586518935, ""transport"": 0.017953853347864812}","{""energy"": 0.0, ""water"": 0.0, ""transport"": 0.0}","{""energy"": 0.0, ""water"": 0.0, ""transport"": 0.0}","{""energy"": 0.0, ""water"": 0.0, ""transport"": 0.0}",0.3,0.1,,0.38314666666666675,1.0,0.6168533333333333,1,"{""energy"": 0.6666666666666667, ""water"": 0.05493333333333334, ""transport"": 0.33333333333333337}","{""energy"": 1.0, ""water"": 1.0, ""transport"": 1.0}","{""energy"": 0.33333333333333326, ""water"": 0.9450666666666666, ""transport"": 0.6666666666666666}",11,0.42715786933291916,,,[],,v2.0,0.7,0.3
S4_water_partial,15,15,15306338854217874014,scenario=S4_water_partial|method=both|duration=0|theta=0.300000|delta_threshold=0.100000|A=v2.0|w=na|run_id=15|seed=15306338854217874014,False,"{""step_1_amount"": 0.7077840158261126}",033832c9a51598bd69064fc3910037f6fde292830c04f0066e6d9779dc60f4ca,0.38314666666666675,0.6940247357558086,0.31087806908914184,19,0.0,0.0,0.38314666666666675,0.6940247357558086,0,1,0.31087806908914184,"{""energy"": 0.6666666666666667, ""water"": 0.05493333333333334, ""transport"": 0.33333333333333337}","{""energy"": 0.8727000310881119, ""water"": 0.6896633531159742, ""transport"": 0.460152391285905}","{""energy"": 0.20603336442144515, ""water"": 0.6347300197826408, ""transport"": 0.12681905795257165}","{""energy"": 0.0, ""water"": 0.0, ""transport"": 0.0}","{""energy"": 0.0, ""water"": 0.0, ""transport"": 0.0}","{""energy"": 0.0, ""water"": 0.0, ""transport"": 0.0}",0.3,0.1,,0.38314666666666675,1.0,0.6168533333333333,1,"{""energy"": 0.6666666666666667, ""water"": 0.05493333333333334, ""transport"": 0.33333333333333337}","{""energy"": 1.0, ""water"": 1.0, ""transport"": 1.0}","{""energy"": 0.33333333333333326, ""water"": 0.9450666666666666, ""transport"": 0.6666666666666666}",6,0.6940247357558086,,,[],,v2.0,0.7,0.3
S4_water_partial,16,16,5001389734880608894,scenario=S4_water_partial|method=both|duration=0|theta=0.300000|delta_threshold=0.100000|A=v2.0|w=na|run_id=16|seed=5001389734880608894,False,"{""step_1_amount"": 0.4032482241301342}",033832c9a51598bd69064fc3910037f6fde292830c04f0066e6d9779dc60f4ca,0.38314666666666675,0.5075803106847382,0.12443364401807144,18,0.0,0.0,0.38314666666666675,0.5075803106847382,0,0,0.12443364401807144,"{""energy"": 0.6666666666666667, ""water"": 0.05493333333333334, ""transport"": 0.33333333333333337}","{""energy"": 0.7491346336074687, ""water"": 0.30899361349600124, ""transport"": 0.38409457730983443}","{""energy"": 0.08246796694080194, ""water"": 0.2540602801626679, ""transport"": 0.05076124397650106}","{""energy"": 0.0, ""water"": 0.0, ""transport"": 0.0}","{""energy"": 0.0, ""water"": 0.0, ""transport"": 0.0}","{""energy"": 0.0, ""water"": 0.0, ""transport"": 0.0}",0.3,0.1,,0.38314666666666675,1.0,0.6168533333333333,1,"{""energy"": 0.6666666666666667, ""water"": 0.05493333333333334, ""transport"": 0.33333333333333337}","{""energy"": 1.0, ""water"": 1.0, ""transport"": 1.0}","{""energy"": 0.33333333333333326, ""water"": 0.9450666666666666, ""transport"": 0.6666666666666666}",10,0.5075803106847382,,,[],,v2.0,0.7,0.3
S4_water_partial,17,17,15617212558855397898,scenario=S4_water_partial|method=both|duration=0|theta=0.300000|delta_threshold=0.100000|A=v2.0|w=na|run_id=17|seed=15617212558855397898,False,"{""step_1_amount"": 0.10401013826705291}",033832c9a51598bd69064fc3910037f6fde292830c04f0066e6d9779dc60f4ca,0.38314666666666675,0.38314666666666675,0.0,23,0.0,0.0,0.38314666666666675,0.38314666666666675,0,0,0.0,"{""energy"": 0.6666666666666667, ""water"": 0.05493333333333334, ""transport"": 0.33333333333333337}","{""energy"": 0.6666666666666667, ""water"": 0.05493333333333334, ""transport"": 0.33333333333333337}","{""energy"": 0.0, ""water"": 0.0, ""transport"": 0.0}","{""energy"": 0.0, ""water"": 0.0, ""transport"": 0.0}","{""energy"": 0.0, ""water"": 0.0, ""transport"": 0.0}","{""energy"": 0.0, ""water"": 0.0, ""transport"": 0.0}",0.3,0.1,,0.38314666666666675,1.0,0.6168533333333333,1,"{""energy"": 0.6666666666666667, ""water"": 0.05493333333333334, ""transport"": 0.33333333333333337}","{""energy"": 1.0, ""water"": 1.0, ""transport"": 1.0}","{""energy"": 0.33333333333333326, ""water"": 0.9450666666666666, ""transport"": 0.6666666666666666}",13,0.38314666666666675,,,[],,v2.0,0.7,0.3
S4_water_partial,18,18,9591140204504375962,scenario=S4_water_partial|method=both|duration=0|theta=0.300000|delta_threshold=0.100000|A=v2.0|w=na|run_id=18|seed=9591140204504375962,False,"{""step_1_amount"": 0.13066102518801168}",033832c9a51598bd69064fc3910037f6fde292830c04f0066e6d9779dc60f4ca,0.38314666666666675,0.38314666666666675,0.0,17,0.0,0.0,0.38314666666666675,0.38314666666666675,0,0,0.0,"{""energy"": 0.6666666666666667, ""water"": 0.05493333333333334, ""transport"": 0.33333333333333337}","{""energy"": 0.6666666666666667, ""water"": 0.05493333333333334, ""transport"": 0.33333333333333337}","{""energy"": 0.0, ""water"": 0.0, ""transport"": 0.0}","{""energy"": 0.0, ""water"": 0.0, ""transport"": 0.0}","{""energy"": 0.0, ""water"": 0.0, ""transport"": 0.0}","{""energy"": 0.0, ""water"": 0.0, ""transport"": 0.0}",0.3,0.1,,0.38314666666666675,1.0,0.6168533333333333,1,"{""energy"": 0.6666666666666667, ""water"": 0.05493333333333334, ""transport"": 0.33333333333333337}","{""energy"": 1.0, ""water"": 1.0, ""transport"": 1.0}","{""energy"": 0.33333333333333326, ""water"": 0.9450666666666666, ""transport"": 0.6666666666666666}",13,0.38314666666666675,,,[],,v2.0,0.7,0.3
S4_water_partial,19,19,15647278731498465250,scenario=S4_water_partial|method=both|duration=0|theta=0.300000|delta_threshold=0.100000|A=v2.0|w=na|run_id=19|seed=15647278731498465250,False,"{""step_1_amount"": 0.35210922171407155}",033832c9a51598bd69064fc3910037f6fde292830c04f0066e6d9779dc60f4ca,0.38314666666666675,0.4762717349305642,0.09312506826389744,21,0.0,0.0,0.38314666666666675,0.4762717349305642,0,0,0.09312506826389744,"{""energy"": 0.6666666666666667, ""water"": 0.05493333333333334, ""transport"": 0.33333333333333337}","{""energy"": 0.7283849833771513, ""water"": 0.24506986047592272, ""transport"": 0.37132261145642276}","{""energy"": 0.061718316710484555, ""water"": 0.19013652714258938, ""transport"": 0.03798927812308939}","{""energy"": 0.0, ""water"": 0.0, ""transport"": 0.0}","{""energy"": 0.0, ""water"": 0.0, ""transport"": 0.0}","{""energy"": 0.0, ""water"": 0.0, ""transport"": 0.0}",0.3,0.1,,0.38314666666666675,1.0,0.6168533333333333,1,"{""energy"": 0.6666666666666667, ""water"": 0.05493333333333334, ""transport"": 0.33333333333333337}","{""energy"": 1.0, ""water"": 1.0, ""transport"": 1.0}","{""energy"": 0.33333333333333326, ""water"": 0.9450666666666666, ""transport"": 0.6666666666666666}",10,0.4762717349305642,,,[],,v2.0,0.7,0.3
S4_water_partial,20,20,13640649211934408472,scenario=S4_water_partial|method=both|duration=0|theta=0.300000|delta_threshold=0.100000|A=v2.0|w=na|run_id=20|seed=13640649211934408472,False,"{""step_1_amount"": 0.35157804587049546}",033832c9a51598bd69064fc3910037f6fde292830c04f0066e6d9779dc60f4ca,0.38314666666666675,0.4759465357997308,0.09279986913306404,30,0.0,0.0,0.38314666666666675,0.4759465357997308,0,0,0.09279986913306404,"{""energy"": 0.6666666666666667, ""water"": 0.05493333333333334, ""transport"": 0.33333333333333337}","{""energy"": 0.7281694587786203, ""water"": 0.24440589067145277, ""transport"": 0.37118995028948965}","{""energy"": 0.06150279211195353, ""water"": 0.18947255733811944, ""transport"": 0.037856616956156275}","{""energy"": 0.0, ""water"": 0.0, ""transport"": 0.0}","{""energy"": 0.0, ""water"": 0.0, ""transport"": 0.0}","{""energy"": 0.0, ""water"": 0.0, ""transport"": 0.0}",0.3,0.1,,0.38314666666666675,1.0,0.6168533333333333,1,"{""energy"": 0.6666666666666667, ""water"": 0.05493333333333334, ""transport"": 0.33333333333333337}","{""energy"": 1.0, ""water"": 1.0, ""transport"": 1.0}","{""energy"": 0.33333333333333326, ""water"": 0.9450666666666666, ""transport"": 0.6666666666666666}",10,0.4759465357997308,,,[],,v2.0,0.7,0.3
S4_water_partial,21,21,15470122474697187459,scenario=S4_water_partial|method=both|duration=0|theta=0.300000|delta_threshold=0.100000|A=v2.0|w=na|run_id=21|seed=15470122474697187459,False,"{""step_1_amount"": 0.8829813396856443}",033832c9a51598bd69064fc3910037f6fde292830c04f0066e6d9779dc60f4ca,0.38314666666666675,0.8012849173557104,0.41813825068904364,18,0.0,1.0,0.38314666666666675,0.8012849173557104,1,1,0.41813825068904364,"{""energy"": 0.6666666666666667, ""water"": 0.05493333333333334, ""transport"": 0.33333333333333337}","{""energy"": 0.9437863452441169, ""water"": 0.9086600079403888, ""transport"": 0.5039079229198231}","{""energy"": 0.2771196785774501, ""water"": 0.8537266746070554, ""transport"": 0.17057458958648974}","{""energy"": 0.0, ""water"": 0.0, ""transport"": 0.0}","{""energy"": 1.0, ""water"": 1.0, ""transport"": 1.0}","{""energy"": 1.0, ""water"": 1.0, ""transport"": 1.0}",0.3,0.1,,0.38314666666666675,1.0,0.6168533333333333,1,"{""energy"": 0.6666666666666667, ""water"": 0.05493333333333334, ""transport"": 0.33333333333333337}","{""energy"": 1.0, ""water"": 1.0, ""transport"": 1.0}","{""energy"": 0.33333333333333326, ""water"": 0.9450666666666666, ""transport"": 0.6666666666666666}",4,0.8012849173557104,,,"[""energy"", ""transport""]",1,v2.0,0.7,0.3
S4_water_partial,22,22,5940197039253332730,scenario=S4_water_partial|method=both|duration=0|theta=0.300000|delta_threshold=0.100000|A=v2.0|w=na|run_id=22|seed=5940197039253332730,False,"{""step_1_amount"": 0.2890334982017174}",033832c9a51598bd69064fc3910037f6fde292830c04f0066e6d9779dc60f4ca,0.38314666666666675,0.4376552001032132,0.054508533436546436,18,0.0,0.0,0.38314666666666675,0.4376552001032132,0,0,0.054508533436546436,"{""energy"": 0.6666666666666667, ""water"": 0.05493333333333334, ""transport"": 0.33333333333333337}","{""energy"": 0.7027920085620136, ""water"": 0.1662252060854801, ""transport"": 0.3555694495092123}","{""energy"": 0.036125341895346885, ""water"": 0.11129187275214678, ""transport"": 0.02223611617587895}","{""energy"": 0.0, ""water"": 0.0, ""transport"": 0.0}","{""energy"": 0.0, ""water"": 0.0, ""transport"": 0.0}","{""energy"": 0.0, ""water"": 0.0, ""transport"": 0.0}",0.3,0.1,,0.38314666666666675,1.0,0.6168533333333333,1,"{""energy"": 0.6666666666666667, ""water"": 0.05493333333333334, ""transport"": 0.33333333333333337}","{""energy"": 1.0, ""water"": 1.0, ""transport"": 1.0}","{""energy"": 0.33333333333333326, ""water"": 0.9450666666666666, ""transport"": 0.6666666666666666}",11,0.4376552001032132,,,[],,v2.0,0.7,0.3
S4_water_partial,23,23,15079937952478830977,scenario=S4_water_partial|method=both|duration=0|theta=0.300000|delta_threshold=0.100000|A=v2.0|w=na|run_id=23|seed=15079937952478830977,False,"{""step_1_amount"": 0.5122231452344649}",033832c9a51598bd69064fc3910037f6fde292830c04f0066e6d9779dc60f4ca,0.38314666666666675,0.574297481757837,0.19115081509117027,30,0.0,0.0,0.38314666666666675,0.574297481757837,0,1,0.19115081509117027,"{""energy"": 0.6666666666666667, ""water"": 0.05493333333333334, ""transport"": 0.33333333333333337}","{""energy"": 0.7933512078455509, ""water"": 0.4452122648764145, ""transport"": 0.411311063855641}","{""energy"": 0.12668454117888417, ""water"": 0.3902789315430812, ""transport"": 0.07797773052230761}","{""energy"": 0.0, ""water"": 0.0, ""transport"": 0.0}","{""energy"": 0.0, ""water"": 0.0, ""transport"": 0.0}","{""energy"": 0.0, ""water"": 0.0, ""transport"": 0.0}",0.3,0.1,,0.38314666666666675,1.0,0.6168533333333333,1,"{""energy"": 0.6666666666666667, ""water"": 0.05493333333333334, ""transport"": 0.33333333333333337}","{""energy"": 1.0, ""water"": 1.0, ""transport"": 1.0}","{""energy"": 0.33333333333333326, ""water"": 0.9450666666666666, ""transport"": 0.6666666666666666}",8,0.574297481757837,,,[],,v2.0,0.7,0.3
S4_water_partial,24,24,18398304805037614264,scenario=S4_water_partial|method=both|duration=0|theta=0.300000|delta_threshold=0.100000|A=v2.0|w=na|run_id=24|seed=18398304805037614264,False,"{""step_1_amount"": 0.39557677384123346}",033832c9a51598bd69064fc3910037f6fde292830c04f0066e6d9779dc60f4ca,0.38314666666666675,0.502883657031616,0.11973699036494923,25,0.0,0.0,0.38314666666666675,0.502883657031616,0,0,0.11973699036494923,"{""energy"": 0.6666666666666667, ""water"": 0.05493333333333334, ""transport"": 0.33333333333333337}","{""energy"": 0.7460219426527472, ""water"": 0.2994043006348752, ""transport"": 0.3821786326001814}","{""energy"": 0.0793552759860805, ""water"": 0.24447096730154189, ""transport"": 0.04884529926684805}","{""energy"": 0.0, ""water"": 0.0, ""transport"": 0.0}","{""energy"": 0.0, ""water"": 0.0, ""transport"": 0.0}","{""energy"": 0.0, ""water"": 0.0, ""transport"": 0.0}",0.3,0.1,,0.38314666666666675,1.0,0.6168533333333333,1,"{""energy"": 0.6666666666666667, ""water"": 0.05493333333333334, ""transport"": 0.33333333333333337}","{""energy"": 1.0, ""water"": 1.0, ""transport"": 1.0}","{""energy"": 0.33333333333333326, ""water"": 0.9450666666666666, ""transport"": 0.6666666666666666}",10,0.502883657031616,,,[],,v2.0,0.7,0.3
S4_water_partial,25,25,2364586817660495334,scenario=S4_water_partial|method=both|duration=0|theta=0.300000|delta_threshold=0.100000|A=v2.0|w=na|run_id=25|seed=2364586817660495334,False,"{""step_1_amount"": 0.43886281014166106}",033832c9a51598bd69064fc3910037f6fde292830c04f0066e6d9779dc60f4ca,0.38314666666666675,0.5293844506056451,0.14623778393897835,9,0.0,0.0,0.38314666666666675,0.5293844506056451,0,0,0.14623778393897835,"{""energy"": 0.6666666666666667, ""water"": 0.05493333333333334, ""transport"": 0.33333333333333337}","{""energy"": 0.7635852518816457, ""water"": 0.35351184601040964, ""transport"": 0.39298932016621324}","{""energy"": 0.09691858521497898, ""water"": 0.2985785126770763, ""transport"": 0.05965598683287987}","{""energy"": 0.0, ""water"": 0.0, ""transport"": 0.0}","{""energy"": 0.0, ""water"": 0.0, ""transport"": 0.0}","{""energy"": 0.0, ""water"": 0.0, ""transport"": 0.0}",0.3,0.1,,0.38314666666666675,1.0,0.6168533333333333,1,"{""energy"": 0.6666666666666667, ""water"": 0.05493333333333334, ""transport"": 0.33333333333333337}","{""energy"": 1.0, ""water"": 1.0, ""transport"": 1.0}","{""energy"": 0.33333333333333326, ""water"": 0.9450666666666666, ""transport"": 0.6666666666666666}",9,0.5293844506056451,,,[],,v2.0,0.7,0.3
S4_water_partial,26,26,8196816392734326037,scenario=S4_water_partial|method=both|duration=0|theta=0.300000|delta_threshold=0.100000|A=v2.0|w=na|run_id=26|seed=8196816392734326037,False,"{""step_1_amount"": 0.41232704489052935}",033832c9a51598bd69064fc3910037f6fde292830c04f0066e6d9779dc60f4ca,0.38314666666666675,0.513138591724771,0.1299919250581043,28,0.0,0.0,0.38314666666666675,0.513138591724771,0,0,0.1299919250581043,"{""energy"": 0.6666666666666667, ""water"": 0.05493333333333334, ""transport"": 0.33333333333333337}","{""energy"": 0.752818365130999, ""water"": 0.32034213944649503, ""transport"": 0.3863620127947431}","{""energy"": 0.08615169846433224, ""water"": 0.2654088061131617, ""transport"": 0.05302867946140971}","{""energy"": 0.0, ""water"": 0.0, ""transport"": 0.0}","{""energy"": 0.0, ""water"": 0.0, ""transport"": 0.0}","{""energy"": 0.0, ""water"": 0.0, ""transport"": 0.0}",0.3,0.1,,0.38314666666666675,1.0,0.6168533333333333,1,"{""energy"": 0.6666666666666667, ""water"": 0.05493333333333334, ""transport"": 0.33333333333333337}","{""energy"": 1.0, ""water"": 1.0, ""transport"": 1.0}","{""energy"": 0.33333333333333326, ""water"": 0.9450666666666666, ""transport"": 0.6666666666666666}",10,0.513138591724771,,,[],,v2.0,0.7,0.3
S4_water_partial,27,27,3007928521934060512,scenario=S4_water_partial|method=both|duration=0|theta=0.300000|delta_threshold=0.100000|A=v2.0|w=na|run_id=27|seed=3007928521934060512,False,"{""step_1_amount"": 0.06801976166863112}",033832c9a51598bd69064fc3910037f6fde292830c04f0066e6d9779dc60f4ca,0.38314666666666675,0.38314666666666675,0.0,18,0.0,0.0,0.38314666666666675,0.38314666666666675,0,0,0.0,"{""energy"": 0.6666666666666667, ""water"": 0.05493333333333334, ""transport"": 0.33333333333333337}","{""energy"": 0.6666666666666667, ""water"": 0.05493333333333334, ""transport"": 0.33333333333333337}","{""energy"": 0.0, ""water"": 0.0, ""transport"": 0.0}","{""energy"": 0.0, ""water"": 0.0, ""transport"": 0.0}","{""energy"": 0.0, ""water"": 0.0, ""transport"": 0.0}","{""energy"": 0.0, ""water"": 0.0, ""transport"": 0.0}",0.3,0.1,,0.38314666666666675,1.0,0.6168533333333333,1,"{""energy"": 0.6666666666666667, ""water"": 0.05493333333333334, ""transport"": 0.33333333333333337}","{""energy"": 1.0, ""water"": 1.0, ""transport"": 1.0}","{""energy"": 0.33333333333333326, ""water"": 0.9450666666666666, ""transport"": 0.6666666666666666}",13,0.38314666666666675,,,[],,v2.0,0.7,0.3
S4_water_partial,28,28,18102942462236469828,scenario=S4_water_partial|method=both|duration=0|theta=0.300000|delta_threshold=0.100000|A=v2.0|w=na|run_id=28|seed=18102942462236469828,False,"{""step_1_amount"": 0.549546665338717}",033832c9a51598bd69064fc3910037f6fde292830c04f0066e6d9779dc60f4ca,0.38314666666666675,0.5971478738536626,0.2140012071869959,26,0.0,0.0,0.38314666666666675,0.5971478738536626,0,1,0.2140012071869959,"{""energy"": 0.6666666666666667, ""water"": 0.05493333333333334, ""transport"": 0.33333333333333337}","{""energy"": 0.8084952261278511, ""water"": 0.4918666650067295, ""transport"": 0.4206326130016779}","{""energy"": 0.14182855946118433, ""water"": 0.43693333167339615, ""transport"": 0.08729927966834455}","{""energy"": 0.0, ""water"": 0.0, ""transport"": 0.0}","{""energy"": 0.0, ""water"": 0.0, ""transport"": 0.0}","{""energy"": 0.0, ""water"": 0.0, ""transport"": 0.0}",0.3,0.1,,0.38314666666666675,1.0,0.6168533333333333,1,"{""energy"": 0.6666666666666667, ""water"": 0.05493333333333334, ""transport"": 0.33333333333333337}","{""energy"": 1.0, ""water"": 1.0, ""transport"": 1.0}","{""energy"": 0.33333333333333326, ""water"": 0.9450666666666666, ""transport"": 0.6666666666666666}",8,0.5971478738536626,,,[],,v2.0,0.7,0.3
S4_water_partial,29,29,6413856347726543668,scenario=S4_water_partial|method=both|duration=0|theta=0.300000|delta_threshold=0.100000|A=v2.0|w=na|run_id=29|seed=6413856347726543668,False,"{""step_1_amount"": 0.4620567338069809}",033832c9a51598bd69064fc3910037f6fde292830c04f0066e6d9779dc60f4ca,0.38314666666666675,0.5435843505216456,0.1604376838549788,28,0.0,0.0,0.38314666666666675,0.5435843505216456,0,1,0.1604376838549788,"{""energy"": 0.6666666666666667, ""water"": 0.05493333333333334, ""transport"": 0.33333333333333337}","{""energy"": 0.7729961864088493, ""water"": 0.38250425059205945, ""transport"": 0.3987820026016269}","{""energy"": 0.10632951974218252, ""water"": 0.3275709172587261, ""transport"": 0.06544866926829351}","{""energy"": 0.0, ""water"": 0.0, ""transport"": 0.0}","{""energy"": 0.0, ""water"": 0.0, ""transport"": 0.0}","{""energy"": 0.0, ""water"": 0.0, ""transport"": 0.0}",0.3,0.1,,0.38314666666666675,1.0,0.6168533333333333,1,"{""energy"": 0.6666666666666667, ""water"": 0.05493333333333334, ""transport"": 0.33333333333333337}","{""energy"": 1.0, ""water"": 1.0, ""transport"": 1.0}","{""energy"": 0.33333333333333326, ""water"": 0.9450666666666666, ""transport"": 0.6666666666666666}",9,0.5435843505216456,,,[],,v2.0,0.7,0.3
S4_water_partial,30,30,12627893614935164751,scenario=S4_water_partial|method=both|duration=0|theta=0.300000|delta_threshold=0.100000|A=v2.0|w=na|run_id=30|seed=12627893614935164751,False,"{""step_1_amount"": 0.5109811135655408}",033832c9a51598bd69064fc3910037f6fde292830c04f0066e6d9779dc60f4ca,0.38314666666666675,0.5735370789193299,0.19039041225266318,9,0.0,0.0,0.38314666666666675,0.5735370789193299,0,1,0.19039041225266318,"{""energy"": 0.6666666666666667, ""water"": 0.05493333333333334, ""transport"": 0.33333333333333337}","{""energy"": 0.7928472534958849, ""water"": 0.4436597252902593, ""transport"": 0.41100086644632716}","{""energy"": 0.12618058682921818, ""water"": 0.388726391956926, ""transport"": 0.07766753311299379}","{""energy"": 0.0, ""water"": 0.0, ""transport"": 0.0}","{""energy"": 0.0, ""water"": 0.0, ""transport"": 0.0}","{""energy"": 0.0, ""water"": 0.0, ""transport"": 0.0}",0.3,0.1,,0.38314666666666675,1.0,0.6168533333333333,1,"{""energy"": 0.6666666666666667, ""water"": 0.05493333333333334, ""transport"": 0.33333333333333337}","{""energy"": 1.0, ""water"": 1.0, ""transport"": 1.0}","{""energy"": 0.33333333333333326, ""water"": 0.9450666666666666, ""transport"": 0.6666666666666666}",8,0.5735370789193299,,,[],,v2.0,0.7,0.3
S4_water_partial,31,31,909690535146821269,scenario=S4_water_partial|method=both|duration=0|theta=0.300000|delta_threshold=0.100000|A=v2.0|w=na|run_id=31|seed=909690535146821269,False,"{""step_1_amount"": 0.33210642816483615}",033832c9a51598bd69064fc3910037f6fde292830c04f0066e6d9779dc60f4ca,0.38314666666666675,0.46402552464988356,0.08087885798321681,19,0.0,0.0,0.38314666666666675,0.46402552464988356,0,0,0.08087885798321681,"{""energy"": 0.6666666666666667, ""water"": 0.05493333333333334, ""transport"": 0.33333333333333337}","{""energy"": 0.720268849894549, ""water"": 0.22006636853937858, ""transport"": 0.3663269137675012}","{""energy"": 0.05360218322788224, ""water"": 0.16513303520604525, ""transport"": 0.032993580434167835}","{""energy"": 0.0, ""water"": 0.0, ""transport"": 0.0}","{""energy"": 0.0, ""water"": 0.0, ""transport"": 0.0}","{""energy"": 0.0, ""water"": 0.0, ""transport"": 0.0}",0.3,0.1,,0.38314666666666675,1.0,0.6168533333333333,1,"{""energy"": 0.6666666666666667, ""water"": 0.05493333333333334, ""transport"": 0.33333333333333337}","{""energy"": 1.0, ""water"": 1.0, ""transport"": 1.0}","{""energy"": 0.33333333333333326, ""water"": 0.9450666666666666, ""transport"": 0.6666666666666666}",11,0.46402552464988356,,,[],,v2.0,0.7,0.3
S4_water_partial,32,32,17791115670937532745,scenario=S4_water_partial|method=both|duration=0|theta=0.300000|delta_threshold=0.100000|A=v2.0|w=na|run_id=32|seed=17791115670937532745,False,"{""step_1_amount"": 0.2839381050527963}",033832c9a51598bd69064fc3910037f6fde292830c04f0066e6d9779dc60f4ca,0.38314666666666675,0.434535673032615,0.05138900636594823,17,0.0,0.0,0.38314666666666675,0.434535673032615,0,0,0.05138900636594823,"{""energy"": 0.6666666666666667, ""water"": 0.05493333333333334, ""transport"": 0.33333333333333337}","{""energy"": 0.7007245527918389, ""water"": 0.15985596464932877, ""transport"": 0.35429687507026925}","{""energy"": 0.03405788612517213, ""water"": 0.10492263131599544, ""transport"": 0.020963541736935876}","{""energy"": 0.0, ""water"": 0.0, ""transport"": 0.0}","{""energy"": 0.0, ""water"": 0.0, ""transport"": 0.0}","{""energy"": 0.0, ""water"": 0.0, ""transport"": 0.0}",0.3,0.1,,0.38314666666666675,1.0,0.6168533333333333,1,"{""energy"": 0.6666666666666667, ""water"": 0.05493333333333334, ""transport"": 0.33333333333333337}","{""energy"": 1.0, ""water"": 1.0, ""transport"": 1.0}","{""energy"": 0.33333333333333326, ""water"": 0.9450666666666666, ""transport"": 0.6666666666666666}",11,0.434535673032615,,,[],,v2.0,0.7,0.3
S4_water_partial,33,33,10347521973348156400,scenario=S4_water_partial|method=both|duration=0|theta=0.300000|delta_threshold=0.100000|A=v2.0|w=na|run_id=33|seed=10347521973348156400,False,"{""step_1_amount"": 0.83027828733865}",033832c9a51598bd69064fc3910037f6fde292830c04f0066e6d9779dc60f4ca,0.38314666666666675,0.7690187911325717,0.3858721244659049,23,0.0,1.0,0.38314666666666675,0.7690187911325717,1,1,0.3858721244659049,"{""energy"": 0.6666666666666667, ""water"": 0.05493333333333334, ""transport"": 0.33333333333333337}","{""energy"": 0.9224020817543239, ""water"": 0.8427811925066458, ""transport"": 0.4907453355961612}","{""energy"": 0.2557354150876572, ""water"": 0.7878478591733125, ""transport"": 0.1574120022628278}","{""energy"": 0.0, ""water"": 0.0, ""transport"": 0.0}","{""energy"": 1.0, ""water"": 1.0, ""transport"": 1.0}","{""energy"": 1.0, ""water"": 1.0, ""transport"": 1.0}",0.3,0.1,,0.38314666666666675,1.0,0.6168533333333333,1,"{""energy"": 0.6666666666666667, ""water"": 0.05493333333333334, ""transport"": 0.33333333333333337}","{""energy"": 1.0, ""water"": 1.0, ""transport"": 1.0}","{""energy"": 0.33333333333333326, ""water"": 0.9450666666666666, ""transport"": 0.6666666666666666}",4,0.7690187911325717,,,"[""energy"", ""transport""]",1,v2.0,0.7,0.3
S4_water_partial,34,34,17202410043010978944,scenario=S4_water_partial|method=both|duration=0|theta=0.300000|delta_threshold=0.100000|A=v2.0|w=na|run_id=34|seed=17202410043010978944,False,"{""step_1_amount"": 0.34251142229249465}",033832c9a51598bd69064fc3910037f6fde292830c04f0066e6d9779dc60f4ca,0.38314666666666675,0.4703957221796893,0.08724905551302253,17,0.0,0.0,0.38314666666666675,0.4703957221796893,0,0,0.08724905551302253,"{""energy"": 0.6666666666666667, ""water"": 0.05493333333333334, ""transport"": 0.33333333333333337}","{""energy"": 0.7244906762618465, ""water"": 0.23307261119895167, ""transport"": 0.3689255610508839}","{""energy"": 0.05782400959517975, ""water"": 0.17813927786561834, ""transport"": 0.03559222771755055}","{""energy"": 0.0, ""water"": 0.0, ""transport"": 0.0}","{""energy"": 0.0, ""water"": 0.0, ""transport"": 0.0}","{""energy"": 0.0, ""water"": 0.0, ""transport"": 0.0}",0.3,0.1,,0.38314666666666675,1.0,0.6168533333333333,1,"{""energy"": 0.6666666666666667, ""water"": 0.05493333333333334, ""transport"": 0.33333333333333337}","{""energy"": 1.0, ""water"": 1.0, ""transport"": 1.0}","{""energy"": 0.33333333333333326, ""water"": 0.9450666666666666, ""transport"": 0.6666666666666666}",10,0.4703957221796893,,,[],,v2.0,0.7,0.3
S4_water_partial,35,35,841781259846663069,scenario=S4_water_partial|method=both|duration=0|theta=0.300000|delta_threshold=0.100000|A=v2.0|w=na|run_id=35|seed=841781259846663069,False,"{""step_1_amount"": 0.42987551006342084}",033832c9a51598bd69064fc3910037f6fde292830c04f0066e6d9779dc60f4ca,0.38314666666666675,0.5238822008152446,0.14073553414857787,27,0.0,0.0,0.38314666666666675,0.5238822008152446,0,0,0.14073553414857787,"{""energy"": 0.6666666666666667, ""water"": 0.05493333333333334, ""transport"": 0.33333333333333337}","{""energy"": 0.7599386548748998, ""water"": 0.3422777209126094, ""transport"": 0.39074474197167275}","{""energy"": 0.09327198820823301, ""water"": 0.28734438757927605, ""transport"": 0.05741140863833938}","{""energy"": 0.0, ""water"": 0.0, ""transport"": 0.0}","{""energy"": 0.0, ""water"": 0.0, ""transport"": 0.0}","{""energy"": 0.0, ""water"": 0.0, ""transport"": 0.0}",0.3,0.1,,0.38314666666666675,1.0,0.6168533333333333,1,"{""energy"": 0.6666666666666667, ""water"": 0.05493333333333334, ""transport"": 0.33333333333333337}","{""energy"": 1.0, ""water"": 1.0, ""transport"": 1.0}","{""energy"": 0.33333333333333326, ""water"": 0.9450666666666666, ""transport"": 0.6666666666666666}",9,0.5238822008152446,,,[],,v2.0,0.7,0.3
S4_water_partial,36,36,12058017244859475611,scenario=S4_water_partial|method=both|duration=0|theta=0.300000|delta_threshold=0.100000|A=v2.0|w=na|run_id=36|seed=12058017244859475611,False,"{""step_1_amount"": 0.2533966191049952}",033832c9a51598bd69064fc3910037f6fde292830c04f0066e6d9779dc60f4ca,0.38314666666666675,0.4158374117982224,0.032690745131555676,24,0.0,0.0,0.38314666666666675,0.4158374117982224,0,0,0.032690745131555676,"{""energy"": 0.6666666666666667, ""water"": 0.05493333333333334, ""transport"": 0.33333333333333337}","{""energy"": 0.6883323448685186, ""water"": 0.12167910721457739, ""transport"": 0.34666913895480594}","{""energy"": 0.021665678201851835, ""water"": 0.06674577388124406, ""transport"": 0.013335805621472574}","{""energy"": 0.0, ""water"": 0.0, ""transport"": 0.0}","{""energy"": 0.0, ""water"": 0.0, ""transport"": 0.0}","{""energy"": 0.0, ""water"": 0.0, ""transport"": 0.0}",0.3,0.1,,0.38314666666666675,1.0,0.6168533333333333,1,"{""energy"": 0.6666666666666667, ""water"": 0.05493333333333334, ""transport"": 0.33333333333333337}","{""energy"": 1.0, ""water"": 1.0, ""transport"": 1.0}","{""energy"": 0.33333333333333326, ""water"": 0.9450666666666666, ""transport"": 0.6666666666666666}",12,0.4158374117982224,,,[],,v2.0,0.7,0.3
S4_water_partial,37,37,13685498511174957915,scenario=S4_water_partial|method=both|duration=0|theta=0.300000|delta_threshold=0.100000|A=v2.0|w=na|run_id=37|seed=13685498511174957915,False,"{""step_1_amount"": 0.3536198079669375}",033832c9a51598bd69064fc3910037f6fde292830c04f0066e6d9779dc60f4ca,0.38314666666666675,0.4771965535992251,0.09404988693255834,12,0.0,0.0,0.38314666666666675,0.4771965535992251,0,0,0.09404988693255834,"{""energy"": 0.6666666666666667, ""water"": 0.05493333333333334, ""transport"": 0.33333333333333337}","{""energy"": 0.7289979037492517, ""water"": 0.24695809329200522, ""transport"": 0.371699880373076}","{""energy"": 0.06233123708258492, ""water"": 0.19202475995867188, ""transport"": 0.03836654703974263}","{""energy"": 0.0, ""water"": 0.0, ""transport"": 0.0}","{""energy"": 0.0, ""water"": 0.0, ""transport"": 0.0}","{""energy"": 0.0, ""water"": 0.0, ""transport"": 0.0}",0.3,0.1,,0.38314666666666675,1.0,0.6168533333333333,1,"{""energy"": 0.6666666666666667, ""water"": 0.05493333333333334, ""transport"": 0.33333333333333337}","{""energy"": 1.0, ""water"": 1.0, ""transport"": 1.0}","{""energy"": 0.33333333333333326, ""water"": 0.9450666666666666, ""transport"": 0.6666666666666666}",10,0.4771965535992251,,,[],,v2.0,0.7,0.3
S4_water_partial,38,38,4940284560367536149,scenario=S4_water_partial|method=both|duration=0|theta=0.300000|delta_threshold=0.100000|A=v2.0|w=na|run_id=38|seed=4940284560367536149,False,"{""step_1_amount"": 0.5408024995909457}",033832c9a51598bd69064fc3910037f6fde292830c04f0066e6d9779dc60f4ca,0.38314666666666675,0.5917944769787334,0.2086478103120667,17,0.0,0.0,0.38314666666666675,0.5917944769787334,0,1,0.2086478103120667,"{""energy"": 0.6666666666666667, ""water"": 0.05493333333333334, ""transport"": 0.33333333333333337}","{""energy"": 0.804947280875693, ""water"": 0.48093645782201544, ""transport"": 0.41844875760617206}","{""energy"": 0.13828061420902626, ""water"": 0.4260031244886821, ""transport"": 0.08511542427283869}","{""energy"": 0.0, ""water"": 0.0, ""transport"": 0.0}","{""energy"": 0.0, ""water"": 0.0, ""transport"": 0.0}","{""energy"": 0.0, ""water"": 0.0, ""transport"": 0.0}",0.3,0.1,,0.38314666666666675,1.0,0.6168533333333333,1,"{""energy"": 0.6666666666666667, ""water"": 0.05493333333333334, ""transport"": 0.33333333333333337}","{""energy"": 1.0, ""water"": 1.0, ""transport"": 1.0}","{""energy"": 0.33333333333333326, ""water"": 0.9450666666666666, ""transport"": 0.6666666666666666}",8,0.5917944769787334,,,[],,v2.0,0.7,0.3
S4_water_partial,39,39,11740285691425283413,scenario=S4_water_partial|method=both|duration=0|theta=0.300000|delta_threshold=0.100000|A=v2.0|w=na|run_id=39|seed=11740285691425283413,False,"{""step_1_amount"": 0.6401468889392432}",033832c9a51598bd69064fc3910037f6fde292830c04f0066e6d9779dc60f4ca,0.38314666666666675,0.652615595747495,0.2694689290808282,6,0.0,0.0,0.38314666666666675,0.652615595747495,0,1,0.2694689290808282,"{""energy"": 0.6666666666666667, ""water"": 0.05493333333333334, ""transport"": 0.33333333333333337}","{""energy"": 0.8452562668537646, ""water"": 0.6051169445073874, ""transport"": 0.4432600188459094}","{""energy"": 0.1785896001870979, ""water"": 0.550183611174054, ""transport"": 0.109926685512576}","{""energy"": 0.0, ""water"": 0.0, ""transport"": 0.0}","{""energy"": 0.0, ""water"": 0.0, ""transport"": 0.0}","{""energy"": 0.0, ""water"": 0.0, ""transport"": 0.0}",0.3,0.1,,0.38314666666666675,1.0,0.6168533333333333,1,"{""energy"": 0.6666666666666667, ""water"": 0.05493333333333334, ""transport"": 0.33333333333333337}","{""energy"": 1.0, ""water"": 1.0, ""transport"": 1.0}","{""energy"": 0.33333333333333326, ""water"": 0.9450666666666666, ""transport"": 0.6666666666666666}",7,0.652615595747495,,,[],,v2.0,0.7,0.3
S4_water_partial,40,40,17360560650164099058,scenario=S4_water_partial|method=both|duration=0|theta=0.300000|delta_threshold=0.100000|A=v2.0|w=na|run_id=40|seed=17360560650164099058,False,"{""step_1_amount"": 0.45592093758193253}",033832c9a51598bd69064fc3910037f6fde292830c04f0066e6d9779dc60f4ca,0.38314666666666675,0.5398278626777654,0.15668119601109864,11,0.0,0.0,0.38314666666666675,0.5398278626777654,0,1,0.15668119601109864,"{""energy"": 0.6666666666666667, ""water"": 0.05493333333333334, ""transport"": 0.33333333333333337}","{""energy"": 0.7705065870905359, ""water"": 0.374834505310749, ""transport"": 0.397249587494421}","{""energy"": 0.10383992042386914, ""water"": 0.3199011719774157, ""transport"": 0.06391625416108765}","{""energy"": 0.0, ""water"": 0.0, ""transport"": 0.0}","{""energy"": 0.0, ""water"": 0.0, ""transport"": 0.0}","{""energy"": 0.0, ""water"": 0.0, ""transport"": 0.0}",0.3,0.1,,0.38314666666666675,1.0,0.6168533333333333,1,"{""energy"": 0.6666666666666667, ""water"": 0.05493333333333334, ""transport"": 0.33333333333333337}","{""energy"": 1.0, ""water"": 1.0, ""transport"": 1.0}","{""energy"": 0.33333333333333326, ""water"": 0.9450666666666666, ""transport"": 0.6666666666666666}",9,0.5398278626777654,,,[],,v2.0,0.7,0.3
S4_water_partial,41,41,16036444718172029513,scenario=S4_water_partial|method=both|duration=0|theta=0.300000|delta_threshold=0.100000|A=v2.0|w=na|run_id=41|seed=16036444718172029513,False,"{""step_1_amount"": 0.3220441932993771}",033832c9a51598bd69064fc3910037f6fde292830c04f0066e6d9779dc60f4ca,0.38314666666666675,0.4578651729093779,0.07471850624271115,15,0.0,0.0,0.38314666666666675,0.4578651729093779,0,0,0.07471850624271115,"{""energy"": 0.6666666666666667, ""water"": 0.05493333333333334, ""transport"": 0.33333333333333337}","{""energy"": 0.716186098097889, ""water"": 0.20748857495755482, ""transport"": 0.3638138706098528}","{""energy"": 0.04951943143122228, ""water"": 0.1525552416242215, ""transport"": 0.030480537276519448}","{""energy"": 0.0, ""water"": 0.0, ""transport"": 0.0}","{""energy"": 0.0, ""water"": 0.0, ""transport"": 0.0}","{""energy"": 0.0, ""water"": 0.0, ""transport"": 0.0}",0.3,0.1,,0.38314666666666675,1.0,0.6168533333333333,1,"{""energy"": 0.6666666666666667, ""water"": 0.05493333333333334, ""transport"": 0.33333333333333337}","{""energy"": 1.0, ""water"": 1.0, ""transport"": 1.0}","{""energy"": 0.33333333333333326, ""water"": 0.9450666666666666, ""transport"": 0.6666666666666666}",11,0.4578651729093779,,,[],,v2.0,0.7,0.3
S4_water_partial,42,42,11652405765506262032,scenario=S4_water_partial|method=both|duration=0|theta=0.300000|delta_threshold=0.100000|A=v2.0|w=na|run_id=42|seed=11652405765506262032,False,"{""step_1_amount"": 0.5828034064549457}",033832c9a51598bd69064fc3910037f6fde292830c04f0066e6d9779dc60f4ca,0.38314666666666675,0.6175084821835458,0.23436181551687907,10,0.0,0.0,0.38314666666666675,0.6175084821835458,0,1,0.23436181551687907,"{""energy"": 0.6666666666666667, ""water"": 0.05493333333333334, ""transport"": 0.33333333333333337}","{""energy"": 0.8219891488357609, ""water"": 0.5334375914020154, ""transport"": 0.42893848409545604}","{""energy"": 0.15532248216909417, ""water"": 0.4785042580686821, ""transport"": 0.09560515076212267}","{""energy"": 0.0, ""water"": 0.0, ""transport"": 0.0}","{""energy"": 0.0, ""water"": 0.0, ""transport"": 0.0}","{""energy"": 0.0, ""water"": 0.0, ""transport"": 0.0}",0.3,0.1,,0.38314666666666675,1.0,0.6168533333333333,1,"{""energy"": 0.6666666666666667, ""water"": 0.05493333333333334, ""transport"": 0.33333333333333337}","{""energy"": 1.0, ""water"": 1.0, ""transport"": 1.0}","{""energy"": 0.33333333333333326, ""water"": 0.9450666666666666, ""transport"": 0.6666666666666666}",7,0.6175084821835458,,,[],,v2.0,0.7,0.3
S4_water_partial,43,43,2850560672235176225,scenario=S4_water_partial|method=both|duration=0|theta=0.300000|delta_threshold=0.100000|A=v2.0|w=na|run_id=43|seed=2850560672235176225,False,"{""step_1_amount"": 0.2746659165152392}",033832c9a51598bd69064fc3910037f6fde292830c04f0066e6d9779dc60f4ca,0.38314666666666675,0.42885900740520894,0.04571234073854219,20,0.0,0.0,0.38314666666666675,0.42885900740520894,0,0,0.04571234073854219,"{""energy"": 0.6666666666666667, ""water"": 0.05493333333333334, ""transport"": 0.33333333333333337}","{""energy"": 0.696962362292725, ""water"": 0.14826572897738224, ""transport"": 0.35198114598301433}","{""energy"": 0.030295695626058272, ""water"": 0.09333239564404891, ""transport"": 0.01864781264968096}","{""energy"": 0.0, ""water"": 0.0, ""transport"": 0.0}","{""energy"": 0.0, ""water"": 0.0, ""transport"": 0.0}","{""energy"": 0.0, ""water"": 0.0, ""transport"": 0.0}",0.3,0.1,,0.38314666666666675,1.0,0.6168533333333333,1,"{""energy"": 0.6666666666666667, ""water"": 0.05493333333333334, ""transport"": 0.33333333333333337}","{""energy"": 1.0, ""water"": 1.0, ""transport"": 1.0}","{""energy"": 0.33333333333333326, ""water"": 0.9450666666666666, ""transport"": 0.6666666666666666}",11,0.42885900740520894,,,[],,v2.0,0.7,0.3
S4_water_partial,44,44,10810536567327217450,scenario=S4_water_partial|method=both|duration=0|theta=0.300000|delta_threshold=0.100000|A=v2.0|w=na|run_id=44|seed=10810536567327217450,False,"{""step_1_amount"": 0.4079319893264147}",033832c9a51598bd69064fc3910037f6fde292830c04f0066e6d9779dc60f4ca,0.38314666666666675,0.510447828832031,0.12730116216536425,28,0.0,0.0,0.38314666666666675,0.510447828832031,0,0,0.12730116216536425,"{""energy"": 0.6666666666666667, ""water"": 0.05493333333333334, ""transport"": 0.33333333333333337}","{""energy"": 0.7510350713358596, ""water"": 0.31484831999135177, ""transport"": 0.3852643476676055}","{""energy"": 0.08436840466919282, ""water"": 0.25991498665801843, ""transport"": 0.05193101433427211}","{""energy"": 0.0, ""water"": 0.0, ""transport"": 0.0}","{""energy"": 0.0, ""water"": 0.0, ""transport"": 0.0}","{""energy"": 0.0, ""water"": 0.0, ""transport"": 0.0}",0.3,0.1,,0.38314666666666675,1.0,0.6168533333333333,1,"{""energy"": 0.6666666666666667, ""water"": 0.05493333333333334, ""transport"": 0.33333333333333337}","{""energy"": 1.0, ""water"": 1.0, ""transport"": 1.0}","{""energy"": 0.33333333333333326, ""water"": 0.9450666666666666, ""transport"": 0.6666666666666666}",10,0.510447828832031,,,[],,v2.0,0.7,0.3
S4_water_partial,45,45,9766553461246277721,scenario=S4_water_partial|method=both|duration=0|theta=0.300000|delta_threshold=0.100000|A=v2.0|w=na|run_id=45|seed=9766553461246277721,False,"{""step_1_amount"": 0.4385276242345649}",033832c9a51598bd69064fc3910037f6fde292830c04f0066e6d9779dc60f4ca,0.38314666666666675,0.5291792414136732,0.14603257474700648,27,0.0,0.0,0.38314666666666675,0.5291792414136732,0,0,0.14603257474700648,"{""energy"": 0.6666666666666667, ""water"": 0.05493333333333334, ""transport"": 0.33333333333333337}","{""energy"": 0.7634492501998414, ""water"": 0.3530928636265394, ""transport"": 0.39290560748591596}","{""energy"": 0.0967825835331747, ""water"": 0.2981595302932061, ""transport"": 0.059572274152582594}","{""energy"": 0.0, ""water"": 0.0, ""transport"": 0.0}","{""energy"": 0.0, ""water"": 0.0, ""transport"": 0.0}","{""energy"": 0.0, ""water"": 0.0, ""transport"": 0.0}",0.3,0.1,,0.38314666666666675,1.0,0.6168533333333333,1,"{""energy"": 0.6666666666666667, ""water"": 0.05493333333333334, ""transport"": 0.33333333333333337}","{""energy"": 1.0, ""water"": 1.0, ""transport"": 1.0}","{""energy"": 0.33333333333333326, ""water"": 0.9450666666666666, ""transport"": 0.6666666666666666}",9,0.5291792414136732,,,[],,v2.0,0.7,0.3
S4_water_partial,46,46,8486792860555470012,scenario=S4_water_partial|method=both|duration=0|theta=0.300000|delta_threshold=0.100000|A=v2.0|w=na|run_id=46|seed=8486792860555470012,False,"{""step_1_amount"": 0.28858467663124376}",033832c9a51598bd69064fc3910037f6fde292830c04f0066e6d9779dc60f4ca,0.38314666666666675,0.43738042031722996,0.05423375365056321,24,0.0,0.0,0.38314666666666675,0.43738042031722996,0,0,0.05423375365056321,"{""energy"": 0.6666666666666667, ""water"": 0.05493333333333334, ""transport"": 0.33333333333333337}","{""energy"": 0.7026098992097939, ""water"": 0.16566417912238815, ""transport"": 0.3554573563219865}","{""energy"": 0.035943232543127146, ""water"": 0.11073084578905482, ""transport"": 0.022124022988653125}","{""energy"": 0.0, ""water"": 0.0, ""transport"": 0.0}","{""energy"": 0.0, ""water"": 0.0, ""transport"": 0.0}","{""energy"": 0.0, ""water"": 0.0, ""transport"": 0.0}",0.3,0.1,,0.38314666666666675,1.0,0.6168533333333333,1,"{""energy"": 0.6666666666666667, ""water"": 0.05493333333333334, ""transport"": 0.33333333333333337}","{""energy"": 1.0, ""water"": 1.0, ""transport"": 1.0}","{""energy"": 0.33333333333333326, ""water"": 0.9450666666666666, ""transport"": 0.6666666666666666}",11,0.43738042031722996,,,[],,v2.0,0.7,0.3
S4_water_partial,47,47,14718045167175309202,scenario=S4_water_partial|method=both|duration=0|theta=0.300000|delta_threshold=0.100000|A=v2.0|w=na|run_id=47|seed=14718045167175309202,False,"{""step_1_amount"": 0.4980653436912484}",033832c9a51598bd69064fc3910037f6fde292830c04f0066e6d9779dc60f4ca,0.38314666666666675,0.5656297217080413,0.18248305504137452,17,0.0,0.0,0.38314666666666675,0.5656297217080413,0,1,0.18248305504137452,"{""energy"": 0.6666666666666667, ""water"": 0.05493333333333334, ""transport"": 0.33333333333333337}","{""energy"": 0.7876066798693908, ""water"": 0.4275150129473938, ""transport"": 0.40777515292022265}","{""energy"": 0.12094001320272407, ""water"": 0.37258167961406047, ""transport"": 0.07444181958688928}","{""energy"": 0.0, ""water"": 0.0, ""transport"": 0.0}","{""energy"": 0.0, ""water"": 0.0, ""transport"": 0.0}","{""energy"": 0.0, ""water"": 0.0, ""transport"": 0.0}",0.3,0.1,,0.38314666666666675,1.0,0.6168533333333333,1,"{""energy"": 0.6666666666666667, ""water"": 0.05493333333333334, ""transport"": 0.33333333333333337}","{""energy"": 1.0, ""water"": 1.0, ""transport"": 1.0}","{""energy"": 0.33333333333333326, ""water"": 0.9450666666666666, ""transport"": 0.6666666666666666}",8,0.5656297217080413,,,[],,v2.0,0.7,0.3
S4_water_partial,48,48,11348723768287533545,scenario=S4_water_partial|method=both|duration=0|theta=0.300000|delta_threshold=0.100000|A=v2.0|w=na|run_id=48|seed=11348723768287533545,False,"{""step_1_amount"": 0.29999327252240643}",033832c9a51598bd69064fc3910037f6fde292830c04f0066e6d9779dc60f4ca,0.38314666666666675,0.444365047936697,0.061218381270030264,15,0.0,0.0,0.38314666666666675,0.444365047936697,0,0,0.061218381270030264,"{""energy"": 0.6666666666666667, ""water"": 0.05493333333333334, ""transport"": 0.33333333333333337}","{""energy"": 0.7072389369926332, ""water"": 0.17992492398634136, ""transport"": 0.3583066531458044}","{""energy"": 0.04057227032596644, ""water"": 0.12499159065300802, ""transport"": 0.02497331981247103}","{""energy"": 0.0, ""water"": 0.0, ""transport"": 0.0}","{""energy"": 0.0, ""water"": 0.0, ""transport"": 0.0}","{""energy"": 0.0, ""water"": 0.0, ""transport"": 0.0}",0.3,0.1,,0.38314666666666675,1.0,0.6168533333333333,1,"{""energy"": 0.6666666666666667, ""water"": 0.05493333333333334, ""transport"": 0.33333333333333337}","{""energy"": 1.0, ""water"": 1.0, ""transport"": 1.0}","{""energy"": 0.33333333333333326, ""water"": 0.9450666666666666, ""transport"": 0.6666666666666666}",11,0.444365047936697,,,[],,v2.0,0.7,0.3
S4_water_partial,49,49,1110684862360046755,scenario=S4_water_partial|method=both|duration=0|theta=0.300000|delta_threshold=0.100000|A=v2.0|w=na|run_id=49|seed=1110684862360046755,False,"{""step_1_amount"": 0.7629014208481142}",033832c9a51598bd69064fc3910037f6fde292830c04f0066e6d9779dc60f4ca,0.38314666666666675,0.7277689890454034,0.3446223223787367,5,0.0,1.0,0.38314666666666675,0.7277689890454034,1,1,0.3446223223787367,"{""energy"": 0.6666666666666667, ""water"": 0.05493333333333334, ""transport"": 0.33333333333333337}","{""energy"": 0.8950639181757891, ""water"": 0.7585601093934761, ""transport"": 0.4739179631901499}","{""energy"": 0.22839725150912238, ""water"": 0.7036267760601427, ""transport"": 0.14058462985681652}","{""energy"": 0.0, ""water"": 0.0, ""transport"": 0.0}","{""energy"": 1.0, ""water"": 1.0, ""transport"": 1.0}","{""energy"": 1.0, ""water"": 1.0, ""transport"": 1.0}",0.3,0.1,,0.38314666666666675,1.0,0.6168533333333333,1,"{""energy"": 0.6666666666666667, ""water"": 0.05493333333333334, ""transport"": 0.33333333333333337}","{""energy"": 1.0, ""water"": 1.0, ""transport"": 1.0}","{""energy"": 0.33333333333333326, ""water"": 0.9450666666666666, ""transport"": 0.6666666666666666}",5,0.7277689890454034,,,"[""energy"", ""transport""]",1,v2.0,0.7,0.3
S4_water_partial,50,50,5741775707253652681,scenario=S4_water_partial|method=both|duration=0|theta=0.300000|delta_threshold=0.100000|A=v2.0|w=na|run_id=50|seed=5741775707253652681,False,"{""step_1_amount"": 0.23092197986378019}",033832c9a51598bd69064fc3910037f6fde292830c04f0066e6d9779dc60f4ca,0.38314666666666675,0.4020778757887695,0.018931209122102777,22,0.0,0.0,0.38314666666666675,0.4020778757887695,0,0,0.018931209122102777,"{""energy"": 0.6666666666666667, ""water"": 0.05493333333333334, ""transport"": 0.33333333333333337}","{""energy"": 0.6792132599963956, ""water"": 0.09358580816305855, ""transport"": 0.34105609780431245}","{""energy"": 0.01254659332972885, ""water"": 0.038652474829725204, ""transport"": 0.007722764470979082}","{""energy"": 0.0, ""water"": 0.0, ""transport"": 0.0}","{""energy"": 0.0, ""water"": 0.0, ""transport"": 0.0}","{""energy"": 0.0, ""water"": 0.0, ""transport"": 0.0}",0.3,0.1,,0.38314666666666675,1.0,0.6168533333333333,1,"{""energy"": 0.6666666666666667, ""water"": 0.05493333333333334, ""transport"": 0.33333333333333337}","{""energy"": 1.0, ""water"": 1.0, ""transport"": 1.0}","{""energy"": 0.33333333333333326, ""water"": 0.9450666666666666, ""transport"": 0.6666666666666666}",12,0.4020778757887695,,,[],,v2.0,0.7,0.3
S4_water_partial,51,51,4124506235195252065,scenario=S4_water_partial|method=both|duration=0|theta=0.300000|delta_threshold=0.100000|A=v2.0|w=na|run_id=51|seed=4124506235195252065,False,"{""step_1_amount"": 0.5111063844164953}",033832c9a51598bd69064fc3910037f6fde292830c04f0066e6d9779dc60f4ca,0.38314666666666675,0.5736137728660555,0.19046710619938878,7,0.0,0.0,0.38314666666666675,0.5736137728660555,0,1,0.19046710619938878,"{""energy"": 0.6666666666666667, ""water"": 0.05493333333333334, ""transport"": 0.33333333333333337}","{""energy"": 0.7928980821436596, ""water"": 0.44381631385395237, ""transport"": 0.4110321528413531}","{""energy"": 0.1262314154769929, ""water"": 0.38888298052061904, ""transport"": 0.07769881950801971}","{""energy"": 0.0, ""water"": 0.0, ""transport"": 0.0}","{""energy"": 0.0, ""water"": 0.0, ""transport"": 0.0}","{""energy"": 0.0, ""water"": 0.0, ""transport"": 0.0}",0.3,0.1,,0.38314666666666675,1.0,0.6168533333333333,1,"{""energy"": 0.6666666666666667, ""water"": 0.05493333333333334, ""transport"": 0.33333333333333337}","{""energy"": 1.0, ""water"": 1.0, ""transport"": 1.0}","{""energy"": 0.33333333333333326, ""water"": 0.9450666666666666, ""transport"": 0.6666666666666666}",8,0.5736137728660555,,,[],,v2.0,0.7,0.3
S4_water_partial,52,52,12033688272786432157,scenario=S4_water_partial|method=both|duration=0|theta=0.300000|delta_threshold=0.100000|A=v2.0|w=na|run_id=52|seed=12033688272786432157,False,"{""step_1_amount"": 0.263346542638482}",033832c9a51598bd69064fc3910037f6fde292830c04f0066e6d9779dc60f4ca,0.38314666666666675,0.42192900373351133,0.038782337066844585,12,0.0,0.0,0.38314666666666675,0.42192900373351133,0,0,0.038782337066844585,"{""energy"": 0.6666666666666667, ""water"": 0.05493333333333334, ""transport"": 0.33333333333333337}","{""energy"": 0.6923695263422308, ""water"": 0.13411651163143584, ""transport"": 0.34915413235729426}","{""energy"": 0.02570285967556407, ""water"": 0.07918317829810251, ""transport"": 0.015820799023960885}","{""energy"": 0.0, ""water"": 0.0, ""transport"": 0.0}","{""energy"": 0.0, ""water"": 0.0, ""transport"": 0.0}","{""energy"": 0.0, ""water"": 0.0, ""transport"": 0.0}",0.3,0.1,,0.38314666666666675,1.0,0.6168533333333333,1,"{""energy"": 0.6666666666666667, ""water"": 0.05493333333333334, ""transport"": 0.33333333333333337}","{""energy"": 1.0, ""water"": 1.0, ""transport"": 1.0}","{""energy"": 0.33333333333333326, ""water"": 0.9450666666666666, ""transport"": 0.6666666666666666}",12,0.42192900373351133,,,[],,v2.0,0.7,0.3
S4_water_partial,53,53,11546189266912442977,scenario=S4_water_partial|method=both|duration=0|theta=0.300000|delta_threshold=0.100000|A=v2.0|w=na|run_id=53|seed=11546189266912442977,False,"{""step_1_amount"": 0.37104262240946156}",033832c9a51598bd69064fc3910037f6fde292830c04f0066e6d9779dc60f4ca,0.38314666666666675,0.4878632361712993,0.10471656950463254,11,0.0,0.0,0.38314666666666675,0.4878632361712993,0,0,0.10471656950463254,"{""energy"": 0.6666666666666667, ""water"": 0.05493333333333334, ""transport"": 0.33333333333333337}","{""energy"": 0.7360672107093058, ""water"": 0.26873661134516025, ""transport"": 0.3760512282800964}","{""energy"": 0.06940054404263907, ""water"": 0.2138032780118269, ""transport"": 0.042717894946763035}","{""energy"": 0.0, ""water"": 0.0, ""transport"": 0.0}","{""energy"": 0.0, ""water"": 0.0, ""transport"": 0.0}","{""energy"": 0.0, ""water"": 0.0, ""transport"": 0.0}",0.3,0.1,,0.38314666666666675,1.0,0.6168533333333333,1,"{""energy"": 0.6666666666666667, ""water"": 0.05493333333333334, ""transport"": 0.33333333333333337}","{""energy"": 1.0, ""water"": 1.0, ""transport"": 1.0}","{""energy"": 0.33333333333333326, ""water"": 0.9450666666666666, ""transport"": 0.6666666666666666}",10,0.4878632361712993,,,[],,v2.0,0.7,0.3
S4_water_partial,54,54,5311542573671650603,scenario=S4_water_partial|method=both|duration=0|theta=0.300000|delta_threshold=0.100000|A=v2.0|w=na|run_id=54|seed=5311542573671650603,False,"{""step_1_amount"": 0.2589585495967272}",033832c9a51598bd69064fc3910037f6fde292830c04f0066e6d9779dc60f4ca,0.38314666666666675,0.419242564693523,0.036095898026856255,8,0.0,0.0,0.38314666666666675,0.419242564693523,0,0,0.036095898026856255,"{""energy"": 0.6666666666666667, ""water"": 0.05493333333333334, ""transport"": 0.33333333333333337}","{""energy"": 0.6905890981655388, ""water"": 0.12863152032924227, ""transport"": 0.34805823109511597}","{""energy"": 0.023922431498872077, ""water"": 0.07369818699590894, ""transport"": 0.014724897761782596}","{""energy"": 0.0, ""water"": 0.0, ""transport"": 0.0}","{""energy"": 0.0, ""water"": 0.0, ""transport"": 0.0}","{""energy"": 0.0, ""water"": 0.0, ""transport"": 0.0}",0.3,0.1,,0.38314666666666675,1.0,0.6168533333333333,1,"{""energy"": 0.6666666666666667, ""water"": 0.05493333333333334, ""transport"": 0.33333333333333337}","{""energy"": 1.0, ""water"": 1.0, ""transport"": 1.0}","{""energy"": 0.33333333333333326, ""water"": 0.9450666666666666, ""transport"": 0.6666666666666666}",12,0.419242564693523,,,[],,v2.0,0.7,0.3
S4_water_partial,55,55,3267442772181836608,scenario=S4_water_partial|method=both|duration=0|theta=0.300000|delta_threshold=0.100000|A=v2.0|w=na|run_id=55|seed=3267442772181836608,False,"{""step_1_amount"": 0.4973333101906458}",033832c9a51598bd69064fc3910037f6fde292830c04f0066e6d9779dc60f4ca,0.38314666666666675,0.5651815524981348,0.1820348858314681,12,0.0,0.0,0.38314666666666675,0.5651815524981348,0,1,0.1820348858314681,"{""energy"": 0.6666666666666667, ""water"": 0.05493333333333334, ""transport"": 0.33333333333333337}","{""energy"": 0.7873096572765212, ""water"": 0.4265999710716406, ""transport"": 0.40759232755344715}","{""energy"": 0.1206429906098545, ""water"": 0.37166663773830727, ""transport"": 0.07425899422011378}","{""energy"": 0.0, ""water"": 0.0, ""transport"": 0.0}","{""energy"": 0.0, ""water"": 0.0, ""transport"": 0.0}","{""energy"": 0.0, ""water"": 0.0, ""transport"": 0.0}",0.3,0.1,,0.38314666666666675,1.0,0.6168533333333333,1,"{""energy"": 0.6666666666666667, ""water"": 0.05493333333333334, ""transport"": 0.33333333333333337}","{""energy"": 1.0, ""water"": 1.0, ""transport"": 1.0}","{""energy"": 0.33333333333333326, ""water"": 0.9450666666666666, ""transport"": 0.6666666666666666}",8,0.5651815524981348,,,[],,v2.0,0.7,0.3
S4_water_partial,56,56,8647406620607275838,scenario=S4_water_partial|method=both|duration=0|theta=0.300000|delta_threshold=0.100000|A=v2.0|w=na|run_id=56|seed=8647406620607275838,False,"{""step_1_amount"": 0.19393446501356432}",033832c9a51598bd69064fc3910037f6fde292830c04f0066e6d9779dc60f4ca,0.38314666666666675,0.38314666666666675,0.0,27,0.0,0.0,0.38314666666666675,0.38314666666666675,0,0,0.0,"{""energy"": 0.6666666666666667, ""water"": 0.05493333333333334, ""transport"": 0.33333333333333337}","{""energy"": 0.6666666666666667, ""water"": 0.05493333333333334, ""transport"": 0.33333333333333337}","{""energy"": 0.0, ""water"": 0.0, ""transport"": 0.0}","{""energy"": 0.0, ""water"": 0.0, ""transport"": 0.0}","{""energy"": 0.0, ""water"": 0.0, ""transport"": 0.0}","{""energy"": 0.0, ""water"": 0.0, ""transport"": 0.0}",0.3,0.1,,0.38314666666666675,1.0,0.6168533333333333,1,"{""energy"": 0.6666666666666667, ""water"": 0.05493333333333334, ""transport"": 0.33333333333333337}","{""energy"": 1.0, ""water"": 1.0, ""transport"": 1.0}","{""energy"": 0.33333333333333326, ""water"": 0.9450666666666666, ""transport"": 0.6666666666666666}",13,0.38314666666666675,,,[],,v2.0,0.7,0.3
S4_water_partial,57,57,7454949612748248832,scenario=S4_water_partial|method=both|duration=0|theta=0.300000|delta_threshold=0.100000|A=v2.0|w=na|run_id=57|seed=7454949612748248832,False,"{""step_1_amount"": 0.17862031652701296}",033832c9a51598bd69064fc3910037f6fde292830c04f0066e6d9779dc60f4ca,0.38314666666666675,0.38314666666666675,0.0,24,0.0,0.0,0.38314666666666675,0.38314666666666675,0,0,0.0,"{""energy"": 0.6666666666666667, ""water"": 0.05493333333333334, ""transport"": 0.33333333333333337}","{""energy"": 0.6666666666666667, ""water"": 0.05493333333333334, ""transport"": 0.33333333333333337}","{""energy"": 0.0, ""water"": 0.0, ""transport"": 0.0}","{""energy"": 0.0, ""water"": 0.0, ""transport"": 0.0}","{""energy"": 0.0, ""water"": 0.0, ""transport"": 0.0}","{""energy"": 0.0, ""water"": 0.0, ""transport"": 0.0}",0.3,0.1,,0.38314666666666675,1.0,0.6168533333333333,1,"{""energy"": 0.6666666666666667, ""water"": 0.05493333333333334, ""transport"": 0.33333333333333337}","{""energy"": 1.0, ""water"": 1.0, ""transport"": 1.0}","{""energy"": 0.33333333333333326, ""water"": 0.9450666666666666, ""transport"": 0.6666666666666666}",13,0.38314666666666675,,,[],,v2.0,0.7,0.3
S4_water_partial,58,58,5028326982104737181,scenario=S4_water_partial|method=both|duration=0|theta=0.300000|delta_threshold=0.100000|A=v2.0|w=na|run_id=58|seed=5028326982104737181,False,"{""step_1_amount"": 0.49179940276581413}",033832c9a51598bd69064fc3910037f6fde292830c04f0066e6d9779dc60f4ca,0.38314666666666675,0.5617935560249673,0.17864688935830053,16,0.0,0.0,0.38314666666666675,0.5617935560249673,0,1,0.17864688935830053,"{""energy"": 0.6666666666666667, ""water"": 0.05493333333333334, ""transport"": 0.33333333333333337}","{""energy"": 0.7850642743388958, ""water"": 0.419682586790601, ""transport"": 0.40621023417409546}","{""energy"": 0.11839760767222907, ""water"": 0.36474925345726766, ""transport"": 0.0728769008407621}","{""energy"": 0.0, ""water"": 0.0, ""transport"": 0.0}","{""energy"": 0.0, ""water"": 0.0, ""transport"": 0.0}","{""energy"": 0.0, ""water"": 0.0, ""transport"": 0.0}",0.3,0.1,,0.38314666666666675,1.0,0.6168533333333333,1,"{""energy"": 0.6666666666666667, ""water"": 0.05493333333333334, ""transport"": 0.33333333333333337}","{""energy"": 1.0, ""water"": 1.0, ""transport"": 1.0}","{""energy"": 0.33333333333333326, ""water"": 0.9450666666666666, ""transport"": 0.6666666666666666}",8,0.5617935560249673,,,[],,v2.0,0.7,0.3
S4_water_partial,59,59,8572128630902707358,scenario=S4_water_partial|method=both|duration=0|theta=0.300000|delta_threshold=0.100000|A=v2.0|w=na|run_id=59|seed=8572128630902707358,False,"{""step_1_amount"": 0.7876244008811935}",033832c9a51598bd69064fc3910037f6fde292830c04f0066e6d9779dc60f4ca,0.38314666666666675,0.7429050154961554,0.35975834882948865,7,0.0,1.0,0.38314666666666675,0.7429050154961554,1,1,0.35975834882948865,"{""energy"": 0.6666666666666667, ""water"": 0.05493333333333334, ""transport"": 0.33333333333333337}","{""energy"": 0.905095267324211, ""water"": 0.7894638344348252, ""transport"": 0.48009252745341147}","{""energy"": 0.23842860065754423, ""water"": 0.7345305011014918, ""transport"": 0.1467591941200781}","{""energy"": 0.0, ""water"": 0.0, ""transport"": 0.0}","{""energy"": 1.0, ""water"": 1.0, ""transport"": 1.0}","{""energy"": 1.0, ""water"": 1.0, ""transport"": 1.0}",0.3,0.1,,0.38314666666666675,1.0,0.6168533333333333,1,"{""energy"": 0.6666666666666667, ""water"": 0.05493333333333334, ""transport"": 0.33333333333333337}","{""energy"": 1.0, ""water"": 1.0, ""transport"": 1.0}","{""energy"": 0.33333333333333326, ""water"": 0.9450666666666666, ""transport"": 0.6666666666666666}",5,0.7429050154961554,,,"[""energy"", ""transport""]",1,v2.0,0.7,0.3
S4_water_partial,60,60,1229984526848907376,scenario=S4_water_partial|method=both|duration=0|theta=0.300000|delta_threshold=0.100000|A=v2.0|w=na|run_id=60|seed=1229984526848907376,False,"{""step_1_amount"": 0.6097471312130053}",033832c9a51598bd69064fc3910037f6fde292830c04f0066e6d9779dc60f4ca,0.38314666666666675,0.6340041040735489,0.25085743740688216,25,0.0,0.0,0.38314666666666675,0.6340041040735489,0,1,0.25085743740688216,"{""energy"": 0.6666666666666667, ""water"": 0.05493333333333334, ""transport"": 0.33333333333333337}","{""energy"": 0.8329215651563436, ""water"": 0.56711724734959, ""transport"": 0.4356676793537815}","{""energy"": 0.1662548984896769, ""water"": 0.5121839140162566, ""transport"": 0.10233434602044811}","{""energy"": 0.0, ""water"": 0.0, ""transport"": 0.0}","{""energy"": 0.0, ""water"": 0.0, ""transport"": 0.0}","{""energy"": 0.0, ""water"": 0.0, ""transport"": 0.0}",0.3,0.1,,0.38314666666666675,1.0,0.6168533333333333,1,"{""energy"": 0.6666666666666667, ""water"": 0.05493333333333334, ""transport"": 0.33333333333333337}","{""energy"": 1.0, ""water"": 1.0, ""transport"": 1.0}","{""energy"": 0.33333333333333326, ""water"": 0.9450666666666666, ""transport"": 0.6666666666666666}",7,0.6340041040735489,,,[],,v2.0,0.7,0.3
S4_water_partial,61,61,8929698642429340292,scenario=S4_water_partial|method=both|duration=0|theta=0.300000|delta_threshold=0.100000|A=v2.0|w=na|run_id=61|seed=8929698642429340292,False,"{""step_1_amount"": 0.16300678808827054}",033832c9a51598bd69064fc3910037f6fde292830c04f0066e6d9779dc60f4ca,0.38314666666666675,0.38314666666666675,0.0,20,0.0,0.0,0.38314666666666675,0.38314666666666675,0,0,0.0,"{""energy"": 0.6666666666666667, ""water"": 0.05493333333333334, ""transport"": 0.33333333333333337}","{""energy"": 0.6666666666666667, ""water"": 0.05493333333333334, ""transport"": 0.33333333333333337}","{""energy"": 0.0, ""water"": 0.0, ""transport"": 0.0}","{""energy"": 0.0, ""water"": 0.0, ""transport"": 0.0}","{""energy"": 0.0, ""water"": 0.0, ""transport"": 0.0}","{""energy"": 0.0, ""water"": 0.0, ""transport"": 0.0}",0.3,0.1,,0.38314666666666675,1.0,0.6168533333333333,1,"{""energy"": 0.6666666666666667, ""water"": 0.05493333333333334, ""transport"": 0.33333333333333337}","{""energy"": 1.0, ""water"": 1.0, ""transport"": 1.0}","{""energy"": 0.33333333333333326, ""water"": 0.9450666666666666, ""transport"": 0.6666666666666666}",13,0.38314666666666675,,,[],,v2.0,0.7,0.3
S4_water_partial,62,62,3764674457525266519,scenario=S4_water_partial|method=both|duration=0|theta=0.300000|delta_threshold=0.100000|A=v2.0|w=na|run_id=62|seed=3764674457525266519,False,"{""step_1_amount"": 0.5377387321963708}",033832c9a51598bd69064fc3910037f6fde292830c04f0066e6d9779dc60f4ca,0.38314666666666675,0.5899187619855899,0.20677209531892315,17,0.0,0.0,0.38314666666666675,0.5899187619855899,0,1,0.20677209531892315,"{""energy"": 0.6666666666666667, ""water"": 0.05493333333333334, ""transport"": 0.33333333333333337}","{""energy"": 0.8037041572553442, ""water"": 0.47710674857879687, ""transport"": 0.41768358169937697}","{""energy"": 0.13703749058867742, ""water"": 0.42217341524546353, ""transport"": 0.0843502483660436}","{""energy"": 0.0, ""water"": 0.0, ""transport"": 0.0}","{""energy"": 0.0, ""water"": 0.0, ""transport"": 0.0}","{""energy"": 0.0, ""water"": 0.0, ""transport"": 0.0}",0.3,0.1,,0.38314666666666675,1.0,0.6168533333333333,1,"{""energy"": 0.6666666666666667, ""water"": 0.05493333333333334, ""transport"": 0.33333333333333337}","{""energy"": 1.0, ""water"": 1.0, ""transport"": 1.0}","{""energy"": 0.33333333333333326, ""water"": 0.9450666666666666, ""transport"": 0.6666666666666666}",8,0.5899187619855899,,,[],,v2.0,0.7,0.3
S4_water_partial,63,63,7141325424481020265,scenario=S4_water_partial|method=both|duration=0|theta=0.300000|delta_threshold=0.100000|A=v2.0|w=na|run_id=63|seed=7141325424481020265,False,"{""step_1_amount"": 0.36422124011188783}",033832c9a51598bd69064fc3910037f6fde292830c04f0066e6d9779dc60f4ca,0.38314666666666675,0.4836870153941672,0.10054034872750045,28,0.0,0.0,0.38314666666666675,0.4836870153941672,0,0,0.10054034872750045,"{""energy"": 0.6666666666666667, ""water"": 0.05493333333333334, ""transport"": 0.33333333333333337}","{""energy"": 0.7332994348420652, ""water"": 0.2602098834731931, ""transport"": 0.3743475880512774}","{""energy"": 0.06663276817539843, ""water"": 0.2052765501398598, ""transport"": 0.04101425471794401}","{""energy"": 0.0, ""water"": 0.0, ""transport"": 0.0}","{""energy"": 0.0, ""water"": 0.0, ""transport"": 0.0}","{""energy"": 0.0, ""water"": 0.0, ""transport"": 0.0}",0.3,0.1,,0.38314666666666675,1.0,0.6168533333333333,1,"{""energy"": 0.6666666666666667, ""water"": 0.05493333333333334, ""transport"": 0.33333333333333337}","{""energy"": 1.0, ""water"": 1.0, ""transport"": 1.0}","{""energy"": 0.33333333333333326, ""water"": 0.9450666666666666, ""transport"": 0.6666666666666666}",10,0.4836870153941672,,,[],,v2.0,0.7,0.3
S4_water_partial,64,64,1774066358495312745,scenario=S4_water_partial|method=both|duration=0|theta=0.300000|delta_threshold=0.100000|A=v2.0|w=na|run_id=64|seed=1774066358495312745,False,"{""step_1_amount"": 0.1722849254987473}",033832c9a51598bd69064fc3910037f6fde292830c04f0066e6d9779dc60f4ca,0.38314666666666675,0.38314666666666675,0.0,7,0.0,0.0,0.38314666666666675,0.38314666666666675,0,0,0.0,"{""energy"": 0.6666666666666667, ""water"": 0.05493333333333334, ""transport"": 0.33333333333333337}","{""energy"": 0.6666666666666667, ""water"": 0.05493333333333334, ""transport"": 0.33333333333333337}","{""energy"": 0.0, ""water"": 0.0, ""transport"": 0.0}","{""energy"": 0.0, ""water"": 0.0, ""transport"": 0.0}","{""energy"": 0.0, ""water"": 0.0, ""transport"": 0.0}","{""energy"": 0.0, ""water"": 0.0, ""transport"": 0.0}",0.3,0.1,,0.38314666666666675,1.0,0.6168533333333333,1,"{""energy"": 0.6666666666666667, ""water"": 0.05493333333333334, ""transport"": 0.33333333333333337}","{""energy"": 1.0, ""water"": 1.0, ""transport"": 1.0}","{""energy"": 0.33333333333333326, ""water"": 0.9450666666666666, ""transport"": 0.6666666666666666}",13,0.38314666666666675,,,[],,v2.0,0.7,0.3
S4_water_partial,65,65,13655815968418168898,scenario=S4_water_partial|method=both|duration=0|theta=0.300000|delta_threshold=0.100000|A=v2.0|w=na|run_id=65|seed=13655815968418168898,False,"{""step_1_amount"": 0.293768494170319}",033832c9a51598bd69064fc3910037f6fde292830c04f0066e6d9779dc60f4ca,0.38314666666666675,0.44055408301009025,0.0574074163434235,16,0.0,0.0,0.38314666666666675,0.44055408301009025,0,0,0.0574074163434235,"{""energy"": 0.6666666666666667, ""water"": 0.05493333333333334, ""transport"": 0.33333333333333337}","{""energy"": 0.7047132331762737, ""water"": 0.17214395104623204, ""transport"": 0.3567520147523705}","{""energy"": 0.038046566509606916, ""water"": 0.1172106177128987, ""transport"": 0.023418681419037135}","{""energy"": 0.0, ""water"": 0.0, ""transport"": 0.0}","{""energy"": 0.0, ""water"": 0.0, ""transport"": 0.0}","{""energy"": 0.0, ""water"": 0.0, ""transport"": 0.0}",0.3,0.1,,0.38314666666666675,1.0,0.6168533333333333,1,"{""energy"": 0.6666666666666667, ""water"": 0.05493333333333334, ""transport"": 0.33333333333333337}","{""energy"": 1.0, ""water"": 1.0, ""transport"": 1.0}","{""energy"": 0.33333333333333326, ""water"": 0.9450666666666666, ""transport"": 0.6666666666666666}",11,0.44055408301009025,,,[],,v2.0,0.7,0.3
S4_water_partial,66,66,2775426475770517754,scenario=S4_water_partial|method=both|duration=0|theta=0.300000|delta_threshold=0.100000|A=v2.0|w=na|run_id=66|seed=2775426475770517754,False,"{""step_1_amount"": 0.37749403530978853}",033832c9a51598bd69064fc3910037f6fde292830c04f0066e6d9779dc60f4ca,0.38314666666666675,0.4918129524342021,0.10866628576753534,18,0.0,0.0,0.38314666666666675,0.4918129524342021,0,0,0.10866628576753534,"{""energy"": 0.6666666666666667, ""water"": 0.05493333333333334, ""transport"": 0.33333333333333337}","{""energy"": 0.7386848714936135, ""water"": 0.27680087747056914, ""transport"": 0.3776624686519531}","{""energy"": 0.07201820482694676, ""water"": 0.2218675441372358, ""transport"": 0.044329135318619706}","{""energy"": 0.0, ""water"": 0.0, ""transport"": 0.0}","{""energy"": 0.0, ""water"": 0.0, ""transport"": 0.0}","{""energy"": 0.0, ""water"": 0.0, ""transport"": 0.0}",0.3,0.1,,0.38314666666666675,1.0,0.6168533333333333,1,"{""energy"": 0.6666666666666667, ""water"": 0.05493333333333334, ""transport"": 0.33333333333333337}","{""energy"": 1.0, ""water"": 1.0, ""transport"": 1.0}","{""energy"": 0.33333333333333326, ""water"": 0.9450666666666666, ""transport"": 0.6666666666666666}",10,0.4918129524342021,,,[],,v2.0,0.7,0.3
S4_water_partial,67,67,16261945308108820769,scenario=S4_water_partial|method=both|duration=0|theta=0.300000|delta_threshold=0.100000|A=v2.0|w=na|run_id=67|seed=16261945308108820769,False,"{""step_1_amount"": 0.46196814460349445}",033832c9a51598bd69064fc3910037f6fde292830c04f0066e6d9779dc60f4ca,0.38314666666666675,0.5435301139965412,0.16038344732987442,30,0.0,0.0,0.38314666666666675,0.5435301139965412,0,1,0.16038344732987442,"{""energy"": 0.6666666666666667, ""water"": 0.05493333333333334, ""transport"": 0.33333333333333337}","{""energy"": 0.7729602413395347, ""water"": 0.3823935140877014, ""transport"": 0.3987598774480561}","{""energy"": 0.10629357467286793, ""water"": 0.32746018075436806, ""transport"": 0.0654265441147227}","{""energy"": 0.0, ""water"": 0.0, ""transport"": 0.0}","{""energy"": 0.0, ""water"": 0.0, ""transport"": 0.0}","{""energy"": 0.0, ""water"": 0.0, ""transport"": 0.0}",0.3,0.1,,0.38314666666666675,1.0,0.6168533333333333,1,"{""energy"": 0.6666666666666667, ""water"": 0.05493333333333334, ""transport"": 0.33333333333333337}","{""energy"": 1.0, ""water"": 1.0, ""transport"": 1.0}","{""energy"": 0.33333333333333326, ""water"": 0.9450666666666666, ""transport"": 0.6666666666666666}",9,0.5435301139965412,,,[],,v2.0,0.7,0.3
S4_water_partial,68,68,7214094352513058112,scenario=S4_water_partial|method=both|duration=0|theta=0.300000|delta_threshold=0.100000|A=v2.0|w=na|run_id=68|seed=7214094352513058112,False,"{""step_1_amount"": 0.3829872541475163}",033832c9a51598bd69064fc3910037f6fde292830c04f0066e6d9779dc60f4ca,0.38314666666666675,0.49517603833712986,0.11202937167046312,10,0.0,0.0,0.38314666666666675,0.49517603833712986,0,0,0.11202937167046312,"{""energy"": 0.6666666666666667, ""water"": 0.05493333333333334, ""transport"": 0.33333333333333337}","{""energy"": 0.7409137450370215, ""water"": 0.2836674010177287, ""transport"": 0.37903440005667555}","{""energy"": 0.07424707837035471, ""water"": 0.22873406768439536, ""transport"": 0.045701066723342176}","{""energy"": 0.0, ""water"": 0.0, ""transport"": 0.0}","{""energy"": 0.0, ""water"": 0.0, ""transport"": 0.0}","{""energy"": 0.0, ""water"": 0.0, ""transport"": 0.0}",0.3,0.1,,0.38314666666666675,1.0,0.6168533333333333,1,"{""energy"": 0.6666666666666667, ""water"": 0.05493333333333334, ""transport"": 0.33333333333333337}","{""energy"": 1.0, ""water"": 1.0, ""transport"": 1.0}","{""energy"": 0.33333333333333326, ""water"": 0.9450666666666666, ""transport"": 0.6666666666666666}",10,0.49517603833712986,,,[],,v2.0,0.7,0.3
S4_water_partial,69,69,14783421248601069761,scenario=S4_water_partial|method=both|duration=0|theta=0.300000|delta_threshold=0.100000|A=v2.0|w=na|run_id=69|seed=14783421248601069761,False,"{""step_1_amount"": 0.1366047346222153}",033832c9a51598bd69064fc3910037f6fde292830c04f0066e6d9779dc60f4ca,0.38314666666666675,0.38314666666666675,0.0,13,0.0,0.0,0.38314666666666675,0.38314666666666675,0,0,0.0,"{""energy"": 0.6666666666666667, ""water"": 0.05493333333333334, ""transport"": 0.33333333333333337}","{""energy"": 0.6666666666666667, ""water"": 0.05493333333333334, ""transport"": 0.33333333333333337}","{""energy"": 0.0, ""water"": 0.0, ""transport"": 0.0}","{""energy"": 0.0, ""water"": 0.0, ""transport"": 0.0}","{""energy"": 0.0, ""water"": 0.0, ""transport"": 0.0}","{""energy"": 0.0, ""water"": 0.0, ""transport"": 0.0}",0.3,0.1,,0.38314666666666675,1.0,0.6168533333333333,1,"{""energy"": 0.6666666666666667, ""water"": 0.05493333333333334, ""transport"": 0.33333333333333337}","{""energy"": 1.0, ""water"": 1.0, ""transport"": 1.0}","{""energy"": 0.33333333333333326, ""water"": 0.9450666666666666, ""transport"": 0.6666666666666666}",13,0.38314666666666675,,,[],,v2.0,0.7,0.3
S4_water_partial,70,70,15944498297609425387,scenario=S4_water_partial|method=both|duration=0|theta=0.300000|delta_threshold=0.100000|A=v2.0|w=na|run_id=70|seed=15944498297609425387,False,"{""step_1_amount"": 0.4629302368567078}",033832c9a51598bd69064fc3910037f6fde292830c04f0066e6d9779dc60f4ca,0.38314666666666675,0.5441191309262646,0.16097246425959788,5,0.0,0.0,0.38314666666666675,0.5441191309262646,0,1,0.16097246425959788,"{""energy"": 0.6666666666666667, ""water"": 0.05493333333333334, ""transport"": 0.33333333333333337}","{""energy"": 0.7733506102712759, ""water"": 0.38359612940421806, ""transport"": 0.39900015998829613}","{""energy"": 0.1066839436046092, ""water"": 0.3286627960708847, ""transport"": 0.06566682665496276}","{""energy"": 0.0, ""water"": 0.0, ""transport"": 0.0}","{""energy"": 0.0, ""water"": 0.0, ""transport"": 0.0}","{""energy"": 0.0, ""water"": 0.0, ""transport"": 0.0}",0.3,0.1,,0.38314666666666675,1.0,0.6168533333333333,1,"{""energy"": 0.6666666666666667, ""water"": 0.05493333333333334, ""transport"": 0.33333333333333337}","{""energy"": 1.0, ""water"": 1.0, ""transport"": 1.0}","{""energy"": 0.33333333333333326, ""water"": 0.9450666666666666, ""transport"": 0.6666666666666666}",9,0.5441191309262646,,,[],,v2.0,0.7,0.3
S4_water_partial,71,71,8002905350515494752,scenario=S4_water_partial|method=both|duration=0|theta=0.300000|delta_threshold=0.100000|A=v2.0|w=na|run_id=71|seed=8002905350515494752,False,"{""step_1_amount"": 0.5070111515870281}",033832c9a51598bd69064fc3910037f6fde292830c04f0066e6d9779dc60f4ca,0.38314666666666675,0.571106568947035,0.1879599022803683,10,0.0,0.0,0.38314666666666675,0.571106568947035,0,1,0.1879599022803683,"{""energy"": 0.6666666666666667, ""water"": 0.05493333333333334, ""transport"": 0.33333333333333337}","{""energy"": 0.7912364414231035, ""water"": 0.43869727281711857, ""transport"": 0.41000936844219366}","{""energy"": 0.12456977475643671, ""water"": 0.38376393948378523, ""transport"": 0.07667603510886029}","{""energy"": 0.0, ""water"": 0.0, ""transport"": 0.0}","{""energy"": 0.0, ""water"": 0.0, ""transport"": 0.0}","{""energy"": 0.0, ""water"": 0.0, ""transport"": 0.0}",0.3,0.1,,0.38314666666666675,1.0,0.6168533333333333,1,"{""energy"": 0.6666666666666667, ""water"": 0.05493333333333334, ""transport"": 0.33333333333333337}","{""energy"": 1.0, ""water"": 1.0, ""transport"": 1.0}","{""energy"": 0.33333333333333326, ""water"": 0.9450666666666666, ""transport"": 0.6666666666666666}",8,0.571106568947035,,,[],,v2.0,0.7,0.3
S4_water_partial,72,72,9562330598974836259,scenario=S4_water_partial|method=both|duration=0|theta=0.300000|delta_threshold=0.100000|A=v2.0|w=na|run_id=72|seed=9562330598974836259,False,"{""step_1_amount"": 0.5566265643853822}",033832c9a51598bd69064fc3910037f6fde292830c04f0066e6d9779dc60f4ca,0.38314666666666675,0.6014823650475074,0.21833569838084066,6,0.0,0.0,0.38314666666666675,0.6014823650475074,0,1,0.21833569838084066,"{""energy"": 0.6666666666666667, ""water"": 0.05493333333333334, ""transport"": 0.33333333333333337}","{""energy"": 0.8113678951660356, ""water"": 0.5007165388150611, ""transport"": 0.42240081778858257}","{""energy"": 0.14470122849936884, ""water"": 0.44578320548172773, ""transport"": 0.0890674844552492}","{""energy"": 0.0, ""water"": 0.0, ""transport"": 0.0}","{""energy"": 0.0, ""water"": 0.0, ""transport"": 0.0}","{""energy"": 0.0, ""water"": 0.0, ""transport"": 0.0}",0.3,0.1,,0.38314666666666675,1.0,0.6168533333333333,1,"{""energy"": 0.6666666666666667, ""water"": 0.05493333333333334, ""transport"": 0.33333333333333337}","{""energy"": 1.0, ""water"": 1.0, ""transport"": 1.0}","{""energy"": 0.33333333333333326, ""water"": 0.9450666666666666, ""transport"": 0.6666666666666666}",8,0.6014823650475074,,,[],,v2.0,0.7,0.3
S4_water_partial,73,73,7733240352742554039,scenario=S4_water_partial|method=both|duration=0|theta=0.300000|delta_threshold=0.100000|A=v2.0|w=na|run_id=73|seed=7733240352742554039,False,"{""step_1_amount"": 0.31757758750229154}",033832c9a51598bd69064fc3910037f6fde292830c04f0066e6d9779dc60f4ca,0.38314666666666675,0.45513060517525716,0.07198393850859042,25,0.0,0.0,0.38314666666666675,0.45513060517525716,0,0,0.07198393850859042,"{""energy"": 0.6666666666666667, ""water"": 0.05493333333333334, ""transport"": 0.33333333333333337}","{""energy"": 0.7143737727957216, ""water"": 0.20190531771119774, ""transport"": 0.3626983358120307}","{""energy"": 0.04770710612905482, ""water"": 0.1469719843778644, ""transport"": 0.029365002478697333}","{""energy"": 0.0, ""water"": 0.0, ""transport"": 0.0}","{""energy"": 0.0, ""water"": 0.0, ""transport"": 0.0}","{""energy"": 0.0, ""water"": 0.0, ""transport"": 0.0}",0.3,0.1,,0.38314666666666675,1.0,0.6168533333333333,1,"{""energy"": 0.6666666666666667, ""water"": 0.05493333333333334, ""transport"": 0.33333333333333337}","{""energy"": 1.0, ""water"": 1.0, ""transport"": 1.0}","{""energy"": 0.33333333333333326, ""water"": 0.9450666666666666, ""transport"": 0.6666666666666666}",11,0.45513060517525716,,,[],,v2.0,0.7,0.3
S4_water_partial,74,74,18391666356804118016,scenario=S4_water_partial|method=both|duration=0|theta=0.300000|delta_threshold=0.100000|A=v2.0|w=na|run_id=74|seed=18391666356804118016,False,"{""step_1_amount"": 0.14931973827697534}",033832c9a51598bd69064fc3910037f6fde292830c04f0066e6d9779dc60f4ca,0.38314666666666675,0.38314666666666675,0.0,22,0.0,0.0,0.38314666666666675,0.38314666666666675,0,0,0.0,"{""energy"": 0.6666666666666667, ""water"": 0.05493333333333334, ""transport"": 0.33333333333333337}","{""energy"": 0.6666666666666667, ""water"": 0.05493333333333334, ""transport"": 0.33333333333333337}","{""energy"": 0.0, ""water"": 0.0, ""transport"": 0.0}","{""energy"": 0.0, ""water"": 0.0, ""transport"": 0.0}","{""energy"": 0.0, ""water"": 0.0, ""transport"": 0.0}","{""energy"": 0.0, ""water"": 0.0, ""transport"": 0.0}",0.3,0.1,,0.38314666666666675,1.0,0.6168533333333333,1,"{""energy"": 0.6666666666666667, ""water"": 0.05493333333333334, ""transport"": 0.33333333333333337}","{""energy"": 1.0, ""water"": 1.0, ""transport"": 1.0}","{""energy"": 0.33333333333333326, ""water"": 0.9450666666666666, ""transport"": 0.6666666666666666}",13,0.38314666666666675,,,[],,v2.0,0.7,0.3
S4_water_partial,75,75,16988051353415945781,scenario=S4_water_partial|method=both|duration=0|theta=0.300000|delta_threshold=0.100000|A=v2.0|w=na|run_id=75|seed=16988051353415945781,False,"{""step_1_amount"": 0.44551367482274157}",033832c9a51598bd69064fc3910037f6fde292830c04f0066e6d9779dc60f4ca,0.38314666666666675,0.5334562762350197,0.15030960956835293,28,0.0,0.0,0.38314666666666675,0.5334562762350197,0,0,0.15030960956835293,"{""energy"": 0.6666666666666667, ""water"": 0.05493333333333334, ""transport"": 0.33333333333333337}","{""energy"": 0.7662838402259942, ""water"": 0.3618254268617603, ""transport"": 0.3946503736203131}","{""energy"": 0.09961717355932742, ""water"": 0.30689209352842695, ""transport"": 0.06131704028697971}","{""energy"": 0.0, ""water"": 0.0, ""transport"": 0.0}","{""energy"": 0.0, ""water"": 0.0, ""transport"": 0.0}","{""energy"": 0.0, ""water"": 0.0, ""transport"": 0.0}",0.3,0.1,,0.38314666666666675,1.0,0.6168533333333333,1,"{""energy"": 0.6666666666666667, ""water"": 0.05493333333333334, ""transport"": 0.33333333333333337}","{""energy"": 1.0, ""water"": 1.0, ""transport"": 1.0}","{""energy"": 0.33333333333333326, ""water"": 0.9450666666666666, ""transport"": 0.6666666666666666}",9,0.5334562762350197,,,[],,v2.0,0.7,0.3
S4_water_partial,76,76,2092687872990446924,scenario=S4_water_partial|method=both|duration=0|theta=0.300000|delta_threshold=0.100000|A=v2.0|w=na|run_id=76|seed=2092687872990446924,False,"{""step_1_amount"": 0.41873871453536377}",033832c9a51598bd69064fc3910037f6fde292830c04f0066e6d9779dc60f4ca,0.38314666666666675,0.5170639761730799,0.13391730950641312,9,0.0,0.0,0.38314666666666675,0.5170639761730799,0,0,0.13391730950641312,"{""energy"": 0.6666666666666667, ""water"": 0.05493333333333334, ""transport"": 0.33333333333333337}","{""energy"": 0.7554199000893906, ""water"": 0.32835672650253805, ""transport"": 0.3879633272885405}","{""energy"": 0.0887532334227239, ""water"": 0.2734233931692047, ""transport"": 0.05462999395520712}","{""energy"": 0.0, ""water"": 0.0, ""transport"": 0.0}","{""energy"": 0.0, ""water"": 0.0, ""transport"": 0.0}","{""energy"": 0.0, ""water"": 0.0, ""transport"": 0.0}",0.3,0.1,,0.38314666666666675,1.0,0.6168533333333333,1,"{""energy"": 0.6666666666666667, ""water"": 0.05493333333333334, ""transport"": 0.33333333333333337}","{""energy"": 1.0, ""water"": 1.0, ""transport"": 1.0}","{""energy"": 0.33333333333333326, ""water"": 0.9450666666666666, ""transport"": 0.6666666666666666}",9,0.5170639761730799,,,[],,v2.0,0.7,0.3
S4_water_partial,77,77,1751755269748274299,scenario=S4_water_partial|method=both|duration=0|theta=0.300000|delta_threshold=0.100000|A=v2.0|w=na|run_id=77|seed=1751755269748274299,False,"{""step_1_amount"": 0.3385447314196001}",033832c9a51598bd69064fc3910037f6fde292830c04f0066e6d9779dc60f4ca,0.38314666666666675,0.4679672148600314,0.08482054819336465,12,0.0,0.0,0.38314666666666675,0.4679672148600314,0,0,0.08482054819336465,"{""energy"": 0.6666666666666667, ""water"": 0.05493333333333334, ""transport"": 0.33333333333333337}","{""energy"": 0.7228811914401695, ""water"": 0.22811424760783347, ""transport"": 0.3679348800053785}","{""energy"": 0.05621452477350275, ""water"": 0.17318091427450014, ""transport"": 0.034601546672045125}","{""energy"": 0.0, ""water"": 0.0, ""transport"": 0.0}","{""energy"": 0.0, ""water"": 0.0, ""transport"": 0.0}","{""energy"": 0.0, ""water"": 0.0, ""transport"": 0.0}",0.3,0.1,,0.38314666666666675,1.0,0.6168533333333333,1,"{""energy"": 0.6666666666666667, ""water"": 0.05493333333333334, ""transport"": 0.33333333333333337}","{""energy"": 1.0, ""water"": 1.0, ""transport"": 1.0}","{""energy"": 0.33333333333333326, ""water"": 0.9450666666666666, ""transport"": 0.6666666666666666}",11,0.4679672148600314,,,[],,v2.0,0.7,0.3
S4_water_partial,78,78,8334271184384794293,scenario=S4_water_partial|method=both|duration=0|theta=0.300000|delta_threshold=0.100000|A=v2.0|w=na|run_id=78|seed=8334271184384794293,False,"{""step_1_amount"": 0.38227452992944144}",033832c9a51598bd69064fc3910037f6fde292830c04f0066e6d9779dc60f4ca,0.38314666666666675,0.494739690752719,0.11159302408605226,7,0.0,0.0,0.38314666666666675,0.494739690752719,0,0,0.11159302408605226,"{""energy"": 0.6666666666666667, ""water"": 0.05493333333333334, ""transport"": 0.33333333333333337}","{""energy"": 0.7406245571855377, ""water"": 0.28277649574513514, ""transport"": 0.37885639718321135}","{""energy"": 0.07395789051887092, ""water"": 0.2278431624118018, ""transport"": 0.045523063849877976}","{""energy"": 0.0, ""water"": 0.0, ""transport"": 0.0}","{""energy"": 0.0, ""water"": 0.0, ""transport"": 0.0}","{""energy"": 0.0, ""water"": 0.0, ""transport"": 0.0}",0.3,0.1,,0.38314666666666675,1.0,0.6168533333333333,1,"{""energy"": 0.6666666666666667, ""water"": 0.05493333333333334, ""transport"": 0.33333333333333337}","{""energy"": 1.0, ""water"": 1.0, ""transport"": 1.0}","{""energy"": 0.33333333333333326, ""water"": 0.9450666666666666, ""transport"": 0.6666666666666666}",10,0.494739690752719,,,[],,v2.0,0.7,0.3
S4_water_partial,79,79,1642847440866692549,scenario=S4_water_partial|method=both|duration=0|theta=0.300000|delta_threshold=0.100000|A=v2.0|w=na|run_id=79|seed=1642847440866692549,False,"{""step_1_amount"": 0.5509293247983256}",033832c9a51598bd69064fc3910037f6fde292830c04f0066e6d9779dc60f4ca,0.38314666666666675,0.5979943725413216,0.21484770587465485,6,0.0,0.0,0.38314666666666675,0.5979943725413216,0,1,0.21484770587465485,"{""energy"": 0.6666666666666667, ""water"": 0.05493333333333334, ""transport"": 0.33333333333333337}","{""energy"": 0.8090562402035874, ""water"": 0.49359498933124024, ""transport"": 0.4209779322017152}","{""energy"": 0.1423895735369206, ""water"": 0.4386616559979069, ""transport"": 0.08764459886838183}","{""energy"": 0.0, ""water"": 0.0, ""transport"": 0.0}","{""energy"": 0.0, ""water"": 0.0, ""transport"": 0.0}","{""energy"": 0.0, ""water"": 0.0, ""transport"": 0.0}",0.3,0.1,,0.38314666666666675,1.0,0.6168533333333333,1,"{""energy"": 0.6666666666666667, ""water"": 0.05493333333333334, ""transport"": 0.33333333333333337}","{""energy"": 1.0, ""water"": 1.0, ""transport"": 1.0}","{""energy"": 0.33333333333333326, ""water"": 0.9450666666666666, ""transport"": 0.6666666666666666}",8,0.5979943725413216,,,[],,v2.0,0.7,0.3
S4_water_partial,80,80,1420662767268625284,scenario=S4_water_partial|method=both|duration=0|theta=0.300000|delta_threshold=0.100000|A=v2.0|w=na|run_id=80|seed=1420662767268625284,False,"{""step_1_amount"": 0.28071095867606577}",033832c9a51598bd69064fc3910037f6fde292830c04f0066e6d9779dc60f4ca,0.38314666666666675,0.4325599333421211,0.04941326667545437,20,0.0,0.0,0.38314666666666675,0.4325599333421211,0,0,0.04941326667545437,"{""energy"": 0.6666666666666667, ""water"": 0.05493333333333334, ""transport"": 0.33333333333333337}","{""energy"": 0.6994151381494804, ""water"": 0.1558220316784155, ""transport"": 0.3534908952626808}","{""energy"": 0.03274847148281368, ""water"": 0.10088869834508216, ""transport"": 0.020157561929347423}","{""energy"": 0.0, ""water"": 0.0, ""transport"": 0.0}","{""energy"": 0.0, ""water"": 0.0, ""transport"": 0.0}","{""energy"": 0.0, ""water"": 0.0, ""transport"": 0.0}",0.3,0.1,,0.38314666666666675,1.0,0.6168533333333333,1,"{""energy"": 0.6666666666666667, ""water"": 0.05493333333333334, ""transport"": 0.33333333333333337}","{""energy"": 1.0, ""water"": 1.0, ""transport"": 1.0}","{""energy"": 0.33333333333333326, ""water"": 0.9450666666666666, ""transport"": 0.6666666666666666}",11,0.4325599333421211,,,[],,v2.0,0.7,0.3
S4_water_partial,81,81,14147820851424047205,scenario=S4_water_partial|method=both|duration=0|theta=0.300000|delta_threshold=0.100000|A=v2.0|w=na|run_id=81|seed=14147820851424047205,False,"{""step_1_amount"": 0.3579041214482604}",033832c9a51598bd69064fc3910037f6fde292830c04f0066e6d9779dc60f4ca,0.38314666666666675,0.4798195174203279,0.09667285075366117,30,0.0,0.0,0.38314666666666675,0.4798195174203279,0,0,0.09667285075366117,"{""energy"": 0.6666666666666667, ""water"": 0.05493333333333334, ""transport"": 0.33333333333333337}","{""energy"": 0.7307362639442984, ""water"": 0.25231348514365887, ""transport"": 0.3727698876650364}","{""energy"": 0.06406959727763162, ""water"": 0.19738015181032553, ""transport"": 0.03943655433170301}","{""energy"": 0.0, ""water"": 0.0, ""transport"": 0.0}","{""energy"": 0.0, ""water"": 0.0, ""transport"": 0.0}","{""energy"": 0.0, ""water"": 0.0, ""transport"": 0.0}",0.3,0.1,,0.38314666666666675,1.0,0.6168533333333333,1,"{""energy"": 0.6666666666666667, ""water"": 0.05493333333333334, ""transport"": 0.33333333333333337}","{""energy"": 1.0, ""water"": 1.0, ""transport"": 1.0}","{""energy"": 0.33333333333333326, ""water"": 0.9450666666666666, ""transport"": 0.6666666666666666}",10,0.4798195174203279,,,[],,v2.0,0.7,0.3
S4_water_partial,82,82,8561226425437802968,scenario=S4_water_partial|method=both|duration=0|theta=0.300000|delta_threshold=0.100000|A=v2.0|w=na|run_id=82|seed=8561226425437802968,False,"{""step_1_amount"": 0.12352952924956122}",033832c9a51598bd69064fc3910037f6fde292830c04f0066e6d9779dc60f4ca,0.38314666666666675,0.38314666666666675,0.0,16,0.0,0.0,0.38314666666666675,0.38314666666666675,0,0,0.0,"{""energy"": 0.6666666666666667, ""water"": 0.05493333333333334, ""transport"": 0.33333333333333337}","{""energy"": 0.6666666666666667, ""water"": 0.05493333333333334, ""transport"": 0.33333333333333337}","{""energy"": 0.0, ""water"": 0.0, ""transport"": 0.0}","{""energy"": 0.0, ""water"": 0.0, ""transport"": 0.0}","{""energy"": 0.0, ""water"": 0.0, ""transport"": 0.0}","{""energy"": 0.0, ""water"": 0.0, ""transport"": 0.0}",0.3,0.1,,0.38314666666666675,1.0,0.6168533333333333,1,"{""energy"": 0.6666666666666667, ""water"": 0.05493333333333334, ""transport"": 0.33333333333333337}","{""energy"": 1.0, ""water"": 1.0, ""transport"": 1.0}","{""energy"": 0.33333333333333326, ""water"": 0.9450666666666666, ""transport"": 0.6666666666666666}",13,0.38314666666666675,,,[],,v2.0,0.7,0.3
S4_water_partial,83,83,1250852429173046739,scenario=S4_water_partial|method=both|duration=0|theta=0.300000|delta_threshold=0.100000|A=v2.0|w=na|run_id=83|seed=1250852429173046739,False,"{""step_1_amount"": 0.21226877132214914}",033832c9a51598bd69064fc3910037f6fde292830c04f0066e6d9779dc60f4ca,0.38314666666666675,0.39065791518936943,0.007511248522702685,13,0.0,0.0,0.38314666666666675,0.39065791518936943,0,0,0.007511248522702685,"{""energy"": 0.6666666666666667, ""water"": 0.05493333333333334, ""transport"": 0.33333333333333337}","{""energy"": 0.6716447206306287, ""water"": 0.07026929748601982, ""transport"": 0.3363974589710401}","{""energy"": 0.004978053963962004, ""water"": 0.015335964152686475, ""transport"": 0.0030641256377067494}","{""energy"": 0.0, ""water"": 0.0, ""transport"": 0.0}","{""energy"": 0.0, ""water"": 0.0, ""transport"": 0.0}","{""energy"": 0.0, ""water"": 0.0, ""transport"": 0.0}",0.3,0.1,,0.38314666666666675,1.0,0.6168533333333333,1,"{""energy"": 0.6666666666666667, ""water"": 0.05493333333333334, ""transport"": 0.33333333333333337}","{""energy"": 1.0, ""water"": 1.0, ""transport"": 1.0}","{""energy"": 0.33333333333333326, ""water"": 0.9450666666666666, ""transport"": 0.6666666666666666}",12,0.39065791518936943,,,[],,v2.0,0.7,0.3
S4_water_partial,84,84,7425194573735772200,scenario=S4_water_partial|method=both|duration=0|theta=0.300000|delta_threshold=0.100000|A=v2.0|w=na|run_id=84|seed=7425194573735772200,False,"{""step_1_amount"": 0.27279954526490824}",033832c9a51598bd69064fc3910037f6fde292830c04f0066e6d9779dc60f4ca,0.38314666666666675,0.4277163682664752,0.04456970159980844,8,0.0,0.0,0.38314666666666675,0.4277163682664752,0,0,0.04456970159980844,"{""energy"": 0.6666666666666667, ""water"": 0.05493333333333334, ""transport"": 0.33333333333333337}","{""energy"": 0.6962050821579032, ""water"": 0.14593276491446866, ""transport"": 0.35151501976324423}","{""energy"": 0.02953841549123648, ""water"": 0.09099943158113533, ""transport"": 0.01818168642991086}","{""energy"": 0.0, ""water"": 0.0, ""transport"": 0.0}","{""energy"": 0.0, ""water"": 0.0, ""transport"": 0.0}","{""energy"": 0.0, ""water"": 0.0, ""transport"": 0.0}",0.3,0.1,,0.38314666666666675,1.0,0.6168533333333333,1,"{""energy"": 0.6666666666666667, ""water"": 0.05493333333333334, ""transport"": 0.33333333333333337}","{""energy"": 1.0, ""water"": 1.0, ""transport"": 1.0}","{""energy"": 0.33333333333333326, ""water"": 0.9450666666666666, ""transport"": 0.6666666666666666}",11,0.4277163682664752,,,[],,v2.0,0.7,0.3
S4_water_partial,85,85,15260954950351742583,scenario=S4_water_partial|method=both|duration=0|theta=0.300000|delta_threshold=0.100000|A=v2.0|w=na|run_id=85|seed=15260954950351742583,False,"{""step_1_amount"": 0.30814490076732826}",033832c9a51598bd69064fc3910037f6fde292830c04f0066e6d9779dc60f4ca,0.38314666666666675,0.44935567853894426,0.06620901187227751,11,0.0,0.0,0.38314666666666675,0.44935567853894426,0,0,0.06620901187227751,"{""energy"": 0.6666666666666667, ""water"": 0.05493333333333334, ""transport"": 0.33333333333333337}","{""energy"": 0.7105464601530102, ""water"": 0.19011445929249357, ""transport"": 0.3603425222999736}","{""energy"": 0.04387979348634341, ""water"": 0.13518112595916024, ""transport"": 0.02700918896664023}","{""energy"": 0.0, ""water"": 0.0, ""transport"": 0.0}","{""energy"": 0.0, ""water"": 0.0, ""transport"": 0.0}","{""energy"": 0.0, ""water"": 0.0, ""transport"": 0.0}",0.3,0.1,,0.38314666666666675,1.0,0.6168533333333333,1,"{""energy"": 0.6666666666666667, ""water"": 0.05493333333333334, ""transport"": 0.33333333333333337}","{""energy"": 1.0, ""water"": 1.0, ""transport"": 1.0}","{""energy"": 0.33333333333333326, ""water"": 0.9450666666666666, ""transport"": 0.6666666666666666}",11,0.44935567853894426,,,[],,v2.0,0.7,0.3
S4_water_partial,86,86,11381267490594193770,scenario=S4_water_partial|method=both|duration=0|theta=0.300000|delta_threshold=0.100000|A=v2.0|w=na|run_id=86|seed=11381267490594193770,False,"{""step_1_amount"": 0.6327628957712484}",033832c9a51598bd69064fc3910037f6fde292830c04f0066e6d9779dc60f4ca,0.38314666666666675,0.6480949305302194,0.26494826386355264,7,0.0,0.0,0.38314666666666675,0.6480949305302194,0,1,0.26494826386355264,"{""energy"": 0.6666666666666667, ""water"": 0.05493333333333334, ""transport"": 0.33333333333333337}","{""energy"": 0.8422602116258509, ""water"": 0.5958869530473939, ""transport"": 0.44141586655220266}","{""energy"": 0.1755935449591841, ""water"": 0.5409536197140605, ""transport"": 0.10808253321886929}","{""energy"": 0.0, ""water"": 0.0, ""transport"": 0.0}","{""energy"": 0.0, ""water"": 0.0, ""transport"": 0.0}","{""energy"": 0.0, ""water"": 0.0, ""transport"": 0.0}",0.3,0.1,,0.38314666666666675,1.0,0.6168533333333333,1,"{""energy"": 0.6666666666666667, ""water"": 0.05493333333333334, ""transport"": 0.33333333333333337}","{""energy"": 1.0, ""water"": 1.0, ""transport"": 1.0}","{""energy"": 0.33333333333333326, ""water"": 0.9450666666666666, ""transport"": 0.6666666666666666}",7,0.6480949305302194,,,[],,v2.0,0.7,0.3
S4_water_partial,87,87,80164666388430721,scenario=S4_water_partial|method=both|duration=0|theta=0.300000|delta_threshold=0.100000|A=v2.0|w=na|run_id=87|seed=80164666388430721,False,"{""step_1_amount"": 0.43651460253720253}",033832c9a51598bd69064fc3910037f6fde292830c04f0066e6d9779dc60f4ca,0.38314666666666675,0.5279468192050056,0.1448001525383389,21,0.0,0.0,0.38314666666666675,0.5279468192050056,0,0,0.1448001525383389,"{""energy"": 0.6666666666666667, ""water"": 0.05493333333333334, ""transport"": 0.33333333333333337}","{""energy"": 0.7626324666461367, ""water"": 0.35057658650483653, ""transport"": 0.3924028553169997}","{""energy"": 0.09596579997946997, ""water"": 0.2956432531715032, ""transport"": 0.05906952198366633}","{""energy"": 0.0, ""water"": 0.0, ""transport"": 0.0}","{""energy"": 0.0, ""water"": 0.0, ""transport"": 0.0}","{""energy"": 0.0, ""water"": 0.0, ""transport"": 0.0}",0.3,0.1,,0.38314666666666675,1.0,0.6168533333333333,1,"{""energy"": 0.6666666666666667, ""water"": 0.05493333333333334, ""transport"": 0.33333333333333337}","{""energy"": 1.0, ""water"": 1.0, ""transport"": 1.0}","{""energy"": 0.33333333333333326, ""water"": 0.9450666666666666, ""transport"": 0.6666666666666666}",9,0.5279468192050056,,,[],,v2.0,0.7,0.3
S4_water_partial,88,88,12708113422258725747,scenario=S4_water_partial|method=both|duration=0|theta=0.300000|delta_threshold=0.100000|A=v2.0|w=na|run_id=88|seed=12708113422258725747,False,"{""step_1_amount"": 0.35274110892854216}",033832c9a51598bd69064fc3910037f6fde292830c04f0066e6d9779dc60f4ca,0.38314666666666675,0.4766585920804435,0.09351192541377673,15,0.0,0.0,0.38314666666666675,0.4766585920804435,0,0,0.09351192541377673,"{""energy"": 0.6666666666666667, ""water"": 0.05493333333333334, ""transport"": 0.33333333333333337}","{""energy"": 0.7286413716144228, ""water"": 0.24585971949401106, ""transport"": 0.37148042528823677}","{""energy"": 0.06197470494775603, ""water"": 0.19092638616067772, ""transport"": 0.0381470919549034}","{""energy"": 0.0, ""water"": 0.0, ""transport"": 0.0}","{""energy"": 0.0, ""water"": 0.0, ""transport"": 0.0}","{""energy"": 0.0, ""water"": 0.0, ""transport"": 0.0}",0.3,0.1,,0.38314666666666675,1.0,0.6168533333333333,1,"{""energy"": 0.6666666666666667, ""water"": 0.05493333333333334, ""transport"": 0.33333333333333337}","{""energy"": 1.0, ""water"": 1.0, ""transport"": 1.0}","{""energy"": 0.33333333333333326, ""water"": 0.9450666666666666, ""transport"": 0.6666666666666666}",10,0.4766585920804435,,,[],,v2.0,0.7,0.3
S4_water_partial,89,89,8867120843981940346,scenario=S4_water_partial|method=both|duration=0|theta=0.300000|delta_threshold=0.100000|A=v2.0|w=na|run_id=89|seed=8867120843981940346,False,"{""step_1_amount"": 0.5151726548286464}",033832c9a51598bd69064fc3910037f6fde292830c04f0066e6d9779dc60f4ca,0.38314666666666675,0.5761032452691348,0.19295657860246807,10,0.0,0.0,0.38314666666666675,0.5761032452691348,0,1,0.19295657860246807,"{""energy"": 0.6666666666666667, ""water"": 0.05493333333333334, ""transport"": 0.33333333333333337}","{""energy"": 0.7945479713633901, ""water"": 0.4488991518691413, ""transport"": 0.4120477038767878}","{""energy"": 0.12788130469672332, ""water"": 0.393965818535808, ""transport"": 0.07871437054345443}","{""energy"": 0.0, ""water"": 0.0, ""transport"": 0.0}","{""energy"": 0.0, ""water"": 0.0, ""transport"": 0.0}","{""energy"": 0.0, ""water"": 0.0, ""transport"": 0.0}",0.3,0.1,,0.38314666666666675,1.0,0.6168533333333333,1,"{""energy"": 0.6666666666666667, ""water"": 0.05493333333333334, ""transport"": 0.33333333333333337}","{""energy"": 1.0, ""water"": 1.0, ""transport"": 1.0}","{""energy"": 0.33333333333333326, ""water"": 0.9450666666666666, ""transport"": 0.6666666666666666}",8,0.5761032452691348,,,[],,v2.0,0.7,0.3
S4_water_partial,90,90,4058492044138165467,scenario=S4_water_partial|method=both|duration=0|theta=0.300000|delta_threshold=0.100000|A=v2.0|w=na|run_id=90|seed=4058492044138165467,False,"{""step_1_amount"": 0.8215627674466669}",033832c9a51598bd69064fc3910037f6fde292830c04f0066e6d9779dc60f4ca,0.38314666666666675,0.7636829319667024,0.3805362653000357,15,0.0,1.0,0.38314666666666675,0.7636829319667024,1,1,0.3805362653000357,"{""energy"": 0.6666666666666667, ""water"": 0.05493333333333334, ""transport"": 0.33333333333333337}","{""energy"": 0.9188657595581519, ""water"": 0.8318867926416671, ""transport"": 0.4885686345031385}","{""energy"": 0.2521990928914851, ""water"": 0.7769534593083337, ""transport"": 0.1552353011698051}","{""energy"": 0.0, ""water"": 0.0, ""transport"": 0.0}","{""energy"": 1.0, ""water"": 1.0, ""transport"": 1.0}","{""energy"": 1.0, ""water"": 1.0, ""transport"": 1.0}",0.3,0.1,,0.38314666666666675,1.0,0.6168533333333333,1,"{""energy"": 0.6666666666666667, ""water"": 0.05493333333333334, ""transport"": 0.33333333333333337}","{""energy"": 1.0, ""water"": 1.0, ""transport"": 1.0}","{""energy"": 0.33333333333333326, ""water"": 0.9450666666666666, ""transport"": 0.6666666666666666}",4,0.7636829319667024,,,"[""energy"", ""transport""]",1,v2.0,0.7,0.3
S4_water_partial,91,91,15912074883326657484,scenario=S4_water_partial|method=both|duration=0|theta=0.300000|delta_threshold=0.100000|A=v2.0|w=na|run_id=91|seed=15912074883326657484,False,"{""step_1_amount"": 0.5677498924873183}",033832c9a51598bd69064fc3910037f6fde292830c04f0066e6d9779dc60f4ca,0.38314666666666675,0.6082923445947153,0.22514567792804852,11,0.0,0.0,0.38314666666666675,0.6082923445947153,0,1,0.22514567792804852,"{""energy"": 0.6666666666666667, ""water"": 0.05493333333333334, ""transport"": 0.33333333333333337}","{""energy"": 0.8158811855433962, ""water"": 0.5146206989424813, ""transport"": 0.42517886898204116}","{""energy"": 0.14921451887672943, ""water"": 0.45968736560914797, ""transport"": 0.09184553564870779}","{""energy"": 0.0, ""water"": 0.0, ""transport"": 0.0}","{""energy"": 0.0, ""water"": 0.0, ""transport"": 0.0}","{""energy"": 0.0, ""water"": 0.0, ""transport"": 0.0}",0.3,0.1,,0.38314666666666675,1.0,0.6168533333333333,1,"{""energy"": 0.6666666666666667, ""water"": 0.05493333333333334, ""transport"": 0.33333333333333337}","{""energy"": 1.0, ""water"": 1.0, ""transport"": 1.0}","{""energy"": 0.33333333333333326, ""water"": 0.9450666666666666, ""transport"": 0.6666666666666666}",8,0.6082923445947153,,,[],,v2.0,0.7,0.3
S4_water_partial,92,92,7392199704636312351,scenario=S4_water_partial|method=both|duration=0|theta=0.300000|delta_threshold=0.100000|A=v2.0|w=na|run_id=92|seed=7392199704636312351,False,"{""step_1_amount"": 0.41093418735077236}",033832c9a51598bd69064fc3910037f6fde292830c04f0066e6d9779dc60f4ca,0.38314666666666675,0.5122858495174933,0.1291391828508266,18,0.0,0.0,0.38314666666666675,0.5122858495174933,0,0,0.1291391828508266,"{""energy"": 0.6666666666666667, ""water"": 0.05493333333333334, ""transport"": 0.33333333333333337}","{""energy"": 0.7522532131842427, ""water"": 0.31860106752179884, ""transport"": 0.38601414662418876}","{""energy"": 0.08558654651757591, ""water"": 0.2636677341884655, ""transport"": 0.05268081329085539}","{""energy"": 0.0, ""water"": 0.0, ""transport"": 0.0}","{""energy"": 0.0, ""water"": 0.0, ""transport"": 0.0}","{""energy"": 0.0, ""water"": 0.0, ""transport"": 0.0}",0.3,0.1,,0.38314666666666675,1.0,0.6168533333333333,1,"{""energy"": 0.6666666666666667, ""water"": 0.05493333333333334, ""transport"": 0.33333333333333337}","{""energy"": 1.0, ""water"": 1.0, ""transport"": 1.0}","{""energy"": 0.33333333333333326, ""water"": 0.9450666666666666, ""transport"": 0.6666666666666666}",10,0.5122858495174933,,,[],,v2.0,0.7,0.3
S4_water_partial,93,93,11504188257648308180,scenario=S4_water_partial|method=both|duration=0|theta=0.300000|delta_threshold=0.100000|A=v2.0|w=na|run_id=93|seed=11504188257648308180,False,"{""step_1_amount"": 0.6031652765797978}",033832c9a51598bd69064fc3910037f6fde292830c04f0066e6d9779dc60f4ca,0.38314666666666675,0.6299745281207335,0.24682786145406677,30,0.0,0.0,0.38314666666666675,0.6299745281207335,0,1,0.24682786145406677,"{""energy"": 0.6666666666666667, ""water"": 0.05493333333333334, ""transport"": 0.33333333333333337}","{""energy"": 0.8302509776389198, ""water"": 0.5588899290580807, ""transport"": 0.4340238611591379}","{""energy"": 0.163584310972253, ""water"": 0.5039565957247473, ""transport"": 0.10069052782580451}","{""energy"": 0.0, ""water"": 0.0, ""transport"": 0.0}","{""energy"": 0.0, ""water"": 0.0, ""transport"": 0.0}","{""energy"": 0.0, ""water"": 0.0, ""transport"": 0.0}",0.3,0.1,,0.38314666666666675,1.0,0.6168533333333333,1,"{""energy"": 0.6666666666666667, ""water"": 0.05493333333333334, ""transport"": 0.33333333333333337}","{""energy"": 1.0, ""water"": 1.0, ""transport"": 1.0}","{""energy"": 0.33333333333333326, ""water"": 0.9450666666666666, ""transport"": 0.6666666666666666}",7,0.6299745281207335,,,[],,v2.0,0.7,0.3
S4_water_partial,94,94,5635282467787295542,scenario=S4_water_partial|method=both|duration=0|theta=0.300000|delta_threshold=0.100000|A=v2.0|w=na|run_id=94|seed=5635282467787295542,False,"{""step_1_amount"": 0.35008864816725865}",033832c9a51598bd69064fc3910037f6fde292830c04f0066e6d9779dc60f4ca,0.38314666666666675,0.4750346892908667,0.09188802262419993,13,0.0,0.0,0.38314666666666675,0.4750346892908667,0,0,0.09188802262419993,"{""energy"": 0.6666666666666667, ""water"": 0.05493333333333334, ""transport"": 0.33333333333333337}","{""energy"": 0.7275651356605319, ""water"": 0.24254414354240675, ""transport"": 0.3708179732131062}","{""energy"": 0.060898468993865196, ""water"": 0.18761081020907341, ""transport"": 0.03748463987977285}","{""energy"": 0.0, ""water"": 0.0, ""transport"": 0.0}","{""energy"": 0.0, ""water"": 0.0, ""transport"": 0.0}","{""energy"": 0.0, ""water"": 0.0, ""transport"": 0.0}",0.3,0.1,,0.38314666666666675,1.0,0.6168533333333333,1,"{""energy"": 0.6666666666666667, ""water"": 0.05493333333333334, ""transport"": 0.33333333333333337}","{""energy"": 1.0, ""water"": 1.0, ""transport"": 1.0}","{""energy"": 0.33333333333333326, ""water"": 0.9450666666666666, ""transport"": 0.6666666666666666}",10,0.4750346892908667,,,[],,v2.0,0.7,0.3
S4_water_partial,95,95,3875456935289174021,scenario=S4_water_partial|method=both|duration=0|theta=0.300000|delta_threshold=0.100000|A=v2.0|w=na|run_id=95|seed=3875456935289174021,False,"{""step_1_amount"": 0.48941852686721826}",033832c9a51598bd69064fc3910037f6fde292830c04f0066e6d9779dc60f4ca,0.38314666666666675,0.5603359242779494,0.17718925761128268,11,0.0,0.0,0.38314666666666675,0.5603359242779494,0,1,0.17718925761128268,"{""energy"": 0.6666666666666667, ""water"": 0.05493333333333334, ""transport"": 0.33333333333333337}","{""energy"": 0.7840982339430406, ""water"": 0.41670649191735615, ""transport"": 0.40561561041842115}","{""energy"": 0.11743156727637383, ""water"": 0.3617731585840228, ""transport"": 0.07228227708508778}","{""energy"": 0.0, ""water"": 0.0, ""transport"": 0.0}","{""energy"": 0.0, ""water"": 0.0, ""transport"": 0.0}","{""energy"": 0.0, ""water"": 0.0, ""transport"": 0.0}",0.3,0.1,,0.38314666666666675,1.0,0.6168533333333333,1,"{""energy"": 0.6666666666666667, ""water"": 0.05493333333333334, ""transport"": 0.33333333333333337}","{""energy"": 1.0, ""water"": 1.0, ""transport"": 1.0}","{""energy"": 0.33333333333333326, ""water"": 0.9450666666666666, ""transport"": 0.6666666666666666}",9,0.5603359242779494,,,[],,v2.0,0.7,0.3
S4_water_partial,96,96,18169044808566949883,scenario=S4_water_partial|method=both|duration=0|theta=0.300000|delta_threshold=0.100000|A=v2.0|w=na|run_id=96|seed=18169044808566949883,False,"{""step_1_amount"": 0.11451847859372946}",033832c9a51598bd69064fc3910037f6fde292830c04f0066e6d9779dc60f4ca,0.38314666666666675,0.38314666666666675,0.0,21,0.0,0.0,0.38314666666666675,0.38314666666666675,0,0,0.0,"{""energy"": 0.6666666666666667, ""water"": 0.05493333333333334, ""transport"": 0.33333333333333337}","{""energy"": 0.6666666666666667, ""water"": 0.05493333333333334, ""transport"": 0.33333333333333337}","{""energy"": 0.0, ""water"": 0.0, ""transport"": 0.0}","{""energy"": 0.0, ""water"": 0.0, ""transport"": 0.0}","{""energy"": 0.0, ""water"": 0.0, ""transport"": 0.0}","{""energy"": 0.0, ""water"": 0.0, ""transport"": 0.0}",0.3,0.1,,0.38314666666666675,1.0,0.6168533333333333,1,"{""energy"": 0.6666666666666667, ""water"": 0.05493333333333334, ""transport"": 0.33333333333333337}","{""energy"": 1.0, ""water"": 1.0, ""transport"": 1.0}","{""energy"": 0.33333333333333326, ""water"": 0.9450666666666666, ""transport"": 0.6666666666666666}",13,0.38314666666666675,,,[],,v2.0,0.7,0.3
S4_water_partial,97,97,16980838789281089329,scenario=S4_water_partial|method=both|duration=0|theta=0.300000|delta_threshold=0.100000|A=v2.0|w=na|run_id=97|seed=16980838789281089329,False,"{""step_1_amount"": 0.4399384909008758}",033832c9a51598bd69064fc3910037f6fde292830c04f0066e6d9779dc60f4ca,0.38314666666666675,0.5300430092584554,0.14689634259178863,11,0.0,0.0,0.38314666666666675,0.5300430092584554,0,0,0.14689634259178863,"{""energy"": 0.6666666666666667, ""water"": 0.05493333333333334, ""transport"": 0.33333333333333337}","{""energy"": 0.764021709349697, ""water"": 0.35485644695942803, ""transport"": 0.3932579714358271}","{""energy"": 0.0973550426830303, ""water"": 0.2999231136260947, ""transport"": 0.05992463810249371}","{""energy"": 0.0, ""water"": 0.0, ""transport"": 0.0}","{""energy"": 0.0, ""water"": 0.0, ""transport"": 0.0}","{""energy"": 0.0, ""water"": 0.0, ""transport"": 0.0}",0.3,0.1,,0.38314666666666675,1.0,0.6168533333333333,1,"{""energy"": 0.6666666666666667, ""water"": 0.05493333333333334, ""transport"": 0.33333333333333337}","{""energy"": 1.0, ""water"": 1.0, ""transport"": 1.0}","{""energy"": 0.33333333333333326, ""water"": 0.9450666666666666, ""transport"": 0.6666666666666666}",9,0.5300430092584554,,,[],,v2.0,0.7,0.3
S4_water_partial,98,98,17896873331811656149,scenario=S4_water_partial|method=both|duration=0|theta=0.300000|delta_threshold=0.100000|A=v2.0|w=na|run_id=98|seed=17896873331811656149,False,"{""step_1_amount"": 0.512154779529995}",033832c9a51598bd69064fc3910037f6fde292830c04f0066e6d9779dc60f4ca,0.38314666666666675,0.574255626564418,0.19110895989775123,9,0.0,0.0,0.38314666666666675,0.574255626564418,0,1,0.19110895989775123,"{""energy"": 0.6666666666666667, ""water"": 0.05493333333333334, ""transport"": 0.33333333333333337}","{""energy"": 0.7933234684609622, ""water"": 0.44512680774582714, ""transport"": 0.41129398952094964}","{""energy"": 0.1266568017942955, ""water"": 0.3901934744124938, ""transport"": 0.07796065618761627}","{""energy"": 0.0, ""water"": 0.0, ""transport"": 0.0}","{""energy"": 0.0, ""water"": 0.0, ""transport"": 0.0}","{""energy"": 0.0, ""water"": 0.0, ""transport"": 0.0}",0.3,0.1,,0.38314666666666675,1.0,0.6168533333333333,1,"{""energy"": 0.6666666666666667, ""water"": 0.05493333333333334, ""transport"": 0.33333333333333337}","{""energy"": 1.0, ""water"": 1.0, ""transport"": 1.0}","{""energy"": 0.33333333333333326, ""water"": 0.9450666666666666, ""transport"": 0.6666666666666666}",8,0.574255626564418,,,[],,v2.0,0.7,0.3
S4_water_partial,99,99,7529843156918877302,scenario=S4_water_partial|method=both|duration=0|theta=0.300000|delta_threshold=0.100000|A=v2.0|w=na|run_id=99|seed=7529843156918877302,False,"{""step_1_amount"": 0.4133133813879169}",033832c9a51598bd69064fc3910037f6fde292830c04f0066e6d9779dc60f4ca,0.38314666666666675,0.5137424515868843,0.1305957849202175,19,0.0,0.0,0.38314666666666675,0.5137424515868843,0,0,0.1305957849202175,"{""energy"": 0.6666666666666667, ""water"": 0.05493333333333334, ""transport"": 0.33333333333333337}","{""energy"": 0.753218571164814, ""water"": 0.3215750600682295, ""transport"": 0.38660835033496566}","{""energy"": 0.08655190449814731, ""water"": 0.26664172673489617, ""transport"": 0.053275017001632285}","{""energy"": 0.0, ""water"": 0.0, ""transport"": 0.0}","{""energy"": 0.0, ""water"": 0.0, ""transport"": 0.0}","{""energy"": 0.0, ""water"": 0.0, ""transport"": 0.0}",0.3,0.1,,0.38314666666666675,1.0,0.6168533333333333,1,"{""energy"": 0.6666666666666667, ""water"": 0.05493333333333334, ""transport"": 0.33333333333333337}","{""energy"": 1.0, ""water"": 1.0, ""transport"": 1.0}","{""energy"": 0.33333333333333326, ""water"": 0.9450666666666666, ""transport"": 0.6666666666666666}",10,0.5137424515868843,,,[],,v2.0,0.7,0.3
S4_water_partial,100,100,6236880601955346558,scenario=S4_water_partial|method=both|duration=0|theta=0.300000|delta_threshold=0.100000|A=v2.0|w=na|run_id=100|seed=6236880601955346558,False,"{""step_1_amount"": 0.17694698740627512}",033832c9a51598bd69064fc3910037f6fde292830c04f0066e6d9779dc60f4ca,0.38314666666666675,0.38314666666666675,0.0,18,0.0,0.0,0.38314666666666675,0.38314666666666675,0,0,0.0,"{""energy"": 0.6666666666666667, ""water"": 0.05493333333333334, ""transport"": 0.33333333333333337}","{""energy"": 0.6666666666666667, ""water"": 0.05493333333333334, ""transport"": 0.33333333333333337}","{""energy"": 0.0, ""water"": 0.0, ""transport"": 0.0}","{""energy"": 0.0, ""water"": 0.0, ""transport"": 0.0}","{""energy"": 0.0, ""water"": 0.0, ""transport"": 0.0}","{""energy"": 0.0, ""water"": 0.0, ""transport"": 0.0}",0.3,0.1,,0.38314666666666675,1.0,0.6168533333333333,1,"{""energy"": 0.6666666666666667, ""water"": 0.05493333333333334, ""transport"": 0.33333333333333337}","{""energy"": 1.0, ""water"": 1.0, ""transport"": 1.0}","{""energy"": 0.33333333333333326, ""water"": 0.9450666666666666, ""transport"": 0.6666666666666666}",13,0.38314666666666675,,,[],,v2.0,0.7,0.3
S4_water_partial,101,101,3202870699627197442,scenario=S4_water_partial|method=both|duration=0|theta=0.300000|delta_threshold=0.100000|A=v2.0|w=na|run_id=101|seed=3202870699627197442,False,"{""step_1_amount"": 0.6597111965536873}",033832c9a51598bd69064fc3910037f6fde292830c04f0066e6d9779dc60f4ca,0.38314666666666675,0.6645933539767479,0.28144668731008116,16,0.0,0.0,0.38314666666666675,0.6645933539767479,0,1,0.28144668731008116,"{""energy"": 0.6666666666666667, ""water"": 0.05493333333333334, ""transport"": 0.33333333333333337}","{""energy"": 0.8531944846683254, ""water"": 0.6295723290254425, ""transport"": 0.4481462046726168}","{""energy"": 0.18652781800165863, ""water"": 0.5746389956921091, ""transport"": 0.11481287133928342}","{""energy"": 0.0, ""water"": 0.0, ""transport"": 0.0}","{""energy"": 0.0, ""water"": 0.0, ""transport"": 0.0}","{""energy"": 0.0, ""water"": 0.0, ""transport"": 0.0}",0.3,0.1,,0.38314666666666675,1.0,0.6168533333333333,1,"{""energy"": 0.6666666666666667, ""water"": 0.05493333333333334, ""transport"": 0.33333333333333337}","{""energy"": 1.0, ""water"": 1.0, ""transport"": 1.0}","{""energy"": 0.33333333333333326, ""water"": 0.9450666666666666, ""transport"": 0.6666666666666666}",6,0.6645933539767479,,,[],,v2.0,0.7,0.3
S4_water_partial,102,102,9645308021149465444,scenario=S4_water_partial|method=both|duration=0|theta=0.300000|delta_threshold=0.100000|A=v2.0|w=na|run_id=102|seed=9645308021149465444,False,"{""step_1_amount"": 0.7828955317012214}",033832c9a51598bd69064fc3910037f6fde292830c04f0066e6d9779dc60f4ca,0.38314666666666675,0.7400098835624469,0.35686321689578016,8,0.0,1.0,0.38314666666666675,0.7400098835624469,1,1,0.35686321689578016,"{""energy"": 0.6666666666666667, ""water"": 0.05493333333333334, ""transport"": 0.33333333333333337}","{""energy"": 0.9031765286544373, ""water"": 0.7835527479598602, ""transport"": 0.4789114923757134}","{""energy"": 0.23650986198777058, ""water"": 0.7286194146265268, ""transport"": 0.14557815904238003}","{""energy"": 0.0, ""water"": 0.0, ""transport"": 0.0}","{""energy"": 1.0, ""water"": 1.0, ""transport"": 1.0}","{""energy"": 1.0, ""water"": 1.0, ""transport"": 1.0}",0.3,0.1,,0.38314666666666675,1.0,0.6168533333333333,1,"{""energy"": 0.6666666666666667, ""water"": 0.05493333333333334, ""transport"": 0.33333333333333337}","{""energy"": 1.0, ""water"": 1.0, ""transport"": 1.0}","{""energy"": 0.33333333333333326, ""water"": 0.9450666666666666, ""transport"": 0.6666666666666666}",5,0.7400098835624469,,,"[""energy"", ""transport""]",1,v2.0,0.7,0.3
S4_water_partial,103,103,2872931880959988800,scenario=S4_water_partial|method=both|duration=0|theta=0.300000|delta_threshold=0.100000|A=v2.0|w=na|run_id=103|seed=2872931880959988800,False,"{""step_1_amount"": 0.3091536419016945}",033832c9a51598bd69064fc3910037f6fde292830c04f0066e6d9779dc60f4ca,0.38314666666666675,0.44997325507993163,0.06682658841326489,26,0.0,0.0,0.38314666666666675,0.44997325507993163,0,0,0.06682658841326489,"{""energy"": 0.6666666666666667, ""water"": 0.05493333333333334, ""transport"": 0.33333333333333337}","{""energy"": 0.7109557568682793, ""water"": 0.19137538571045148, ""transport"": 0.36059445539828155}","{""energy"": 0.044289090201612535, ""water"": 0.13644205237711815, ""transport"": 0.027261122064948184}","{""energy"": 0.0, ""water"": 0.0, ""transport"": 0.0}","{""energy"": 0.0, ""water"": 0.0, ""transport"": 0.0}","{""energy"": 0.0, ""water"": 0.0, ""transport"": 0.0}",0.3,0.1,,0.38314666666666675,1.0,0.6168533333333333,1,"{""energy"": 0.6666666666666667, ""water"": 0.05493333333333334, ""transport"": 0.33333333333333337}","{""energy"": 1.0, ""water"": 1.0, ""transport"": 1.0}","{""energy"": 0.33333333333333326, ""water"": 0.9450666666666666, ""transport"": 0.6666666666666666}",11,0.44997325507993163,,,[],,v2.0,0.7,0.3
S4_water_partial,104,104,12882127452950557209,scenario=S4_water_partial|method=both|duration=0|theta=0.300000|delta_threshold=0.100000|A=v2.0|w=na|run_id=104|seed=12882127452950557209,False,"{""step_1_amount"": 0.6352172606378615}",033832c9a51598bd69064fc3910037f6fde292830c04f0066e6d9779dc60f4ca,0.38314666666666675,0.6495975540606814,0.2664508873940147,29,0.0,0.0,0.38314666666666675,0.6495975540606814,0,1,0.2664508873940147,"{""energy"": 0.6666666666666667, ""water"": 0.05493333333333334, ""transport"": 0.33333333333333337}","{""energy"": 0.843256070170479, ""water"": 0.5989549091306603, ""transport"": 0.44202884417763927}","{""energy"": 0.17658940350381225, ""water"": 0.5440215757973269, ""transport"": 0.1086955108443059}","{""energy"": 0.0, ""water"": 0.0, ""transport"": 0.0}","{""energy"": 0.0, ""water"": 0.0, ""transport"": 0.0}","{""energy"": 0.0, ""water"": 0.0, ""transport"": 0.0}",0.3,0.1,,0.38314666666666675,1.0,0.6168533333333333,1,"{""energy"": 0.6666666666666667, ""water"": 0.05493333333333334, ""transport"": 0.33333333333333337}","{""energy"": 1.0, ""water"": 1.0, ""transport"": 1.0}","{""energy"": 0.33333333333333326, ""water"": 0.9450666666666666, ""transport"": 0.6666666666666666}",7,0.6495975540606814,,,[],,v2.0,0.7,0.3
S4_water_partial,105,105,3259301995958845072,scenario=S4_water_partial|method=both|duration=0|theta=0.300000|delta_threshold=0.100000|A=v2.0|w=na|run_id=105|seed=3259301995958845072,False,"{""step_1_amount"": 0.5933650563690356}",033832c9a51598bd69064fc3910037f6fde292830c04f0066e6d9779dc60f4ca,0.38314666666666675,0.6239745883021994,0.24082792163553268,13,0.0,0.0,0.38314666666666675,0.6239745883021994,0,1,0.24082792163553268,"{""energy"": 0.6666666666666667, ""water"": 0.05493333333333334, ""transport"": 0.33333333333333337}","{""energy"": 0.8262745382884029, ""water"": 0.5466396537946278, ""transport"": 0.43157625616149997}","{""energy"": 0.15960787162173617, ""water"": 0.4917063204612944, ""transport"": 0.0982429228281666}","{""energy"": 0.0, ""water"": 0.0, ""transport"": 0.0}","{""energy"": 0.0, ""water"": 0.0, ""transport"": 0.0}","{""energy"": 0.0, ""water"": 0.0, ""transport"": 0.0}",0.3,0.1,,0.38314666666666675,1.0,0.6168533333333333,1,"{""energy"": 0.6666666666666667, ""water"": 0.05493333333333334, ""transport"": 0.33333333333333337}","{""energy"": 1.0, ""water"": 1.0, ""transport"": 1.0}","{""energy"": 0.33333333333333326, ""water"": 0.9450666666666666, ""transport"": 0.6666666666666666}",7,0.6239745883021994,,,[],,v2.0,0.7,0.3
S4_water_partial,106,106,6363985526561579889,scenario=S4_water_partial|method=both|duration=0|theta=0.300000|delta_threshold=0.100000|A=v2.0|w=na|run_id=106|seed=6363985526561579889,False,"{""step_1_amount"": 0.39862570762780836}",033832c9a51598bd69064fc3910037f6fde292830c04f0066e6d9779dc60f4ca,0.38314666666666675,0.5047502905191018,0.12160362385243506,11,0.0,0.0,0.38314666666666675,0.5047502905191018,0,0,0.12160362385243506,"{""energy"": 0.6666666666666667, ""water"": 0.05493333333333334, ""transport"": 0.33333333333333337}","{""energy"": 0.7472590475366501, ""water"": 0.3032154678680939, ""transport"": 0.3829401038133785}","{""energy"": 0.08059238086998333, ""water"": 0.24828213453476056, ""transport"": 0.04960677048004514}","{""energy"": 0.0, ""water"": 0.0, ""transport"": 0.0}","{""energy"": 0.0, ""water"": 0.0, ""transport"": 0.0}","{""energy"": 0.0, ""water"": 0.0, ""transport"": 0.0}",0.3,0.1,,0.38314666666666675,1.0,0.6168533333333333,1,"{""energy"": 0.6666666666666667, ""water"": 0.05493333333333334, ""transport"": 0.33333333333333337}","{""energy"": 1.0, ""water"": 1.0, ""transport"": 1.0}","{""energy"": 0.33333333333333326, ""water"": 0.9450666666666666, ""transport"": 0.6666666666666666}",10,0.5047502905191018,,,[],,v2.0,0.7,0.3
S4_water_partial,107,107,13972553651988277184,scenario=S4_water_partial|method=both|duration=0|theta=0.300000|delta_threshold=0.100000|A=v2.0|w=na|run_id=107|seed=13972553651988277184,False,"{""step_1_amount"": 0.3426591794301267}",033832c9a51598bd69064fc3910037f6fde292830c04f0066e6d9779dc60f4ca,0.38314666666666675,0.47048618279327603,0.08733951612660928,14,0.0,0.0,0.38314666666666675,0.47048618279327603,0,0,0.08733951612660928,"{""energy"": 0.6666666666666667, ""water"": 0.05493333333333334, ""transport"": 0.33333333333333337}","{""energy"": 0.7245506287204406, ""water"": 0.23325730762099164, ""transport"": 0.3689624633960075}","{""energy"": 0.057883962053773885, ""water"": 0.1783239742876583, ""transport"": 0.03562913006267415}","{""energy"": 0.0, ""water"": 0.0, ""transport"": 0.0}","{""energy"": 0.0, ""water"": 0.0, ""transport"": 0.0}","{""energy"": 0.0, ""water"": 0.0, ""transport"": 0.0}",0.3,0.1,,0.38314666666666675,1.0,0.6168533333333333,1,"{""energy"": 0.6666666666666667, ""water"": 0.05493333333333334, ""transport"": 0.33333333333333337}","{""energy"": 1.0, ""water"": 1.0, ""transport"": 1.0}","{""energy"": 0.33333333333333326, ""water"": 0.9450666666666666, ""transport"": 0.6666666666666666}",10,0.47048618279327603,,,[],,v2.0,0.7,0.3
S4_water_partial,108,108,4231657141098102745,scenario=S4_water_partial|method=both|duration=0|theta=0.300000|delta_threshold=0.100000|A=v2.0|w=na|run_id=108|seed=4231657141098102745,False,"{""step_1_amount"": 0.43778148674789635}",033832c9a51598bd69064fc3910037f6fde292830c04f0066e6d9779dc60f4ca,0.38314666666666675,0.5287224373908976,0.1455757707242309,18,0.0,0.0,0.38314666666666675,0.5287224373908976,0,0,0.1455757707242309,"{""energy"": 0.6666666666666667, ""water"": 0.05493333333333334, ""transport"": 0.33333333333333337}","{""energy"": 0.7631465049146257, ""water"": 0.35216019176820373, ""transport"": 0.3927192596486205}","{""energy"": 0.09647983824795892, ""water"": 0.2972268584348704, ""transport"": 0.05938592631528711}","{""energy"": 0.0, ""water"": 0.0, ""transport"": 0.0}","{""energy"": 0.0, ""water"": 0.0, ""transport"": 0.0}","{""energy"": 0.0, ""water"": 0.0, ""transport"": 0.0}",0.3,0.1,,0.38314666666666675,1.0,0.6168533333333333,1,"{""energy"": 0.6666666666666667, ""water"": 0.05493333333333334, ""transport"": 0.33333333333333337}","{""energy"": 1.0, ""water"": 1.0, ""transport"": 1.0}","{""energy"": 0.33333333333333326, ""water"": 0.9450666666666666, ""transport"": 0.6666666666666666}",9,0.5287224373908976,,,[],,v2.0,0.7,0.3
S4_water_partial,109,109,11558983879828057581,scenario=S4_water_partial|method=both|duration=0|theta=0.300000|delta_threshold=0.100000|A=v2.0|w=na|run_id=109|seed=11558983879828057581,False,"{""step_1_amount"": 0.42872798042711524}",033832c9a51598bd69064fc3910037f6fde292830c04f0066e6d9779dc60f4ca,0.38314666666666675,0.5231796544836573,0.14003298781699058,28,0.0,0.0,0.38314666666666675,0.5231796544836573,0,0,0.14003298781699058,"{""energy"": 0.6666666666666667, ""water"": 0.05493333333333334, ""transport"": 0.33333333333333337}","{""energy"": 0.7594730447249687, ""water"": 0.34084330886722736, ""transport"": 0.3904581464450054}","{""energy"": 0.09280637805830194, ""water"": 0.285909975533894, ""transport"": 0.05712481311167206}","{""energy"": 0.0, ""water"": 0.0, ""transport"": 0.0}","{""energy"": 0.0, ""water"": 0.0, ""transport"": 0.0}","{""energy"": 0.0, ""water"": 0.0, ""transport"": 0.0}",0.3,0.1,,0.38314666666666675,1.0,0.6168533333333333,1,"{""energy"": 0.6666666666666667, ""water"": 0.05493333333333334, ""transport"": 0.33333333333333337}","{""energy"": 1.0, ""water"": 1.0, ""transport"": 1.0}","{""energy"": 0.33333333333333326, ""water"": 0.9450666666666666, ""transport"": 0.6666666666666666}",9,0.5231796544836573,,,[],,v2.0,0.7,0.3
S4_water_partial,110,110,9717427414962563713,scenario=S4_water_partial|method=both|duration=0|theta=0.300000|delta_threshold=0.100000|A=v2.0|w=na|run_id=110|seed=9717427414962563713,False,"{""step_1_amount"": 0.26047130904071575}",033832c9a51598bd69064fc3910037f6fde292830c04f0066e6d9779dc60f4ca,0.38314666666666675,0.42016871384411897,0.03702204717745222,24,0.0,0.0,0.38314666666666675,0.42016871384411897,0,0,0.03702204717745222,"{""energy"": 0.6666666666666667, ""water"": 0.05493333333333334, ""transport"": 0.33333333333333337}","{""energy"": 0.6912029003099371, ""water"": 0.13052246963422812, ""transport"": 0.3484360427662522}","{""energy"": 0.0245362336432704, ""water"": 0.07558913630089478, ""transport"": 0.015102709432918804}","{""energy"": 0.0, ""water"": 0.0, ""transport"": 0.0}","{""energy"": 0.0, ""water"": 0.0, ""transport"": 0.0}","{""energy"": 0.0, ""water"": 0.0, ""transport"": 0.0}",0.3,0.1,,0.38314666666666675,1.0,0.6168533333333333,1,"{""energy"": 0.6666666666666667, ""water"": 0.05493333333333334, ""transport"": 0.33333333333333337}","{""energy"": 1.0, ""water"": 1.0, ""transport"": 1.0}","{""energy"": 0.33333333333333326, ""water"": 0.9450666666666666, ""transport"": 0.6666666666666666}",12,0.42016871384411897,,,[],,v2.0,0.7,0.3
S4_water_partial,111,111,17832487453011794874,scenario=S4_water_partial|method=both|duration=0|theta=0.300000|delta_threshold=0.100000|A=v2.0|w=na|run_id=111|seed=17832487453011794874,False,"{""step_1_amount"": 0.22985278192707398}",033832c9a51598bd69064fc3910037f6fde292830c04f0066e6d9779dc60f4ca,0.38314666666666675,0.40142328608196953,0.018276619415302786,28,0.0,0.0,0.38314666666666675,0.40142328608196953,0,0,0.018276619415302786,"{""energy"": 0.6666666666666667, ""water"": 0.05493333333333334, ""transport"": 0.33333333333333337}","{""energy"": 0.678779432933577, ""water"": 0.09224931074217574, ""transport"": 0.3407890656196201}","{""energy"": 0.012112766266910269, ""water"": 0.0373159774088424, ""transport"": 0.007455732286286709}","{""energy"": 0.0, ""water"": 0.0, ""transport"": 0.0}","{""energy"": 0.0, ""water"": 0.0, ""transport"": 0.0}","{""energy"": 0.0, ""water"": 0.0, ""transport"": 0.0}",0.3,0.1,,0.38314666666666675,1.0,0.6168533333333333,1,"{""energy"": 0.6666666666666667, ""water"": 0.05493333333333334, ""transport"": 0.33333333333333337}","{""energy"": 1.0, ""water"": 1.0, ""transport"": 1.0}","{""energy"": 0.33333333333333326, ""water"": 0.9450666666666666, ""transport"": 0.6666666666666666}",12,0.40142328608196953,,,[],,v2.0,0.7,0.3
S4_water_partial,112,112,2064569625172225795,scenario=S4_water_partial|method=both|duration=0|theta=0.300000|delta_threshold=0.100000|A=v2.0|w=na|run_id=112|seed=2064569625172225795,False,"{""step_1_amount"": 0.2515462897340002}",033832c9a51598bd69064fc3910037f6fde292830c04f0066e6d9779dc60f4ca,0.38314666666666675,0.414704593899065,0.03155792723239825,23,0.0,0.0,0.38314666666666675,0.414704593899065,0,0,0.03155792723239825,"{""energy"": 0.6666666666666667, ""water"": 0.05493333333333334, ""transport"": 0.33333333333333337}","{""energy"": 0.6875815737262373, ""water"": 0.11936619550083358, ""transport"": 0.34620701919439995}","{""energy"": 0.020914907059570553, ""water"": 0.06443286216750024, ""transport"": 0.012873685861066575}","{""energy"": 0.0, ""water"": 0.0, ""transport"": 0.0}","{""energy"": 0.0, ""water"": 0.0, ""transport"": 0.0}","{""energy"": 0.0, ""water"": 0.0, ""transport"": 0.0}",0.3,0.1,,0.38314666666666675,1.0,0.6168533333333333,1,"{""energy"": 0.6666666666666667, ""water"": 0.05493333333333334, ""transport"": 0.33333333333333337}","{""energy"": 1.0, ""water"": 1.0, ""transport"": 1.0}","{""energy"": 0.33333333333333326, ""water"": 0.9450666666666666, ""transport"": 0.6666666666666666}",12,0.414704593899065,,,[],,v2.0,0.7,0.3
S4_water_partial,113,113,10983703025618322661,scenario=S4_water_partial|method=both|duration=0|theta=0.300000|delta_threshold=0.100000|A=v2.0|w=na|run_id=113|seed=10983703025618322661,False,"{""step_1_amount"": 0.36990505173693516}",033832c9a51598bd69064fc3910037f6fde292830c04f0066e6d9779dc60f4ca,0.38314666666666675,0.4871667869663118,0.10402012029964508,19,0.0,0.0,0.38314666666666675,0.4871667869663118,0,0,0.10402012029964508,"{""energy"": 0.6666666666666667, ""water"": 0.05493333333333334, ""transport"": 0.33333333333333337}","{""energy"": 0.7356056414089281, ""water"": 0.2673146480045022, ""transport"": 0.3757671200046329}","{""energy"": 0.0689389747422614, ""water"": 0.21238131467116889, ""transport"": 0.042433786671299545}","{""energy"": 0.0, ""water"": 0.0, ""transport"": 0.0}","{""energy"": 0.0, ""water"": 0.0, ""transport"": 0.0}","{""energy"": 0.0, ""water"": 0.0, ""transport"": 0.0}",0.3,0.1,,0.38314666666666675,1.0,0.6168533333333333,1,"{""energy"": 0.6666666666666667, ""water"": 0.05493333333333334, ""transport"": 0.33333333333333337}","{""energy"": 1.0, ""water"": 1.0, ""transport"": 1.0}","{""energy"": 0.33333333333333326, ""water"": 0.9450666666666666, ""transport"": 0.6666666666666666}",10,0.4871667869663118,,,[],,v2.0,0.7,0.3
S4_water_partial,114,114,11590338830153397132,scenario=S4_water_partial|method=both|duration=0|theta=0.300000|delta_threshold=0.100000|A=v2.0|w=na|run_id=114|seed=11590338830153397132,False,"{""step_1_amount"": 0.31455300001051073}",033832c9a51598bd69064fc3910037f6fde292830c04f0066e6d9779dc60f4ca,0.38314666666666675,0.45327887709810166,0.07013221043143492,18,0.0,0.0,0.38314666666666675,0.45327887709810166,0,0,0.07013221043143492,"{""energy"": 0.6666666666666667, ""water"": 0.05493333333333334, ""transport"": 0.33333333333333337}","{""energy"": 0.7131465464209314, ""water"": 0.1981245833464717, ""transport"": 0.3619429450859584}","{""energy"": 0.04647987975426471, ""water"": 0.14319125001313837, ""transport"": 0.028609611752625053}","{""energy"": 0.0, ""water"": 0.0, ""transport"": 0.0}","{""energy"": 0.0, ""water"": 0.0, ""transport"": 0.0}","{""energy"": 0.0, ""water"": 0.0, ""transport"": 0.0}",0.3,0.1,,0.38314666666666675,1.0,0.6168533333333333,1,"{""energy"": 0.6666666666666667, ""water"": 0.05493333333333334, ""transport"": 0.33333333333333337}","{""energy"": 1.0, ""water"": 1.0, ""transport"": 1.0}","{""energy"": 0.33333333333333326, ""water"": 0.9450666666666666, ""transport"": 0.6666666666666666}",11,0.45327887709810166,,,[],,v2.0,0.7,0.3
S4_water_partial,115,115,13134083137611370163,scenario=S4_water_partial|method=both|duration=0|theta=0.300000|delta_threshold=0.100000|A=v2.0|w=na|run_id=115|seed=13134083137611370163,False,"{""step_1_amount"": 0.30543458471768375}",033832c9a51598bd69064fc3910037f6fde292830c04f0066e6d9779dc60f4ca,0.38314666666666675,0.44769635529545065,0.06454968862878391,22,0.0,0.0,0.38314666666666675,0.44769635529545065,0,0,0.06454968862878391,"{""energy"": 0.6666666666666667, ""water"": 0.05493333333333334, ""transport"": 0.33333333333333337}","{""energy"": 0.7094467494158669, ""water"": 0.18672656423043799, ""transport"": 0.3596656208665749}","{""energy"": 0.0427800827492002, ""water"": 0.13179323089710465, ""transport"": 0.026332287533241516}","{""energy"": 0.0, ""water"": 0.0, ""transport"": 0.0}","{""energy"": 0.0, ""water"": 0.0, ""transport"": 0.0}","{""energy"": 0.0, ""water"": 0.0, ""transport"": 0.0}",0.3,0.1,,0.38314666666666675,1.0,0.6168533333333333,1,"{""energy"": 0.6666666666666667, ""water"": 0.05493333333333334, ""transport"": 0.33333333333333337}","{""energy"": 1.0, ""water"": 1.0, ""transport"": 1.0}","{""energy"": 0.33333333333333326, ""water"": 0.9450666666666666, ""transport"": 0.6666666666666666}",11,0.44769635529545065,,,[],,v2.0,0.7,0.3
S4_water_partial,116,116,5437935216268317803,scenario=S4_water_partial|method=both|duration=0|theta=0.300000|delta_threshold=0.100000|A=v2.0|w=na|run_id=116|seed=5437935216268317803,False,"{""step_1_amount"": 0.5019608593613237}",033832c9a51598bd69064fc3910037f6fde292830c04f0066e6d9779dc60f4ca,0.38314666666666675,0.5680146537891532,0.18486798712248642,12,0.0,0.0,0.38314666666666675,0.5680146537891532,0,1,0.18486798712248642,"{""energy"": 0.6666666666666667, ""water"": 0.05493333333333334, ""transport"": 0.33333333333333337}","{""energy"": 0.7891872853525239, ""water"": 0.432384407534988, ""transport"": 0.40874805795882396}","{""energy"": 0.12252061868585717, ""water"": 0.3774510742016547, ""transport"": 0.07541472462549059}","{""energy"": 0.0, ""water"": 0.0, ""transport"": 0.0}","{""energy"": 0.0, ""water"": 0.0, ""transport"": 0.0}","{""energy"": 0.0, ""water"": 0.0, ""transport"": 0.0}",0.3,0.1,,0.38314666666666675,1.0,0.6168533333333333,1,"{""energy"": 0.6666666666666667, ""water"": 0.05493333333333334, ""transport"": 0.33333333333333337}","{""energy"": 1.0, ""water"": 1.0, ""transport"": 1.0}","{""energy"": 0.33333333333333326, ""water"": 0.9450666666666666, ""transport"": 0.6666666666666666}",8,0.5680146537891532,,,[],,v2.0,0.7,0.3
S4_water_partial,117,117,17299668817907180624,scenario=S4_water_partial|method=both|duration=0|theta=0.300000|delta_threshold=0.100000|A=v2.0|w=na|run_id=117|seed=17299668817907180624,False,"{""step_1_amount"": 0.3888178499990018}",033832c9a51598bd69064fc3910037f6fde292830c04f0066e6d9779dc60f4ca,0.38314666666666675,0.49874567488230553,0.11559900821563879,27,0.0,0.0,0.38314666666666675,0.49874567488230553,0,0,0.11559900821563879,"{""energy"": 0.6666666666666667, ""water"": 0.05493333333333334, ""transport"": 0.33333333333333337}","{""energy"": 0.7432795093037616, ""water"": 0.2909556458320855, ""transport"": 0.38049059137058405}","{""energy"": 0.07661284263709489, ""water"": 0.23602231249875216, ""transport"": 0.04715725803725068}","{""energy"": 0.0, ""water"": 0.0, ""transport"": 0.0}","{""energy"": 0.0, ""water"": 0.0, ""transport"": 0.0}","{""energy"": 0.0, ""water"": 0.0, ""transport"": 0.0}",0.3,0.1,,0.38314666666666675,1.0,0.6168533333333333,1,"{""energy"": 0.6666666666666667, ""water"": 0.05493333333333334, ""transport"": 0.33333333333333337}","{""energy"": 1.0, ""water"": 1.0, ""transport"": 1.0}","{""energy"": 0.33333333333333326, ""water"": 0.9450666666666666, ""transport"": 0.6666666666666666}",10,0.49874567488230553,,,[],,v2.0,0.7,0.3
S4_water_partial,118,118,16889645723530469267,scenario=S4_water_partial|method=both|duration=0|theta=0.300000|delta_threshold=0.100000|A=v2.0|w=na|run_id=118|seed=16889645723530469267,False,"{""step_1_amount"": 0.6995123474828843}",033832c9a51598bd69064fc3910037f6fde292830c04f0066e6d9779dc60f4ca,0.38314666666666675,0.6889606136043755,0.3058139469377088,29,0.0,0.0,0.38314666666666675,0.6889606136043755,0,1,0.3058139469377088,"{""energy"": 0.6666666666666667, ""water"": 0.05493333333333334, ""transport"": 0.33333333333333337}","{""energy"": 0.869343801657847, ""water"": 0.6793237676869387, ""transport"": 0.4580865421171837}","{""energy"": 0.20267713499118023, ""water"": 0.6243904343536053, ""transport"": 0.12475320878385032}","{""energy"": 0.0, ""water"": 0.0, ""transport"": 0.0}","{""energy"": 0.0, ""water"": 0.0, ""transport"": 0.0}","{""energy"": 0.0, ""water"": 0.0, ""transport"": 0.0}",0.3,0.1,,0.38314666666666675,1.0,0.6168533333333333,1,"{""energy"": 0.6666666666666667, ""water"": 0.05493333333333334, ""transport"": 0.33333333333333337}","{""energy"": 1.0, ""water"": 1.0, ""transport"": 1.0}","{""energy"": 0.33333333333333326, ""water"": 0.9450666666666666, ""transport"": 0.6666666666666666}",6,0.6889606136043755,,,[],,v2.0,0.7,0.3
S4_water_partial,119,119,3568346795489745485,scenario=S4_water_partial|method=both|duration=0|theta=0.300000|delta_threshold=0.100000|A=v2.0|w=na|run_id=119|seed=3568346795489745485,False,"{""step_1_amount"": 0.5258536466103304}",033832c9a51598bd69064fc3910037f6fde292830c04f0066e6d9779dc60f4ca,0.38314666666666675,0.5826424154626763,0.1994957487960095,5,0.0,0.0,0.38314666666666675,0.5826424154626763,0,1,0.1994957487960095,"{""energy"": 0.6666666666666667, ""water"": 0.05493333333333334, ""transport"": 0.33333333333333337}","{""energy"": 0.7988817837788083, ""water"": 0.46225039159624637, ""transport"": 0.4147152815742634}","{""energy"": 0.1322151171121415, ""water"": 0.40731705826291303, ""transport"": 0.08138194824093004}","{""energy"": 0.0, ""water"": 0.0, ""transport"": 0.0}","{""energy"": 0.0, ""water"": 0.0, ""transport"": 0.0}","{""energy"": 0.0, ""water"": 0.0, ""transport"": 0.0}",0.3,0.1,,0.38314666666666675,1.0,0.6168533333333333,1,"{""energy"": 0.6666666666666667, ""water"": 0.05493333333333334, ""transport"": 0.33333333333333337}","{""energy"": 1.0, ""water"": 1.0, ""transport"": 1.0}","{""energy"": 0.33333333333333326, ""water"": 0.9450666666666666, ""transport"": 0.6666666666666666}",8,0.5826424154626763,,,[],,v2.0,0.7,0.3
S4_water_partial,120,120,2358892468676828321,scenario=S4_water_partial|method=both|duration=0|theta=0.300000|delta_threshold=0.100000|A=v2.0|w=na|run_id=120|seed=2358892468676828321,False,"{""step_1_amount"": 0.7698862693015835}",033832c9a51598bd69064fc3910037f6fde292830c04f0066e6d9779dc60f4ca,0.38314666666666675,0.7320452878898287,0.34889862122316195,27,0.0,1.0,0.38314666666666675,0.7320452878898287,1,1,0.34889862122316195,"{""energy"": 0.6666666666666667, ""water"": 0.05493333333333334, ""transport"": 0.33333333333333337}","{""energy"": 0.8978980204357843, ""water"": 0.7672911699603128, ""transport"": 0.4756624290914039}","{""energy"": 0.23123135376911752, ""water"": 0.7123578366269794, ""transport"": 0.1423290957580705}","{""energy"": 0.0, ""water"": 0.0, ""transport"": 0.0}","{""energy"": 1.0, ""water"": 1.0, ""transport"": 1.0}","{""energy"": 1.0, ""water"": 1.0, ""transport"": 1.0}",0.3,0.1,,0.38314666666666675,1.0,0.6168533333333333,1,"{""energy"": 0.6666666666666667, ""water"": 0.05493333333333334, ""transport"": 0.33333333333333337}","{""energy"": 1.0, ""water"": 1.0, ""transport"": 1.0}","{""energy"": 0.33333333333333326, ""water"": 0.9450666666666666, ""transport"": 0.6666666666666666}",5,0.7320452878898287,,,"[""energy"", ""transport""]",1,v2.0,0.7,0.3
S4_water_partial,121,121,16040726160265837466,scenario=S4_water_partial|method=both|duration=0|theta=0.300000|delta_threshold=0.100000|A=v2.0|w=na|run_id=121|seed=16040726160265837466,False,"{""step_1_amount"": 0.46002268689128917}",033832c9a51598bd69064fc3910037f6fde292830c04f0066e6d9779dc60f4ca,0.38314666666666675,0.5423390561486862,0.15919238948201941,8,0.0,0.0,0.38314666666666675,0.5423390561486862,0,1,0.15919238948201941,"{""energy"": 0.6666666666666667, ""water"": 0.05493333333333334, ""transport"": 0.33333333333333337}","{""energy"": 0.7721708718728073, ""water"": 0.3799616919474448, ""transport"": 0.39827399938443286}","{""energy"": 0.10550420520614057, ""water"": 0.32502835861411145, ""transport"": 0.0649406660510995}","{""energy"": 0.0, ""water"": 0.0, ""transport"": 0.0}","{""energy"": 0.0, ""water"": 0.0, ""transport"": 0.0}","{""energy"": 0.0, ""water"": 0.0, ""transport"": 0.0}",0.3,0.1,,0.38314666666666675,1.0,0.6168533333333333,1,"{""energy"": 0.6666666666666667, ""water"": 0.05493333333333334, ""transport"": 0.33333333333333337}","{""energy"": 1.0, ""water"": 1.0, ""transport"": 1.0}","{""energy"": 0.33333333333333326, ""water"": 0.9450666666666666, ""transport"": 0.6666666666666666}",9,0.5423390561486862,,,[],,v2.0,0.7,0.3
S4_water_partial,122,122,2419752967199803610,scenario=S4_water_partial|method=both|duration=0|theta=0.300000|delta_threshold=0.100000|A=v2.0|w=na|run_id=122|seed=2419752967199803610,False,"{""step_1_amount"": 0.4109921564608059}",033832c9a51598bd69064fc3910037f6fde292830c04f0066e6d9779dc60f4ca,0.38314666666666675,0.5123213396558837,0.12917467298921692,21,0.0,0.0,0.38314666666666675,0.5123213396558837,0,0,0.12917467298921692,"{""energy"": 0.6666666666666667, ""water"": 0.05493333333333334, ""transport"": 0.33333333333333337}","{""energy"": 0.7522767341506388, ""water"": 0.3186735289093408, ""transport"": 0.38602862440941965}","{""energy"": 0.08561006748397204, ""water"": 0.2637401955760075, ""transport"": 0.05269529107608628}","{""energy"": 0.0, ""water"": 0.0, ""transport"": 0.0}","{""energy"": 0.0, ""water"": 0.0, ""transport"": 0.0}","{""energy"": 0.0, ""water"": 0.0, ""transport"": 0.0}",0.3,0.1,,0.38314666666666675,1.0,0.6168533333333333,1,"{""energy"": 0.6666666666666667, ""water"": 0.05493333333333334, ""transport"": 0.33333333333333337}","{""energy"": 1.0, ""water"": 1.0, ""transport"": 1.0}","{""energy"": 0.33333333333333326, ""water"": 0.9450666666666666, ""transport"": 0.6666666666666666}",10,0.5123213396558837,,,[],,v2.0,0.7,0.3
S4_water_partial,123,123,7582683123122314749,scenario=S4_water_partial|method=both|duration=0|theta=0.300000|delta_threshold=0.100000|A=v2.0|w=na|run_id=123|seed=7582683123122314749,False,"{""step_1_amount"": 0.4609395407170686}",033832c9a51598bd69064fc3910037f6fde292830c04f0066e6d9779dc60f4ca,0.38314666666666675,0.5429003769821741,0.15975371031550734,6,0.0,0.0,0.38314666666666675,0.5429003769821741,0,1,0.15975371031550734,"{""energy"": 0.6666666666666667, ""water"": 0.05493333333333334, ""transport"": 0.33333333333333337}","{""energy"": 0.7725428853126174, ""water"": 0.38110775922966916, ""transport"": 0.39850298362742126}","{""energy"": 0.10587621864595065, ""water"": 0.32617442589633583, ""transport"": 0.06516965029408789}","{""energy"": 0.0, ""water"": 0.0, ""transport"": 0.0}","{""energy"": 0.0, ""water"": 0.0, ""transport"": 0.0}","{""energy"": 0.0, ""water"": 0.0, ""transport"": 0.0}",0.3,0.1,,0.38314666666666675,1.0,0.6168533333333333,1,"{""energy"": 0.6666666666666667, ""water"": 0.05493333333333334, ""transport"": 0.33333333333333337}","{""energy"": 1.0, ""water"": 1.0, ""transport"": 1.0}","{""energy"": 0.33333333333333326, ""water"": 0.9450666666666666, ""transport"": 0.6666666666666666}",9,0.5429003769821741,,,[],,v2.0,0.7,0.3
S4_water_partial,124,124,5122162463558271141,scenario=S4_water_partial|method=both|duration=0|theta=0.300000|delta_threshold=0.100000|A=v2.0|w=na|run_id=124|seed=5122162463558271141,False,"{""step_1_amount"": 0.4891695495934986}",033832c9a51598bd69064fc3910037f6fde292830c04f0066e6d9779dc60f4ca,0.38314666666666675,0.5601834941665464,0.1770368274998797,13,0.0,0.0,0.38314666666666675,0.5601834941665464,0,1,0.1770368274998797,"{""energy"": 0.6666666666666667, ""water"": 0.05493333333333334, ""transport"": 0.33333333333333337}","{""energy"": 0.7839972114142288, ""water"": 0.4163952703252066, ""transport"": 0.40555342834430963}","{""energy"": 0.1173305447475621, ""water"": 0.3614619369918733, ""transport"": 0.07222009501097626}","{""energy"": 0.0, ""water"": 0.0, ""transport"": 0.0}","{""energy"": 0.0, ""water"": 0.0, ""transport"": 0.0}","{""energy"": 0.0, ""water"": 0.0, ""transport"": 0.0}",0.3,0.1,,0.38314666666666675,1.0,0.6168533333333333,1,"{""energy"": 0.6666666666666667, ""water"": 0.05493333333333334, ""transport"": 0.33333333333333337}","{""energy"": 1.0, ""water"": 1.0, ""transport"": 1.0}","{""energy"": 0.33333333333333326, ""water"": 0.9450666666666666, ""transport"": 0.6666666666666666}",9,0.5601834941665464,,,[],,v2.0,0.7,0.3
S4_water_partial,125,125,5159572393011275637,scenario=S4_water_partial|method=both|duration=0|theta=0.300000|delta_threshold=0.100000|A=v2.0|w=na|run_id=125|seed=5159572393011275637,False,"{""step_1_amount"": 0.3848745091380255}",033832c9a51598bd69064fc3910037f6fde292830c04f0066e6d9779dc60f4ca,0.38314666666666675,0.4963314630236944,0.11318479635702766,8,0.0,0.0,0.38314666666666675,0.4963314630236944,0,0,0.11318479635702766,"{""energy"": 0.6666666666666667, ""water"": 0.05493333333333334, ""transport"": 0.33333333333333337}","{""energy"": 0.7416794987494206, ""water"": 0.2860264697558653, ""transport"": 0.37950574199055526}","{""energy"": 0.07501283208275389, ""water"": 0.231093136422532, ""transport"": 0.046172408657221886}","{""energy"": 0.0, ""water"": 0.0, ""transport"": 0.0}","{""energy"": 0.0, ""water"": 0.0, ""transport"": 0.0}","{""energy"": 0.0, ""water"": 0.0, ""transport"": 0.0}",0.3,0.1,,0.38314666666666675,1.0,0.6168533333333333,1,"{""energy"": 0.6666666666666667, ""water"": 0.05493333333333334, ""transport"": 0.33333333333333337}","{""energy"": 1.0, ""water"": 1.0, ""transport"": 1.0}","{""energy"": 0.33333333333333326, ""water"": 0.9450666666666666, ""transport"": 0.6666666666666666}",10,0.4963314630236944,,,[],,v2.0,0.7,0.3
S4_water_partial,126,126,5366257443094583920,scenario=S4_water_partial|method=both|duration=0|theta=0.300000|delta_threshold=0.100000|A=v2.0|w=na|run_id=126|seed=5366257443094583920,False,"{""step_1_amount"": 0.15076594269082233}",033832c9a51598bd69064fc3910037f6fde292830c04f0066e6d9779dc60f4ca,0.38314666666666675,0.38314666666666675,0.0,24,0.0,0.0,0.38314666666666675,0.38314666666666675,0,0,0.0,"{""energy"": 0.6666666666666667, ""water"": 0.05493333333333334, ""transport"": 0.33333333333333337}","{""energy"": 0.6666666666666667, ""water"": 0.05493333333333334, ""transport"": 0.33333333333333337}","{""energy"": 0.0, ""water"": 0.0, ""transport"": 0.0}","{""energy"": 0.0, ""water"": 0.0, ""transport"": 0.0}","{""energy"": 0.0, ""water"": 0.0, ""transport"": 0.0}","{""energy"": 0.0, ""water"": 0.0, ""transport"": 0.0}",0.3,0.1,,0.38314666666666675,1.0,0.6168533333333333,1,"{""energy"": 0.6666666666666667, ""water"": 0.05493333333333334, ""transport"": 0.33333333333333337}","{""energy"": 1.0, ""water"": 1.0, ""transport"": 1.0}","{""energy"": 0.33333333333333326, ""water"": 0.9450666666666666, ""transport"": 0.6666666666666666}",13,0.38314666666666675,,,[],,v2.0,0.7,0.3
S4_water_partial,127,127,5688338078344993574,scenario=S4_water_partial|method=both|duration=0|theta=0.300000|delta_threshold=0.100000|A=v2.0|w=na|run_id=127|seed=5688338078344993574,False,"{""step_1_amount"": 0.353705438193465}",033832c9a51598bd69064fc3910037f6fde292830c04f0066e6d9779dc60f4ca,0.38314666666666675,0.47724897856466075,0.094102311897994,22,0.0,0.0,0.38314666666666675,0.47724897856466075,0,0,0.094102311897994,"{""energy"": 0.6666666666666667, ""water"": 0.05493333333333334, ""transport"": 0.33333333333333337}","{""energy"": 0.7290326482136651, ""water"": 0.2470651310751645, ""transport"": 0.37172126652215126}","{""energy"": 0.06236598154699835, ""water"": 0.19213179774183117, ""transport"": 0.03838793318881789}","{""energy"": 0.0, ""water"": 0.0, ""transport"": 0.0}","{""energy"": 0.0, ""water"": 0.0, ""transport"": 0.0}","{""energy"": 0.0, ""water"": 0.0, ""transport"": 0.0}",0.3,0.1,,0.38314666666666675,1.0,0.6168533333333333,1,"{""energy"": 0.6666666666666667, ""water"": 0.05493333333333334, ""transport"": 0.33333333333333337}","{""energy"": 1.0, ""water"": 1.0, ""transport"": 1.0}","{""energy"": 0.33333333333333326, ""water"": 0.9450666666666666, ""transport"": 0.6666666666666666}",10,0.47724897856466075,,,[],,v2.0,0.7,0.3
S4_water_partial,128,128,3245237835861648387,scenario=S4_water_partial|method=both|duration=0|theta=0.300000|delta_threshold=0.100000|A=v2.0|w=na|run_id=128|seed=3245237835861648387,False,"{""step_1_amount"": 0.18944891219767376}",033832c9a51598bd69064fc3910037f6fde292830c04f0066e6d9779dc60f4ca,0.38314666666666675,0.38314666666666675,0.0,23,0.0,0.0,0.38314666666666675,0.38314666666666675,0,0,0.0,"{""energy"": 0.6666666666666667, ""water"": 0.05493333333333334, ""transport"": 0.33333333333333337}","{""energy"": 0.6666666666666667, ""water"": 0.05493333333333334, ""transport"": 0.33333333333333337}","{""energy"": 0.0, ""water"": 0.0, ""transport"": 0.0}","{""energy"": 0.0, ""water"": 0.0, ""transport"": 0.0}","{""energy"": 0.0, ""water"": 0.0, ""transport"": 0.0}","{""energy"": 0.0, ""water"": 0.0, ""transport"": 0.0}",0.3,0.1,,0.38314666666666675,1.0,0.6168533333333333,1,"{""energy"": 0.6666666666666667, ""water"": 0.05493333333333334, ""transport"": 0.33333333333333337}","{""energy"": 1.0, ""water"": 1.0, ""transport"": 1.0}","{""energy"": 0.33333333333333326, ""water"": 0.9450666666666666, ""transport"": 0.6666666666666666}",13,0.38314666666666675,,,[],,v2.0,0.7,0.3
S4_water_partial,129,129,14551212614602043779,scenario=S4_water_partial|method=both|duration=0|theta=0.300000|delta_threshold=0.100000|A=v2.0|w=na|run_id=129|seed=14551212614602043779,False,"{""step_1_amount"": 0.27920059531018976}",033832c9a51598bd69064fc3910037f6fde292830c04f0066e6d9779dc60f4ca,0.38314666666666675,0.4316352511304476,0.04848858446378085,29,0.0,0.0,0.38314666666666675,0.4316352511304476,0,0,0.04848858446378085,"{""energy"": 0.6666666666666667, ""water"": 0.05493333333333334, ""transport"": 0.33333333333333337}","{""energy"": 0.6988023082137762, ""water"": 0.15393407747107057, ""transport"": 0.3531136820120533}","{""energy"": 0.03213564154710946, ""water"": 0.09900074413773724, ""transport"": 0.019780348678719917}","{""energy"": 0.0, ""water"": 0.0, ""transport"": 0.0}","{""energy"": 0.0, ""water"": 0.0, ""transport"": 0.0}","{""energy"": 0.0, ""water"": 0.0, ""transport"": 0.0}",0.3,0.1,,0.38314666666666675,1.0,0.6168533333333333,1,"{""energy"": 0.6666666666666667, ""water"": 0.05493333333333334, ""transport"": 0.33333333333333337}","{""energy"": 1.0, ""water"": 1.0, ""transport"": 1.0}","{""energy"": 0.33333333333333326, ""water"": 0.9450666666666666, ""transport"": 0.6666666666666666}",11,0.4316352511304476,,,[],,v2.0,0.7,0.3
S4_water_partial,130,130,16547033424172754494,scenario=S4_water_partial|method=both|duration=0|theta=0.300000|delta_threshold=0.100000|A=v2.0|w=na|run_id=130|seed=16547033424172754494,False,"{""step_1_amount"": 0.3294303538181443}",033832c9a51598bd69064fc3910037f6fde292830c04f0066e6d9779dc60f4ca,0.38314666666666675,0.46238716503298005,0.0792404983663133,18,0.0,0.0,0.38314666666666675,0.46238716503298005,0,0,0.0792404983663133,"{""energy"": 0.6666666666666667, ""water"": 0.05493333333333334, ""transport"": 0.33333333333333337}","{""energy"": 0.7191830327283788, ""water"": 0.21672127560601376, ""transport"": 0.3656585641994149}","{""energy"": 0.05251636606171206, ""water"": 0.16178794227268042, ""transport"": 0.03232523086608152}","{""energy"": 0.0, ""water"": 0.0, ""transport"": 0.0}","{""energy"": 0.0, ""water"": 0.0, ""transport"": 0.0}","{""energy"": 0.0, ""water"": 0.0, ""transport"": 0.0}",0.3,0.1,,0.38314666666666675,1.0,0.6168533333333333,1,"{""energy"": 0.6666666666666667, ""water"": 0.05493333333333334, ""transport"": 0.33333333333333337}","{""energy"": 1.0, ""water"": 1.0, ""transport"": 1.0}","{""energy"": 0.33333333333333326, ""water"": 0.9450666666666666, ""transport"": 0.6666666666666666}",11,0.46238716503298005,,,[],,v2.0,0.7,0.3
S4_water_partial,131,131,1423063168468187864,scenario=S4_water_partial|method=both|duration=0|theta=0.300000|delta_threshold=0.100000|A=v2.0|w=na|run_id=131|seed=1423063168468187864,False,"{""step_1_amount"": 0.9568232463396891}",033832c9a51598bd69064fc3910037f6fde292830c04f0066e6d9779dc60f4ca,0.38314666666666675,0.8462040612795995,0.4630573946129327,5,0.0,1.0,0.38314666666666675,0.8462040612795995,1,1,0.4630573946129327,"{""energy"": 0.6666666666666667, ""water"": 0.05493333333333334, ""transport"": 0.33333333333333337}","{""energy"": 0.9737476988689956, ""water"": 1.0, ""transport"": 0.5223499391066707}","{""energy"": 0.30708103220232885, ""water"": 0.9450666666666666, ""transport"": 0.18901660577333734}","{""energy"": 0.0, ""water"": 0.0, ""transport"": 0.0}","{""energy"": 1.0, ""water"": 1.0, ""transport"": 1.0}","{""energy"": 1.0, ""water"": 1.0, ""transport"": 1.0}",0.3,0.1,,0.38314666666666675,1.0,0.6168533333333333,1,"{""energy"": 0.6666666666666667, ""water"": 0.05493333333333334, ""transport"": 0.33333333333333337}","{""energy"": 1.0, ""water"": 1.0, ""transport"": 1.0}","{""energy"": 0.33333333333333326, ""water"": 0.9450666666666666, ""transport"": 0.6666666666666666}",3,0.8462040612795995,,,"[""energy"", ""transport""]",1,v2.0,0.7,0.3
S4_water_partial,132,132,11718429063157009964,scenario=S4_water_partial|method=both|duration=0|theta=0.300000|delta_threshold=0.100000|A=v2.0|w=na|run_id=132|seed=11718429063157009964,False,"{""step_1_amount"": 0.4028749995961983}",033832c9a51598bd69064fc3910037f6fde292830c04f0066e6d9779dc60f4ca,0.38314666666666675,0.5073518132944492,0.12420514662778248,7,0.0,0.0,0.38314666666666675,0.5073518132944492,0,0,0.12420514662778248,"{""energy"": 0.6666666666666667, ""water"": 0.05493333333333334, ""transport"": 0.33333333333333337}","{""energy"": 0.7489831977528242, ""water"": 0.30852708282858127, ""transport"": 0.3840013644824839}","{""energy"": 0.08231653108615744, ""water"": 0.25359374949524793, ""transport"": 0.05066803114915053}","{""energy"": 0.0, ""water"": 0.0, ""transport"": 0.0}","{""energy"": 0.0, ""water"": 0.0, ""transport"": 0.0}","{""energy"": 0.0, ""water"": 0.0, ""transport"": 0.0}",0.3,0.1,,0.38314666666666675,1.0,0.6168533333333333,1,"{""energy"": 0.6666666666666667, ""water"": 0.05493333333333334, ""transport"": 0.33333333333333337}","{""energy"": 1.0, ""water"": 1.0, ""transport"": 1.0}","{""energy"": 0.33333333333333326, ""water"": 0.9450666666666666, ""transport"": 0.6666666666666666}",10,0.5073518132944492,,,[],,v2.0,0.7,0.3
S4_water_partial,133,133,2694788552367647774,scenario=S4_water_partial|method=both|duration=0|theta=0.300000|delta_threshold=0.100000|A=v2.0|w=na|run_id=133|seed=2694788552367647774,False,"{""step_1_amount"": 0.25036953486355923}",033832c9a51598bd69064fc3910037f6fde292830c04f0066e6d9779dc60f4ca,0.38314666666666675,0.4139841551485093,0.030837488481842534,8,0.0,0.0,0.38314666666666675,0.4139841551485093,0,0,0.030837488481842534,"{""energy"": 0.6666666666666667, ""water"": 0.05493333333333334, ""transport"": 0.33333333333333337}","{""energy"": 0.687104105437556, ""water"": 0.11789525191278238, ""transport"": 0.3459131246655073}","{""energy"": 0.020437438770889216, ""water"": 0.06296191857944905, ""transport"": 0.012579791332173906}","{""energy"": 0.0, ""water"": 0.0, ""transport"": 0.0}","{""energy"": 0.0, ""water"": 0.0, ""transport"": 0.0}","{""energy"": 0.0, ""water"": 0.0, ""transport"": 0.0}",0.3,0.1,,0.38314666666666675,1.0,0.6168533333333333,1,"{""energy"": 0.6666666666666667, ""water"": 0.05493333333333334, ""transport"": 0.33333333333333337}","{""energy"": 1.0, ""water"": 1.0, ""transport"": 1.0}","{""energy"": 0.33333333333333326, ""water"": 0.9450666666666666, ""transport"": 0.6666666666666666}",12,0.4139841551485093,,,[],,v2.0,0.7,0.3
S4_water_partial,134,134,13144185464367992222,scenario=S4_water_partial|method=both|duration=0|theta=0.300000|delta_threshold=0.100000|A=v2.0|w=na|run_id=134|seed=13144185464367992222,False,"{""step_1_amount"": 0.8288504482601502}",033832c9a51598bd69064fc3910037f6fde292830c04f0066e6d9779dc60f4ca,0.38314666666666675,0.7681446323527372,0.3849979656860705,7,0.0,1.0,0.38314666666666675,0.7681446323527372,1,1,0.3849979656860705,"{""energy"": 0.6666666666666667, ""water"": 0.05493333333333334, ""transport"": 0.33333333333333337}","{""energy"": 0.9218227360482227, ""water"": 0.8409963936585211, ""transport"": 0.4903887327863059}","{""energy"": 0.255156069381556, ""water"": 0.7860630603251877, ""transport"": 0.15705539945297253}","{""energy"": 0.0, ""water"": 0.0, ""transport"": 0.0}","{""energy"": 1.0, ""water"": 1.0, ""transport"": 1.0}","{""energy"": 1.0, ""water"": 1.0, ""transport"": 1.0}",0.3,0.1,,0.38314666666666675,1.0,0.6168533333333333,1,"{""energy"": 0.6666666666666667, ""water"": 0.05493333333333334, ""transport"": 0.33333333333333337}","{""energy"": 1.0, ""water"": 1.0, ""transport"": 1.0}","{""energy"": 0.33333333333333326, ""water"": 0.9450666666666666, ""transport"": 0.6666666666666666}",4,0.7681446323527372,,,"[""energy"", ""transport""]",1,v2.0,0.7,0.3
S4_water_partial,135,135,7145247598061843865,scenario=S4_water_partial|method=both|duration=0|theta=0.300000|delta_threshold=0.100000|A=v2.0|w=na|run_id=135|seed=7145247598061843865,False,"{""step_1_amount"": 0.21917599179779584}",033832c9a51598bd69064fc3910037f6fde292830c04f0066e6d9779dc60f4ca,0.38314666666666675,0.3948866882450723,0.011740021578405535,23,0.0,0.0,0.38314666666666675,0.3948866882450723,0,0,0.011740021578405535,"{""energy"": 0.6666666666666667, ""water"": 0.05493333333333334, ""transport"": 0.33333333333333337}","{""energy"": 0.6744473253386224, ""water"": 0.07890332308057817, ""transport"": 0.3381225372848329}","{""energy"": 0.007780658671955654, ""water"": 0.023969989747244826, ""transport"": 0.00478920395149951}","{""energy"": 0.0, ""water"": 0.0, ""transport"": 0.0}","{""energy"": 0.0, ""water"": 0.0, ""transport"": 0.0}","{""energy"": 0.0, ""water"": 0.0, ""transport"": 0.0}",0.3,0.1,,0.38314666666666675,1.0,0.6168533333333333,1,"{""energy"": 0.6666666666666667, ""water"": 0.05493333333333334, ""transport"": 0.33333333333333337}","{""energy"": 1.0, ""water"": 1.0, ""transport"": 1.0}","{""energy"": 0.33333333333333326, ""water"": 0.9450666666666666, ""transport"": 0.6666666666666666}",12,0.3948866882450723,,,[],,v2.0,0.7,0.3
S4_water_partial,136,136,12278068838436954405,scenario=S4_water_partial|method=both|duration=0|theta=0.300000|delta_threshold=0.100000|A=v2.0|w=na|run_id=136|seed=12278068838436954405,False,"{""step_1_amount"": 0.5066148000369851}",033832c9a51598bd69064fc3910037f6fde292830c04f0066e6d9779dc60f4ca,0.38314666666666675,0.5708639126193099,0.18771724595264316,10,0.0,0.0,0.38314666666666675,0.5708639126193099,0,1,0.18771724595264316,"{""energy"": 0.6666666666666667, ""water"": 0.05493333333333334, ""transport"": 0.33333333333333337}","{""energy"": 0.7910756217816735, ""water"": 0.43820183337956475, ""transport"": 0.4099103796425704}","{""energy"": 0.12440895511500671, ""water"": 0.3832685000462314, ""transport"": 0.076577046309237}","{""energy"": 0.0, ""water"": 0.0, ""transport"": 0.0}","{""energy"": 0.0, ""water"": 0.0, ""transport"": 0.0}","{""energy"": 0.0, ""water"": 0.0, ""transport"": 0.0}",0.3,0.1,,0.38314666666666675,1.0,0.6168533333333333,1,"{""energy"": 0.6666666666666667, ""water"": 0.05493333333333334, ""transport"": 0.33333333333333337}","{""energy"": 1.0, ""water"": 1.0, ""transport"": 1.0}","{""energy"": 0.33333333333333326, ""water"": 0.9450666666666666, ""transport"": 0.6666666666666666}",8,0.5708639126193099,,,[],,v2.0,0.7,0.3
S4_water_partial,137,137,17360938780243760848,scenario=S4_water_partial|method=both|duration=0|theta=0.300000|delta_threshold=0.100000|A=v2.0|w=na|run_id=137|seed=17360938780243760848,False,"{""step_1_amount"": 0.5949299299897272}",033832c9a51598bd69064fc3910037f6fde292830c04f0066e6d9779dc60f4ca,0.38314666666666675,0.6249326430546274,0.24178597638796062,12,0.0,0.0,0.38314666666666675,0.6249326430546274,0,1,0.24178597638796062,"{""energy"": 0.6666666666666667, ""water"": 0.05493333333333334, ""transport"": 0.33333333333333337}","{""energy"": 0.8269094857599986, ""water"": 0.5485957458204923, ""transport"": 0.4319670833482677}","{""energy"": 0.16024281909333182, ""water"": 0.493662412487159, ""transport"": 0.09863375001493435}","{""energy"": 0.0, ""water"": 0.0, ""transport"": 0.0}","{""energy"": 0.0, ""water"": 0.0, ""transport"": 0.0}","{""energy"": 0.0, ""water"": 0.0, ""transport"": 0.0}",0.3,0.1,,0.38314666666666675,1.0,0.6168533333333333,1,"{""energy"": 0.6666666666666667, ""water"": 0.05493333333333334, ""transport"": 0.33333333333333337}","{""energy"": 1.0, ""water"": 1.0, ""transport"": 1.0}","{""energy"": 0.33333333333333326, ""water"": 0.9450666666666666, ""transport"": 0.6666666666666666}",7,0.6249326430546274,,,[],,v2.0,0.7,0.3
S4_water_partial,138,138,4855816038719797377,scenario=S4_water_partial|method=both|duration=0|theta=0.300000|delta_threshold=0.100000|A=v2.0|w=na|run_id=138|seed=4855816038719797377,False,"{""step_1_amount"": 0.40959621852256617}",033832c9a51598bd69064fc3910037f6fde292830c04f0066e6d9779dc60f4ca,0.38314666666666675,0.5114667115516449,0.12832004488497817,13,0.0,0.0,0.38314666666666675,0.5114667115516449,0,0,0.12832004488497817,"{""energy"": 0.6666666666666667, ""water"": 0.05493333333333334, ""transport"": 0.33333333333333337}","{""energy"": 0.751710332332198, ""water"": 0.31692860648654114, ""transport"": 0.3856799889093443}","{""energy"": 0.08504366566553123, ""water"": 0.2619952731532078, ""transport"": 0.052346655576010925}","{""energy"": 0.0, ""water"": 0.0, ""transport"": 0.0}","{""energy"": 0.0, ""water"": 0.0, ""transport"": 0.0}","{""energy"": 0.0, ""water"": 0.0, ""transport"": 0.0}",0.3,0.1,,0.38314666666666675,1.0,0.6168533333333333,1,"{""energy"": 0.6666666666666667, ""water"": 0.05493333333333334, ""transport"": 0.33333333333333337}","{""energy"": 1.0, ""water"": 1.0, ""transport"": 1.0}","{""energy"": 0.33333333333333326, ""water"": 0.9450666666666666, ""transport"": 0.6666666666666666}",10,0.5114667115516449,,,[],,v2.0,0.7,0.3
S4_water_partial,139,139,15134950050830545838,scenario=S4_water_partial|method=both|duration=0|theta=0.300000|delta_threshold=0.100000|A=v2.0|w=na|run_id=139|seed=15134950050830545838,False,"{""step_1_amount"": 0.2672523394521613}",033832c9a51598bd69064fc3910037f6fde292830c04f0066e6d9779dc60f4ca,0.38314666666666675,0.4243202301877662,0.041173563521099465,17,0.0,0.0,0.38314666666666675,0.4243202301877662,0,0,0.041173563521099465,"{""energy"": 0.6666666666666667, ""water"": 0.05493333333333334, ""transport"": 0.33333333333333337}","{""energy"": 0.6939543033993812, ""water"": 0.138998757648535, ""transport"": 0.35012960511151064}","{""energy"": 0.027287636732714504, ""water"": 0.08406542431520167, ""transport"": 0.016796271778177274}","{""energy"": 0.0, ""water"": 0.0, ""transport"": 0.0}","{""energy"": 0.0, ""water"": 0.0, ""transport"": 0.0}","{""energy"": 0.0, ""water"": 0.0, ""transport"": 0.0}",0.3,0.1,,0.38314666666666675,1.0,0.6168533333333333,1,"{""energy"": 0.6666666666666667, ""water"": 0.05493333333333334, ""transport"": 0.33333333333333337}","{""energy"": 1.0, ""water"": 1.0, ""transport"": 1.0}","{""energy"": 0.33333333333333326, ""water"": 0.9450666666666666, ""transport"": 0.6666666666666666}",12,0.4243202301877662,,,[],,v2.0,0.7,0.3
S4_water_partial,140,140,14242932692080615762,scenario=S4_water_partial|method=both|duration=0|theta=0.300000|delta_threshold=0.100000|A=v2.0|w=na|run_id=140|seed=14242932692080615762,False,"{""step_1_amount"": 0.48682130404303686}",033832c9a51598bd69064fc3910037f6fde292830c04f0066e6d9779dc60f4ca,0.38314666666666675,0.5587458395344149,0.17559917286774818,10,0.0,0.0,0.38314666666666675,0.5587458395344149,0,1,0.17559917286774818,"{""energy"": 0.6666666666666667, ""water"": 0.05493333333333334, ""transport"": 0.33333333333333337}","{""energy"": 0.7830444107821289, ""water"": 0.4134599633871294, ""transport"": 0.4049669540180818}","{""energy"": 0.1163777441154622, ""water"": 0.3585266300537961, ""transport"": 0.07163362068474843}","{""energy"": 0.0, ""water"": 0.0, ""transport"": 0.0}","{""energy"": 0.0, ""water"": 0.0, ""transport"": 0.0}","{""energy"": 0.0, ""water"": 0.0, ""transport"": 0.0}",0.3,0.1,,0.38314666666666675,1.0,0.6168533333333333,1,"{""energy"": 0.6666666666666667, ""water"": 0.05493333333333334, ""transport"": 0.33333333333333337}","{""energy"": 1.0, ""water"": 1.0, ""transport"": 1.0}","{""energy"": 0.33333333333333326, ""water"": 0.9450666666666666, ""transport"": 0.6666666666666666}",9,0.5587458395344149,,,[],,v2.0,0.7,0.3
S4_water_partial,141,141,11035396351164656495,scenario=S4_water_partial|method=both|duration=0|theta=0.300000|delta_threshold=0.100000|A=v2.0|w=na|run_id=141|seed=11035396351164656495,False,"{""step_1_amount"": 0.3877330976061413}",033832c9a51598bd69064fc3910037f6fde292830c04f0066e6d9779dc60f4ca,0.38314666666666675,0.4980815623485865,0.11493489568191978,13,0.0,0.0,0.38314666666666675,0.4980815623485865,0,0,0.11493489568191978,"{""energy"": 0.6666666666666667, ""water"": 0.05493333333333334, ""transport"": 0.33333333333333337}","{""energy"": 0.7428393710203586, ""water"": 0.28959970534100987, ""transport"": 0.3802196744604671}","{""energy"": 0.07617270435369183, ""water"": 0.23466637200767654, ""transport"": 0.046886341127133746}","{""energy"": 0.0, ""water"": 0.0, ""transport"": 0.0}","{""energy"": 0.0, ""water"": 0.0, ""transport"": 0.0}","{""energy"": 0.0, ""water"": 0.0, ""transport"": 0.0}",0.3,0.1,,0.38314666666666675,1.0,0.6168533333333333,1,"{""energy"": 0.6666666666666667, ""water"": 0.05493333333333334, ""transport"": 0.33333333333333337}","{""energy"": 1.0, ""water"": 1.0, ""transport"": 1.0}","{""energy"": 0.33333333333333326, ""water"": 0.9450666666666666, ""transport"": 0.6666666666666666}",10,0.4980815623485865,,,[],,v2.0,0.7,0.3
S4_water_partial,142,142,12582132735856590451,scenario=S4_water_partial|method=both|duration=0|theta=0.300000|delta_threshold=0.100000|A=v2.0|w=na|run_id=142|seed=12582132735856590451,False,"{""step_1_amount"": 0.17482255836819635}",033832c9a51598bd69064fc3910037f6fde292830c04f0066e6d9779dc60f4ca,0.38314666666666675,0.38314666666666675,0.0,14,0.0,0.0,0.38314666666666675,0.38314666666666675,0,0,0.0,"{""energy"": 0.6666666666666667, ""water"": 0.05493333333333334, ""transport"": 0.33333333333333337}","{""energy"": 0.6666666666666667, ""water"": 0.05493333333333334, ""transport"": 0.33333333333333337}","{""energy"": 0.0, ""water"": 0.0, ""transport"": 0.0}","{""energy"": 0.0, ""water"": 0.0, ""transport"": 0.0}","{""energy"": 0.0, ""water"": 0.0, ""transport"": 0.0}","{""energy"": 0.0, ""water"": 0.0, ""transport"": 0.0}",0.3,0.1,,0.38314666666666675,1.0,0.6168533333333333,1,"{""energy"": 0.6666666666666667, ""water"": 0.05493333333333334, ""transport"": 0.33333333333333337}","{""energy"": 1.0, ""water"": 1.0, ""transport"": 1.0}","{""energy"": 0.33333333333333326, ""water"": 0.9450666666666666, ""transport"": 0.6666666666666666}",13,0.38314666666666675,,,[],,v2.0,0.7,0.3
S4_water_partial,143,143,12024434515397110655,scenario=S4_water_partial|method=both|duration=0|theta=0.300000|delta_threshold=0.100000|A=v2.0|w=na|run_id=143|seed=12024434515397110655,False,"{""step_1_amount"": 0.30178532813856873}",033832c9a51598bd69064fc3910037f6fde292830c04f0066e6d9779dc60f4ca,0.38314666666666675,0.445462189186302,0.062315522519635236,16,0.0,0.0,0.38314666666666675,0.445462189186302,0,0,0.062315522519635236,"{""energy"": 0.6666666666666667, ""water"": 0.05493333333333334, ""transport"": 0.33333333333333337}","{""energy"": 0.707966063558891, ""water"": 0.18216499350654425, ""transport"": 0.3587542190359409}","{""energy"": 0.04129939689222428, ""water"": 0.12723166017321091, ""transport"": 0.025420885702607532}","{""energy"": 0.0, ""water"": 0.0, ""transport"": 0.0}","{""energy"": 0.0, ""water"": 0.0, ""transport"": 0.0}","{""energy"": 0.0, ""water"": 0.0, ""transport"": 0.0}",0.3,0.1,,0.38314666666666675,1.0,0.6168533333333333,1,"{""energy"": 0.6666666666666667, ""water"": 0.05493333333333334, ""transport"": 0.33333333333333337}","{""energy"": 1.0, ""water"": 1.0, ""transport"": 1.0}","{""energy"": 0.33333333333333326, ""water"": 0.9450666666666666, ""transport"": 0.6666666666666666}",11,0.445462189186302,,,[],,v2.0,0.7,0.3
S4_water_partial,144,144,15877768168412601776,scenario=S4_water_partial|method=both|duration=0|theta=0.300000|delta_threshold=0.100000|A=v2.0|w=na|run_id=144|seed=15877768168412601776,False,"{""step_1_amount"": 0.14333896881954764}",033832c9a51598bd69064fc3910037f6fde292830c04f0066e6d9779dc60f4ca,0.38314666666666675,0.38314666666666675,0.0,20,0.0,0.0,0.38314666666666675,0.38314666666666675,0,0,0.0,"{""energy"": 0.6666666666666667, ""water"": 0.05493333333333334, ""transport"": 0.33333333333333337}","{""energy"": 0.6666666666666667, ""water"": 0.05493333333333334, ""transport"": 0.33333333333333337}","{""energy"": 0.0, ""water"": 0.0, ""transport"": 0.0}","{""energy"": 0.0, ""water"": 0.0, ""transport"": 0.0}","{""energy"": 0.0, ""water"": 0.0, ""transport"": 0.0}","{""energy"": 0.0, ""water"": 0.0, ""transport"": 0.0}",0.3,0.1,,0.38314666666666675,1.0,0.6168533333333333,1,"{""energy"": 0.6666666666666667, ""water"": 0.05493333333333334, ""transport"": 0.33333333333333337}","{""energy"": 1.0, ""water"": 1.0, ""transport"": 1.0}","{""energy"": 0.33333333333333326, ""water"": 0.9450666666666666, ""transport"": 0.6666666666666666}",13,0.38314666666666675,,,[],,v2.0,0.7,0.3
S4_water_partial,145,145,10480039505632544111,scenario=S4_water_partial|method=both|duration=0|theta=0.300000|delta_threshold=0.100000|A=v2.0|w=na|run_id=145|seed=10480039505632544111,False,"{""step_1_amount"": 0.6934070361777535}",033832c9a51598bd69064fc3910037f6fde292830c04f0066e6d9779dc60f4ca,0.38314666666666675,0.6852227893905918,0.30207612272392503,28,0.0,0.0,0.38314666666666675,0.6852227893905918,0,1,0.30207612272392503,"{""energy"": 0.6666666666666667, ""water"": 0.05493333333333334, ""transport"": 0.33333333333333337}","{""energy"": 0.8668665715957902, ""water"": 0.6716921285555252, ""transport"": 0.4565617406187273}","{""energy"": 0.20019990492912343, ""water"": 0.6167587952221918, ""transport"": 0.12322840728539391}","{""energy"": 0.0, ""water"": 0.0, ""transport"": 0.0}","{""energy"": 0.0, ""water"": 0.0, ""transport"": 0.0}","{""energy"": 0.0, ""water"": 0.0, ""transport"": 0.0}",0.3,0.1,,0.38314666666666675,1.0,0.6168533333333333,1,"{""energy"": 0.6666666666666667, ""water"": 0.05493333333333334, ""transport"": 0.33333333333333337}","{""energy"": 1.0, ""water"": 1.0, ""transport"": 1.0}","{""energy"": 0.33333333333333326, ""water"": 0.9450666666666666, ""transport"": 0.6666666666666666}",6,0.6852227893905918,,,[],,v2.0,0.7,0.3
S4_water_partial,146,146,822849900845961177,scenario=S4_water_partial|method=both|duration=0|theta=0.300000|delta_threshold=0.100000|A=v2.0|w=na|run_id=146|seed=822849900845961177,False,"{""step_1_amount"": 0.29371805686393837}",033832c9a51598bd69064fc3910037f6fde292830c04f0066e6d9779dc60f4ca,0.38314666666666675,0.4405232040301914,0.05737653736352466,29,0.0,0.0,0.38314666666666675,0.4405232040301914,0,0,0.05737653736352466,"{""energy"": 0.6666666666666667, ""water"": 0.05493333333333334, ""transport"": 0.33333333333333337}","{""energy"": 0.7046927682392098, ""water"": 0.17208090441325632, ""transport"": 0.356739418035102}","{""energy"": 0.03802610157254305, ""water"": 0.11714757107992299, ""transport"": 0.023406084701768637}","{""energy"": 0.0, ""water"": 0.0, ""transport"": 0.0}","{""energy"": 0.0, ""water"": 0.0, ""transport"": 0.0}","{""energy"": 0.0, ""water"": 0.0, ""transport"": 0.0}",0.3,0.1,,0.38314666666666675,1.0,0.6168533333333333,1,"{""energy"": 0.6666666666666667, ""water"": 0.05493333333333334, ""transport"": 0.33333333333333337}","{""energy"": 1.0, ""water"": 1.0, ""transport"": 1.0}","{""energy"": 0.33333333333333326, ""water"": 0.9450666666666666, ""transport"": 0.6666666666666666}",11,0.4405232040301914,,,[],,v2.0,0.7,0.3
S4_water_partial,147,147,11435354437101248179,scenario=S4_water_partial|method=both|duration=0|theta=0.300000|delta_threshold=0.100000|A=v2.0|w=na|run_id=147|seed=11435354437101248179,False,"{""step_1_amount"": 0.4843375685147267}",033832c9a51598bd69064fc3910037f6fde292830c04f0066e6d9779dc60f4ca,0.38314666666666675,0.5572252345505952,0.1740785678839285,28,0.0,0.0,0.38314666666666675,0.5572252345505952,0,1,0.1740785678839285,"{""energy"": 0.6666666666666667, ""water"": 0.05493333333333334, ""transport"": 0.33333333333333337}","{""energy"": 0.7820366350915171, ""water"": 0.41035529397674164, ""transport"": 0.4043466410698864}","{""energy"": 0.11536996842485037, ""water"": 0.3554219606434083, ""transport"": 0.07101330773655301}","{""energy"": 0.0, ""water"": 0.0, ""transport"": 0.0}","{""energy"": 0.0, ""water"": 0.0, ""transport"": 0.0}","{""energy"": 0.0, ""water"": 0.0, ""transport"": 0.0}",0.3,0.1,,0.38314666666666675,1.0,0.6168533333333333,1,"{""energy"": 0.6666666666666667, ""water"": 0.05493333333333334, ""transport"": 0.33333333333333337}","{""energy"": 1.0, ""water"": 1.0, ""transport"": 1.0}","{""energy"": 0.33333333333333326, ""water"": 0.9450666666666666, ""transport"": 0.6666666666666666}",9,0.5572252345505952,,,[],,v2.0,0.7,0.3
S4_water_partial,148,148,11413463212792128670,scenario=S4_water_partial|method=both|duration=0|theta=0.300000|delta_threshold=0.100000|A=v2.0|w=na|run_id=148|seed=11413463212792128670,False,"{""step_1_amount"": 0.41234776606473755}",033832c9a51598bd69064fc3910037f6fde292830c04f0066e6d9779dc60f4ca,0.38314666666666675,0.5131512777456506,0.13000461107898387,24,0.0,0.0,0.38314666666666675,0.5131512777456506,0,0,0.13000461107898387,"{""energy"": 0.6666666666666667, ""water"": 0.05493333333333334, ""transport"": 0.33333333333333337}","{""energy"": 0.752826772747434, ""water"": 0.3203680409142552, ""transport"": 0.38636718790800156}","{""energy"": 0.0861601060807673, ""water"": 0.26543470758092186, ""transport"": 0.05303385457466819}","{""energy"": 0.0, ""water"": 0.0, ""transport"": 0.0}","{""energy"": 0.0, ""water"": 0.0, ""transport"": 0.0}","{""energy"": 0.0, ""water"": 0.0, ""transport"": 0.0}",0.3,0.1,,0.38314666666666675,1.0,0.6168533333333333,1,"{""energy"": 0.6666666666666667, ""water"": 0.05493333333333334, ""transport"": 0.33333333333333337}","{""energy"": 1.0, ""water"": 1.0, ""transport"": 1.0}","{""energy"": 0.33333333333333326, ""water"": 0.9450666666666666, ""transport"": 0.6666666666666666}",10,0.5131512777456506,,,[],,v2.0,0.7,0.3
S4_water_partial,149,149,18175719327112939914,scenario=S4_water_partial|method=both|duration=0|theta=0.300000|delta_threshold=0.100000|A=v2.0|w=na|run_id=149|seed=18175719327112939914,False,"{""step_1_amount"": 0.5268883685959502}",033832c9a51598bd69064fc3910037f6fde292830c04f0066e6d9779dc60f4ca,0.38314666666666675,0.5832758981303224,0.2001292314636557,17,0.0,0.0,0.38314666666666675,0.5832758981303224,0,1,0.2001292314636557,"{""energy"": 0.6666666666666667, ""water"": 0.05493333333333334, ""transport"": 0.33333333333333337}","{""energy"": 0.7993016222244735, ""water"": 0.4635437940782712, ""transport"": 0.4149737033901719}","{""energy"": 0.1326349555578068, ""water"": 0.40861046074493784, ""transport"": 0.08164037005683855}","{""energy"": 0.0, ""water"": 0.0, ""transport"": 0.0}","{""energy"": 0.0, ""water"": 0.0, ""transport"": 0.0}","{""energy"": 0.0, ""water"": 0.0, ""transport"": 0.0}",0.3,0.1,,0.38314666666666675,1.0,0.6168533333333333,1,"{""energy"": 0.6666666666666667, ""water"": 0.05493333333333334, ""transport"": 0.33333333333333337}","{""energy"": 1.0, ""water"": 1.0, ""transport"": 1.0}","{""energy"": 0.33333333333333326, ""water"": 0.9450666666666666, ""transport"": 0.6666666666666666}",8,0.5832758981303224,,,[],,v2.0,0.7,0.3
S4_water_partial,150,150,10968740323505239820,scenario=S4_water_partial|method=both|duration=0|theta=0.300000|delta_threshold=0.100000|A=v2.0|w=na|run_id=150|seed=10968740323505239820,False,"{""step_1_amount"": 0.4303069698458558}",033832c9a51598bd69064fc3910037f6fde292830c04f0066e6d9779dc60f4ca,0.38314666666666675,0.5241463512805458,0.14099968461387902,22,0.0,0.0,0.38314666666666675,0.5241463512805458,0,0,0.14099968461387902,"{""energy"": 0.6666666666666667, ""water"": 0.05493333333333334, ""transport"": 0.33333333333333337}","{""energy"": 0.7601137196816227, ""water"": 0.342817045640653, ""transport"": 0.3908524990523358}","{""energy"": 0.09344705301495593, ""water"": 0.2878837123073197, ""transport"": 0.05751916571900245}","{""energy"": 0.0, ""water"": 0.0, ""transport"": 0.0}","{""energy"": 0.0, ""water"": 0.0, ""transport"": 0.0}","{""energy"": 0.0, ""water"": 0.0, ""transport"": 0.0}",0.3,0.1,,0.38314666666666675,1.0,0.6168533333333333,1,"{""energy"": 0.6666666666666667, ""water"": 0.05493333333333334, ""transport"": 0.33333333333333337}","{""energy"": 1.0, ""water"": 1.0, ""transport"": 1.0}","{""energy"": 0.33333333333333326, ""water"": 0.9450666666666666, ""transport"": 0.6666666666666666}",9,0.5241463512805458,,,[],,v2.0,0.7,0.3
S4_water_partial,151,151,3015616862458464141,scenario=S4_water_partial|method=both|duration=0|theta=0.300000|delta_threshold=0.100000|A=v2.0|w=na|run_id=151|seed=3015616862458464141,False,"{""step_1_amount"": 0.346054353402305}",033832c9a51598bd69064fc3910037f6fde292830c04f0066e6d9779dc60f4ca,0.38314666666666675,0.4725647931783929,0.08941812651172615,29,0.0,0.0,0.38314666666666675,0.4725647931783929,0,0,0.08941812651172615,"{""energy"": 0.6666666666666667, ""water"": 0.05493333333333334, ""transport"": 0.33333333333333337}","{""energy"": 0.725928220559652, ""water"": 0.23750127508621455, ""transport"": 0.36981040809555904}","{""energy"": 0.059261553892985264, ""water"": 0.1825679417528812, ""transport"": 0.03647707476222567}","{""energy"": 0.0, ""water"": 0.0, ""transport"": 0.0}","{""energy"": 0.0, ""water"": 0.0, ""transport"": 0.0}","{""energy"": 0.0, ""water"": 0.0, ""transport"": 0.0}",0.3,0.1,,0.38314666666666675,1.0,0.6168533333333333,1,"{""energy"": 0.6666666666666667, ""water"": 0.05493333333333334, ""transport"": 0.33333333333333337}","{""energy"": 1.0, ""water"": 1.0, ""transport"": 1.0}","{""energy"": 0.33333333333333326, ""water"": 0.9450666666666666, ""transport"": 0.6666666666666666}",10,0.4725647931783929,,,[],,v2.0,0.7,0.3
S4_water_partial,152,152,6999988379906346185,scenario=S4_water_partial|method=both|duration=0|theta=0.300000|delta_threshold=0.100000|A=v2.0|w=na|run_id=152|seed=6999988379906346185,False,"{""step_1_amount"": 0.48213250382626693}",033832c9a51598bd69064fc3910037f6fde292830c04f0066e6d9779dc60f4ca,0.38314666666666675,0.555875238821703,0.17272857215503623,13,0.0,0.0,0.38314666666666675,0.555875238821703,0,1,0.17272857215503623,"{""energy"": 0.6666666666666667, ""water"": 0.05493333333333334, ""transport"": 0.33333333333333337}","{""energy"": 0.7811419300941745, ""water"": 0.40759896311616695, ""transport"": 0.40379592616394355}","{""energy"": 0.1144752634275078, ""water"": 0.3526656297828336, ""transport"": 0.07046259283061018}","{""energy"": 0.0, ""water"": 0.0, ""transport"": 0.0}","{""energy"": 0.0, ""water"": 0.0, ""transport"": 0.0}","{""energy"": 0.0, ""water"": 0.0, ""transport"": 0.0}",0.3,0.1,,0.38314666666666675,1.0,0.6168533333333333,1,"{""energy"": 0.6666666666666667, ""water"": 0.05493333333333334, ""transport"": 0.33333333333333337}","{""energy"": 1.0, ""water"": 1.0, ""transport"": 1.0}","{""energy"": 0.33333333333333326, ""water"": 0.9450666666666666, ""transport"": 0.6666666666666666}",9,0.555875238821703,,,[],,v2.0,0.7,0.3
S4_water_partial,153,153,14151184482484555075,scenario=S4_water_partial|method=both|duration=0|theta=0.300000|delta_threshold=0.100000|A=v2.0|w=na|run_id=153|seed=14151184482484555075,False,"{""step_1_amount"": 0.3832095705351455}",033832c9a51598bd69064fc3910037f6fde292830c04f0066e6d9779dc60f4ca,0.38314666666666675,0.49531214598754614,0.11216547932087939,15,0.0,0.0,0.38314666666666675,0.49531214598754614,0,0,0.11216547932087939,"{""energy"": 0.6666666666666667, ""water"": 0.05493333333333334, ""transport"": 0.33333333333333337}","{""energy"": 0.741003949911302, ""water"": 0.28394529650226524, ""transport"": 0.37908992357448595}","{""energy"": 0.07433728324463529, ""water"": 0.2290119631689319, ""transport"": 0.045756590241152584}","{""energy"": 0.0, ""water"": 0.0, ""transport"": 0.0}","{""energy"": 0.0, ""water"": 0.0, ""transport"": 0.0}","{""energy"": 0.0, ""water"": 0.0, ""transport"": 0.0}",0.3,0.1,,0.38314666666666675,1.0,0.6168533333333333,1,"{""energy"": 0.6666666666666667, ""water"": 0.05493333333333334, ""transport"": 0.33333333333333337}","{""energy"": 1.0, ""water"": 1.0, ""transport"": 1.0}","{""energy"": 0.33333333333333326, ""water"": 0.9450666666666666, ""transport"": 0.6666666666666666}",10,0.49531214598754614,,,[],,v2.0,0.7,0.3
S4_water_partial,154,154,14887914507551434128,scenario=S4_water_partial|method=both|duration=0|theta=0.300000|delta_threshold=0.100000|A=v2.0|w=na|run_id=154|seed=14887914507551434128,False,"{""step_1_amount"": 0.269966006117057}",033832c9a51598bd69064fc3910037f6fde292830c04f0066e6d9779dc60f4ca,0.38314666666666675,0.425981604761682,0.04283493809501526,18,0.0,0.0,0.38314666666666675,0.425981604761682,0,0,0.04283493809501526,"{""energy"": 0.6666666666666667, ""water"": 0.05493333333333334, ""transport"": 0.33333333333333337}","{""energy"": 0.6950553736486627, ""water"": 0.14239084097965468, ""transport"": 0.3508073433610684}","{""energy"": 0.028388706981995915, ""water"": 0.08745750764632135, ""transport"": 0.01747401002773502}","{""energy"": 0.0, ""water"": 0.0, ""transport"": 0.0}","{""energy"": 0.0, ""water"": 0.0, ""transport"": 0.0}","{""energy"": 0.0, ""water"": 0.0, ""transport"": 0.0}",0.3,0.1,,0.38314666666666675,1.0,0.6168533333333333,1,"{""energy"": 0.6666666666666667, ""water"": 0.05493333333333334, ""transport"": 0.33333333333333337}","{""energy"": 1.0, ""water"": 1.0, ""transport"": 1.0}","{""energy"": 0.33333333333333326, ""water"": 0.9450666666666666, ""transport"": 0.6666666666666666}",12,0.425981604761682,,,[],,v2.0,0.7,0.3
S4_water_partial,155,155,12106453989289032113,scenario=S4_water_partial|method=both|duration=0|theta=0.300000|delta_threshold=0.100000|A=v2.0|w=na|run_id=155|seed=12106453989289032113,False,"{""step_1_amount"": 0.3013770392773269}",033832c9a51598bd69064fc3910037f6fde292830c04f0066e6d9779dc60f4ca,0.38314666666666675,0.4452122245382282,0.06206555787156143,18,0.0,0.0,0.38314666666666675,0.4452122245382282,0,0,0.06206555787156143,"{""energy"": 0.6666666666666667, ""water"": 0.05493333333333334, ""transport"": 0.33333333333333337}","{""energy"": 0.7078004003534422, ""water"": 0.18165463242999202, ""transport"": 0.35865224889284575}","{""energy"": 0.04113373368677542, ""water"": 0.1267212990966587, ""transport"": 0.02531891555951238}","{""energy"": 0.0, ""water"": 0.0, ""transport"": 0.0}","{""energy"": 0.0, ""water"": 0.0, ""transport"": 0.0}","{""energy"": 0.0, ""water"": 0.0, ""transport"": 0.0}",0.3,0.1,,0.38314666666666675,1.0,0.6168533333333333,1,"{""energy"": 0.6666666666666667, ""water"": 0.05493333333333334, ""transport"": 0.33333333333333337}","{""energy"": 1.0, ""water"": 1.0, ""transport"": 1.0}","{""energy"": 0.33333333333333326, ""water"": 0.9450666666666666, ""transport"": 0.6666666666666666}",11,0.4452122245382282,,,[],,v2.0,0.7,0.3
S4_water_partial,156,156,9134063263097761689,scenario=S4_water_partial|method=both|duration=0|theta=0.300000|delta_threshold=0.100000|A=v2.0|w=na|run_id=156|seed=9134063263097761689,False,"{""step_1_amount"": 0.5279725552015248}",033832c9a51598bd69064fc3910037f6fde292830c04f0066e6d9779dc60f4ca,0.38314666666666675,0.5839396642749203,0.20079299760825353,11,0.0,0.0,0.38314666666666675,0.5839396642749203,0,1,0.20079299760825353,"{""energy"": 0.6666666666666667, ""water"": 0.05493333333333334, ""transport"": 0.33333333333333337}","{""energy"": 0.7997415309396854, ""water"": 0.4648990273352393, ""transport"": 0.4152444789949142}","{""energy"": 0.13307486427301862, ""water"": 0.40996569400190597, ""transport"": 0.08191114566158081}","{""energy"": 0.0, ""water"": 0.0, ""transport"": 0.0}","{""energy"": 0.0, ""water"": 0.0, ""transport"": 0.0}","{""energy"": 0.0, ""water"": 0.0, ""transport"": 0.0}",0.3,0.1,,0.38314666666666675,1.0,0.6168533333333333,1,"{""energy"": 0.6666666666666667, ""water"": 0.05493333333333334, ""transport"": 0.33333333333333337}","{""energy"": 1.0, ""water"": 1.0, ""transport"": 1.0}","{""energy"": 0.33333333333333326, ""water"": 0.9450666666666666, ""transport"": 0.6666666666666666}",8,0.5839396642749203,,,[],,v2.0,0.7,0.3
S4_water_partial,157,157,12549063340412504958,scenario=S4_water_partial|method=both|duration=0|theta=0.300000|delta_threshold=0.100000|A=v2.0|w=na|run_id=157|seed=12549063340412504958,False,"{""step_1_amount"": 0.7187116399139979}",033832c9a51598bd69064fc3910037f6fde292830c04f0066e6d9779dc60f4ca,0.38314666666666675,0.7007149004130141,0.31756823374634735,12,0.0,0.0,0.38314666666666675,0.7007149004130141,0,1,0.31756823374634735,"{""energy"": 0.6666666666666667, ""water"": 0.05493333333333334, ""transport"": 0.33333333333333337}","{""energy"": 0.8771339145617714, ""water"": 0.7033228832258308, ""transport"": 0.4628815654018543}","{""energy"": 0.21046724789510463, ""water"": 0.6483895498924974, ""transport"": 0.12954823206852095}","{""energy"": 0.0, ""water"": 0.0, ""transport"": 0.0}","{""energy"": 0.0, ""water"": 0.0, ""transport"": 0.0}","{""energy"": 0.0, ""water"": 0.0, ""transport"": 0.0}",0.3,0.1,,0.38314666666666675,1.0,0.6168533333333333,1,"{""energy"": 0.6666666666666667, ""water"": 0.05493333333333334, ""transport"": 0.33333333333333337}","{""energy"": 1.0, ""water"": 1.0, ""transport"": 1.0}","{""energy"": 0.33333333333333326, ""water"": 0.9450666666666666, ""transport"": 0.6666666666666666}",6,0.7007149004130141,,,[],,v2.0,0.7,0.3
S4_water_partial,158,158,2822720678171713138,scenario=S4_water_partial|method=both|duration=0|theta=0.300000|delta_threshold=0.100000|A=v2.0|w=na|run_id=158|seed=2822720678171713138,False,"{""step_1_amount"": 0.470488302084428}",033832c9a51598bd69064fc3910037f6fde292830c04f0066e6d9779dc60f4ca,0.38314666666666675,0.5487463674103057,0.16559970074363894,16,0.0,0.0,0.38314666666666675,0.5487463674103057,0,1,0.16559970074363894,"{""energy"": 0.6666666666666667, ""water"": 0.05493333333333334, ""transport"": 0.33333333333333337}","{""energy"": 0.7764172952374234, ""water"": 0.39304371093886825, ""transport"": 0.40088778677891923}","{""energy"": 0.10975062857075668, ""water"": 0.3381103776055349, ""transport"": 0.06755445344558586}","{""energy"": 0.0, ""water"": 0.0, ""transport"": 0.0}","{""energy"": 0.0, ""water"": 0.0, ""transport"": 0.0}","{""energy"": 0.0, ""water"": 0.0, ""transport"": 0.0}",0.3,0.1,,0.38314666666666675,1.0,0.6168533333333333,1,"{""energy"": 0.6666666666666667, ""water"": 0.05493333333333334, ""transport"": 0.33333333333333337}","{""energy"": 1.0, ""water"": 1.0, ""transport"": 1.0}","{""energy"": 0.33333333333333326, ""water"": 0.9450666666666666, ""transport"": 0.6666666666666666}",9,0.5487463674103057,,,[],,v2.0,0.7,0.3
S4_water_partial,159,159,16547813494320969182,scenario=S4_water_partial|method=both|duration=0|theta=0.300000|delta_threshold=0.100000|A=v2.0|w=na|run_id=159|seed=16547813494320969182,False,"{""step_1_amount"": 0.07623979452724204}",033832c9a51598bd69064fc3910037f6fde292830c04f0066e6d9779dc60f4ca,0.38314666666666675,0.38314666666666675,0.0,16,0.0,0.0,0.38314666666666675,0.38314666666666675,0,0,0.0,"{""energy"": 0.6666666666666667, ""water"": 0.05493333333333334, ""transport"": 0.33333333333333337}","{""energy"": 0.6666666666666667, ""water"": 0.05493333333333334, ""transport"": 0.33333333333333337}","{""energy"": 0.0, ""water"": 0.0, ""transport"": 0.0}","{""energy"": 0.0, ""water"": 0.0, ""transport"": 0.0}","{""energy"": 0.0, ""water"": 0.0, ""transport"": 0.0}","{""energy"": 0.0, ""water"": 0.0, ""transport"": 0.0}",0.3,0.1,,0.38314666666666675,1.0,0.6168533333333333,1,"{""energy"": 0.6666666666666667, ""water"": 0.05493333333333334, ""transport"": 0.33333333333333337}","{""energy"": 1.0, ""water"": 1.0, ""transport"": 1.0}","{""energy"": 0.33333333333333326, ""water"": 0.9450666666666666, ""transport"": 0.6666666666666666}",13,0.38314666666666675,,,[],,v2.0,0.7,0.3
S4_water_partial,160,160,1026292351187235597,scenario=S4_water_partial|method=both|duration=0|theta=0.300000|delta_threshold=0.100000|A=v2.0|w=na|run_id=160|seed=1026292351187235597,False,"{""step_1_amount"": 0.3217431433227833}",033832c9a51598bd69064fc3910037f6fde292830c04f0066e6d9779dc60f4ca,0.38314666666666675,0.45768086258745766,0.07453419592079091,27,0.0,0.0,0.38314666666666675,0.45768086258745766,0,0,0.07453419592079091,"{""energy"": 0.6666666666666667, ""water"": 0.05493333333333334, ""transport"": 0.33333333333333337}","{""energy"": 0.7160639470698861, ""water"": 0.20711226248681236, ""transport"": 0.3637386833781985}","{""energy"": 0.049397280403219335, ""water"": 0.15217892915347903, ""transport"": 0.03040535004486511}","{""energy"": 0.0, ""water"": 0.0, ""transport"": 0.0}","{""energy"": 0.0, ""water"": 0.0, ""transport"": 0.0}","{""energy"": 0.0, ""water"": 0.0, ""transport"": 0.0}",0.3,0.1,,0.38314666666666675,1.0,0.6168533333333333,1,"{""energy"": 0.6666666666666667, ""water"": 0.05493333333333334, ""transport"": 0.33333333333333337}","{""energy"": 1.0, ""water"": 1.0, ""transport"": 1.0}","{""energy"": 0.33333333333333326, ""water"": 0.9450666666666666, ""transport"": 0.6666666666666666}",11,0.45768086258745766,,,[],,v2.0,0.7,0.3
S4_water_partial,161,161,7309096543448563349,scenario=S4_water_partial|method=both|duration=0|theta=0.300000|delta_threshold=0.100000|A=v2.0|w=na|run_id=161|seed=7309096543448563349,False,"{""step_1_amount"": 0.4585757177998044}",033832c9a51598bd69064fc3910037f6fde292830c04f0066e6d9779dc60f4ca,0.38314666666666675,0.5414531854966519,0.15830651882998514,12,0.0,0.0,0.38314666666666675,0.5414531854966519,0,1,0.15830651882998514,"{""energy"": 0.6666666666666667, ""water"": 0.05493333333333334, ""transport"": 0.33333333333333337}","{""energy"": 0.7715837641639374, ""water"": 0.37815298058308877, ""transport"": 0.3979126188538345}","{""energy"": 0.10491709749727063, ""water"": 0.32321964724975544, ""transport"": 0.06457928552050113}","{""energy"": 0.0, ""water"": 0.0, ""transport"": 0.0}","{""energy"": 0.0, ""water"": 0.0, ""transport"": 0.0}","{""energy"": 0.0, ""water"": 0.0, ""transport"": 0.0}",0.3,0.1,,0.38314666666666675,1.0,0.6168533333333333,1,"{""energy"": 0.6666666666666667, ""water"": 0.05493333333333334, ""transport"": 0.33333333333333337}","{""energy"": 1.0, ""water"": 1.0, ""transport"": 1.0}","{""energy"": 0.33333333333333326, ""water"": 0.9450666666666666, ""transport"": 0.6666666666666666}",9,0.5414531854966519,,,[],,v2.0,0.7,0.3
S4_water_partial,162,162,15256891086887283819,scenario=S4_water_partial|method=both|duration=0|theta=0.300000|delta_threshold=0.100000|A=v2.0|w=na|run_id=162|seed=15256891086887283819,False,"{""step_1_amount"": 0.4014833282418243}",033832c9a51598bd69064fc3910037f6fde292830c04f0066e6d9779dc60f4ca,0.38314666666666675,0.5064997972995176,0.1233531306328508,28,0.0,0.0,0.38314666666666675,0.5064997972995176,0,0,0.1233531306328508,"{""energy"": 0.6666666666666667, ""water"": 0.05493333333333334, ""transport"": 0.33333333333333337}","{""energy"": 0.7484185271007869, ""water"": 0.30678749363561375, ""transport"": 0.383653794561729}","{""energy"": 0.0817518604341202, ""water"": 0.2518541603022804, ""transport"": 0.05032046122839562}","{""energy"": 0.0, ""water"": 0.0, ""transport"": 0.0}","{""energy"": 0.0, ""water"": 0.0, ""transport"": 0.0}","{""energy"": 0.0, ""water"": 0.0, ""transport"": 0.0}",0.3,0.1,,0.38314666666666675,1.0,0.6168533333333333,1,"{""energy"": 0.6666666666666667, ""water"": 0.05493333333333334, ""transport"": 0.33333333333333337}","{""energy"": 1.0, ""water"": 1.0, ""transport"": 1.0}","{""energy"": 0.33333333333333326, ""water"": 0.9450666666666666, ""transport"": 0.6666666666666666}",10,0.5064997972995176,,,[],,v2.0,0.7,0.3
S4_water_partial,163,163,6492862095374446957,scenario=S4_water_partial|method=both|duration=0|theta=0.300000|delta_threshold=0.100000|A=v2.0|w=na|run_id=163|seed=6492862095374446957,False,"{""step_1_amount"": 0.4807504135995311}",033832c9a51598bd69064fc3910037f6fde292830c04f0066e6d9779dc60f4ca,0.38314666666666675,0.5550290886326397,0.17188242196597292,30,0.0,0.0,0.38314666666666675,0.5550290886326397,0,1,0.17188242196597292,"{""energy"": 0.6666666666666667, ""water"": 0.05493333333333334, ""transport"": 0.33333333333333337}","{""energy"": 0.7805811469846765, ""water"": 0.4058713503327473, ""transport"": 0.40345074912981627}","{""energy"": 0.11391448031800977, ""water"": 0.35093801699941396, ""transport"": 0.0701174157964829}","{""energy"": 0.0, ""water"": 0.0, ""transport"": 0.0}","{""energy"": 0.0, ""water"": 0.0, ""transport"": 0.0}","{""energy"": 0.0, ""water"": 0.0, ""transport"": 0.0}",0.3,0.1,,0.38314666666666675,1.0,0.6168533333333333,1,"{""energy"": 0.6666666666666667, ""water"": 0.05493333333333334, ""transport"": 0.33333333333333337}","{""energy"": 1.0, ""water"": 1.0, ""transport"": 1.0}","{""energy"": 0.33333333333333326, ""water"": 0.9450666666666666, ""transport"": 0.6666666666666666}",9,0.5550290886326397,,,[],,v2.0,0.7,0.3
S4_water_partial,164,164,1294763237732403702,scenario=S4_water_partial|method=both|duration=0|theta=0.300000|delta_threshold=0.100000|A=v2.0|w=na|run_id=164|seed=1294763237732403702,False,"{""step_1_amount"": 0.650039098852544}",033832c9a51598bd69064fc3910037f6fde292830c04f0066e6d9779dc60f4ca,0.38314666666666675,0.6586718539616655,0.27552518729499875,5,0.0,0.0,0.38314666666666675,0.6586718539616655,0,1,0.27552518729499875,"{""energy"": 0.6666666666666667, ""water"": 0.05493333333333334, ""transport"": 0.33333333333333337}","{""energy"": 0.8492700310260864, ""water"": 0.6174822068990133, ""transport"": 0.4457305982717562}","{""energy"": 0.1826033643594197, ""water"": 0.56254887356568, ""transport"": 0.11239726493842284}","{""energy"": 0.0, ""water"": 0.0, ""transport"": 0.0}","{""energy"": 0.0, ""water"": 0.0, ""transport"": 0.0}","{""energy"": 0.0, ""water"": 0.0, ""transport"": 0.0}",0.3,0.1,,0.38314666666666675,1.0,0.6168533333333333,1,"{""energy"": 0.6666666666666667, ""water"": 0.05493333333333334, ""transport"": 0.33333333333333337}","{""energy"": 1.0, ""water"": 1.0, ""transport"": 1.0}","{""energy"": 0.33333333333333326, ""water"": 0.9450666666666666, ""transport"": 0.6666666666666666}",6,0.6586718539616655,,,[],,v2.0,0.7,0.3
S4_water_partial,165,165,261705463904703409,scenario=S4_water_partial|method=both|duration=0|theta=0.300000|delta_threshold=0.100000|A=v2.0|w=na|run_id=165|seed=261705463904703409,False,"{""step_1_amount"": 0.255495690702158}",033832c9a51598bd69064fc3910037f6fde292830c04f0066e6d9779dc60f4ca,0.38314666666666675,0.4171225159067954,0.03397584924012864,30,0.0,0.0,0.38314666666666675,0.4171225159067954,0,0,0.03397584924012864,"{""energy"": 0.6666666666666667, ""water"": 0.05493333333333334, ""transport"": 0.33333333333333337}","{""energy"": 0.6891840431690673, ""water"": 0.12430294671103079, ""transport"": 0.3471933820861973}","{""energy"": 0.0225173765024006, ""water"": 0.06936961337769745, ""transport"": 0.013860048752863952}","{""energy"": 0.0, ""water"": 0.0, ""transport"": 0.0}","{""energy"": 0.0, ""water"": 0.0, ""transport"": 0.0}","{""energy"": 0.0, ""water"": 0.0, ""transport"": 0.0}",0.3,0.1,,0.38314666666666675,1.0,0.6168533333333333,1,"{""energy"": 0.6666666666666667, ""water"": 0.05493333333333334, ""transport"": 0.33333333333333337}","{""energy"": 1.0, ""water"": 1.0, ""transport"": 1.0}","{""energy"": 0.33333333333333326, ""water"": 0.9450666666666666, ""transport"": 0.6666666666666666}",12,0.4171225159067954,,,[],,v2.0,0.7,0.3
S4_water_partial,166,166,8277001547369344569,scenario=S4_water_partial|method=both|duration=0|theta=0.300000|delta_threshold=0.100000|A=v2.0|w=na|run_id=166|seed=8277001547369344569,False,"{""step_1_amount"": 0.8024882610971943}",033832c9a51598bd69064fc3910037f6fde292830c04f0066e6d9779dc60f4ca,0.38314666666666675,0.7520050423168965,0.3688583756502297,5,0.0,1.0,0.38314666666666675,0.7520050423168965,1,1,0.3688583756502297,"{""energy"": 0.6666666666666667, ""water"": 0.05493333333333334, ""transport"": 0.33333333333333337}","{""energy"": 0.9111262786068532, ""water"": 0.8080436597048262, ""transport"": 0.48380477654235765}","{""energy"": 0.2444596119401865, ""water"": 0.7531103263714928, ""transport"": 0.15047144320902428}","{""energy"": 0.0, ""water"": 0.0, ""transport"": 0.0}","{""energy"": 1.0, ""water"": 1.0, ""transport"": 1.0}","{""energy"": 1.0, ""water"": 1.0, ""transport"": 1.0}",0.3,0.1,,0.38314666666666675,1.0,0.6168533333333333,1,"{""energy"": 0.6666666666666667, ""water"": 0.05493333333333334, ""transport"": 0.33333333333333337}","{""energy"": 1.0, ""water"": 1.0, ""transport"": 1.0}","{""energy"": 0.33333333333333326, ""water"": 0.9450666666666666, ""transport"": 0.6666666666666666}",5,0.7520050423168965,,,"[""energy"", ""transport""]",1,v2.0,0.7,0.3
S4_water_partial,167,167,10247379012770192258,scenario=S4_water_partial|method=both|duration=0|theta=0.300000|delta_threshold=0.100000|A=v2.0|w=na|run_id=167|seed=10247379012770192258,False,"{""step_1_amount"": 0.29329755462192425}",033832c9a51598bd69064fc3910037f6fde292830c04f0066e6d9779dc60f4ca,0.38314666666666675,0.44026576204507434,0.05711909537840759,16,0.0,0.0,0.38314666666666675,0.44026576204507434,0,0,0.05711909537840759,"{""energy"": 0.6666666666666667, ""water"": 0.05493333333333334, ""transport"": 0.33333333333333337}","{""energy"": 0.7045221494545125, ""water"": 0.17155527661073872, ""transport"": 0.35663439760015897}","{""energy"": 0.037855482787845784, ""water"": 0.11662194327740538, ""transport"": 0.0233010642668256}","{""energy"": 0.0, ""water"": 0.0, ""transport"": 0.0}","{""energy"": 0.0, ""water"": 0.0, ""transport"": 0.0}","{""energy"": 0.0, ""water"": 0.0, ""transport"": 0.0}",0.3,0.1,,0.38314666666666675,1.0,0.6168533333333333,1,"{""energy"": 0.6666666666666667, ""water"": 0.05493333333333334, ""transport"": 0.33333333333333337}","{""energy"": 1.0, ""water"": 1.0, ""transport"": 1.0}","{""energy"": 0.33333333333333326, ""water"": 0.9450666666666666, ""transport"": 0.6666666666666666}",11,0.44026576204507434,,,[],,v2.0,0.7,0.3
S4_water_partial,168,168,10974135110597787909,scenario=S4_water_partial|method=both|duration=0|theta=0.300000|delta_threshold=0.100000|A=v2.0|w=na|run_id=168|seed=10974135110597787909,False,"{""step_1_amount"": 0.02142143006348153}",033832c9a51598bd69064fc3910037f6fde292830c04f0066e6d9779dc60f4ca,0.38314666666666675,0.38314666666666675,0.0,30,0.0,0.0,0.38314666666666675,0.38314666666666675,0,0,0.0,"{""energy"": 0.6666666666666667, ""water"": 0.05493333333333334, ""transport"": 0.33333333333333337}","{""energy"": 0.6666666666666667, ""water"": 0.05493333333333334, ""transport"": 0.33333333333333337}","{""energy"": 0.0, ""water"": 0.0, ""transport"": 0.0}","{""energy"": 0.0, ""water"": 0.0, ""transport"": 0.0}","{""energy"": 0.0, ""water"": 0.0, ""transport"": 0.0}","{""energy"": 0.0, ""water"": 0.0, ""transport"": 0.0}",0.3,0.1,,0.38314666666666675,1.0,0.6168533333333333,1,"{""energy"": 0.6666666666666667, ""water"": 0.05493333333333334, ""transport"": 0.33333333333333337}","{""energy"": 1.0, ""water"": 1.0, ""transport"": 1.0}","{""energy"": 0.33333333333333326, ""water"": 0.9450666666666666, ""transport"": 0.6666666666666666}",13,0.38314666666666675,,,[],,v2.0,0.7,0.3
S4_water_partial,169,169,5930033845584582276,scenario=S4_water_partial|method=both|duration=0|theta=0.300000|delta_threshold=0.100000|A=v2.0|w=na|run_id=169|seed=5930033845584582276,False,"{""step_1_amount"": 0.5268162110338604}",033832c9a51598bd69064fc3910037f6fde292830c04f0066e6d9779dc60f4ca,0.38314666666666675,0.5832317214668719,0.2000850548002051,14,0.0,0.0,0.38314666666666675,0.5832317214668719,0,1,0.2000850548002051,"{""energy"": 0.6666666666666667, ""water"": 0.05493333333333334, ""transport"": 0.33333333333333337}","{""energy"": 0.7992723442936556, ""water"": 0.46345359712565887, ""transport"": 0.41495568203904}","{""energy"": 0.13260567762698883, ""water"": 0.40852026379232553, ""transport"": 0.08162234870570662}","{""energy"": 0.0, ""water"": 0.0, ""transport"": 0.0}","{""energy"": 0.0, ""water"": 0.0, ""transport"": 0.0}","{""energy"": 0.0, ""water"": 0.0, ""transport"": 0.0}",0.3,0.1,,0.38314666666666675,1.0,0.6168533333333333,1,"{""energy"": 0.6666666666666667, ""water"": 0.05493333333333334, ""transport"": 0.33333333333333337}","{""energy"": 1.0, ""water"": 1.0, ""transport"": 1.0}","{""energy"": 0.33333333333333326, ""water"": 0.9450666666666666, ""transport"": 0.6666666666666666}",8,0.5832317214668719,,,[],,v2.0,0.7,0.3
S4_water_partial,170,170,15238018040537367665,scenario=S4_water_partial|method=both|duration=0|theta=0.300000|delta_threshold=0.100000|A=v2.0|w=na|run_id=170|seed=15238018040537367665,False,"{""step_1_amount"": 0.2791009772559017}",033832c9a51598bd69064fc3910037f6fde292830c04f0066e6d9779dc60f4ca,0.38314666666666675,0.4315742624671612,0.04842759580049444,14,0.0,0.0,0.38314666666666675,0.4315742624671612,0,0,0.04842759580049444,"{""energy"": 0.6666666666666667, ""water"": 0.05493333333333334, ""transport"": 0.33333333333333337}","{""energy"": 0.6987618881882489, ""water"": 0.15380955490321052, ""transport"": 0.35308880240299484}","{""energy"": 0.03209522152158217, ""water"": 0.09887622156987719, ""transport"": 0.01975546906966147}","{""energy"": 0.0, ""water"": 0.0, ""transport"": 0.0}","{""energy"": 0.0, ""water"": 0.0, ""transport"": 0.0}","{""energy"": 0.0, ""water"": 0.0, ""transport"": 0.0}",0.3,0.1,,0.38314666666666675,1.0,0.6168533333333333,1,"{""energy"": 0.6666666666666667, ""water"": 0.05493333333333334, ""transport"": 0.33333333333333337}","{""energy"": 1.0, ""water"": 1.0, ""transport"": 1.0}","{""energy"": 0.33333333333333326, ""water"": 0.9450666666666666, ""transport"": 0.6666666666666666}",11,0.4315742624671612,,,[],,v2.0,0.7,0.3
S4_water_partial,171,171,7930116514883572282,scenario=S4_water_partial|method=both|duration=0|theta=0.300000|delta_threshold=0.100000|A=v2.0|w=na|run_id=171|seed=7930116514883572282,False,"{""step_1_amount"": 0.27221971425566666}",033832c9a51598bd69064fc3910037f6fde292830c04f0066e6d9779dc60f4ca,0.38314666666666675,0.4273613812268422,0.04421471456017545,14,0.0,0.0,0.38314666666666675,0.4273613812268422,0,0,0.04421471456017545,"{""energy"": 0.6666666666666667, ""water"": 0.05493333333333334, ""transport"": 0.33333333333333337}","{""energy"": 0.6959698157259034, ""water"": 0.14520797615291664, ""transport"": 0.3513702069686861}","{""energy"": 0.0293031490592367, ""water"": 0.0902746428195833, ""transport"": 0.018036873635352724}","{""energy"": 0.0, ""water"": 0.0, ""transport"": 0.0}","{""energy"": 0.0, ""water"": 0.0, ""transport"": 0.0}","{""energy"": 0.0, ""water"": 0.0, ""transport"": 0.0}",0.3,0.1,,0.38314666666666675,1.0,0.6168533333333333,1,"{""energy"": 0.6666666666666667, ""water"": 0.05493333333333334, ""transport"": 0.33333333333333337}","{""energy"": 1.0, ""water"": 1.0, ""transport"": 1.0}","{""energy"": 0.33333333333333326, ""water"": 0.9450666666666666, ""transport"": 0.6666666666666666}",11,0.4273613812268422,,,[],,v2.0,0.7,0.3
S4_water_partial,172,172,4438524096854737134,scenario=S4_water_partial|method=both|duration=0|theta=0.300000|delta_threshold=0.100000|A=v2.0|w=na|run_id=172|seed=4438524096854737134,False,"{""step_1_amount"": 0.1137254746286165}",033832c9a51598bd69064fc3910037f6fde292830c04f0066e6d9779dc60f4ca,0.38314666666666675,0.38314666666666675,0.0,17,0.0,0.0,0.38314666666666675,0.38314666666666675,0,0,0.0,"{""energy"": 0.6666666666666667, ""water"": 0.05493333333333334, ""transport"": 0.33333333333333337}","{""energy"": 0.6666666666666667, ""water"": 0.05493333333333334, ""transport"": 0.33333333333333337}","{""energy"": 0.0, ""water"": 0.0, ""transport"": 0.0}","{""energy"": 0.0, ""water"": 0.0, ""transport"": 0.0}","{""energy"": 0.0, ""water"": 0.0, ""transport"": 0.0}","{""energy"": 0.0, ""water"": 0.0, ""transport"": 0.0}",0.3,0.1,,0.38314666666666675,1.0,0.6168533333333333,1,"{""energy"": 0.6666666666666667, ""water"": 0.05493333333333334, ""transport"": 0.33333333333333337}","{""energy"": 1.0, ""water"": 1.0, ""transport"": 1.0}","{""energy"": 0.33333333333333326, ""water"": 0.9450666666666666, ""transport"": 0.6666666666666666}",13,0.38314666666666675,,,[],,v2.0,0.7,0.3
S4_water_partial,173,173,2540029836188668300,scenario=S4_water_partial|method=both|duration=0|theta=0.300000|delta_threshold=0.100000|A=v2.0|w=na|run_id=173|seed=2540029836188668300,False,"{""step_1_amount"": 0.6895437527170707}",033832c9a51598bd69064fc3910037f6fde292830c04f0066e6d9779dc60f4ca,0.38314666666666675,0.6828575906738754,0.29971092400720867,28,0.0,0.0,0.38314666666666675,0.6828575906738754,0,1,0.29971092400720867,"{""energy"": 0.6666666666666667, ""water"": 0.05493333333333334, ""transport"": 0.33333333333333337}","{""energy"": 0.8652990443316182, ""water"": 0.6668630242296717, ""transport"": 0.4555968855744218}","{""energy"": 0.19863237766495145, ""water"": 0.6119296908963383, ""transport"": 0.12226355224108842}","{""energy"": 0.0, ""water"": 0.0, ""transport"": 0.0}","{""energy"": 0.0, ""water"": 0.0, ""transport"": 0.0}","{""energy"": 0.0, ""water"": 0.0, ""transport"": 0.0}",0.3,0.1,,0.38314666666666675,1.0,0.6168533333333333,1,"{""energy"": 0.6666666666666667, ""water"": 0.05493333333333334, ""transport"": 0.33333333333333337}","{""energy"": 1.0, ""water"": 1.0, ""transport"": 1.0}","{""energy"": 0.33333333333333326, ""water"": 0.9450666666666666, ""transport"": 0.6666666666666666}",6,0.6828575906738754,,,[],,v2.0,0.7,0.3
S4_water_partial,174,174,5216708074242937460,scenario=S4_water_partial|method=both|duration=0|theta=0.300000|delta_threshold=0.100000|A=v2.0|w=na|run_id=174|seed=5216708074242937460,False,"{""step_1_amount"": 0.46581529918648124}",033832c9a51598bd69064fc3910037f6fde292830c04f0066e6d9779dc60f4ca,0.38314666666666675,0.5458854382111102,0.1627387715444435,29,0.0,0.0,0.38314666666666675,0.5458854382111102,0,1,0.1627387715444435,"{""energy"": 0.6666666666666667, ""water"": 0.05493333333333334, ""transport"": 0.33333333333333337}","{""energy"": 0.7745212243115815, ""water"": 0.38720245731643493, ""transport"": 0.39972070430515705}","{""energy"": 0.1078545576449148, ""water"": 0.3322691239831016, ""transport"": 0.06638737097182368}","{""energy"": 0.0, ""water"": 0.0, ""transport"": 0.0}","{""energy"": 0.0, ""water"": 0.0, ""transport"": 0.0}","{""energy"": 0.0, ""water"": 0.0, ""transport"": 0.0}",0.3,0.1,,0.38314666666666675,1.0,0.6168533333333333,1,"{""energy"": 0.6666666666666667, ""water"": 0.05493333333333334, ""transport"": 0.33333333333333337}","{""energy"": 1.0, ""water"": 1.0, ""transport"": 1.0}","{""energy"": 0.33333333333333326, ""water"": 0.9450666666666666, ""transport"": 0.6666666666666666}",9,0.5458854382111102,,,[],,v2.0,0.7,0.3
S4_water_partial,175,175,6370444299671953694,scenario=S4_water_partial|method=both|duration=0|theta=0.300000|delta_threshold=0.100000|A=v2.0|w=na|run_id=175|seed=6370444299671953694,False,"{""step_1_amount"": 0.3642294799408837}",033832c9a51598bd69064fc3910037f6fde292830c04f0066e6d9779dc60f4ca,0.38314666666666675,0.48369206002347426,0.10054539335680751,16,0.0,0.0,0.38314666666666675,0.48369206002347426,0,0,0.10054539335680751,"{""energy"": 0.6666666666666667, ""water"": 0.05493333333333334, ""transport"": 0.33333333333333337}","{""energy"": 0.7333027781526803, ""water"": 0.260220183259438, ""transport"": 0.37434964594856907}","{""energy"": 0.06663611148601356, ""water"": 0.2052868499261047, ""transport"": 0.041016312615235695}","{""energy"": 0.0, ""water"": 0.0, ""transport"": 0.0}","{""energy"": 0.0, ""water"": 0.0, ""transport"": 0.0}","{""energy"": 0.0, ""water"": 0.0, ""transport"": 0.0}",0.3,0.1,,0.38314666666666675,1.0,0.6168533333333333,1,"{""energy"": 0.6666666666666667, ""water"": 0.05493333333333334, ""transport"": 0.33333333333333337}","{""energy"": 1.0, ""water"": 1.0, ""transport"": 1.0}","{""energy"": 0.33333333333333326, ""water"": 0.9450666666666666, ""transport"": 0.6666666666666666}",10,0.48369206002347426,,,[],,v2.0,0.7,0.3
S4_water_partial,176,176,9975050831078869761,scenario=S4_water_partial|method=both|duration=0|theta=0.300000|delta_threshold=0.100000|A=v2.0|w=na|run_id=176|seed=9975050831078869761,False,"{""step_1_amount"": 0.44904711985187334}",033832c9a51598bd69064fc3910037f6fde292830c04f0066e6d9779dc60f4ca,0.38314666666666675,0.5356195396179798,0.15247287295131307,8,0.0,0.0,0.38314666666666675,0.5356195396179798,0,1,0.15247287295131307,"{""energy"": 0.6666666666666667, ""water"": 0.05493333333333334, ""transport"": 0.33333333333333337}","{""energy"": 0.7677175355465643, ""water"": 0.36624223314817494, ""transport"": 0.3955328515163387}","{""energy"": 0.10105086887989756, ""water"": 0.3113088998148416, ""transport"": 0.06219951818300534}","{""energy"": 0.0, ""water"": 0.0, ""transport"": 0.0}","{""energy"": 0.0, ""water"": 0.0, ""transport"": 0.0}","{""energy"": 0.0, ""water"": 0.0, ""transport"": 0.0}",0.3,0.1,,0.38314666666666675,1.0,0.6168533333333333,1,"{""energy"": 0.6666666666666667, ""water"": 0.05493333333333334, ""transport"": 0.33333333333333337}","{""energy"": 1.0, ""water"": 1.0, ""transport"": 1.0}","{""energy"": 0.33333333333333326, ""water"": 0.9450666666666666, ""transport"": 0.6666666666666666}",9,0.5356195396179798,,,[],,v2.0,0.7,0.3
S4_water_partial,177,177,6221179847562989283,scenario=S4_water_partial|method=both|duration=0|theta=0.300000|delta_threshold=0.100000|A=v2.0|w=na|run_id=177|seed=6221179847562989283,False,"{""step_1_amount"": 0.1069324271675575}",033832c9a51598bd69064fc3910037f6fde292830c04f0066e6d9779dc60f4ca,0.38314666666666675,0.38314666666666675,0.0,26,0.0,0.0,0.38314666666666675,0.38314666666666675,0,0,0.0,"{""energy"": 0.6666666666666667, ""water"": 0.05493333333333334, ""transport"": 0.33333333333333337}","{""energy"": 0.6666666666666667, ""water"": 0.05493333333333334, ""transport"": 0.33333333333333337}","{""energy"": 0.0, ""water"": 0.0, ""transport"": 0.0}","{""energy"": 0.0, ""water"": 0.0, ""transport"": 0.0}","{""energy"": 0.0, ""water"": 0.0, ""transport"": 0.0}","{""energy"": 0.0, ""water"": 0.0, ""transport"": 0.0}",0.3,0.1,,0.38314666666666675,1.0,0.6168533333333333,1,"{""energy"": 0.6666666666666667, ""water"": 0.05493333333333334, ""transport"": 0.33333333333333337}","{""energy"": 1.0, ""water"": 1.0, ""transport"": 1.0}","{""energy"": 0.33333333333333326, ""water"": 0.9450666666666666, ""transport"": 0.6666666666666666}",13,0.38314666666666675,,,[],,v2.0,0.7,0.3
S4_water_partial,178,178,3744741835261648142,scenario=S4_water_partial|method=both|duration=0|theta=0.300000|delta_threshold=0.100000|A=v2.0|w=na|run_id=178|seed=3744741835261648142,False,"{""step_1_amount"": 0.6158826382794925}",033832c9a51598bd69064fc3910037f6fde292830c04f0066e6d9779dc60f4ca,0.38314666666666675,0.6377604148873292,0.2546137482206624,22,0.0,0.0,0.38314666666666675,0.6377604148873292,0,1,0.2546137482206624,"{""energy"": 0.6666666666666667, ""water"": 0.05493333333333334, ""transport"": 0.33333333333333337}","{""energy"": 0.8354110471485708, ""water"": 0.574786631182699, ""transport"": 0.43720002224363663}","{""energy"": 0.1687443804819041, ""water"": 0.5198532978493656, ""transport"": 0.10386668891030326}","{""energy"": 0.0, ""water"": 0.0, ""transport"": 0.0}","{""energy"": 0.0, ""water"": 0.0, ""transport"": 0.0}","{""energy"": 0.0, ""water"": 0.0, ""transport"": 0.0}",0.3,0.1,,0.38314666666666675,1.0,0.6168533333333333,1,"{""energy"": 0.6666666666666667, ""water"": 0.05493333333333334, ""transport"": 0.33333333333333337}","{""energy"": 1.0, ""water"": 1.0, ""transport"": 1.0}","{""energy"": 0.33333333333333326, ""water"": 0.9450666666666666, ""transport"": 0.6666666666666666}",7,0.6377604148873292,,,[],,v2.0,0.7,0.3
S4_water_partial,179,179,18418591024747808428,scenario=S4_water_partial|method=both|duration=0|theta=0.300000|delta_threshold=0.100000|A=v2.0|w=na|run_id=179|seed=18418591024747808428,False,"{""step_1_amount"": 0.4281566905384588}",033832c9a51598bd69064fc3910037f6fde292830c04f0066e6d9779dc60f4ca,0.38314666666666675,0.5228298965315746,0.1396832298649079,25,0.0,0.0,0.38314666666666675,0.5228298965315746,0,0,0.1396832298649079,"{""energy"": 0.6666666666666667, ""water"": 0.05493333333333334, ""transport"": 0.33333333333333337}","{""energy"": 0.7592412438526464, ""water"": 0.3401291965064069, ""transport"": 0.3903154667953135}","{""energy"": 0.09257457718597961, ""water"": 0.28519586317307355, ""transport"": 0.05698213346198011}","{""energy"": 0.0, ""water"": 0.0, ""transport"": 0.0}","{""energy"": 0.0, ""water"": 0.0, ""transport"": 0.0}","{""energy"": 0.0, ""water"": 0.0, ""transport"": 0.0}",0.3,0.1,,0.38314666666666675,1.0,0.6168533333333333,1,"{""energy"": 0.6666666666666667, ""water"": 0.05493333333333334, ""transport"": 0.33333333333333337}","{""energy"": 1.0, ""water"": 1.0, ""transport"": 1.0}","{""energy"": 0.33333333333333326, ""water"": 0.9450666666666666, ""transport"": 0.6666666666666666}",9,0.5228298965315746,,,[],,v2.0,0.7,0.3
S4_water_partial,180,180,6663071228932407077,scenario=S4_water_partial|method=both|duration=0|theta=0.300000|delta_threshold=0.100000|A=v2.0|w=na|run_id=180|seed=6663071228932407077,False,"{""step_1_amount"": 0.5305687947622989}",033832c9a51598bd69064fc3910037f6fde292830c04f0066e6d9779dc60f4ca,0.38314666666666675,0.5855291470400151,0.20238248037334838,29,0.0,0.0,0.38314666666666675,0.5855291470400151,0,1,0.20238248037334838,"{""energy"": 0.6666666666666667, ""water"": 0.05493333333333334, ""transport"": 0.33333333333333337}","{""energy"": 0.8007949551414695, ""water"": 0.468144326786207, ""transport"": 0.41589288982521755}","{""energy"": 0.13412828847480274, ""water"": 0.41321099345287365, ""transport"": 0.08255955649188418}","{""energy"": 0.0, ""water"": 0.0, ""transport"": 0.0}","{""energy"": 0.0, ""water"": 0.0, ""transport"": 0.0}","{""energy"": 0.0, ""water"": 0.0, ""transport"": 0.0}",0.3,0.1,,0.38314666666666675,1.0,0.6168533333333333,1,"{""energy"": 0.6666666666666667, ""water"": 0.05493333333333334, ""transport"": 0.33333333333333337}","{""energy"": 1.0, ""water"": 1.0, ""transport"": 1.0}","{""energy"": 0.33333333333333326, ""water"": 0.9450666666666666, ""transport"": 0.6666666666666666}",8,0.5855291470400151,,,[],,v2.0,0.7,0.3
S4_water_partial,181,181,2211197352133667687,scenario=S4_water_partial|method=both|duration=0|theta=0.300000|delta_threshold=0.100000|A=v2.0|w=na|run_id=181|seed=2211197352133667687,False,"{""step_1_amount"": 0.2269071071460372}",033832c9a51598bd69064fc3910037f6fde292830c04f0066e6d9779dc60f4ca,0.38314666666666675,0.39961987033914936,0.016473203672482617,20,0.0,0.0,0.38314666666666675,0.39961987033914936,0,0,0.016473203672482617,"{""energy"": 0.6666666666666667, ""water"": 0.05493333333333334, ""transport"": 0.33333333333333337}","{""energy"": 0.6775842253911714, ""water"": 0.08856721726587986, ""transport"": 0.3400533833430562}","{""energy"": 0.010917558724504617, ""water"": 0.03363388393254652, ""transport"": 0.006720050009722811}","{""energy"": 0.0, ""water"": 0.0, ""transport"": 0.0}","{""energy"": 0.0, ""water"": 0.0, ""transport"": 0.0}","{""energy"": 0.0, ""water"": 0.0, ""transport"": 0.0}",0.3,0.1,,0.38314666666666675,1.0,0.6168533333333333,1,"{""energy"": 0.6666666666666667, ""water"": 0.05493333333333334, ""transport"": 0.33333333333333337}","{""energy"": 1.0, ""water"": 1.0, ""transport"": 1.0}","{""energy"": 0.33333333333333326, ""water"": 0.9450666666666666, ""transport"": 0.6666666666666666}",12,0.39961987033914936,,,[],,v2.0,0.7,0.3
S4_water_partial,182,182,13500908726514455281,scenario=S4_water_partial|method=both|duration=0|theta=0.300000|delta_threshold=0.100000|A=v2.0|w=na|run_id=182|seed=13500908726514455281,False,"{""step_1_amount"": 0.1783368243882929}",033832c9a51598bd69064fc3910037f6fde292830c04f0066e6d9779dc60f4ca,0.38314666666666675,0.38314666666666675,0.0,23,0.0,0.0,0.38314666666666675,0.38314666666666675,0,0,0.0,"{""energy"": 0.6666666666666667, ""water"": 0.05493333333333334, ""transport"": 0.33333333333333337}","{""energy"": 0.6666666666666667, ""water"": 0.05493333333333334, ""transport"": 0.33333333333333337}","{""energy"": 0.0, ""water"": 0.0, ""transport"": 0.0}","{""energy"": 0.0, ""water"": 0.0, ""transport"": 0.0}","{""energy"": 0.0, ""water"": 0.0, ""transport"": 0.0}","{""energy"": 0.0, ""water"": 0.0, ""transport"": 0.0}",0.3,0.1,,0.38314666666666675,1.0,0.6168533333333333,1,"{""energy"": 0.6666666666666667, ""water"": 0.05493333333333334, ""transport"": 0.33333333333333337}","{""energy"": 1.0, ""water"": 1.0, ""transport"": 1.0}","{""energy"": 0.33333333333333326, ""water"": 0.9450666666666666, ""transport"": 0.6666666666666666}",13,0.38314666666666675,,,[],,v2.0,0.7,0.3
S4_water_partial,183,183,16748736034227582733,scenario=S4_water_partial|method=both|duration=0|theta=0.300000|delta_threshold=0.100000|A=v2.0|w=na|run_id=183|seed=16748736034227582733,False,"{""step_1_amount"": 0.3909167215208583}",033832c9a51598bd69064fc3910037f6fde292830c04f0066e6d9779dc60f4ca,0.38314666666666675,0.5000306564997742,0.11688398983310744,12,0.0,0.0,0.38314666666666675,0.5000306564997742,0,0,0.11688398983310744,"{""energy"": 0.6666666666666667, ""water"": 0.05493333333333334, ""transport"": 0.33333333333333337}","{""energy"": 0.744131126423755, ""water"": 0.29357923523440627, ""transport"": 0.3810147845331677}","{""energy"": 0.07746445975708827, ""water"": 0.23864590190107293, ""transport"": 0.04768145119983436}","{""energy"": 0.0, ""water"": 0.0, ""transport"": 0.0}","{""energy"": 0.0, ""water"": 0.0, ""transport"": 0.0}","{""energy"": 0.0, ""water"": 0.0, ""transport"": 0.0}",0.3,0.1,,0.38314666666666675,1.0,0.6168533333333333,1,"{""energy"": 0.6666666666666667, ""water"": 0.05493333333333334, ""transport"": 0.33333333333333337}","{""energy"": 1.0, ""water"": 1.0, ""transport"": 1.0}","{""energy"": 0.33333333333333326, ""water"": 0.9450666666666666, ""transport"": 0.6666666666666666}",10,0.5000306564997742,,,[],,v2.0,0.7,0.3
S4_water_partial,184,184,4393309216767779320,scenario=S4_water_partial|method=both|duration=0|theta=0.300000|delta_threshold=0.100000|A=v2.0|w=na|run_id=184|seed=4393309216767779320,False,"{""step_1_amount"": 0.1486113805077104}",033832c9a51598bd69064fc3910037f6fde292830c04f0066e6d9779dc60f4ca,0.38314666666666675,0.38314666666666675,0.0,17,0.0,0.0,0.38314666666666675,0.38314666666666675,0,0,0.0,"{""energy"": 0.6666666666666667, ""water"": 0.05493333333333334, ""transport"": 0.33333333333333337}","{""energy"": 0.6666666666666667, ""water"": 0.05493333333333334, ""transport"": 0.33333333333333337}","{""energy"": 0.0, ""water"": 0.0, ""transport"": 0.0}","{""energy"": 0.0, ""water"": 0.0, ""transport"": 0.0}","{""energy"": 0.0, ""water"": 0.0, ""transport"": 0.0}","{""energy"": 0.0, ""water"": 0.0, ""transport"": 0.0}",0.3,0.1,,0.38314666666666675,1.0,0.6168533333333333,1,"{""energy"": 0.6666666666666667, ""water"": 0.05493333333333334, ""transport"": 0.33333333333333337}","{""energy"": 1.0, ""water"": 1.0, ""transport"": 1.0}","{""energy"": 0.33333333333333326, ""water"": 0.9450666666666666, ""transport"": 0.6666666666666666}",13,0.38314666666666675,,,[],,v2.0,0.7,0.3
S4_water_partial,185,185,14726463720518671677,scenario=S4_water_partial|method=both|duration=0|theta=0.300000|delta_threshold=0.100000|A=v2.0|w=na|run_id=185|seed=14726463720518671677,False,"{""step_1_amount"": 0.9234723378265115}",033832c9a51598bd69064fc3910037f6fde292830c04f0066e6d9779dc60f4ca,0.38314666666666675,0.8260745186925028,0.44292785202583607,25,0.0,1.0,0.38314666666666675,0.8260745186925028,1,1,0.44292785202583607,"{""energy"": 0.6666666666666667, ""water"": 0.05493333333333334, ""transport"": 0.33333333333333337}","{""energy"": 0.9602155677397738, ""water"": 0.9592737556164728, ""transport"": 0.5140205497055046}","{""energy"": 0.29354890107310705, ""water"": 0.9043404222831394, ""transport"": 0.18068721637217122}","{""energy"": 0.0, ""water"": 0.0, ""transport"": 0.0}","{""energy"": 1.0, ""water"": 1.0, ""transport"": 1.0}","{""energy"": 1.0, ""water"": 1.0, ""transport"": 1.0}",0.3,0.1,,0.38314666666666675,1.0,0.6168533333333333,1,"{""energy"": 0.6666666666666667, ""water"": 0.05493333333333334, ""transport"": 0.33333333333333337}","{""energy"": 1.0, ""water"": 1.0, ""transport"": 1.0}","{""energy"": 0.33333333333333326, ""water"": 0.9450666666666666, ""transport"": 0.6666666666666666}",3,0.8260745186925028,,,"[""energy"", ""transport""]",1,v2.0,0.7,0.3
S4_water_partial,186,186,8291788841512945464,scenario=S4_water_partial|method=both|duration=0|theta=0.300000|delta_threshold=0.100000|A=v2.0|w=na|run_id=186|seed=8291788841512945464,False,"{""step_1_amount"": 0.5995654102922567}",033832c9a51598bd69064fc3910037f6fde292830c04f0066e6d9779dc60f4ca,0.38314666666666675,0.6277705999828436,0.24462393331617682,15,0.0,0.0,0.38314666666666675,0.6277705999828436,0,1,0.24462393331617682,"{""energy"": 0.6666666666666667, ""water"": 0.05493333333333334, ""transport"": 0.33333333333333337}","{""energy"": 0.8287903318927499, ""water"": 0.5543900961986543, ""transport"": 0.43312479455382447}","{""energy"": 0.16212366522608312, ""water"": 0.499456762865321, ""transport"": 0.0997914612204911}","{""energy"": 0.0, ""water"": 0.0, ""transport"": 0.0}","{""energy"": 0.0, ""water"": 0.0, ""transport"": 0.0}","{""energy"": 0.0, ""water"": 0.0, ""transport"": 0.0}",0.3,0.1,,0.38314666666666675,1.0,0.6168533333333333,1,"{""energy"": 0.6666666666666667, ""water"": 0.05493333333333334, ""transport"": 0.33333333333333337}","{""energy"": 1.0, ""water"": 1.0, ""transport"": 1.0}","{""energy"": 0.33333333333333326, ""water"": 0.9450666666666666, ""transport"": 0.6666666666666666}",7,0.6277705999828436,,,[],,v2.0,0.7,0.3
S4_water_partial,187,187,256752218625524155,scenario=S4_water_partial|method=both|duration=0|theta=0.300000|delta_threshold=0.100000|A=v2.0|w=na|run_id=187|seed=256752218625524155,False,"{""step_1_amount"": 0.6208990697831981}",033832c9a51598bd69064fc3910037f6fde292830c04f0066e6d9779dc60f4ca,0.38314666666666675,0.6408315996646853,0.25768493299801853,12,0.0,0.0,0.38314666666666675,0.6408315996646853,0,1,0.25768493299801853,"{""energy"": 0.6666666666666667, ""water"": 0.05493333333333334, ""transport"": 0.33333333333333337}","{""energy"": 0.8374464642311994, ""water"": 0.5810571705623311, ""transport"": 0.43845287601168714}","{""energy"": 0.17077979756453265, ""water"": 0.5261238372289977, ""transport"": 0.10511954267835377}","{""energy"": 0.0, ""water"": 0.0, ""transport"": 0.0}","{""energy"": 0.0, ""water"": 0.0, ""transport"": 0.0}","{""energy"": 0.0, ""water"": 0.0, ""transport"": 0.0}",0.3,0.1,,0.38314666666666675,1.0,0.6168533333333333,1,"{""energy"": 0.6666666666666667, ""water"": 0.05493333333333334, ""transport"": 0.33333333333333337}","{""energy"": 1.0, ""water"": 1.0, ""transport"": 1.0}","{""energy"": 0.33333333333333326, ""water"": 0.9450666666666666, ""transport"": 0.6666666666666666}",7,0.6408315996646853,,,[],,v2.0,0.7,0.3
S4_water_partial,188,188,18254885089835973671,scenario=S4_water_partial|method=both|duration=0|theta=0.300000|delta_threshold=0.100000|A=v2.0|w=na|run_id=188|seed=18254885089835973671,False,"{""step_1_amount"": 0.37974654078083864}",033832c9a51598bd69064fc3910037f6fde292830c04f0066e6d9779dc60f4ca,0.38314666666666675,0.49319199259621566,0.11004532592954891,30,0.0,0.0,0.38314666666666675,0.49319199259621566,0,0,0.11004532592954891,"{""energy"": 0.6666666666666667, ""water"": 0.05493333333333334, ""transport"": 0.33333333333333337}","{""energy"": 0.739598825588492, ""water"": 0.2796165093093816, ""transport"": 0.37822503189334783}","{""energy"": 0.07293215892182525, ""water"": 0.22468317597604825, ""transport"": 0.04489169856001446}","{""energy"": 0.0, ""water"": 0.0, ""transport"": 0.0}","{""energy"": 0.0, ""water"": 0.0, ""transport"": 0.0}","{""energy"": 0.0, ""water"": 0.0, ""transport"": 0.0}",0.3,0.1,,0.38314666666666675,1.0,0.6168533333333333,1,"{""energy"": 0.6666666666666667, ""water"": 0.05493333333333334, ""transport"": 0.33333333333333337}","{""energy"": 1.0, ""water"": 1.0, ""transport"": 1.0}","{""energy"": 0.33333333333333326, ""water"": 0.9450666666666666, ""transport"": 0.6666666666666666}",10,0.49319199259621566,,,[],,v2.0,0.7,0.3
S4_water_partial,189,189,18337707501264237844,scenario=S4_water_partial|method=both|duration=0|theta=0.300000|delta_threshold=0.100000|A=v2.0|w=na|run_id=189|seed=18337707501264237844,False,"{""step_1_amount"": 0.3016448867631762}",033832c9a51598bd69064fc3910037f6fde292830c04f0066e6d9779dc60f4ca,0.38314666666666675,0.44537620746525225,0.0622295407985855,17,0.0,0.0,0.38314666666666675,0.44537620746525225,0,0,0.0622295407985855,"{""energy"": 0.6666666666666667, ""water"": 0.05493333333333334, ""transport"": 0.33333333333333337}","{""energy"": 0.7079090794708255, ""water"": 0.18198944178730353, ""transport"": 0.35871914380243664}","{""energy"": 0.041242412804158746, ""water"": 0.1270561084539702, ""transport"": 0.025385810469103265}","{""energy"": 0.0, ""water"": 0.0, ""transport"": 0.0}","{""energy"": 0.0, ""water"": 0.0, ""transport"": 0.0}","{""energy"": 0.0, ""water"": 0.0, ""transport"": 0.0}",0.3,0.1,,0.38314666666666675,1.0,0.6168533333333333,1,"{""energy"": 0.6666666666666667, ""water"": 0.05493333333333334, ""transport"": 0.33333333333333337}","{""energy"": 1.0, ""water"": 1.0, ""transport"": 1.0}","{""energy"": 0.33333333333333326, ""water"": 0.9450666666666666, ""transport"": 0.6666666666666666}",11,0.44537620746525225,,,[],,v2.0,0.7,0.3
S4_water_partial,190,190,10358691409670915190,scenario=S4_water_partial|method=both|duration=0|theta=0.300000|delta_threshold=0.100000|A=v2.0|w=na|run_id=190|seed=10358691409670915190,False,"{""step_1_amount"": 0.3697537067210154}",033832c9a51598bd69064fc3910037f6fde292830c04f0066e6d9779dc60f4ca,0.38314666666666675,0.4870741297639404,0.10392746309727363,26,0.0,0.0,0.38314666666666675,0.4870741297639404,0,0,0.10392746309727363,"{""energy"": 0.6666666666666667, ""water"": 0.05493333333333334, ""transport"": 0.33333333333333337}","{""energy"": 0.7355442331687188, ""water"": 0.26712546673460247, ""transport"": 0.375729321586907}","{""energy"": 0.06887756650205201, ""water"": 0.21219213340126913, ""transport"": 0.0423959882535736}","{""energy"": 0.0, ""water"": 0.0, ""transport"": 0.0}","{""energy"": 0.0, ""water"": 0.0, ""transport"": 0.0}","{""energy"": 0.0, ""water"": 0.0, ""transport"": 0.0}",0.3,0.1,,0.38314666666666675,1.0,0.6168533333333333,1,"{""energy"": 0.6666666666666667, ""water"": 0.05493333333333334, ""transport"": 0.33333333333333337}","{""energy"": 1.0, ""water"": 1.0, ""transport"": 1.0}","{""energy"": 0.33333333333333326, ""water"": 0.9450666666666666, ""transport"": 0.6666666666666666}",10,0.4870741297639404,,,[],,v2.0,0.7,0.3
S4_water_partial,191,191,6372617620572214768,scenario=S4_water_partial|method=both|duration=0|theta=0.300000|delta_threshold=0.100000|A=v2.0|w=na|run_id=191|seed=6372617620572214768,False,"{""step_1_amount"": 0.5550599191572301}",033832c9a51598bd69064fc3910037f6fde292830c04f0066e6d9779dc60f4ca,0.38314666666666675,0.6005232256727018,0.21737655900603503,29,0.0,0.0,0.38314666666666675,0.6005232256727018,0,1,0.21737655900603503,"{""energy"": 0.6666666666666667, ""water"": 0.05493333333333334, ""transport"": 0.33333333333333337}","{""energy"": 0.8107322288647129, ""water"": 0.49875823227987093, ""transport"": 0.4220095481428516}","{""energy"": 0.14406556219804612, ""water"": 0.4438248989465376, ""transport"": 0.0886762148095182}","{""energy"": 0.0, ""water"": 0.0, ""transport"": 0.0}","{""energy"": 0.0, ""water"": 0.0, ""transport"": 0.0}","{""energy"": 0.0, ""water"": 0.0, ""transport"": 0.0}",0.3,0.1,,0.38314666666666675,1.0,0.6168533333333333,1,"{""energy"": 0.6666666666666667, ""water"": 0.05493333333333334, ""transport"": 0.33333333333333337}","{""energy"": 1.0, ""water"": 1.0, ""transport"": 1.0}","{""energy"": 0.33333333333333326, ""water"": 0.9450666666666666, ""transport"": 0.6666666666666666}",8,0.6005232256727018,,,[],,v2.0,0.7,0.3
S4_water_partial,192,192,3351217991810535275,scenario=S4_water_partial|method=both|duration=0|theta=0.300000|delta_threshold=0.100000|A=v2.0|w=na|run_id=192|seed=3351217991810535275,False,"{""step_1_amount"": 0.5340828271062446}",033832c9a51598bd69064fc3910037f6fde292830c04f0066e6d9779dc60f4ca,0.38314666666666675,0.5876805254917873,0.20453385882512054,6,0.0,0.0,0.38314666666666675,0.5876805254917873,0,1,0.20453385882512054,"{""energy"": 0.6666666666666667, ""water"": 0.05493333333333334, ""transport"": 0.33333333333333337}","{""energy"": 0.8022207737650254, ""water"": 0.47253686721613897, ""transport"": 0.41677051940311793}","{""energy"": 0.1355541070983587, ""water"": 0.41760353388280563, ""transport"": 0.08343718606978456}","{""energy"": 0.0, ""water"": 0.0, ""transport"": 0.0}","{""energy"": 0.0, ""water"": 0.0, ""transport"": 0.0}","{""energy"": 0.0, ""water"": 0.0, ""transport"": 0.0}",0.3,0.1,,0.38314666666666675,1.0,0.6168533333333333,1,"{""energy"": 0.6666666666666667, ""water"": 0.05493333333333334, ""transport"": 0.33333333333333337}","{""energy"": 1.0, ""water"": 1.0, ""transport"": 1.0}","{""energy"": 0.33333333333333326, ""water"": 0.9450666666666666, ""transport"": 0.6666666666666666}",8,0.5876805254917873,,,[],,v2.0,0.7,0.3
S4_water_partial,193,193,5647112583067504293,scenario=S4_water_partial|method=both|duration=0|theta=0.300000|delta_threshold=0.100000|A=v2.0|w=na|run_id=193|seed=5647112583067504293,False,"{""step_1_amount"": 0.5659063626897698}",033832c9a51598bd69064fc3910037f6fde292830c04f0066e6d9779dc60f4ca,0.38314666666666675,0.607163689564411,0.22401702289774428,12,0.0,0.0,0.38314666666666675,0.607163689564411,0,1,0.22401702289774428,"{""energy"": 0.6666666666666667, ""water"": 0.05493333333333334, ""transport"": 0.33333333333333337}","{""energy"": 0.8151331733280409, ""water"": 0.5123162866955456, ""transport"": 0.4247184474151034}","{""energy"": 0.14846650666137418, ""water"": 0.4573829533622123, ""transport"": 0.09138511408177002}","{""energy"": 0.0, ""water"": 0.0, ""transport"": 0.0}","{""energy"": 0.0, ""water"": 0.0, ""transport"": 0.0}","{""energy"": 0.0, ""water"": 0.0, ""transport"": 0.0}",0.3,0.1,,0.38314666666666675,1.0,0.6168533333333333,1,"{""energy"": 0.6666666666666667, ""water"": 0.05493333333333334, ""transport"": 0.33333333333333337}","{""energy"": 1.0, ""water"": 1.0, ""transport"": 1.0}","{""energy"": 0.33333333333333326, ""water"": 0.9450666666666666, ""transport"": 0.6666666666666666}",8,0.607163689564411,,,[],,v2.0,0.7,0.3
S4_water_partial,194,194,10320266190911014127,scenario=S4_water_partial|method=both|duration=0|theta=0.300000|delta_threshold=0.100000|A=v2.0|w=na|run_id=194|seed=10320266190911014127,False,"{""step_1_amount"": 0.4294505997587989}",033832c9a51598bd69064fc3910037f6fde292830c04f0066e6d9779dc60f4ca,0.38314666666666675,0.5236220601039974,0.14047539343733062,10,0.0,0.0,0.38314666666666675,0.5236220601039974,0,0,0.14047539343733062,"{""energy"": 0.6666666666666667, ""water"": 0.05493333333333334, ""transport"": 0.33333333333333337}","{""energy"": 0.7597662475187994, ""water"": 0.34174658303183203, ""transport"": 0.3906386206230934}","{""energy"": 0.09309958085213266, ""water"": 0.2868132496984987, ""transport"": 0.05730528728976003}","{""energy"": 0.0, ""water"": 0.0, ""transport"": 0.0}","{""energy"": 0.0, ""water"": 0.0, ""transport"": 0.0}","{""energy"": 0.0, ""water"": 0.0, ""transport"": 0.0}",0.3,0.1,,0.38314666666666675,1.0,0.6168533333333333,1,"{""energy"": 0.6666666666666667, ""water"": 0.05493333333333334, ""transport"": 0.33333333333333337}","{""energy"": 1.0, ""water"": 1.0, ""transport"": 1.0}","{""energy"": 0.33333333333333326, ""water"": 0.9450666666666666, ""transport"": 0.6666666666666666}",9,0.5236220601039974,,,[],,v2.0,0.7,0.3
S4_water_partial,195,195,17643555025775051485,scenario=S4_water_partial|method=both|duration=0|theta=0.300000|delta_threshold=0.100000|A=v2.0|w=na|run_id=195|seed=17643555025775051485,False,"{""step_1_amount"": 0.33222345630840155}",033832c9a51598bd69064fc3910037f6fde292830c04f0066e6d9779dc60f4ca,0.38314666666666675,0.46409717220507785,0.0809505055384111,16,0.0,0.0,0.38314666666666675,0.46409717220507785,0,0,0.0809505055384111,"{""energy"": 0.6666666666666667, ""water"": 0.05493333333333334, ""transport"": 0.33333333333333337}","{""energy"": 0.7203163340638007, ""water"": 0.2202126537188354, ""transport"": 0.36635614154635665}","{""energy"": 0.05364966739713395, ""water"": 0.16527932038550205, ""transport"": 0.03302280821302328}","{""energy"": 0.0, ""water"": 0.0, ""transport"": 0.0}","{""energy"": 0.0, ""water"": 0.0, ""transport"": 0.0}","{""energy"": 0.0, ""water"": 0.0, ""transport"": 0.0}",0.3,0.1,,0.38314666666666675,1.0,0.6168533333333333,1,"{""energy"": 0.6666666666666667, ""water"": 0.05493333333333334, ""transport"": 0.33333333333333337}","{""energy"": 1.0, ""water"": 1.0, ""transport"": 1.0}","{""energy"": 0.33333333333333326, ""water"": 0.9450666666666666, ""transport"": 0.6666666666666666}",11,0.46409717220507785,,,[],,v2.0,0.7,0.3
S4_water_partial,196,196,1023001308128001646,scenario=S4_water_partial|method=both|duration=0|theta=0.300000|delta_threshold=0.100000|A=v2.0|w=na|run_id=196|seed=1023001308128001646,False,"{""step_1_amount"": 0.12343013215634437}",033832c9a51598bd69064fc3910037f6fde292830c04f0066e6d9779dc60f4ca,0.38314666666666675,0.38314666666666675,0.0,23,0.0,0.0,0.38314666666666675,0.38314666666666675,0,0,0.0,"{""energy"": 0.6666666666666667, ""water"": 0.05493333333333334, ""transport"": 0.33333333333333337}","{""energy"": 0.6666666666666667, ""water"": 0.05493333333333334, ""transport"": 0.33333333333333337}","{""energy"": 0.0, ""water"": 0.0, ""transport"": 0.0}","{""energy"": 0.0, ""water"": 0.0, ""transport"": 0.0}","{""energy"": 0.0, ""water"": 0.0, ""transport"": 0.0}","{""energy"": 0.0, ""water"": 0.0, ""transport"": 0.0}",0.3,0.1,,0.38314666666666675,1.0,0.6168533333333333,1,"{""energy"": 0.6666666666666667, ""water"": 0.05493333333333334, ""transport"": 0.33333333333333337}","{""energy"": 1.0, ""water"": 1.0, ""transport"": 1.0}","{""energy"": 0.33333333333333326, ""water"": 0.9450666666666666, ""transport"": 0.6666666666666666}",13,0.38314666666666675,,,[],,v2.0,0.7,0.3
S4_water_partial,197,197,8460839253726747940,scenario=S4_water_partial|method=both|duration=0|theta=0.300000|delta_threshold=0.100000|A=v2.0|w=na|run_id=197|seed=8460839253726747940,False,"{""step_1_amount"": 0.18937890550372186}",033832c9a51598bd69064fc3910037f6fde292830c04f0066e6d9779dc60f4ca,0.38314666666666675,0.38314666666666675,0.0,23,0.0,0.0,0.38314666666666675,0.38314666666666675,0,0,0.0,"{""energy"": 0.6666666666666667, ""water"": 0.05493333333333334, ""transport"": 0.33333333333333337}","{""energy"": 0.6666666666666667, ""water"": 0.05493333333333334, ""transport"": 0.33333333333333337}","{""energy"": 0.0, ""water"": 0.0, ""transport"": 0.0}","{""energy"": 0.0, ""water"": 0.0, ""transport"": 0.0}","{""energy"": 0.0, ""water"": 0.0, ""transport"": 0.0}","{""energy"": 0.0, ""water"": 0.0, ""transport"": 0.0}",0.3,0.1,,0.38314666666666675,1.0,0.6168533333333333,1,"{""energy"": 0.6666666666666667, ""water"": 0.05493333333333334, ""transport"": 0.33333333333333337}","{""energy"": 1.0, ""water"": 1.0, ""transport"": 1.0}","{""energy"": 0.33333333333333326, ""water"": 0.9450666666666666, ""transport"": 0.6666666666666666}",13,0.38314666666666675,,,[],,v2.0,0.7,0.3
S4_water_partial,198,198,2843110811441619285,scenario=S4_water_partial|method=both|duration=0|theta=0.300000|delta_threshold=0.100000|A=v2.0|w=na|run_id=198|seed=2843110811441619285,False,"{""step_1_amount"": 0.5745757491119652}",033832c9a51598bd69064fc3910037f6fde292830c04f0066e6d9779dc60f4ca,0.38314666666666675,0.6124713046667396,0.22932463800007286,24,0.0,0.0,0.38314666666666675,0.6124713046667396,0,1,0.22932463800007286,"{""energy"": 0.6666666666666667, ""water"": 0.05493333333333334, ""transport"": 0.33333333333333337}","{""energy"": 0.8186507768688466, ""water"": 0.5231530197232898, ""transport"": 0.42688362667404667}","{""energy"": 0.15198411020217983, ""water"": 0.4682196863899564, ""transport"": 0.0935502933407133}","{""energy"": 0.0, ""water"": 0.0, ""transport"": 0.0}","{""energy"": 0.0, ""water"": 0.0, ""transport"": 0.0}","{""energy"": 0.0, ""water"": 0.0, ""transport"": 0.0}",0.3,0.1,,0.38314666666666675,1.0,0.6168533333333333,1,"{""energy"": 0.6666666666666667, ""water"": 0.05493333333333334, ""transport"": 0.33333333333333337}","{""energy"": 1.0, ""water"": 1.0, ""transport"": 1.0}","{""energy"": 0.33333333333333326, ""water"": 0.9450666666666666, ""transport"": 0.6666666666666666}",7,0.6124713046667396,,,[],,v2.0,0.7,0.3
S4_water_partial,199,199,16612625381537250129,scenario=S4_water_partial|method=both|duration=0|theta=0.300000|delta_threshold=0.100000|A=v2.0|w=na|run_id=199|seed=16612625381537250129,False,"{""step_1_amount"": 0.31791441025396844}",033832c9a51598bd69064fc3910037f6fde292830c04f0066e6d9779dc60f4ca,0.38314666666666675,0.4553368164844025,0.07219014981773575,11,0.0,0.0,0.38314666666666675,0.4553368164844025,0,0,0.07219014981773575,"{""energy"": 0.6666666666666667, ""water"": 0.05493333333333334, ""transport"": 0.33333333333333337}","{""energy"": 0.7145104386272144, ""water"": 0.20232634615079384, ""transport"": 0.36278245729426195}","{""energy"": 0.047843771960547676, ""water"": 0.1473930128174605, ""transport"": 0.02944912396092858}","{""energy"": 0.0, ""water"": 0.0, ""transport"": 0.0}","{""energy"": 0.0, ""water"": 0.0, ""transport"": 0.0}","{""energy"": 0.0, ""water"": 0.0, ""transport"": 0.0}",0.3,0.1,,0.38314666666666675,1.0,0.6168533333333333,1,"{""energy"": 0.6666666666666667, ""water"": 0.05493333333333334, ""transport"": 0.33333333333333337}","{""energy"": 1.0, ""water"": 1.0, ""transport"": 1.0}","{""energy"": 0.33333333333333326, ""water"": 0.9450666666666666, ""transport"": 0.6666666666666666}",11,0.4553368164844025,,,[],,v2.0,0.7,0.3
S4_water_partial,200,200,18367865402235930225,scenario=S4_water_partial|method=both|duration=0|theta=0.300000|delta_threshold=0.100000|A=v2.0|w=na|run_id=200|seed=18367865402235930225,False,"{""step_1_amount"": 0.3869917878436526}",033832c9a51598bd69064fc3910037f6fde292830c04f0066e6d9779dc60f4ca,0.38314666666666675,0.497627713979247,0.11448104731258024,28,0.0,0.0,0.38314666666666675,0.497627713979247,0,0,0.11448104731258024,"{""energy"": 0.6666666666666667, ""water"": 0.05493333333333334, ""transport"": 0.33333333333333337}","{""energy"": 0.7425385845842288, ""water"": 0.28867306813789917, ""transport"": 0.3800345323472856}","{""energy"": 0.07587191791756209, ""water"": 0.23373973480456584, ""transport"": 0.046701199013952255}","{""energy"": 0.0, ""water"": 0.0, ""transport"": 0.0}","{""energy"": 0.0, ""water"": 0.0, ""transport"": 0.0}","{""energy"": 0.0, ""water"": 0.0, ""transport"": 0.0}",0.3,0.1,,0.38314666666666675,1.0,0.6168533333333333,1,"{""energy"": 0.6666666666666667, ""water"": 0.05493333333333334, ""transport"": 0.33333333333333337}","{""energy"": 1.0, ""water"": 1.0, ""transport"": 1.0}","{""energy"": 0.33333333333333326, ""water"": 0.9450666666666666, ""transport"": 0.6666666666666666}",10,0.497627713979247,,,[],,v2.0,0.7,0.3
S4_water_partial,201,201,7708777399935570594,scenario=S4_water_partial|method=both|duration=0|theta=0.300000|delta_threshold=0.100000|A=v2.0|w=na|run_id=201|seed=7708777399935570594,False,"{""step_1_amount"": 0.4612998536122588}",033832c9a51598bd69064fc3910037f6fde292830c04f0066e6d9779dc60f4ca,0.38314666666666675,0.5431209695444319,0.15997430287776515,28,0.0,0.0,0.38314666666666675,0.5431209695444319,0,1,0.15997430287776515,"{""energy"": 0.6666666666666667, ""water"": 0.05493333333333334, ""transport"": 0.33333333333333337}","{""energy"": 0.7726890822698408, ""water"": 0.3815581503486569, ""transport"": 0.398592971772995}","{""energy"": 0.10602241560317405, ""water"": 0.3266248170153236, ""transport"": 0.06525963843966165}","{""energy"": 0.0, ""water"": 0.0, ""transport"": 0.0}","{""energy"": 0.0, ""water"": 0.0, ""transport"": 0.0}","{""energy"": 0.0, ""water"": 0.0, ""transport"": 0.0}",0.3,0.1,,0.38314666666666675,1.0,0.6168533333333333,1,"{""energy"": 0.6666666666666667, ""water"": 0.05493333333333334, ""transport"": 0.33333333333333337}","{""energy"": 1.0, ""water"": 1.0, ""transport"": 1.0}","{""energy"": 0.33333333333333326, ""water"": 0.9450666666666666, ""transport"": 0.6666666666666666}",9,0.5431209695444319,,,[],,v2.0,0.7,0.3
S4_water_partial,202,202,17027518566642376911,scenario=S4_water_partial|method=both|duration=0|theta=0.300000|delta_threshold=0.100000|A=v2.0|w=na|run_id=202|seed=17027518566642376911,False,"{""step_1_amount"": 0.3746525779362303}",033832c9a51598bd69064fc3910037f6fde292830c04f0066e6d9779dc60f4ca,0.38314666666666675,0.4900733411936753,0.10692667452700855,5,0.0,0.0,0.38314666666666675,0.4900733411936753,0,0,0.10692667452700855,"{""energy"": 0.6666666666666667, ""water"": 0.05493333333333334, ""transport"": 0.33333333333333337}","{""energy"": 0.7375319501642922, ""water"": 0.2732490557536212, ""transport"": 0.37695281467290687}","{""energy"": 0.07086528349762544, ""water"": 0.21831572242028785, ""transport"": 0.043619481339573496}","{""energy"": 0.0, ""water"": 0.0, ""transport"": 0.0}","{""energy"": 0.0, ""water"": 0.0, ""transport"": 0.0}","{""energy"": 0.0, ""water"": 0.0, ""transport"": 0.0}",0.3,0.1,,0.38314666666666675,1.0,0.6168533333333333,1,"{""energy"": 0.6666666666666667, ""water"": 0.05493333333333334, ""transport"": 0.33333333333333337}","{""energy"": 1.0, ""water"": 1.0, ""transport"": 1.0}","{""energy"": 0.33333333333333326, ""water"": 0.9450666666666666, ""transport"": 0.6666666666666666}",10,0.4900733411936753,,,[],,v2.0,0.7,0.3
S4_water_partial,203,203,4073314987731530747,scenario=S4_water_partial|method=both|duration=0|theta=0.300000|delta_threshold=0.100000|A=v2.0|w=na|run_id=203|seed=4073314987731530747,False,"{""step_1_amount"": 0.35698633396961393}",033832c9a51598bd69064fc3910037f6fde292830c04f0066e6d9779dc60f4ca,0.38314666666666675,0.4792576249812136,0.09611095831454686,8,0.0,0.0,0.38314666666666675,0.4792576249812136,0,0,0.09611095831454686,"{""energy"": 0.6666666666666667, ""water"": 0.05493333333333334, ""transport"": 0.33333333333333337}","{""energy"": 0.7303638716748376, ""water"": 0.25116625079535077, ""transport"": 0.37254067024224446}","{""energy"": 0.06369720500817089, ""water"": 0.19623291746201743, ""transport"": 0.039207336908911095}","{""energy"": 0.0, ""water"": 0.0, ""transport"": 0.0}","{""energy"": 0.0, ""water"": 0.0, ""transport"": 0.0}","{""energy"": 0.0, ""water"": 0.0, ""transport"": 0.0}",0.3,0.1,,0.38314666666666675,1.0,0.6168533333333333,1,"{""energy"": 0.6666666666666667, ""water"": 0.05493333333333334, ""transport"": 0.33333333333333337}","{""energy"": 1.0, ""water"": 1.0, ""transport"": 1.0}","{""energy"": 0.33333333333333326, ""water"": 0.9450666666666666, ""transport"": 0.6666666666666666}",10,0.4792576249812136,,,[],,v2.0,0.7,0.3
S4_water_partial,204,204,3580617125738253274,scenario=S4_water_partial|method=both|duration=0|theta=0.300000|delta_threshold=0.100000|A=v2.0|w=na|run_id=204|seed=3580617125738253274,False,"{""step_1_amount"": 1.183315706250411}",033832c9a51598bd69064fc3910037f6fde292830c04f0066e6d9779dc60f4ca,0.38314666666666675,0.8564466666666667,0.47329999999999994,25,0.0,1.0,0.38314666666666675,0.8564466666666667,1,1,0.47329999999999994,"{""energy"": 0.6666666666666667, ""water"": 0.05493333333333334, ""transport"": 0.33333333333333337}","{""energy"": 0.9912666666666667, ""water"": 1.0, ""transport"": 0.5331333333333333}","{""energy"": 0.3246, ""water"": 0.9450666666666666, ""transport"": 0.19979999999999998}","{""energy"": 0.0, ""water"": 0.0, ""transport"": 0.0}","{""energy"": 1.0, ""water"": 1.0, ""transport"": 1.0}","{""energy"": 1.0, ""water"": 1.0, ""transport"": 1.0}",0.3,0.1,,0.38314666666666675,1.0,0.6168533333333333,1,"{""energy"": 0.6666666666666667, ""water"": 0.05493333333333334, ""transport"": 0.33333333333333337}","{""energy"": 1.0, ""water"": 1.0, ""transport"": 1.0}","{""energy"": 0.33333333333333326, ""water"": 0.9450666666666666, ""transport"": 0.6666666666666666}",3,0.8564466666666667,,,"[""energy"", ""transport""]",1,v2.0,0.7,0.3
S4_water_partial,205,205,4826632332114912928,scenario=S4_water_partial|method=both|duration=0|theta=0.300000|delta_threshold=0.100000|A=v2.0|w=na|run_id=205|seed=4826632332114912928,False,"{""step_1_amount"": 0.08842628464966205}",033832c9a51598bd69064fc3910037f6fde292830c04f0066e6d9779dc60f4ca,0.38314666666666675,0.38314666666666675,0.0,23,0.0,0.0,0.38314666666666675,0.38314666666666675,0,0,0.0,"{""energy"": 0.6666666666666667, ""water"": 0.05493333333333334, ""transport"": 0.33333333333333337}","{""energy"": 0.6666666666666667, ""water"": 0.05493333333333334, ""transport"": 0.33333333333333337}","{""energy"": 0.0, ""water"": 0.0, ""transport"": 0.0}","{""energy"": 0.0, ""water"": 0.0, ""transport"": 0.0}","{""energy"": 0.0, ""water"": 0.0, ""transport"": 0.0}","{""energy"": 0.0, ""water"": 0.0, ""transport"": 0.0}",0.3,0.1,,0.38314666666666675,1.0,0.6168533333333333,1,"{""energy"": 0.6666666666666667, ""water"": 0.05493333333333334, ""transport"": 0.33333333333333337}","{""energy"": 1.0, ""water"": 1.0, ""transport"": 1.0}","{""energy"": 0.33333333333333326, ""water"": 0.9450666666666666, ""transport"": 0.6666666666666666}",13,0.38314666666666675,,,[],,v2.0,0.7,0.3
S4_water_partial,206,206,3730427745991711657,scenario=S4_water_partial|method=both|duration=0|theta=0.300000|delta_threshold=0.100000|A=v2.0|w=na|run_id=206|seed=3730427745991711657,False,"{""step_1_amount"": 0.5669331825227238}",033832c9a51598bd69064fc3910037f6fde292830c04f0066e6d9779dc60f4ca,0.38314666666666675,0.6077923343366413,0.2246456676699745,13,0.0,0.0,0.38314666666666675,0.6077923343366413,0,1,0.2246456676699745,"{""energy"": 0.6666666666666667, ""water"": 0.05493333333333334, ""transport"": 0.33333333333333337}","{""energy"": 0.8155498054752619, ""water"": 0.5135998114867382, ""transport"": 0.42497489566838365}","{""energy"": 0.14888313880859516, ""water"": 0.45866647815340483, ""transport"": 0.09164156233505028}","{""energy"": 0.0, ""water"": 0.0, ""transport"": 0.0}","{""energy"": 0.0, ""water"": 0.0, ""transport"": 0.0}","{""energy"": 0.0, ""water"": 0.0, ""transport"": 0.0}",0.3,0.1,,0.38314666666666675,1.0,0.6168533333333333,1,"{""energy"": 0.6666666666666667, ""water"": 0.05493333333333334, ""transport"": 0.33333333333333337}","{""energy"": 1.0, ""water"": 1.0, ""transport"": 1.0}","{""energy"": 0.33333333333333326, ""water"": 0.9450666666666666, ""transport"": 0.6666666666666666}",8,0.6077923343366413,,,[],,v2.0,0.7,0.3
S4_water_partial,207,207,4285642799282676962,scenario=S4_water_partial|method=both|duration=0|theta=0.300000|delta_threshold=0.100000|A=v2.0|w=na|run_id=207|seed=4285642799282676962,False,"{""step_1_amount"": 0.5308442716651589}",033832c9a51598bd69064fc3910037f6fde292830c04f0066e6d9779dc60f4ca,0.38314666666666675,0.5856978008868686,0.20255113422020188,12,0.0,0.0,0.38314666666666675,0.5856978008868686,0,1,0.20255113422020188,"{""energy"": 0.6666666666666667, ""water"": 0.05493333333333334, ""transport"": 0.33333333333333337}","{""energy"": 0.8009067298948049, ""water"": 0.46848867291478197, ""transport"": 0.4159616901817068}","{""energy"": 0.1342400632281382, ""water"": 0.41355533958144863, ""transport"": 0.08262835684837344}","{""energy"": 0.0, ""water"": 0.0, ""transport"": 0.0}","{""energy"": 0.0, ""water"": 0.0, ""transport"": 0.0}","{""energy"": 0.0, ""water"": 0.0, ""transport"": 0.0}",0.3,0.1,,0.38314666666666675,1.0,0.6168533333333333,1,"{""energy"": 0.6666666666666667, ""water"": 0.05493333333333334, ""transport"": 0.33333333333333337}","{""energy"": 1.0, ""water"": 1.0, ""transport"": 1.0}","{""energy"": 0.33333333333333326, ""water"": 0.9450666666666666, ""transport"": 0.6666666666666666}",8,0.5856978008868686,,,[],,v2.0,0.7,0.3
S4_water_partial,208,208,9013095267819747455,scenario=S4_water_partial|method=both|duration=0|theta=0.300000|delta_threshold=0.100000|A=v2.0|w=na|run_id=208|seed=9013095267819747455,False,"{""step_1_amount"": 0.40203796236324024}",033832c9a51598bd69064fc3910037f6fde292830c04f0066e6d9779dc60f4ca,0.38314666666666675,0.5068393581745015,0.1236926915078348,28,0.0,0.0,0.38314666666666675,0.5068393581745015,0,0,0.1236926915078348,"{""energy"": 0.6666666666666667, ""water"": 0.05493333333333334, ""transport"": 0.33333333333333337}","{""energy"": 0.7486435698955515, ""water"": 0.3074807862873836, ""transport"": 0.3837923144335526}","{""energy"": 0.08197690322888473, ""water"": 0.2525474529540503, ""transport"": 0.050458981100219236}","{""energy"": 0.0, ""water"": 0.0, ""transport"": 0.0}","{""energy"": 0.0, ""water"": 0.0, ""transport"": 0.0}","{""energy"": 0.0, ""water"": 0.0, ""transport"": 0.0}",0.3,0.1,,0.38314666666666675,1.0,0.6168533333333333,1,"{""energy"": 0.6666666666666667, ""water"": 0.05493333333333334, ""transport"": 0.33333333333333337}","{""energy"": 1.0, ""water"": 1.0, ""transport"": 1.0}","{""energy"": 0.33333333333333326, ""water"": 0.9450666666666666, ""transport"": 0.6666666666666666}",10,0.5068393581745015,,,[],,v2.0,0.7,0.3
S4_water_partial,209,209,1034589253643259822,scenario=S4_water_partial|method=both|duration=0|theta=0.300000|delta_threshold=0.100000|A=v2.0|w=na|run_id=209|seed=1034589253643259822,False,"{""step_1_amount"": 0.41264240586166767}",033832c9a51598bd69064fc3910037f6fde292830c04f0066e6d9779dc60f4ca,0.38314666666666675,0.5133316635953261,0.13018499692865937,27,0.0,0.0,0.38314666666666675,0.5133316635953261,0,0,0.13018499692865937,"{""energy"": 0.6666666666666667, ""water"": 0.05493333333333334, ""transport"": 0.33333333333333337}","{""energy"": 0.7529463228450384, ""water"": 0.32073634066041784, ""transport"": 0.38644077419728484}","{""energy"": 0.08627965617837163, ""water"": 0.2658030073270845, ""transport"": 0.05310744086395147}","{""energy"": 0.0, ""water"": 0.0, ""transport"": 0.0}","{""energy"": 0.0, ""water"": 0.0, ""transport"": 0.0}","{""energy"": 0.0, ""water"": 0.0, ""transport"": 0.0}",0.3,0.1,,0.38314666666666675,1.0,0.6168533333333333,1,"{""energy"": 0.6666666666666667, ""water"": 0.05493333333333334, ""transport"": 0.33333333333333337}","{""energy"": 1.0, ""water"": 1.0, ""transport"": 1.0}","{""energy"": 0.33333333333333326, ""water"": 0.9450666666666666, ""transport"": 0.6666666666666666}",10,0.5133316635953261,,,[],,v2.0,0.7,0.3
S4_water_partial,210,210,7078389679354832829,scenario=S4_water_partial|method=both|duration=0|theta=0.300000|delta_threshold=0.100000|A=v2.0|w=na|run_id=210|seed=7078389679354832829,False,"{""step_1_amount"": 0.04764666418956812}",033832c9a51598bd69064fc3910037f6fde292830c04f0066e6d9779dc60f4ca,0.38314666666666675,0.38314666666666675,0.0,19,0.0,0.0,0.38314666666666675,0.38314666666666675,0,0,0.0,"{""energy"": 0.6666666666666667, ""water"": 0.05493333333333334, ""transport"": 0.33333333333333337}","{""energy"": 0.6666666666666667, ""water"": 0.05493333333333334, ""transport"": 0.33333333333333337}","{""energy"": 0.0, ""water"": 0.0, ""transport"": 0.0}","{""energy"": 0.0, ""water"": 0.0, ""transport"": 0.0}","{""energy"": 0.0, ""water"": 0.0, ""transport"": 0.0}","{""energy"": 0.0, ""water"": 0.0, ""transport"": 0.0}",0.3,0.1,,0.38314666666666675,1.0,0.6168533333333333,1,"{""energy"": 0.6666666666666667, ""water"": 0.05493333333333334, ""transport"": 0.33333333333333337}","{""energy"": 1.0, ""water"": 1.0, ""transport"": 1.0}","{""energy"": 0.33333333333333326, ""water"": 0.9450666666666666, ""transport"": 0.6666666666666666}",13,0.38314666666666675,,,[],,v2.0,0.7,0.3
S4_water_partial,211,211,15796211656734346150,scenario=S4_water_partial|method=both|duration=0|theta=0.300000|delta_threshold=0.100000|A=v2.0|w=na|run_id=211|seed=15796211656734346150,False,"{""step_1_amount"": 0.2233772584511223}",033832c9a51598bd69064fc3910037f6fde292830c04f0066e6d9779dc60f4ca,0.38314666666666675,0.39745880872190503,0.014312142055238286,19,0.0,0.0,0.38314666666666675,0.39745880872190503,0,0,0.014312142055238286,"{""energy"": 0.6666666666666667, ""water"": 0.05493333333333334, ""transport"": 0.33333333333333337}","{""energy"": 0.6761519892832096, ""water"": 0.08415490639723623, ""transport"": 0.3391718036315012}","{""energy"": 0.00948532261654289, ""water"": 0.02922157306390289, ""transport"": 0.005838470298167808}","{""energy"": 0.0, ""water"": 0.0, ""transport"": 0.0}","{""energy"": 0.0, ""water"": 0.0, ""transport"": 0.0}","{""energy"": 0.0, ""water"": 0.0, ""transport"": 0.0}",0.3,0.1,,0.38314666666666675,1.0,0.6168533333333333,1,"{""energy"": 0.6666666666666667, ""water"": 0.05493333333333334, ""transport"": 0.33333333333333337}","{""energy"": 1.0, ""water"": 1.0, ""transport"": 1.0}","{""energy"": 0.33333333333333326, ""water"": 0.9450666666666666, ""transport"": 0.6666666666666666}",12,0.39745880872190503,,,[],,v2.0,0.7,0.3
S4_water_partial,212,212,9830929464424593240,scenario=S4_water_partial|method=both|duration=0|theta=0.300000|delta_threshold=0.100000|A=v2.0|w=na|run_id=212|seed=9830929464424593240,False,"{""step_1_amount"": 0.5650494686386988}",033832c9a51598bd69064fc3910037f6fde292830c04f0066e6d9779dc60f4ca,0.38314666666666675,0.606639077603994,0.2234924109373273,5,0.0,0.0,0.38314666666666675,0.606639077603994,0,1,0.2234924109373273,"{""energy"": 0.6666666666666667, ""water"": 0.05493333333333334, ""transport"": 0.33333333333333337}","{""energy"": 0.8147854885668188, ""water"": 0.5112451691317068, ""transport"": 0.42450443812584837}","{""energy"": 0.14811882190015202, ""water"": 0.4563118357983735, ""transport"": 0.091171104792515}","{""energy"": 0.0, ""water"": 0.0, ""transport"": 0.0}","{""energy"": 0.0, ""water"": 0.0, ""transport"": 0.0}","{""energy"": 0.0, ""water"": 0.0, ""transport"": 0.0}",0.3,0.1,,0.38314666666666675,1.0,0.6168533333333333,1,"{""energy"": 0.6666666666666667, ""water"": 0.05493333333333334, ""transport"": 0.33333333333333337}","{""energy"": 1.0, ""water"": 1.0, ""transport"": 1.0}","{""energy"": 0.33333333333333326, ""water"": 0.9450666666666666, ""transport"": 0.6666666666666666}",8,0.606639077603994,,,[],,v2.0,0.7,0.3
S4_water_partial,213,213,14662242894549067180,scenario=S4_water_partial|method=both|duration=0|theta=0.300000|delta_threshold=0.100000|A=v2.0|w=na|run_id=213|seed=14662242894549067180,False,"{""step_1_amount"": 0.4845519917017612}",033832c9a51598bd69064fc3910037f6fde292830c04f0066e6d9779dc60f4ca,0.38314666666666675,0.5573565097862774,0.17420984311961063,29,0.0,0.0,0.38314666666666675,0.5573565097862774,0,1,0.17420984311961063,"{""energy"": 0.6666666666666667, ""water"": 0.05493333333333334, ""transport"": 0.33333333333333337}","{""energy"": 0.7821236372996563, ""water"": 0.4106233229605348, ""transport"": 0.4044001932608482}","{""energy"": 0.11545697063298954, ""water"": 0.35568998962720144, ""transport"": 0.07106685992751482}","{""energy"": 0.0, ""water"": 0.0, ""transport"": 0.0}","{""energy"": 0.0, ""water"": 0.0, ""transport"": 0.0}","{""energy"": 0.0, ""water"": 0.0, ""transport"": 0.0}",0.3,0.1,,0.38314666666666675,1.0,0.6168533333333333,1,"{""energy"": 0.6666666666666667, ""water"": 0.05493333333333334, ""transport"": 0.33333333333333337}","{""energy"": 1.0, ""water"": 1.0, ""transport"": 1.0}","{""energy"": 0.33333333333333326, ""water"": 0.9450666666666666, ""transport"": 0.6666666666666666}",9,0.5573565097862774,,,[],,v2.0,0.7,0.3
S4_water_partial,214,214,9022639961817238901,scenario=S4_water_partial|method=both|duration=0|theta=0.300000|delta_threshold=0.100000|A=v2.0|w=na|run_id=214|seed=9022639961817238901,False,"{""step_1_amount"": 0.4336508105949857}",033832c9a51598bd69064fc3910037f6fde292830c04f0066e6d9779dc60f4ca,0.38314666666666675,0.5261935341831818,0.14304686751651507,26,0.0,0.0,0.38314666666666675,0.5261935341831818,0,0,0.14304686751651507,"{""energy"": 0.6666666666666667, ""water"": 0.05493333333333334, ""transport"": 0.33333333333333337}","{""energy"": 0.7614704830655822, ""water"": 0.3469968465770655, ""transport"": 0.3916876232794311}","{""energy"": 0.09480381639891544, ""water"": 0.29206351324373214, ""transport"": 0.058354289946097704}","{""energy"": 0.0, ""water"": 0.0, ""transport"": 0.0}","{""energy"": 0.0, ""water"": 0.0, ""transport"": 0.0}","{""energy"": 0.0, ""water"": 0.0, ""transport"": 0.0}",0.3,0.1,,0.38314666666666675,1.0,0.6168533333333333,1,"{""energy"": 0.6666666666666667, ""water"": 0.05493333333333334, ""transport"": 0.33333333333333337}","{""energy"": 1.0, ""water"": 1.0, ""transport"": 1.0}","{""energy"": 0.33333333333333326, ""water"": 0.9450666666666666, ""transport"": 0.6666666666666666}",9,0.5261935341831818,,,[],,v2.0,0.7,0.3
S4_water_partial,215,215,7338719157354193578,scenario=S4_water_partial|method=both|duration=0|theta=0.300000|delta_threshold=0.100000|A=v2.0|w=na|run_id=215|seed=7338719157354193578,False,"{""step_1_amount"": 0.46763882141584656}",033832c9a51598bd69064fc3910037f6fde292830c04f0066e6d9779dc60f4ca,0.38314666666666675,0.5470018441079834,0.1638551774413166,11,0.0,0.0,0.38314666666666675,0.5470018441079834,0,1,0.1638551774413166,"{""energy"": 0.6666666666666667, ""water"": 0.05493333333333334, ""transport"": 0.33333333333333337}","{""energy"": 0.7752611184561465, ""water"": 0.38948186010314156, ""transport"": 0.40017612898194105}","{""energy"": 0.1085944517894798, ""water"": 0.33454852676980823, ""transport"": 0.06684279564860768}","{""energy"": 0.0, ""water"": 0.0, ""transport"": 0.0}","{""energy"": 0.0, ""water"": 0.0, ""transport"": 0.0}","{""energy"": 0.0, ""water"": 0.0, ""transport"": 0.0}",0.3,0.1,,0.38314666666666675,1.0,0.6168533333333333,1,"{""energy"": 0.6666666666666667, ""water"": 0.05493333333333334, ""transport"": 0.33333333333333337}","{""energy"": 1.0, ""water"": 1.0, ""transport"": 1.0}","{""energy"": 0.33333333333333326, ""water"": 0.9450666666666666, ""transport"": 0.6666666666666666}",9,0.5470018441079834,,,[],,v2.0,0.7,0.3
S4_water_partial,216,216,16605033489344107484,scenario=S4_water_partial|method=both|duration=0|theta=0.300000|delta_threshold=0.100000|A=v2.0|w=na|run_id=216|seed=16605033489344107484,False,"{""step_1_amount"": 0.3037172223147853}",033832c9a51598bd69064fc3910037f6fde292830c04f0066e6d9779dc60f4ca,0.38314666666666675,0.44664494309833613,0.06349827643166939,26,0.0,0.0,0.38314666666666675,0.44664494309833613,0,0,0.06349827643166939,"{""energy"": 0.6666666666666667, ""water"": 0.05493333333333334, ""transport"": 0.33333333333333337}","{""energy"": 0.7087499296208909, ""water"": 0.18457986122681497, ""transport"": 0.359236709606451}","{""energy"": 0.042083262954224154, ""water"": 0.12964652789348163, ""transport"": 0.025903376273117618}","{""energy"": 0.0, ""water"": 0.0, ""transport"": 0.0}","{""energy"": 0.0, ""water"": 0.0, ""transport"": 0.0}","{""energy"": 0.0, ""water"": 0.0, ""transport"": 0.0}",0.3,0.1,,0.38314666666666675,1.0,0.6168533333333333,1,"{""energy"": 0.6666666666666667, ""water"": 0.05493333333333334, ""transport"": 0.33333333333333337}","{""energy"": 1.0, ""water"": 1.0, ""transport"": 1.0}","{""energy"": 0.33333333333333326, ""water"": 0.9450666666666666, ""transport"": 0.6666666666666666}",11,0.44664494309833613,,,[],,v2.0,0.7,0.3
S4_water_partial,217,217,8667746702949266342,scenario=S4_water_partial|method=both|duration=0|theta=0.300000|delta_threshold=0.100000|A=v2.0|w=na|run_id=217|seed=8667746702949266342,False,"{""step_1_amount"": 0.34062391586623436}",033832c9a51598bd69064fc3910037f6fde292830c04f0066e6d9779dc60f4ca,0.38314666666666675,0.4692401435578721,0.08609347689120533,14,0.0,0.0,0.38314666666666675,0.4692401435578721,0,0,0.08609347689120533,"{""energy"": 0.6666666666666667, ""water"": 0.05493333333333334, ""transport"": 0.33333333333333337}","{""energy"": 0.7237248205293914, ""water"": 0.2307132281661263, ""transport"": 0.36845415632092543}","{""energy"": 0.057058153862724614, ""water"": 0.17577989483279297, ""transport"": 0.03512082298759206}","{""energy"": 0.0, ""water"": 0.0, ""transport"": 0.0}","{""energy"": 0.0, ""water"": 0.0, ""transport"": 0.0}","{""energy"": 0.0, ""water"": 0.0, ""transport"": 0.0}",0.3,0.1,,0.38314666666666675,1.0,0.6168533333333333,1,"{""energy"": 0.6666666666666667, ""water"": 0.05493333333333334, ""transport"": 0.33333333333333337}","{""energy"": 1.0, ""water"": 1.0, ""transport"": 1.0}","{""energy"": 0.33333333333333326, ""water"": 0.9450666666666666, ""transport"": 0.6666666666666666}",11,0.4692401435578721,,,[],,v2.0,0.7,0.3
S4_water_partial,218,218,10261775477346982685,scenario=S4_water_partial|method=both|duration=0|theta=0.300000|delta_threshold=0.100000|A=v2.0|w=na|run_id=218|seed=10261775477346982685,False,"{""step_1_amount"": 0.3172055976843574}",033832c9a51598bd69064fc3910037f6fde292830c04f0066e6d9779dc60f4ca,0.38314666666666675,0.45490286370897237,0.07175619704230563,17,0.0,0.0,0.38314666666666675,0.45490286370897237,0,0,0.07175619704230563,"{""energy"": 0.6666666666666667, ""water"": 0.05493333333333334, ""transport"": 0.33333333333333337}","{""energy"": 0.7142228379270947, ""water"": 0.20144033043878004, ""transport"": 0.3626054313550016}","{""energy"": 0.04755617126042799, ""water"": 0.1465069971054467, ""transport"": 0.029272098021668247}","{""energy"": 0.0, ""water"": 0.0, ""transport"": 0.0}","{""energy"": 0.0, ""water"": 0.0, ""transport"": 0.0}","{""energy"": 0.0, ""water"": 0.0, ""transport"": 0.0}",0.3,0.1,,0.38314666666666675,1.0,0.6168533333333333,1,"{""energy"": 0.6666666666666667, ""water"": 0.05493333333333334, ""transport"": 0.33333333333333337}","{""energy"": 1.0, ""water"": 1.0, ""transport"": 1.0}","{""energy"": 0.33333333333333326, ""water"": 0.9450666666666666, ""transport"": 0.6666666666666666}",11,0.45490286370897237,,,[],,v2.0,0.7,0.3
S4_water_partial,219,219,14897055637632722081,scenario=S4_water_partial|method=both|duration=0|theta=0.300000|delta_threshold=0.100000|A=v2.0|w=na|run_id=219|seed=14897055637632722081,False,"{""step_1_amount"": 0.37445092886372366}",033832c9a51598bd69064fc3910037f6fde292830c04f0066e6d9779dc60f4ca,0.38314666666666675,0.48994988659025995,0.1068032199235932,13,0.0,0.0,0.38314666666666675,0.48994988659025995,0,0,0.1068032199235932,"{""energy"": 0.6666666666666667, ""water"": 0.05493333333333334, ""transport"": 0.33333333333333337}","{""energy"": 0.7374501310531226, ""water"": 0.2729969944129879, ""transport"": 0.3769024528170484}","{""energy"": 0.07078346438645589, ""water"": 0.21806366107965458, ""transport"": 0.043569119483715}","{""energy"": 0.0, ""water"": 0.0, ""transport"": 0.0}","{""energy"": 0.0, ""water"": 0.0, ""transport"": 0.0}","{""energy"": 0.0, ""water"": 0.0, ""transport"": 0.0}",0.3,0.1,,0.38314666666666675,1.0,0.6168533333333333,1,"{""energy"": 0.6666666666666667, ""water"": 0.05493333333333334, ""transport"": 0.33333333333333337}","{""energy"": 1.0, ""water"": 1.0, ""transport"": 1.0}","{""energy"": 0.33333333333333326, ""water"": 0.9450666666666666, ""transport"": 0.6666666666666666}",10,0.48994988659025995,,,[],,v2.0,0.7,0.3
S4_water_partial,220,220,5987367339448560015,scenario=S4_water_partial|method=both|duration=0|theta=0.300000|delta_threshold=0.100000|A=v2.0|w=na|run_id=220|seed=5987367339448560015,False,"{""step_1_amount"": 0.44011460301000316}",033832c9a51598bd69064fc3910037f6fde292830c04f0066e6d9779dc60f4ca,0.38314666666666675,0.5301508294944659,0.14700416282779916,8,0.0,0.0,0.38314666666666675,0.5301508294944659,0,0,0.14700416282779916,"{""energy"": 0.6666666666666667, ""water"": 0.05493333333333334, ""transport"": 0.33333333333333337}","{""energy"": 0.7640931668379756, ""water"": 0.3550765870958373, ""transport"": 0.3933019554350817}","{""energy"": 0.09742650017130883, ""water"": 0.30014325376250395, ""transport"": 0.0599686221017483}","{""energy"": 0.0, ""water"": 0.0, ""transport"": 0.0}","{""energy"": 0.0, ""water"": 0.0, ""transport"": 0.0}","{""energy"": 0.0, ""water"": 0.0, ""transport"": 0.0}",0.3,0.1,,0.38314666666666675,1.0,0.6168533333333333,1,"{""energy"": 0.6666666666666667, ""water"": 0.05493333333333334, ""transport"": 0.33333333333333337}","{""energy"": 1.0, ""water"": 1.0, ""transport"": 1.0}","{""energy"": 0.33333333333333326, ""water"": 0.9450666666666666, ""transport"": 0.6666666666666666}",9,0.5301508294944659,,,[],,v2.0,0.7,0.3
S4_water_partial,221,221,6621918885542015023,scenario=S4_water_partial|method=both|duration=0|theta=0.300000|delta_threshold=0.100000|A=v2.0|w=na|run_id=221|seed=6621918885542015023,False,"{""step_1_amount"": 0.36144501232311776}",033832c9a51598bd69064fc3910037f6fde292830c04f0066e6d9779dc60f4ca,0.38314666666666675,0.4819873393361874,0.09884067266952068,17,0.0,0.0,0.38314666666666675,0.4819873393361874,0,0,0.09884067266952068,"{""energy"": 0.6666666666666667, ""water"": 0.05493333333333334, ""transport"": 0.33333333333333337}","{""energy"": 0.7321729804167717, ""water"": 0.25673959873723046, ""transport"": 0.373654225161032}","{""energy"": 0.06550631375010496, ""water"": 0.20180626540389712, ""transport"": 0.04032089182769866}","{""energy"": 0.0, ""water"": 0.0, ""transport"": 0.0}","{""energy"": 0.0, ""water"": 0.0, ""transport"": 0.0}","{""energy"": 0.0, ""water"": 0.0, ""transport"": 0.0}",0.3,0.1,,0.38314666666666675,1.0,0.6168533333333333,1,"{""energy"": 0.6666666666666667, ""water"": 0.05493333333333334, ""transport"": 0.33333333333333337}","{""energy"": 1.0, ""water"": 1.0, ""transport"": 1.0}","{""energy"": 0.33333333333333326, ""water"": 0.9450666666666666, ""transport"": 0.6666666666666666}",10,0.4819873393361874,,,[],,v2.0,0.7,0.3
S4_water_partial,222,222,18063512608376831276,scenario=S4_water_partial|method=both|duration=0|theta=0.300000|delta_threshold=0.100000|A=v2.0|w=na|run_id=222|seed=18063512608376831276,False,"{""step_1_amount"": 0.5111163281915966}",033832c9a51598bd69064fc3910037f6fde292830c04f0066e6d9779dc60f4ca,0.38314666666666675,0.573619860693767,0.19047319402710028,5,0.0,0.0,0.38314666666666675,0.573619860693767,0,1,0.19047319402710028,"{""energy"": 0.6666666666666667, ""water"": 0.05493333333333334, ""transport"": 0.33333333333333337}","{""energy"": 0.7929021168304071, ""water"": 0.4438287435728291, ""transport"": 0.41103463629918463}","{""energy"": 0.12623545016374038, ""water"": 0.38889541023949575, ""transport"": 0.07770130296585126}","{""energy"": 0.0, ""water"": 0.0, ""transport"": 0.0}","{""energy"": 0.0, ""water"": 0.0, ""transport"": 0.0}","{""energy"": 0.0, ""water"": 0.0, ""transport"": 0.0}",0.3,0.1,,0.38314666666666675,1.0,0.6168533333333333,1,"{""energy"": 0.6666666666666667, ""water"": 0.05493333333333334, ""transport"": 0.33333333333333337}","{""energy"": 1.0, ""water"": 1.0, ""transport"": 1.0}","{""energy"": 0.33333333333333326, ""water"": 0.9450666666666666, ""transport"": 0.6666666666666666}",8,0.573619860693767,,,[],,v2.0,0.7,0.3
S4_water_partial,223,223,4518830521010876958,scenario=S4_water_partial|method=both|duration=0|theta=0.300000|delta_threshold=0.100000|A=v2.0|w=na|run_id=223|seed=4518830521010876958,False,"{""step_1_amount"": 0.45702740062380315}",033832c9a51598bd69064fc3910037f6fde292830c04f0066e6d9779dc60f4ca,0.38314666666666675,0.5405052670135746,0.15735860034690785,28,0.0,0.0,0.38314666666666675,0.5405052670135746,0,1,0.15735860034690785,"{""energy"": 0.6666666666666667, ""water"": 0.05493333333333334, ""transport"": 0.33333333333333337}","{""energy"": 0.7709555344697748, ""water"": 0.37621758411308726, ""transport"": 0.3975259266391282}","{""energy"": 0.10428886780310809, ""water"": 0.3212842507797539, ""transport"": 0.06419259330579485}","{""energy"": 0.0, ""water"": 0.0, ""transport"": 0.0}","{""energy"": 0.0, ""water"": 0.0, ""transport"": 0.0}","{""energy"": 0.0, ""water"": 0.0, ""transport"": 0.0}",0.3,0.1,,0.38314666666666675,1.0,0.6168533333333333,1,"{""energy"": 0.6666666666666667, ""water"": 0.05493333333333334, ""transport"": 0.33333333333333337}","{""energy"": 1.0, ""water"": 1.0, ""transport"": 1.0}","{""energy"": 0.33333333333333326, ""water"": 0.9450666666666666, ""transport"": 0.6666666666666666}",9,0.5405052670135746,,,[],,v2.0,0.7,0.3
S4_water_partial,224,224,6144532568587209704,scenario=S4_water_partial|method=both|duration=0|theta=0.300000|delta_threshold=0.100000|A=v2.0|w=na|run_id=224|seed=6144532568587209704,False,"{""step_1_amount"": 0.6194980727461161}",033832c9a51598bd69064fc3910037f6fde292830c04f0066e6d9779dc60f4ca,0.38314666666666675,0.6399738742536576,0.25682720758699085,19,0.0,0.0,0.38314666666666675,0.6399738742536576,0,1,0.25682720758699085,"{""energy"": 0.6666666666666667, ""water"": 0.05493333333333334, ""transport"": 0.33333333333333337}","{""energy"": 0.8368780096834033, ""water"": 0.5793059242659785, ""transport"": 0.4381029770016759}","{""energy"": 0.17021134301673657, ""water"": 0.5243725909326451, ""transport"": 0.10476964366834252}","{""energy"": 0.0, ""water"": 0.0, ""transport"": 0.0}","{""energy"": 0.0, ""water"": 0.0, ""transport"": 0.0}","{""energy"": 0.0, ""water"": 0.0, ""transport"": 0.0}",0.3,0.1,,0.38314666666666675,1.0,0.6168533333333333,1,"{""energy"": 0.6666666666666667, ""water"": 0.05493333333333334, ""transport"": 0.33333333333333337}","{""energy"": 1.0, ""water"": 1.0, ""transport"": 1.0}","{""energy"": 0.33333333333333326, ""water"": 0.9450666666666666, ""transport"": 0.6666666666666666}",7,0.6399738742536576,,,[],,v2.0,0.7,0.3
S4_water_partial,225,225,11383605643073830716,scenario=S4_water_partial|method=both|duration=0|theta=0.300000|delta_threshold=0.100000|A=v2.0|w=na|run_id=225|seed=11383605643073830716,False,"{""step_1_amount"": 0.22629368153825505}",033832c9a51598bd69064fc3910037f6fde292830c04f0066e6d9779dc60f4ca,0.38314666666666675,0.3992443158464249,0.016097649179758144,22,0.0,0.0,0.38314666666666675,0.3992443158464249,0,0,0.016097649179758144,"{""energy"": 0.6666666666666667, ""water"": 0.05493333333333334, ""transport"": 0.33333333333333337}","{""energy"": 0.6773353279508137, ""water"": 0.08780043525615208, ""transport"": 0.33990018029751257}","{""energy"": 0.010668661284147007, ""water"": 0.03286710192281874, ""transport"": 0.006566846964179196}","{""energy"": 0.0, ""water"": 0.0, ""transport"": 0.0}","{""energy"": 0.0, ""water"": 0.0, ""transport"": 0.0}","{""energy"": 0.0, ""water"": 0.0, ""transport"": 0.0}",0.3,0.1,,0.38314666666666675,1.0,0.6168533333333333,1,"{""energy"": 0.6666666666666667, ""water"": 0.05493333333333334, ""transport"": 0.33333333333333337}","{""energy"": 1.0, ""water"": 1.0, ""transport"": 1.0}","{""energy"": 0.33333333333333326, ""water"": 0.9450666666666666, ""transport"": 0.6666666666666666}",12,0.3992443158464249,,,[],,v2.0,0.7,0.3
S4_water_partial,226,226,12044237653699331120,scenario=S4_water_partial|method=both|duration=0|theta=0.300000|delta_threshold=0.100000|A=v2.0|w=na|run_id=226|seed=12044237653699331120,False,"{""step_1_amount"": 0.27988067047540566}",033832c9a51598bd69064fc3910037f6fde292830c04f0066e6d9779dc60f4ca,0.38314666666666675,0.43205161014847193,0.048904943481805185,24,0.0,0.0,0.38314666666666675,0.43205161014847193,0,0,0.048904943481805185,"{""energy"": 0.6666666666666667, ""water"": 0.05493333333333334, ""transport"": 0.33333333333333337}","{""energy"": 0.6990782487120626, ""water"": 0.15478417142759038, ""transport"": 0.3532835307845659}","{""energy"": 0.03241158204539585, ""water"": 0.09985083809425704, ""transport"": 0.019950197451232554}","{""energy"": 0.0, ""water"": 0.0, ""transport"": 0.0}","{""energy"": 0.0, ""water"": 0.0, ""transport"": 0.0}","{""energy"": 0.0, ""water"": 0.0, ""transport"": 0.0}",0.3,0.1,,0.38314666666666675,1.0,0.6168533333333333,1,"{""energy"": 0.6666666666666667, ""water"": 0.05493333333333334, ""transport"": 0.33333333333333337}","{""energy"": 1.0, ""water"": 1.0, ""transport"": 1.0}","{""energy"": 0.33333333333333326, ""water"": 0.9450666666666666, ""transport"": 0.6666666666666666}",11,0.43205161014847193,,,[],,v2.0,0.7,0.3
S4_water_partial,227,227,5400105592762802710,scenario=S4_water_partial|method=both|duration=0|theta=0.300000|delta_threshold=0.100000|A=v2.0|w=na|run_id=227|seed=5400105592762802710,False,"{""step_1_amount"": 0.37053895352191807}",033832c9a51598bd69064fc3910037f6fde292830c04f0066e6d9779dc60f4ca,0.38314666666666675,0.487554877486623,0.10440821081995627,13,0.0,0.0,0.38314666666666675,0.487554877486623,0,0,0.10440821081995627,"{""energy"": 0.6666666666666667, ""water"": 0.05493333333333334, ""transport"": 0.33333333333333337}","{""energy"": 0.7358628470581849, ""water"": 0.26810702523573093, ""transport"": 0.3759254369754324}","{""energy"": 0.0691961803915182, ""water"": 0.2131736919023976, ""transport"": 0.04259210364209903}","{""energy"": 0.0, ""water"": 0.0, ""transport"": 0.0}","{""energy"": 0.0, ""water"": 0.0, ""transport"": 0.0}","{""energy"": 0.0, ""water"": 0.0, ""transport"": 0.0}",0.3,0.1,,0.38314666666666675,1.0,0.6168533333333333,1,"{""energy"": 0.6666666666666667, ""water"": 0.05493333333333334, ""transport"": 0.33333333333333337}","{""energy"": 1.0, ""water"": 1.0, ""transport"": 1.0}","{""energy"": 0.33333333333333326, ""water"": 0.9450666666666666, ""transport"": 0.6666666666666666}",10,0.487554877486623,,,[],,v2.0,0.7,0.3
S4_water_partial,228,228,6697774447647806351,scenario=S4_water_partial|method=both|duration=0|theta=0.300000|delta_threshold=0.100000|A=v2.0|w=na|run_id=228|seed=6697774447647806351,False,"{""step_1_amount"": 0.16059007581288195}",033832c9a51598bd69064fc3910037f6fde292830c04f0066e6d9779dc60f4ca,0.38314666666666675,0.38314666666666675,0.0,19,0.0,0.0,0.38314666666666675,0.38314666666666675,0,0,0.0,"{""energy"": 0.6666666666666667, ""water"": 0.05493333333333334, ""transport"": 0.33333333333333337}","{""energy"": 0.6666666666666667, ""water"": 0.05493333333333334, ""transport"": 0.33333333333333337}","{""energy"": 0.0, ""water"": 0.0, ""transport"": 0.0}","{""energy"": 0.0, ""water"": 0.0, ""transport"": 0.0}","{""energy"": 0.0, ""water"": 0.0, ""transport"": 0.0}","{""energy"": 0.0, ""water"": 0.0, ""transport"": 0.0}",0.3,0.1,,0.38314666666666675,1.0,0.6168533333333333,1,"{""energy"": 0.6666666666666667, ""water"": 0.05493333333333334, ""transport"": 0.33333333333333337}","{""energy"": 1.0, ""water"": 1.0, ""transport"": 1.0}","{""energy"": 0.33333333333333326, ""water"": 0.9450666666666666, ""transport"": 0.6666666666666666}",13,0.38314666666666675,,,[],,v2.0,0.7,0.3
S4_water_partial,229,229,3314450818963715993,scenario=S4_water_partial|method=both|duration=0|theta=0.300000|delta_threshold=0.100000|A=v2.0|w=na|run_id=229|seed=3314450818963715993,False,"{""step_1_amount"": 0.12932843972833333}",033832c9a51598bd69064fc3910037f6fde292830c04f0066e6d9779dc60f4ca,0.38314666666666675,0.38314666666666675,0.0,22,0.0,0.0,0.38314666666666675,0.38314666666666675,0,0,0.0,"{""energy"": 0.6666666666666667, ""water"": 0.05493333333333334, ""transport"": 0.33333333333333337}","{""energy"": 0.6666666666666667, ""water"": 0.05493333333333334, ""transport"": 0.33333333333333337}","{""energy"": 0.0, ""water"": 0.0, ""transport"": 0.0}","{""energy"": 0.0, ""water"": 0.0, ""transport"": 0.0}","{""energy"": 0.0, ""water"": 0.0, ""transport"": 0.0}","{""energy"": 0.0, ""water"": 0.0, ""transport"": 0.0}",0.3,0.1,,0.38314666666666675,1.0,0.6168533333333333,1,"{""energy"": 0.6666666666666667, ""water"": 0.05493333333333334, ""transport"": 0.33333333333333337}","{""energy"": 1.0, ""water"": 1.0, ""transport"": 1.0}","{""energy"": 0.33333333333333326, ""water"": 0.9450666666666666, ""transport"": 0.6666666666666666}",13,0.38314666666666675,,,[],,v2.0,0.7,0.3
S4_water_partial,230,230,9087725540877920480,scenario=S4_water_partial|method=both|duration=0|theta=0.300000|delta_threshold=0.100000|A=v2.0|w=na|run_id=230|seed=9087725540877920480,False,"{""step_1_amount"": 0.20811927683939693}",033832c9a51598bd69064fc3910037f6fde292830c04f0066e6d9779dc60f4ca,0.38314666666666675,0.38811749092966646,0.004970824262999718,20,0.0,0.0,0.38314666666666675,0.38811749092966646,0,0,0.004970824262999718,"{""energy"": 0.6666666666666667, ""water"": 0.05493333333333334, ""transport"": 0.33333333333333337}","{""energy"": 0.669961063244252, ""water"": 0.06508242938257945, ""transport"": 0.3353611227239727}","{""energy"": 0.0032943965775852346, ""water"": 0.01014909604924611, ""transport"": 0.0020277893906393563}","{""energy"": 0.0, ""water"": 0.0, ""transport"": 0.0}","{""energy"": 0.0, ""water"": 0.0, ""transport"": 0.0}","{""energy"": 0.0, ""water"": 0.0, ""transport"": 0.0}",0.3,0.1,,0.38314666666666675,1.0,0.6168533333333333,1,"{""energy"": 0.6666666666666667, ""water"": 0.05493333333333334, ""transport"": 0.33333333333333337}","{""energy"": 1.0, ""water"": 1.0, ""transport"": 1.0}","{""energy"": 0.33333333333333326, ""water"": 0.9450666666666666, ""transport"": 0.6666666666666666}",12,0.38811749092966646,,,[],,v2.0,0.7,0.3
S4_water_partial,231,231,9293243913261967225,scenario=S4_water_partial|method=both|duration=0|theta=0.300000|delta_threshold=0.100000|A=v2.0|w=na|run_id=231|seed=9293243913261967225,False,"{""step_1_amount"": 0.23678537029158733}",033832c9a51598bd69064fc3910037f6fde292830c04f0066e6d9779dc60f4ca,0.38314666666666675,0.4056675899934338,0.02252092332676703,24,0.0,0.0,0.38314666666666675,0.4056675899934338,0,0,0.02252092332676703,"{""energy"": 0.6666666666666667, ""water"": 0.05493333333333334, ""transport"": 0.33333333333333337}","{""energy"": 0.6815923306624783, ""water"": 0.10091504619781753, ""transport"": 0.34252047956365733}","{""energy"": 0.014925663995811522, ""water"": 0.045981712864484194, ""transport"": 0.009187146230323961}","{""energy"": 0.0, ""water"": 0.0, ""transport"": 0.0}","{""energy"": 0.0, ""water"": 0.0, ""transport"": 0.0}","{""energy"": 0.0, ""water"": 0.0, ""transport"": 0.0}",0.3,0.1,,0.38314666666666675,1.0,0.6168533333333333,1,"{""energy"": 0.6666666666666667, ""water"": 0.05493333333333334, ""transport"": 0.33333333333333337}","{""energy"": 1.0, ""water"": 1.0, ""transport"": 1.0}","{""energy"": 0.33333333333333326, ""water"": 0.9450666666666666, ""transport"": 0.6666666666666666}",12,0.4056675899934338,,,[],,v2.0,0.7,0.3
S4_water_partial,232,232,17242592692679583099,scenario=S4_water_partial|method=both|duration=0|theta=0.300000|delta_threshold=0.100000|A=v2.0|w=na|run_id=232|seed=17242592692679583099,False,"{""step_1_amount"": 0.3815453575994317}",033832c9a51598bd69064fc3910037f6fde292830c04f0066e6d9779dc60f4ca,0.38314666666666675,0.49429327322297884,0.11114660655631209,12,0.0,0.0,0.38314666666666675,0.49429327322297884,0,0,0.11114660655631209,"{""energy"": 0.6666666666666667, ""water"": 0.05493333333333334, ""transport"": 0.33333333333333337}","{""energy"": 0.7403286955126361, ""water"": 0.28186503033262306, ""transport"": 0.37867428639379147}","{""energy"": 0.0736620288459694, ""water"": 0.22693169699928972, ""transport"": 0.0453409530604581}","{""energy"": 0.0, ""water"": 0.0, ""transport"": 0.0}","{""energy"": 0.0, ""water"": 0.0, ""transport"": 0.0}","{""energy"": 0.0, ""water"": 0.0, ""transport"": 0.0}",0.3,0.1,,0.38314666666666675,1.0,0.6168533333333333,1,"{""energy"": 0.6666666666666667, ""water"": 0.05493333333333334, ""transport"": 0.33333333333333337}","{""energy"": 1.0, ""water"": 1.0, ""transport"": 1.0}","{""energy"": 0.33333333333333326, ""water"": 0.9450666666666666, ""transport"": 0.6666666666666666}",10,0.49429327322297884,,,[],,v2.0,0.7,0.3
S4_water_partial,233,233,13283062073988954493,scenario=S4_water_partial|method=both|duration=0|theta=0.300000|delta_threshold=0.100000|A=v2.0|w=na|run_id=233|seed=13283062073988954493,False,"{""step_1_amount"": 0.537753139623444}",033832c9a51598bd69064fc3910037f6fde292830c04f0066e6d9779dc60f4ca,0.38314666666666675,0.5899275825726297,0.20678091590596293,8,0.0,0.0,0.38314666666666675,0.5899275825726297,0,1,0.20678091590596293,"{""energy"": 0.6666666666666667, ""water"": 0.05493333333333334, ""transport"": 0.33333333333333337}","{""energy"": 0.8037100030688791, ""water"": 0.4771247578626383, ""transport"": 0.4176871799542885}","{""energy"": 0.13704333640221233, ""water"": 0.42219142452930497, ""transport"": 0.08435384662095513}","{""energy"": 0.0, ""water"": 0.0, ""transport"": 0.0}","{""energy"": 0.0, ""water"": 0.0, ""transport"": 0.0}","{""energy"": 0.0, ""water"": 0.0, ""transport"": 0.0}",0.3,0.1,,0.38314666666666675,1.0,0.6168533333333333,1,"{""energy"": 0.6666666666666667, ""water"": 0.05493333333333334, ""transport"": 0.33333333333333337}","{""energy"": 1.0, ""water"": 1.0, ""transport"": 1.0}","{""energy"": 0.33333333333333326, ""water"": 0.9450666666666666, ""transport"": 0.6666666666666666}",8,0.5899275825726297,,,[],,v2.0,0.7,0.3
S4_water_partial,234,234,8304396769935107814,scenario=S4_water_partial|method=both|duration=0|theta=0.300000|delta_threshold=0.100000|A=v2.0|w=na|run_id=234|seed=8304396769935107814,False,"{""step_1_amount"": 0.20115871302050178}",033832c9a51598bd69064fc3910037f6fde292830c04f0066e6d9779dc60f4ca,0.38314666666666675,0.3838560597456434,0.0007093930789766612,13,0.0,0.0,0.38314666666666675,0.3838560597456434,0,0,0.0007093930789766612,"{""energy"": 0.6666666666666667, ""water"": 0.05493333333333334, ""transport"": 0.33333333333333337}","{""energy"": 0.6671368144747353, ""water"": 0.05638172460896053, ""transport"": 0.3336227219102037}","{""energy"": 0.00047014780806853285, ""water"": 0.001448391275627188, ""transport"": 0.0002893885768703308}","{""energy"": 0.0, ""water"": 0.0, ""transport"": 0.0}","{""energy"": 0.0, ""water"": 0.0, ""transport"": 0.0}","{""energy"": 0.0, ""water"": 0.0, ""transport"": 0.0}",0.3,0.1,,0.38314666666666675,1.0,0.6168533333333333,1,"{""energy"": 0.6666666666666667, ""water"": 0.05493333333333334, ""transport"": 0.33333333333333337}","{""energy"": 1.0, ""water"": 1.0, ""transport"": 1.0}","{""energy"": 0.33333333333333326, ""water"": 0.9450666666666666, ""transport"": 0.6666666666666666}",13,0.3838560597456434,,,[],,v2.0,0.7,0.3
S4_water_partial,235,235,15732487363772118666,scenario=S4_water_partial|method=both|duration=0|theta=0.300000|delta_threshold=0.100000|A=v2.0|w=na|run_id=235|seed=15732487363772118666,False,"{""step_1_amount"": 0.2786896792729765}",033832c9a51598bd69064fc3910037f6fde292830c04f0066e6d9779dc60f4ca,0.38314666666666675,0.4313224555595647,0.048175788892897975,29,0.0,0.0,0.38314666666666675,0.4313224555595647,0,0,0.048175788892897975,"{""energy"": 0.6666666666666667, ""water"": 0.05493333333333334, ""transport"": 0.33333333333333337}","{""energy"": 0.698595004031677, ""water"": 0.15329543242455396, ""transport"": 0.35298608073175924}","{""energy"": 0.03192833736501022, ""water"": 0.09836209909122062, ""transport"": 0.019652747398425874}","{""energy"": 0.0, ""water"": 0.0, ""transport"": 0.0}","{""energy"": 0.0, ""water"": 0.0, ""transport"": 0.0}","{""energy"": 0.0, ""water"": 0.0, ""transport"": 0.0}",0.3,0.1,,0.38314666666666675,1.0,0.6168533333333333,1,"{""energy"": 0.6666666666666667, ""water"": 0.05493333333333334, ""transport"": 0.33333333333333337}","{""energy"": 1.0, ""water"": 1.0, ""transport"": 1.0}","{""energy"": 0.33333333333333326, ""water"": 0.9450666666666666, ""transport"": 0.6666666666666666}",11,0.4313224555595647,,,[],,v2.0,0.7,0.3
S4_water_partial,236,236,17652264925674904497,scenario=S4_water_partial|method=both|duration=0|theta=0.300000|delta_threshold=0.100000|A=v2.0|w=na|run_id=236|seed=17652264925674904497,False,"{""step_1_amount"": 0.6275738388144998}",033832c9a51598bd69064fc3910037f6fde292830c04f0066e6d9779dc60f4ca,0.38314666666666675,0.644918060134874,0.2617713934682072,16,0.0,0.0,0.38314666666666675,0.644918060134874,0,1,0.2617713934682072,"{""energy"": 0.6666666666666667, ""water"": 0.05493333333333334, ""transport"": 0.33333333333333337}","{""energy"": 0.84015475176565, ""water"": 0.5894006318514582, ""transport"": 0.4401198995772547}","{""energy"": 0.17348808509898328, ""water"": 0.5344672985181248, ""transport"": 0.10678656624392135}","{""energy"": 0.0, ""water"": 0.0, ""transport"": 0.0}","{""energy"": 0.0, ""water"": 0.0, ""transport"": 0.0}","{""energy"": 0.0, ""water"": 0.0, ""transport"": 0.0}",0.3,0.1,,0.38314666666666675,1.0,0.6168533333333333,1,"{""energy"": 0.6666666666666667, ""water"": 0.05493333333333334, ""transport"": 0.33333333333333337}","{""energy"": 1.0, ""water"": 1.0, ""transport"": 1.0}","{""energy"": 0.33333333333333326, ""water"": 0.9450666666666666, ""transport"": 0.6666666666666666}",7,0.644918060134874,,,[],,v2.0,0.7,0.3
S4_water_partial,237,237,16920986518664041208,scenario=S4_water_partial|method=both|duration=0|theta=0.300000|delta_threshold=0.100000|A=v2.0|w=na|run_id=237|seed=16920986518664041208,False,"{""step_1_amount"": 0.27617910957942093}",033832c9a51598bd69064fc3910037f6fde292830c04f0066e6d9779dc60f4ca,0.38314666666666675,0.4297854220289277,0.046638755362260975,17,0.0,0.0,0.38314666666666675,0.4297854220289277,0,0,0.046638755362260975,"{""energy"": 0.6666666666666667, ""water"": 0.05493333333333334, ""transport"": 0.33333333333333337}","{""energy"": 0.6975763403785168, ""water"": 0.1501572203076095, ""transport"": 0.35235906595079375}","{""energy"": 0.03090967371185005, ""water"": 0.09522388697427617, ""transport"": 0.019025732617460378}","{""energy"": 0.0, ""water"": 0.0, ""transport"": 0.0}","{""energy"": 0.0, ""water"": 0.0, ""transport"": 0.0}","{""energy"": 0.0, ""water"": 0.0, ""transport"": 0.0}",0.3,0.1,,0.38314666666666675,1.0,0.6168533333333333,1,"{""energy"": 0.6666666666666667, ""water"": 0.05493333333333334, ""transport"": 0.33333333333333337}","{""energy"": 1.0, ""water"": 1.0, ""transport"": 1.0}","{""energy"": 0.33333333333333326, ""water"": 0.9450666666666666, ""transport"": 0.6666666666666666}",11,0.4297854220289277,,,[],,v2.0,0.7,0.3
S4_water_partial,238,238,5599485550851730114,scenario=S4_water_partial|method=both|duration=0|theta=0.300000|delta_threshold=0.100000|A=v2.0|w=na|run_id=238|seed=5599485550851730114,False,"{""step_1_amount"": 0.5418207632950504}",033832c9a51598bd69064fc3910037f6fde292830c04f0066e6d9779dc60f4ca,0.38314666666666675,0.5924178834749789,0.20927121680831218,11,0.0,0.0,0.38314666666666675,0.5924178834749789,0,1,0.20927121680831218,"{""energy"": 0.6666666666666667, ""water"": 0.05493333333333334, ""transport"": 0.33333333333333337}","{""energy"": 0.8053604413736335, ""water"": 0.4822092874521463, ""transport"": 0.4187030689662722}","{""energy"": 0.13869377470696675, ""water"": 0.427275954118813, ""transport"": 0.08536973563293881}","{""energy"": 0.0, ""water"": 0.0, ""transport"": 0.0}","{""energy"": 0.0, ""water"": 0.0, ""transport"": 0.0}","{""energy"": 0.0, ""water"": 0.0, ""transport"": 0.0}",0.3,0.1,,0.38314666666666675,1.0,0.6168533333333333,1,"{""energy"": 0.6666666666666667, ""water"": 0.05493333333333334, ""transport"": 0.33333333333333337}","{""energy"": 1.0, ""water"": 1.0, ""transport"": 1.0}","{""energy"": 0.33333333333333326, ""water"": 0.9450666666666666, ""transport"": 0.6666666666666666}",8,0.5924178834749789,,,[],,v2.0,0.7,0.3
S4_water_partial,239,239,6077858718438942800,scenario=S4_water_partial|method=both|duration=0|theta=0.300000|delta_threshold=0.100000|A=v2.0|w=na|run_id=239|seed=6077858718438942800,False,"{""step_1_amount"": 0.7641457337708135}",033832c9a51598bd69064fc3910037f6fde292830c04f0066e6d9779dc60f4ca,0.38314666666666675,0.728530788524503,0.3453841218578363,23,0.0,1.0,0.38314666666666675,0.728530788524503,1,1,0.3453841218578363,"{""energy"": 0.6666666666666667, ""water"": 0.05493333333333334, ""transport"": 0.33333333333333337}","{""energy"": 0.8955687981441743, ""water"": 0.7601155005468503, ""transport"": 0.47422873034259405}","{""energy"": 0.2289021314775076, ""water"": 0.7051821672135169, ""transport"": 0.14089539700926068}","{""energy"": 0.0, ""water"": 0.0, ""transport"": 0.0}","{""energy"": 1.0, ""water"": 1.0, ""transport"": 1.0}","{""energy"": 1.0, ""water"": 1.0, ""transport"": 1.0}",0.3,0.1,,0.38314666666666675,1.0,0.6168533333333333,1,"{""energy"": 0.6666666666666667, ""water"": 0.05493333333333334, ""transport"": 0.33333333333333337}","{""energy"": 1.0, ""water"": 1.0, ""transport"": 1.0}","{""energy"": 0.33333333333333326, ""water"": 0.9450666666666666, ""transport"": 0.6666666666666666}",5,0.728530788524503,,,"[""energy"", ""transport""]",1,v2.0,0.7,0.3
S4_water_partial,240,240,14317375776692479773,scenario=S4_water_partial|method=both|duration=0|theta=0.300000|delta_threshold=0.100000|A=v2.0|w=na|run_id=240|seed=14317375776692479773,False,"{""step_1_amount"": 0.4958387659989088}",033832c9a51598bd69064fc3910037f6fde292830c04f0066e6d9779dc60f4ca,0.38314666666666675,0.5642665551803486,0.18111988851368188,8,0.0,0.0,0.38314666666666675,0.5642665551803486,0,1,0.18111988851368188,"{""energy"": 0.6666666666666667, ""water"": 0.05493333333333334, ""transport"": 0.33333333333333337}","{""energy"": 0.7867032459707239, ""water"": 0.4247317908319693, ""transport"": 0.4072190651415608}","{""energy"": 0.1200365793040572, ""water"": 0.369798457498636, ""transport"": 0.07388573180822744}","{""energy"": 0.0, ""water"": 0.0, ""transport"": 0.0}","{""energy"": 0.0, ""water"": 0.0, ""transport"": 0.0}","{""energy"": 0.0, ""water"": 0.0, ""transport"": 0.0}",0.3,0.1,,0.38314666666666675,1.0,0.6168533333333333,1,"{""energy"": 0.6666666666666667, ""water"": 0.05493333333333334, ""transport"": 0.33333333333333337}","{""energy"": 1.0, ""water"": 1.0, ""transport"": 1.0}","{""energy"": 0.33333333333333326, ""water"": 0.9450666666666666, ""transport"": 0.6666666666666666}",8,0.5642665551803486,,,[],,v2.0,0.7,0.3
S4_water_partial,241,241,3757349226887218991,scenario=S4_water_partial|method=both|duration=0|theta=0.300000|delta_threshold=0.100000|A=v2.0|w=na|run_id=241|seed=3757349226887218991,False,"{""step_1_amount"": 0.49508897562743}",033832c9a51598bd69064fc3910037f6fde292830c04f0066e6d9779dc60f4ca,0.38314666666666675,0.5638075147701701,0.18066084810350336,12,0.0,0.0,0.38314666666666675,0.5638075147701701,0,1,0.18066084810350336,"{""energy"": 0.6666666666666667, ""water"": 0.05493333333333334, ""transport"": 0.33333333333333337}","{""energy"": 0.7863990185274965, ""water"": 0.4237945528676208, ""transport"": 0.407031804996284}","{""energy"": 0.11973235186082976, ""water"": 0.36886121953428747, ""transport"": 0.07369847166295063}","{""energy"": 0.0, ""water"": 0.0, ""transport"": 0.0}","{""energy"": 0.0, ""water"": 0.0, ""transport"": 0.0}","{""energy"": 0.0, ""water"": 0.0, ""transport"": 0.0}",0.3,0.1,,0.38314666666666675,1.0,0.6168533333333333,1,"{""energy"": 0.6666666666666667, ""water"": 0.05493333333333334, ""transport"": 0.33333333333333337}","{""energy"": 1.0, ""water"": 1.0, ""transport"": 1.0}","{""energy"": 0.33333333333333326, ""water"": 0.9450666666666666, ""transport"": 0.6666666666666666}",8,0.5638075147701701,,,[],,v2.0,0.7,0.3
S4_water_partial,242,242,3152298532013024546,scenario=S4_water_partial|method=both|duration=0|theta=0.300000|delta_threshold=0.100000|A=v2.0|w=na|run_id=242|seed=3152298532013024546,False,"{""step_1_amount"": 0.25889494185508727}",033832c9a51598bd69064fc3910037f6fde292830c04f0066e6d9779dc60f4ca,0.38314666666666675,0.4192036224438975,0.036056955777230726,18,0.0,0.0,0.38314666666666675,0.4192036224438975,0,0,0.036056955777230726,"{""energy"": 0.6666666666666667, ""water"": 0.05493333333333334, ""transport"": 0.33333333333333337}","{""energy"": 0.6905632893243684, ""water"": 0.12855201065219243, ""transport"": 0.3480423450616414}","{""energy"": 0.02389662265770165, ""water"": 0.0736186773188591, ""transport"": 0.014709011728308019}","{""energy"": 0.0, ""water"": 0.0, ""transport"": 0.0}","{""energy"": 0.0, ""water"": 0.0, ""transport"": 0.0}","{""energy"": 0.0, ""water"": 0.0, ""transport"": 0.0}",0.3,0.1,,0.38314666666666675,1.0,0.6168533333333333,1,"{""energy"": 0.6666666666666667, ""water"": 0.05493333333333334, ""transport"": 0.33333333333333337}","{""energy"": 1.0, ""water"": 1.0, ""transport"": 1.0}","{""energy"": 0.33333333333333326, ""water"": 0.9450666666666666, ""transport"": 0.6666666666666666}",12,0.4192036224438975,,,[],,v2.0,0.7,0.3
S4_water_partial,243,243,13395081949567507287,scenario=S4_water_partial|method=both|duration=0|theta=0.300000|delta_threshold=0.100000|A=v2.0|w=na|run_id=243|seed=13395081949567507287,False,"{""step_1_amount"": 0.45551718324801266}",033832c9a51598bd69064fc3910037f6fde292830c04f0066e6d9779dc60f4ca,0.38314666666666675,0.5395806741806813,0.1564340075140146,26,0.0,0.0,0.38314666666666675,0.5395806741806813,0,1,0.1564340075140146,"{""energy"": 0.6666666666666667, ""water"": 0.05493333333333334, ""transport"": 0.33333333333333337}","{""energy"": 0.7703427637695479, ""water"": 0.37432981239334917, ""transport"": 0.39714874984952453}","{""energy"": 0.10367609710288117, ""water"": 0.31939647906001584, ""transport"": 0.06381541651619116}","{""energy"": 0.0, ""water"": 0.0, ""transport"": 0.0}","{""energy"": 0.0, ""water"": 0.0, ""transport"": 0.0}","{""energy"": 0.0, ""water"": 0.0, ""transport"": 0.0}",0.3,0.1,,0.38314666666666675,1.0,0.6168533333333333,1,"{""energy"": 0.6666666666666667, ""water"": 0.05493333333333334, ""transport"": 0.33333333333333337}","{""energy"": 1.0, ""water"": 1.0, ""transport"": 1.0}","{""energy"": 0.33333333333333326, ""water"": 0.9450666666666666, ""transport"": 0.6666666666666666}",9,0.5395806741806813,,,[],,v2.0,0.7,0.3
S4_water_partial,244,244,6056072998014009543,scenario=S4_water_partial|method=both|duration=0|theta=0.300000|delta_threshold=0.100000|A=v2.0|w=na|run_id=244|seed=6056072998014009543,False,"{""step_1_amount"": 0.20320600526761776}",033832c9a51598bd69064fc3910037f6fde292830c04f0066e6d9779dc60f4ca,0.38314666666666675,0.385109463241634,0.0019627965749672294,17,0.0,0.0,0.38314666666666675,0.385109463241634,0,0,0.0019627965749672294,"{""energy"": 0.6666666666666667, ""water"": 0.05493333333333334, ""transport"": 0.33333333333333337}","{""energy"": 0.6679675033040027, ""water"": 0.058940839917855585, ""transport"": 0.33413403314892093}","{""energy"": 0.0013008366373359337, ""water"": 0.004007506584522244, ""transport"": 0.0008006998155875578}","{""energy"": 0.0, ""water"": 0.0, ""transport"": 0.0}","{""energy"": 0.0, ""water"": 0.0, ""transport"": 0.0}","{""energy"": 0.0, ""water"": 0.0, ""transport"": 0.0}",0.3,0.1,,0.38314666666666675,1.0,0.6168533333333333,1,"{""energy"": 0.6666666666666667, ""water"": 0.05493333333333334, ""transport"": 0.33333333333333337}","{""energy"": 1.0, ""water"": 1.0, ""transport"": 1.0}","{""energy"": 0.33333333333333326, ""water"": 0.9450666666666666, ""transport"": 0.6666666666666666}",12,0.385109463241634,,,[],,v2.0,0.7,0.3
S4_water_partial,245,245,773009128104310757,scenario=S4_water_partial|method=both|duration=0|theta=0.300000|delta_threshold=0.100000|A=v2.0|w=na|run_id=245|seed=773009128104310757,False,"{""step_1_amount"": 0.41270641517127643}",033832c9a51598bd69064fc3910037f6fde292830c04f0066e6d9779dc60f4ca,0.38314666666666675,0.5133708516949014,0.13022418502823463,18,0.0,0.0,0.38314666666666675,0.5133708516949014,0,0,0.13022418502823463,"{""energy"": 0.6666666666666667, ""water"": 0.05493333333333334, ""transport"": 0.33333333333333337}","{""energy"": 0.7529722946224121, ""water"": 0.32081635229742883, ""transport"": 0.38645676052235967}","{""energy"": 0.08630562795574537, ""water"": 0.2658830189640955, ""transport"": 0.053123427189026295}","{""energy"": 0.0, ""water"": 0.0, ""transport"": 0.0}","{""energy"": 0.0, ""water"": 0.0, ""transport"": 0.0}","{""energy"": 0.0, ""water"": 0.0, ""transport"": 0.0}",0.3,0.1,,0.38314666666666675,1.0,0.6168533333333333,1,"{""energy"": 0.6666666666666667, ""water"": 0.05493333333333334, ""transport"": 0.33333333333333337}","{""energy"": 1.0, ""water"": 1.0, ""transport"": 1.0}","{""energy"": 0.33333333333333326, ""water"": 0.9450666666666666, ""transport"": 0.6666666666666666}",10,0.5133708516949014,,,[],,v2.0,0.7,0.3
S4_water_partial,246,246,5029357869793215267,scenario=S4_water_partial|method=both|duration=0|theta=0.300000|delta_threshold=0.100000|A=v2.0|w=na|run_id=246|seed=5029357869793215267,False,"{""step_1_amount"": 0.4786904389269198}",033832c9a51598bd69064fc3910037f6fde292830c04f0066e6d9779dc60f4ca,0.38314666666666675,0.5537679206387002,0.17062125397203343,14,0.0,0.0,0.38314666666666675,0.5537679206387002,0,1,0.17062125397203343,"{""energy"": 0.6666666666666667, ""water"": 0.05493333333333334, ""transport"": 0.33333333333333337}","{""energy"": 0.7797453122612644, ""water"": 0.4032963819919831, ""transport"": 0.4029362704553316}","{""energy"": 0.11307864559459768, ""water"": 0.34836304865864975, ""transport"": 0.06960293712199822}","{""energy"": 0.0, ""water"": 0.0, ""transport"": 0.0}","{""energy"": 0.0, ""water"": 0.0, ""transport"": 0.0}","{""energy"": 0.0, ""water"": 0.0, ""transport"": 0.0}",0.3,0.1,,0.38314666666666675,1.0,0.6168533333333333,1,"{""energy"": 0.6666666666666667, ""water"": 0.05493333333333334, ""transport"": 0.33333333333333337}","{""energy"": 1.0, ""water"": 1.0, ""transport"": 1.0}","{""energy"": 0.33333333333333326, ""water"": 0.9450666666666666, ""transport"": 0.6666666666666666}",9,0.5537679206387002,,,[],,v2.0,0.7,0.3
S4_water_partial,247,247,8282517523305274076,scenario=S4_water_partial|method=both|duration=0|theta=0.300000|delta_threshold=0.100000|A=v2.0|w=na|run_id=247|seed=8282517523305274076,False,"{""step_1_amount"": 0.5460765785486239}",033832c9a51598bd69064fc3910037f6fde292830c04f0066e6d9779dc60f4ca,0.38314666666666675,0.595023399968598,0.21187673330193124,21,0.0,0.0,0.38314666666666675,0.595023399968598,0,1,0.21187673330193124,"{""energy"": 0.6666666666666667, ""water"": 0.05493333333333334, ""transport"": 0.33333333333333337}","{""energy"": 0.807087238412771, ""water"": 0.48752905651911327, ""transport"": 0.4197659588258522}","{""energy"": 0.14042057174610423, ""water"": 0.43259572318577993, ""transport"": 0.08643262549251884}","{""energy"": 0.0, ""water"": 0.0, ""transport"": 0.0}","{""energy"": 0.0, ""water"": 0.0, ""transport"": 0.0}","{""energy"": 0.0, ""water"": 0.0, ""transport"": 0.0}",0.3,0.1,,0.38314666666666675,1.0,0.6168533333333333,1,"{""energy"": 0.6666666666666667, ""water"": 0.05493333333333334, ""transport"": 0.33333333333333337}","{""energy"": 1.0, ""water"": 1.0, ""transport"": 1.0}","{""energy"": 0.33333333333333326, ""water"": 0.9450666666666666, ""transport"": 0.6666666666666666}",8,0.595023399968598,,,[],,v2.0,0.7,0.3
S4_water_partial,248,248,11828230636872109814,scenario=S4_water_partial|method=both|duration=0|theta=0.300000|delta_threshold=0.100000|A=v2.0|w=na|run_id=248|seed=11828230636872109814,False,"{""step_1_amount"": 0.44867060128169767}",033832c9a51598bd69064fc3910037f6fde292830c04f0066e6d9779dc60f4ca,0.38314666666666675,0.535389025536354,0.1522423588696873,29,0.0,0.0,0.38314666666666675,0.535389025536354,0,1,0.1522423588696873,"{""energy"": 0.6666666666666667, ""water"": 0.05493333333333334, ""transport"": 0.33333333333333337}","{""energy"": 0.7675647631367155, ""water"": 0.3657715849354553, ""transport"": 0.39543881600343733}","{""energy"": 0.10089809647004877, ""water"": 0.310838251602122, ""transport"": 0.06210548267010396}","{""energy"": 0.0, ""water"": 0.0, ""transport"": 0.0}","{""energy"": 0.0, ""water"": 0.0, ""transport"": 0.0}","{""energy"": 0.0, ""water"": 0.0, ""transport"": 0.0}",0.3,0.1,,0.38314666666666675,1.0,0.6168533333333333,1,"{""energy"": 0.6666666666666667, ""water"": 0.05493333333333334, ""transport"": 0.33333333333333337}","{""energy"": 1.0, ""water"": 1.0, ""transport"": 1.0}","{""energy"": 0.33333333333333326, ""water"": 0.9450666666666666, ""transport"": 0.6666666666666666}",9,0.535389025536354,,,[],,v2.0,0.7,0.3
S4_water_partial,249,249,16820205131626011943,scenario=S4_water_partial|method=both|duration=0|theta=0.300000|delta_threshold=0.100000|A=v2.0|w=na|run_id=249|seed=16820205131626011943,False,"{""step_1_amount"": 0.35184043690180394}",033832c9a51598bd69064fc3910037f6fde292830c04f0066e6d9779dc60f4ca,0.38314666666666675,0.47610717814887366,0.09296051148220691,30,0.0,0.0,0.38314666666666675,0.47610717814887366,0,0,0.09296051148220691,"{""energy"": 0.6666666666666667, ""water"": 0.05493333333333334, ""transport"": 0.33333333333333337}","{""energy"": 0.7282759239395737, ""water"": 0.2447338794605883, ""transport"": 0.3712554824495589}","{""energy"": 0.061609257272907, ""water"": 0.18980054612725497, ""transport"": 0.037922149116225545}","{""energy"": 0.0, ""water"": 0.0, ""transport"": 0.0}","{""energy"": 0.0, ""water"": 0.0, ""transport"": 0.0}","{""energy"": 0.0, ""water"": 0.0, ""transport"": 0.0}",0.3,0.1,,0.38314666666666675,1.0,0.6168533333333333,1,"{""energy"": 0.6666666666666667, ""water"": 0.05493333333333334, ""transport"": 0.33333333333333337}","{""energy"": 1.0, ""water"": 1.0, ""transport"": 1.0}","{""energy"": 0.33333333333333326, ""water"": 0.9450666666666666, ""transport"": 0.6666666666666666}",10,0.47610717814887366,,,[],,v2.0,0.7,0.3
S4_water_partial,250,250,8073889792284042461,scenario=S4_water_partial|method=both|duration=0|theta=0.300000|delta_threshold=0.100000|A=v2.0|w=na|run_id=250|seed=8073889792284042461,False,"{""step_1_amount"": 0.32278956030764616}",033832c9a51598bd69064fc3910037f6fde292830c04f0066e6d9779dc60f4ca,0.38314666666666675,0.4583215052260154,0.07517483855934864,19,0.0,0.0,0.38314666666666675,0.4583215052260154,0,0,0.07517483855934864,"{""energy"": 0.6666666666666667, ""water"": 0.05493333333333334, ""transport"": 0.33333333333333337}","{""energy"": 0.7164885307614942, ""water"": 0.20842028371789106, ""transport"": 0.364000026020168}","{""energy"": 0.04982186409482747, ""water"": 0.15348695038455773, ""transport"": 0.03066669268683464}","{""energy"": 0.0, ""water"": 0.0, ""transport"": 0.0}","{""energy"": 0.0, ""water"": 0.0, ""transport"": 0.0}","{""energy"": 0.0, ""water"": 0.0, ""transport"": 0.0}",0.3,0.1,,0.38314666666666675,1.0,0.6168533333333333,1,"{""energy"": 0.6666666666666667, ""water"": 0.05493333333333334, ""transport"": 0.33333333333333337}","{""energy"": 1.0, ""water"": 1.0, ""transport"": 1.0}","{""energy"": 0.33333333333333326, ""water"": 0.9450666666666666, ""transport"": 0.6666666666666666}",11,0.4583215052260154,,,[],,v2.0,0.7,0.3
S4_water_partial,251,251,7705760685586959960,scenario=S4_water_partial|method=both|duration=0|theta=0.300000|delta_threshold=0.100000|A=v2.0|w=na|run_id=251|seed=7705760685586959960,False,"{""step_1_amount"": 0.780642806645148}",033832c9a51598bd69064fc3910037f6fde292830c04f0066e6d9779dc60f4ca,0.38314666666666675,0.7386307089649924,0.35548404229832564,8,0.0,1.0,0.38314666666666675,0.7386307089649924,1,1,0.35548404229832564,"{""energy"": 0.6666666666666667, ""water"": 0.05493333333333334, ""transport"": 0.33333333333333337}","{""energy"": 0.9022624854629355, ""water"": 0.7807368416397683, ""transport"": 0.4783488742929591}","{""energy"": 0.23559581879626879, ""water"": 0.7258035083064349, ""transport"": 0.1450155409596257}","{""energy"": 0.0, ""water"": 0.0, ""transport"": 0.0}","{""energy"": 1.0, ""water"": 1.0, ""transport"": 1.0}","{""energy"": 1.0, ""water"": 1.0, ""transport"": 1.0}",0.3,0.1,,0.38314666666666675,1.0,0.6168533333333333,1,"{""energy"": 0.6666666666666667, ""water"": 0.05493333333333334, ""transport"": 0.33333333333333337}","{""energy"": 1.0, ""water"": 1.0, ""transport"": 1.0}","{""energy"": 0.33333333333333326, ""water"": 0.9450666666666666, ""transport"": 0.6666666666666666}",5,0.7386307089649924,,,"[""energy"", ""transport""]",1,v2.0,0.7,0.3
S4_water_partial,252,252,3526804154298916838,scenario=S4_water_partial|method=both|duration=0|theta=0.300000|delta_threshold=0.100000|A=v2.0|w=na|run_id=252|seed=3526804154298916838,False,"{""step_1_amount"": 0.6451406767645754}",033832c9a51598bd69064fc3910037f6fde292830c04f0066e6d9779dc60f4ca,0.38314666666666675,0.6556729174988589,0.2725262508321922,5,0.0,0.0,0.38314666666666675,0.6556729174988589,0,1,0.2725262508321922,"{""energy"": 0.6666666666666667, ""water"": 0.05493333333333334, ""transport"": 0.33333333333333337}","{""energy"": 0.8472824962638932, ""water"": 0.6113591792890527, ""transport"": 0.4445072173552861}","{""energy"": 0.18061582959722644, ""water"": 0.5564258459557193, ""transport"": 0.11117388402195272}","{""energy"": 0.0, ""water"": 0.0, ""transport"": 0.0}","{""energy"": 0.0, ""water"": 0.0, ""transport"": 0.0}","{""energy"": 0.0, ""water"": 0.0, ""transport"": 0.0}",0.3,0.1,,0.38314666666666675,1.0,0.6168533333333333,1,"{""energy"": 0.6666666666666667, ""water"": 0.05493333333333334, ""transport"": 0.33333333333333337}","{""energy"": 1.0, ""water"": 1.0, ""transport"": 1.0}","{""energy"": 0.33333333333333326, ""water"": 0.9450666666666666, ""transport"": 0.6666666666666666}",7,0.6556729174988589,,,[],,v2.0,0.7,0.3
S4_water_partial,253,253,3922056785877321933,scenario=S4_water_partial|method=both|duration=0|theta=0.300000|delta_threshold=0.100000|A=v2.0|w=na|run_id=253|seed=3922056785877321933,False,"{""step_1_amount"": 0.5560718393192482}",033832c9a51598bd69064fc3910037f6fde292830c04f0066e6d9779dc60f4ca,0.38314666666666675,0.6011427484938934,0.21799608182722663,10,0.0,0.0,0.38314666666666675,0.6011427484938934,0,1,0.21799608182722663,"{""energy"": 0.6666666666666667, ""water"": 0.05493333333333334, ""transport"": 0.33333333333333337}","{""energy"": 0.8111428154704516, ""water"": 0.5000231324823936, ""transport"": 0.4222622752033156}","{""energy"": 0.1444761488037849, ""water"": 0.4450897991490603, ""transport"": 0.08892894186998224}","{""energy"": 0.0, ""water"": 0.0, ""transport"": 0.0}","{""energy"": 0.0, ""water"": 0.0, ""transport"": 0.0}","{""energy"": 0.0, ""water"": 0.0, ""transport"": 0.0}",0.3,0.1,,0.38314666666666675,1.0,0.6168533333333333,1,"{""energy"": 0.6666666666666667, ""water"": 0.05493333333333334, ""transport"": 0.33333333333333337}","{""energy"": 1.0, ""water"": 1.0, ""transport"": 1.0}","{""energy"": 0.33333333333333326, ""water"": 0.9450666666666666, ""transport"": 0.6666666666666666}",8,0.6011427484938934,,,[],,v2.0,0.7,0.3
S4_water_partial,254,254,7727351927119672105,scenario=S4_water_partial|method=both|duration=0|theta=0.300000|delta_threshold=0.100000|A=v2.0|w=na|run_id=254|seed=7727351927119672105,False,"{""step_1_amount"": 0.3679617896445207}",033832c9a51598bd69064fc3910037f6fde292830c04f0066e6d9779dc60f4ca,0.38314666666666675,0.48597707333178336,0.10283040666511661,28,0.0,0.0,0.38314666666666675,0.48597707333178336,0,0,0.10283040666511661,"{""energy"": 0.6666666666666667, ""water"": 0.05493333333333334, ""transport"": 0.33333333333333337}","{""energy"": 0.734817162814931, ""water"": 0.26488557038898414, ""transport"": 0.3752817902970524}","{""energy"": 0.0681504961482643, ""water"": 0.2099522370556508, ""transport"": 0.041948456963719016}","{""energy"": 0.0, ""water"": 0.0, ""transport"": 0.0}","{""energy"": 0.0, ""water"": 0.0, ""transport"": 0.0}","{""energy"": 0.0, ""water"": 0.0, ""transport"": 0.0}",0.3,0.1,,0.38314666666666675,1.0,0.6168533333333333,1,"{""energy"": 0.6666666666666667, ""water"": 0.05493333333333334, ""transport"": 0.33333333333333337}","{""energy"": 1.0, ""water"": 1.0, ""transport"": 1.0}","{""energy"": 0.33333333333333326, ""water"": 0.9450666666666666, ""transport"": 0.6666666666666666}",10,0.48597707333178336,,,[],,v2.0,0.7,0.3
S4_water_partial,255,255,7073381154389801629,scenario=S4_water_partial|method=both|duration=0|theta=0.300000|delta_threshold=0.100000|A=v2.0|w=na|run_id=255|seed=7073381154389801629,False,"{""step_1_amount"": 0.2668370878073116}",033832c9a51598bd69064fc3910037f6fde292830c04f0066e6d9779dc60f4ca,0.38314666666666675,0.4240660027494981,0.04091933608283138,11,0.0,0.0,0.38314666666666675,0.4240660027494981,0,0,0.04091933608283138,"{""energy"": 0.6666666666666667, ""water"": 0.05493333333333334, ""transport"": 0.33333333333333337}","{""energy"": 0.6937858150444834, ""water"": 0.13847969309247285, ""transport"": 0.35002589601320944}","{""energy"": 0.027119148377816704, ""water"": 0.08354635975913952, ""transport"": 0.016692562679876066}","{""energy"": 0.0, ""water"": 0.0, ""transport"": 0.0}","{""energy"": 0.0, ""water"": 0.0, ""transport"": 0.0}","{""energy"": 0.0, ""water"": 0.0, ""transport"": 0.0}",0.3,0.1,,0.38314666666666675,1.0,0.6168533333333333,1,"{""energy"": 0.6666666666666667, ""water"": 0.05493333333333334, ""transport"": 0.33333333333333337}","{""energy"": 1.0, ""water"": 1.0, ""transport"": 1.0}","{""energy"": 0.33333333333333326, ""water"": 0.9450666666666666, ""transport"": 0.6666666666666666}",12,0.4240660027494981,,,[],,v2.0,0.7,0.3
S4_water_partial,256,256,10886670620313985832,scenario=S4_water_partial|method=both|duration=0|theta=0.300000|delta_threshold=0.100000|A=v2.0|w=na|run_id=256|seed=10886670620313985832,False,"{""step_1_amount"": 0.30937416136667617}",033832c9a51598bd69064fc3910037f6fde292830c04f0066e6d9779dc60f4ca,0.38314666666666675,0.45010826260938,0.06696159594271328,27,0.0,0.0,0.38314666666666675,0.45010826260938,0,0,0.06696159594271328,"{""energy"": 0.6666666666666667, ""water"": 0.05493333333333334, ""transport"": 0.33333333333333337}","{""energy"": 0.7110452326411956, ""water"": 0.19165103504167855, ""transport"": 0.3606495301346607}","{""energy"": 0.04437856597452883, ""water"": 0.1367177017083452, ""transport"": 0.027316196801327353}","{""energy"": 0.0, ""water"": 0.0, ""transport"": 0.0}","{""energy"": 0.0, ""water"": 0.0, ""transport"": 0.0}","{""energy"": 0.0, ""water"": 0.0, ""transport"": 0.0}",0.3,0.1,,0.38314666666666675,1.0,0.6168533333333333,1,"{""energy"": 0.6666666666666667, ""water"": 0.05493333333333334, ""transport"": 0.33333333333333337}","{""energy"": 1.0, ""water"": 1.0, ""transport"": 1.0}","{""energy"": 0.33333333333333326, ""water"": 0.9450666666666666, ""transport"": 0.6666666666666666}",11,0.45010826260938,,,[],,v2.0,0.7,0.3
S4_water_partial,257,257,1243420533343809697,scenario=S4_water_partial|method=both|duration=0|theta=0.300000|delta_threshold=0.100000|A=v2.0|w=na|run_id=257|seed=1243420533343809697,False,"{""step_1_amount"": 0.5840165400958398}",033832c9a51598bd69064fc3910037f6fde292830c04f0066e6d9779dc60f4ca,0.38314666666666675,0.6182511929268423,0.23510452626017553,30,0.0,0.0,0.38314666666666675,0.6182511929268423,0,1,0.23510452626017553,"{""energy"": 0.6666666666666667, ""water"": 0.05493333333333334, ""transport"": 0.33333333333333337}","{""energy"": 0.8224813778105537, ""water"": 0.5349540084531331, ""transport"": 0.4292414642222694}","{""energy"": 0.155814711143887, ""water"": 0.4800206751197998, ""transport"": 0.09590813088893602}","{""energy"": 0.0, ""water"": 0.0, ""transport"": 0.0}","{""energy"": 0.0, ""water"": 0.0, ""transport"": 0.0}","{""energy"": 0.0, ""water"": 0.0, ""transport"": 0.0}",0.3,0.1,,0.38314666666666675,1.0,0.6168533333333333,1,"{""energy"": 0.6666666666666667, ""water"": 0.05493333333333334, ""transport"": 0.33333333333333337}","{""energy"": 1.0, ""water"": 1.0, ""transport"": 1.0}","{""energy"": 0.33333333333333326, ""water"": 0.9450666666666666, ""transport"": 0.6666666666666666}",7,0.6182511929268423,,,[],,v2.0,0.7,0.3
S4_water_partial,258,258,15244541334168579325,scenario=S4_water_partial|method=both|duration=0|theta=0.300000|delta_threshold=0.100000|A=v2.0|w=na|run_id=258|seed=15244541334168579325,False,"{""step_1_amount"": 0.6429865858164332}",033832c9a51598bd69064fc3910037f6fde292830c04f0066e6d9779dc60f4ca,0.38314666666666675,0.6543541291681325,0.27120746250146577,10,0.0,0.0,0.38314666666666675,0.6543541291681325,0,1,0.27120746250146577,"{""energy"": 0.6666666666666667, ""water"": 0.05493333333333334, ""transport"": 0.33333333333333337}","{""energy"": 0.8464084738616845, ""water"": 0.6086665656038748, ""transport"": 0.4439692331409876}","{""energy"": 0.17974180719501776, ""water"": 0.5537332322705414, ""transport"": 0.1106358998076542}","{""energy"": 0.0, ""water"": 0.0, ""transport"": 0.0}","{""energy"": 0.0, ""water"": 0.0, ""transport"": 0.0}","{""energy"": 0.0, ""water"": 0.0, ""transport"": 0.0}",0.3,0.1,,0.38314666666666675,1.0,0.6168533333333333,1,"{""energy"": 0.6666666666666667, ""water"": 0.05493333333333334, ""transport"": 0.33333333333333337}","{""energy"": 1.0, ""water"": 1.0, ""transport"": 1.0}","{""energy"": 0.33333333333333326, ""water"": 0.9450666666666666, ""transport"": 0.6666666666666666}",7,0.6543541291681325,,,[],,v2.0,0.7,0.3
S4_water_partial,259,259,15439748292438212473,scenario=S4_water_partial|method=both|duration=0|theta=0.300000|delta_threshold=0.100000|A=v2.0|w=na|run_id=259|seed=15439748292438212473,False,"{""step_1_amount"": 0.4678604276414331}",033832c9a51598bd69064fc3910037f6fde292830c04f0066e6d9779dc60f4ca,0.38314666666666675,0.547137516979443,0.16399085031277627,28,0.0,0.0,0.38314666666666675,0.547137516979443,0,1,0.16399085031277627,"{""energy"": 0.6666666666666667, ""water"": 0.05493333333333334, ""transport"": 0.33333333333333337}","{""energy"": 0.7753510351821782, ""water"": 0.38975886788512465, ""transport"": 0.40023147513678126}","{""energy"": 0.10868436851551144, ""water"": 0.3348255345517913, ""transport"": 0.06689814180344789}","{""energy"": 0.0, ""water"": 0.0, ""transport"": 0.0}","{""energy"": 0.0, ""water"": 0.0, ""transport"": 0.0}","{""energy"": 0.0, ""water"": 0.0, ""transport"": 0.0}",0.3,0.1,,0.38314666666666675,1.0,0.6168533333333333,1,"{""energy"": 0.6666666666666667, ""water"": 0.05493333333333334, ""transport"": 0.33333333333333337}","{""energy"": 1.0, ""water"": 1.0, ""transport"": 1.0}","{""energy"": 0.33333333333333326, ""water"": 0.9450666666666666, ""transport"": 0.6666666666666666}",9,0.547137516979443,,,[],,v2.0,0.7,0.3
S4_water_partial,260,260,854345690412942281,scenario=S4_water_partial|method=both|duration=0|theta=0.300000|delta_threshold=0.100000|A=v2.0|w=na|run_id=260|seed=854345690412942281,False,"{""step_1_amount"": 0.3121064397590695}",033832c9a51598bd69064fc3910037f6fde292830c04f0066e6d9779dc60f4ca,0.38314666666666675,0.451781031748163,0.06863436508149623,26,0.0,0.0,0.38314666666666675,0.451781031748163,0,0,0.06863436508149623,"{""energy"": 0.6666666666666667, ""water"": 0.05493333333333334, ""transport"": 0.33333333333333337}","{""energy"": 0.7121538545989091, ""water"": 0.1950663830321701, ""transport"": 0.36133191666316095}","{""energy"": 0.04548718793224238, ""water"": 0.14013304969883678, ""transport"": 0.027998583329827575}","{""energy"": 0.0, ""water"": 0.0, ""transport"": 0.0}","{""energy"": 0.0, ""water"": 0.0, ""transport"": 0.0}","{""energy"": 0.0, ""water"": 0.0, ""transport"": 0.0}",0.3,0.1,,0.38314666666666675,1.0,0.6168533333333333,1,"{""energy"": 0.6666666666666667, ""water"": 0.05493333333333334, ""transport"": 0.33333333333333337}","{""energy"": 1.0, ""water"": 1.0, ""transport"": 1.0}","{""energy"": 0.33333333333333326, ""water"": 0.9450666666666666, ""transport"": 0.6666666666666666}",11,0.451781031748163,,,[],,v2.0,0.7,0.3
S4_water_partial,261,261,17513880283274102299,scenario=S4_water_partial|method=both|duration=0|theta=0.300000|delta_threshold=0.100000|A=v2.0|w=na|run_id=261|seed=17513880283274102299,False,"{""step_1_amount"": 0.39487189459090966}",033832c9a51598bd69064fc3910037f6fde292830c04f0066e6d9779dc60f4ca,0.38314666666666675,0.5024521123325865,0.11930544566591972,27,0.0,0.0,0.38314666666666675,0.5024521123325865,0,0,0.11930544566591972,"{""energy"": 0.6666666666666667, ""water"": 0.05493333333333334, ""transport"": 0.33333333333333337}","{""energy"": 0.7457359378969284, ""water"": 0.2985232015719705, ""transport"": 0.3820025890074131}","{""energy"": 0.07906927123026164, ""water"": 0.24358986823863715, ""transport"": 0.0486692556740797}","{""energy"": 0.0, ""water"": 0.0, ""transport"": 0.0}","{""energy"": 0.0, ""water"": 0.0, ""transport"": 0.0}","{""energy"": 0.0, ""water"": 0.0, ""transport"": 0.0}",0.3,0.1,,0.38314666666666675,1.0,0.6168533333333333,1,"{""energy"": 0.6666666666666667, ""water"": 0.05493333333333334, ""transport"": 0.33333333333333337}","{""energy"": 1.0, ""water"": 1.0, ""transport"": 1.0}","{""energy"": 0.33333333333333326, ""water"": 0.9450666666666666, ""transport"": 0.6666666666666666}",10,0.5024521123325865,,,[],,v2.0,0.7,0.3
S4_water_partial,262,262,13754148185629297635,scenario=S4_water_partial|method=both|duration=0|theta=0.300000|delta_threshold=0.100000|A=v2.0|w=na|run_id=262|seed=13754148185629297635,False,"{""step_1_amount"": 0.5169993337765693}",033832c9a51598bd69064fc3910037f6fde292830c04f0066e6d9779dc60f4ca,0.38314666666666675,0.5772215837880268,0.19407491712136005,7,0.0,0.0,0.38314666666666675,0.5772215837880268,0,1,0.19407491712136005,"{""energy"": 0.6666666666666667, ""water"": 0.05493333333333334, ""transport"": 0.33333333333333337}","{""energy"": 0.7952891463465097, ""water"": 0.45118250055404496, ""transport"": 0.41250391694403155}","{""energy"": 0.12862247967984297, ""water"": 0.39624916722071163, ""transport"": 0.07917058361069818}","{""energy"": 0.0, ""water"": 0.0, ""transport"": 0.0}","{""energy"": 0.0, ""water"": 0.0, ""transport"": 0.0}","{""energy"": 0.0, ""water"": 0.0, ""transport"": 0.0}",0.3,0.1,,0.38314666666666675,1.0,0.6168533333333333,1,"{""energy"": 0.6666666666666667, ""water"": 0.05493333333333334, ""transport"": 0.33333333333333337}","{""energy"": 1.0, ""water"": 1.0, ""transport"": 1.0}","{""energy"": 0.33333333333333326, ""water"": 0.9450666666666666, ""transport"": 0.6666666666666666}",8,0.5772215837880268,,,[],,v2.0,0.7,0.3
S4_water_partial,263,263,16351076330531093070,scenario=S4_water_partial|method=both|duration=0|theta=0.300000|delta_threshold=0.100000|A=v2.0|w=na|run_id=263|seed=16351076330531093070,False,"{""step_1_amount"": 0.20575836610728737}",033832c9a51598bd69064fc3910037f6fde292830c04f0066e6d9779dc60f4ca,0.38314666666666675,0.38667208235670075,0.003525415690034006,20,0.0,0.0,0.38314666666666675,0.38667208235670075,0,0,0.003525415690034006,"{""energy"": 0.6666666666666667, ""water"": 0.05493333333333334, ""transport"": 0.33333333333333337}","{""energy"": 0.6690031237146986, ""water"": 0.062131290967442625, ""transport"": 0.33477148526862843}","{""energy"": 0.0023364570480318703, ""water"": 0.007197957634109284, ""transport"": 0.0014381519352950622}","{""energy"": 0.0, ""water"": 0.0, ""transport"": 0.0}","{""energy"": 0.0, ""water"": 0.0, ""transport"": 0.0}","{""energy"": 0.0, ""water"": 0.0, ""transport"": 0.0}",0.3,0.1,,0.38314666666666675,1.0,0.6168533333333333,1,"{""energy"": 0.6666666666666667, ""water"": 0.05493333333333334, ""transport"": 0.33333333333333337}","{""energy"": 1.0, ""water"": 1.0, ""transport"": 1.0}","{""energy"": 0.33333333333333326, ""water"": 0.9450666666666666, ""transport"": 0.6666666666666666}",12,0.38667208235670075,,,[],,v2.0,0.7,0.3
S4_water_partial,264,264,15539151709732100954,scenario=S4_water_partial|method=both|duration=0|theta=0.300000|delta_threshold=0.100000|A=v2.0|w=na|run_id=264|seed=15539151709732100954,False,"{""step_1_amount"": 0.44315718762889095}",033832c9a51598bd69064fc3910037f6fde292830c04f0066e6d9779dc60f4ca,0.38314666666666675,0.5320135758627644,0.14886690919609769,11,0.0,0.0,0.38314666666666675,0.5320135758627644,0,0,0.14886690919609769,"{""energy"": 0.6666666666666667, ""water"": 0.05493333333333334, ""transport"": 0.33333333333333337}","{""energy"": 0.7653276955470892, ""water"": 0.358879817869447, ""transport"": 0.3940618409436489}","{""energy"": 0.0986610288804225, ""water"": 0.30394648453611367, ""transport"": 0.06072850761031551}","{""energy"": 0.0, ""water"": 0.0, ""transport"": 0.0}","{""energy"": 0.0, ""water"": 0.0, ""transport"": 0.0}","{""energy"": 0.0, ""water"": 0.0, ""transport"": 0.0}",0.3,0.1,,0.38314666666666675,1.0,0.6168533333333333,1,"{""energy"": 0.6666666666666667, ""water"": 0.05493333333333334, ""transport"": 0.33333333333333337}","{""energy"": 1.0, ""water"": 1.0, ""transport"": 1.0}","{""energy"": 0.33333333333333326, ""water"": 0.9450666666666666, ""transport"": 0.6666666666666666}",9,0.5320135758627644,,,[],,v2.0,0.7,0.3
S4_water_partial,265,265,453926223625900049,scenario=S4_water_partial|method=both|duration=0|theta=0.300000|delta_threshold=0.100000|A=v2.0|w=na|run_id=265|seed=453926223625900049,False,"{""step_1_amount"": 0.2931684254677545}",033832c9a51598bd69064fc3910037f6fde292830c04f0066e6d9779dc60f4ca,0.38314666666666675,0.4401867059486627,0.05704003928199597,28,0.0,0.0,0.38314666666666675,0.4401867059486627,0,0,0.05704003928199597,"{""energy"": 0.6666666666666667, ""water"": 0.05493333333333334, ""transport"": 0.33333333333333337}","{""energy"": 0.7044697553002082, ""water"": 0.17139386516802654, ""transport"": 0.35660214759390507}","{""energy"": 0.037803088633541426, ""water"": 0.11646053183469321, ""transport"": 0.023268814260571702}","{""energy"": 0.0, ""water"": 0.0, ""transport"": 0.0}","{""energy"": 0.0, ""water"": 0.0, ""transport"": 0.0}","{""energy"": 0.0, ""water"": 0.0, ""transport"": 0.0}",0.3,0.1,,0.38314666666666675,1.0,0.6168533333333333,1,"{""energy"": 0.6666666666666667, ""water"": 0.05493333333333334, ""transport"": 0.33333333333333337}","{""energy"": 1.0, ""water"": 1.0, ""transport"": 1.0}","{""energy"": 0.33333333333333326, ""water"": 0.9450666666666666, ""transport"": 0.6666666666666666}",11,0.4401867059486627,,,[],,v2.0,0.7,0.3
S4_water_partial,266,266,13703356871717614054,scenario=S4_water_partial|method=both|duration=0|theta=0.300000|delta_threshold=0.100000|A=v2.0|w=na|run_id=266|seed=13703356871717614054,False,"{""step_1_amount"": 0.7045128983209049}",033832c9a51598bd69064fc3910037f6fde292830c04f0066e6d9779dc60f4ca,0.38314666666666675,0.6920220758411828,0.30887540917451606,5,0.0,0.0,0.38314666666666675,0.6920220758411828,0,1,0.30887540917451606,"{""energy"": 0.6666666666666667, ""water"": 0.05493333333333334, ""transport"": 0.33333333333333337}","{""energy"": 0.8713727751603739, ""water"": 0.6855744562344646, ""transport"": 0.4593354296889794}","{""energy"": 0.20470610849370718, ""water"": 0.6306411229011312, ""transport"": 0.12600209635564602}","{""energy"": 0.0, ""water"": 0.0, ""transport"": 0.0}","{""energy"": 0.0, ""water"": 0.0, ""transport"": 0.0}","{""energy"": 0.0, ""water"": 0.0, ""transport"": 0.0}",0.3,0.1,,0.38314666666666675,1.0,0.6168533333333333,1,"{""energy"": 0.6666666666666667, ""water"": 0.05493333333333334, ""transport"": 0.33333333333333337}","{""energy"": 1.0, ""water"": 1.0, ""transport"": 1.0}","{""energy"": 0.33333333333333326, ""water"": 0.9450666666666666, ""transport"": 0.6666666666666666}",6,0.6920220758411828,,,[],,v2.0,0.7,0.3
S4_water_partial,267,267,9751044757411054580,scenario=S4_water_partial|method=both|duration=0|theta=0.300000|delta_threshold=0.100000|A=v2.0|w=na|run_id=267|seed=9751044757411054580,False,"{""step_1_amount"": 0.424510168140004}",033832c9a51598bd69064fc3910037f6fde292830c04f0066e6d9779dc60f4ca,0.38314666666666675,0.5205974043561806,0.13745073768951388,15,0.0,0.0,0.38314666666666675,0.5205974043561806,0,0,0.13745073768951388,"{""energy"": 0.6666666666666667, ""water"": 0.05493333333333334, ""transport"": 0.33333333333333337}","{""energy"": 0.7577616673894734, ""water"": 0.33557104350833833, ""transport"": 0.38940474782629936}","{""energy"": 0.09109500072280663, ""water"": 0.280637710175005, ""transport"": 0.05607141449296599}","{""energy"": 0.0, ""water"": 0.0, ""transport"": 0.0}","{""energy"": 0.0, ""water"": 0.0, ""transport"": 0.0}","{""energy"": 0.0, ""water"": 0.0, ""transport"": 0.0}",0.3,0.1,,0.38314666666666675,1.0,0.6168533333333333,1,"{""energy"": 0.6666666666666667, ""water"": 0.05493333333333334, ""transport"": 0.33333333333333337}","{""energy"": 1.0, ""water"": 1.0, ""transport"": 1.0}","{""energy"": 0.33333333333333326, ""water"": 0.9450666666666666, ""transport"": 0.6666666666666666}",9,0.5205974043561806,,,[],,v2.0,0.7,0.3
S4_water_partial,268,268,909944336841312719,scenario=S4_water_partial|method=both|duration=0|theta=0.300000|delta_threshold=0.100000|A=v2.0|w=na|run_id=268|seed=909944336841312719,False,"{""step_1_amount"": 0.2504765033753097}",033832c9a51598bd69064fc3910037f6fde292830c04f0066e6d9779dc60f4ca,0.38314666666666675,0.4140496439456157,0.030902977278948973,21,0.0,0.0,0.38314666666666675,0.4140496439456157,0,0,0.030902977278948973,"{""energy"": 0.6666666666666667, ""water"": 0.05493333333333334, ""transport"": 0.33333333333333337}","{""energy"": 0.6871475079111986, ""water"": 0.11802896255247045, ""transport"": 0.34593984005131695}","{""energy"": 0.020480841244531867, ""water"": 0.06309562921913711, ""transport"": 0.012606506717983579}","{""energy"": 0.0, ""water"": 0.0, ""transport"": 0.0}","{""energy"": 0.0, ""water"": 0.0, ""transport"": 0.0}","{""energy"": 0.0, ""water"": 0.0, ""transport"": 0.0}",0.3,0.1,,0.38314666666666675,1.0,0.6168533333333333,1,"{""energy"": 0.6666666666666667, ""water"": 0.05493333333333334, ""transport"": 0.33333333333333337}","{""energy"": 1.0, ""water"": 1.0, ""transport"": 1.0}","{""energy"": 0.33333333333333326, ""water"": 0.9450666666666666, ""transport"": 0.6666666666666666}",12,0.4140496439456157,,,[],,v2.0,0.7,0.3
S4_water_partial,269,269,10817718308959878234,scenario=S4_water_partial|method=both|duration=0|theta=0.300000|delta_threshold=0.100000|A=v2.0|w=na|run_id=269|seed=10817718308959878234,False,"{""step_1_amount"": 0.3198929729198993}",033832c9a51598bd69064fc3910037f6fde292830c04f0066e6d9779dc60f4ca,0.38314666666666675,0.456548142012552,0.07340147534588526,19,0.0,0.0,0.38314666666666675,0.456548142012552,0,0,0.07340147534588526,"{""energy"": 0.6666666666666667, ""water"": 0.05493333333333334, ""transport"": 0.33333333333333337}","{""energy"": 0.7153132404289159, ""water"": 0.20479954948320747, ""transport"": 0.3632766033200782}","{""energy"": 0.04864657376224912, ""water"": 0.14986621614987414, ""transport"": 0.029943269986744847}","{""energy"": 0.0, ""water"": 0.0, ""transport"": 0.0}","{""energy"": 0.0, ""water"": 0.0, ""transport"": 0.0}","{""energy"": 0.0, ""water"": 0.0, ""transport"": 0.0}",0.3,0.1,,0.38314666666666675,1.0,0.6168533333333333,1,"{""energy"": 0.6666666666666667, ""water"": 0.05493333333333334, ""transport"": 0.33333333333333337}","{""energy"": 1.0, ""water"": 1.0, ""transport"": 1.0}","{""energy"": 0.33333333333333326, ""water"": 0.9450666666666666, ""transport"": 0.6666666666666666}",11,0.456548142012552,,,[],,v2.0,0.7,0.3
S4_water_partial,270,270,17572094698809650287,scenario=S4_water_partial|method=both|duration=0|theta=0.300000|delta_threshold=0.100000|A=v2.0|w=na|run_id=270|seed=17572094698809650287,False,"{""step_1_amount"": 0.20758196760384692}",033832c9a51598bd69064fc3910037f6fde292830c04f0066e6d9779dc60f4ca,0.38314666666666675,0.38778853678293185,0.004641870116265101,26,0.0,0.0,0.38314666666666675,0.38778853678293185,0,0,0.004641870116265101,"{""energy"": 0.6666666666666667, ""water"": 0.05493333333333334, ""transport"": 0.33333333333333337}","{""energy"": 0.6697430500219276, ""water"": 0.064410792838142, ""transport"": 0.33522692974239415}","{""energy"": 0.0030763833552608366, ""water"": 0.009477459504808654, ""transport"": 0.0018935964090607826}","{""energy"": 0.0, ""water"": 0.0, ""transport"": 0.0}","{""energy"": 0.0, ""water"": 0.0, ""transport"": 0.0}","{""energy"": 0.0, ""water"": 0.0, ""transport"": 0.0}",0.3,0.1,,0.38314666666666675,1.0,0.6168533333333333,1,"{""energy"": 0.6666666666666667, ""water"": 0.05493333333333334, ""transport"": 0.33333333333333337}","{""energy"": 1.0, ""water"": 1.0, ""transport"": 1.0}","{""energy"": 0.33333333333333326, ""water"": 0.9450666666666666, ""transport"": 0.6666666666666666}",12,0.38778853678293185,,,[],,v2.0,0.7,0.3
S4_water_partial,271,271,11829614613804119085,scenario=S4_water_partial|method=both|duration=0|theta=0.300000|delta_threshold=0.100000|A=v2.0|w=na|run_id=271|seed=11829614613804119085,False,"{""step_1_amount"": 0.3916614107515564}",033832c9a51598bd69064fc3910037f6fde292830c04f0066e6d9779dc60f4ca,0.38314666666666675,0.5004865738640383,0.11733990719737153,18,0.0,0.0,0.38314666666666675,0.5004865738640383,0,0,0.11733990719737153,"{""energy"": 0.6666666666666667, ""water"": 0.05493333333333334, ""transport"": 0.33333333333333337}","{""energy"": 0.7444332840791107, ""water"": 0.2945100967727788, ""transport"": 0.3812007706685346}","{""energy"": 0.07776661741244395, ""water"": 0.23957676343944545, ""transport"": 0.04786743733520121}","{""energy"": 0.0, ""water"": 0.0, ""transport"": 0.0}","{""energy"": 0.0, ""water"": 0.0, ""transport"": 0.0}","{""energy"": 0.0, ""water"": 0.0, ""transport"": 0.0}",0.3,0.1,,0.38314666666666675,1.0,0.6168533333333333,1,"{""energy"": 0.6666666666666667, ""water"": 0.05493333333333334, ""transport"": 0.33333333333333337}","{""energy"": 1.0, ""water"": 1.0, ""transport"": 1.0}","{""energy"": 0.33333333333333326, ""water"": 0.9450666666666666, ""transport"": 0.6666666666666666}",10,0.5004865738640383,,,[],,v2.0,0.7,0.3
S4_water_partial,272,272,8713841294267645402,scenario=S4_water_partial|method=both|duration=0|theta=0.300000|delta_threshold=0.100000|A=v2.0|w=na|run_id=272|seed=8713841294267645402,False,"{""step_1_amount"": 0.3326703498391406}",033832c9a51598bd69064fc3910037f6fde292830c04f0066e6d9779dc60f4ca,0.38314666666666675,0.4643707715969346,0.08122410493026783,30,0.0,0.0,0.38314666666666675,0.4643707715969346,0,0,0.08122410493026783,"{""energy"": 0.6666666666666667, ""water"": 0.05493333333333334, ""transport"": 0.33333333333333337}","{""energy"": 0.720497661113898, ""water"": 0.2207712706322591, ""transport"": 0.3664677532056587}","{""energy"": 0.05383099444723127, ""water"": 0.16583793729892576, ""transport"": 0.03313441987232535}","{""energy"": 0.0, ""water"": 0.0, ""transport"": 0.0}","{""energy"": 0.0, ""water"": 0.0, ""transport"": 0.0}","{""energy"": 0.0, ""water"": 0.0, ""transport"": 0.0}",0.3,0.1,,0.38314666666666675,1.0,0.6168533333333333,1,"{""energy"": 0.6666666666666667, ""water"": 0.05493333333333334, ""transport"": 0.33333333333333337}","{""energy"": 1.0, ""water"": 1.0, ""transport"": 1.0}","{""energy"": 0.33333333333333326, ""water"": 0.9450666666666666, ""transport"": 0.6666666666666666}",11,0.4643707715969346,,,[],,v2.0,0.7,0.3
S4_water_partial,273,273,8637765889936689710,scenario=S4_water_partial|method=both|duration=0|theta=0.300000|delta_threshold=0.100000|A=v2.0|w=na|run_id=273|seed=8637765889936689710,False,"{""step_1_amount"": 0.47703279211841254}",033832c9a51598bd69064fc3910037f6fde292830c04f0066e6d9779dc60f4ca,0.38314666666666675,0.5527530678213618,0.16960640115469505,25,0.0,0.0,0.38314666666666675,0.5527530678213618,0,1,0.16960640115469505,"{""energy"": 0.6666666666666667, ""water"": 0.05493333333333334, ""transport"": 0.33333333333333337}","{""energy"": 0.7790727220687126, ""water"": 0.401224323481349, ""transport"": 0.4025222731649069}","{""energy"": 0.11240605540204585, ""water"": 0.3462909901480157, ""transport"": 0.06918893983157354}","{""energy"": 0.0, ""water"": 0.0, ""transport"": 0.0}","{""energy"": 0.0, ""water"": 0.0, ""transport"": 0.0}","{""energy"": 0.0, ""water"": 0.0, ""transport"": 0.0}",0.3,0.1,,0.38314666666666675,1.0,0.6168533333333333,1,"{""energy"": 0.6666666666666667, ""water"": 0.05493333333333334, ""transport"": 0.33333333333333337}","{""energy"": 1.0, ""water"": 1.0, ""transport"": 1.0}","{""energy"": 0.33333333333333326, ""water"": 0.9450666666666666, ""transport"": 0.6666666666666666}",9,0.5527530678213618,,,[],,v2.0,0.7,0.3
S4_water_partial,274,274,10241442834937571788,scenario=S4_water_partial|method=both|duration=0|theta=0.300000|delta_threshold=0.100000|A=v2.0|w=na|run_id=274|seed=10241442834937571788,False,"{""step_1_amount"": 0.6049256197217977}",033832c9a51598bd69064fc3910037f6fde292830c04f0066e6d9779dc60f4ca,0.38314666666666675,0.6310522542008443,0.24790558753417757,7,0.0,0.0,0.38314666666666675,0.6310522542008443,0,1,0.24790558753417757,"{""energy"": 0.6666666666666667, ""water"": 0.05493333333333334, ""transport"": 0.33333333333333337}","{""energy"": 0.8309652368687861, ""water"": 0.5610903579855805, ""transport"": 0.4344635068588524}","{""energy"": 0.16429857020211935, ""water"": 0.5061570246522471, ""transport"": 0.10113017352551901}","{""energy"": 0.0, ""water"": 0.0, ""transport"": 0.0}","{""energy"": 0.0, ""water"": 0.0, ""transport"": 0.0}","{""energy"": 0.0, ""water"": 0.0, ""transport"": 0.0}",0.3,0.1,,0.38314666666666675,1.0,0.6168533333333333,1,"{""energy"": 0.6666666666666667, ""water"": 0.05493333333333334, ""transport"": 0.33333333333333337}","{""energy"": 1.0, ""water"": 1.0, ""transport"": 1.0}","{""energy"": 0.33333333333333326, ""water"": 0.9450666666666666, ""transport"": 0.6666666666666666}",7,0.6310522542008443,,,[],,v2.0,0.7,0.3
S4_water_partial,275,275,10415111990289331446,scenario=S4_water_partial|method=both|duration=0|theta=0.300000|delta_threshold=0.100000|A=v2.0|w=na|run_id=275|seed=10415111990289331446,False,"{""step_1_amount"": 0.949029713402103}",033832c9a51598bd69064fc3910037f6fde292830c04f0066e6d9779dc60f4ca,0.38314666666666675,0.8417213829542692,0.4585747162876025,24,0.0,1.0,0.38314666666666675,0.8417213829542692,1,1,0.4585747162876025,"{""energy"": 0.6666666666666667, ""water"": 0.05493333333333334, ""transport"": 0.33333333333333337}","{""energy"": 0.97058547287957, ""water"": 0.9912204750859621, ""transport"": 0.5204035042555086}","{""energy"": 0.30391880621290324, ""water"": 0.9362871417526287, ""transport"": 0.18707017092217526}","{""energy"": 0.0, ""water"": 0.0, ""transport"": 0.0}","{""energy"": 1.0, ""water"": 1.0, ""transport"": 1.0}","{""energy"": 1.0, ""water"": 1.0, ""transport"": 1.0}",0.3,0.1,,0.38314666666666675,1.0,0.6168533333333333,1,"{""energy"": 0.6666666666666667, ""water"": 0.05493333333333334, ""transport"": 0.33333333333333337}","{""energy"": 1.0, ""water"": 1.0, ""transport"": 1.0}","{""energy"": 0.33333333333333326, ""water"": 0.9450666666666666, ""transport"": 0.6666666666666666}",3,0.8417213829542692,,,"[""energy"", ""transport""]",1,v2.0,0.7,0.3
S4_water_partial,276,276,943705418146902337,scenario=S4_water_partial|method=both|duration=0|theta=0.300000|delta_threshold=0.100000|A=v2.0|w=na|run_id=276|seed=943705418146902337,False,"{""step_1_amount"": 0.6568739980250848}",033832c9a51598bd69064fc3910037f6fde292830c04f0066e6d9779dc60f4ca,0.38314666666666675,0.6628563501075743,0.2797096834409075,27,0.0,0.0,0.38314666666666675,0.6628563501075743,0,1,0.2797096834409075,"{""energy"": 0.6666666666666667, ""water"": 0.05493333333333334, ""transport"": 0.33333333333333337}","{""energy"": 0.8520432913653448, ""water"": 0.6260258308646894, ""transport"": 0.4474376143400983}","{""energy"": 0.1853766246986781, ""water"": 0.571092497531356, ""transport"": 0.11410428100676495}","{""energy"": 0.0, ""water"": 0.0, ""transport"": 0.0}","{""energy"": 0.0, ""water"": 0.0, ""transport"": 0.0}","{""energy"": 0.0, ""water"": 0.0, ""transport"": 0.0}",0.3,0.1,,0.38314666666666675,1.0,0.6168533333333333,1,"{""energy"": 0.6666666666666667, ""water"": 0.05493333333333334, ""transport"": 0.33333333333333337}","{""energy"": 1.0, ""water"": 1.0, ""transport"": 1.0}","{""energy"": 0.33333333333333326, ""water"": 0.9450666666666666, ""transport"": 0.6666666666666666}",6,0.6628563501075743,,,[],,v2.0,0.7,0.3
S4_water_partial,277,277,13575999784026345263,scenario=S4_water_partial|method=both|duration=0|theta=0.300000|delta_threshold=0.100000|A=v2.0|w=na|run_id=277|seed=13575999784026345263,False,"{""step_1_amount"": 0.3563877739454369}",033832c9a51598bd69064fc3910037f6fde292830c04f0066e6d9779dc60f4ca,0.38314666666666675,0.4788911715704119,0.09574450490374514,27,0.0,0.0,0.38314666666666675,0.4788911715704119,0,0,0.09574450490374514,"{""energy"": 0.6666666666666667, ""water"": 0.05493333333333334, ""transport"": 0.33333333333333337}","{""energy"": 0.7301210059450278, ""water"": 0.2504180507651295, ""transport"": 0.37239117987620624}","{""energy"": 0.06345433927836108, ""water"": 0.19548471743179618, ""transport"": 0.039057846542872865}","{""energy"": 0.0, ""water"": 0.0, ""transport"": 0.0}","{""energy"": 0.0, ""water"": 0.0, ""transport"": 0.0}","{""energy"": 0.0, ""water"": 0.0, ""transport"": 0.0}",0.3,0.1,,0.38314666666666675,1.0,0.6168533333333333,1,"{""energy"": 0.6666666666666667, ""water"": 0.05493333333333334, ""transport"": 0.33333333333333337}","{""energy"": 1.0, ""water"": 1.0, ""transport"": 1.0}","{""energy"": 0.33333333333333326, ""water"": 0.9450666666666666, ""transport"": 0.6666666666666666}",10,0.4788911715704119,,,[],,v2.0,0.7,0.3
S4_water_partial,278,278,13177608523291596164,scenario=S4_water_partial|method=both|duration=0|theta=0.300000|delta_threshold=0.100000|A=v2.0|w=na|run_id=278|seed=13177608523291596164,False,"{""step_1_amount"": 0.17065262586933289}",033832c9a51598bd69064fc3910037f6fde292830c04f0066e6d9779dc60f4ca,0.38314666666666675,0.38314666666666675,0.0,10,0.0,0.0,0.38314666666666675,0.38314666666666675,0,0,0.0,"{""energy"": 0.6666666666666667, ""water"": 0.05493333333333334, ""transport"": 0.33333333333333337}","{""energy"": 0.6666666666666667, ""water"": 0.05493333333333334, ""transport"": 0.33333333333333337}","{""energy"": 0.0, ""water"": 0.0, ""transport"": 0.0}","{""energy"": 0.0, ""water"": 0.0, ""transport"": 0.0}","{""energy"": 0.0, ""water"": 0.0, ""transport"": 0.0}","{""energy"": 0.0, ""water"": 0.0, ""transport"": 0.0}",0.3,0.1,,0.38314666666666675,1.0,0.6168533333333333,1,"{""energy"": 0.6666666666666667, ""water"": 0.05493333333333334, ""transport"": 0.33333333333333337}","{""energy"": 1.0, ""water"": 1.0, ""transport"": 1.0}","{""energy"": 0.33333333333333326, ""water"": 0.9450666666666666, ""transport"": 0.6666666666666666}",13,0.38314666666666675,,,[],,v2.0,0.7,0.3
S4_water_partial,279,279,9030992554437011418,scenario=S4_water_partial|method=both|duration=0|theta=0.300000|delta_threshold=0.100000|A=v2.0|w=na|run_id=279|seed=9030992554437011418,False,"{""step_1_amount"": 0.12746489227328336}",033832c9a51598bd69064fc3910037f6fde292830c04f0066e6d9779dc60f4ca,0.38314666666666675,0.38314666666666675,0.0,14,0.0,0.0,0.38314666666666675,0.38314666666666675,0,0,0.0,"{""energy"": 0.6666666666666667, ""water"": 0.05493333333333334, ""transport"": 0.33333333333333337}","{""energy"": 0.6666666666666667, ""water"": 0.05493333333333334, ""transport"": 0.33333333333333337}","{""energy"": 0.0, ""water"": 0.0, ""transport"": 0.0}","{""energy"": 0.0, ""water"": 0.0, ""transport"": 0.0}","{""energy"": 0.0, ""water"": 0.0, ""transport"": 0.0}","{""energy"": 0.0, ""water"": 0.0, ""transport"": 0.0}",0.3,0.1,,0.38314666666666675,1.0,0.6168533333333333,1,"{""energy"": 0.6666666666666667, ""water"": 0.05493333333333334, ""transport"": 0.33333333333333337}","{""energy"": 1.0, ""water"": 1.0, ""transport"": 1.0}","{""energy"": 0.33333333333333326, ""water"": 0.9450666666666666, ""transport"": 0.6666666666666666}",13,0.38314666666666675,,,[],,v2.0,0.7,0.3
S4_water_partial,280,280,2236341155934124823,scenario=S4_water_partial|method=both|duration=0|theta=0.300000|delta_threshold=0.100000|A=v2.0|w=na|run_id=280|seed=2236341155934124823,False,"{""step_1_amount"": 0.4271495221303726}",033832c9a51598bd69064fc3910037f6fde292830c04f0066e6d9779dc60f4ca,0.38314666666666675,0.522213282852934,0.13906661618626726,20,0.0,0.0,0.38314666666666675,0.522213282852934,0,0,0.13906661618626726,"{""energy"": 0.6666666666666667, ""water"": 0.05493333333333334, ""transport"": 0.33333333333333337}","{""energy"": 0.7588325852710655, ""water"": 0.33887023599629906, ""transport"": 0.3900639264853939}","{""energy"": 0.09216591860439871, ""water"": 0.28393690266296573, ""transport"": 0.05673059315206053}","{""energy"": 0.0, ""water"": 0.0, ""transport"": 0.0}","{""energy"": 0.0, ""water"": 0.0, ""transport"": 0.0}","{""energy"": 0.0, ""water"": 0.0, ""transport"": 0.0}",0.3,0.1,,0.38314666666666675,1.0,0.6168533333333333,1,"{""energy"": 0.6666666666666667, ""water"": 0.05493333333333334, ""transport"": 0.33333333333333337}","{""energy"": 1.0, ""water"": 1.0, ""transport"": 1.0}","{""energy"": 0.33333333333333326, ""water"": 0.9450666666666666, ""transport"": 0.6666666666666666}",9,0.522213282852934,,,[],,v2.0,0.7,0.3
S4_water_partial,281,281,14231420730959162739,scenario=S4_water_partial|method=both|duration=0|theta=0.300000|delta_threshold=0.100000|A=v2.0|w=na|run_id=281|seed=14231420730959162739,False,"{""step_1_amount"": 0.48412567688077873}",033832c9a51598bd69064fc3910037f6fde292830c04f0066e6d9779dc60f4ca,0.38314666666666675,0.5570955091950014,0.17394884252833465,29,0.0,0.0,0.38314666666666675,0.5570955091950014,0,1,0.17394884252833465,"{""energy"": 0.6666666666666667, ""water"": 0.05493333333333334, ""transport"": 0.33333333333333337}","{""energy"": 0.7819506600610426, ""water"": 0.4100904294343067, ""transport"": 0.40429372113430784}","{""energy"": 0.1152839933943759, ""water"": 0.35515709610097335, ""transport"": 0.07096038780097447}","{""energy"": 0.0, ""water"": 0.0, ""transport"": 0.0}","{""energy"": 0.0, ""water"": 0.0, ""transport"": 0.0}","{""energy"": 0.0, ""water"": 0.0, ""transport"": 0.0}",0.3,0.1,,0.38314666666666675,1.0,0.6168533333333333,1,"{""energy"": 0.6666666666666667, ""water"": 0.05493333333333334, ""transport"": 0.33333333333333337}","{""energy"": 1.0, ""water"": 1.0, ""transport"": 1.0}","{""energy"": 0.33333333333333326, ""water"": 0.9450666666666666, ""transport"": 0.6666666666666666}",9,0.5570955091950014,,,[],,v2.0,0.7,0.3
S4_water_partial,282,282,8872723521414209879,scenario=S4_water_partial|method=both|duration=0|theta=0.300000|delta_threshold=0.100000|A=v2.0|w=na|run_id=282|seed=8872723521414209879,False,"{""step_1_amount"": 0.3268385446531369}",033832c9a51598bd69064fc3910037f6fde292830c04f0066e6d9779dc60f4ca,0.38314666666666675,0.46080039466693345,0.07765372800026671,11,0.0,0.0,0.38314666666666675,0.46080039466693345,0,0,0.07765372800026671,"{""energy"": 0.6666666666666667, ""water"": 0.05493333333333334, ""transport"": 0.33333333333333337}","{""energy"": 0.7181314061596771, ""water"": 0.21348151414975441, ""transport"": 0.3650112598604543}","{""energy"": 0.051464739493010336, ""water"": 0.15854818081642108, ""transport"": 0.031677926527120925}","{""energy"": 0.0, ""water"": 0.0, ""transport"": 0.0}","{""energy"": 0.0, ""water"": 0.0, ""transport"": 0.0}","{""energy"": 0.0, ""water"": 0.0, ""transport"": 0.0}",0.3,0.1,,0.38314666666666675,1.0,0.6168533333333333,1,"{""energy"": 0.6666666666666667, ""water"": 0.05493333333333334, ""transport"": 0.33333333333333337}","{""energy"": 1.0, ""water"": 1.0, ""transport"": 1.0}","{""energy"": 0.33333333333333326, ""water"": 0.9450666666666666, ""transport"": 0.6666666666666666}",11,0.46080039466693345,,,[],,v2.0,0.7,0.3
S4_water_partial,283,283,16886163148480853515,scenario=S4_water_partial|method=both|duration=0|theta=0.300000|delta_threshold=0.100000|A=v2.0|w=na|run_id=283|seed=16886163148480853515,False,"{""step_1_amount"": 0.6278741693456534}",033832c9a51598bd69064fc3910037f6fde292830c04f0066e6d9779dc60f4ca,0.38314666666666675,0.6451019299943094,0.26195526332764263,12,0.0,0.0,0.38314666666666675,0.6451019299943094,0,1,0.26195526332764263,"{""energy"": 0.6666666666666667, ""water"": 0.05493333333333334, ""transport"": 0.33333333333333337}","{""energy"": 0.8402766108786657, ""water"": 0.5897760450154002, ""transport"": 0.44019490712741033}","{""energy"": 0.17360994421199893, ""water"": 0.5348427116820668, ""transport"": 0.10686157379407696}","{""energy"": 0.0, ""water"": 0.0, ""transport"": 0.0}","{""energy"": 0.0, ""water"": 0.0, ""transport"": 0.0}","{""energy"": 0.0, ""water"": 0.0, ""transport"": 0.0}",0.3,0.1,,0.38314666666666675,1.0,0.6168533333333333,1,"{""energy"": 0.6666666666666667, ""water"": 0.05493333333333334, ""transport"": 0.33333333333333337}","{""energy"": 1.0, ""water"": 1.0, ""transport"": 1.0}","{""energy"": 0.33333333333333326, ""water"": 0.9450666666666666, ""transport"": 0.6666666666666666}",7,0.6451019299943094,,,[],,v2.0,0.7,0.3
S4_water_partial,284,284,3763421239561538785,scenario=S4_water_partial|method=both|duration=0|theta=0.300000|delta_threshold=0.100000|A=v2.0|w=na|run_id=284|seed=3763421239561538785,False,"{""step_1_amount"": 0.24645635818820133}",033832c9a51598bd69064fc3910037f6fde292830c04f0066e6d9779dc60f4ca,0.38314666666666675,0.4115884105584383,0.028441743891771565,29,0.0,0.0,0.38314666666666675,0.4115884105584383,0,0,0.028441743891771565,"{""energy"": 0.6666666666666667, ""water"": 0.05493333333333334, ""transport"": 0.33333333333333337}","{""energy"": 0.6855163340015294, ""water"": 0.11300378106858497, ""transport"": 0.34493580879083663}","{""energy"": 0.018849667334862708, ""water"": 0.05807044773525163, ""transport"": 0.011602475457503258}","{""energy"": 0.0, ""water"": 0.0, ""transport"": 0.0}","{""energy"": 0.0, ""water"": 0.0, ""transport"": 0.0}","{""energy"": 0.0, ""water"": 0.0, ""transport"": 0.0}",0.3,0.1,,0.38314666666666675,1.0,0.6168533333333333,1,"{""energy"": 0.6666666666666667, ""water"": 0.05493333333333334, ""transport"": 0.33333333333333337}","{""energy"": 1.0, ""water"": 1.0, ""transport"": 1.0}","{""energy"": 0.33333333333333326, ""water"": 0.9450666666666666, ""transport"": 0.6666666666666666}",12,0.4115884105584383,,,[],,v2.0,0.7,0.3
S4_water_partial,285,285,12467703867463386967,scenario=S4_water_partial|method=both|duration=0|theta=0.300000|delta_threshold=0.100000|A=v2.0|w=na|run_id=285|seed=12467703867463386967,False,"{""step_1_amount"": 0.27503724753261255}",033832c9a51598bd69064fc3910037f6fde292830c04f0066e6d9779dc60f4ca,0.38314666666666675,0.42908634553732045,0.0459396788706537,15,0.0,0.0,0.38314666666666675,0.42908634553732045,0,0,0.0459396788706537,"{""energy"": 0.6666666666666667, ""water"": 0.05493333333333334, ""transport"": 0.33333333333333337}","{""energy"": 0.6971130298530243, ""water"": 0.14872989274909906, ""transport"": 0.35207388590460337}","{""energy"": 0.030446363186357517, ""water"": 0.09379655941576573, ""transport"": 0.018740552571269997}","{""energy"": 0.0, ""water"": 0.0, ""transport"": 0.0}","{""energy"": 0.0, ""water"": 0.0, ""transport"": 0.0}","{""energy"": 0.0, ""water"": 0.0, ""transport"": 0.0}",0.3,0.1,,0.38314666666666675,1.0,0.6168533333333333,1,"{""energy"": 0.6666666666666667, ""water"": 0.05493333333333334, ""transport"": 0.33333333333333337}","{""energy"": 1.0, ""water"": 1.0, ""transport"": 1.0}","{""energy"": 0.33333333333333326, ""water"": 0.9450666666666666, ""transport"": 0.6666666666666666}",11,0.42908634553732045,,,[],,v2.0,0.7,0.3
S4_water_partial,286,286,8752999389769043003,scenario=S4_water_partial|method=both|duration=0|theta=0.300000|delta_threshold=0.100000|A=v2.0|w=na|run_id=286|seed=8752999389769043003,False,"{""step_1_amount"": 0.3574286833330968}",033832c9a51598bd69064fc3910037f6fde292830c04f0066e6d9779dc60f4ca,0.38314666666666675,0.47952844232027186,0.09638177565360512,14,0.0,0.0,0.38314666666666675,0.47952844232027186,0,0,0.09638177565360512,"{""energy"": 0.6666666666666667, ""water"": 0.05493333333333334, ""transport"": 0.33333333333333337}","{""energy"": 0.7305433549290707, ""water"": 0.2517191874997044, ""transport"": 0.3726511469957743}","{""energy"": 0.063876688262404, ""water"": 0.19678585416637107, ""transport"": 0.039317813662440915}","{""energy"": 0.0, ""water"": 0.0, ""transport"": 0.0}","{""energy"": 0.0, ""water"": 0.0, ""transport"": 0.0}","{""energy"": 0.0, ""water"": 0.0, ""transport"": 0.0}",0.3,0.1,,0.38314666666666675,1.0,0.6168533333333333,1,"{""energy"": 0.6666666666666667, ""water"": 0.05493333333333334, ""transport"": 0.33333333333333337}","{""energy"": 1.0, ""water"": 1.0, ""transport"": 1.0}","{""energy"": 0.33333333333333326, ""water"": 0.9450666666666666, ""transport"": 0.6666666666666666}",10,0.47952844232027186,,,[],,v2.0,0.7,0.3
S4_water_partial,287,287,17141336315510783514,scenario=S4_water_partial|method=both|duration=0|theta=0.300000|delta_threshold=0.100000|A=v2.0|w=na|run_id=287|seed=17141336315510783514,False,"{""step_1_amount"": 0.15436632517870064}",033832c9a51598bd69064fc3910037f6fde292830c04f0066e6d9779dc60f4ca,0.38314666666666675,0.38314666666666675,0.0,19,0.0,0.0,0.38314666666666675,0.38314666666666675,0,0,0.0,"{""energy"": 0.6666666666666667, ""water"": 0.05493333333333334, ""transport"": 0.33333333333333337}","{""energy"": 0.6666666666666667, ""water"": 0.05493333333333334, ""transport"": 0.33333333333333337}","{""energy"": 0.0, ""water"": 0.0, ""transport"": 0.0}","{""energy"": 0.0, ""water"": 0.0, ""transport"": 0.0}","{""energy"": 0.0, ""water"": 0.0, ""transport"": 0.0}","{""energy"": 0.0, ""water"": 0.0, ""transport"": 0.0}",0.3,0.1,,0.38314666666666675,1.0,0.6168533333333333,1,"{""energy"": 0.6666666666666667, ""water"": 0.05493333333333334, ""transport"": 0.33333333333333337}","{""energy"": 1.0, ""water"": 1.0, ""transport"": 1.0}","{""energy"": 0.33333333333333326, ""water"": 0.9450666666666666, ""transport"": 0.6666666666666666}",13,0.38314666666666675,,,[],,v2.0,0.7,0.3
S4_water_partial,288,288,6735087050841250278,scenario=S4_water_partial|method=both|duration=0|theta=0.300000|delta_threshold=0.100000|A=v2.0|w=na|run_id=288|seed=6735087050841250278,False,"{""step_1_amount"": 0.5579267757903574}",033832c9a51598bd69064fc3910037f6fde292830c04f0066e6d9779dc60f4ca,0.38314666666666675,0.6022783869749182,0.21913172030825145,8,0.0,0.0,0.38314666666666675,0.6022783869749182,0,1,0.21913172030825145,"{""energy"": 0.6666666666666667, ""water"": 0.05493333333333334, ""transport"": 0.33333333333333337}","{""energy"": 0.8118954559436042, ""water"": 0.5023418030712801, ""transport"": 0.4227255455869751}","{""energy"": 0.1452287892769375, ""water"": 0.44740846973794673, ""transport"": 0.08939221225364175}","{""energy"": 0.0, ""water"": 0.0, ""transport"": 0.0}","{""energy"": 0.0, ""water"": 0.0, ""transport"": 0.0}","{""energy"": 0.0, ""water"": 0.0, ""transport"": 0.0}",0.3,0.1,,0.38314666666666675,1.0,0.6168533333333333,1,"{""energy"": 0.6666666666666667, ""water"": 0.05493333333333334, ""transport"": 0.33333333333333337}","{""energy"": 1.0, ""water"": 1.0, ""transport"": 1.0}","{""energy"": 0.33333333333333326, ""water"": 0.9450666666666666, ""transport"": 0.6666666666666666}",8,0.6022783869749182,,,[],,v2.0,0.7,0.3
S4_water_partial,289,289,4284011998483556065,scenario=S4_water_partial|method=both|duration=0|theta=0.300000|delta_threshold=0.100000|A=v2.0|w=na|run_id=289|seed=4284011998483556065,False,"{""step_1_amount"": 0.6975642141463059}",033832c9a51598bd69064fc3910037f6fde292830c04f0066e6d9779dc60f4ca,0.38314666666666675,0.6877679176723888,0.304621251005722,6,0.0,0.0,0.38314666666666675,0.6877679176723888,0,1,0.304621251005722,"{""energy"": 0.6666666666666667, ""water"": 0.05493333333333334, ""transport"": 0.33333333333333337}","{""energy"": 0.8685533465565304, ""water"": 0.6768886010162157, ""transport"": 0.4575999958163733}","{""energy"": 0.20188667988986364, ""water"": 0.6219552676828823, ""transport"": 0.12426666248303991}","{""energy"": 0.0, ""water"": 0.0, ""transport"": 0.0}","{""energy"": 0.0, ""water"": 0.0, ""transport"": 0.0}","{""energy"": 0.0, ""water"": 0.0, ""transport"": 0.0}",0.3,0.1,,0.38314666666666675,1.0,0.6168533333333333,1,"{""energy"": 0.6666666666666667, ""water"": 0.05493333333333334, ""transport"": 0.33333333333333337}","{""energy"": 1.0, ""water"": 1.0, ""transport"": 1.0}","{""energy"": 0.33333333333333326, ""water"": 0.9450666666666666, ""transport"": 0.6666666666666666}",6,0.6877679176723888,,,[],,v2.0,0.7,0.3
S4_water_partial,290,290,12474345760978598655,scenario=S4_water_partial|method=both|duration=0|theta=0.300000|delta_threshold=0.100000|A=v2.0|w=na|run_id=290|seed=12474345760978598655,False,"{""step_1_amount"": 0.3849302185823302}",033832c9a51598bd69064fc3910037f6fde292830c04f0066e6d9779dc60f4ca,0.38314666666666675,0.49636556973823376,0.11321890307156701,22,0.0,0.0,0.38314666666666675,0.49636556973823376,0,0,0.11321890307156701,"{""energy"": 0.6666666666666667, ""water"": 0.05493333333333334, ""transport"": 0.33333333333333337}","{""energy"": 0.7417021028564472, ""water"": 0.28609610656124596, ""transport"": 0.3795196554242703}","{""energy"": 0.07503543618978048, ""water"": 0.23116277322791262, ""transport"": 0.04618632209093693}","{""energy"": 0.0, ""water"": 0.0, ""transport"": 0.0}","{""energy"": 0.0, ""water"": 0.0, ""transport"": 0.0}","{""energy"": 0.0, ""water"": 0.0, ""transport"": 0.0}",0.3,0.1,,0.38314666666666675,1.0,0.6168533333333333,1,"{""energy"": 0.6666666666666667, ""water"": 0.05493333333333334, ""transport"": 0.33333333333333337}","{""energy"": 1.0, ""water"": 1.0, ""transport"": 1.0}","{""energy"": 0.33333333333333326, ""water"": 0.9450666666666666, ""transport"": 0.6666666666666666}",10,0.49636556973823376,,,[],,v2.0,0.7,0.3
S4_water_partial,291,291,15881386235931988120,scenario=S4_water_partial|method=both|duration=0|theta=0.300000|delta_threshold=0.100000|A=v2.0|w=na|run_id=291|seed=15881386235931988120,False,"{""step_1_amount"": 0.21653463073968213}",033832c9a51598bd69064fc3910037f6fde292830c04f0066e6d9779dc60f4ca,0.38314666666666675,0.39326958097126863,0.010122914304601882,16,0.0,0.0,0.38314666666666675,0.39326958097126863,0,0,0.010122914304601882,"{""energy"": 0.6666666666666667, ""water"": 0.05493333333333334, ""transport"": 0.33333333333333337}","{""energy"": 0.6733755930892927, ""water"": 0.07560162175793603, ""transport"": 0.33746285736056897}","{""energy"": 0.006708926422625994, ""water"": 0.020668288424602686, ""transport"": 0.004129524027235598}","{""energy"": 0.0, ""water"": 0.0, ""transport"": 0.0}","{""energy"": 0.0, ""water"": 0.0, ""transport"": 0.0}","{""energy"": 0.0, ""water"": 0.0, ""transport"": 0.0}",0.3,0.1,,0.38314666666666675,1.0,0.6168533333333333,1,"{""energy"": 0.6666666666666667, ""water"": 0.05493333333333334, ""transport"": 0.33333333333333337}","{""energy"": 1.0, ""water"": 1.0, ""transport"": 1.0}","{""energy"": 0.33333333333333326, ""water"": 0.9450666666666666, ""transport"": 0.6666666666666666}",12,0.39326958097126863,,,[],,v2.0,0.7,0.3
S4_water_partial,292,292,1176370138726374185,scenario=S4_water_partial|method=both|duration=0|theta=0.300000|delta_threshold=0.100000|A=v2.0|w=na|run_id=292|seed=1176370138726374185,False,"{""step_1_amount"": 0.2539995139562505}",033832c9a51598bd69064fc3910037f6fde292830c04f0066e6d9779dc60f4ca,0.38314666666666675,0.4162065190985321,0.03305985243186538,22,0.0,0.0,0.38314666666666675,0.4162065190985321,0,0,0.03305985243186538,"{""energy"": 0.6666666666666667, ""water"": 0.05493333333333334, ""transport"": 0.33333333333333337}","{""energy"": 0.6885769694544154, ""water"": 0.12243272577864639, ""transport"": 0.3468197119439069}","{""energy"": 0.021910302787748637, ""water"": 0.06749939244531306, ""transport"": 0.013486378610573557}","{""energy"": 0.0, ""water"": 0.0, ""transport"": 0.0}","{""energy"": 0.0, ""water"": 0.0, ""transport"": 0.0}","{""energy"": 0.0, ""water"": 0.0, ""transport"": 0.0}",0.3,0.1,,0.38314666666666675,1.0,0.6168533333333333,1,"{""energy"": 0.6666666666666667, ""water"": 0.05493333333333334, ""transport"": 0.33333333333333337}","{""energy"": 1.0, ""water"": 1.0, ""transport"": 1.0}","{""energy"": 0.33333333333333326, ""water"": 0.9450666666666666, ""transport"": 0.6666666666666666}",12,0.4162065190985321,,,[],,v2.0,0.7,0.3
S4_water_partial,293,293,7183762918999369421,scenario=S4_water_partial|method=both|duration=0|theta=0.300000|delta_threshold=0.100000|A=v2.0|w=na|run_id=293|seed=7183762918999369421,False,"{""step_1_amount"": 0.23006748542352087}",033832c9a51598bd69064fc3910037f6fde292830c04f0066e6d9779dc60f4ca,0.38314666666666675,0.4015547329300818,0.018408066263415068,7,0.0,0.0,0.38314666666666675,0.4015547329300818,0,0,0.018408066263415068,"{""energy"": 0.6666666666666667, ""water"": 0.05493333333333334, ""transport"": 0.33333333333333337}","{""energy"": 0.6788665488772604, ""water"": 0.09251769011273447, ""transport"": 0.3408426878178577}","{""energy"": 0.012199882210593649, ""water"": 0.03758435677940113, ""transport"": 0.007509354484524333}","{""energy"": 0.0, ""water"": 0.0, ""transport"": 0.0}","{""energy"": 0.0, ""water"": 0.0, ""transport"": 0.0}","{""energy"": 0.0, ""water"": 0.0, ""transport"": 0.0}",0.3,0.1,,0.38314666666666675,1.0,0.6168533333333333,1,"{""energy"": 0.6666666666666667, ""water"": 0.05493333333333334, ""transport"": 0.33333333333333337}","{""energy"": 1.0, ""water"": 1.0, ""transport"": 1.0}","{""energy"": 0.33333333333333326, ""water"": 0.9450666666666666, ""transport"": 0.6666666666666666}",12,0.4015547329300818,,,[],,v2.0,0.7,0.3
S4_water_partial,294,294,3084412978088198423,scenario=S4_water_partial|method=both|duration=0|theta=0.300000|delta_threshold=0.100000|A=v2.0|w=na|run_id=294|seed=3084412978088198423,False,"{""step_1_amount"": 0.5401529265122037}",033832c9a51598bd69064fc3910037f6fde292830c04f0066e6d9779dc60f4ca,0.38314666666666675,0.5913967921006007,0.20825012543393395,12,0.0,0.0,0.38314666666666675,0.5913967921006007,0,1,0.20825012543393395,"{""energy"": 0.6666666666666667, ""water"": 0.05493333333333334, ""transport"": 0.33333333333333337}","{""energy"": 0.8046837165989934, ""water"": 0.48012449147358804, ""transport"": 0.41828652672975625}","{""energy"": 0.13801704993232666, ""water"": 0.4251911581402547, ""transport"": 0.08495319339642288}","{""energy"": 0.0, ""water"": 0.0, ""transport"": 0.0}","{""energy"": 0.0, ""water"": 0.0, ""transport"": 0.0}","{""energy"": 0.0, ""water"": 0.0, ""transport"": 0.0}",0.3,0.1,,0.38314666666666675,1.0,0.6168533333333333,1,"{""energy"": 0.6666666666666667, ""water"": 0.05493333333333334, ""transport"": 0.33333333333333337}","{""energy"": 1.0, ""water"": 1.0, ""transport"": 1.0}","{""energy"": 0.33333333333333326, ""water"": 0.9450666666666666, ""transport"": 0.6666666666666666}",8,0.5913967921006007,,,[],,v2.0,0.7,0.3
S4_water_partial,295,295,1970773042920346306,scenario=S4_water_partial|method=both|duration=0|theta=0.300000|delta_threshold=0.100000|A=v2.0|w=na|run_id=295|seed=1970773042920346306,False,"{""step_1_amount"": 0.4254900366479419}",033832c9a51598bd69064fc3910037f6fde292830c04f0066e6d9779dc60f4ca,0.38314666666666675,0.5211973043534529,0.13805063768678616,12,0.0,0.0,0.38314666666666675,0.5211973043534529,0,0,0.13805063768678616,"{""energy"": 0.6666666666666667, ""water"": 0.05493333333333334, ""transport"": 0.33333333333333337}","{""energy"": 0.7581592490365692, ""water"": 0.3367958791432607, ""transport"": 0.38964946998615685}","{""energy"": 0.09149258236990243, ""water"": 0.28186254580992737, ""transport"": 0.05631613665282348}","{""energy"": 0.0, ""water"": 0.0, ""transport"": 0.0}","{""energy"": 0.0, ""water"": 0.0, ""transport"": 0.0}","{""energy"": 0.0, ""water"": 0.0, ""transport"": 0.0}",0.3,0.1,,0.38314666666666675,1.0,0.6168533333333333,1,"{""energy"": 0.6666666666666667, ""water"": 0.05493333333333334, ""transport"": 0.33333333333333337}","{""energy"": 1.0, ""water"": 1.0, ""transport"": 1.0}","{""energy"": 0.33333333333333326, ""water"": 0.9450666666666666, ""transport"": 0.6666666666666666}",9,0.5211973043534529,,,[],,v2.0,0.7,0.3
S4_water_partial,296,296,7426928864501059004,scenario=S4_water_partial|method=both|duration=0|theta=0.300000|delta_threshold=0.100000|A=v2.0|w=na|run_id=296|seed=7426928864501059004,False,"{""step_1_amount"": 0.5113194138240252}",033832c9a51598bd69064fc3910037f6fde292830c04f0066e6d9779dc60f4ca,0.38314666666666675,0.5737441947950805,0.1905975281284138,16,0.0,0.0,0.38314666666666675,0.5737441947950805,0,1,0.1905975281284138,"{""energy"": 0.6666666666666667, ""water"": 0.05493333333333334, ""transport"": 0.33333333333333337}","{""energy"": 0.7929845188257649, ""water"": 0.44408260061336485, ""transport"": 0.41108535693588366}","{""energy"": 0.1263178521590982, ""water"": 0.3891492672800315, ""transport"": 0.07775202360255029}","{""energy"": 0.0, ""water"": 0.0, ""transport"": 0.0}","{""energy"": 0.0, ""water"": 0.0, ""transport"": 0.0}","{""energy"": 0.0, ""water"": 0.0, ""transport"": 0.0}",0.3,0.1,,0.38314666666666675,1.0,0.6168533333333333,1,"{""energy"": 0.6666666666666667, ""water"": 0.05493333333333334, ""transport"": 0.33333333333333337}","{""energy"": 1.0, ""water"": 1.0, ""transport"": 1.0}","{""energy"": 0.33333333333333326, ""water"": 0.9450666666666666, ""transport"": 0.6666666666666666}",8,0.5737441947950805,,,[],,v2.0,0.7,0.3
S4_water_partial,297,297,5706147629929808473,scenario=S4_water_partial|method=both|duration=0|theta=0.300000|delta_threshold=0.100000|A=v2.0|w=na|run_id=297|seed=5706147629929808473,False,"{""step_1_amount"": 0.2966235222473354}",033832c9a51598bd69064fc3910037f6fde292830c04f0066e6d9779dc60f4ca,0.38314666666666675,0.4423020025745416,0.05915533590787486,15,0.0,0.0,0.38314666666666675,0.4423020025745416,0,0,0.05915533590787486,"{""energy"": 0.6666666666666667, ""water"": 0.05493333333333334, ""transport"": 0.33333333333333337}","{""energy"": 0.705871660818523, ""water"": 0.17571273614250255, ""transport"": 0.3574650580146054}","{""energy"": 0.0392049941518563, ""water"": 0.12077940280916921, ""transport"": 0.024131724681272004}","{""energy"": 0.0, ""water"": 0.0, ""transport"": 0.0}","{""energy"": 0.0, ""water"": 0.0, ""transport"": 0.0}","{""energy"": 0.0, ""water"": 0.0, ""transport"": 0.0}",0.3,0.1,,0.38314666666666675,1.0,0.6168533333333333,1,"{""energy"": 0.6666666666666667, ""water"": 0.05493333333333334, ""transport"": 0.33333333333333337}","{""energy"": 1.0, ""water"": 1.0, ""transport"": 1.0}","{""energy"": 0.33333333333333326, ""water"": 0.9450666666666666, ""transport"": 0.6666666666666666}",11,0.4423020025745416,,,[],,v2.0,0.7,0.3
S4_water_partial,298,298,4676526018073695090,scenario=S4_water_partial|method=both|duration=0|theta=0.300000|delta_threshold=0.100000|A=v2.0|w=na|run_id=298|seed=4676526018073695090,False,"{""step_1_amount"": 0.5956154804435436}",033832c9a51598bd69064fc3910037f6fde292830c04f0066e6d9779dc60f4ca,0.38314666666666675,0.6253523541812153,0.24220568751454852,8,0.0,0.0,0.38314666666666675,0.6253523541812153,0,1,0.24220568751454852,"{""energy"": 0.6666666666666667, ""water"": 0.05493333333333334, ""transport"": 0.33333333333333337}","{""energy"": 0.8271876478566346, ""water"": 0.5494526838877629, ""transport"": 0.43213829957410843}","{""energy"": 0.16052098118996783, ""water"": 0.4945193505544296, ""transport"": 0.09880496624077506}","{""energy"": 0.0, ""water"": 0.0, ""transport"": 0.0}","{""energy"": 0.0, ""water"": 0.0, ""transport"": 0.0}","{""energy"": 0.0, ""water"": 0.0, ""transport"": 0.0}",0.3,0.1,,0.38314666666666675,1.0,0.6168533333333333,1,"{""energy"": 0.6666666666666667, ""water"": 0.05493333333333334, ""transport"": 0.33333333333333337}","{""energy"": 1.0, ""water"": 1.0, ""transport"": 1.0}","{""energy"": 0.33333333333333326, ""water"": 0.9450666666666666, ""transport"": 0.6666666666666666}",7,0.6253523541812153,,,[],,v2.0,0.7,0.3
S4_water_partial,299,299,12513474571713366121,scenario=S4_water_partial|method=both|duration=0|theta=0.300000|delta_threshold=0.100000|A=v2.0|w=na|run_id=299|seed=12513474571713366121,False,"{""step_1_amount"": 0.42687061555177147}",033832c9a51598bd69064fc3910037f6fde292830c04f0066e6d9779dc60f4ca,0.38314666666666675,0.5220425292728501,0.13889586260618336,14,0.0,0.0,0.38314666666666675,0.5220425292728501,0,0,0.13889586260618336,"{""energy"": 0.6666666666666667, ""water"": 0.05493333333333334, ""transport"": 0.33333333333333337}","{""energy"": 0.7587194189267981, ""water"": 0.3385216027730477, ""transport"": 0.3899942695673883}","{""energy"": 0.09205275226013132, ""water"": 0.2835882694397144, ""transport"": 0.05666093623405494}","{""energy"": 0.0, ""water"": 0.0, ""transport"": 0.0}","{""energy"": 0.0, ""water"": 0.0, ""transport"": 0.0}","{""energy"": 0.0, ""water"": 0.0, ""transport"": 0.0}",0.3,0.1,,0.38314666666666675,1.0,0.6168533333333333,1,"{""energy"": 0.6666666666666667, ""water"": 0.05493333333333334, ""transport"": 0.33333333333333337}","{""energy"": 1.0, ""water"": 1.0, ""transport"": 1.0}","{""energy"": 0.33333333333333326, ""water"": 0.9450666666666666, ""transport"": 0.6666666666666666}",9,0.5220425292728501,,,[],,v2.0,0.7,0.3
S4_water_partial,300,300,15191617818154426982,scenario=S4_water_partial|method=both|duration=0|theta=0.300000|delta_threshold=0.100000|A=v2.0|w=na|run_id=300|seed=15191617818154426982,False,"{""step_1_amount"": 0.4399996794478666}",033832c9a51598bd69064fc3910037f6fde292830c04f0066e6d9779dc60f4ca,0.38314666666666675,0.5300804704166369,0.14693380374997012,21,0.0,0.0,0.38314666666666675,0.5300804704166369,0,0,0.14693380374997012,"{""energy"": 0.6666666666666667, ""water"": 0.05493333333333334, ""transport"": 0.33333333333333337}","{""energy"": 0.7640465366026385, ""water"": 0.35493293264316655, ""transport"": 0.39327325327543805}","{""energy"": 0.09737986993597181, ""water"": 0.2999995993098332, ""transport"": 0.05993991994210468}","{""energy"": 0.0, ""water"": 0.0, ""transport"": 0.0}","{""energy"": 0.0, ""water"": 0.0, ""transport"": 0.0}","{""energy"": 0.0, ""water"": 0.0, ""transport"": 0.0}",0.3,0.1,,0.38314666666666675,1.0,0.6168533333333333,1,"{""energy"": 0.6666666666666667, ""water"": 0.05493333333333334, ""transport"": 0.33333333333333337}","{""energy"": 1.0, ""water"": 1.0, ""transport"": 1.0}","{""energy"": 0.33333333333333326, ""water"": 0.9450666666666666, ""transport"": 0.6666666666666666}",9,0.5300804704166369,,,[],,v2.0,0.7,0.3
S4_water_partial,301,301,4729858452794145472,scenario=S4_water_partial|method=both|duration=0|theta=0.300000|delta_threshold=0.100000|A=v2.0|w=na|run_id=301|seed=4729858452794145472,False,"{""step_1_amount"": 0.28802937224929503}",033832c9a51598bd69064fc3910037f6fde292830c04f0066e6d9779dc60f4ca,0.38314666666666675,0.4370404490919913,0.053893782425324555,19,0.0,0.0,0.38314666666666675,0.4370404490919913,0,0,0.053893782425324555,"{""energy"": 0.6666666666666667, ""water"": 0.05493333333333334, ""transport"": 0.33333333333333337}","{""energy"": 0.7023845844568182, ""water"": 0.16497004864495204, ""transport"": 0.3553186690525948}","{""energy"": 0.03571791779015143, ""water"": 0.11003671531161871, ""transport"": 0.021985335719261423}","{""energy"": 0.0, ""water"": 0.0, ""transport"": 0.0}","{""energy"": 0.0, ""water"": 0.0, ""transport"": 0.0}","{""energy"": 0.0, ""water"": 0.0, ""transport"": 0.0}",0.3,0.1,,0.38314666666666675,1.0,0.6168533333333333,1,"{""energy"": 0.6666666666666667, ""water"": 0.05493333333333334, ""transport"": 0.33333333333333337}","{""energy"": 1.0, ""water"": 1.0, ""transport"": 1.0}","{""energy"": 0.33333333333333326, ""water"": 0.9450666666666666, ""transport"": 0.6666666666666666}",11,0.4370404490919913,,,[],,v2.0,0.7,0.3
S4_water_partial,302,302,1820958812984391536,scenario=S4_water_partial|method=both|duration=0|theta=0.300000|delta_threshold=0.100000|A=v2.0|w=na|run_id=302|seed=1820958812984391536,False,"{""step_1_amount"": 0.33273645102203414}",033832c9a51598bd69064fc3910037f6fde292830c04f0066e6d9779dc60f4ca,0.38314666666666675,0.4644112403936315,0.08126457372696477,20,0.0,0.0,0.38314666666666675,0.4644112403936315,0,0,0.08126457372696477,"{""energy"": 0.6666666666666667, ""water"": 0.05493333333333334, ""transport"": 0.33333333333333337}","{""energy"": 0.7205244816688571, ""water"": 0.22085389711087594, ""transport"": 0.3664842619760864}","{""energy"": 0.053857815002190335, ""water"": 0.1659205637775426, ""transport"": 0.03315092864275304}","{""energy"": 0.0, ""water"": 0.0, ""transport"": 0.0}","{""energy"": 0.0, ""water"": 0.0, ""transport"": 0.0}","{""energy"": 0.0, ""water"": 0.0, ""transport"": 0.0}",0.3,0.1,,0.38314666666666675,1.0,0.6168533333333333,1,"{""energy"": 0.6666666666666667, ""water"": 0.05493333333333334, ""transport"": 0.33333333333333337}","{""energy"": 1.0, ""water"": 1.0, ""transport"": 1.0}","{""energy"": 0.33333333333333326, ""water"": 0.9450666666666666, ""transport"": 0.6666666666666666}",11,0.4644112403936315,,,[],,v2.0,0.7,0.3
S4_water_partial,303,303,9614174320401566477,scenario=S4_water_partial|method=both|duration=0|theta=0.300000|delta_threshold=0.100000|A=v2.0|w=na|run_id=303|seed=9614174320401566477,False,"{""step_1_amount"": 0.30203041210508375}",033832c9a51598bd69064fc3910037f6fde292830c04f0066e6d9779dc60f4ca,0.38314666666666675,0.4456122357177016,0.06246556905103484,24,0.0,0.0,0.38314666666666675,0.4456122357177016,0,0,0.06246556905103484,"{""energy"": 0.6666666666666667, ""water"": 0.05493333333333334, ""transport"": 0.33333333333333337}","{""energy"": 0.7080655063783045, ""water"": 0.18247134846468804, ""transport"": 0.358815428756578}","{""energy"": 0.041398839711637714, ""water"": 0.1275380151313547, ""transport"": 0.025482095423244644}","{""energy"": 0.0, ""water"": 0.0, ""transport"": 0.0}","{""energy"": 0.0, ""water"": 0.0, ""transport"": 0.0}","{""energy"": 0.0, ""water"": 0.0, ""transport"": 0.0}",0.3,0.1,,0.38314666666666675,1.0,0.6168533333333333,1,"{""energy"": 0.6666666666666667, ""water"": 0.05493333333333334, ""transport"": 0.33333333333333337}","{""energy"": 1.0, ""water"": 1.0, ""transport"": 1.0}","{""energy"": 0.33333333333333326, ""water"": 0.9450666666666666, ""transport"": 0.6666666666666666}",11,0.4456122357177016,,,[],,v2.0,0.7,0.3
S4_water_partial,304,304,9775384525396953817,scenario=S4_water_partial|method=both|duration=0|theta=0.300000|delta_threshold=0.100000|A=v2.0|w=na|run_id=304|seed=9775384525396953817,False,"{""step_1_amount"": 0.35910624138665664}",033832c9a51598bd69064fc3910037f6fde292830c04f0066e6d9779dc60f4ca,0.38314666666666675,0.48055548529961256,0.09740881863294581,16,0.0,0.0,0.38314666666666675,0.48055548529961256,0,0,0.09740881863294581,"{""energy"": 0.6666666666666667, ""water"": 0.05493333333333334, ""transport"": 0.33333333333333337}","{""energy"": 0.7312240241093027, ""water"": 0.2538161350666541, ""transport"": 0.3730701171196509}","{""energy"": 0.06455735744263591, ""water"": 0.1988828017333208, ""transport"": 0.03973678378631751}","{""energy"": 0.0, ""water"": 0.0, ""transport"": 0.0}","{""energy"": 0.0, ""water"": 0.0, ""transport"": 0.0}","{""energy"": 0.0, ""water"": 0.0, ""transport"": 0.0}",0.3,0.1,,0.38314666666666675,1.0,0.6168533333333333,1,"{""energy"": 0.6666666666666667, ""water"": 0.05493333333333334, ""transport"": 0.33333333333333337}","{""energy"": 1.0, ""water"": 1.0, ""transport"": 1.0}","{""energy"": 0.33333333333333326, ""water"": 0.9450666666666666, ""transport"": 0.6666666666666666}",10,0.48055548529961256,,,[],,v2.0,0.7,0.3
S4_water_partial,305,305,12435270042072425255,scenario=S4_water_partial|method=both|duration=0|theta=0.300000|delta_threshold=0.100000|A=v2.0|w=na|run_id=305|seed=12435270042072425255,False,"{""step_1_amount"": 0.29146292447762306}",033832c9a51598bd69064fc3910037f6fde292830c04f0066e6d9779dc60f4ca,0.38314666666666675,0.43914255560497956,0.05599588893831281,6,0.0,0.0,0.38314666666666675,0.43914255560497956,0,0,0.05599588893831281,"{""energy"": 0.6666666666666667, ""water"": 0.05493333333333334, ""transport"": 0.33333333333333337}","{""energy"": 0.7037777482734623, ""water"": 0.16926198893036223, ""transport"": 0.35617619872161976}","{""energy"": 0.03711108160679555, ""water"": 0.1143286555970289, ""transport"": 0.022842865388286393}","{""energy"": 0.0, ""water"": 0.0, ""transport"": 0.0}","{""energy"": 0.0, ""water"": 0.0, ""transport"": 0.0}","{""energy"": 0.0, ""water"": 0.0, ""transport"": 0.0}",0.3,0.1,,0.38314666666666675,1.0,0.6168533333333333,1,"{""energy"": 0.6666666666666667, ""water"": 0.05493333333333334, ""transport"": 0.33333333333333337}","{""energy"": 1.0, ""water"": 1.0, ""transport"": 1.0}","{""energy"": 0.33333333333333326, ""water"": 0.9450666666666666, ""transport"": 0.6666666666666666}",11,0.43914255560497956,,,[],,v2.0,0.7,0.3
S4_water_partial,306,306,14270326722727949257,scenario=S4_water_partial|method=both|duration=0|theta=0.300000|delta_threshold=0.100000|A=v2.0|w=na|run_id=306|seed=14270326722727949257,False,"{""step_1_amount"": 0.7303004456751301}",033832c9a51598bd69064fc3910037f6fde292830c04f0066e6d9779dc60f4ca,0.38314666666666675,0.7078098570201232,0.3246631903534565,9,0.0,0.0,0.38314666666666675,0.7078098570201232,0,1,0.3246631903534565,"{""energy"": 0.6666666666666667, ""water"": 0.05493333333333334, ""transport"": 0.33333333333333337}","{""energy"": 0.8818360724993508, ""water"": 0.7178088904272459, ""transport"": 0.46577586964069706}","{""energy"": 0.21516940583268407, ""water"": 0.6628755570939125, ""transport"": 0.1324425363073637}","{""energy"": 0.0, ""water"": 0.0, ""transport"": 0.0}","{""energy"": 0.0, ""water"": 0.0, ""transport"": 0.0}","{""energy"": 0.0, ""water"": 0.0, ""transport"": 0.0}",0.3,0.1,,0.38314666666666675,1.0,0.6168533333333333,1,"{""energy"": 0.6666666666666667, ""water"": 0.05493333333333334, ""transport"": 0.33333333333333337}","{""energy"": 1.0, ""water"": 1.0, ""transport"": 1.0}","{""energy"": 0.33333333333333326, ""water"": 0.9450666666666666, ""transport"": 0.6666666666666666}",5,0.7078098570201232,,,[],,v2.0,0.7,0.3
S4_water_partial,307,307,3542660455269540399,scenario=S4_water_partial|method=both|duration=0|theta=0.300000|delta_threshold=0.100000|A=v2.0|w=na|run_id=307|seed=3542660455269540399,False,"{""step_1_amount"": 0.4975555056061743}",033832c9a51598bd69064fc3910037f6fde292830c04f0066e6d9779dc60f4ca,0.38314666666666675,0.5653175860864068,0.18217091941974006,14,0.0,0.0,0.38314666666666675,0.5653175860864068,0,1,0.18217091941974006,"{""energy"": 0.6666666666666667, ""water"": 0.05493333333333334, ""transport"": 0.33333333333333337}","{""energy"": 0.787399813066372, ""water"": 0.4268777153410512, ""transport"": 0.4076478208584754}","{""energy"": 0.12073314639970523, ""water"": 0.37194438200771784, ""transport"": 0.07431448752514203}","{""energy"": 0.0, ""water"": 0.0, ""transport"": 0.0}","{""energy"": 0.0, ""water"": 0.0, ""transport"": 0.0}","{""energy"": 0.0, ""water"": 0.0, ""transport"": 0.0}",0.3,0.1,,0.38314666666666675,1.0,0.6168533333333333,1,"{""energy"": 0.6666666666666667, ""water"": 0.05493333333333334, ""transport"": 0.33333333333333337}","{""energy"": 1.0, ""water"": 1.0, ""transport"": 1.0}","{""energy"": 0.33333333333333326, ""water"": 0.9450666666666666, ""transport"": 0.6666666666666666}",8,0.5653175860864068,,,[],,v2.0,0.7,0.3
S4_water_partial,308,308,7004066909902137995,scenario=S4_water_partial|method=both|duration=0|theta=0.300000|delta_threshold=0.100000|A=v2.0|w=na|run_id=308|seed=7004066909902137995,False,"{""step_1_amount"": 0.6340691013986364}",033832c9a51598bd69064fc3910037f6fde292830c04f0066e6d9779dc60f4ca,0.38314666666666675,0.6488946222704468,0.26574795560378006,8,0.0,0.0,0.38314666666666675,0.6488946222704468,0,1,0.26574795560378006,"{""energy"": 0.6666666666666667, ""water"": 0.05493333333333334, ""transport"": 0.33333333333333337}","{""energy"": 0.8427902045591634, ""water"": 0.5975197100816289, ""transport"": 0.4417420914076428}","{""energy"": 0.17612353789249668, ""water"": 0.5425863767482955, ""transport"": 0.10840875807430944}","{""energy"": 0.0, ""water"": 0.0, ""transport"": 0.0}","{""energy"": 0.0, ""water"": 0.0, ""transport"": 0.0}","{""energy"": 0.0, ""water"": 0.0, ""transport"": 0.0}",0.3,0.1,,0.38314666666666675,1.0,0.6168533333333333,1,"{""energy"": 0.6666666666666667, ""water"": 0.05493333333333334, ""transport"": 0.33333333333333337}","{""energy"": 1.0, ""water"": 1.0, ""transport"": 1.0}","{""energy"": 0.33333333333333326, ""water"": 0.9450666666666666, ""transport"": 0.6666666666666666}",7,0.6488946222704468,,,[],,v2.0,0.7,0.3
S4_water_partial,309,309,8580157215818754103,scenario=S4_water_partial|method=both|duration=0|theta=0.300000|delta_threshold=0.100000|A=v2.0|w=na|run_id=309|seed=8580157215818754103,False,"{""step_1_amount"": 0.4047400751684003}",033832c9a51598bd69064fc3910037f6fde292830c04f0066e6d9779dc60f4ca,0.38314666666666675,0.5084936591866407,0.12534699251997394,28,0.0,0.0,0.38314666666666675,0.5084936591866407,0,0,0.12534699251997394,"{""energy"": 0.6666666666666667, ""water"": 0.05493333333333334, ""transport"": 0.33333333333333337}","{""energy"": 0.7497399521662452, ""water"": 0.3108584272938338, ""transport"": 0.38446716710664136}","{""energy"": 0.08307328549957849, ""water"": 0.25592509396050045, ""transport"": 0.05113383377330799}","{""energy"": 0.0, ""water"": 0.0, ""transport"": 0.0}","{""energy"": 0.0, ""water"": 0.0, ""transport"": 0.0}","{""energy"": 0.0, ""water"": 0.0, ""transport"": 0.0}",0.3,0.1,,0.38314666666666675,1.0,0.6168533333333333,1,"{""energy"": 0.6666666666666667, ""water"": 0.05493333333333334, ""transport"": 0.33333333333333337}","{""energy"": 1.0, ""water"": 1.0, ""transport"": 1.0}","{""energy"": 0.33333333333333326, ""water"": 0.9450666666666666, ""transport"": 0.6666666666666666}",10,0.5084936591866407,,,[],,v2.0,0.7,0.3
S4_water_partial,310,310,16259523103170838522,scenario=S4_water_partial|method=both|duration=0|theta=0.300000|delta_threshold=0.100000|A=v2.0|w=na|run_id=310|seed=16259523103170838522,False,"{""step_1_amount"": 0.14164533516714284}",033832c9a51598bd69064fc3910037f6fde292830c04f0066e6d9779dc60f4ca,0.38314666666666675,0.38314666666666675,0.0,20,0.0,0.0,0.38314666666666675,0.38314666666666675,0,0,0.0,"{""energy"": 0.6666666666666667, ""water"": 0.05493333333333334, ""transport"": 0.33333333333333337}","{""energy"": 0.6666666666666667, ""water"": 0.05493333333333334, ""transport"": 0.33333333333333337}","{""energy"": 0.0, ""water"": 0.0, ""transport"": 0.0}","{""energy"": 0.0, ""water"": 0.0, ""transport"": 0.0}","{""energy"": 0.0, ""water"": 0.0, ""transport"": 0.0}","{""energy"": 0.0, ""water"": 0.0, ""transport"": 0.0}",0.3,0.1,,0.38314666666666675,1.0,0.6168533333333333,1,"{""energy"": 0.6666666666666667, ""water"": 0.05493333333333334, ""transport"": 0.33333333333333337}","{""energy"": 1.0, ""water"": 1.0, ""transport"": 1.0}","{""energy"": 0.33333333333333326, ""water"": 0.9450666666666666, ""transport"": 0.6666666666666666}",13,0.38314666666666675,,,[],,v2.0,0.7,0.3
S4_water_partial,311,311,1354502391207062954,scenario=S4_water_partial|method=both|duration=0|theta=0.300000|delta_threshold=0.100000|A=v2.0|w=na|run_id=311|seed=1354502391207062954,False,"{""step_1_amount"": 0.3030949170558648}",033832c9a51598bd69064fc3910037f6fde292830c04f0066e6d9779dc60f4ca,0.38314666666666675,0.4462639522611935,0.06311728559452673,17,0.0,0.0,0.38314666666666675,0.4462639522611935,0,0,0.06311728559452673,"{""energy"": 0.6666666666666667, ""water"": 0.05493333333333334, ""transport"": 0.33333333333333337}","{""energy"": 0.7084974292620838, ""water"": 0.1838019796531642, ""transport"": 0.3590812888680356}","{""energy"": 0.04183076259541707, ""water"": 0.12886864631983086, ""transport"": 0.025747955534702216}","{""energy"": 0.0, ""water"": 0.0, ""transport"": 0.0}","{""energy"": 0.0, ""water"": 0.0, ""transport"": 0.0}","{""energy"": 0.0, ""water"": 0.0, ""transport"": 0.0}",0.3,0.1,,0.38314666666666675,1.0,0.6168533333333333,1,"{""energy"": 0.6666666666666667, ""water"": 0.05493333333333334, ""transport"": 0.33333333333333337}","{""energy"": 1.0, ""water"": 1.0, ""transport"": 1.0}","{""energy"": 0.33333333333333326, ""water"": 0.9450666666666666, ""transport"": 0.6666666666666666}",11,0.4462639522611935,,,[],,v2.0,0.7,0.3
S4_water_partial,312,312,17663799295446356460,scenario=S4_water_partial|method=both|duration=0|theta=0.300000|delta_threshold=0.100000|A=v2.0|w=na|run_id=312|seed=17663799295446356460,False,"{""step_1_amount"": 0.28212218425164043}",033832c9a51598bd69064fc3910037f6fde292830c04f0066e6d9779dc60f4ca,0.38314666666666675,0.43342392092012727,0.050277254253460524,23,0.0,0.0,0.38314666666666675,0.43342392092012727,0,0,0.050277254253460524,"{""energy"": 0.6666666666666667, ""water"": 0.05493333333333334, ""transport"": 0.33333333333333337}","{""energy"": 0.6999877429267698, ""water"": 0.15758606364788386, ""transport"": 0.35384334885018054}","{""energy"": 0.033321076260103055, ""water"": 0.10265273031455052, ""transport"": 0.02051001551684717}","{""energy"": 0.0, ""water"": 0.0, ""transport"": 0.0}","{""energy"": 0.0, ""water"": 0.0, ""transport"": 0.0}","{""energy"": 0.0, ""water"": 0.0, ""transport"": 0.0}",0.3,0.1,,0.38314666666666675,1.0,0.6168533333333333,1,"{""energy"": 0.6666666666666667, ""water"": 0.05493333333333334, ""transport"": 0.33333333333333337}","{""energy"": 1.0, ""water"": 1.0, ""transport"": 1.0}","{""energy"": 0.33333333333333326, ""water"": 0.9450666666666666, ""transport"": 0.6666666666666666}",11,0.43342392092012727,,,[],,v2.0,0.7,0.3
S4_water_partial,313,313,15131960894722779388,scenario=S4_water_partial|method=both|duration=0|theta=0.300000|delta_threshold=0.100000|A=v2.0|w=na|run_id=313|seed=15131960894722779388,False,"{""step_1_amount"": 0.3013521784503838}",033832c9a51598bd69064fc3910037f6fde292830c04f0066e6d9779dc60f4ca,0.38314666666666675,0.445197004118453,0.06205033745178623,21,0.0,0.0,0.38314666666666675,0.445197004118453,0,0,0.06205033745178623,"{""energy"": 0.6666666666666667, ""water"": 0.05493333333333334, ""transport"": 0.33333333333333337}","{""energy"": 0.70779031307291, ""water"": 0.18162355639631309, ""transport"": 0.3586460399013167}","{""energy"": 0.04112364640624322, ""water"": 0.12669022306297975, ""transport"": 0.025312706567983345}","{""energy"": 0.0, ""water"": 0.0, ""transport"": 0.0}","{""energy"": 0.0, ""water"": 0.0, ""transport"": 0.0}","{""energy"": 0.0, ""water"": 0.0, ""transport"": 0.0}",0.3,0.1,,0.38314666666666675,1.0,0.6168533333333333,1,"{""energy"": 0.6666666666666667, ""water"": 0.05493333333333334, ""transport"": 0.33333333333333337}","{""energy"": 1.0, ""water"": 1.0, ""transport"": 1.0}","{""energy"": 0.33333333333333326, ""water"": 0.9450666666666666, ""transport"": 0.6666666666666666}",11,0.445197004118453,,,[],,v2.0,0.7,0.3
S4_water_partial,314,314,16646904315259836365,scenario=S4_water_partial|method=both|duration=0|theta=0.300000|delta_threshold=0.100000|A=v2.0|w=na|run_id=314|seed=16646904315259836365,False,"{""step_1_amount"": 0.3169223501781762}",033832c9a51598bd69064fc3910037f6fde292830c04f0066e6d9779dc60f4ca,0.38314666666666675,0.4547294525045007,0.07158278583783395,14,0.0,0.0,0.38314666666666675,0.4547294525045007,0,0,0.07158278583783395,"{""energy"": 0.6666666666666667, ""water"": 0.05493333333333334, ""transport"": 0.33333333333333337}","{""energy"": 0.7141079102514617, ""water"": 0.2010862710560536, ""transport"": 0.36253469029033286}","{""energy"": 0.047441243584794957, ""water"": 0.14615293772272026, ""transport"": 0.02920135695699949}","{""energy"": 0.0, ""water"": 0.0, ""transport"": 0.0}","{""energy"": 0.0, ""water"": 0.0, ""transport"": 0.0}","{""energy"": 0.0, ""water"": 0.0, ""transport"": 0.0}",0.3,0.1,,0.38314666666666675,1.0,0.6168533333333333,1,"{""energy"": 0.6666666666666667, ""water"": 0.05493333333333334, ""transport"": 0.33333333333333337}","{""energy"": 1.0, ""water"": 1.0, ""transport"": 1.0}","{""energy"": 0.33333333333333326, ""water"": 0.9450666666666666, ""transport"": 0.6666666666666666}",11,0.4547294525045007,,,[],,v2.0,0.7,0.3
S4_water_partial,315,315,17943003380932499578,scenario=S4_water_partial|method=both|duration=0|theta=0.300000|delta_threshold=0.100000|A=v2.0|w=na|run_id=315|seed=17943003380932499578,False,"{""step_1_amount"": 0.6505155910999911}",033832c9a51598bd69064fc3910037f6fde292830c04f0066e6d9779dc60f4ca,0.38314666666666675,0.6589635744278589,0.27581690776119216,20,0.0,0.0,0.38314666666666675,0.6589635744278589,0,1,0.27581690776119216,"{""energy"": 0.6666666666666667, ""water"": 0.05493333333333334, ""transport"": 0.33333333333333337}","{""energy"": 0.8494633677554881, ""water"": 0.6180778222083224, ""transport"": 0.4458496022105562}","{""energy"": 0.1827967010888214, ""water"": 0.563144488874989, ""transport"": 0.11251626887722282}","{""energy"": 0.0, ""water"": 0.0, ""transport"": 0.0}","{""energy"": 0.0, ""water"": 0.0, ""transport"": 0.0}","{""energy"": 0.0, ""water"": 0.0, ""transport"": 0.0}",0.3,0.1,,0.38314666666666675,1.0,0.6168533333333333,1,"{""energy"": 0.6666666666666667, ""water"": 0.05493333333333334, ""transport"": 0.33333333333333337}","{""energy"": 1.0, ""water"": 1.0, ""transport"": 1.0}","{""energy"": 0.33333333333333326, ""water"": 0.9450666666666666, ""transport"": 0.6666666666666666}",6,0.6589635744278589,,,[],,v2.0,0.7,0.3
S4_water_partial,316,316,9772420237477377537,scenario=S4_water_partial|method=both|duration=0|theta=0.300000|delta_threshold=0.100000|A=v2.0|w=na|run_id=316|seed=9772420237477377537,False,"{""step_1_amount"": 1.0719628707062643}",033832c9a51598bd69064fc3910037f6fde292830c04f0066e6d9779dc60f4ca,0.38314666666666675,0.8564466666666667,0.47329999999999994,18,0.0,1.0,0.38314666666666675,0.8564466666666667,1,1,0.47329999999999994,"{""energy"": 0.6666666666666667, ""water"": 0.05493333333333334, ""transport"": 0.33333333333333337}","{""energy"": 0.9912666666666667, ""water"": 1.0, ""transport"": 0.5331333333333333}","{""energy"": 0.3246, ""water"": 0.9450666666666666, ""transport"": 0.19979999999999998}","{""energy"": 0.0, ""water"": 0.0, ""transport"": 0.0}","{""energy"": 1.0, ""water"": 1.0, ""transport"": 1.0}","{""energy"": 1.0, ""water"": 1.0, ""transport"": 1.0}",0.3,0.1,,0.38314666666666675,1.0,0.6168533333333333,1,"{""energy"": 0.6666666666666667, ""water"": 0.05493333333333334, ""transport"": 0.33333333333333337}","{""energy"": 1.0, ""water"": 1.0, ""transport"": 1.0}","{""energy"": 0.33333333333333326, ""water"": 0.9450666666666666, ""transport"": 0.6666666666666666}",3,0.8564466666666667,,,"[""energy"", ""transport""]",1,v2.0,0.7,0.3
S4_water_partial,317,317,9453760456129897535,scenario=S4_water_partial|method=both|duration=0|theta=0.300000|delta_threshold=0.100000|A=v2.0|w=na|run_id=317|seed=9453760456129897535,False,"{""step_1_amount"": 0.4534822746278227}",033832c9a51598bd69064fc3910037f6fde292830c04f0066e6d9779dc60f4ca,0.38314666666666675,0.5383348522506854,0.1551881855840187,25,0.0,0.0,0.38314666666666675,0.5383348522506854,0,1,0.1551881855840187,"{""energy"": 0.6666666666666667, ""water"": 0.05493333333333334, ""transport"": 0.33333333333333337}","{""energy"": 0.7695170995969058, ""water"": 0.3717861766181117, ""transport"": 0.3966405314216321}","{""energy"": 0.1028504329302391, ""water"": 0.31685284328477836, ""transport"": 0.06330719808829871}","{""energy"": 0.0, ""water"": 0.0, ""transport"": 0.0}","{""energy"": 0.0, ""water"": 0.0, ""transport"": 0.0}","{""energy"": 0.0, ""water"": 0.0, ""transport"": 0.0}",0.3,0.1,,0.38314666666666675,1.0,0.6168533333333333,1,"{""energy"": 0.6666666666666667, ""water"": 0.05493333333333334, ""transport"": 0.33333333333333337}","{""energy"": 1.0, ""water"": 1.0, ""transport"": 1.0}","{""energy"": 0.33333333333333326, ""water"": 0.9450666666666666, ""transport"": 0.6666666666666666}",9,0.5383348522506854,,,[],,v2.0,0.7,0.3
S4_water_partial,318,318,4681731842728148668,scenario=S4_water_partial|method=both|duration=0|theta=0.300000|delta_threshold=0.100000|A=v2.0|w=na|run_id=318|seed=4681731842728148668,False,"{""step_1_amount"": 0.6284217151790688}",033832c9a51598bd69064fc3910037f6fde292830c04f0066e6d9779dc60f4ca,0.38314666666666675,0.6454371512421722,0.2622904845755054,5,0.0,0.0,0.38314666666666675,0.6454371512421722,0,1,0.2622904845755054,"{""energy"": 0.6666666666666667, ""water"": 0.05493333333333334, ""transport"": 0.33333333333333337}","{""energy"": 0.8404987776005739, ""water"": 0.5904604773071693, ""transport"": 0.4403316566993058}","{""energy"": 0.17383211093390716, ""water"": 0.5355271439738359, ""transport"": 0.10699832336597243}","{""energy"": 0.0, ""water"": 0.0, ""transport"": 0.0}","{""energy"": 0.0, ""water"": 0.0, ""transport"": 0.0}","{""energy"": 0.0, ""water"": 0.0, ""transport"": 0.0}",0.3,0.1,,0.38314666666666675,1.0,0.6168533333333333,1,"{""energy"": 0.6666666666666667, ""water"": 0.05493333333333334, ""transport"": 0.33333333333333337}","{""energy"": 1.0, ""water"": 1.0, ""transport"": 1.0}","{""energy"": 0.33333333333333326, ""water"": 0.9450666666666666, ""transport"": 0.6666666666666666}",7,0.6454371512421722,,,[],,v2.0,0.7,0.3
S4_water_partial,319,319,14951413918161027312,scenario=S4_water_partial|method=both|duration=0|theta=0.300000|delta_threshold=0.100000|A=v2.0|w=na|run_id=319|seed=14951413918161027312,False,"{""step_1_amount"": 0.4451172656465934}",033832c9a51598bd69064fc3910037f6fde292830c04f0066e6d9779dc60f4ca,0.38314666666666675,0.5332135846271523,0.15006691796048555,14,0.0,0.0,0.38314666666666675,0.5332135846271523,0,0,0.15006691796048555,"{""energy"": 0.6666666666666667, ""water"": 0.05493333333333334, ""transport"": 0.33333333333333337}","{""energy"": 0.766122997202772, ""water"": 0.36132991539157494, ""transport"": 0.39455137042857}","{""energy"": 0.09945633053610525, ""water"": 0.3063965820582416, ""transport"": 0.061218037095236655}","{""energy"": 0.0, ""water"": 0.0, ""transport"": 0.0}","{""energy"": 0.0, ""water"": 0.0, ""transport"": 0.0}","{""energy"": 0.0, ""water"": 0.0, ""transport"": 0.0}",0.3,0.1,,0.38314666666666675,1.0,0.6168533333333333,1,"{""energy"": 0.6666666666666667, ""water"": 0.05493333333333334, ""transport"": 0.33333333333333337}","{""energy"": 1.0, ""water"": 1.0, ""transport"": 1.0}","{""energy"": 0.33333333333333326, ""water"": 0.9450666666666666, ""transport"": 0.6666666666666666}",9,0.5332135846271523,,,[],,v2.0,0.7,0.3
S4_water_partial,320,320,5209133241568780584,scenario=S4_water_partial|method=both|duration=0|theta=0.300000|delta_threshold=0.100000|A=v2.0|w=na|run_id=320|seed=5209133241568780584,False,"{""step_1_amount"": 0.47824724748737474}",033832c9a51598bd69064fc3910037f6fde292830c04f0066e6d9779dc60f4ca,0.38314666666666675,0.5534965877596247,0.170349921092958,8,0.0,0.0,0.38314666666666675,0.5534965877596247,0,1,0.170349921092958,"{""energy"": 0.6666666666666667, ""water"": 0.05493333333333334, ""transport"": 0.33333333333333337}","{""energy"": 0.7795654873346691, ""water"": 0.40274239269255185, ""transport"": 0.4028255833933052}","{""energy"": 0.11289882066800239, ""water"": 0.3478090593592185, ""transport"": 0.06949225005997184}","{""energy"": 0.0, ""water"": 0.0, ""transport"": 0.0}","{""energy"": 0.0, ""water"": 0.0, ""transport"": 0.0}","{""energy"": 0.0, ""water"": 0.0, ""transport"": 0.0}",0.3,0.1,,0.38314666666666675,1.0,0.6168533333333333,1,"{""energy"": 0.6666666666666667, ""water"": 0.05493333333333334, ""transport"": 0.33333333333333337}","{""energy"": 1.0, ""water"": 1.0, ""transport"": 1.0}","{""energy"": 0.33333333333333326, ""water"": 0.9450666666666666, ""transport"": 0.6666666666666666}",9,0.5534965877596247,,,[],,v2.0,0.7,0.3
S4_water_partial,321,321,15081348860382180055,scenario=S4_water_partial|method=both|duration=0|theta=0.300000|delta_threshold=0.100000|A=v2.0|w=na|run_id=321|seed=15081348860382180055,False,"{""step_1_amount"": 0.17639774774392228}",033832c9a51598bd69064fc3910037f6fde292830c04f0066e6d9779dc60f4ca,0.38314666666666675,0.38314666666666675,0.0,17,0.0,0.0,0.38314666666666675,0.38314666666666675,0,0,0.0,"{""energy"": 0.6666666666666667, ""water"": 0.05493333333333334, ""transport"": 0.33333333333333337}","{""energy"": 0.6666666666666667, ""water"": 0.05493333333333334, ""transport"": 0.33333333333333337}","{""energy"": 0.0, ""water"": 0.0, ""transport"": 0.0}","{""energy"": 0.0, ""water"": 0.0, ""transport"": 0.0}","{""energy"": 0.0, ""water"": 0.0, ""transport"": 0.0}","{""energy"": 0.0, ""water"": 0.0, ""transport"": 0.0}",0.3,0.1,,0.38314666666666675,1.0,0.6168533333333333,1,"{""energy"": 0.6666666666666667, ""water"": 0.05493333333333334, ""transport"": 0.33333333333333337}","{""energy"": 1.0, ""water"": 1.0, ""transport"": 1.0}","{""energy"": 0.33333333333333326, ""water"": 0.9450666666666666, ""transport"": 0.6666666666666666}",13,0.38314666666666675,,,[],,v2.0,0.7,0.3
S4_water_partial,322,322,15670493266361904699,scenario=S4_water_partial|method=both|duration=0|theta=0.300000|delta_threshold=0.100000|A=v2.0|w=na|run_id=322|seed=15670493266361904699,False,"{""step_1_amount"": 0.5226052785017113}",033832c9a51598bd69064fc3910037f6fde292830c04f0066e6d9779dc60f4ca,0.38314666666666675,0.5806536832973769,0.19750701663071013,30,0.0,0.0,0.38314666666666675,0.5806536832973769,0,1,0.19750701663071013,"{""energy"": 0.6666666666666667, ""water"": 0.05493333333333334, ""transport"": 0.33333333333333337}","{""energy"": 0.7975637584187362, ""water"": 0.45818993146047254, ""transport"": 0.41390400163913577}","{""energy"": 0.13089709175206943, ""water"": 0.4032565981271392, ""transport"": 0.0805706683058024}","{""energy"": 0.0, ""water"": 0.0, ""transport"": 0.0}","{""energy"": 0.0, ""water"": 0.0, ""transport"": 0.0}","{""energy"": 0.0, ""water"": 0.0, ""transport"": 0.0}",0.3,0.1,,0.38314666666666675,1.0,0.6168533333333333,1,"{""energy"": 0.6666666666666667, ""water"": 0.05493333333333334, ""transport"": 0.33333333333333337}","{""energy"": 1.0, ""water"": 1.0, ""transport"": 1.0}","{""energy"": 0.33333333333333326, ""water"": 0.9450666666666666, ""transport"": 0.6666666666666666}",8,0.5806536832973769,,,[],,v2.0,0.7,0.3
S4_water_partial,323,323,2777518767011924630,scenario=S4_water_partial|method=both|duration=0|theta=0.300000|delta_threshold=0.100000|A=v2.0|w=na|run_id=323|seed=2777518767011924630,False,"{""step_1_amount"": 0.5901663548409957}",033832c9a51598bd69064fc3910037f6fde292830c04f0066e6d9779dc60f4ca,0.38314666666666675,0.6220162632591952,0.2388695965925285,10,0.0,0.0,0.38314666666666675,0.6220162632591952,0,1,0.2388695965925285,"{""energy"": 0.6666666666666667, ""water"": 0.05493333333333334, ""transport"": 0.33333333333333337}","{""energy"": 0.8249766651434007, ""water"": 0.5426412768845779, ""transport"": 0.430777380454872}","{""energy"": 0.158309998476734, ""water"": 0.4877079435512445, ""transport"": 0.09744404712153865}","{""energy"": 0.0, ""water"": 0.0, ""transport"": 0.0}","{""energy"": 0.0, ""water"": 0.0, ""transport"": 0.0}","{""energy"": 0.0, ""water"": 0.0, ""transport"": 0.0}",0.3,0.1,,0.38314666666666675,1.0,0.6168533333333333,1,"{""energy"": 0.6666666666666667, ""water"": 0.05493333333333334, ""transport"": 0.33333333333333337}","{""energy"": 1.0, ""water"": 1.0, ""transport"": 1.0}","{""energy"": 0.33333333333333326, ""water"": 0.9450666666666666, ""transport"": 0.6666666666666666}",7,0.6220162632591952,,,[],,v2.0,0.7,0.3
S4_water_partial,324,324,9440331306239723693,scenario=S4_water_partial|method=both|duration=0|theta=0.300000|delta_threshold=0.100000|A=v2.0|w=na|run_id=324|seed=9440331306239723693,False,"{""step_1_amount"": 0.19422933576147514}",033832c9a51598bd69064fc3910037f6fde292830c04f0066e6d9779dc60f4ca,0.38314666666666675,0.38314666666666675,0.0,16,0.0,0.0,0.38314666666666675,0.38314666666666675,0,0,0.0,"{""energy"": 0.6666666666666667, ""water"": 0.05493333333333334, ""transport"": 0.33333333333333337}","{""energy"": 0.6666666666666667, ""water"": 0.05493333333333334, ""transport"": 0.33333333333333337}","{""energy"": 0.0, ""water"": 0.0, ""transport"": 0.0}","{""energy"": 0.0, ""water"": 0.0, ""transport"": 0.0}","{""energy"": 0.0, ""water"": 0.0, ""transport"": 0.0}","{""energy"": 0.0, ""water"": 0.0, ""transport"": 0.0}",0.3,0.1,,0.38314666666666675,1.0,0.6168533333333333,1,"{""energy"": 0.6666666666666667, ""water"": 0.05493333333333334, ""transport"": 0.33333333333333337}","{""energy"": 1.0, ""water"": 1.0, ""transport"": 1.0}","{""energy"": 0.33333333333333326, ""water"": 0.9450666666666666, ""transport"": 0.6666666666666666}",13,0.38314666666666675,,,[],,v2.0,0.7,0.3
S4_water_partial,325,325,13367138709918835517,scenario=S4_water_partial|method=both|duration=0|theta=0.300000|delta_threshold=0.100000|A=v2.0|w=na|run_id=325|seed=13367138709918835517,False,"{""step_1_amount"": 0.6278326439829827}",033832c9a51598bd69064fc3910037f6fde292830c04f0066e6d9779dc60f4ca,0.38314666666666675,0.6450765071291483,0.2619298404624816,6,0.0,0.0,0.38314666666666675,0.6450765071291483,0,1,0.2619298404624816,"{""energy"": 0.6666666666666667, ""water"": 0.05493333333333334, ""transport"": 0.33333333333333337}","{""energy"": 0.840259761962762, ""water"": 0.5897241383120617, ""transport"": 0.4401845361680833}","{""energy"": 0.17359309529609523, ""water"": 0.5347908049787283, ""transport"": 0.10685120283474991}","{""energy"": 0.0, ""water"": 0.0, ""transport"": 0.0}","{""energy"": 0.0, ""water"": 0.0, ""transport"": 0.0}","{""energy"": 0.0, ""water"": 0.0, ""transport"": 0.0}",0.3,0.1,,0.38314666666666675,1.0,0.6168533333333333,1,"{""energy"": 0.6666666666666667, ""water"": 0.05493333333333334, ""transport"": 0.33333333333333337}","{""energy"": 1.0, ""water"": 1.0, ""transport"": 1.0}","{""energy"": 0.33333333333333326, ""water"": 0.9450666666666666, ""transport"": 0.6666666666666666}",7,0.6450765071291483,,,[],,v2.0,0.7,0.3
S4_water_partial,326,326,11403947692768091291,scenario=S4_water_partial|method=both|duration=0|theta=0.300000|delta_threshold=0.100000|A=v2.0|w=na|run_id=326|seed=11403947692768091291,False,"{""step_1_amount"": 0.5190824779915758}",033832c9a51598bd69064fc3910037f6fde292830c04f0066e6d9779dc60f4ca,0.38314666666666675,0.5784969367550592,0.19535027008839245,13,0.0,0.0,0.38314666666666675,0.5784969367550592,0,1,0.19535027008839245,"{""energy"": 0.6666666666666667, ""water"": 0.05493333333333334, ""transport"": 0.33333333333333337}","{""energy"": 0.7961343821117486, ""water"": 0.4537864308228031, ""transport"": 0.41302418221172943}","{""energy"": 0.12946771544508184, ""water"": 0.3988530974894698, ""transport"": 0.07969084887839606}","{""energy"": 0.0, ""water"": 0.0, ""transport"": 0.0}","{""energy"": 0.0, ""water"": 0.0, ""transport"": 0.0}","{""energy"": 0.0, ""water"": 0.0, ""transport"": 0.0}",0.3,0.1,,0.38314666666666675,1.0,0.6168533333333333,1,"{""energy"": 0.6666666666666667, ""water"": 0.05493333333333334, ""transport"": 0.33333333333333337}","{""energy"": 1.0, ""water"": 1.0, ""transport"": 1.0}","{""energy"": 0.33333333333333326, ""water"": 0.9450666666666666, ""transport"": 0.6666666666666666}",8,0.5784969367550592,,,[],,v2.0,0.7,0.3
S4_water_partial,327,327,6692175995342059163,scenario=S4_water_partial|method=both|duration=0|theta=0.300000|delta_threshold=0.100000|A=v2.0|w=na|run_id=327|seed=6692175995342059163,False,"{""step_1_amount"": 0.5073136342758303}",033832c9a51598bd69064fc3910037f6fde292830c04f0066e6d9779dc60f4ca,0.38314666666666675,0.5712917564111869,0.18814508974452016,25,0.0,0.0,0.38314666666666675,0.5712917564111869,0,1,0.18814508974452016,"{""energy"": 0.6666666666666667, ""water"": 0.05493333333333334, ""transport"": 0.33333333333333337}","{""energy"": 0.7913591737740849, ""water"": 0.43907537617812126, ""transport"": 0.410084913493722}","{""energy"": 0.1246925071074182, ""water"": 0.3841420428447879, ""transport"": 0.07675158016038863}","{""energy"": 0.0, ""water"": 0.0, ""transport"": 0.0}","{""energy"": 0.0, ""water"": 0.0, ""transport"": 0.0}","{""energy"": 0.0, ""water"": 0.0, ""transport"": 0.0}",0.3,0.1,,0.38314666666666675,1.0,0.6168533333333333,1,"{""energy"": 0.6666666666666667, ""water"": 0.05493333333333334, ""transport"": 0.33333333333333337}","{""energy"": 1.0, ""water"": 1.0, ""transport"": 1.0}","{""energy"": 0.33333333333333326, ""water"": 0.9450666666666666, ""transport"": 0.6666666666666666}",8,0.5712917564111869,,,[],,v2.0,0.7,0.3
S4_water_partial,328,328,1961541181980137932,scenario=S4_water_partial|method=both|duration=0|theta=0.300000|delta_threshold=0.100000|A=v2.0|w=na|run_id=328|seed=1961541181980137932,False,"{""step_1_amount"": 0.3995648162007407}",033832c9a51598bd69064fc3910037f6fde292830c04f0066e6d9779dc60f4ca,0.38314666666666675,0.5053252362651652,0.12217856959849849,10,0.0,0.0,0.38314666666666675,0.5053252362651652,0,0,0.12217856959849849,"{""energy"": 0.6666666666666667, ""water"": 0.05493333333333334, ""transport"": 0.33333333333333337}","{""energy"": 0.7476400908401173, ""water"": 0.30438935358425917, ""transport"": 0.38317464617946834}","{""energy"": 0.08097342417345055, ""water"": 0.24945602025092584, ""transport"": 0.049841312846134966}","{""energy"": 0.0, ""water"": 0.0, ""transport"": 0.0}","{""energy"": 0.0, ""water"": 0.0, ""transport"": 0.0}","{""energy"": 0.0, ""water"": 0.0, ""transport"": 0.0}",0.3,0.1,,0.38314666666666675,1.0,0.6168533333333333,1,"{""energy"": 0.6666666666666667, ""water"": 0.05493333333333334, ""transport"": 0.33333333333333337}","{""energy"": 1.0, ""water"": 1.0, ""transport"": 1.0}","{""energy"": 0.33333333333333326, ""water"": 0.9450666666666666, ""transport"": 0.6666666666666666}",10,0.5053252362651652,,,[],,v2.0,0.7,0.3
S4_water_partial,329,329,13170094510868649642,scenario=S4_water_partial|method=both|duration=0|theta=0.300000|delta_threshold=0.100000|A=v2.0|w=na|run_id=329|seed=13170094510868649642,False,"{""step_1_amount"": 0.7058089121616313}",033832c9a51598bd69064fc3910037f6fde292830c04f0066e6d9779dc60f4ca,0.38314666666666675,0.6928155279148216,0.30966886124815485,9,0.0,0.0,0.38314666666666675,0.6928155279148216,0,1,0.30966886124815485,"{""energy"": 0.6666666666666667, ""water"": 0.05493333333333334, ""transport"": 0.33333333333333337}","{""energy"": 0.8718986327762487, ""water"": 0.6871944735353727, ""transport"": 0.45965910914570085}","{""energy"": 0.20523196610958194, ""water"": 0.6322611402020393, ""transport"": 0.12632577581236748}","{""energy"": 0.0, ""water"": 0.0, ""transport"": 0.0}","{""energy"": 0.0, ""water"": 0.0, ""transport"": 0.0}","{""energy"": 0.0, ""water"": 0.0, ""transport"": 0.0}",0.3,0.1,,0.38314666666666675,1.0,0.6168533333333333,1,"{""energy"": 0.6666666666666667, ""water"": 0.05493333333333334, ""transport"": 0.33333333333333337}","{""energy"": 1.0, ""water"": 1.0, ""transport"": 1.0}","{""energy"": 0.33333333333333326, ""water"": 0.9450666666666666, ""transport"": 0.6666666666666666}",6,0.6928155279148216,,,[],,v2.0,0.7,0.3
S4_water_partial,330,330,9240519427180800340,scenario=S4_water_partial|method=both|duration=0|theta=0.300000|delta_threshold=0.100000|A=v2.0|w=na|run_id=330|seed=9240519427180800340,False,"{""step_1_amount"": 0.2039344493189421}",033832c9a51598bd69064fc3910037f6fde292830c04f0066e6d9779dc60f4ca,0.38314666666666675,0.38555543490095606,0.0024087682342893157,26,0.0,0.0,0.38314666666666675,0.38555543490095606,0,0,0.0024087682342893157,"{""energy"": 0.6666666666666667, ""water"": 0.05493333333333334, ""transport"": 0.33333333333333337}","{""energy"": 0.6682630694778275, ""water"": 0.059851394982011016, ""transport"": 0.33431596205073916}","{""energy"": 0.001596402811160802, ""water"": 0.004918061648677675, ""transport"": 0.0009826287174057868}","{""energy"": 0.0, ""water"": 0.0, ""transport"": 0.0}","{""energy"": 0.0, ""water"": 0.0, ""transport"": 0.0}","{""energy"": 0.0, ""water"": 0.0, ""transport"": 0.0}",0.3,0.1,,0.38314666666666675,1.0,0.6168533333333333,1,"{""energy"": 0.6666666666666667, ""water"": 0.05493333333333334, ""transport"": 0.33333333333333337}","{""energy"": 1.0, ""water"": 1.0, ""transport"": 1.0}","{""energy"": 0.33333333333333326, ""water"": 0.9450666666666666, ""transport"": 0.6666666666666666}",12,0.38555543490095606,,,[],,v2.0,0.7,0.3
S4_water_partial,331,331,11682113352670015135,scenario=S4_water_partial|method=both|duration=0|theta=0.300000|delta_threshold=0.100000|A=v2.0|w=na|run_id=331|seed=11682113352670015135,False,"{""step_1_amount"": 0.2320398892463206}",033832c9a51598bd69064fc3910037f6fde292830c04f0066e6d9779dc60f4ca,0.38314666666666675,0.4027622878604954,0.019615621193828647,27,0.0,0.0,0.38314666666666675,0.4027622878604954,0,0,0.019615621193828647,"{""energy"": 0.6666666666666667, ""water"": 0.05493333333333334, ""transport"": 0.33333333333333337}","{""energy"": 0.6796668517283614, ""water"": 0.09498319489123412, ""transport"": 0.34133529567260196}","{""energy"": 0.013000185061694647, ""water"": 0.04004986155790078, ""transport"": 0.008001962339268587}","{""energy"": 0.0, ""water"": 0.0, ""transport"": 0.0}","{""energy"": 0.0, ""water"": 0.0, ""transport"": 0.0}","{""energy"": 0.0, ""water"": 0.0, ""transport"": 0.0}",0.3,0.1,,0.38314666666666675,1.0,0.6168533333333333,1,"{""energy"": 0.6666666666666667, ""water"": 0.05493333333333334, ""transport"": 0.33333333333333337}","{""energy"": 1.0, ""water"": 1.0, ""transport"": 1.0}","{""energy"": 0.33333333333333326, ""water"": 0.9450666666666666, ""transport"": 0.6666666666666666}",12,0.4027622878604954,,,[],,v2.0,0.7,0.3
S4_water_partial,332,332,7721279699586728843,scenario=S4_water_partial|method=both|duration=0|theta=0.300000|delta_threshold=0.100000|A=v2.0|w=na|run_id=332|seed=7721279699586728843,False,"{""step_1_amount"": 0.22225209867297305}",033832c9a51598bd69064fc3910037f6fde292830c04f0066e6d9779dc60f4ca,0.38314666666666675,0.39676995777672763,0.013623291110060887,15,0.0,0.0,0.38314666666666675,0.39676995777672763,0,0,0.013623291110060887,"{""energy"": 0.6666666666666667, ""water"": 0.05493333333333334, ""transport"": 0.33333333333333337}","{""energy"": 0.6756954557032255, ""water"": 0.08274845667454964, ""transport"": 0.3388907949769084}","{""energy"": 0.009028789036558793, ""water"": 0.027815123341216295, ""transport"": 0.005557461643575012}","{""energy"": 0.0, ""water"": 0.0, ""transport"": 0.0}","{""energy"": 0.0, ""water"": 0.0, ""transport"": 0.0}","{""energy"": 0.0, ""water"": 0.0, ""transport"": 0.0}",0.3,0.1,,0.38314666666666675,1.0,0.6168533333333333,1,"{""energy"": 0.6666666666666667, ""water"": 0.05493333333333334, ""transport"": 0.33333333333333337}","{""energy"": 1.0, ""water"": 1.0, ""transport"": 1.0}","{""energy"": 0.33333333333333326, ""water"": 0.9450666666666666, ""transport"": 0.6666666666666666}",12,0.39676995777672763,,,[],,v2.0,0.7,0.3
S4_water_partial,333,333,14632501934875917944,scenario=S4_water_partial|method=both|duration=0|theta=0.300000|delta_threshold=0.100000|A=v2.0|w=na|run_id=333|seed=14632501934875917944,False,"{""step_1_amount"": 0.47542348105043336}",033832c9a51598bd69064fc3910037f6fde292830c04f0066e6d9779dc60f4ca,0.38314666666666675,0.5517678073527683,0.16862114068610157,12,0.0,0.0,0.38314666666666675,0.5517678073527683,0,1,0.16862114068610157,"{""energy"": 0.6666666666666667, ""water"": 0.05493333333333334, ""transport"": 0.33333333333333337}","{""energy"": 0.7784197441028801, ""water"": 0.399212684646375, ""transport"": 0.40212034772567906}","{""energy"": 0.11175307743621332, ""water"": 0.34427935131304166, ""transport"": 0.06878701439234569}","{""energy"": 0.0, ""water"": 0.0, ""transport"": 0.0}","{""energy"": 0.0, ""water"": 0.0, ""transport"": 0.0}","{""energy"": 0.0, ""water"": 0.0, ""transport"": 0.0}",0.3,0.1,,0.38314666666666675,1.0,0.6168533333333333,1,"{""energy"": 0.6666666666666667, ""water"": 0.05493333333333334, ""transport"": 0.33333333333333337}","{""energy"": 1.0, ""water"": 1.0, ""transport"": 1.0}","{""energy"": 0.33333333333333326, ""water"": 0.9450666666666666, ""transport"": 0.6666666666666666}",9,0.5517678073527683,,,[],,v2.0,0.7,0.3
S4_water_partial,334,334,14827408670102961102,scenario=S4_water_partial|method=both|duration=0|theta=0.300000|delta_threshold=0.100000|A=v2.0|w=na|run_id=334|seed=14827408670102961102,False,"{""step_1_amount"": 0.5911803147246044}",033832c9a51598bd69064fc3910037f6fde292830c04f0066e6d9779dc60f4ca,0.38314666666666675,0.6226370348489376,0.23949036818227087,20,0.0,0.0,0.38314666666666675,0.6226370348489376,0,1,0.23949036818227087,"{""energy"": 0.6666666666666667, ""water"": 0.05493333333333334, ""transport"": 0.33333333333333337}","{""energy"": 0.825388079366175, ""water"": 0.5439087267390889, ""transport"": 0.4310306169358033}","{""energy"": 0.15872141269950824, ""water"": 0.4889753934057555, ""transport"": 0.09769728360246993}","{""energy"": 0.0, ""water"": 0.0, ""transport"": 0.0}","{""energy"": 0.0, ""water"": 0.0, ""transport"": 0.0}","{""energy"": 0.0, ""water"": 0.0, ""transport"": 0.0}",0.3,0.1,,0.38314666666666675,1.0,0.6168533333333333,1,"{""energy"": 0.6666666666666667, ""water"": 0.05493333333333334, ""transport"": 0.33333333333333337}","{""energy"": 1.0, ""water"": 1.0, ""transport"": 1.0}","{""energy"": 0.33333333333333326, ""water"": 0.9450666666666666, ""transport"": 0.6666666666666666}",7,0.6226370348489376,,,[],,v2.0,0.7,0.3
S4_water_partial,335,335,2655133528006407183,scenario=S4_water_partial|method=both|duration=0|theta=0.300000|delta_threshold=0.100000|A=v2.0|w=na|run_id=335|seed=2655133528006407183,False,"{""step_1_amount"": 0.2019611476979987}",033832c9a51598bd69064fc3910037f6fde292830c04f0066e6d9779dc60f4ca,0.38314666666666675,0.38434733031607404,0.0012006636494072964,24,0.0,0.0,0.38314666666666675,0.38434733031607404,0,0,0.0012006636494072964,"{""energy"": 0.6666666666666667, ""water"": 0.05493333333333334, ""transport"": 0.33333333333333337}","{""energy"": 0.6674624023451298, ""water"": 0.057384767955831764, ""transport"": 0.33382312997090857}","{""energy"": 0.0007957356784630276, ""water"": 0.002451434622498423, ""transport"": 0.0004897966375752016}","{""energy"": 0.0, ""water"": 0.0, ""transport"": 0.0}","{""energy"": 0.0, ""water"": 0.0, ""transport"": 0.0}","{""energy"": 0.0, ""water"": 0.0, ""transport"": 0.0}",0.3,0.1,,0.38314666666666675,1.0,0.6168533333333333,1,"{""energy"": 0.6666666666666667, ""water"": 0.05493333333333334, ""transport"": 0.33333333333333337}","{""energy"": 1.0, ""water"": 1.0, ""transport"": 1.0}","{""energy"": 0.33333333333333326, ""water"": 0.9450666666666666, ""transport"": 0.6666666666666666}",12,0.38434733031607404,,,[],,v2.0,0.7,0.3
S4_water_partial,336,336,10167970282616934889,scenario=S4_water_partial|method=both|duration=0|theta=0.300000|delta_threshold=0.100000|A=v2.0|w=na|run_id=336|seed=10167970282616934889,False,"{""step_1_amount"": 0.38050036543266225}",033832c9a51598bd69064fc3910037f6fde292830c04f0066e6d9779dc60f4ca,0.38314666666666675,0.49365350289367826,0.11050683622701152,19,0.0,0.0,0.38314666666666675,0.49365350289367826,0,0,0.11050683622701152,"{""energy"": 0.6666666666666667, ""water"": 0.05493333333333334, ""transport"": 0.33333333333333337}","{""energy"": 0.7399046899409694, ""water"": 0.2805587901241611, ""transport"": 0.37841329960014075}","{""energy"": 0.07323802327430262, ""water"": 0.22562545679082774, ""transport"": 0.04507996626680738}","{""energy"": 0.0, ""water"": 0.0, ""transport"": 0.0}","{""energy"": 0.0, ""water"": 0.0, ""transport"": 0.0}","{""energy"": 0.0, ""water"": 0.0, ""transport"": 0.0}",0.3,0.1,,0.38314666666666675,1.0,0.6168533333333333,1,"{""energy"": 0.6666666666666667, ""water"": 0.05493333333333334, ""transport"": 0.33333333333333337}","{""energy"": 1.0, ""water"": 1.0, ""transport"": 1.0}","{""energy"": 0.33333333333333326, ""water"": 0.9450666666666666, ""transport"": 0.6666666666666666}",10,0.49365350289367826,,,[],,v2.0,0.7,0.3
S4_water_partial,337,337,11005755078613705632,scenario=S4_water_partial|method=both|duration=0|theta=0.300000|delta_threshold=0.100000|A=v2.0|w=na|run_id=337|seed=11005755078613705632,False,"{""step_1_amount"": 0.18114747370061665}",033832c9a51598bd69064fc3910037f6fde292830c04f0066e6d9779dc60f4ca,0.38314666666666675,0.38314666666666675,0.0,18,0.0,0.0,0.38314666666666675,0.38314666666666675,0,0,0.0,"{""energy"": 0.6666666666666667, ""water"": 0.05493333333333334, ""transport"": 0.33333333333333337}","{""energy"": 0.6666666666666667, ""water"": 0.05493333333333334, ""transport"": 0.33333333333333337}","{""energy"": 0.0, ""water"": 0.0, ""transport"": 0.0}","{""energy"": 0.0, ""water"": 0.0, ""transport"": 0.0}","{""energy"": 0.0, ""water"": 0.0, ""transport"": 0.0}","{""energy"": 0.0, ""water"": 0.0, ""transport"": 0.0}",0.3,0.1,,0.38314666666666675,1.0,0.6168533333333333,1,"{""energy"": 0.6666666666666667, ""water"": 0.05493333333333334, ""transport"": 0.33333333333333337}","{""energy"": 1.0, ""water"": 1.0, ""transport"": 1.0}","{""energy"": 0.33333333333333326, ""water"": 0.9450666666666666, ""transport"": 0.6666666666666666}",13,0.38314666666666675,,,[],,v2.0,0.7,0.3
S4_water_partial,338,338,6054842627822103214,scenario=S4_water_partial|method=both|duration=0|theta=0.300000|delta_threshold=0.100000|A=v2.0|w=na|run_id=338|seed=6054842627822103214,False,"{""step_1_amount"": 0.3389384022420887}",033832c9a51598bd69064fc3910037f6fde292830c04f0066e6d9779dc60f4ca,0.38314666666666675,0.46820822997932954,0.08506156331266279,5,0.0,0.0,0.38314666666666675,0.46820822997932954,0,0,0.08506156331266279,"{""energy"": 0.6666666666666667, ""water"": 0.05493333333333334, ""transport"": 0.33333333333333337}","{""energy"": 0.7230409233763943, ""water"": 0.22860633613594425, ""transport"": 0.36803319929329503}","{""energy"": 0.05637425670972751, ""water"": 0.17367300280261092, ""transport"": 0.03469986595996166}","{""energy"": 0.0, ""water"": 0.0, ""transport"": 0.0}","{""energy"": 0.0, ""water"": 0.0, ""transport"": 0.0}","{""energy"": 0.0, ""water"": 0.0, ""transport"": 0.0}",0.3,0.1,,0.38314666666666675,1.0,0.6168533333333333,1,"{""energy"": 0.6666666666666667, ""water"": 0.05493333333333334, ""transport"": 0.33333333333333337}","{""energy"": 1.0, ""water"": 1.0, ""transport"": 1.0}","{""energy"": 0.33333333333333326, ""water"": 0.9450666666666666, ""transport"": 0.6666666666666666}",11,0.46820822997932954,,,[],,v2.0,0.7,0.3
S4_water_partial,339,339,8022576253074699477,scenario=S4_water_partial|method=both|duration=0|theta=0.300000|delta_threshold=0.100000|A=v2.0|w=na|run_id=339|seed=8022576253074699477,False,"{""step_1_amount"": 0.4877286190238477}",033832c9a51598bd69064fc3910037f6fde292830c04f0066e6d9779dc60f4ca,0.38314666666666675,0.5593013204485417,0.176154653781875,27,0.0,0.0,0.38314666666666675,0.5593013204485417,0,1,0.176154653781875,"{""energy"": 0.6666666666666667, ""water"": 0.05493333333333334, ""transport"": 0.33333333333333337}","{""energy"": 0.7834125538355929, ""water"": 0.4145941071131429, ""transport"": 0.4051935559345393}","{""energy"": 0.1167458871689262, ""water"": 0.35966077377980954, ""transport"": 0.07186022260120595}","{""energy"": 0.0, ""water"": 0.0, ""transport"": 0.0}","{""energy"": 0.0, ""water"": 0.0, ""transport"": 0.0}","{""energy"": 0.0, ""water"": 0.0, ""transport"": 0.0}",0.3,0.1,,0.38314666666666675,1.0,0.6168533333333333,1,"{""energy"": 0.6666666666666667, ""water"": 0.05493333333333334, ""transport"": 0.33333333333333337}","{""energy"": 1.0, ""water"": 1.0, ""transport"": 1.0}","{""energy"": 0.33333333333333326, ""water"": 0.9450666666666666, ""transport"": 0.6666666666666666}",9,0.5593013204485417,,,[],,v2.0,0.7,0.3
S4_water_partial,340,340,17825049972183928134,scenario=S4_water_partial|method=both|duration=0|theta=0.300000|delta_threshold=0.100000|A=v2.0|w=na|run_id=340|seed=17825049972183928134,False,"{""step_1_amount"": 0.43523782710814407}",033832c9a51598bd69064fc3910037f6fde292830c04f0066e6d9779dc60f4ca,0.38314666666666675,0.5271651453679502,0.14401847870128348,10,0.0,0.0,0.38314666666666675,0.5271651453679502,0,0,0.14401847870128348,"{""energy"": 0.6666666666666667, ""water"": 0.05493333333333334, ""transport"": 0.33333333333333337}","{""energy"": 0.7621144150157962, ""water"": 0.3489806172185134, ""transport"": 0.39208398065359235}","{""energy"": 0.0954477483491295, ""water"": 0.2940472838851801, ""transport"": 0.058750647320258975}","{""energy"": 0.0, ""water"": 0.0, ""transport"": 0.0}","{""energy"": 0.0, ""water"": 0.0, ""transport"": 0.0}","{""energy"": 0.0, ""water"": 0.0, ""transport"": 0.0}",0.3,0.1,,0.38314666666666675,1.0,0.6168533333333333,1,"{""energy"": 0.6666666666666667, ""water"": 0.05493333333333334, ""transport"": 0.33333333333333337}","{""energy"": 1.0, ""water"": 1.0, ""transport"": 1.0}","{""energy"": 0.33333333333333326, ""water"": 0.9450666666666666, ""transport"": 0.6666666666666666}",9,0.5271651453679502,,,[],,v2.0,0.7,0.3
S4_water_partial,341,341,11011426156367164023,scenario=S4_water_partial|method=both|duration=0|theta=0.300000|delta_threshold=0.100000|A=v2.0|w=na|run_id=341|seed=11011426156367164023,False,"{""step_1_amount"": 0.46699662482964976}",033832c9a51598bd69064fc3910037f6fde292830c04f0066e6d9779dc60f4ca,0.38314666666666675,0.5466086753029991,0.1634620086363323,30,0.0,0.0,0.38314666666666675,0.5466086753029991,0,1,0.1634620086363323,"{""energy"": 0.6666666666666667, ""water"": 0.05493333333333334, ""transport"": 0.33333333333333337}","{""energy"": 0.7750005471912972, ""water"": 0.3886791143703956, ""transport"": 0.4000157403845384}","{""energy"": 0.10833388052463044, ""water"": 0.33374578103706226, ""transport"": 0.06668240705120504}","{""energy"": 0.0, ""water"": 0.0, ""transport"": 0.0}","{""energy"": 0.0, ""water"": 0.0, ""transport"": 0.0}","{""energy"": 0.0, ""water"": 0.0, ""transport"": 0.0}",0.3,0.1,,0.38314666666666675,1.0,0.6168533333333333,1,"{""energy"": 0.6666666666666667, ""water"": 0.05493333333333334, ""transport"": 0.33333333333333337}","{""energy"": 1.0, ""water"": 1.0, ""transport"": 1.0}","{""energy"": 0.33333333333333326, ""water"": 0.9450666666666666, ""transport"": 0.6666666666666666}",9,0.5466086753029991,,,[],,v2.0,0.7,0.3
S4_water_partial,342,342,15741325872885155299,scenario=S4_water_partial|method=both|duration=0|theta=0.300000|delta_threshold=0.100000|A=v2.0|w=na|run_id=342|seed=15741325872885155299,False,"{""step_1_amount"": 0.3982811731712665}",033832c9a51598bd69064fc3910037f6fde292830c04f0066e6d9779dc60f4ca,0.38314666666666675,0.5045393579114454,0.1213926912447787,28,0.0,0.0,0.38314666666666675,0.5045393579114454,0,0,0.1213926912447787,"{""energy"": 0.6666666666666667, ""water"": 0.05493333333333334, ""transport"": 0.33333333333333337}","{""energy"": 0.7471192526809082, ""water"": 0.30278479979741657, ""transport"": 0.3828540563328572}","{""energy"": 0.08045258601424143, ""water"": 0.24785146646408324, ""transport"": 0.049520722999523814}","{""energy"": 0.0, ""water"": 0.0, ""transport"": 0.0}","{""energy"": 0.0, ""water"": 0.0, ""transport"": 0.0}","{""energy"": 0.0, ""water"": 0.0, ""transport"": 0.0}",0.3,0.1,,0.38314666666666675,1.0,0.6168533333333333,1,"{""energy"": 0.6666666666666667, ""water"": 0.05493333333333334, ""transport"": 0.33333333333333337}","{""energy"": 1.0, ""water"": 1.0, ""transport"": 1.0}","{""energy"": 0.33333333333333326, ""water"": 0.9450666666666666, ""transport"": 0.6666666666666666}",10,0.5045393579114454,,,[],,v2.0,0.7,0.3
S4_water_partial,343,343,15158054306579893817,scenario=S4_water_partial|method=both|duration=0|theta=0.300000|delta_threshold=0.100000|A=v2.0|w=na|run_id=343|seed=15158054306579893817,False,"{""step_1_amount"": 1.0355941339008385}",033832c9a51598bd69064fc3910037f6fde292830c04f0066e6d9779dc60f4ca,0.38314666666666675,0.8564466666666667,0.47329999999999994,5,0.0,1.0,0.38314666666666675,0.8564466666666667,1,1,0.47329999999999994,"{""energy"": 0.6666666666666667, ""water"": 0.05493333333333334, ""transport"": 0.33333333333333337}","{""energy"": 0.9912666666666667, ""water"": 1.0, ""transport"": 0.5331333333333333}","{""energy"": 0.3246, ""water"": 0.9450666666666666, ""transport"": 0.19979999999999998}","{""energy"": 0.0, ""water"": 0.0, ""transport"": 0.0}","{""energy"": 1.0, ""water"": 1.0, ""transport"": 1.0}","{""energy"": 1.0, ""water"": 1.0, ""transport"": 1.0}",0.3,0.1,,0.38314666666666675,1.0,0.6168533333333333,1,"{""energy"": 0.6666666666666667, ""water"": 0.05493333333333334, ""transport"": 0.33333333333333337}","{""energy"": 1.0, ""water"": 1.0, ""transport"": 1.0}","{""energy"": 0.33333333333333326, ""water"": 0.9450666666666666, ""transport"": 0.6666666666666666}",3,0.8564466666666667,,,"[""energy"", ""transport""]",1,v2.0,0.7,0.3
S4_water_partial,344,344,15115540599905219829,scenario=S4_water_partial|method=both|duration=0|theta=0.300000|delta_threshold=0.100000|A=v2.0|w=na|run_id=344|seed=15115540599905219829,False,"{""step_1_amount"": 0.41600748286533984}",033832c9a51598bd69064fc3910037f6fde292830c04f0066e6d9779dc60f4ca,0.38314666666666675,0.5153918478638995,0.13224518119723272,18,0.0,0.0,0.38314666666666675,0.5153918478638995,0,0,0.13224518119723272,"{""energy"": 0.6666666666666667, ""water"": 0.05493333333333334, ""transport"": 0.33333333333333337}","{""energy"": 0.7543117028392784, ""water"": 0.32494268691500816, ""transport"": 0.387281202178952}","{""energy"": 0.08764503617261166, ""water"": 0.2700093535816748, ""transport"": 0.05394786884561864}","{""energy"": 0.0, ""water"": 0.0, ""transport"": 0.0}","{""energy"": 0.0, ""water"": 0.0, ""transport"": 0.0}","{""energy"": 0.0, ""water"": 0.0, ""transport"": 0.0}",0.3,0.1,,0.38314666666666675,1.0,0.6168533333333333,1,"{""energy"": 0.6666666666666667, ""water"": 0.05493333333333334, ""transport"": 0.33333333333333337}","{""energy"": 1.0, ""water"": 1.0, ""transport"": 1.0}","{""energy"": 0.33333333333333326, ""water"": 0.9450666666666666, ""transport"": 0.6666666666666666}",10,0.5153918478638995,,,[],,v2.0,0.7,0.3
S4_water_partial,345,345,13400418488306049216,scenario=S4_water_partial|method=both|duration=0|theta=0.300000|delta_threshold=0.100000|A=v2.0|w=na|run_id=345|seed=13400418488306049216,False,"{""step_1_amount"": 0.42686544008609684}",033832c9a51598bd69064fc3910037f6fde292830c04f0066e6d9779dc60f4ca,0.38314666666666675,0.5220393607233773,0.13889269405671056,25,0.0,0.0,0.38314666666666675,0.5220393607233773,0,0,0.13889269405671056,"{""energy"": 0.6666666666666667, ""water"": 0.05493333333333334, ""transport"": 0.33333333333333337}","{""energy"": 0.7587173189816006, ""water"": 0.33851513344095446, ""transport"": 0.3899929769948361}","{""energy"": 0.09205065231493381, ""water"": 0.28358180010762113, ""transport"": 0.05665964366150272}","{""energy"": 0.0, ""water"": 0.0, ""transport"": 0.0}","{""energy"": 0.0, ""water"": 0.0, ""transport"": 0.0}","{""energy"": 0.0, ""water"": 0.0, ""transport"": 0.0}",0.3,0.1,,0.38314666666666675,1.0,0.6168533333333333,1,"{""energy"": 0.6666666666666667, ""water"": 0.05493333333333334, ""transport"": 0.33333333333333337}","{""energy"": 1.0, ""water"": 1.0, ""transport"": 1.0}","{""energy"": 0.33333333333333326, ""water"": 0.9450666666666666, ""transport"": 0.6666666666666666}",9,0.5220393607233773,,,[],,v2.0,0.7,0.3
S4_water_partial,346,346,6288848317314340200,scenario=S4_water_partial|method=both|duration=0|theta=0.300000|delta_threshold=0.100000|A=v2.0|w=na|run_id=346|seed=6288848317314340200,False,"{""step_1_amount"": 0.28862082589851973}",033832c9a51598bd69064fc3910037f6fde292830c04f0066e6d9779dc60f4ca,0.38314666666666675,0.437402551802388,0.05425588513572127,15,0.0,0.0,0.38314666666666675,0.437402551802388,0,0,0.05425588513572127,"{""energy"": 0.6666666666666667, ""water"": 0.05493333333333334, ""transport"": 0.33333333333333337}","{""energy"": 0.7026245667749912, ""water"": 0.1657093657064831, ""transport"": 0.3554663846014887}","{""energy"": 0.03595790010832445, ""water"": 0.11077603237314976, ""transport"": 0.022133051268155346}","{""energy"": 0.0, ""water"": 0.0, ""transport"": 0.0}","{""energy"": 0.0, ""water"": 0.0, ""transport"": 0.0}","{""energy"": 0.0, ""water"": 0.0, ""transport"": 0.0}",0.3,0.1,,0.38314666666666675,1.0,0.6168533333333333,1,"{""energy"": 0.6666666666666667, ""water"": 0.05493333333333334, ""transport"": 0.33333333333333337}","{""energy"": 1.0, ""water"": 1.0, ""transport"": 1.0}","{""energy"": 0.33333333333333326, ""water"": 0.9450666666666666, ""transport"": 0.6666666666666666}",11,0.437402551802388,,,[],,v2.0,0.7,0.3
S4_water_partial,347,347,11774040491247369539,scenario=S4_water_partial|method=both|duration=0|theta=0.300000|delta_threshold=0.100000|A=v2.0|w=na|run_id=347|seed=11774040491247369539,False,"{""step_1_amount"": 0.39180228488700236}",033832c9a51598bd69064fc3910037f6fde292830c04f0066e6d9779dc60f4ca,0.38314666666666675,0.5005728205316117,0.11742615386494493,16,0.0,0.0,0.38314666666666675,0.5005728205316117,0,0,0.11742615386494493,"{""energy"": 0.6666666666666667, ""water"": 0.05493333333333334, ""transport"": 0.33333333333333337}","{""energy"": 0.744490443759568, ""water"": 0.29468618944208624, ""transport"": 0.3812359539838622}","{""energy"": 0.07782377709290123, ""water"": 0.2397528561087529, ""transport"": 0.047902620650528804}","{""energy"": 0.0, ""water"": 0.0, ""transport"": 0.0}","{""energy"": 0.0, ""water"": 0.0, ""transport"": 0.0}","{""energy"": 0.0, ""water"": 0.0, ""transport"": 0.0}",0.3,0.1,,0.38314666666666675,1.0,0.6168533333333333,1,"{""energy"": 0.6666666666666667, ""water"": 0.05493333333333334, ""transport"": 0.33333333333333337}","{""energy"": 1.0, ""water"": 1.0, ""transport"": 1.0}","{""energy"": 0.33333333333333326, ""water"": 0.9450666666666666, ""transport"": 0.6666666666666666}",10,0.5005728205316117,,,[],,v2.0,0.7,0.3
S4_water_partial,348,348,9781803647767957266,scenario=S4_water_partial|method=both|duration=0|theta=0.300000|delta_threshold=0.100000|A=v2.0|w=na|run_id=348|seed=9781803647767957266,False,"{""step_1_amount"": 0.35589360145732646}",033832c9a51598bd69064fc3910037f6fde292830c04f0066e6d9779dc60f4ca,0.38314666666666675,0.4785886268188784,0.09544196015221168,15,0.0,0.0,0.38314666666666675,0.4785886268188784,0,0,0.09544196015221168,"{""energy"": 0.6666666666666667, ""water"": 0.05493333333333334, ""transport"": 0.33333333333333337}","{""energy"": 0.729920495457977, ""water"": 0.2498003351549914, ""transport"": 0.37226776029730063}","{""energy"": 0.06325382879131025, ""water"": 0.19486700182165806, ""transport"": 0.03893442696396726}","{""energy"": 0.0, ""water"": 0.0, ""transport"": 0.0}","{""energy"": 0.0, ""water"": 0.0, ""transport"": 0.0}","{""energy"": 0.0, ""water"": 0.0, ""transport"": 0.0}",0.3,0.1,,0.38314666666666675,1.0,0.6168533333333333,1,"{""energy"": 0.6666666666666667, ""water"": 0.05493333333333334, ""transport"": 0.33333333333333337}","{""energy"": 1.0, ""water"": 1.0, ""transport"": 1.0}","{""energy"": 0.33333333333333326, ""water"": 0.9450666666666666, ""transport"": 0.6666666666666666}",10,0.4785886268188784,,,[],,v2.0,0.7,0.3
S4_water_partial,349,349,9343051560410541211,scenario=S4_water_partial|method=both|duration=0|theta=0.300000|delta_threshold=0.100000|A=v2.0|w=na|run_id=349|seed=9343051560410541211,False,"{""step_1_amount"": 0.4341949804314599}",033832c9a51598bd69064fc3910037f6fde292830c04f0066e6d9779dc60f4ca,0.38314666666666675,0.5265266885613172,0.1433800218946505,23,0.0,0.0,0.38314666666666675,0.5265266885613172,0,0,0.1433800218946505,"{""energy"": 0.6666666666666667, ""water"": 0.05493333333333334, ""transport"": 0.33333333333333337}","{""energy"": 0.7616912799767316, ""water"": 0.34767705887265826, ""transport"": 0.39182352969609047}","{""energy"": 0.09502461331006484, ""water"": 0.29274372553932493, ""transport"": 0.058490196362757096}","{""energy"": 0.0, ""water"": 0.0, ""transport"": 0.0}","{""energy"": 0.0, ""water"": 0.0, ""transport"": 0.0}","{""energy"": 0.0, ""water"": 0.0, ""transport"": 0.0}",0.3,0.1,,0.38314666666666675,1.0,0.6168533333333333,1,"{""energy"": 0.6666666666666667, ""water"": 0.05493333333333334, ""transport"": 0.33333333333333337}","{""energy"": 1.0, ""water"": 1.0, ""transport"": 1.0}","{""energy"": 0.33333333333333326, ""water"": 0.9450666666666666, ""transport"": 0.6666666666666666}",9,0.5265266885613172,,,[],,v2.0,0.7,0.3
S4_water_partial,350,350,18128091578024334624,scenario=S4_water_partial|method=both|duration=0|theta=0.300000|delta_threshold=0.100000|A=v2.0|w=na|run_id=350|seed=18128091578024334624,False,"{""step_1_amount"": 0.27160201600242767}",033832c9a51598bd69064fc3910037f6fde292830c04f0066e6d9779dc60f4ca,0.38314666666666675,0.426983210913753,0.04383654424708627,30,0.0,0.0,0.38314666666666675,0.426983210913753,0,0,0.04383654424708627,"{""energy"": 0.6666666666666667, ""water"": 0.05493333333333334, ""transport"": 0.33333333333333337}","{""energy"": 0.6957191846596518, ""water"": 0.144435853336368, ""transport"": 0.3512159368299397}","{""energy"": 0.029052517992985027, ""water"": 0.08950252000303466, ""transport"": 0.01788260349660631}","{""energy"": 0.0, ""water"": 0.0, ""transport"": 0.0}","{""energy"": 0.0, ""water"": 0.0, ""transport"": 0.0}","{""energy"": 0.0, ""water"": 0.0, ""transport"": 0.0}",0.3,0.1,,0.38314666666666675,1.0,0.6168533333333333,1,"{""energy"": 0.6666666666666667, ""water"": 0.05493333333333334, ""transport"": 0.33333333333333337}","{""energy"": 1.0, ""water"": 1.0, ""transport"": 1.0}","{""energy"": 0.33333333333333326, ""water"": 0.9450666666666666, ""transport"": 0.6666666666666666}",11,0.426983210913753,,,[],,v2.0,0.7,0.3
S4_water_partial,351,351,4954426143412791639,scenario=S4_water_partial|method=both|duration=0|theta=0.300000|delta_threshold=0.100000|A=v2.0|w=na|run_id=351|seed=4954426143412791639,False,"{""step_1_amount"": 0.33980681999279355}",033832c9a51598bd69064fc3910037f6fde292830c04f0066e6d9779dc60f4ca,0.38314666666666675,0.4687398970367548,0.08559323037008804,22,0.0,0.0,0.38314666666666675,0.4687398970367548,0,0,0.08559323037008804,"{""energy"": 0.6666666666666667, ""water"": 0.05493333333333334, ""transport"": 0.33333333333333337}","{""energy"": 0.7233932838787428, ""water"": 0.22969185832432537, ""transport"": 0.3682500866265336}","{""energy"": 0.05672661721207606, ""water"": 0.17475852499099204, ""transport"": 0.03491675329320021}","{""energy"": 0.0, ""water"": 0.0, ""transport"": 0.0}","{""energy"": 0.0, ""water"": 0.0, ""transport"": 0.0}","{""energy"": 0.0, ""water"": 0.0, ""transport"": 0.0}",0.3,0.1,,0.38314666666666675,1.0,0.6168533333333333,1,"{""energy"": 0.6666666666666667, ""water"": 0.05493333333333334, ""transport"": 0.33333333333333337}","{""energy"": 1.0, ""water"": 1.0, ""transport"": 1.0}","{""energy"": 0.33333333333333326, ""water"": 0.9450666666666666, ""transport"": 0.6666666666666666}",11,0.4687398970367548,,,[],,v2.0,0.7,0.3
S4_water_partial,352,352,14914388072818801099,scenario=S4_water_partial|method=both|duration=0|theta=0.300000|delta_threshold=0.100000|A=v2.0|w=na|run_id=352|seed=14914388072818801099,False,"{""step_1_amount"": 0.30917002351800255}",033832c9a51598bd69064fc3910037f6fde292830c04f0066e6d9779dc60f4ca,0.38314666666666675,0.4499832843149758,0.06683661764830906,21,0.0,0.0,0.38314666666666675,0.4499832843149758,0,0,0.06683661764830906,"{""energy"": 0.6666666666666667, ""water"": 0.05493333333333334, ""transport"": 0.33333333333333337}","{""energy"": 0.7109624037090962, ""water"": 0.19139586273083659, ""transport"": 0.3605985467069545}","{""energy"": 0.044295737042429506, ""water"": 0.13646252939750325, ""transport"": 0.027265213373621144}","{""energy"": 0.0, ""water"": 0.0, ""transport"": 0.0}","{""energy"": 0.0, ""water"": 0.0, ""transport"": 0.0}","{""energy"": 0.0, ""water"": 0.0, ""transport"": 0.0}",0.3,0.1,,0.38314666666666675,1.0,0.6168533333333333,1,"{""energy"": 0.6666666666666667, ""water"": 0.05493333333333334, ""transport"": 0.33333333333333337}","{""energy"": 1.0, ""water"": 1.0, ""transport"": 1.0}","{""energy"": 0.33333333333333326, ""water"": 0.9450666666666666, ""transport"": 0.6666666666666666}",11,0.4499832843149758,,,[],,v2.0,0.7,0.3
S4_water_partial,353,353,14144826502358182803,scenario=S4_water_partial|method=both|duration=0|theta=0.300000|delta_threshold=0.100000|A=v2.0|w=na|run_id=353|seed=14144826502358182803,False,"{""step_1_amount"": 0.4882428450664457}",033832c9a51598bd69064fc3910037f6fde292830c04f0066e6d9779dc60f4ca,0.38314666666666675,0.5596161424874715,0.17646947582080474,13,0.0,0.0,0.38314666666666675,0.5596161424874715,0,1,0.17646947582080474,"{""energy"": 0.6666666666666667, ""water"": 0.05493333333333334, ""transport"": 0.33333333333333337}","{""energy"": 0.7836212010523771, ""water"": 0.4152368896663905, ""transport"": 0.4053219838886782}","{""energy"": 0.11695453438571035, ""water"": 0.36030355633305716, ""transport"": 0.07198865055534481}","{""energy"": 0.0, ""water"": 0.0, ""transport"": 0.0}","{""energy"": 0.0, ""water"": 0.0, ""transport"": 0.0}","{""energy"": 0.0, ""water"": 0.0, ""transport"": 0.0}",0.3,0.1,,0.38314666666666675,1.0,0.6168533333333333,1,"{""energy"": 0.6666666666666667, ""water"": 0.05493333333333334, ""transport"": 0.33333333333333337}","{""energy"": 1.0, ""water"": 1.0, ""transport"": 1.0}","{""energy"": 0.33333333333333326, ""water"": 0.9450666666666666, ""transport"": 0.6666666666666666}",9,0.5596161424874715,,,[],,v2.0,0.7,0.3
S4_water_partial,354,354,10980802188518457690,scenario=S4_water_partial|method=both|duration=0|theta=0.300000|delta_threshold=0.100000|A=v2.0|w=na|run_id=354|seed=10980802188518457690,False,"{""step_1_amount"": 0.46029729132003994}",033832c9a51598bd69064fc3910037f6fde292830c04f0066e6d9779dc60f4ca,0.38314666666666675,0.5425071758450782,0.1593605091784115,16,0.0,0.0,0.38314666666666675,0.5425071758450782,0,1,0.1593605091784115,"{""energy"": 0.6666666666666667, ""water"": 0.05493333333333334, ""transport"": 0.33333333333333337}","{""energy"": 0.772282292619773, ""water"": 0.3803049474833832, ""transport"": 0.39834258184051335}","{""energy"": 0.10561562595310625, ""water"": 0.3253716141500499, ""transport"": 0.06500924850717998}","{""energy"": 0.0, ""water"": 0.0, ""transport"": 0.0}","{""energy"": 0.0, ""water"": 0.0, ""transport"": 0.0}","{""energy"": 0.0, ""water"": 0.0, ""transport"": 0.0}",0.3,0.1,,0.38314666666666675,1.0,0.6168533333333333,1,"{""energy"": 0.6666666666666667, ""water"": 0.05493333333333334, ""transport"": 0.33333333333333337}","{""energy"": 1.0, ""water"": 1.0, ""transport"": 1.0}","{""energy"": 0.33333333333333326, ""water"": 0.9450666666666666, ""transport"": 0.6666666666666666}",9,0.5425071758450782,,,[],,v2.0,0.7,0.3
S4_water_partial,355,355,12649090456915976219,scenario=S4_water_partial|method=both|duration=0|theta=0.300000|delta_threshold=0.100000|A=v2.0|w=na|run_id=355|seed=12649090456915976219,False,"{""step_1_amount"": 0.2645337969921427}",033832c9a51598bd69064fc3910037f6fde292830c04f0066e6d9779dc60f4ca,0.38314666666666675,0.4226558705301813,0.03950920386351453,20,0.0,0.0,0.38314666666666675,0.4226558705301813,0,0,0.03950920386351453,"{""energy"": 0.6666666666666667, ""water"": 0.05493333333333334, ""transport"": 0.33333333333333337}","{""energy"": 0.6928512547962287, ""water"": 0.1356005795735117, ""transport"": 0.349450649132121}","{""energy"": 0.026184588129561925, ""water"": 0.08066724624017838, ""transport"": 0.016117315798787613}","{""energy"": 0.0, ""water"": 0.0, ""transport"": 0.0}","{""energy"": 0.0, ""water"": 0.0, ""transport"": 0.0}","{""energy"": 0.0, ""water"": 0.0, ""transport"": 0.0}",0.3,0.1,,0.38314666666666675,1.0,0.6168533333333333,1,"{""energy"": 0.6666666666666667, ""water"": 0.05493333333333334, ""transport"": 0.33333333333333337}","{""energy"": 1.0, ""water"": 1.0, ""transport"": 1.0}","{""energy"": 0.33333333333333326, ""water"": 0.9450666666666666, ""transport"": 0.6666666666666666}",12,0.4226558705301813,,,[],,v2.0,0.7,0.3
S4_water_partial,356,356,10910638934844066053,scenario=S4_water_partial|method=both|duration=0|theta=0.300000|delta_threshold=0.100000|A=v2.0|w=na|run_id=356|seed=10910638934844066053,False,"{""step_1_amount"": 0.3946183429636127}",033832c9a51598bd69064fc3910037f6fde292830c04f0066e6d9779dc60f4ca,0.38314666666666675,0.5022968816875645,0.11915021502089773,9,0.0,0.0,0.38314666666666675,0.5022968816875645,0,0,0.11915021502089773,"{""energy"": 0.6666666666666667, ""water"": 0.05493333333333334, ""transport"": 0.33333333333333337}","{""energy"": 0.7456330593241526, ""water"": 0.2982062620378492, ""transport"": 0.38193926448849563}","{""energy"": 0.07896639265748584, ""water"": 0.2432729287045159, ""transport"": 0.04860593115516226}","{""energy"": 0.0, ""water"": 0.0, ""transport"": 0.0}","{""energy"": 0.0, ""water"": 0.0, ""transport"": 0.0}","{""energy"": 0.0, ""water"": 0.0, ""transport"": 0.0}",0.3,0.1,,0.38314666666666675,1.0,0.6168533333333333,1,"{""energy"": 0.6666666666666667, ""water"": 0.05493333333333334, ""transport"": 0.33333333333333337}","{""energy"": 1.0, ""water"": 1.0, ""transport"": 1.0}","{""energy"": 0.33333333333333326, ""water"": 0.9450666666666666, ""transport"": 0.6666666666666666}",10,0.5022968816875645,,,[],,v2.0,0.7,0.3
S4_water_partial,357,357,8633257519586032520,scenario=S4_water_partial|method=both|duration=0|theta=0.300000|delta_threshold=0.100000|A=v2.0|w=na|run_id=357|seed=8633257519586032520,False,"{""step_1_amount"": 0.2225271894929952}",033832c9a51598bd69064fc3910037f6fde292830c04f0066e6d9779dc60f4ca,0.38314666666666675,0.39693837525401565,0.013791708587348905,16,0.0,0.0,0.38314666666666675,0.39693837525401565,0,0,0.013791708587348905,"{""energy"": 0.6666666666666667, ""water"": 0.05493333333333334, ""transport"": 0.33333333333333337}","{""energy"": 0.6758070738034495, ""water"": 0.08309232019957727, ""transport"": 0.3389594989092089}","{""energy"": 0.009140407136782769, ""water"": 0.028158986866243928, ""transport"": 0.00562616557587553}","{""energy"": 0.0, ""water"": 0.0, ""transport"": 0.0}","{""energy"": 0.0, ""water"": 0.0, ""transport"": 0.0}","{""energy"": 0.0, ""water"": 0.0, ""transport"": 0.0}",0.3,0.1,,0.38314666666666675,1.0,0.6168533333333333,1,"{""energy"": 0.6666666666666667, ""water"": 0.05493333333333334, ""transport"": 0.33333333333333337}","{""energy"": 1.0, ""water"": 1.0, ""transport"": 1.0}","{""energy"": 0.33333333333333326, ""water"": 0.9450666666666666, ""transport"": 0.6666666666666666}",12,0.39693837525401565,,,[],,v2.0,0.7,0.3
S4_water_partial,358,358,11417465962733976973,scenario=S4_water_partial|method=both|duration=0|theta=0.300000|delta_threshold=0.100000|A=v2.0|w=na|run_id=358|seed=11417465962733976973,False,"{""step_1_amount"": 0.770401998748644}",033832c9a51598bd69064fc3910037f6fde292830c04f0066e6d9779dc60f4ca,0.38314666666666675,0.7323610303505553,0.3492143636838886,8,0.0,1.0,0.38314666666666675,0.7323610303505553,1,1,0.3492143636838886,"{""energy"": 0.6666666666666667, ""water"": 0.05493333333333334, ""transport"": 0.33333333333333337}","{""energy"": 0.8981072776589291, ""water"": 0.7679358317691384, ""transport"": 0.47579123252080724}","{""energy"": 0.23144061099226232, ""water"": 0.713002498435805, ""transport"": 0.14245789918747387}","{""energy"": 0.0, ""water"": 0.0, ""transport"": 0.0}","{""energy"": 1.0, ""water"": 1.0, ""transport"": 1.0}","{""energy"": 1.0, ""water"": 1.0, ""transport"": 1.0}",0.3,0.1,,0.38314666666666675,1.0,0.6168533333333333,1,"{""energy"": 0.6666666666666667, ""water"": 0.05493333333333334, ""transport"": 0.33333333333333337}","{""energy"": 1.0, ""water"": 1.0, ""transport"": 1.0}","{""energy"": 0.33333333333333326, ""water"": 0.9450666666666666, ""transport"": 0.6666666666666666}",5,0.7323610303505553,,,"[""energy"", ""transport""]",1,v2.0,0.7,0.3
S4_water_partial,359,359,14382178621298493055,scenario=S4_water_partial|method=both|duration=0|theta=0.300000|delta_threshold=0.100000|A=v2.0|w=na|run_id=359|seed=14382178621298493055,False,"{""step_1_amount"": 0.23255784309191502}",033832c9a51598bd69064fc3910037f6fde292830c04f0066e6d9779dc60f4ca,0.38314666666666675,0.4030793921536144,0.019932725486947633,12,0.0,0.0,0.38314666666666675,0.4030793921536144,0,0,0.019932725486947633,"{""energy"": 0.6666666666666667, ""water"": 0.05493333333333334, ""transport"": 0.33333333333333337}","{""energy"": 0.6798770115012113, ""water"": 0.09563063719822702, ""transport"": 0.3414646546455391}","{""energy"": 0.01321034483454453, ""water"": 0.04069730386489368, ""transport"": 0.00813132131220573}","{""energy"": 0.0, ""water"": 0.0, ""transport"": 0.0}","{""energy"": 0.0, ""water"": 0.0, ""transport"": 0.0}","{""energy"": 0.0, ""water"": 0.0, ""transport"": 0.0}",0.3,0.1,,0.38314666666666675,1.0,0.6168533333333333,1,"{""energy"": 0.6666666666666667, ""water"": 0.05493333333333334, ""transport"": 0.33333333333333337}","{""energy"": 1.0, ""water"": 1.0, ""transport"": 1.0}","{""energy"": 0.33333333333333326, ""water"": 0.9450666666666666, ""transport"": 0.6666666666666666}",12,0.4030793921536144,,,[],,v2.0,0.7,0.3
S4_water_partial,360,360,6549597326996596826,scenario=S4_water_partial|method=both|duration=0|theta=0.300000|delta_threshold=0.100000|A=v2.0|w=na|run_id=360|seed=6549597326996596826,False,"{""step_1_amount"": 0.4274693260310025}",033832c9a51598bd69064fc3910037f6fde292830c04f0066e6d9779dc60f4ca,0.38314666666666675,0.5224090747959972,0.13926240812933044,9,0.0,0.0,0.38314666666666675,0.5224090747959972,0,0,0.13926240812933044,"{""energy"": 0.6666666666666667, ""water"": 0.05493333333333334, ""transport"": 0.33333333333333337}","{""energy"": 0.758962345703746, ""water"": 0.3392699908720865, ""transport"": 0.39014379750957623}","{""energy"": 0.09229567903707925, ""water"": 0.28433665753875315, ""transport"": 0.05681046417624286}","{""energy"": 0.0, ""water"": 0.0, ""transport"": 0.0}","{""energy"": 0.0, ""water"": 0.0, ""transport"": 0.0}","{""energy"": 0.0, ""water"": 0.0, ""transport"": 0.0}",0.3,0.1,,0.38314666666666675,1.0,0.6168533333333333,1,"{""energy"": 0.6666666666666667, ""water"": 0.05493333333333334, ""transport"": 0.33333333333333337}","{""energy"": 1.0, ""water"": 1.0, ""transport"": 1.0}","{""energy"": 0.33333333333333326, ""water"": 0.9450666666666666, ""transport"": 0.6666666666666666}",9,0.5224090747959972,,,[],,v2.0,0.7,0.3
S4_water_partial,361,361,10013109524773154426,scenario=S4_water_partial|method=both|duration=0|theta=0.300000|delta_threshold=0.100000|A=v2.0|w=na|run_id=361|seed=10013109524773154426,False,"{""step_1_amount"": 0.5810041066941067}",033832c9a51598bd69064fc3910037f6fde292830c04f0066e6d9779dc60f4ca,0.38314666666666675,0.6164069058874663,0.23326023922079953,10,0.0,0.0,0.38314666666666675,0.6164069058874663,0,1,0.23326023922079953,"{""energy"": 0.6666666666666667, ""water"": 0.05493333333333334, ""transport"": 0.33333333333333337}","{""energy"": 0.8212590829578006, ""water"": 0.5311884667009669, ""transport"": 0.42848910898018655}","{""energy"": 0.15459241629113385, ""water"": 0.47625513336763353, ""transport"": 0.09515577564685318}","{""energy"": 0.0, ""water"": 0.0, ""transport"": 0.0}","{""energy"": 0.0, ""water"": 0.0, ""transport"": 0.0}","{""energy"": 0.0, ""water"": 0.0, ""transport"": 0.0}",0.3,0.1,,0.38314666666666675,1.0,0.6168533333333333,1,"{""energy"": 0.6666666666666667, ""water"": 0.05493333333333334, ""transport"": 0.33333333333333337}","{""energy"": 1.0, ""water"": 1.0, ""transport"": 1.0}","{""energy"": 0.33333333333333326, ""water"": 0.9450666666666666, ""transport"": 0.6666666666666666}",7,0.6164069058874663,,,[],,v2.0,0.7,0.3
S4_water_partial,362,362,17834762237098344704,scenario=S4_water_partial|method=both|duration=0|theta=0.300000|delta_threshold=0.100000|A=v2.0|w=na|run_id=362|seed=17834762237098344704,False,"{""step_1_amount"": 0.4848893321002221}",033832c9a51598bd69064fc3910037f6fde292830c04f0066e6d9779dc60f4ca,0.38314666666666675,0.5575630380117252,0.1744163713450585,10,0.0,0.0,0.38314666666666675,0.5575630380117252,0,1,0.1744163713450585,"{""energy"": 0.6666666666666667, ""water"": 0.05493333333333334, ""transport"": 0.33333333333333337}","{""energy"": 0.7822605131663319, ""water"": 0.4110449984586111, ""transport"": 0.4044844440253639}","{""energy"": 0.1155938464996652, ""water"": 0.35611166512527775, ""transport"": 0.0711511106920305}","{""energy"": 0.0, ""water"": 0.0, ""transport"": 0.0}","{""energy"": 0.0, ""water"": 0.0, ""transport"": 0.0}","{""energy"": 0.0, ""water"": 0.0, ""transport"": 0.0}",0.3,0.1,,0.38314666666666675,1.0,0.6168533333333333,1,"{""energy"": 0.6666666666666667, ""water"": 0.05493333333333334, ""transport"": 0.33333333333333337}","{""energy"": 1.0, ""water"": 1.0, ""transport"": 1.0}","{""energy"": 0.33333333333333326, ""water"": 0.9450666666666666, ""transport"": 0.6666666666666666}",9,0.5575630380117252,,,[],,v2.0,0.7,0.3
S4_water_partial,363,363,4098279891872639821,scenario=S4_water_partial|method=both|duration=0|theta=0.300000|delta_threshold=0.100000|A=v2.0|w=na|run_id=363|seed=4098279891872639821,False,"{""step_1_amount"": 0.5623413478134484}",033832c9a51598bd69064fc3910037f6fde292830c04f0066e6d9779dc60f4ca,0.38314666666666675,0.6049810983317552,0.22183443166508843,21,0.0,0.0,0.38314666666666675,0.6049810983317552,0,1,0.22183443166508843,"{""energy"": 0.6666666666666667, ""water"": 0.05493333333333334, ""transport"": 0.33333333333333337}","{""energy"": 0.8136866685419735, ""water"": 0.5078600181001438, ""transport"": 0.4238280849497421}","{""energy"": 0.14702000187530673, ""water"": 0.4529266847668105, ""transport"": 0.09049475161640874}","{""energy"": 0.0, ""water"": 0.0, ""transport"": 0.0}","{""energy"": 0.0, ""water"": 0.0, ""transport"": 0.0}","{""energy"": 0.0, ""water"": 0.0, ""transport"": 0.0}",0.3,0.1,,0.38314666666666675,1.0,0.6168533333333333,1,"{""energy"": 0.6666666666666667, ""water"": 0.05493333333333334, ""transport"": 0.33333333333333337}","{""energy"": 1.0, ""water"": 1.0, ""transport"": 1.0}","{""energy"": 0.33333333333333326, ""water"": 0.9450666666666666, ""transport"": 0.6666666666666666}",8,0.6049810983317552,,,[],,v2.0,0.7,0.3
S4_water_partial,364,364,13886881316626438498,scenario=S4_water_partial|method=both|duration=0|theta=0.300000|delta_threshold=0.100000|A=v2.0|w=na|run_id=364|seed=13886881316626438498,False,"{""step_1_amount"": 0.3894748876094151}",033832c9a51598bd69064fc3910037f6fde292830c04f0066e6d9779dc60f4ca,0.38314666666666675,0.49914792973334093,0.11600126306667419,7,0.0,0.0,0.38314666666666675,0.49914792973334093,0,0,0.11600126306667419,"{""energy"": 0.6666666666666667, ""water"": 0.05493333333333334, ""transport"": 0.33333333333333337}","{""energy"": 0.7435461023141869, ""water"": 0.29177694284510236, ""transport"": 0.3806546865137848}","{""energy"": 0.0768794356475202, ""water"": 0.23684360951176903, ""transport"": 0.04732135318045144}","{""energy"": 0.0, ""water"": 0.0, ""transport"": 0.0}","{""energy"": 0.0, ""water"": 0.0, ""transport"": 0.0}","{""energy"": 0.0, ""water"": 0.0, ""transport"": 0.0}",0.3,0.1,,0.38314666666666675,1.0,0.6168533333333333,1,"{""energy"": 0.6666666666666667, ""water"": 0.05493333333333334, ""transport"": 0.33333333333333337}","{""energy"": 1.0, ""water"": 1.0, ""transport"": 1.0}","{""energy"": 0.33333333333333326, ""water"": 0.9450666666666666, ""transport"": 0.6666666666666666}",10,0.49914792973334093,,,[],,v2.0,0.7,0.3
S4_water_partial,365,365,11573155421186765285,scenario=S4_water_partial|method=both|duration=0|theta=0.300000|delta_threshold=0.100000|A=v2.0|w=na|run_id=365|seed=11573155421186765285,False,"{""step_1_amount"": 0.35775313921781476}",033832c9a51598bd69064fc3910037f6fde292830c04f0066e6d9779dc60f4ca,0.38314666666666675,0.47972708232429334,0.0965804156576266,16,0.0,0.0,0.38314666666666675,0.47972708232429334,0,0,0.0965804156576266,"{""energy"": 0.6666666666666667, ""water"": 0.05493333333333334, ""transport"": 0.33333333333333337}","{""energy"": 0.7306750029042951, ""water"": 0.25212475735560186, ""transport"": 0.3727321798529826}","{""energy"": 0.06400833623762836, ""water"": 0.19719142402226852, ""transport"": 0.039398846519649255}","{""energy"": 0.0, ""water"": 0.0, ""transport"": 0.0}","{""energy"": 0.0, ""water"": 0.0, ""transport"": 0.0}","{""energy"": 0.0, ""water"": 0.0, ""transport"": 0.0}",0.3,0.1,,0.38314666666666675,1.0,0.6168533333333333,1,"{""energy"": 0.6666666666666667, ""water"": 0.05493333333333334, ""transport"": 0.33333333333333337}","{""energy"": 1.0, ""water"": 1.0, ""transport"": 1.0}","{""energy"": 0.33333333333333326, ""water"": 0.9450666666666666, ""transport"": 0.6666666666666666}",10,0.47972708232429334,,,[],,v2.0,0.7,0.3
S4_water_partial,366,366,14839698546922449757,scenario=S4_water_partial|method=both|duration=0|theta=0.300000|delta_threshold=0.100000|A=v2.0|w=na|run_id=366|seed=14839698546922449757,False,"{""step_1_amount"": 0.2997662577352738}",033832c9a51598bd69064fc3910037f6fde292830c04f0066e6d9779dc60f4ca,0.38314666666666675,0.44422606380864477,0.06107939714197802,11,0.0,0.0,0.38314666666666675,0.44422606380864477,0,0,0.06107939714197802,"{""energy"": 0.6666666666666667, ""water"": 0.05493333333333334, ""transport"": 0.33333333333333337}","{""energy"": 0.7071468257427541, ""water"": 0.17964115550242563, ""transport"": 0.358249956202718}","{""energy"": 0.040480159076087374, ""water"": 0.12470782216909229, ""transport"": 0.02491662286938462}","{""energy"": 0.0, ""water"": 0.0, ""transport"": 0.0}","{""energy"": 0.0, ""water"": 0.0, ""transport"": 0.0}","{""energy"": 0.0, ""water"": 0.0, ""transport"": 0.0}",0.3,0.1,,0.38314666666666675,1.0,0.6168533333333333,1,"{""energy"": 0.6666666666666667, ""water"": 0.05493333333333334, ""transport"": 0.33333333333333337}","{""energy"": 1.0, ""water"": 1.0, ""transport"": 1.0}","{""energy"": 0.33333333333333326, ""water"": 0.9450666666666666, ""transport"": 0.6666666666666666}",11,0.44422606380864477,,,[],,v2.0,0.7,0.3
S4_water_partial,367,367,15012826816764132732,scenario=S4_water_partial|method=both|duration=0|theta=0.300000|delta_threshold=0.100000|A=v2.0|w=na|run_id=367|seed=15012826816764132732,False,"{""step_1_amount"": 0.5148542222368903}",033832c9a51598bd69064fc3910037f6fde292830c04f0066e6d9779dc60f4ca,0.38314666666666675,0.5759082928756468,0.19276162620898007,9,0.0,0.0,0.38314666666666675,0.5759082928756468,0,1,0.19276162620898007,"{""energy"": 0.6666666666666667, ""water"": 0.05493333333333334, ""transport"": 0.33333333333333337}","{""energy"": 0.794418767339285, ""water"": 0.44850111112944613, ""transport"": 0.4119681753369967}","{""energy"": 0.12775210067261822, ""water"": 0.3935677777961128, ""transport"": 0.07863484200366333}","{""energy"": 0.0, ""water"": 0.0, ""transport"": 0.0}","{""energy"": 0.0, ""water"": 0.0, ""transport"": 0.0}","{""energy"": 0.0, ""water"": 0.0, ""transport"": 0.0}",0.3,0.1,,0.38314666666666675,1.0,0.6168533333333333,1,"{""energy"": 0.6666666666666667, ""water"": 0.05493333333333334, ""transport"": 0.33333333333333337}","{""energy"": 1.0, ""water"": 1.0, ""transport"": 1.0}","{""energy"": 0.33333333333333326, ""water"": 0.9450666666666666, ""transport"": 0.6666666666666666}",8,0.5759082928756468,,,[],,v2.0,0.7,0.3
S4_water_partial,368,368,5059074180652619777,scenario=S4_water_partial|method=both|duration=0|theta=0.300000|delta_threshold=0.100000|A=v2.0|w=na|run_id=368|seed=5059074180652619777,False,"{""step_1_amount"": 0.44262077388888627}",033832c9a51598bd69064fc3910037f6fde292830c04f0066e6d9779dc60f4ca,0.38314666666666675,0.5316851699607902,0.14853850329412344,12,0.0,0.0,0.38314666666666675,0.5316851699607902,0,0,0.14853850329412344,"{""energy"": 0.6666666666666667, ""water"": 0.05493333333333334, ""transport"": 0.33333333333333337}","{""energy"": 0.7651100456720824, ""water"": 0.35820930069444124, ""transport"": 0.39392787161208276}","{""energy"": 0.09844337900541567, ""water"": 0.3032759673611079, ""transport"": 0.06059453827874939}","{""energy"": 0.0, ""water"": 0.0, ""transport"": 0.0}","{""energy"": 0.0, ""water"": 0.0, ""transport"": 0.0}","{""energy"": 0.0, ""water"": 0.0, ""transport"": 0.0}",0.3,0.1,,0.38314666666666675,1.0,0.6168533333333333,1,"{""energy"": 0.6666666666666667, ""water"": 0.05493333333333334, ""transport"": 0.33333333333333337}","{""energy"": 1.0, ""water"": 1.0, ""transport"": 1.0}","{""energy"": 0.33333333333333326, ""water"": 0.9450666666666666, ""transport"": 0.6666666666666666}",9,0.5316851699607902,,,[],,v2.0,0.7,0.3
S4_water_partial,369,369,12683643980706919120,scenario=S4_water_partial|method=both|duration=0|theta=0.300000|delta_threshold=0.100000|A=v2.0|w=na|run_id=369|seed=12683643980706919120,False,"{""step_1_amount"": 0.9033587690396124}",033832c9a51598bd69064fc3910037f6fde292830c04f0066e6d9779dc60f4ca,0.38314666666666675,0.8137604890419433,0.43061382237527657,6,0.0,1.0,0.38314666666666675,0.8137604890419433,1,1,0.43061382237527657,"{""energy"": 0.6666666666666667, ""water"": 0.05493333333333334, ""transport"": 0.33333333333333337}","{""energy"": 0.9520544872044895, ""water"": 0.9341317946328489, ""transport"": 0.5089971859009765}","{""energy"": 0.28538782053782275, ""water"": 0.8791984612995155, ""transport"": 0.17566385256764316}","{""energy"": 0.0, ""water"": 0.0, ""transport"": 0.0}","{""energy"": 1.0, ""water"": 1.0, ""transport"": 1.0}","{""energy"": 1.0, ""water"": 1.0, ""transport"": 1.0}",0.3,0.1,,0.38314666666666675,1.0,0.6168533333333333,1,"{""energy"": 0.6666666666666667, ""water"": 0.05493333333333334, ""transport"": 0.33333333333333337}","{""energy"": 1.0, ""water"": 1.0, ""transport"": 1.0}","{""energy"": 0.33333333333333326, ""water"": 0.9450666666666666, ""transport"": 0.6666666666666666}",3,0.8137604890419433,,,"[""energy"", ""transport""]",1,v2.0,0.7,0.3
S4_water_partial,370,370,7804706905345518127,scenario=S4_water_partial|method=both|duration=0|theta=0.300000|delta_threshold=0.100000|A=v2.0|w=na|run_id=370|seed=7804706905345518127,False,"{""step_1_amount"": 0.4013817470497878}",033832c9a51598bd69064fc3910037f6fde292830c04f0066e6d9779dc60f4ca,0.38314666666666675,0.506437606754223,0.12329094008755626,6,0.0,0.0,0.38314666666666675,0.506437606754223,0,0,0.12329094008755626,"{""energy"": 0.6666666666666667, ""water"": 0.05493333333333334, ""transport"": 0.33333333333333337}","{""energy"": 0.7483773105321181, ""water"": 0.3066605171455681, ""transport"": 0.38362842465901786}","{""energy"": 0.08171064386545135, ""water"": 0.25172718381223474, ""transport"": 0.05029509132568449}","{""energy"": 0.0, ""water"": 0.0, ""transport"": 0.0}","{""energy"": 0.0, ""water"": 0.0, ""transport"": 0.0}","{""energy"": 0.0, ""water"": 0.0, ""transport"": 0.0}",0.3,0.1,,0.38314666666666675,1.0,0.6168533333333333,1,"{""energy"": 0.6666666666666667, ""water"": 0.05493333333333334, ""transport"": 0.33333333333333337}","{""energy"": 1.0, ""water"": 1.0, ""transport"": 1.0}","{""energy"": 0.33333333333333326, ""water"": 0.9450666666666666, ""transport"": 0.6666666666666666}",10,0.506437606754223,,,[],,v2.0,0.7,0.3
S4_water_partial,371,371,822912396406308867,scenario=S4_water_partial|method=both|duration=0|theta=0.300000|delta_threshold=0.100000|A=v2.0|w=na|run_id=371|seed=822912396406308867,False,"{""step_1_amount"": 0.3458302559405741}",033832c9a51598bd69064fc3910037f6fde292830c04f0066e6d9779dc60f4ca,0.38314666666666675,0.47242759510988463,0.08928092844321789,23,0.0,0.0,0.38314666666666675,0.47242759510988463,0,0,0.08928092844321789,"{""energy"": 0.6666666666666667, ""water"": 0.05493333333333334, ""transport"": 0.33333333333333337}","{""energy"": 0.7258372930145547, ""water"": 0.23722115325905088, ""transport"": 0.36975443975449174}","{""energy"": 0.059170626347887945, ""water"": 0.18228781992571755, ""transport"": 0.03642110642115837}","{""energy"": 0.0, ""water"": 0.0, ""transport"": 0.0}","{""energy"": 0.0, ""water"": 0.0, ""transport"": 0.0}","{""energy"": 0.0, ""water"": 0.0, ""transport"": 0.0}",0.3,0.1,,0.38314666666666675,1.0,0.6168533333333333,1,"{""energy"": 0.6666666666666667, ""water"": 0.05493333333333334, ""transport"": 0.33333333333333337}","{""energy"": 1.0, ""water"": 1.0, ""transport"": 1.0}","{""energy"": 0.33333333333333326, ""water"": 0.9450666666666666, ""transport"": 0.6666666666666666}",10,0.47242759510988463,,,[],,v2.0,0.7,0.3
S4_water_partial,372,372,2143122553018319664,scenario=S4_water_partial|method=both|duration=0|theta=0.300000|delta_threshold=0.100000|A=v2.0|w=na|run_id=372|seed=2143122553018319664,False,"{""step_1_amount"": 0.5638760484899854}",033832c9a51598bd69064fc3910037f6fde292830c04f0066e6d9779dc60f4ca,0.38314666666666675,0.605920680453448,0.2227740137867813,27,0.0,0.0,0.38314666666666675,0.605920680453448,0,1,0.2227740137867813,"{""energy"": 0.6666666666666667, ""water"": 0.05493333333333334, ""transport"": 0.33333333333333337}","{""energy"": 0.8143093733414783, ""water"": 0.509778393945815, ""transport"": 0.4242113764437072}","{""energy"": 0.1476427066748116, ""water"": 0.4548450606124817, ""transport"": 0.09087804311037384}","{""energy"": 0.0, ""water"": 0.0, ""transport"": 0.0}","{""energy"": 0.0, ""water"": 0.0, ""transport"": 0.0}","{""energy"": 0.0, ""water"": 0.0, ""transport"": 0.0}",0.3,0.1,,0.38314666666666675,1.0,0.6168533333333333,1,"{""energy"": 0.6666666666666667, ""water"": 0.05493333333333334, ""transport"": 0.33333333333333337}","{""energy"": 1.0, ""water"": 1.0, ""transport"": 1.0}","{""energy"": 0.33333333333333326, ""water"": 0.9450666666666666, ""transport"": 0.6666666666666666}",8,0.605920680453448,,,[],,v2.0,0.7,0.3
S4_water_partial,373,373,8412405877819800045,scenario=S4_water_partial|method=both|duration=0|theta=0.300000|delta_threshold=0.100000|A=v2.0|w=na|run_id=373|seed=8412405877819800045,False,"{""step_1_amount"": 0.45297601385563746}",033832c9a51598bd69064fc3910037f6fde292830c04f0066e6d9779dc60f4ca,0.38314666666666675,0.5380249067494344,0.15487824008276763,12,0.0,0.0,0.38314666666666675,0.5380249067494344,0,1,0.15487824008276763,"{""energy"": 0.6666666666666667, ""water"": 0.05493333333333334, ""transport"": 0.33333333333333337}","{""energy"": 0.7693116842885916, ""water"": 0.3711533506528802, ""transport"": 0.3965140927937788}","{""energy"": 0.1026450176219249, ""water"": 0.31622001731954685, ""transport"": 0.06318075946044543}","{""energy"": 0.0, ""water"": 0.0, ""transport"": 0.0}","{""energy"": 0.0, ""water"": 0.0, ""transport"": 0.0}","{""energy"": 0.0, ""water"": 0.0, ""transport"": 0.0}",0.3,0.1,,0.38314666666666675,1.0,0.6168533333333333,1,"{""energy"": 0.6666666666666667, ""water"": 0.05493333333333334, ""transport"": 0.33333333333333337}","{""energy"": 1.0, ""water"": 1.0, ""transport"": 1.0}","{""energy"": 0.33333333333333326, ""water"": 0.9450666666666666, ""transport"": 0.6666666666666666}",9,0.5380249067494344,,,[],,v2.0,0.7,0.3
S4_water_partial,374,374,9850855318936851616,scenario=S4_water_partial|method=both|duration=0|theta=0.300000|delta_threshold=0.100000|A=v2.0|w=na|run_id=374|seed=9850855318936851616,False,"{""step_1_amount"": 0.2856582687087782}",033832c9a51598bd69064fc3910037f6fde292830c04f0066e6d9779dc60f4ca,0.38314666666666675,0.43558880022689844,0.052442133560231696,13,0.0,0.0,0.38314666666666675,0.43558880022689844,0,0,0.052442133560231696,"{""energy"": 0.6666666666666667, ""water"": 0.05493333333333334, ""transport"": 0.33333333333333337}","{""energy"": 0.7014225091952535, ""water"": 0.1620061692193061, ""transport"": 0.3547264859433507}","{""energy"": 0.03475584252858677, ""water"": 0.10707283588597277, ""transport"": 0.02139315261001734}","{""energy"": 0.0, ""water"": 0.0, ""transport"": 0.0}","{""energy"": 0.0, ""water"": 0.0, ""transport"": 0.0}","{""energy"": 0.0, ""water"": 0.0, ""transport"": 0.0}",0.3,0.1,,0.38314666666666675,1.0,0.6168533333333333,1,"{""energy"": 0.6666666666666667, ""water"": 0.05493333333333334, ""transport"": 0.33333333333333337}","{""energy"": 1.0, ""water"": 1.0, ""transport"": 1.0}","{""energy"": 0.33333333333333326, ""water"": 0.9450666666666666, ""transport"": 0.6666666666666666}",11,0.43558880022689844,,,[],,v2.0,0.7,0.3
S4_water_partial,375,375,8180471704716393528,scenario=S4_water_partial|method=both|duration=0|theta=0.300000|delta_threshold=0.100000|A=v2.0|w=na|run_id=375|seed=8180471704716393528,False,"{""step_1_amount"": 0.33244808617107147}",033832c9a51598bd69064fc3910037f6fde292830c04f0066e6d9779dc60f4ca,0.38314666666666675,0.464234696222751,0.08108802955608424,5,0.0,0.0,0.38314666666666675,0.464234696222751,0,0,0.08108802955608424,"{""energy"": 0.6666666666666667, ""water"": 0.05493333333333334, ""transport"": 0.33333333333333337}","{""energy"": 0.720407477630579, ""water"": 0.22049344104717272, ""transport"": 0.3664122428545585}","{""energy"": 0.053740810963912256, ""water"": 0.1655601077138394, ""transport"": 0.03307890952122511}","{""energy"": 0.0, ""water"": 0.0, ""transport"": 0.0}","{""energy"": 0.0, ""water"": 0.0, ""transport"": 0.0}","{""energy"": 0.0, ""water"": 0.0, ""transport"": 0.0}",0.3,0.1,,0.38314666666666675,1.0,0.6168533333333333,1,"{""energy"": 0.6666666666666667, ""water"": 0.05493333333333334, ""transport"": 0.33333333333333337}","{""energy"": 1.0, ""water"": 1.0, ""transport"": 1.0}","{""energy"": 0.33333333333333326, ""water"": 0.9450666666666666, ""transport"": 0.6666666666666666}",11,0.464234696222751,,,[],,v2.0,0.7,0.3
S4_water_partial,376,376,6296379854492106034,scenario=S4_water_partial|method=both|duration=0|theta=0.300000|delta_threshold=0.100000|A=v2.0|w=na|run_id=376|seed=6296379854492106034,False,"{""step_1_amount"": 0.3647731253092767}",033832c9a51598bd69064fc3910037f6fde292830c04f0066e6d9779dc60f4ca,0.38314666666666675,0.48402489330913867,0.10087822664247192,19,0.0,0.0,0.38314666666666675,0.48402489330913867,0,0,0.10087822664247192,"{""energy"": 0.6666666666666667, ""water"": 0.05493333333333334, ""transport"": 0.33333333333333337}","{""energy"": 0.7335233622609058, ""water"": 0.2608997399699292, ""transport"": 0.3744854213793252}","{""energy"": 0.06685669559423901, ""water"": 0.20596640663659588, ""transport"": 0.04115208804599185}","{""energy"": 0.0, ""water"": 0.0, ""transport"": 0.0}","{""energy"": 0.0, ""water"": 0.0, ""transport"": 0.0}","{""energy"": 0.0, ""water"": 0.0, ""transport"": 0.0}",0.3,0.1,,0.38314666666666675,1.0,0.6168533333333333,1,"{""energy"": 0.6666666666666667, ""water"": 0.05493333333333334, ""transport"": 0.33333333333333337}","{""energy"": 1.0, ""water"": 1.0, ""transport"": 1.0}","{""energy"": 0.33333333333333326, ""water"": 0.9450666666666666, ""transport"": 0.6666666666666666}",10,0.48402489330913867,,,[],,v2.0,0.7,0.3
S4_water_partial,377,377,7692570012796866977,scenario=S4_water_partial|method=both|duration=0|theta=0.300000|delta_threshold=0.100000|A=v2.0|w=na|run_id=377|seed=7692570012796866977,False,"{""step_1_amount"": 0.28599398154151445}",033832c9a51598bd69064fc3910037f6fde292830c04f0066e6d9779dc60f4ca,0.38314666666666675,0.43579433201592044,0.05264766534925369,15,0.0,0.0,0.38314666666666675,0.43579433201592044,0,0,0.05264766534925369,"{""energy"": 0.6666666666666667, ""water"": 0.05493333333333334, ""transport"": 0.33333333333333337}","{""energy"": 0.7015587246771362, ""water"": 0.16242581026022643, ""transport"": 0.3548103302233266}","{""energy"": 0.03489205801046946, ""water"": 0.1074924769268931, ""transport"": 0.021476996889993216}","{""energy"": 0.0, ""water"": 0.0, ""transport"": 0.0}","{""energy"": 0.0, ""water"": 0.0, ""transport"": 0.0}","{""energy"": 0.0, ""water"": 0.0, ""transport"": 0.0}",0.3,0.1,,0.38314666666666675,1.0,0.6168533333333333,1,"{""energy"": 0.6666666666666667, ""water"": 0.05493333333333334, ""transport"": 0.33333333333333337}","{""energy"": 1.0, ""water"": 1.0, ""transport"": 1.0}","{""energy"": 0.33333333333333326, ""water"": 0.9450666666666666, ""transport"": 0.6666666666666666}",11,0.43579433201592044,,,[],,v2.0,0.7,0.3
S4_water_partial,378,378,2159574120019709568,scenario=S4_water_partial|method=both|duration=0|theta=0.300000|delta_threshold=0.100000|A=v2.0|w=na|run_id=378|seed=2159574120019709568,False,"{""step_1_amount"": 0.280424187292618}",033832c9a51598bd69064fc3910037f6fde292830c04f0066e6d9779dc60f4ca,0.38314666666666675,0.43238436473188974,0.04923769806522299,22,0.0,0.0,0.38314666666666675,0.43238436473188974,0,0,0.04923769806522299,"{""energy"": 0.6666666666666667, ""water"": 0.05493333333333334, ""transport"": 0.33333333333333337}","{""energy"": 0.6992987806606464, ""water"": 0.15546356744910578, ""transport"": 0.3534192741096647}","{""energy"": 0.032632113993979694, ""water"": 0.10053023411577244, ""transport"": 0.020085940776331357}","{""energy"": 0.0, ""water"": 0.0, ""transport"": 0.0}","{""energy"": 0.0, ""water"": 0.0, ""transport"": 0.0}","{""energy"": 0.0, ""water"": 0.0, ""transport"": 0.0}",0.3,0.1,,0.38314666666666675,1.0,0.6168533333333333,1,"{""energy"": 0.6666666666666667, ""water"": 0.05493333333333334, ""transport"": 0.33333333333333337}","{""energy"": 1.0, ""water"": 1.0, ""transport"": 1.0}","{""energy"": 0.33333333333333326, ""water"": 0.9450666666666666, ""transport"": 0.6666666666666666}",11,0.43238436473188974,,,[],,v2.0,0.7,0.3
S4_water_partial,379,379,15018333800550573044,scenario=S4_water_partial|method=both|duration=0|theta=0.300000|delta_threshold=0.100000|A=v2.0|w=na|run_id=379|seed=15018333800550573044,False,"{""step_1_amount"": 0.4469800219479216}",033832c9a51598bd69064fc3910037f6fde292830c04f0066e6d9779dc60f4ca,0.38314666666666675,0.534354010603733,0.15120734393706625,13,0.0,0.0,0.38314666666666675,0.534354010603733,0,1,0.15120734393706625,"{""energy"": 0.6666666666666667, ""water"": 0.05493333333333334, ""transport"": 0.33333333333333337}","{""energy"": 0.7668788105720359, ""water"": 0.3636583607682354, ""transport"": 0.3950165938148268}","{""energy"": 0.10021214390536914, ""water"": 0.30872502743490204, ""transport"": 0.06168326048149342}","{""energy"": 0.0, ""water"": 0.0, ""transport"": 0.0}","{""energy"": 0.0, ""water"": 0.0, ""transport"": 0.0}","{""energy"": 0.0, ""water"": 0.0, ""transport"": 0.0}",0.3,0.1,,0.38314666666666675,1.0,0.6168533333333333,1,"{""energy"": 0.6666666666666667, ""water"": 0.05493333333333334, ""transport"": 0.33333333333333337}","{""energy"": 1.0, ""water"": 1.0, ""transport"": 1.0}","{""energy"": 0.33333333333333326, ""water"": 0.9450666666666666, ""transport"": 0.6666666666666666}",9,0.534354010603733,,,[],,v2.0,0.7,0.3
S4_water_partial,380,380,14744257246901587938,scenario=S4_water_partial|method=both|duration=0|theta=0.300000|delta_threshold=0.100000|A=v2.0|w=na|run_id=380|seed=14744257246901587938,False,"{""step_1_amount"": 0.22363731485656518}",033832c9a51598bd69064fc3910037f6fde292830c04f0066e6d9779dc60f4ca,0.38314666666666675,0.39761802175472727,0.014471355088060522,16,0.0,0.0,0.38314666666666675,0.39761802175472727,0,0,0.014471355088060522,"{""energy"": 0.6666666666666667, ""water"": 0.05493333333333334, ""transport"": 0.33333333333333337}","{""energy"": 0.676257507169718, ""water"": 0.08447997690403974, ""transport"": 0.3392367527187605}","{""energy"": 0.009590840503051257, ""water"": 0.029546643570706403, ""transport"": 0.0059034193854271555}","{""energy"": 0.0, ""water"": 0.0, ""transport"": 0.0}","{""energy"": 0.0, ""water"": 0.0, ""transport"": 0.0}","{""energy"": 0.0, ""water"": 0.0, ""transport"": 0.0}",0.3,0.1,,0.38314666666666675,1.0,0.6168533333333333,1,"{""energy"": 0.6666666666666667, ""water"": 0.05493333333333334, ""transport"": 0.33333333333333337}","{""energy"": 1.0, ""water"": 1.0, ""transport"": 1.0}","{""energy"": 0.33333333333333326, ""water"": 0.9450666666666666, ""transport"": 0.6666666666666666}",12,0.39761802175472727,,,[],,v2.0,0.7,0.3
S4_water_partial,381,381,2216302561504073020,scenario=S4_water_partial|method=both|duration=0|theta=0.300000|delta_threshold=0.100000|A=v2.0|w=na|run_id=381|seed=2216302561504073020,False,"{""step_1_amount"": 0.3897521640695608}",033832c9a51598bd69064fc3910037f6fde292830c04f0066e6d9779dc60f4ca,0.38314666666666675,0.49931768531415366,0.11617101864748691,10,0.0,0.0,0.38314666666666675,0.49931768531415366,0,0,0.11617101864748691,"{""energy"": 0.6666666666666667, ""water"": 0.05493333333333334, ""transport"": 0.33333333333333337}","{""energy"": 0.743658607237891, ""water"": 0.29212353842028443, ""transport"": 0.3807239363097062}","{""energy"": 0.07699194057122427, ""water"": 0.2371902050869511, ""transport"": 0.04739060297637282}","{""energy"": 0.0, ""water"": 0.0, ""transport"": 0.0}","{""energy"": 0.0, ""water"": 0.0, ""transport"": 0.0}","{""energy"": 0.0, ""water"": 0.0, ""transport"": 0.0}",0.3,0.1,,0.38314666666666675,1.0,0.6168533333333333,1,"{""energy"": 0.6666666666666667, ""water"": 0.05493333333333334, ""transport"": 0.33333333333333337}","{""energy"": 1.0, ""water"": 1.0, ""transport"": 1.0}","{""energy"": 0.33333333333333326, ""water"": 0.9450666666666666, ""transport"": 0.6666666666666666}",10,0.49931768531415366,,,[],,v2.0,0.7,0.3
S4_water_partial,382,382,9015486847163859709,scenario=S4_water_partial|method=both|duration=0|theta=0.300000|delta_threshold=0.100000|A=v2.0|w=na|run_id=382|seed=9015486847163859709,False,"{""step_1_amount"": 0.43652383579517945}",033832c9a51598bd69064fc3910037f6fde292830c04f0066e6d9779dc60f4ca,0.38314666666666675,0.5279524720363704,0.14480580536970367,6,0.0,0.0,0.38314666666666675,0.5279524720363704,0,0,0.14480580536970367,"{""energy"": 0.6666666666666667, ""water"": 0.05493333333333334, ""transport"": 0.33333333333333337}","{""energy"": 0.7626362130405607, ""water"": 0.35058812807730755, ""transport"": 0.39240516132317943}","{""energy"": 0.09596954637389399, ""water"": 0.2956547947439742, ""transport"": 0.05907182798984606}","{""energy"": 0.0, ""water"": 0.0, ""transport"": 0.0}","{""energy"": 0.0, ""water"": 0.0, ""transport"": 0.0}","{""energy"": 0.0, ""water"": 0.0, ""transport"": 0.0}",0.3,0.1,,0.38314666666666675,1.0,0.6168533333333333,1,"{""energy"": 0.6666666666666667, ""water"": 0.05493333333333334, ""transport"": 0.33333333333333337}","{""energy"": 1.0, ""water"": 1.0, ""transport"": 1.0}","{""energy"": 0.33333333333333326, ""water"": 0.9450666666666666, ""transport"": 0.6666666666666666}",9,0.5279524720363704,,,[],,v2.0,0.7,0.3
S4_water_partial,383,383,9275298997227992468,scenario=S4_water_partial|method=both|duration=0|theta=0.300000|delta_threshold=0.100000|A=v2.0|w=na|run_id=383|seed=9275298997227992468,False,"{""step_1_amount"": 0.4307082507211587}",033832c9a51598bd69064fc3910037f6fde292830c04f0066e6d9779dc60f4ca,0.38314666666666675,0.5243920254644281,0.14124535879776134,26,0.0,0.0,0.38314666666666675,0.5243920254644281,0,0,0.14124535879776134,"{""energy"": 0.6666666666666667, ""water"": 0.05493333333333334, ""transport"": 0.33333333333333337}","{""energy"": 0.7602765393967769, ""water"": 0.34331864673478174, ""transport"": 0.39095271895094275}","{""energy"": 0.09360987273011012, ""water"": 0.2883853134014484, ""transport"": 0.057619385617609375}","{""energy"": 0.0, ""water"": 0.0, ""transport"": 0.0}","{""energy"": 0.0, ""water"": 0.0, ""transport"": 0.0}","{""energy"": 0.0, ""water"": 0.0, ""transport"": 0.0}",0.3,0.1,,0.38314666666666675,1.0,0.6168533333333333,1,"{""energy"": 0.6666666666666667, ""water"": 0.05493333333333334, ""transport"": 0.33333333333333337}","{""energy"": 1.0, ""water"": 1.0, ""transport"": 1.0}","{""energy"": 0.33333333333333326, ""water"": 0.9450666666666666, ""transport"": 0.6666666666666666}",9,0.5243920254644281,,,[],,v2.0,0.7,0.3
S4_water_partial,384,384,474729357118881255,scenario=S4_water_partial|method=both|duration=0|theta=0.300000|delta_threshold=0.100000|A=v2.0|w=na|run_id=384|seed=474729357118881255,False,"{""step_1_amount"": 0.502163859162284}",033832c9a51598bd69064fc3910037f6fde292830c04f0066e6d9779dc60f4ca,0.38314666666666675,0.5681389353422961,0.18499226867562935,7,0.0,0.0,0.38314666666666675,0.5681389353422961,0,1,0.18499226867562935,"{""energy"": 0.6666666666666667, ""water"": 0.05493333333333334, ""transport"": 0.33333333333333337}","{""energy"": 0.7892696525217635, ""water"": 0.4326381572861883, ""transport"": 0.4087987571591138}","{""energy"": 0.12260298585509677, ""water"": 0.377704823952855, ""transport"": 0.07546542382578042}","{""energy"": 0.0, ""water"": 0.0, ""transport"": 0.0}","{""energy"": 0.0, ""water"": 0.0, ""transport"": 0.0}","{""energy"": 0.0, ""water"": 0.0, ""transport"": 0.0}",0.3,0.1,,0.38314666666666675,1.0,0.6168533333333333,1,"{""energy"": 0.6666666666666667, ""water"": 0.05493333333333334, ""transport"": 0.33333333333333337}","{""energy"": 1.0, ""water"": 1.0, ""transport"": 1.0}","{""energy"": 0.33333333333333326, ""water"": 0.9450666666666666, ""transport"": 0.6666666666666666}",8,0.5681389353422961,,,[],,v2.0,0.7,0.3
S4_water_partial,385,385,4641073159431705504,scenario=S4_water_partial|method=both|duration=0|theta=0.300000|delta_threshold=0.100000|A=v2.0|w=na|run_id=385|seed=4641073159431705504,False,"{""step_1_amount"": 0.48776511390701877}",033832c9a51598bd69064fc3910037f6fde292830c04f0066e6d9779dc60f4ca,0.38314666666666675,0.5593236635283912,0.1761769968617245,16,0.0,0.0,0.38314666666666675,0.5593236635283912,0,1,0.1761769968617245,"{""energy"": 0.6666666666666667, ""water"": 0.05493333333333334, ""transport"": 0.33333333333333337}","{""energy"": 0.7834273616344396, ""water"": 0.4146397257171068, ""transport"": 0.4052026705316113}","{""energy"": 0.11676069496777286, ""water"": 0.35970639238377344, ""transport"": 0.07186933719827793}","{""energy"": 0.0, ""water"": 0.0, ""transport"": 0.0}","{""energy"": 0.0, ""water"": 0.0, ""transport"": 0.0}","{""energy"": 0.0, ""water"": 0.0, ""transport"": 0.0}",0.3,0.1,,0.38314666666666675,1.0,0.6168533333333333,1,"{""energy"": 0.6666666666666667, ""water"": 0.05493333333333334, ""transport"": 0.33333333333333337}","{""energy"": 1.0, ""water"": 1.0, ""transport"": 1.0}","{""energy"": 0.33333333333333326, ""water"": 0.9450666666666666, ""transport"": 0.6666666666666666}",9,0.5593236635283912,,,[],,v2.0,0.7,0.3
S4_water_partial,386,386,11078539558729450081,scenario=S4_water_partial|method=both|duration=0|theta=0.300000|delta_threshold=0.100000|A=v2.0|w=na|run_id=386|seed=11078539558729450081,False,"{""step_1_amount"": 0.17668822303119497}",033832c9a51598bd69064fc3910037f6fde292830c04f0066e6d9779dc60f4ca,0.38314666666666675,0.38314666666666675,0.0,20,0.0,0.0,0.38314666666666675,0.38314666666666675,0,0,0.0,"{""energy"": 0.6666666666666667, ""water"": 0.05493333333333334, ""transport"": 0.33333333333333337}","{""energy"": 0.6666666666666667, ""water"": 0.05493333333333334, ""transport"": 0.33333333333333337}","{""energy"": 0.0, ""water"": 0.0, ""transport"": 0.0}","{""energy"": 0.0, ""water"": 0.0, ""transport"": 0.0}","{""energy"": 0.0, ""water"": 0.0, ""transport"": 0.0}","{""energy"": 0.0, ""water"": 0.0, ""transport"": 0.0}",0.3,0.1,,0.38314666666666675,1.0,0.6168533333333333,1,"{""energy"": 0.6666666666666667, ""water"": 0.05493333333333334, ""transport"": 0.33333333333333337}","{""energy"": 1.0, ""water"": 1.0, ""transport"": 1.0}","{""energy"": 0.33333333333333326, ""water"": 0.9450666666666666, ""transport"": 0.6666666666666666}",13,0.38314666666666675,,,[],,v2.0,0.7,0.3
S4_water_partial,387,387,18211786409031190559,scenario=S4_water_partial|method=both|duration=0|theta=0.300000|delta_threshold=0.100000|A=v2.0|w=na|run_id=387|seed=18211786409031190559,False,"{""step_1_amount"": 0.2759649753771975}",033832c9a51598bd69064fc3910037f6fde292830c04f0066e6d9779dc60f4ca,0.38314666666666675,0.4296543237169715,0.04650765705030474,14,0.0,0.0,0.38314666666666675,0.4296543237169715,0,0,0.04650765705030474,"{""energy"": 0.6666666666666667, ""water"": 0.05493333333333334, ""transport"": 0.33333333333333337}","{""energy"": 0.6974894554259646, ""water"": 0.1498895525548303, ""transport"": 0.35230558593378847}","{""energy"": 0.030822788759297892, ""water"": 0.09495621922149697, ""transport"": 0.018972252600455097}","{""energy"": 0.0, ""water"": 0.0, ""transport"": 0.0}","{""energy"": 0.0, ""water"": 0.0, ""transport"": 0.0}","{""energy"": 0.0, ""water"": 0.0, ""transport"": 0.0}",0.3,0.1,,0.38314666666666675,1.0,0.6168533333333333,1,"{""energy"": 0.6666666666666667, ""water"": 0.05493333333333334, ""transport"": 0.33333333333333337}","{""energy"": 1.0, ""water"": 1.0, ""transport"": 1.0}","{""energy"": 0.33333333333333326, ""water"": 0.9450666666666666, ""transport"": 0.6666666666666666}",11,0.4296543237169715,,,[],,v2.0,0.7,0.3
S4_water_partial,388,388,7846211527280270223,scenario=S4_water_partial|method=both|duration=0|theta=0.300000|delta_threshold=0.100000|A=v2.0|w=na|run_id=388|seed=7846211527280270223,False,"{""step_1_amount"": 0.12116789563896466}",033832c9a51598bd69064fc3910037f6fde292830c04f0066e6d9779dc60f4ca,0.38314666666666675,0.38314666666666675,0.0,23,0.0,0.0,0.38314666666666675,0.38314666666666675,0,0,0.0,"{""energy"": 0.6666666666666667, ""water"": 0.05493333333333334, ""transport"": 0.33333333333333337}","{""energy"": 0.6666666666666667, ""water"": 0.05493333333333334, ""transport"": 0.33333333333333337}","{""energy"": 0.0, ""water"": 0.0, ""transport"": 0.0}","{""energy"": 0.0, ""water"": 0.0, ""transport"": 0.0}","{""energy"": 0.0, ""water"": 0.0, ""transport"": 0.0}","{""energy"": 0.0, ""water"": 0.0, ""transport"": 0.0}",0.3,0.1,,0.38314666666666675,1.0,0.6168533333333333,1,"{""energy"": 0.6666666666666667, ""water"": 0.05493333333333334, ""transport"": 0.33333333333333337}","{""energy"": 1.0, ""water"": 1.0, ""transport"": 1.0}","{""energy"": 0.33333333333333326, ""water"": 0.9450666666666666, ""transport"": 0.6666666666666666}",13,0.38314666666666675,,,[],,v2.0,0.7,0.3
S4_water_partial,389,389,453028508599060287,scenario=S4_water_partial|method=both|duration=0|theta=0.300000|delta_threshold=0.100000|A=v2.0|w=na|run_id=389|seed=453028508599060287,False,"{""step_1_amount"": 0.5854393560413081}",033832c9a51598bd69064fc3910037f6fde292830c04f0066e6d9779dc60f4ca,0.38314666666666675,0.6191222764190567,0.23597560975238996,5,0.0,0.0,0.38314666666666675,0.6191222764190567,0,1,0.23597560975238996,"{""energy"": 0.6666666666666667, ""water"": 0.05493333333333334, ""transport"": 0.33333333333333337}","{""energy"": 0.8230586853804276, ""water"": 0.5367325283849687, ""transport"": 0.4295968125046501}","{""energy"": 0.15639201871376085, ""water"": 0.4817991950516353, ""transport"": 0.09626347917131672}","{""energy"": 0.0, ""water"": 0.0, ""transport"": 0.0}","{""energy"": 0.0, ""water"": 0.0, ""transport"": 0.0}","{""energy"": 0.0, ""water"": 0.0, ""transport"": 0.0}",0.3,0.1,,0.38314666666666675,1.0,0.6168533333333333,1,"{""energy"": 0.6666666666666667, ""water"": 0.05493333333333334, ""transport"": 0.33333333333333337}","{""energy"": 1.0, ""water"": 1.0, ""transport"": 1.0}","{""energy"": 0.33333333333333326, ""water"": 0.9450666666666666, ""transport"": 0.6666666666666666}",7,0.6191222764190567,,,[],,v2.0,0.7,0.3
S4_water_partial,390,390,5931313198780653921,scenario=S4_water_partial|method=both|duration=0|theta=0.300000|delta_threshold=0.100000|A=v2.0|w=na|run_id=390|seed=5931313198780653921,False,"{""step_1_amount"": 0.493535409927925}",033832c9a51598bd69064fc3910037f6fde292830c04f0066e6d9779dc60f4ca,0.38314666666666675,0.5628563830097906,0.17970971634312383,27,0.0,0.0,0.38314666666666675,0.5628563830097906,0,1,0.17970971634312383,"{""energy"": 0.6666666666666667, ""water"": 0.05493333333333334, ""transport"": 0.33333333333333337}","{""energy"": 0.7857686592449223, ""water"": 0.4218525957432396, ""transport"": 0.4066438019628327}","{""energy"": 0.1191019925782556, ""water"": 0.36691926240990624, ""transport"": 0.0733104686294993}","{""energy"": 0.0, ""water"": 0.0, ""transport"": 0.0}","{""energy"": 0.0, ""water"": 0.0, ""transport"": 0.0}","{""energy"": 0.0, ""water"": 0.0, ""transport"": 0.0}",0.3,0.1,,0.38314666666666675,1.0,0.6168533333333333,1,"{""energy"": 0.6666666666666667, ""water"": 0.05493333333333334, ""transport"": 0.33333333333333337}","{""energy"": 1.0, ""water"": 1.0, ""transport"": 1.0}","{""energy"": 0.33333333333333326, ""water"": 0.9450666666666666, ""transport"": 0.6666666666666666}",8,0.5628563830097906,,,[],,v2.0,0.7,0.3
S4_water_partial,391,391,16523021733180731042,scenario=S4_water_partial|method=both|duration=0|theta=0.300000|delta_threshold=0.100000|A=v2.0|w=na|run_id=391|seed=16523021733180731042,False,"{""step_1_amount"": 0.4107271733688571}",033832c9a51598bd69064fc3910037f6fde292830c04f0066e6d9779dc60f4ca,0.38314666666666675,0.5121591103824152,0.1290124437157485,14,0.0,0.0,0.38314666666666675,0.5121591103824152,0,0,0.1290124437157485,"{""energy"": 0.6666666666666667, ""water"": 0.05493333333333334, ""transport"": 0.33333333333333337}","{""energy"": 0.7521692172610805, ""water"": 0.3183423000444048, ""transport"": 0.38596244488220544}","{""energy"": 0.0855025505944138, ""water"": 0.26340896671107145, ""transport"": 0.052629111548872065}","{""energy"": 0.0, ""water"": 0.0, ""transport"": 0.0}","{""energy"": 0.0, ""water"": 0.0, ""transport"": 0.0}","{""energy"": 0.0, ""water"": 0.0, ""transport"": 0.0}",0.3,0.1,,0.38314666666666675,1.0,0.6168533333333333,1,"{""energy"": 0.6666666666666667, ""water"": 0.05493333333333334, ""transport"": 0.33333333333333337}","{""energy"": 1.0, ""water"": 1.0, ""transport"": 1.0}","{""energy"": 0.33333333333333326, ""water"": 0.9450666666666666, ""transport"": 0.6666666666666666}",10,0.5121591103824152,,,[],,v2.0,0.7,0.3
S4_water_partial,392,392,16336263799799312324,scenario=S4_water_partial|method=both|duration=0|theta=0.300000|delta_threshold=0.100000|A=v2.0|w=na|run_id=392|seed=16336263799799312324,False,"{""step_1_amount"": 0.4179490821686946}",033832c9a51598bd69064fc3910037f6fde292830c04f0066e6d9779dc60f4ca,0.38314666666666675,0.5165805434973958,0.13343387683072905,30,0.0,0.0,0.38314666666666675,0.5165805434973958,0,0,0.13343387683072905,"{""energy"": 0.6666666666666667, ""water"": 0.05493333333333334, ""transport"": 0.33333333333333337}","{""energy"": 0.7550995067566145, ""water"": 0.3273696860442015, ""transport"": 0.38776611660496485}","{""energy"": 0.08843284008994778, ""water"": 0.2724363527108682, ""transport"": 0.05443278327163148}","{""energy"": 0.0, ""water"": 0.0, ""transport"": 0.0}","{""energy"": 0.0, ""water"": 0.0, ""transport"": 0.0}","{""energy"": 0.0, ""water"": 0.0, ""transport"": 0.0}",0.3,0.1,,0.38314666666666675,1.0,0.6168533333333333,1,"{""energy"": 0.6666666666666667, ""water"": 0.05493333333333334, ""transport"": 0.33333333333333337}","{""energy"": 1.0, ""water"": 1.0, ""transport"": 1.0}","{""energy"": 0.33333333333333326, ""water"": 0.9450666666666666, ""transport"": 0.6666666666666666}",9,0.5165805434973958,,,[],,v2.0,0.7,0.3
S4_water_partial,393,393,16096319756938268836,scenario=S4_water_partial|method=both|duration=0|theta=0.300000|delta_threshold=0.100000|A=v2.0|w=na|run_id=393|seed=16096319756938268836,False,"{""step_1_amount"": 0.4507618969654237}",033832c9a51598bd69064fc3910037f6fde292830c04f0066e6d9779dc60f4ca,0.38314666666666675,0.5366693690363232,0.15352270236965648,18,0.0,0.0,0.38314666666666675,0.5366693690363232,0,1,0.15352270236965648,"{""energy"": 0.6666666666666667, ""water"": 0.05493333333333334, ""transport"": 0.33333333333333337}","{""energy"": 0.7684133063603874, ""water"": 0.3683857045401128, ""transport"": 0.3959611171004479}","{""energy"": 0.10174663969372066, ""water"": 0.3134523712067795, ""transport"": 0.06262778376711453}","{""energy"": 0.0, ""water"": 0.0, ""transport"": 0.0}","{""energy"": 0.0, ""water"": 0.0, ""transport"": 0.0}","{""energy"": 0.0, ""water"": 0.0, ""transport"": 0.0}",0.3,0.1,,0.38314666666666675,1.0,0.6168533333333333,1,"{""energy"": 0.6666666666666667, ""water"": 0.05493333333333334, ""transport"": 0.33333333333333337}","{""energy"": 1.0, ""water"": 1.0, ""transport"": 1.0}","{""energy"": 0.33333333333333326, ""water"": 0.9450666666666666, ""transport"": 0.6666666666666666}",9,0.5366693690363232,,,[],,v2.0,0.7,0.3
S4_water_partial,394,394,17961463830244375,scenario=S4_water_partial|method=both|duration=0|theta=0.300000|delta_threshold=0.100000|A=v2.0|w=na|run_id=394|seed=17961463830244375,False,"{""step_1_amount"": 0.3746099660152701}",033832c9a51598bd69064fc3910037f6fde292830c04f0066e6d9779dc60f4ca,0.38314666666666675,0.49004725311036545,0.10690058644369871,10,0.0,0.0,0.38314666666666675,0.49004725311036545,0,0,0.10690058644369871,"{""energy"": 0.6666666666666667, ""water"": 0.05493333333333334, ""transport"": 0.33333333333333337}","{""energy"": 0.7375146603773626, ""water"": 0.2731957908524209, ""transport"": 0.3769421723456471}","{""energy"": 0.07084799371069583, ""water"": 0.21826245751908757, ""transport"": 0.043608839012313716}","{""energy"": 0.0, ""water"": 0.0, ""transport"": 0.0}","{""energy"": 0.0, ""water"": 0.0, ""transport"": 0.0}","{""energy"": 0.0, ""water"": 0.0, ""transport"": 0.0}",0.3,0.1,,0.38314666666666675,1.0,0.6168533333333333,1,"{""energy"": 0.6666666666666667, ""water"": 0.05493333333333334, ""transport"": 0.33333333333333337}","{""energy"": 1.0, ""water"": 1.0, ""transport"": 1.0}","{""energy"": 0.33333333333333326, ""water"": 0.9450666666666666, ""transport"": 0.6666666666666666}",10,0.49004725311036545,,,[],,v2.0,0.7,0.3
S4_water_partial,395,395,15960528673143326209,scenario=S4_water_partial|method=both|duration=0|theta=0.300000|delta_threshold=0.100000|A=v2.0|w=na|run_id=395|seed=15960528673143326209,False,"{""step_1_amount"": 0.36658469535020083}",033832c9a51598bd69064fc3910037f6fde292830c04f0066e6d9779dc60f4ca,0.38314666666666675,0.48513398177744343,0.10198731511077669,23,0.0,0.0,0.38314666666666675,0.48513398177744343,0,0,0.10198731511077669,"{""energy"": 0.6666666666666667, ""water"": 0.05493333333333334, ""transport"": 0.33333333333333337}","{""energy"": 0.7342584068050108, ""water"": 0.2631642025210844, ""transport"": 0.374937860997046}","{""energy"": 0.06759174013834401, ""water"": 0.20823086918775108, ""transport"": 0.04160452766371264}","{""energy"": 0.0, ""water"": 0.0, ""transport"": 0.0}","{""energy"": 0.0, ""water"": 0.0, ""transport"": 0.0}","{""energy"": 0.0, ""water"": 0.0, ""transport"": 0.0}",0.3,0.1,,0.38314666666666675,1.0,0.6168533333333333,1,"{""energy"": 0.6666666666666667, ""water"": 0.05493333333333334, ""transport"": 0.33333333333333337}","{""energy"": 1.0, ""water"": 1.0, ""transport"": 1.0}","{""energy"": 0.33333333333333326, ""water"": 0.9450666666666666, ""transport"": 0.6666666666666666}",10,0.48513398177744343,,,[],,v2.0,0.7,0.3
S4_water_partial,396,396,13209068861478630823,scenario=S4_water_partial|method=both|duration=0|theta=0.300000|delta_threshold=0.100000|A=v2.0|w=na|run_id=396|seed=13209068861478630823,False,"{""step_1_amount"": 0.5558777145933631}",033832c9a51598bd69064fc3910037f6fde292830c04f0066e6d9779dc60f4ca,0.38314666666666675,0.6010239004835884,0.2178772338169217,18,0.0,0.0,0.38314666666666675,0.6010239004835884,0,1,0.2178772338169217,"{""energy"": 0.6666666666666667, ""water"": 0.05493333333333334, ""transport"": 0.33333333333333337}","{""energy"": 0.8110640493629238, ""water"": 0.49978047657503716, ""transport"": 0.4222137925530258}","{""energy"": 0.14439738269625702, ""water"": 0.4448471432417038, ""transport"": 0.08888045921969245}","{""energy"": 0.0, ""water"": 0.0, ""transport"": 0.0}","{""energy"": 0.0, ""water"": 0.0, ""transport"": 0.0}","{""energy"": 0.0, ""water"": 0.0, ""transport"": 0.0}",0.3,0.1,,0.38314666666666675,1.0,0.6168533333333333,1,"{""energy"": 0.6666666666666667, ""water"": 0.05493333333333334, ""transport"": 0.33333333333333337}","{""energy"": 1.0, ""water"": 1.0, ""transport"": 1.0}","{""energy"": 0.33333333333333326, ""water"": 0.9450666666666666, ""transport"": 0.6666666666666666}",8,0.6010239004835884,,,[],,v2.0,0.7,0.3
S4_water_partial,397,397,10421118977158241911,scenario=S4_water_partial|method=both|duration=0|theta=0.300000|delta_threshold=0.100000|A=v2.0|w=na|run_id=397|seed=10421118977158241911,False,"{""step_1_amount"": 0.30304834972565636}",033832c9a51598bd69064fc3910037f6fde292830c04f0066e6d9779dc60f4ca,0.38314666666666675,0.4462354425774567,0.06308877591078993,18,0.0,0.0,0.38314666666666675,0.4462354425774567,0,0,0.06308877591078993,"{""energy"": 0.6666666666666667, ""water"": 0.05493333333333334, ""transport"": 0.33333333333333337}","{""energy"": 0.7084785345678518, ""water"": 0.18374377049040386, ""transport"": 0.35906965867731605}","{""energy"": 0.041811867901185074, ""water"": 0.12881043715707052, ""transport"": 0.02573632534398268}","{""energy"": 0.0, ""water"": 0.0, ""transport"": 0.0}","{""energy"": 0.0, ""water"": 0.0, ""transport"": 0.0}","{""energy"": 0.0, ""water"": 0.0, ""transport"": 0.0}",0.3,0.1,,0.38314666666666675,1.0,0.6168533333333333,1,"{""energy"": 0.6666666666666667, ""water"": 0.05493333333333334, ""transport"": 0.33333333333333337}","{""energy"": 1.0, ""water"": 1.0, ""transport"": 1.0}","{""energy"": 0.33333333333333326, ""water"": 0.9450666666666666, ""transport"": 0.6666666666666666}",11,0.4462354425774567,,,[],,v2.0,0.7,0.3
S4_water_partial,398,398,15180273955925239015,scenario=S4_water_partial|method=both|duration=0|theta=0.300000|delta_threshold=0.100000|A=v2.0|w=na|run_id=398|seed=15180273955925239015,False,"{""step_1_amount"": 0.6612637719788672}",033832c9a51598bd69064fc3910037f6fde292830c04f0066e6d9779dc60f4ca,0.38314666666666675,0.6655438794664288,0.28239721279976204,8,0.0,0.0,0.38314666666666675,0.6655438794664288,0,1,0.28239721279976204,"{""energy"": 0.6666666666666667, ""water"": 0.05493333333333334, ""transport"": 0.33333333333333337}","{""energy"": 0.8538244421470922, ""water"": 0.6315130483069175, ""transport"": 0.44853396038505544}","{""energy"": 0.18715777548042545, ""water"": 0.5765797149735841, ""transport"": 0.11520062705172207}","{""energy"": 0.0, ""water"": 0.0, ""transport"": 0.0}","{""energy"": 0.0, ""water"": 0.0, ""transport"": 0.0}","{""energy"": 0.0, ""water"": 0.0, ""transport"": 0.0}",0.3,0.1,,0.38314666666666675,1.0,0.6168533333333333,1,"{""energy"": 0.6666666666666667, ""water"": 0.05493333333333334, ""transport"": 0.33333333333333337}","{""energy"": 1.0, ""water"": 1.0, ""transport"": 1.0}","{""energy"": 0.33333333333333326, ""water"": 0.9450666666666666, ""transport"": 0.6666666666666666}",6,0.6655438794664288,,,[],,v2.0,0.7,0.3
S4_water_partial,399,399,1744607771870376202,scenario=S4_water_partial|method=both|duration=0|theta=0.300000|delta_threshold=0.100000|A=v2.0|w=na|run_id=399|seed=1744607771870376202,False,"{""step_1_amount"": 0.8587346525410589}",033832c9a51598bd69064fc3910037f6fde292830c04f0066e6d9779dc60f4ca,0.38314666666666675,0.7864404893186164,0.4032938226519497,26,0.0,1.0,0.38314666666666675,0.7864404893186164,1,1,0.4032938226519497,"{""energy"": 0.6666666666666667, ""water"": 0.05493333333333334, ""transport"": 0.33333333333333337}","{""energy"": 0.9339482519352014, ""water"": 0.8783516490096569, ""transport"": 0.4978523128054628}","{""energy"": 0.2672815852685346, ""water"": 0.8234183156763235, ""transport"": 0.16451897947212946}","{""energy"": 0.0, ""water"": 0.0, ""transport"": 0.0}","{""energy"": 1.0, ""water"": 1.0, ""transport"": 1.0}","{""energy"": 1.0, ""water"": 1.0, ""transport"": 1.0}",0.3,0.1,,0.38314666666666675,1.0,0.6168533333333333,1,"{""energy"": 0.6666666666666667, ""water"": 0.05493333333333334, ""transport"": 0.33333333333333337}","{""energy"": 1.0, ""water"": 1.0, ""transport"": 1.0}","{""energy"": 0.33333333333333326, ""water"": 0.9450666666666666, ""transport"": 0.6666666666666666}",4,0.7864404893186164,,,"[""energy"", ""transport""]",1,v2.0,0.7,0.3
S4_water_partial,400,400,6672364460265250190,scenario=S4_water_partial|method=both|duration=0|theta=0.300000|delta_threshold=0.100000|A=v2.0|w=na|run_id=400|seed=6672364460265250190,False,"{""step_1_amount"": 0.624214603247722}",033832c9a51598bd69064fc3910037f6fde292830c04f0066e6d9779dc60f4ca,0.38314666666666675,0.6428614521400033,0.2597147854733366,5,0.0,0.0,0.38314666666666675,0.6428614521400033,0,1,0.2597147854733366,"{""energy"": 0.6666666666666667, ""water"": 0.05493333333333334, ""transport"": 0.33333333333333337}","{""energy"": 0.83879174193443, ""water"": 0.5852015873929859, ""transport"": 0.43928093049445194}","{""energy"": 0.17212507526776322, ""water"": 0.5302682540596525, ""transport"": 0.10594759716111857}","{""energy"": 0.0, ""water"": 0.0, ""transport"": 0.0}","{""energy"": 0.0, ""water"": 0.0, ""transport"": 0.0}","{""energy"": 0.0, ""water"": 0.0, ""transport"": 0.0}",0.3,0.1,,0.38314666666666675,1.0,0.6168533333333333,1,"{""energy"": 0.6666666666666667, ""water"": 0.05493333333333334, ""transport"": 0.33333333333333337}","{""energy"": 1.0, ""water"": 1.0, ""transport"": 1.0}","{""energy"": 0.33333333333333326, ""water"": 0.9450666666666666, ""transport"": 0.6666666666666666}",7,0.6428614521400033,,,[],,v2.0,0.7,0.3
S4_water_partial,401,401,3611343108101419235,scenario=S4_water_partial|method=both|duration=0|theta=0.300000|delta_threshold=0.100000|A=v2.0|w=na|run_id=401|seed=3611343108101419235,False,"{""step_1_amount"": 0.5299148531647889}",033832c9a51598bd69064fc3910037f6fde292830c04f0066e6d9779dc60f4ca,0.38314666666666675,0.5851287876454796,0.20198212097881285,6,0.0,0.0,0.38314666666666675,0.5851287876454796,0,1,0.20198212097881285,"{""energy"": 0.6666666666666667, ""water"": 0.05493333333333334, ""transport"": 0.33333333333333337}","{""energy"": 0.8005296183382798, ""water"": 0.4673268997893195, ""transport"": 0.4157295679112394}","{""energy"": 0.1338629516716131, ""water"": 0.4123935664559862, ""transport"": 0.08239623457790601}","{""energy"": 0.0, ""water"": 0.0, ""transport"": 0.0}","{""energy"": 0.0, ""water"": 0.0, ""transport"": 0.0}","{""energy"": 0.0, ""water"": 0.0, ""transport"": 0.0}",0.3,0.1,,0.38314666666666675,1.0,0.6168533333333333,1,"{""energy"": 0.6666666666666667, ""water"": 0.05493333333333334, ""transport"": 0.33333333333333337}","{""energy"": 1.0, ""water"": 1.0, ""transport"": 1.0}","{""energy"": 0.33333333333333326, ""water"": 0.9450666666666666, ""transport"": 0.6666666666666666}",8,0.5851287876454796,,,[],,v2.0,0.7,0.3
S4_water_partial,402,402,5690403713157910674,scenario=S4_water_partial|method=both|duration=0|theta=0.300000|delta_threshold=0.100000|A=v2.0|w=na|run_id=402|seed=5690403713157910674,False,"{""step_1_amount"": 0.24784909695380242}",033832c9a51598bd69064fc3910037f6fde292830c04f0066e6d9779dc60f4ca,0.38314666666666675,0.4124410800492085,0.02929441338254174,28,0.0,0.0,0.38314666666666675,0.4124410800492085,0,0,0.02929441338254174,"{""energy"": 0.6666666666666667, ""water"": 0.05493333333333334, ""transport"": 0.33333333333333337}","{""energy"": 0.6860814377556721, ""water"": 0.11474470452558644, ""transport"": 0.3452836452975455}","{""energy"": 0.019414771089005356, ""water"": 0.0598113711922531, ""transport"": 0.011950311964212146}","{""energy"": 0.0, ""water"": 0.0, ""transport"": 0.0}","{""energy"": 0.0, ""water"": 0.0, ""transport"": 0.0}","{""energy"": 0.0, ""water"": 0.0, ""transport"": 0.0}",0.3,0.1,,0.38314666666666675,1.0,0.6168533333333333,1,"{""energy"": 0.6666666666666667, ""water"": 0.05493333333333334, ""transport"": 0.33333333333333337}","{""energy"": 1.0, ""water"": 1.0, ""transport"": 1.0}","{""energy"": 0.33333333333333326, ""water"": 0.9450666666666666, ""transport"": 0.6666666666666666}",12,0.4124410800492085,,,[],,v2.0,0.7,0.3
S4_water_partial,403,403,15724862729775617425,scenario=S4_water_partial|method=both|duration=0|theta=0.300000|delta_threshold=0.100000|A=v2.0|w=na|run_id=403|seed=15724862729775617425,False,"{""step_1_amount"": 0.32093191569207447}",033832c9a51598bd69064fc3910037f6fde292830c04f0066e6d9779dc60f4ca,0.38314666666666675,0.457184208751247,0.07403754208458024,16,0.0,0.0,0.38314666666666675,0.457184208751247,0,0,0.07403754208458024,"{""energy"": 0.6666666666666667, ""water"": 0.05493333333333334, ""transport"": 0.33333333333333337}","{""energy"": 0.715734791458726, ""water"": 0.20609822794842636, ""transport"": 0.363536079277429}","{""energy"": 0.04906812479205924, ""water"": 0.15116489461509303, ""transport"": 0.03020274594409561}","{""energy"": 0.0, ""water"": 0.0, ""transport"": 0.0}","{""energy"": 0.0, ""water"": 0.0, ""transport"": 0.0}","{""energy"": 0.0, ""water"": 0.0, ""transport"": 0.0}",0.3,0.1,,0.38314666666666675,1.0,0.6168533333333333,1,"{""energy"": 0.6666666666666667, ""water"": 0.05493333333333334, ""transport"": 0.33333333333333337}","{""energy"": 1.0, ""water"": 1.0, ""transport"": 1.0}","{""energy"": 0.33333333333333326, ""water"": 0.9450666666666666, ""transport"": 0.6666666666666666}",11,0.457184208751247,,,[],,v2.0,0.7,0.3
S4_water_partial,404,404,11759527906627945611,scenario=S4_water_partial|method=both|duration=0|theta=0.300000|delta_threshold=0.100000|A=v2.0|w=na|run_id=404|seed=11759527906627945611,False,"{""step_1_amount"": 0.25090203841816844}",033832c9a51598bd69064fc3910037f6fde292830c04f0066e6d9779dc60f4ca,0.38314666666666675,0.4143101671372299,0.031163500470563155,14,0.0,0.0,0.38314666666666675,0.4143101671372299,0,0,0.031163500470563155,"{""energy"": 0.6666666666666667, ""water"": 0.05493333333333334, ""transport"": 0.33333333333333337}","{""energy"": 0.6873201687548386, ""water"": 0.1185608813560439, ""transport"": 0.34604611742827096}","{""energy"": 0.02065350208817185, ""water"": 0.06362754802271056, ""transport"": 0.01271278409493759}","{""energy"": 0.0, ""water"": 0.0, ""transport"": 0.0}","{""energy"": 0.0, ""water"": 0.0, ""transport"": 0.0}","{""energy"": 0.0, ""water"": 0.0, ""transport"": 0.0}",0.3,0.1,,0.38314666666666675,1.0,0.6168533333333333,1,"{""energy"": 0.6666666666666667, ""water"": 0.05493333333333334, ""transport"": 0.33333333333333337}","{""energy"": 1.0, ""water"": 1.0, ""transport"": 1.0}","{""energy"": 0.33333333333333326, ""water"": 0.9450666666666666, ""transport"": 0.6666666666666666}",12,0.4143101671372299,,,[],,v2.0,0.7,0.3
S4_water_partial,405,405,8816428322790126361,scenario=S4_water_partial|method=both|duration=0|theta=0.300000|delta_threshold=0.100000|A=v2.0|w=na|run_id=405|seed=8816428322790126361,False,"{""step_1_amount"": 0.19389020676724875}",033832c9a51598bd69064fc3910037f6fde292830c04f0066e6d9779dc60f4ca,0.38314666666666675,0.38314666666666675,0.0,28,0.0,0.0,0.38314666666666675,0.38314666666666675,0,0,0.0,"{""energy"": 0.6666666666666667, ""water"": 0.05493333333333334, ""transport"": 0.33333333333333337}","{""energy"": 0.6666666666666667, ""water"": 0.05493333333333334, ""transport"": 0.33333333333333337}","{""energy"": 0.0, ""water"": 0.0, ""transport"": 0.0}","{""energy"": 0.0, ""water"": 0.0, ""transport"": 0.0}","{""energy"": 0.0, ""water"": 0.0, ""transport"": 0.0}","{""energy"": 0.0, ""water"": 0.0, ""transport"": 0.0}",0.3,0.1,,0.38314666666666675,1.0,0.6168533333333333,1,"{""energy"": 0.6666666666666667, ""water"": 0.05493333333333334, ""transport"": 0.33333333333333337}","{""energy"": 1.0, ""water"": 1.0, ""transport"": 1.0}","{""energy"": 0.33333333333333326, ""water"": 0.9450666666666666, ""transport"": 0.6666666666666666}",13,0.38314666666666675,,,[],,v2.0,0.7,0.3
S4_water_partial,406,406,618502560031417104,scenario=S4_water_partial|method=both|duration=0|theta=0.300000|delta_threshold=0.100000|A=v2.0|w=na|run_id=406|seed=618502560031417104,False,"{""step_1_amount"": 0.40448022339977585}",033832c9a51598bd69064fc3910037f6fde292830c04f0066e6d9779dc60f4ca,0.38314666666666675,0.5083345714375945,0.12518790477092778,12,0.0,0.0,0.38314666666666675,0.5083345714375945,0,0,0.12518790477092778,"{""energy"": 0.6666666666666667, ""water"": 0.05493333333333334, ""transport"": 0.33333333333333337}","{""energy"": 0.7496345173111258, ""water"": 0.31053361258305323, ""transport"": 0.3844022691274274}","{""energy"": 0.0829678506444591, ""water"": 0.2556002792497199, ""transport"": 0.05106893579409405}","{""energy"": 0.0, ""water"": 0.0, ""transport"": 0.0}","{""energy"": 0.0, ""water"": 0.0, ""transport"": 0.0}","{""energy"": 0.0, ""water"": 0.0, ""transport"": 0.0}",0.3,0.1,,0.38314666666666675,1.0,0.6168533333333333,1,"{""energy"": 0.6666666666666667, ""water"": 0.05493333333333334, ""transport"": 0.33333333333333337}","{""energy"": 1.0, ""water"": 1.0, ""transport"": 1.0}","{""energy"": 0.33333333333333326, ""water"": 0.9450666666666666, ""transport"": 0.6666666666666666}",10,0.5083345714375945,,,[],,v2.0,0.7,0.3
S4_water_partial,407,407,9911875186768925705,scenario=S4_water_partial|method=both|duration=0|theta=0.300000|delta_threshold=0.100000|A=v2.0|w=na|run_id=407|seed=9911875186768925705,False,"{""step_1_amount"": 0.33853184506821377}",033832c9a51598bd69064fc3910037f6fde292830c04f0066e6d9779dc60f4ca,0.38314666666666675,0.46795932551355396,0.08481265884688721,13,0.0,0.0,0.38314666666666675,0.46795932551355396,0,0,0.08481265884688721,"{""energy"": 0.6666666666666667, ""water"": 0.05493333333333334, ""transport"": 0.33333333333333337}","{""energy"": 0.7228759628030945, ""water"": 0.22809813966860057, ""transport"": 0.3679316616391198}","{""energy"": 0.05620929613642778, ""water"": 0.17316480633526724, ""transport"": 0.03459832830578641}","{""energy"": 0.0, ""water"": 0.0, ""transport"": 0.0}","{""energy"": 0.0, ""water"": 0.0, ""transport"": 0.0}","{""energy"": 0.0, ""water"": 0.0, ""transport"": 0.0}",0.3,0.1,,0.38314666666666675,1.0,0.6168533333333333,1,"{""energy"": 0.6666666666666667, ""water"": 0.05493333333333334, ""transport"": 0.33333333333333337}","{""energy"": 1.0, ""water"": 1.0, ""transport"": 1.0}","{""energy"": 0.33333333333333326, ""water"": 0.9450666666666666, ""transport"": 0.6666666666666666}",11,0.46795932551355396,,,[],,v2.0,0.7,0.3
S4_water_partial,408,408,14664818539489790796,scenario=S4_water_partial|method=both|duration=0|theta=0.300000|delta_threshold=0.100000|A=v2.0|w=na|run_id=408|seed=14664818539489790796,False,"{""step_1_amount"": 0.2804265728132692}",033832c9a51598bd69064fc3910037f6fde292830c04f0066e6d9779dc60f4ca,0.38314666666666675,0.4323858252072704,0.04923915854060368,21,0.0,0.0,0.38314666666666675,0.4323858252072704,0,0,0.04923915854060368,"{""energy"": 0.6666666666666667, ""water"": 0.05493333333333334, ""transport"": 0.33333333333333337}","{""energy"": 0.6992997485856507, ""water"": 0.15546654934991985, ""transport"": 0.35341986989344737}","{""energy"": 0.03263308191898395, ""water"": 0.10053321601658652, ""transport"": 0.020086536560114}","{""energy"": 0.0, ""water"": 0.0, ""transport"": 0.0}","{""energy"": 0.0, ""water"": 0.0, ""transport"": 0.0}","{""energy"": 0.0, ""water"": 0.0, ""transport"": 0.0}",0.3,0.1,,0.38314666666666675,1.0,0.6168533333333333,1,"{""energy"": 0.6666666666666667, ""water"": 0.05493333333333334, ""transport"": 0.33333333333333337}","{""energy"": 1.0, ""water"": 1.0, ""transport"": 1.0}","{""energy"": 0.33333333333333326, ""water"": 0.9450666666666666, ""transport"": 0.6666666666666666}",11,0.4323858252072704,,,[],,v2.0,0.7,0.3
S4_water_partial,409,409,3466969784437039697,scenario=S4_water_partial|method=both|duration=0|theta=0.300000|delta_threshold=0.100000|A=v2.0|w=na|run_id=409|seed=3466969784437039697,False,"{""step_1_amount"": 0.460004806141227}",033832c9a51598bd69064fc3910037f6fde292830c04f0066e6d9779dc60f4ca,0.38314666666666675,0.5423281091064794,0.1591814424398127,18,0.0,0.0,0.38314666666666675,0.5423281091064794,0,1,0.1591814424398127,"{""energy"": 0.6666666666666667, ""water"": 0.05493333333333334, ""transport"": 0.33333333333333337}","{""energy"": 0.7721636167584696, ""water"": 0.379939341009867, ""transport"": 0.3982695336671048}","{""energy"": 0.10549695009180282, ""water"": 0.32500600767653365, ""transport"": 0.06493620033377145}","{""energy"": 0.0, ""water"": 0.0, ""transport"": 0.0}","{""energy"": 0.0, ""water"": 0.0, ""transport"": 0.0}","{""energy"": 0.0, ""water"": 0.0, ""transport"": 0.0}",0.3,0.1,,0.38314666666666675,1.0,0.6168533333333333,1,"{""energy"": 0.6666666666666667, ""water"": 0.05493333333333334, ""transport"": 0.33333333333333337}","{""energy"": 1.0, ""water"": 1.0, ""transport"": 1.0}","{""energy"": 0.33333333333333326, ""water"": 0.9450666666666666, ""transport"": 0.6666666666666666}",9,0.5423281091064794,,,[],,v2.0,0.7,0.3
S4_water_partial,410,410,4234685690672098598,scenario=S4_water_partial|method=both|duration=0|theta=0.300000|delta_threshold=0.100000|A=v2.0|w=na|run_id=410|seed=4234685690672098598,False,"{""step_1_amount"": 0.3048408253777166}",033832c9a51598bd69064fc3910037f6fde292830c04f0066e6d9779dc60f4ca,0.38314666666666675,0.4473328409835392,0.06418617431687246,21,0.0,0.0,0.38314666666666675,0.4473328409835392,0,0,0.06418617431687246,"{""energy"": 0.6666666666666667, ""water"": 0.05493333333333334, ""transport"": 0.33333333333333337}","{""energy"": 0.7092058315636752, ""water"": 0.18598436505547902, ""transport"": 0.35951732947141807}","{""energy"": 0.042539164897008486, ""water"": 0.1310510317221457, ""transport"": 0.026183996138084698}","{""energy"": 0.0, ""water"": 0.0, ""transport"": 0.0}","{""energy"": 0.0, ""water"": 0.0, ""transport"": 0.0}","{""energy"": 0.0, ""water"": 0.0, ""transport"": 0.0}",0.3,0.1,,0.38314666666666675,1.0,0.6168533333333333,1,"{""energy"": 0.6666666666666667, ""water"": 0.05493333333333334, ""transport"": 0.33333333333333337}","{""energy"": 1.0, ""water"": 1.0, ""transport"": 1.0}","{""energy"": 0.33333333333333326, ""water"": 0.9450666666666666, ""transport"": 0.6666666666666666}",11,0.4473328409835392,,,[],,v2.0,0.7,0.3
S4_water_partial,411,411,14546020921961760223,scenario=S4_water_partial|method=both|duration=0|theta=0.300000|delta_threshold=0.100000|A=v2.0|w=na|run_id=411|seed=14546020921961760223,False,"{""step_1_amount"": 0.20035456878152325}",033832c9a51598bd69064fc3910037f6fde292830c04f0066e6d9779dc60f4ca,0.38314666666666675,0.3833637425389348,0.0002170758722680466,19,0.0,0.0,0.38314666666666675,0.3833637425389348,0,0,0.0002170758722680466,"{""energy"": 0.6666666666666667, ""water"": 0.05493333333333334, ""transport"": 0.33333333333333337}","{""energy"": 0.6668105329497698, ""water"": 0.05537654431023748, ""transport"": 0.3334218868865188}","{""energy"": 0.0001438662831030335, ""water"": 0.00044321097690414035, ""transport"": 8.855355318543312e-05}","{""energy"": 0.0, ""water"": 0.0, ""transport"": 0.0}","{""energy"": 0.0, ""water"": 0.0, ""transport"": 0.0}","{""energy"": 0.0, ""water"": 0.0, ""transport"": 0.0}",0.3,0.1,,0.38314666666666675,1.0,0.6168533333333333,1,"{""energy"": 0.6666666666666667, ""water"": 0.05493333333333334, ""transport"": 0.33333333333333337}","{""energy"": 1.0, ""water"": 1.0, ""transport"": 1.0}","{""energy"": 0.33333333333333326, ""water"": 0.9450666666666666, ""transport"": 0.6666666666666666}",13,0.3833637425389348,,,[],,v2.0,0.7,0.3
S4_water_partial,412,412,14137747632901771242,scenario=S4_water_partial|method=both|duration=0|theta=0.300000|delta_threshold=0.100000|A=v2.0|w=na|run_id=412|seed=14137747632901771242,False,"{""step_1_amount"": 0.5647276633604222}",033832c9a51598bd69064fc3910037f6fde292830c04f0066e6d9779dc60f4ca,0.38314666666666675,0.6064420603675011,0.2232953937008344,30,0.0,0.0,0.38314666666666675,0.6064420603675011,0,1,0.2232953937008344,"{""energy"": 0.6666666666666667, ""water"": 0.05493333333333334, ""transport"": 0.33333333333333337}","{""energy"": 0.814654916075158, ""water"": 0.510842912533861, ""transport"": 0.4244240672575988}","{""energy"": 0.1479882494084913, ""water"": 0.4559095792005277, ""transport"": 0.09109073392426542}","{""energy"": 0.0, ""water"": 0.0, ""transport"": 0.0}","{""energy"": 0.0, ""water"": 0.0, ""transport"": 0.0}","{""energy"": 0.0, ""water"": 0.0, ""transport"": 0.0}",0.3,0.1,,0.38314666666666675,1.0,0.6168533333333333,1,"{""energy"": 0.6666666666666667, ""water"": 0.05493333333333334, ""transport"": 0.33333333333333337}","{""energy"": 1.0, ""water"": 1.0, ""transport"": 1.0}","{""energy"": 0.33333333333333326, ""water"": 0.9450666666666666, ""transport"": 0.6666666666666666}",8,0.6064420603675011,,,[],,v2.0,0.7,0.3
S4_water_partial,413,413,7371271534056635654,scenario=S4_water_partial|method=both|duration=0|theta=0.300000|delta_threshold=0.100000|A=v2.0|w=na|run_id=413|seed=7371271534056635654,False,"{""step_1_amount"": 0.3915880872389276}",033832c9a51598bd69064fc3910037f6fde292830c04f0066e6d9779dc60f4ca,0.38314666666666675,0.5004416833765191,0.11729501670985232,24,0.0,0.0,0.38314666666666675,0.5004416833765191,0,0,0.11729501670985232,"{""energy"": 0.6666666666666667, ""water"": 0.05493333333333334, ""transport"": 0.33333333333333337}","{""energy"": 0.7444035330638616, ""water"": 0.2944184423819928, ""transport"": 0.3811824581212555}","{""energy"": 0.0777368663971949, ""water"": 0.23948510904865944, ""transport"": 0.04784912478792214}","{""energy"": 0.0, ""water"": 0.0, ""transport"": 0.0}","{""energy"": 0.0, ""water"": 0.0, ""transport"": 0.0}","{""energy"": 0.0, ""water"": 0.0, ""transport"": 0.0}",0.3,0.1,,0.38314666666666675,1.0,0.6168533333333333,1,"{""energy"": 0.6666666666666667, ""water"": 0.05493333333333334, ""transport"": 0.33333333333333337}","{""energy"": 1.0, ""water"": 1.0, ""transport"": 1.0}","{""energy"": 0.33333333333333326, ""water"": 0.9450666666666666, ""transport"": 0.6666666666666666}",10,0.5004416833765191,,,[],,v2.0,0.7,0.3
S4_water_partial,414,414,11901418952481030482,scenario=S4_water_partial|method=both|duration=0|theta=0.300000|delta_threshold=0.100000|A=v2.0|w=na|run_id=414|seed=11901418952481030482,False,"{""step_1_amount"": 0.5222987833168841}",033832c9a51598bd69064fc3910037f6fde292830c04f0066e6d9779dc60f4ca,0.38314666666666675,0.580466039282846,0.19731937261617927,11,0.0,0.0,0.38314666666666675,0.580466039282846,0,1,0.19731937261617927,"{""energy"": 0.6666666666666667, ""water"": 0.05493333333333334, ""transport"": 0.33333333333333337}","{""energy"": 0.7974393979974924, ""water"": 0.4578068124794384, ""transport"": 0.41382745446672514}","{""energy"": 0.13077273133082568, ""water"": 0.40287347914610505, ""transport"": 0.08049412113339177}","{""energy"": 0.0, ""water"": 0.0, ""transport"": 0.0}","{""energy"": 0.0, ""water"": 0.0, ""transport"": 0.0}","{""energy"": 0.0, ""water"": 0.0, ""transport"": 0.0}",0.3,0.1,,0.38314666666666675,1.0,0.6168533333333333,1,"{""energy"": 0.6666666666666667, ""water"": 0.05493333333333334, ""transport"": 0.33333333333333337}","{""energy"": 1.0, ""water"": 1.0, ""transport"": 1.0}","{""energy"": 0.33333333333333326, ""water"": 0.9450666666666666, ""transport"": 0.6666666666666666}",8,0.580466039282846,,,[],,v2.0,0.7,0.3
S4_water_partial,415,415,7123740267946000553,scenario=S4_water_partial|method=both|duration=0|theta=0.300000|delta_threshold=0.100000|A=v2.0|w=na|run_id=415|seed=7123740267946000553,False,"{""step_1_amount"": 0.2671373443569983}",033832c9a51598bd69064fc3910037f6fde292830c04f0066e6d9779dc60f4ca,0.38314666666666675,0.42424982731563,0.041103160648963244,26,0.0,0.0,0.38314666666666675,0.42424982731563,0,0,0.041103160648963244,"{""energy"": 0.6666666666666667, ""water"": 0.05493333333333334, ""transport"": 0.33333333333333337}","{""energy"": 0.6939076441395188, ""water"": 0.13885501377958115, ""transport"": 0.3501008850864937}","{""energy"": 0.027240977472852035, ""water"": 0.08392168044624781, ""transport"": 0.016767551753160304}","{""energy"": 0.0, ""water"": 0.0, ""transport"": 0.0}","{""energy"": 0.0, ""water"": 0.0, ""transport"": 0.0}","{""energy"": 0.0, ""water"": 0.0, ""transport"": 0.0}",0.3,0.1,,0.38314666666666675,1.0,0.6168533333333333,1,"{""energy"": 0.6666666666666667, ""water"": 0.05493333333333334, ""transport"": 0.33333333333333337}","{""energy"": 1.0, ""water"": 1.0, ""transport"": 1.0}","{""energy"": 0.33333333333333326, ""water"": 0.9450666666666666, ""transport"": 0.6666666666666666}",12,0.42424982731563,,,[],,v2.0,0.7,0.3
S4_water_partial,416,416,11761541792196199584,scenario=S4_water_partial|method=both|duration=0|theta=0.300000|delta_threshold=0.100000|A=v2.0|w=na|run_id=416|seed=11761541792196199584,False,"{""step_1_amount"": 0.2969172011104591}",033832c9a51598bd69064fc3910037f6fde292830c04f0066e6d9779dc60f4ca,0.38314666666666675,0.44248180011651755,0.05933513344985081,26,0.0,0.0,0.38314666666666675,0.44248180011651755,0,0,0.05933513344985081,"{""energy"": 0.6666666666666667, ""water"": 0.05493333333333334, ""transport"": 0.33333333333333337}","{""energy"": 0.7059908210172355, ""water"": 0.17607983472140726, ""transport"": 0.3575384043106705}","{""energy"": 0.039324154350568796, ""water"": 0.12114650138807392, ""transport"": 0.02420507097733715}","{""energy"": 0.0, ""water"": 0.0, ""transport"": 0.0}","{""energy"": 0.0, ""water"": 0.0, ""transport"": 0.0}","{""energy"": 0.0, ""water"": 0.0, ""transport"": 0.0}",0.3,0.1,,0.38314666666666675,1.0,0.6168533333333333,1,"{""energy"": 0.6666666666666667, ""water"": 0.05493333333333334, ""transport"": 0.33333333333333337}","{""energy"": 1.0, ""water"": 1.0, ""transport"": 1.0}","{""energy"": 0.33333333333333326, ""water"": 0.9450666666666666, ""transport"": 0.6666666666666666}",11,0.44248180011651755,,,[],,v2.0,0.7,0.3
S4_water_partial,417,417,6929394801876855242,scenario=S4_water_partial|method=both|duration=0|theta=0.300000|delta_threshold=0.100000|A=v2.0|w=na|run_id=417|seed=6929394801876855242,False,"{""step_1_amount"": 0.4749831762475962}",033832c9a51598bd69064fc3910037f6fde292830c04f0066e6d9779dc60f4ca,0.38314666666666675,0.5514982417448513,0.16835157507818455,11,0.0,0.0,0.38314666666666675,0.5514982417448513,0,1,0.16835157507818455,"{""energy"": 0.6666666666666667, ""water"": 0.05493333333333334, ""transport"": 0.33333333333333337}","{""energy"": 0.7782410904291289, ""water"": 0.3986623036428286, ""transport"": 0.40201038160117053}","{""energy"": 0.11157442376246218, ""water"": 0.3437289703094953, ""transport"": 0.06867704826783716}","{""energy"": 0.0, ""water"": 0.0, ""transport"": 0.0}","{""energy"": 0.0, ""water"": 0.0, ""transport"": 0.0}","{""energy"": 0.0, ""water"": 0.0, ""transport"": 0.0}",0.3,0.1,,0.38314666666666675,1.0,0.6168533333333333,1,"{""energy"": 0.6666666666666667, ""water"": 0.05493333333333334, ""transport"": 0.33333333333333337}","{""energy"": 1.0, ""water"": 1.0, ""transport"": 1.0}","{""energy"": 0.33333333333333326, ""water"": 0.9450666666666666, ""transport"": 0.6666666666666666}",9,0.5514982417448513,,,[],,v2.0,0.7,0.3
S4_water_partial,418,418,2346226566332241028,scenario=S4_water_partial|method=both|duration=0|theta=0.300000|delta_threshold=0.100000|A=v2.0|w=na|run_id=418|seed=2346226566332241028,False,"{""step_1_amount"": 0.23279520493008257}",033832c9a51598bd69064fc3910037f6fde292830c04f0066e6d9779dc60f4ca,0.38314666666666675,0.4032247110049865,0.020078044338319778,21,0.0,0.0,0.38314666666666675,0.4032247110049865,0,0,0.020078044338319778,"{""energy"": 0.6666666666666667, ""water"": 0.05493333333333334, ""transport"": 0.33333333333333337}","{""energy"": 0.6799733210670478, ""water"": 0.0959273394959366, ""transport"": 0.3415239357646215}","{""energy"": 0.013306654400381035, ""water"": 0.04099400616260326, ""transport"": 0.008190602431288108}","{""energy"": 0.0, ""water"": 0.0, ""transport"": 0.0}","{""energy"": 0.0, ""water"": 0.0, ""transport"": 0.0}","{""energy"": 0.0, ""water"": 0.0, ""transport"": 0.0}",0.3,0.1,,0.38314666666666675,1.0,0.6168533333333333,1,"{""energy"": 0.6666666666666667, ""water"": 0.05493333333333334, ""transport"": 0.33333333333333337}","{""energy"": 1.0, ""water"": 1.0, ""transport"": 1.0}","{""energy"": 0.33333333333333326, ""water"": 0.9450666666666666, ""transport"": 0.6666666666666666}",12,0.4032247110049865,,,[],,v2.0,0.7,0.3
S4_water_partial,419,419,14619351913624005947,scenario=S4_water_partial|method=both|duration=0|theta=0.300000|delta_threshold=0.100000|A=v2.0|w=na|run_id=419|seed=14619351913624005947,False,"{""step_1_amount"": 0.1835170120920406}",033832c9a51598bd69064fc3910037f6fde292830c04f0066e6d9779dc60f4ca,0.38314666666666675,0.38314666666666675,0.0,20,0.0,0.0,0.38314666666666675,0.38314666666666675,0,0,0.0,"{""energy"": 0.6666666666666667, ""water"": 0.05493333333333334, ""transport"": 0.33333333333333337}","{""energy"": 0.6666666666666667, ""water"": 0.05493333333333334, ""transport"": 0.33333333333333337}","{""energy"": 0.0, ""water"": 0.0, ""transport"": 0.0}","{""energy"": 0.0, ""water"": 0.0, ""transport"": 0.0}","{""energy"": 0.0, ""water"": 0.0, ""transport"": 0.0}","{""energy"": 0.0, ""water"": 0.0, ""transport"": 0.0}",0.3,0.1,,0.38314666666666675,1.0,0.6168533333333333,1,"{""energy"": 0.6666666666666667, ""water"": 0.05493333333333334, ""transport"": 0.33333333333333337}","{""energy"": 1.0, ""water"": 1.0, ""transport"": 1.0}","{""energy"": 0.33333333333333326, ""water"": 0.9450666666666666, ""transport"": 0.6666666666666666}",13,0.38314666666666675,,,[],,v2.0,0.7,0.3
S4_water_partial,420,420,12826803924528619683,scenario=S4_water_partial|method=both|duration=0|theta=0.300000|delta_threshold=0.100000|A=v2.0|w=na|run_id=420|seed=12826803924528619683,False,"{""step_1_amount"": 0.295846093133619}",033832c9a51598bd69064fc3910037f6fde292830c04f0066e6d9779dc60f4ca,0.38314666666666675,0.4418260410353966,0.05867937436872983,5,0.0,0.0,0.38314666666666675,0.4418260410353966,0,0,0.05867937436872983,"{""energy"": 0.6666666666666667, ""water"": 0.05493333333333334, ""transport"": 0.33333333333333337}","{""energy"": 0.7055562189556326, ""water"": 0.17474094975035706, ""transport"": 0.3572708950934547}","{""energy"": 0.038889552288965845, ""water"": 0.11980761641702373, ""transport"": 0.02393756176012135}","{""energy"": 0.0, ""water"": 0.0, ""transport"": 0.0}","{""energy"": 0.0, ""water"": 0.0, ""transport"": 0.0}","{""energy"": 0.0, ""water"": 0.0, ""transport"": 0.0}",0.3,0.1,,0.38314666666666675,1.0,0.6168533333333333,1,"{""energy"": 0.6666666666666667, ""water"": 0.05493333333333334, ""transport"": 0.33333333333333337}","{""energy"": 1.0, ""water"": 1.0, ""transport"": 1.0}","{""energy"": 0.33333333333333326, ""water"": 0.9450666666666666, ""transport"": 0.6666666666666666}",11,0.4418260410353966,,,[],,v2.0,0.7,0.3
S4_water_partial,421,421,4548287138346450048,scenario=S4_water_partial|method=both|duration=0|theta=0.300000|delta_threshold=0.100000|A=v2.0|w=na|run_id=421|seed=4548287138346450048,False,"{""step_1_amount"": 0.13427448525607016}",033832c9a51598bd69064fc3910037f6fde292830c04f0066e6d9779dc60f4ca,0.38314666666666675,0.38314666666666675,0.0,22,0.0,0.0,0.38314666666666675,0.38314666666666675,0,0,0.0,"{""energy"": 0.6666666666666667, ""water"": 0.05493333333333334, ""transport"": 0.33333333333333337}","{""energy"": 0.6666666666666667, ""water"": 0.05493333333333334, ""transport"": 0.33333333333333337}","{""energy"": 0.0, ""water"": 0.0, ""transport"": 0.0}","{""energy"": 0.0, ""water"": 0.0, ""transport"": 0.0}","{""energy"": 0.0, ""water"": 0.0, ""transport"": 0.0}","{""energy"": 0.0, ""water"": 0.0, ""transport"": 0.0}",0.3,0.1,,0.38314666666666675,1.0,0.6168533333333333,1,"{""energy"": 0.6666666666666667, ""water"": 0.05493333333333334, ""transport"": 0.33333333333333337}","{""energy"": 1.0, ""water"": 1.0, ""transport"": 1.0}","{""energy"": 0.33333333333333326, ""water"": 0.9450666666666666, ""transport"": 0.6666666666666666}",13,0.38314666666666675,,,[],,v2.0,0.7,0.3
S4_water_partial,422,422,8698766085997915277,scenario=S4_water_partial|method=both|duration=0|theta=0.300000|delta_threshold=0.100000|A=v2.0|w=na|run_id=422|seed=8698766085997915277,False,"{""step_1_amount"": 0.45696937637966567}",033832c9a51598bd69064fc3910037f6fde292830c04f0066e6d9779dc60f4ca,0.38314666666666675,0.5404697431207075,0.15732307645404076,6,0.0,0.0,0.38314666666666675,0.5404697431207075,0,1,0.15732307645404076,"{""energy"": 0.6666666666666667, ""water"": 0.05493333333333334, ""transport"": 0.33333333333333337}","{""energy"": 0.770931991132716, ""water"": 0.37614505380791535, ""transport"": 0.3975114350841549}","{""energy"": 0.1042653244660493, ""water"": 0.321211720474582, ""transport"": 0.0641781017508215}","{""energy"": 0.0, ""water"": 0.0, ""transport"": 0.0}","{""energy"": 0.0, ""water"": 0.0, ""transport"": 0.0}","{""energy"": 0.0, ""water"": 0.0, ""transport"": 0.0}",0.3,0.1,,0.38314666666666675,1.0,0.6168533333333333,1,"{""energy"": 0.6666666666666667, ""water"": 0.05493333333333334, ""transport"": 0.33333333333333337}","{""energy"": 1.0, ""water"": 1.0, ""transport"": 1.0}","{""energy"": 0.33333333333333326, ""water"": 0.9450666666666666, ""transport"": 0.6666666666666666}",9,0.5404697431207075,,,[],,v2.0,0.7,0.3
S4_water_partial,423,423,2984002831485714649,scenario=S4_water_partial|method=both|duration=0|theta=0.300000|delta_threshold=0.100000|A=v2.0|w=na|run_id=423|seed=2984002831485714649,False,"{""step_1_amount"": 0.20456414460499844}",033832c9a51598bd69064fc3910037f6fde292830c04f0066e6d9779dc60f4ca,0.38314666666666675,0.38594095009746193,0.002794283430795186,19,0.0,0.0,0.38314666666666675,0.38594095009746193,0,0,0.002794283430795186,"{""energy"": 0.6666666666666667, ""water"": 0.05493333333333334, ""transport"": 0.33333333333333337}","{""energy"": 0.6685185683401449, ""water"": 0.06063851408958138, ""transport"": 0.33447322844843175}","{""energy"": 0.0018519016734781513, ""water"": 0.0057051807562480406, ""transport"": 0.0011398951150983772}","{""energy"": 0.0, ""water"": 0.0, ""transport"": 0.0}","{""energy"": 0.0, ""water"": 0.0, ""transport"": 0.0}","{""energy"": 0.0, ""water"": 0.0, ""transport"": 0.0}",0.3,0.1,,0.38314666666666675,1.0,0.6168533333333333,1,"{""energy"": 0.6666666666666667, ""water"": 0.05493333333333334, ""transport"": 0.33333333333333337}","{""energy"": 1.0, ""water"": 1.0, ""transport"": 1.0}","{""energy"": 0.33333333333333326, ""water"": 0.9450666666666666, ""transport"": 0.6666666666666666}",12,0.38594095009746193,,,[],,v2.0,0.7,0.3
S4_water_partial,424,424,5020515733756172454,scenario=S4_water_partial|method=both|duration=0|theta=0.300000|delta_threshold=0.100000|A=v2.0|w=na|run_id=424|seed=5020515733756172454,False,"{""step_1_amount"": 0.4759319631228051}",033832c9a51598bd69064fc3910037f6fde292830c04f0066e6d9779dc60f4ca,0.38314666666666675,0.5520791127895261,0.1689324461228594,30,0.0,0.0,0.38314666666666675,0.5520791127895261,0,1,0.1689324461228594,"{""energy"": 0.6666666666666667, ""water"": 0.05493333333333334, ""transport"": 0.33333333333333337}","{""energy"": 0.778626060703745, ""water"": 0.3998482872368397, ""transport"": 0.40224734112325394}","{""energy"": 0.11195939403707822, ""water"": 0.34491495390350635, ""transport"": 0.06891400778992057}","{""energy"": 0.0, ""water"": 0.0, ""transport"": 0.0}","{""energy"": 0.0, ""water"": 0.0, ""transport"": 0.0}","{""energy"": 0.0, ""water"": 0.0, ""transport"": 0.0}",0.3,0.1,,0.38314666666666675,1.0,0.6168533333333333,1,"{""energy"": 0.6666666666666667, ""water"": 0.05493333333333334, ""transport"": 0.33333333333333337}","{""energy"": 1.0, ""water"": 1.0, ""transport"": 1.0}","{""energy"": 0.33333333333333326, ""water"": 0.9450666666666666, ""transport"": 0.6666666666666666}",9,0.5520791127895261,,,[],,v2.0,0.7,0.3
S4_water_partial,425,425,15843267019484580065,scenario=S4_water_partial|method=both|duration=0|theta=0.300000|delta_threshold=0.100000|A=v2.0|w=na|run_id=425|seed=15843267019484580065,False,"{""step_1_amount"": 0.3545464341523346}",033832c9a51598bd69064fc3910037f6fde292830c04f0066e6d9779dc60f4ca,0.38314666666666675,0.4777638573155797,0.09461719064891294,11,0.0,0.0,0.38314666666666675,0.4777638573155797,0,0,0.09461719064891294,"{""energy"": 0.6666666666666667, ""water"": 0.05493333333333334, ""transport"": 0.33333333333333337}","{""energy"": 0.7293738823239765, ""water"": 0.2481163760237515, ""transport"": 0.37193130526287893}","{""energy"": 0.06270721565730975, ""water"": 0.19318304269041817, ""transport"": 0.03859797192954556}","{""energy"": 0.0, ""water"": 0.0, ""transport"": 0.0}","{""energy"": 0.0, ""water"": 0.0, ""transport"": 0.0}","{""energy"": 0.0, ""water"": 0.0, ""transport"": 0.0}",0.3,0.1,,0.38314666666666675,1.0,0.6168533333333333,1,"{""energy"": 0.6666666666666667, ""water"": 0.05493333333333334, ""transport"": 0.33333333333333337}","{""energy"": 1.0, ""water"": 1.0, ""transport"": 1.0}","{""energy"": 0.33333333333333326, ""water"": 0.9450666666666666, ""transport"": 0.6666666666666666}",10,0.4777638573155797,,,[],,v2.0,0.7,0.3
S4_water_partial,426,426,8375298192744646707,scenario=S4_water_partial|method=both|duration=0|theta=0.300000|delta_threshold=0.100000|A=v2.0|w=na|run_id=426|seed=8375298192744646707,False,"{""step_1_amount"": 0.3287444349902117}",033832c9a51598bd69064fc3910037f6fde292830c04f0066e6d9779dc60f4ca,0.38314666666666675,0.46196722837854914,0.0788205617118824,28,0.0,0.0,0.38314666666666675,0.46196722837854914,0,0,0.0788205617118824,"{""energy"": 0.6666666666666667, ""water"": 0.05493333333333334, ""transport"": 0.33333333333333337}","{""energy"": 0.7189047211639452, ""water"": 0.21586387707109803, ""transport"": 0.36548725597213877}","{""energy"": 0.052238054497278474, ""water"": 0.1609305437377647, ""transport"": 0.0321539226388054}","{""energy"": 0.0, ""water"": 0.0, ""transport"": 0.0}","{""energy"": 0.0, ""water"": 0.0, ""transport"": 0.0}","{""energy"": 0.0, ""water"": 0.0, ""transport"": 0.0}",0.3,0.1,,0.38314666666666675,1.0,0.6168533333333333,1,"{""energy"": 0.6666666666666667, ""water"": 0.05493333333333334, ""transport"": 0.33333333333333337}","{""energy"": 1.0, ""water"": 1.0, ""transport"": 1.0}","{""energy"": 0.33333333333333326, ""water"": 0.9450666666666666, ""transport"": 0.6666666666666666}",11,0.46196722837854914,,,[],,v2.0,0.7,0.3
S4_water_partial,427,427,6659422395599199151,scenario=S4_water_partial|method=both|duration=0|theta=0.300000|delta_threshold=0.100000|A=v2.0|w=na|run_id=427|seed=6659422395599199151,False,"{""step_1_amount"": 0.22249899538488915}",033832c9a51598bd69064fc3910037f6fde292830c04f0066e6d9779dc60f4ca,0.38314666666666675,0.3969211141161805,0.013774447449513727,28,0.0,0.0,0.38314666666666675,0.3969211141161805,0,0,0.013774447449513727,"{""energy"": 0.6666666666666667, ""water"": 0.05493333333333334, ""transport"": 0.33333333333333337}","{""energy"": 0.6757956340440855, ""water"": 0.08305707756444486, ""transport"": 0.33895245743070945}","{""energy"": 0.00912896737741875, ""water"": 0.028123744231111518, ""transport"": 0.0056191240973760825}","{""energy"": 0.0, ""water"": 0.0, ""transport"": 0.0}","{""energy"": 0.0, ""water"": 0.0, ""transport"": 0.0}","{""energy"": 0.0, ""water"": 0.0, ""transport"": 0.0}",0.3,0.1,,0.38314666666666675,1.0,0.6168533333333333,1,"{""energy"": 0.6666666666666667, ""water"": 0.05493333333333334, ""transport"": 0.33333333333333337}","{""energy"": 1.0, ""water"": 1.0, ""transport"": 1.0}","{""energy"": 0.33333333333333326, ""water"": 0.9450666666666666, ""transport"": 0.6666666666666666}",12,0.3969211141161805,,,[],,v2.0,0.7,0.3
S4_water_partial,428,428,4692380829621224773,scenario=S4_water_partial|method=both|duration=0|theta=0.300000|delta_threshold=0.100000|A=v2.0|w=na|run_id=428|seed=4692380829621224773,False,"{""step_1_amount"": 0.24860796511172162}",033832c9a51598bd69064fc3910037f6fde292830c04f0066e6d9779dc60f4ca,0.38314666666666675,0.4129056781071905,0.02975901144052373,15,0.0,0.0,0.38314666666666675,0.4129056781071905,0,0,0.02975901144052373,"{""energy"": 0.6666666666666667, ""water"": 0.05493333333333334, ""transport"": 0.33333333333333337}","{""energy"": 0.6863893485107477, ""water"": 0.1156932897229853, ""transport"": 0.34547317261998584}","{""energy"": 0.01972268184408099, ""water"": 0.06075995638965196, ""transport"": 0.012139839286652465}","{""energy"": 0.0, ""water"": 0.0, ""transport"": 0.0}","{""energy"": 0.0, ""water"": 0.0, ""transport"": 0.0}","{""energy"": 0.0, ""water"": 0.0, ""transport"": 0.0}",0.3,0.1,,0.38314666666666675,1.0,0.6168533333333333,1,"{""energy"": 0.6666666666666667, ""water"": 0.05493333333333334, ""transport"": 0.33333333333333337}","{""energy"": 1.0, ""water"": 1.0, ""transport"": 1.0}","{""energy"": 0.33333333333333326, ""water"": 0.9450666666666666, ""transport"": 0.6666666666666666}",12,0.4129056781071905,,,[],,v2.0,0.7,0.3
S4_water_partial,429,429,8733048772901908286,scenario=S4_water_partial|method=both|duration=0|theta=0.300000|delta_threshold=0.100000|A=v2.0|w=na|run_id=429|seed=8733048772901908286,False,"{""step_1_amount"": 0.30657774317987035}",033832c9a51598bd69064fc3910037f6fde292830c04f0066e6d9779dc60f4ca,0.38314666666666675,0.44839622548496283,0.06524955881829608,18,0.0,0.0,0.38314666666666675,0.44839622548496283,0,0,0.06524955881829608,"{""energy"": 0.6666666666666667, ""water"": 0.05493333333333334, ""transport"": 0.33333333333333337}","{""energy"": 0.7099105859618992, ""water"": 0.1881555123081713, ""transport"": 0.359951124692506}","{""energy"": 0.043243919295232414, ""water"": 0.13322217897483796, ""transport"": 0.026617791359172638}","{""energy"": 0.0, ""water"": 0.0, ""transport"": 0.0}","{""energy"": 0.0, ""water"": 0.0, ""transport"": 0.0}","{""energy"": 0.0, ""water"": 0.0, ""transport"": 0.0}",0.3,0.1,,0.38314666666666675,1.0,0.6168533333333333,1,"{""energy"": 0.6666666666666667, ""water"": 0.05493333333333334, ""transport"": 0.33333333333333337}","{""energy"": 1.0, ""water"": 1.0, ""transport"": 1.0}","{""energy"": 0.33333333333333326, ""water"": 0.9450666666666666, ""transport"": 0.6666666666666666}",11,0.44839622548496283,,,[],,v2.0,0.7,0.3
S4_water_partial,430,430,14498635803292216714,scenario=S4_water_partial|method=both|duration=0|theta=0.300000|delta_threshold=0.100000|A=v2.0|w=na|run_id=430|seed=14498635803292216714,False,"{""step_1_amount"": 0.47840440733352424}",033832c9a51598bd69064fc3910037f6fde292830c04f0066e6d9779dc60f4ca,0.38314666666666675,0.5535928049464336,0.17044613827976685,28,0.0,0.0,0.38314666666666675,0.5535928049464336,0,1,0.17044613827976685,"{""energy"": 0.6666666666666667, ""water"": 0.05493333333333334, ""transport"": 0.33333333333333337}","{""energy"": 0.7796292549422442, ""water"": 0.4029388425002386, ""transport"": 0.40286483406488105}","{""energy"": 0.11296258827557748, ""water"": 0.34800550916690526, ""transport"": 0.06953150073154768}","{""energy"": 0.0, ""water"": 0.0, ""transport"": 0.0}","{""energy"": 0.0, ""water"": 0.0, ""transport"": 0.0}","{""energy"": 0.0, ""water"": 0.0, ""transport"": 0.0}",0.3,0.1,,0.38314666666666675,1.0,0.6168533333333333,1,"{""energy"": 0.6666666666666667, ""water"": 0.05493333333333334, ""transport"": 0.33333333333333337}","{""energy"": 1.0, ""water"": 1.0, ""transport"": 1.0}","{""energy"": 0.33333333333333326, ""water"": 0.9450666666666666, ""transport"": 0.6666666666666666}",9,0.5535928049464336,,,[],,v2.0,0.7,0.3
S4_water_partial,431,431,17651330708241601398,scenario=S4_water_partial|method=both|duration=0|theta=0.300000|delta_threshold=0.100000|A=v2.0|w=na|run_id=431|seed=17651330708241601398,False,"{""step_1_amount"": 0.2122608468418772}",033832c9a51598bd69064fc3910037f6fde292830c04f0066e6d9779dc60f4ca,0.38314666666666675,0.390653063624435,0.00750639695776828,26,0.0,0.0,0.38314666666666675,0.390653063624435,0,0,0.00750639695776828,"{""energy"": 0.6666666666666667, ""water"": 0.05493333333333334, ""transport"": 0.33333333333333337}","{""energy"": 0.6716415052727585, ""water"": 0.07025939188567984, ""transport"": 0.3363954798320922}","{""energy"": 0.004974838606091714, ""water"": 0.015326058552346498, ""transport"": 0.0030621464987588554}","{""energy"": 0.0, ""water"": 0.0, ""transport"": 0.0}","{""energy"": 0.0, ""water"": 0.0, ""transport"": 0.0}","{""energy"": 0.0, ""water"": 0.0, ""transport"": 0.0}",0.3,0.1,,0.38314666666666675,1.0,0.6168533333333333,1,"{""energy"": 0.6666666666666667, ""water"": 0.05493333333333334, ""transport"": 0.33333333333333337}","{""energy"": 1.0, ""water"": 1.0, ""transport"": 1.0}","{""energy"": 0.33333333333333326, ""water"": 0.9450666666666666, ""transport"": 0.6666666666666666}",12,0.390653063624435,,,[],,v2.0,0.7,0.3
S4_water_partial,432,432,15132897181434127291,scenario=S4_water_partial|method=both|duration=0|theta=0.300000|delta_threshold=0.100000|A=v2.0|w=na|run_id=432|seed=15132897181434127291,False,"{""step_1_amount"": 0.2851502356991248}",033832c9a51598bd69064fc3910037f6fde292830c04f0066e6d9779dc60f4ca,0.38314666666666675,0.4352777697175634,0.05213110305089663,11,0.0,0.0,0.38314666666666675,0.4352777697175634,0,0,0.05213110305089663,"{""energy"": 0.6666666666666667, ""water"": 0.05493333333333334, ""transport"": 0.33333333333333337}","{""energy"": 0.7012163748015866, ""water"": 0.16137112795723932, ""transport"": 0.3545996046991898}","{""energy"": 0.034549708134919865, ""water"": 0.10643779462390598, ""transport"": 0.021266271365856404}","{""energy"": 0.0, ""water"": 0.0, ""transport"": 0.0}","{""energy"": 0.0, ""water"": 0.0, ""transport"": 0.0}","{""energy"": 0.0, ""water"": 0.0, ""transport"": 0.0}",0.3,0.1,,0.38314666666666675,1.0,0.6168533333333333,1,"{""energy"": 0.6666666666666667, ""water"": 0.05493333333333334, ""transport"": 0.33333333333333337}","{""energy"": 1.0, ""water"": 1.0, ""transport"": 1.0}","{""energy"": 0.33333333333333326, ""water"": 0.9450666666666666, ""transport"": 0.6666666666666666}",11,0.4352777697175634,,,[],,v2.0,0.7,0.3
S4_water_partial,433,433,13694354791822301369,scenario=S4_water_partial|method=both|duration=0|theta=0.300000|delta_threshold=0.100000|A=v2.0|w=na|run_id=433|seed=13694354791822301369,False,"{""step_1_amount"": 0.6084197169462324}",033832c9a51598bd69064fc3910037f6fde292830c04f0066e6d9779dc60f4ca,0.38314666666666675,0.6331914278740738,0.25004476120740704,9,0.0,0.0,0.38314666666666675,0.6331914278740738,0,1,0.25004476120740704,"{""energy"": 0.6666666666666667, ""water"": 0.05493333333333334, ""transport"": 0.33333333333333337}","{""energy"": 0.8323829668176005, ""water"": 0.5654579795161239, ""transport"": 0.4353361576406549}","{""energy"": 0.16571630015093375, ""water"": 0.5105246461827905, ""transport"": 0.10200282430732155}","{""energy"": 0.0, ""water"": 0.0, ""transport"": 0.0}","{""energy"": 0.0, ""water"": 0.0, ""transport"": 0.0}","{""energy"": 0.0, ""water"": 0.0, ""transport"": 0.0}",0.3,0.1,,0.38314666666666675,1.0,0.6168533333333333,1,"{""energy"": 0.6666666666666667, ""water"": 0.05493333333333334, ""transport"": 0.33333333333333337}","{""energy"": 1.0, ""water"": 1.0, ""transport"": 1.0}","{""energy"": 0.33333333333333326, ""water"": 0.9450666666666666, ""transport"": 0.6666666666666666}",7,0.6331914278740738,,,[],,v2.0,0.7,0.3
S4_water_partial,434,434,7635729891766417556,scenario=S4_water_partial|method=both|duration=0|theta=0.300000|delta_threshold=0.100000|A=v2.0|w=na|run_id=434|seed=7635729891766417556,False,"{""step_1_amount"": 0.542156739667353}",033832c9a51598bd69064fc3910037f6fde292830c04f0066e6d9779dc60f4ca,0.38314666666666675,0.5926235766095119,0.20947690994284518,5,0.0,0.0,0.38314666666666675,0.5926235766095119,0,1,0.20947690994284518,"{""energy"": 0.6666666666666667, ""water"": 0.05493333333333334, ""transport"": 0.33333333333333337}","{""energy"": 0.8054967637866952, ""water"": 0.4826292579175246, ""transport"": 0.4187869790652548}","{""energy"": 0.13883009712002847, ""water"": 0.42769592458419126, ""transport"": 0.08545364573192143}","{""energy"": 0.0, ""water"": 0.0, ""transport"": 0.0}","{""energy"": 0.0, ""water"": 0.0, ""transport"": 0.0}","{""energy"": 0.0, ""water"": 0.0, ""transport"": 0.0}",0.3,0.1,,0.38314666666666675,1.0,0.6168533333333333,1,"{""energy"": 0.6666666666666667, ""water"": 0.05493333333333334, ""transport"": 0.33333333333333337}","{""energy"": 1.0, ""water"": 1.0, ""transport"": 1.0}","{""energy"": 0.33333333333333326, ""water"": 0.9450666666666666, ""transport"": 0.6666666666666666}",8,0.5926235766095119,,,[],,v2.0,0.7,0.3
S4_water_partial,435,435,7970392988065809921,scenario=S4_water_partial|method=both|duration=0|theta=0.300000|delta_threshold=0.100000|A=v2.0|w=na|run_id=435|seed=7970392988065809921,False,"{""step_1_amount"": 0.511048161558976}",033832c9a51598bd69064fc3910037f6fde292830c04f0066e6d9779dc60f4ca,0.38314666666666675,0.5735781273771109,0.19043146071044414,7,0.0,0.0,0.38314666666666675,0.5735781273771109,0,1,0.19043146071044414,"{""energy"": 0.6666666666666667, ""water"": 0.05493333333333334, ""transport"": 0.33333333333333337}","{""energy"": 0.7928744582192213, ""water"": 0.44374353528205335, ""transport"": 0.41101761168268763}","{""energy"": 0.12620779155255457, ""water"": 0.38881020194872, ""transport"": 0.07768427834935426}","{""energy"": 0.0, ""water"": 0.0, ""transport"": 0.0}","{""energy"": 0.0, ""water"": 0.0, ""transport"": 0.0}","{""energy"": 0.0, ""water"": 0.0, ""transport"": 0.0}",0.3,0.1,,0.38314666666666675,1.0,0.6168533333333333,1,"{""energy"": 0.6666666666666667, ""water"": 0.05493333333333334, ""transport"": 0.33333333333333337}","{""energy"": 1.0, ""water"": 1.0, ""transport"": 1.0}","{""energy"": 0.33333333333333326, ""water"": 0.9450666666666666, ""transport"": 0.6666666666666666}",8,0.5735781273771109,,,[],,v2.0,0.7,0.3
S4_water_partial,436,436,15845971405657917536,scenario=S4_water_partial|method=both|duration=0|theta=0.300000|delta_threshold=0.100000|A=v2.0|w=na|run_id=436|seed=15845971405657917536,False,"{""step_1_amount"": 0.3485629951318029}",033832c9a51598bd69064fc3910037f6fde292830c04f0066e6d9779dc60f4ca,0.38314666666666675,0.47410064636123467,0.09095397969456792,28,0.0,0.0,0.38314666666666675,0.47410064636123467,0,0,0.09095397969456792,"{""energy"": 0.6666666666666667, ""water"": 0.05493333333333334, ""transport"": 0.33333333333333337}","{""energy"": 0.7269461019413958, ""water"": 0.2406370772480869, ""transport"": 0.37043694136750116}","{""energy"": 0.06027943527472901, ""water"": 0.18570374391475356, ""transport"": 0.03710360803416779}","{""energy"": 0.0, ""water"": 0.0, ""transport"": 0.0}","{""energy"": 0.0, ""water"": 0.0, ""transport"": 0.0}","{""energy"": 0.0, ""water"": 0.0, ""transport"": 0.0}",0.3,0.1,,0.38314666666666675,1.0,0.6168533333333333,1,"{""energy"": 0.6666666666666667, ""water"": 0.05493333333333334, ""transport"": 0.33333333333333337}","{""energy"": 1.0, ""water"": 1.0, ""transport"": 1.0}","{""energy"": 0.33333333333333326, ""water"": 0.9450666666666666, ""transport"": 0.6666666666666666}",10,0.47410064636123467,,,[],,v2.0,0.7,0.3
S4_water_partial,437,437,3632063402133659853,scenario=S4_water_partial|method=both|duration=0|theta=0.300000|delta_threshold=0.100000|A=v2.0|w=na|run_id=437|seed=3632063402133659853,False,"{""step_1_amount"": 0.5023519697698084}",033832c9a51598bd69064fc3910037f6fde292830c04f0066e6d9779dc60f4ca,0.38314666666666675,0.5682541013589877,0.18510743469232094,8,0.0,0.0,0.38314666666666675,0.5682541013589877,0,1,0.18510743469232094,"{""energy"": 0.6666666666666667, ""water"": 0.05493333333333334, ""transport"": 0.33333333333333337}","{""energy"": 0.7893459784007665, ""water"": 0.43287329554559384, ""transport"": 0.408845737783343}","{""energy"": 0.12267931173409974, ""water"": 0.3779399622122605, ""transport"": 0.07551240445000962}","{""energy"": 0.0, ""water"": 0.0, ""transport"": 0.0}","{""energy"": 0.0, ""water"": 0.0, ""transport"": 0.0}","{""energy"": 0.0, ""water"": 0.0, ""transport"": 0.0}",0.3,0.1,,0.38314666666666675,1.0,0.6168533333333333,1,"{""energy"": 0.6666666666666667, ""water"": 0.05493333333333334, ""transport"": 0.33333333333333337}","{""energy"": 1.0, ""water"": 1.0, ""transport"": 1.0}","{""energy"": 0.33333333333333326, ""water"": 0.9450666666666666, ""transport"": 0.6666666666666666}",8,0.5682541013589877,,,[],,v2.0,0.7,0.3
S4_water_partial,438,438,832557090653065580,scenario=S4_water_partial|method=both|duration=0|theta=0.300000|delta_threshold=0.100000|A=v2.0|w=na|run_id=438|seed=832557090653065580,False,"{""step_1_amount"": 0.4583969495190253}",033832c9a51598bd69064fc3910037f6fde292830c04f0066e6d9779dc60f4ca,0.38314666666666675,0.5413437390859521,0.15819707241928538,22,0.0,0.0,0.38314666666666675,0.5413437390859521,0,1,0.15819707241928538,"{""energy"": 0.6666666666666667, ""water"": 0.05493333333333334, ""transport"": 0.33333333333333337}","{""energy"": 0.7715112289340113, ""water"": 0.37792952023211507, ""transport"": 0.39786797147570996}","{""energy"": 0.10484456226734451, ""water"": 0.32299618689878173, ""transport"": 0.06453463814237659}","{""energy"": 0.0, ""water"": 0.0, ""transport"": 0.0}","{""energy"": 0.0, ""water"": 0.0, ""transport"": 0.0}","{""energy"": 0.0, ""water"": 0.0, ""transport"": 0.0}",0.3,0.1,,0.38314666666666675,1.0,0.6168533333333333,1,"{""energy"": 0.6666666666666667, ""water"": 0.05493333333333334, ""transport"": 0.33333333333333337}","{""energy"": 1.0, ""water"": 1.0, ""transport"": 1.0}","{""energy"": 0.33333333333333326, ""water"": 0.9450666666666666, ""transport"": 0.6666666666666666}",9,0.5413437390859521,,,[],,v2.0,0.7,0.3
S4_water_partial,439,439,3788557952332470812,scenario=S4_water_partial|method=both|duration=0|theta=0.300000|delta_threshold=0.100000|A=v2.0|w=na|run_id=439|seed=3788557952332470812,False,"{""step_1_amount"": 0.299854086478672}",033832c9a51598bd69064fc3910037f6fde292830c04f0066e6d9779dc60f4ca,0.38314666666666675,0.4442798347610717,0.061133168094404944,25,0.0,0.0,0.38314666666666675,0.4442798347610717,0,0,0.061133168094404944,"{""energy"": 0.6666666666666667, ""water"": 0.05493333333333334, ""transport"": 0.33333333333333337}","{""energy"": 0.707182462255388, ""water"": 0.17975094143167333, ""transport"": 0.3582718914313817}","{""energy"": 0.040515795588721204, ""water"": 0.12481760809834, ""transport"": 0.024938558098048347}","{""energy"": 0.0, ""water"": 0.0, ""transport"": 0.0}","{""energy"": 0.0, ""water"": 0.0, ""transport"": 0.0}","{""energy"": 0.0, ""water"": 0.0, ""transport"": 0.0}",0.3,0.1,,0.38314666666666675,1.0,0.6168533333333333,1,"{""energy"": 0.6666666666666667, ""water"": 0.05493333333333334, ""transport"": 0.33333333333333337}","{""energy"": 1.0, ""water"": 1.0, ""transport"": 1.0}","{""energy"": 0.33333333333333326, ""water"": 0.9450666666666666, ""transport"": 0.6666666666666666}",11,0.4442798347610717,,,[],,v2.0,0.7,0.3
S4_water_partial,440,440,10371979740185287017,scenario=S4_water_partial|method=both|duration=0|theta=0.300000|delta_threshold=0.100000|A=v2.0|w=na|run_id=440|seed=10371979740185287017,False,"{""step_1_amount"": 0.28178002415205383}",033832c9a51598bd69064fc3910037f6fde292830c04f0066e6d9779dc60f4ca,0.38314666666666675,0.4332144419531578,0.050067775286491034,28,0.0,0.0,0.38314666666666675,0.4332144419531578,0,0,0.050067775286491034,"{""energy"": 0.6666666666666667, ""water"": 0.05493333333333334, ""transport"": 0.33333333333333337}","{""energy"": 0.6998489114663625, ""water"": 0.15715836352340057, ""transport"": 0.3537578943653088}","{""energy"": 0.03318224479969578, ""water"": 0.10222503019006723, ""transport"": 0.02042456103197543}","{""energy"": 0.0, ""water"": 0.0, ""transport"": 0.0}","{""energy"": 0.0, ""water"": 0.0, ""transport"": 0.0}","{""energy"": 0.0, ""water"": 0.0, ""transport"": 0.0}",0.3,0.1,,0.38314666666666675,1.0,0.6168533333333333,1,"{""energy"": 0.6666666666666667, ""water"": 0.05493333333333334, ""transport"": 0.33333333333333337}","{""energy"": 1.0, ""water"": 1.0, ""transport"": 1.0}","{""energy"": 0.33333333333333326, ""water"": 0.9450666666666666, ""transport"": 0.6666666666666666}",11,0.4332144419531578,,,[],,v2.0,0.7,0.3
S4_water_partial,441,441,531541196721211397,scenario=S4_water_partial|method=both|duration=0|theta=0.300000|delta_threshold=0.100000|A=v2.0|w=na|run_id=441|seed=531541196721211397,False,"{""step_1_amount"": 0.25294626259978586}",033832c9a51598bd69064fc3910037f6fde292830c04f0066e6d9779dc60f4ca,0.38314666666666675,0.4155616922868206,0.03241502562015386,26,0.0,0.0,0.38314666666666675,0.4155616922868206,0,0,0.03241502562015386,"{""energy"": 0.6666666666666667, ""water"": 0.05493333333333334, ""transport"": 0.33333333333333337}","{""energy"": 0.6881496127165299, ""water"": 0.1211161615830657, ""transport"": 0.3465566624176299}","{""energy"": 0.021482946049863116, ""water"": 0.06618282824973237, ""transport"": 0.01322332908429652}","{""energy"": 0.0, ""water"": 0.0, ""transport"": 0.0}","{""energy"": 0.0, ""water"": 0.0, ""transport"": 0.0}","{""energy"": 0.0, ""water"": 0.0, ""transport"": 0.0}",0.3,0.1,,0.38314666666666675,1.0,0.6168533333333333,1,"{""energy"": 0.6666666666666667, ""water"": 0.05493333333333334, ""transport"": 0.33333333333333337}","{""energy"": 1.0, ""water"": 1.0, ""transport"": 1.0}","{""energy"": 0.33333333333333326, ""water"": 0.9450666666666666, ""transport"": 0.6666666666666666}",12,0.4155616922868206,,,[],,v2.0,0.7,0.3
S4_water_partial,442,442,2851643654881892313,scenario=S4_water_partial|method=both|duration=0|theta=0.300000|delta_threshold=0.100000|A=v2.0|w=na|run_id=442|seed=2851643654881892313,False,"{""step_1_amount"": 0.28514488007177713}",033832c9a51598bd69064fc3910037f6fde292830c04f0066e6d9779dc60f4ca,0.38314666666666675,0.4352744908686105,0.05212782420194373,26,0.0,0.0,0.38314666666666675,0.4352744908686105,0,0,0.05212782420194373,"{""energy"": 0.6666666666666667, ""water"": 0.05493333333333334, ""transport"": 0.33333333333333337}","{""energy"": 0.7012142017557903, ""water"": 0.1613644334230548, ""transport"": 0.3545982671312597}","{""energy"": 0.03454753508912356, ""water"": 0.10643110008972145, ""transport"": 0.021264933797926322}","{""energy"": 0.0, ""water"": 0.0, ""transport"": 0.0}","{""energy"": 0.0, ""water"": 0.0, ""transport"": 0.0}","{""energy"": 0.0, ""water"": 0.0, ""transport"": 0.0}",0.3,0.1,,0.38314666666666675,1.0,0.6168533333333333,1,"{""energy"": 0.6666666666666667, ""water"": 0.05493333333333334, ""transport"": 0.33333333333333337}","{""energy"": 1.0, ""water"": 1.0, ""transport"": 1.0}","{""energy"": 0.33333333333333326, ""water"": 0.9450666666666666, ""transport"": 0.6666666666666666}",11,0.4352744908686105,,,[],,v2.0,0.7,0.3
S4_water_partial,443,443,15104941794917444846,scenario=S4_water_partial|method=both|duration=0|theta=0.300000|delta_threshold=0.100000|A=v2.0|w=na|run_id=443|seed=15104941794917444846,False,"{""step_1_amount"": 0.5822273182009363}",033832c9a51598bd69064fc3910037f6fde292830c04f0066e6d9779dc60f4ca,0.38314666666666675,0.6171557865522349,0.23400911988556816,13,0.0,0.0,0.38314666666666675,0.6171557865522349,0,1,0.23400911988556816,"{""energy"": 0.6666666666666667, ""water"": 0.05493333333333334, ""transport"": 0.33333333333333337}","{""energy"": 0.8217554010266966, ""water"": 0.5327174810845038, ""transport"": 0.4287946060540172}","{""energy"": 0.1550887343600299, ""water"": 0.47778414775117045, ""transport"": 0.09546127272068383}","{""energy"": 0.0, ""water"": 0.0, ""transport"": 0.0}","{""energy"": 0.0, ""water"": 0.0, ""transport"": 0.0}","{""energy"": 0.0, ""water"": 0.0, ""transport"": 0.0}",0.3,0.1,,0.38314666666666675,1.0,0.6168533333333333,1,"{""energy"": 0.6666666666666667, ""water"": 0.05493333333333334, ""transport"": 0.33333333333333337}","{""energy"": 1.0, ""water"": 1.0, ""transport"": 1.0}","{""energy"": 0.33333333333333326, ""water"": 0.9450666666666666, ""transport"": 0.6666666666666666}",7,0.6171557865522349,,,[],,v2.0,0.7,0.3
S4_water_partial,444,444,9375259197427619471,scenario=S4_water_partial|method=both|duration=0|theta=0.300000|delta_threshold=0.100000|A=v2.0|w=na|run_id=444|seed=9375259197427619471,False,"{""step_1_amount"": 0.5112546025122916}",033832c9a51598bd69064fc3910037f6fde292830c04f0066e6d9779dc60f4ca,0.38314666666666675,0.5737045156897544,0.1905578490230877,7,0.0,0.0,0.38314666666666675,0.5737045156897544,0,1,0.1905578490230877,"{""energy"": 0.6666666666666667, ""water"": 0.05493333333333334, ""transport"": 0.33333333333333337}","{""energy"": 0.792958221636029, ""water"": 0.44400158647369786, ""transport"": 0.4110691703107782}","{""energy"": 0.12629155496936229, ""water"": 0.38906825314036453, ""transport"": 0.07773583697744485}","{""energy"": 0.0, ""water"": 0.0, ""transport"": 0.0}","{""energy"": 0.0, ""water"": 0.0, ""transport"": 0.0}","{""energy"": 0.0, ""water"": 0.0, ""transport"": 0.0}",0.3,0.1,,0.38314666666666675,1.0,0.6168533333333333,1,"{""energy"": 0.6666666666666667, ""water"": 0.05493333333333334, ""transport"": 0.33333333333333337}","{""energy"": 1.0, ""water"": 1.0, ""transport"": 1.0}","{""energy"": 0.33333333333333326, ""water"": 0.9450666666666666, ""transport"": 0.6666666666666666}",8,0.5737045156897544,,,[],,v2.0,0.7,0.3
S4_water_partial,445,445,4344036447798051703,scenario=S4_water_partial|method=both|duration=0|theta=0.300000|delta_threshold=0.100000|A=v2.0|w=na|run_id=445|seed=4344036447798051703,False,"{""step_1_amount"": 0.10314713266326998}",033832c9a51598bd69064fc3910037f6fde292830c04f0066e6d9779dc60f4ca,0.38314666666666675,0.38314666666666675,0.0,18,0.0,0.0,0.38314666666666675,0.38314666666666675,0,0,0.0,"{""energy"": 0.6666666666666667, ""water"": 0.05493333333333334, ""transport"": 0.33333333333333337}","{""energy"": 0.6666666666666667, ""water"": 0.05493333333333334, ""transport"": 0.33333333333333337}","{""energy"": 0.0, ""water"": 0.0, ""transport"": 0.0}","{""energy"": 0.0, ""water"": 0.0, ""transport"": 0.0}","{""energy"": 0.0, ""water"": 0.0, ""transport"": 0.0}","{""energy"": 0.0, ""water"": 0.0, ""transport"": 0.0}",0.3,0.1,,0.38314666666666675,1.0,0.6168533333333333,1,"{""energy"": 0.6666666666666667, ""water"": 0.05493333333333334, ""transport"": 0.33333333333333337}","{""energy"": 1.0, ""water"": 1.0, ""transport"": 1.0}","{""energy"": 0.33333333333333326, ""water"": 0.9450666666666666, ""transport"": 0.6666666666666666}",13,0.38314666666666675,,,[],,v2.0,0.7,0.3
S4_water_partial,446,446,9379423561992053237,scenario=S4_water_partial|method=both|duration=0|theta=0.300000|delta_threshold=0.100000|A=v2.0|w=na|run_id=446|seed=9379423561992053237,False,"{""step_1_amount"": 0.511626991692423}",033832c9a51598bd69064fc3910037f6fde292830c04f0066e6d9779dc60f4ca,0.38314666666666675,0.5739325016555603,0.19078583498889357,29,0.0,0.0,0.38314666666666675,0.5739325016555603,0,1,0.19078583498889357,"{""energy"": 0.6666666666666667, ""water"": 0.05493333333333334, ""transport"": 0.33333333333333337}","{""energy"": 0.7931093185458673, ""water"": 0.44446707294886206, ""transport"": 0.411162174508516}","{""energy"": 0.12644265187920056, ""water"": 0.38953373961552873, ""transport"": 0.07782884117518263}","{""energy"": 0.0, ""water"": 0.0, ""transport"": 0.0}","{""energy"": 0.0, ""water"": 0.0, ""transport"": 0.0}","{""energy"": 0.0, ""water"": 0.0, ""transport"": 0.0}",0.3,0.1,,0.38314666666666675,1.0,0.6168533333333333,1,"{""energy"": 0.6666666666666667, ""water"": 0.05493333333333334, ""transport"": 0.33333333333333337}","{""energy"": 1.0, ""water"": 1.0, ""transport"": 1.0}","{""energy"": 0.33333333333333326, ""water"": 0.9450666666666666, ""transport"": 0.6666666666666666}",8,0.5739325016555603,,,[],,v2.0,0.7,0.3
S4_water_partial,447,447,5778192932081110767,scenario=S4_water_partial|method=both|duration=0|theta=0.300000|delta_threshold=0.100000|A=v2.0|w=na|run_id=447|seed=5778192932081110767,False,"{""step_1_amount"": 0.32772555327494723}",033832c9a51598bd69064fc3910037f6fde292830c04f0066e6d9779dc60f4ca,0.38314666666666675,0.4613434435204213,0.07819677685375453,22,0.0,0.0,0.38314666666666675,0.4613434435204213,0,0,0.07819677685375453,"{""energy"": 0.6666666666666667, ""water"": 0.05493333333333334, ""transport"": 0.33333333333333337}","{""energy"": 0.7184913099079766, ""water"": 0.21459027492701743, ""transport"": 0.36523279026375144}","{""energy"": 0.051824643241309865, ""water"": 0.1596569415936841, ""transport"": 0.03189945693041807}","{""energy"": 0.0, ""water"": 0.0, ""transport"": 0.0}","{""energy"": 0.0, ""water"": 0.0, ""transport"": 0.0}","{""energy"": 0.0, ""water"": 0.0, ""transport"": 0.0}",0.3,0.1,,0.38314666666666675,1.0,0.6168533333333333,1,"{""energy"": 0.6666666666666667, ""water"": 0.05493333333333334, ""transport"": 0.33333333333333337}","{""energy"": 1.0, ""water"": 1.0, ""transport"": 1.0}","{""energy"": 0.33333333333333326, ""water"": 0.9450666666666666, ""transport"": 0.6666666666666666}",11,0.4613434435204213,,,[],,v2.0,0.7,0.3
S4_water_partial,448,448,6352307397692006636,scenario=S4_water_partial|method=both|duration=0|theta=0.300000|delta_threshold=0.100000|A=v2.0|w=na|run_id=448|seed=6352307397692006636,False,"{""step_1_amount"": 0.5162228088552768}",033832c9a51598bd69064fc3910037f6fde292830c04f0066e6d9779dc60f4ca,0.38314666666666675,0.5767461758180886,0.19359950915142188,28,0.0,0.0,0.38314666666666675,0.5767461758180886,0,1,0.19359950915142188,"{""energy"": 0.6666666666666667, ""water"": 0.05493333333333334, ""transport"": 0.33333333333333337}","{""energy"": 0.7949740713596953, ""water"": 0.4502118444024294, ""transport"": 0.4123099798449388}","{""energy"": 0.1283074046930286, ""water"": 0.39527851106909606, ""transport"": 0.07897664651160541}","{""energy"": 0.0, ""water"": 0.0, ""transport"": 0.0}","{""energy"": 0.0, ""water"": 0.0, ""transport"": 0.0}","{""energy"": 0.0, ""water"": 0.0, ""transport"": 0.0}",0.3,0.1,,0.38314666666666675,1.0,0.6168533333333333,1,"{""energy"": 0.6666666666666667, ""water"": 0.05493333333333334, ""transport"": 0.33333333333333337}","{""energy"": 1.0, ""water"": 1.0, ""transport"": 1.0}","{""energy"": 0.33333333333333326, ""water"": 0.9450666666666666, ""transport"": 0.6666666666666666}",8,0.5767461758180886,,,[],,v2.0,0.7,0.3
S4_water_partial,449,449,6030199222689767374,scenario=S4_water_partial|method=both|duration=0|theta=0.300000|delta_threshold=0.100000|A=v2.0|w=na|run_id=449|seed=6030199222689767374,False,"{""step_1_amount"": 0.6887808891981544}",033832c9a51598bd69064fc3910037f6fde292830c04f0066e6d9779dc60f4ca,0.38314666666666675,0.6823905465560067,0.29924387988934,13,0.0,0.0,0.38314666666666675,0.6823905465560067,0,1,0.29924387988934,"{""energy"": 0.6666666666666667, ""water"": 0.05493333333333334, ""transport"": 0.33333333333333337}","{""energy"": 0.8649895124588178, ""water"": 0.6659094448310263, ""transport"": 0.4554063604105724}","{""energy"": 0.1983228457921511, ""water"": 0.6109761114976929, ""transport"": 0.12207302707723905}","{""energy"": 0.0, ""water"": 0.0, ""transport"": 0.0}","{""energy"": 0.0, ""water"": 0.0, ""transport"": 0.0}","{""energy"": 0.0, ""water"": 0.0, ""transport"": 0.0}",0.3,0.1,,0.38314666666666675,1.0,0.6168533333333333,1,"{""energy"": 0.6666666666666667, ""water"": 0.05493333333333334, ""transport"": 0.33333333333333337}","{""energy"": 1.0, ""water"": 1.0, ""transport"": 1.0}","{""energy"": 0.33333333333333326, ""water"": 0.9450666666666666, ""transport"": 0.6666666666666666}",6,0.6823905465560067,,,[],,v2.0,0.7,0.3
S4_water_partial,450,450,6168452616523203100,scenario=S4_water_partial|method=both|duration=0|theta=0.300000|delta_threshold=0.100000|A=v2.0|w=na|run_id=450|seed=6168452616523203100,False,"{""step_1_amount"": 0.44887843945250344}",033832c9a51598bd69064fc3910037f6fde292830c04f0066e6d9779dc60f4ca,0.38314666666666675,0.5355162692604757,0.15236960259380894,14,0.0,0.0,0.38314666666666675,0.5355162692604757,0,1,0.15236960259380894,"{""energy"": 0.6666666666666667, ""water"": 0.05493333333333334, ""transport"": 0.33333333333333337}","{""energy"": 0.76764909347452, ""water"": 0.3660313826489627, ""transport"": 0.3954907235865961}","{""energy"": 0.1009824268078533, ""water"": 0.31109804931562934, ""transport"": 0.06215739025326272}","{""energy"": 0.0, ""water"": 0.0, ""transport"": 0.0}","{""energy"": 0.0, ""water"": 0.0, ""transport"": 0.0}","{""energy"": 0.0, ""water"": 0.0, ""transport"": 0.0}",0.3,0.1,,0.38314666666666675,1.0,0.6168533333333333,1,"{""energy"": 0.6666666666666667, ""water"": 0.05493333333333334, ""transport"": 0.33333333333333337}","{""energy"": 1.0, ""water"": 1.0, ""transport"": 1.0}","{""energy"": 0.33333333333333326, ""water"": 0.9450666666666666, ""transport"": 0.6666666666666666}",9,0.5355162692604757,,,[],,v2.0,0.7,0.3
S4_water_partial,451,451,1172983460488642831,scenario=S4_water_partial|method=both|duration=0|theta=0.300000|delta_threshold=0.100000|A=v2.0|w=na|run_id=451|seed=1172983460488642831,False,"{""step_1_amount"": 0.4415137262931178}",033832c9a51598bd69064fc3910037f6fde292830c04f0066e6d9779dc60f4ca,0.38314666666666675,0.5310074077464707,0.14786074107980396,23,0.0,0.0,0.38314666666666675,0.5310074077464707,0,0,0.14786074107980396,"{""energy"": 0.6666666666666667, ""water"": 0.05493333333333334, ""transport"": 0.33333333333333337}","{""energy"": 0.7646608611100992, ""water"": 0.35682549119973056, ""transport"": 0.39365138647503956}","{""energy"": 0.09799419444343249, ""water"": 0.3018921578663972, ""transport"": 0.060318053141706185}","{""energy"": 0.0, ""water"": 0.0, ""transport"": 0.0}","{""energy"": 0.0, ""water"": 0.0, ""transport"": 0.0}","{""energy"": 0.0, ""water"": 0.0, ""transport"": 0.0}",0.3,0.1,,0.38314666666666675,1.0,0.6168533333333333,1,"{""energy"": 0.6666666666666667, ""water"": 0.05493333333333334, ""transport"": 0.33333333333333337}","{""energy"": 1.0, ""water"": 1.0, ""transport"": 1.0}","{""energy"": 0.33333333333333326, ""water"": 0.9450666666666666, ""transport"": 0.6666666666666666}",9,0.5310074077464707,,,[],,v2.0,0.7,0.3
S4_water_partial,452,452,11843963828318901317,scenario=S4_water_partial|method=both|duration=0|theta=0.300000|delta_threshold=0.100000|A=v2.0|w=na|run_id=452|seed=11843963828318901317,False,"{""step_1_amount"": 0.36524593294616303}",033832c9a51598bd69064fc3910037f6fde292830c04f0066e6d9779dc60f4ca,0.38314666666666675,0.4843143579646314,0.10116769129796466,22,0.0,0.0,0.38314666666666675,0.4843143579646314,0,0,0.10116769129796466,"{""energy"": 0.6666666666666667, ""water"": 0.05493333333333334, ""transport"": 0.33333333333333337}","{""energy"": 0.7337152039595725, ""water"": 0.2614907495160372, ""transport"": 0.3746035050866376}","{""energy"": 0.06704853729290572, ""water"": 0.20655741618270385, ""transport"": 0.04127017175330422}","{""energy"": 0.0, ""water"": 0.0, ""transport"": 0.0}","{""energy"": 0.0, ""water"": 0.0, ""transport"": 0.0}","{""energy"": 0.0, ""water"": 0.0, ""transport"": 0.0}",0.3,0.1,,0.38314666666666675,1.0,0.6168533333333333,1,"{""energy"": 0.6666666666666667, ""water"": 0.05493333333333334, ""transport"": 0.33333333333333337}","{""energy"": 1.0, ""water"": 1.0, ""transport"": 1.0}","{""energy"": 0.33333333333333326, ""water"": 0.9450666666666666, ""transport"": 0.6666666666666666}",10,0.4843143579646314,,,[],,v2.0,0.7,0.3
S4_water_partial,453,453,3955900357094935312,scenario=S4_water_partial|method=both|duration=0|theta=0.300000|delta_threshold=0.100000|A=v2.0|w=na|run_id=453|seed=3955900357094935312,False,"{""step_1_amount"": 0.23299126949012458}",033832c9a51598bd69064fc3910037f6fde292830c04f0066e6d9779dc60f4ca,0.38314666666666675,0.4033447466302582,0.020198079963591464,15,0.0,0.0,0.38314666666666675,0.4033447466302582,0,0,0.020198079963591464,"{""energy"": 0.6666666666666667, ""water"": 0.05493333333333334, ""transport"": 0.33333333333333337}","{""energy"": 0.6800528742622848, ""water"": 0.096172420195989, ""transport"": 0.34157290288849196}","{""energy"": 0.013386207595618038, ""water"": 0.041239086862655656, ""transport"": 0.008239569555158588}","{""energy"": 0.0, ""water"": 0.0, ""transport"": 0.0}","{""energy"": 0.0, ""water"": 0.0, ""transport"": 0.0}","{""energy"": 0.0, ""water"": 0.0, ""transport"": 0.0}",0.3,0.1,,0.38314666666666675,1.0,0.6168533333333333,1,"{""energy"": 0.6666666666666667, ""water"": 0.05493333333333334, ""transport"": 0.33333333333333337}","{""energy"": 1.0, ""water"": 1.0, ""transport"": 1.0}","{""energy"": 0.33333333333333326, ""water"": 0.9450666666666666, ""transport"": 0.6666666666666666}",12,0.4033447466302582,,,[],,v2.0,0.7,0.3
S4_water_partial,454,454,16536492835072714050,scenario=S4_water_partial|method=both|duration=0|theta=0.300000|delta_threshold=0.100000|A=v2.0|w=na|run_id=454|seed=16536492835072714050,False,"{""step_1_amount"": 0.624382793302311}",033832c9a51598bd69064fc3910037f6fde292830c04f0066e6d9779dc60f4ca,0.38314666666666675,0.642964422296174,0.25981775562950726,22,0.0,0.0,0.38314666666666675,0.642964422296174,0,1,0.25981775562950726,"{""energy"": 0.6666666666666667, ""water"": 0.05493333333333334, ""transport"": 0.33333333333333337}","{""energy"": 0.8388599850490794, ""water"": 0.585411824961222, ""transport"": 0.4393229359605855}","{""energy"": 0.1721933183824127, ""water"": 0.5304784916278886, ""transport"": 0.10598960262725216}","{""energy"": 0.0, ""water"": 0.0, ""transport"": 0.0}","{""energy"": 0.0, ""water"": 0.0, ""transport"": 0.0}","{""energy"": 0.0, ""water"": 0.0, ""transport"": 0.0}",0.3,0.1,,0.38314666666666675,1.0,0.6168533333333333,1,"{""energy"": 0.6666666666666667, ""water"": 0.05493333333333334, ""transport"": 0.33333333333333337}","{""energy"": 1.0, ""water"": 1.0, ""transport"": 1.0}","{""energy"": 0.33333333333333326, ""water"": 0.9450666666666666, ""transport"": 0.6666666666666666}",7,0.642964422296174,,,[],,v2.0,0.7,0.3
S4_water_partial,455,455,17509450742381067217,scenario=S4_water_partial|method=both|duration=0|theta=0.300000|delta_threshold=0.100000|A=v2.0|w=na|run_id=455|seed=17509450742381067217,False,"{""step_1_amount"": 0.4175690024746758}",033832c9a51598bd69064fc3910037f6fde292830c04f0066e6d9779dc60f4ca,0.38314666666666675,0.516347849206725,0.1332011825400583,29,0.0,0.0,0.38314666666666675,0.516347849206725,0,0,0.1332011825400583,"{""energy"": 0.6666666666666667, ""water"": 0.05493333333333334, ""transport"": 0.33333333333333337}","{""energy"": 0.7549452894207664, ""water"": 0.3268945864266781, ""transport"": 0.38767119170138364}","{""energy"": 0.0882786227540997, ""water"": 0.2719612530933448, ""transport"": 0.054337858368050274}","{""energy"": 0.0, ""water"": 0.0, ""transport"": 0.0}","{""energy"": 0.0, ""water"": 0.0, ""transport"": 0.0}","{""energy"": 0.0, ""water"": 0.0, ""transport"": 0.0}",0.3,0.1,,0.38314666666666675,1.0,0.6168533333333333,1,"{""energy"": 0.6666666666666667, ""water"": 0.05493333333333334, ""transport"": 0.33333333333333337}","{""energy"": 1.0, ""water"": 1.0, ""transport"": 1.0}","{""energy"": 0.33333333333333326, ""water"": 0.9450666666666666, ""transport"": 0.6666666666666666}",9,0.516347849206725,,,[],,v2.0,0.7,0.3
S4_water_partial,456,456,16378841120027566334,scenario=S4_water_partial|method=both|duration=0|theta=0.300000|delta_threshold=0.100000|A=v2.0|w=na|run_id=456|seed=16378841120027566334,False,"{""step_1_amount"": 0.37713135751489535}",033832c9a51598bd69064fc3910037f6fde292830c04f0066e6d9779dc60f4ca,0.38314666666666675,0.4915909120212235,0.10844424535455677,9,0.0,0.0,0.38314666666666675,0.4915909120212235,0,0,0.10844424535455677,"{""energy"": 0.6666666666666667, ""water"": 0.05493333333333334, ""transport"": 0.33333333333333337}","{""energy"": 0.7385377149783355, ""water"": 0.2763475302269526, ""transport"": 0.3775718898726785}","{""energy"": 0.0718710483116688, ""water"": 0.22141419689361924, ""transport"": 0.04423855653934511}","{""energy"": 0.0, ""water"": 0.0, ""transport"": 0.0}","{""energy"": 0.0, ""water"": 0.0, ""transport"": 0.0}","{""energy"": 0.0, ""water"": 0.0, ""transport"": 0.0}",0.3,0.1,,0.38314666666666675,1.0,0.6168533333333333,1,"{""energy"": 0.6666666666666667, ""water"": 0.05493333333333334, ""transport"": 0.33333333333333337}","{""energy"": 1.0, ""water"": 1.0, ""transport"": 1.0}","{""energy"": 0.33333333333333326, ""water"": 0.9450666666666666, ""transport"": 0.6666666666666666}",10,0.4915909120212235,,,[],,v2.0,0.7,0.3
S4_water_partial,457,457,7520086679984253987,scenario=S4_water_partial|method=both|duration=0|theta=0.300000|delta_threshold=0.100000|A=v2.0|w=na|run_id=457|seed=7520086679984253987,False,"{""step_1_amount"": 0.3573593658001544}",033832c9a51598bd69064fc3910037f6fde292830c04f0066e6d9779dc60f4ca,0.38314666666666675,0.47948600439366623,0.09633933772699949,22,0.0,0.0,0.38314666666666675,0.47948600439366623,0,0,0.09633933772699949,"{""energy"": 0.6666666666666667, ""water"": 0.05493333333333334, ""transport"": 0.33333333333333337}","{""energy"": 0.7305152293400794, ""water"": 0.2516325405835263, ""transport"": 0.3726338349419219}","{""energy"": 0.06384856267341266, ""water"": 0.19669920725019296, ""transport"": 0.039300501608588556}","{""energy"": 0.0, ""water"": 0.0, ""transport"": 0.0}","{""energy"": 0.0, ""water"": 0.0, ""transport"": 0.0}","{""energy"": 0.0, ""water"": 0.0, ""transport"": 0.0}",0.3,0.1,,0.38314666666666675,1.0,0.6168533333333333,1,"{""energy"": 0.6666666666666667, ""water"": 0.05493333333333334, ""transport"": 0.33333333333333337}","{""energy"": 1.0, ""water"": 1.0, ""transport"": 1.0}","{""energy"": 0.33333333333333326, ""water"": 0.9450666666666666, ""transport"": 0.6666666666666666}",10,0.47948600439366623,,,[],,v2.0,0.7,0.3
S4_water_partial,458,458,16802222309417879732,scenario=S4_water_partial|method=both|duration=0|theta=0.300000|delta_threshold=0.100000|A=v2.0|w=na|run_id=458|seed=16802222309417879732,False,"{""step_1_amount"": 0.0920839225415507}",033832c9a51598bd69064fc3910037f6fde292830c04f0066e6d9779dc60f4ca,0.38314666666666675,0.38314666666666675,0.0,19,0.0,0.0,0.38314666666666675,0.38314666666666675,0,0,0.0,"{""energy"": 0.6666666666666667, ""water"": 0.05493333333333334, ""transport"": 0.33333333333333337}","{""energy"": 0.6666666666666667, ""water"": 0.05493333333333334, ""transport"": 0.33333333333333337}","{""energy"": 0.0, ""water"": 0.0, ""transport"": 0.0}","{""energy"": 0.0, ""water"": 0.0, ""transport"": 0.0}","{""energy"": 0.0, ""water"": 0.0, ""transport"": 0.0}","{""energy"": 0.0, ""water"": 0.0, ""transport"": 0.0}",0.3,0.1,,0.38314666666666675,1.0,0.6168533333333333,1,"{""energy"": 0.6666666666666667, ""water"": 0.05493333333333334, ""transport"": 0.33333333333333337}","{""energy"": 1.0, ""water"": 1.0, ""transport"": 1.0}","{""energy"": 0.33333333333333326, ""water"": 0.9450666666666666, ""transport"": 0.6666666666666666}",13,0.38314666666666675,,,[],,v2.0,0.7,0.3
S4_water_partial,459,459,18372887559996627401,scenario=S4_water_partial|method=both|duration=0|theta=0.300000|delta_threshold=0.100000|A=v2.0|w=na|run_id=459|seed=18372887559996627401,False,"{""step_1_amount"": 0.2590321950490389}",033832c9a51598bd69064fc3910037f6fde292830c04f0066e6d9779dc60f4ca,0.38314666666666675,0.4192876522805645,0.03614098561389778,26,0.0,0.0,0.38314666666666675,0.4192876522805645,0,0,0.03614098561389778,"{""energy"": 0.6666666666666667, ""water"": 0.05493333333333334, ""transport"": 0.33333333333333337}","{""energy"": 0.6906189798078143, ""water"": 0.128723577144632, ""transport"": 0.3480766240468308}","{""energy"": 0.02395231314114754, ""water"": 0.07379024381129867, ""transport"": 0.014743290713497448}","{""energy"": 0.0, ""water"": 0.0, ""transport"": 0.0}","{""energy"": 0.0, ""water"": 0.0, ""transport"": 0.0}","{""energy"": 0.0, ""water"": 0.0, ""transport"": 0.0}",0.3,0.1,,0.38314666666666675,1.0,0.6168533333333333,1,"{""energy"": 0.6666666666666667, ""water"": 0.05493333333333334, ""transport"": 0.33333333333333337}","{""energy"": 1.0, ""water"": 1.0, ""transport"": 1.0}","{""energy"": 0.33333333333333326, ""water"": 0.9450666666666666, ""transport"": 0.6666666666666666}",12,0.4192876522805645,,,[],,v2.0,0.7,0.3
S4_water_partial,460,460,17883418026609912994,scenario=S4_water_partial|method=both|duration=0|theta=0.300000|delta_threshold=0.100000|A=v2.0|w=na|run_id=460|seed=17883418026609912994,False,"{""step_1_amount"": 0.3010153143212609}",033832c9a51598bd69064fc3910037f6fde292830c04f0066e6d9779dc60f4ca,0.38314666666666675,0.4449907674770006,0.06184410081033387,8,0.0,0.0,0.38314666666666675,0.4449907674770006,0,0,0.06184410081033387,"{""energy"": 0.6666666666666667, ""water"": 0.05493333333333334, ""transport"": 0.33333333333333337}","{""energy"": 0.7076536304525183, ""water"": 0.18120247623490934, ""transport"": 0.35856190808506827}","{""energy"": 0.04098696378585154, ""water"": 0.126269142901576, ""transport"": 0.0252285747517349}","{""energy"": 0.0, ""water"": 0.0, ""transport"": 0.0}","{""energy"": 0.0, ""water"": 0.0, ""transport"": 0.0}","{""energy"": 0.0, ""water"": 0.0, ""transport"": 0.0}",0.3,0.1,,0.38314666666666675,1.0,0.6168533333333333,1,"{""energy"": 0.6666666666666667, ""water"": 0.05493333333333334, ""transport"": 0.33333333333333337}","{""energy"": 1.0, ""water"": 1.0, ""transport"": 1.0}","{""energy"": 0.33333333333333326, ""water"": 0.9450666666666666, ""transport"": 0.6666666666666666}",11,0.4449907674770006,,,[],,v2.0,0.7,0.3
S4_water_partial,461,461,1003485148060094860,scenario=S4_water_partial|method=both|duration=0|theta=0.300000|delta_threshold=0.100000|A=v2.0|w=na|run_id=461|seed=1003485148060094860,False,"{""step_1_amount"": 0.3902915327479901}",033832c9a51598bd69064fc3910037f6fde292830c04f0066e6d9779dc60f4ca,0.38314666666666675,0.49964790030330497,0.11650123363663822,29,0.0,0.0,0.38314666666666675,0.49964790030330497,0,0,0.11650123363663822,"{""energy"": 0.6666666666666667, ""water"": 0.05493333333333334, ""transport"": 0.33333333333333337}","{""energy"": 0.7438774560791637, ""water"": 0.292797749268321, ""transport"": 0.3808586436371439}","{""energy"": 0.07721078941249693, ""water"": 0.23786441593498764, ""transport"": 0.04752531030381052}","{""energy"": 0.0, ""water"": 0.0, ""transport"": 0.0}","{""energy"": 0.0, ""water"": 0.0, ""transport"": 0.0}","{""energy"": 0.0, ""water"": 0.0, ""transport"": 0.0}",0.3,0.1,,0.38314666666666675,1.0,0.6168533333333333,1,"{""energy"": 0.6666666666666667, ""water"": 0.05493333333333334, ""transport"": 0.33333333333333337}","{""energy"": 1.0, ""water"": 1.0, ""transport"": 1.0}","{""energy"": 0.33333333333333326, ""water"": 0.9450666666666666, ""transport"": 0.6666666666666666}",10,0.49964790030330497,,,[],,v2.0,0.7,0.3
S4_water_partial,462,462,6156577320043096559,scenario=S4_water_partial|method=both|duration=0|theta=0.300000|delta_threshold=0.100000|A=v2.0|w=na|run_id=462|seed=6156577320043096559,False,"{""step_1_amount"": 0.4921062075200305}",033832c9a51598bd69064fc3910037f6fde292830c04f0066e6d9779dc60f4ca,0.38314666666666675,0.5619813895656174,0.17883472289895064,15,0.0,0.0,0.38314666666666675,0.5619813895656174,0,1,0.17883472289895064,"{""energy"": 0.6666666666666667, ""water"": 0.05493333333333334, ""transport"": 0.33333333333333337}","{""energy"": 0.7851887603679191, ""water"": 0.4200660927333714, ""transport"": 0.40628685866146097}","{""energy"": 0.11852209370125233, ""water"": 0.3651327594000381, ""transport"": 0.0729535253281276}","{""energy"": 0.0, ""water"": 0.0, ""transport"": 0.0}","{""energy"": 0.0, ""water"": 0.0, ""transport"": 0.0}","{""energy"": 0.0, ""water"": 0.0, ""transport"": 0.0}",0.3,0.1,,0.38314666666666675,1.0,0.6168533333333333,1,"{""energy"": 0.6666666666666667, ""water"": 0.05493333333333334, ""transport"": 0.33333333333333337}","{""energy"": 1.0, ""water"": 1.0, ""transport"": 1.0}","{""energy"": 0.33333333333333326, ""water"": 0.9450666666666666, ""transport"": 0.6666666666666666}",8,0.5619813895656174,,,[],,v2.0,0.7,0.3
S4_water_partial,463,463,2306508522175366214,scenario=S4_water_partial|method=both|duration=0|theta=0.300000|delta_threshold=0.100000|A=v2.0|w=na|run_id=463|seed=2306508522175366214,False,"{""step_1_amount"": 0.35799640294695256}",033832c9a51598bd69064fc3910037f6fde292830c04f0066e6d9779dc60f4ca,0.38314666666666675,0.47987601446086475,0.096729347794198,11,0.0,0.0,0.38314666666666675,0.47987601446086475,0,0,0.096729347794198,"{""energy"": 0.6666666666666667, ""water"": 0.05493333333333334, ""transport"": 0.33333333333333337}","{""energy"": 0.7307737071623928, ""water"": 0.25242883701702407, ""transport"": 0.37279293496933474}","{""energy"": 0.06410704049572602, ""water"": 0.19749550368369073, ""transport"": 0.039459601636001373}","{""energy"": 0.0, ""water"": 0.0, ""transport"": 0.0}","{""energy"": 0.0, ""water"": 0.0, ""transport"": 0.0}","{""energy"": 0.0, ""water"": 0.0, ""transport"": 0.0}",0.3,0.1,,0.38314666666666675,1.0,0.6168533333333333,1,"{""energy"": 0.6666666666666667, ""water"": 0.05493333333333334, ""transport"": 0.33333333333333337}","{""energy"": 1.0, ""water"": 1.0, ""transport"": 1.0}","{""energy"": 0.33333333333333326, ""water"": 0.9450666666666666, ""transport"": 0.6666666666666666}",10,0.47987601446086475,,,[],,v2.0,0.7,0.3
S4_water_partial,464,464,2115314747210379682,scenario=S4_water_partial|method=both|duration=0|theta=0.300000|delta_threshold=0.100000|A=v2.0|w=na|run_id=464|seed=2115314747210379682,False,"{""step_1_amount"": 0.5134694050409782}",033832c9a51598bd69064fc3910037f6fde292830c04f0066e6d9779dc60f4ca,0.38314666666666675,0.5750604731678796,0.1919138065012128,10,0.0,0.0,0.38314666666666675,0.5750604731678796,0,1,0.1919138065012128,"{""energy"": 0.6666666666666667, ""water"": 0.05493333333333334, ""transport"": 0.33333333333333337}","{""energy"": 0.7938568777620436, ""water"": 0.446770089634556, ""transport"": 0.4116223172423177}","{""energy"": 0.12719021109537687, ""water"": 0.39183675630122267, ""transport"": 0.07828898390898431}","{""energy"": 0.0, ""water"": 0.0, ""transport"": 0.0}","{""energy"": 0.0, ""water"": 0.0, ""transport"": 0.0}","{""energy"": 0.0, ""water"": 0.0, ""transport"": 0.0}",0.3,0.1,,0.38314666666666675,1.0,0.6168533333333333,1,"{""energy"": 0.6666666666666667, ""water"": 0.05493333333333334, ""transport"": 0.33333333333333337}","{""energy"": 1.0, ""water"": 1.0, ""transport"": 1.0}","{""energy"": 0.33333333333333326, ""water"": 0.9450666666666666, ""transport"": 0.6666666666666666}",8,0.5750604731678796,,,[],,v2.0,0.7,0.3
S4_water_partial,465,465,1039757610833235146,scenario=S4_water_partial|method=both|duration=0|theta=0.300000|delta_threshold=0.100000|A=v2.0|w=na|run_id=465|seed=1039757610833235146,False,"{""step_1_amount"": 0.2613553970626332}",033832c9a51598bd69064fc3910037f6fde292830c04f0066e6d9779dc60f4ca,0.38314666666666675,0.4207099746333373,0.03756330796667057,23,0.0,0.0,0.38314666666666675,0.4207099746333373,0,0,0.03756330796667057,"{""energy"": 0.6666666666666667, ""water"": 0.05493333333333334, ""transport"": 0.33333333333333337}","{""energy"": 0.6915616190248302, ""water"": 0.13162757966162497, ""transport"": 0.34865684374972605}","{""energy"": 0.024894952358163414, ""water"": 0.07669424632829164, ""transport"": 0.015323510416392683}","{""energy"": 0.0, ""water"": 0.0, ""transport"": 0.0}","{""energy"": 0.0, ""water"": 0.0, ""transport"": 0.0}","{""energy"": 0.0, ""water"": 0.0, ""transport"": 0.0}",0.3,0.1,,0.38314666666666675,1.0,0.6168533333333333,1,"{""energy"": 0.6666666666666667, ""water"": 0.05493333333333334, ""transport"": 0.33333333333333337}","{""energy"": 1.0, ""water"": 1.0, ""transport"": 1.0}","{""energy"": 0.33333333333333326, ""water"": 0.9450666666666666, ""transport"": 0.6666666666666666}",12,0.4207099746333373,,,[],,v2.0,0.7,0.3
S4_water_partial,466,466,2838413073277168773,scenario=S4_water_partial|method=both|duration=0|theta=0.300000|delta_threshold=0.100000|A=v2.0|w=na|run_id=466|seed=2838413073277168773,False,"{""step_1_amount"": 0.13803359226140752}",033832c9a51598bd69064fc3910037f6fde292830c04f0066e6d9779dc60f4ca,0.38314666666666675,0.38314666666666675,0.0,14,0.0,0.0,0.38314666666666675,0.38314666666666675,0,0,0.0,"{""energy"": 0.6666666666666667, ""water"": 0.05493333333333334, ""transport"": 0.33333333333333337}","{""energy"": 0.6666666666666667, ""water"": 0.05493333333333334, ""transport"": 0.33333333333333337}","{""energy"": 0.0, ""water"": 0.0, ""transport"": 0.0}","{""energy"": 0.0, ""water"": 0.0, ""transport"": 0.0}","{""energy"": 0.0, ""water"": 0.0, ""transport"": 0.0}","{""energy"": 0.0, ""water"": 0.0, ""transport"": 0.0}",0.3,0.1,,0.38314666666666675,1.0,0.6168533333333333,1,"{""energy"": 0.6666666666666667, ""water"": 0.05493333333333334, ""transport"": 0.33333333333333337}","{""energy"": 1.0, ""water"": 1.0, ""transport"": 1.0}","{""energy"": 0.33333333333333326, ""water"": 0.9450666666666666, ""transport"": 0.6666666666666666}",13,0.38314666666666675,,,[],,v2.0,0.7,0.3
S4_water_partial,467,467,547342776986504974,scenario=S4_water_partial|method=both|duration=0|theta=0.300000|delta_threshold=0.100000|A=v2.0|w=na|run_id=467|seed=547342776986504974,False,"{""step_1_amount"": 0.34511166184308245}",033832c9a51598bd69064fc3910037f6fde292830c04f0066e6d9779dc60f4ca,0.38314666666666675,0.4719876538385478,0.08884098717188105,26,0.0,0.0,0.38314666666666675,0.4719876538385478,0,0,0.08884098717188105,"{""energy"": 0.6666666666666667, ""water"": 0.05493333333333334, ""transport"": 0.33333333333333337}","{""energy"": 0.7255457234594974, ""water"": 0.23632291063718633, ""transport"": 0.3695749708786432}","{""energy"": 0.058879056792830675, ""water"": 0.181389577303853, ""transport"": 0.036241637545309846}","{""energy"": 0.0, ""water"": 0.0, ""transport"": 0.0}","{""energy"": 0.0, ""water"": 0.0, ""transport"": 0.0}","{""energy"": 0.0, ""water"": 0.0, ""transport"": 0.0}",0.3,0.1,,0.38314666666666675,1.0,0.6168533333333333,1,"{""energy"": 0.6666666666666667, ""water"": 0.05493333333333334, ""transport"": 0.33333333333333337}","{""energy"": 1.0, ""water"": 1.0, ""transport"": 1.0}","{""energy"": 0.33333333333333326, ""water"": 0.9450666666666666, ""transport"": 0.6666666666666666}",10,0.4719876538385478,,,[],,v2.0,0.7,0.3
S4_water_partial,468,468,2007189383184898034,scenario=S4_water_partial|method=both|duration=0|theta=0.300000|delta_threshold=0.100000|A=v2.0|w=na|run_id=468|seed=2007189383184898034,False,"{""step_1_amount"": 0.3171253265155009}",033832c9a51598bd69064fc3910037f6fde292830c04f0066e6d9779dc60f4ca,0.38314666666666675,0.4548537196926193,0.07170705302595254,12,0.0,0.0,0.38314666666666675,0.4548537196926193,0,0,0.07170705302595254,"{""energy"": 0.6666666666666667, ""water"": 0.05493333333333334, ""transport"": 0.33333333333333337}","{""energy"": 0.7141902679003312, ""water"": 0.20133999147770945, ""transport"": 0.36258538363057974}","{""energy"": 0.0475236012336645, ""water"": 0.14640665814437612, ""transport"": 0.029252050297246368}","{""energy"": 0.0, ""water"": 0.0, ""transport"": 0.0}","{""energy"": 0.0, ""water"": 0.0, ""transport"": 0.0}","{""energy"": 0.0, ""water"": 0.0, ""transport"": 0.0}",0.3,0.1,,0.38314666666666675,1.0,0.6168533333333333,1,"{""energy"": 0.6666666666666667, ""water"": 0.05493333333333334, ""transport"": 0.33333333333333337}","{""energy"": 1.0, ""water"": 1.0, ""transport"": 1.0}","{""energy"": 0.33333333333333326, ""water"": 0.9450666666666666, ""transport"": 0.6666666666666666}",11,0.4548537196926193,,,[],,v2.0,0.7,0.3
S4_water_partial,469,469,17764087730526079565,scenario=S4_water_partial|method=both|duration=0|theta=0.300000|delta_threshold=0.100000|A=v2.0|w=na|run_id=469|seed=17764087730526079565,False,"{""step_1_amount"": 0.3462354019567265}",033832c9a51598bd69064fc3910037f6fde292830c04f0066e6d9779dc60f4ca,0.38314666666666675,0.47267563562962356,0.08952896896295681,28,0.0,0.0,0.38314666666666675,0.47267563562962356,0,0,0.08952896896295681,"{""energy"": 0.6666666666666667, ""water"": 0.05493333333333334, ""transport"": 0.33333333333333337}","{""energy"": 0.7260016810106085, ""water"": 0.23772758577924144, ""transport"": 0.3698556249720258}","{""energy"": 0.05933501434394173, ""water"": 0.1827942524459081, ""transport"": 0.03652229163869242}","{""energy"": 0.0, ""water"": 0.0, ""transport"": 0.0}","{""energy"": 0.0, ""water"": 0.0, ""transport"": 0.0}","{""energy"": 0.0, ""water"": 0.0, ""transport"": 0.0}",0.3,0.1,,0.38314666666666675,1.0,0.6168533333333333,1,"{""energy"": 0.6666666666666667, ""water"": 0.05493333333333334, ""transport"": 0.33333333333333337}","{""energy"": 1.0, ""water"": 1.0, ""transport"": 1.0}","{""energy"": 0.33333333333333326, ""water"": 0.9450666666666666, ""transport"": 0.6666666666666666}",10,0.47267563562962356,,,[],,v2.0,0.7,0.3
S4_water_partial,470,470,10112204967349361398,scenario=S4_water_partial|method=both|duration=0|theta=0.300000|delta_threshold=0.100000|A=v2.0|w=na|run_id=470|seed=10112204967349361398,False,"{""step_1_amount"": 0.4110798986660295}",033832c9a51598bd69064fc3910037f6fde292830c04f0066e6d9779dc60f4ca,0.38314666666666675,0.5123750576274766,0.12922839096080985,14,0.0,0.0,0.38314666666666675,0.5123750576274766,0,0,0.12922839096080985,"{""energy"": 0.6666666666666667, ""water"": 0.05493333333333334, ""transport"": 0.33333333333333337}","{""energy"": 0.7523123355504082, ""water"": 0.31878320666587023, ""transport"": 0.38605053802517425}","{""energy"": 0.08564566888374148, ""water"": 0.2638498733325369, ""transport"": 0.05271720469184088}","{""energy"": 0.0, ""water"": 0.0, ""transport"": 0.0}","{""energy"": 0.0, ""water"": 0.0, ""transport"": 0.0}","{""energy"": 0.0, ""water"": 0.0, ""transport"": 0.0}",0.3,0.1,,0.38314666666666675,1.0,0.6168533333333333,1,"{""energy"": 0.6666666666666667, ""water"": 0.05493333333333334, ""transport"": 0.33333333333333337}","{""energy"": 1.0, ""water"": 1.0, ""transport"": 1.0}","{""energy"": 0.33333333333333326, ""water"": 0.9450666666666666, ""transport"": 0.6666666666666666}",10,0.5123750576274766,,,[],,v2.0,0.7,0.3
S4_water_partial,471,471,2302194334835673843,scenario=S4_water_partial|method=both|duration=0|theta=0.300000|delta_threshold=0.100000|A=v2.0|w=na|run_id=471|seed=2302194334835673843,False,"{""step_1_amount"": 0.3159336754916994}",033832c9a51598bd69064fc3910037f6fde292830c04f0066e6d9779dc60f4ca,0.38314666666666675,0.45412416114457244,0.07097749447790569,27,0.0,0.0,0.38314666666666675,0.45412416114457244,0,0,0.07097749447790569,"{""energy"": 0.6666666666666667, ""water"": 0.05493333333333334, ""transport"": 0.33333333333333337}","{""energy"": 0.7137067554974238, ""water"": 0.19985042769795763, ""transport"": 0.36228776878738533}","{""energy"": 0.047040088830757054, ""water"": 0.1449170943646243, ""transport"": 0.028954435454051963}","{""energy"": 0.0, ""water"": 0.0, ""transport"": 0.0}","{""energy"": 0.0, ""water"": 0.0, ""transport"": 0.0}","{""energy"": 0.0, ""water"": 0.0, ""transport"": 0.0}",0.3,0.1,,0.38314666666666675,1.0,0.6168533333333333,1,"{""energy"": 0.6666666666666667, ""water"": 0.05493333333333334, ""transport"": 0.33333333333333337}","{""energy"": 1.0, ""water"": 1.0, ""transport"": 1.0}","{""energy"": 0.33333333333333326, ""water"": 0.9450666666666666, ""transport"": 0.6666666666666666}",11,0.45412416114457244,,,[],,v2.0,0.7,0.3
S4_water_partial,472,472,4559883310317253647,scenario=S4_water_partial|method=both|duration=0|theta=0.300000|delta_threshold=0.100000|A=v2.0|w=na|run_id=472|seed=4559883310317253647,False,"{""step_1_amount"": 0.351820887741858}",033832c9a51598bd69064fc3910037f6fde292830c04f0066e6d9779dc60f4ca,0.38314666666666675,0.4760952096644257,0.09294854299775895,17,0.0,0.0,0.38314666666666675,0.4760952096644257,0,0,0.09294854299775895,"{""energy"": 0.6666666666666667, ""water"": 0.05493333333333334, ""transport"": 0.33333333333333337}","{""energy"": 0.7282679918679256, ""water"": 0.2447094430106558, ""transport"": 0.3712506000468624}","{""energy"": 0.06160132520125883, ""water"": 0.18977610967732247, ""transport"": 0.03791726671352902}","{""energy"": 0.0, ""water"": 0.0, ""transport"": 0.0}","{""energy"": 0.0, ""water"": 0.0, ""transport"": 0.0}","{""energy"": 0.0, ""water"": 0.0, ""transport"": 0.0}",0.3,0.1,,0.38314666666666675,1.0,0.6168533333333333,1,"{""energy"": 0.6666666666666667, ""water"": 0.05493333333333334, ""transport"": 0.33333333333333337}","{""energy"": 1.0, ""water"": 1.0, ""transport"": 1.0}","{""energy"": 0.33333333333333326, ""water"": 0.9450666666666666, ""transport"": 0.6666666666666666}",10,0.4760952096644257,,,[],,v2.0,0.7,0.3
S4_water_partial,473,473,3936250831693297081,scenario=S4_water_partial|method=both|duration=0|theta=0.300000|delta_threshold=0.100000|A=v2.0|w=na|run_id=473|seed=3936250831693297081,False,"{""step_1_amount"": 0.4605653547390808}",033832c9a51598bd69064fc3910037f6fde292830c04f0066e6d9779dc60f4ca,0.38314666666666675,0.5426712909718004,0.1595246243051337,10,0.0,0.0,0.38314666666666675,0.5426712909718004,0,1,0.1595246243051337,"{""energy"": 0.6666666666666667, ""water"": 0.05493333333333334, ""transport"": 0.33333333333333337}","{""energy"": 0.7723910593520488, ""water"": 0.3806400267571842, ""transport"": 0.39840953067941876}","{""energy"": 0.10572439268538203, ""water"": 0.3257066934238509, ""transport"": 0.06507619734608538}","{""energy"": 0.0, ""water"": 0.0, ""transport"": 0.0}","{""energy"": 0.0, ""water"": 0.0, ""transport"": 0.0}","{""energy"": 0.0, ""water"": 0.0, ""transport"": 0.0}",0.3,0.1,,0.38314666666666675,1.0,0.6168533333333333,1,"{""energy"": 0.6666666666666667, ""water"": 0.05493333333333334, ""transport"": 0.33333333333333337}","{""energy"": 1.0, ""water"": 1.0, ""transport"": 1.0}","{""energy"": 0.33333333333333326, ""water"": 0.9450666666666666, ""transport"": 0.6666666666666666}",9,0.5426712909718004,,,[],,v2.0,0.7,0.3
S4_water_partial,474,474,9671039442937264785,scenario=S4_water_partial|method=both|duration=0|theta=0.300000|delta_threshold=0.100000|A=v2.0|w=na|run_id=474|seed=9671039442937264785,False,"{""step_1_amount"": 0.45147318453238583}",033832c9a51598bd69064fc3910037f6fde292830c04f0066e6d9779dc60f4ca,0.38314666666666675,0.5371048370670066,0.15395817040033988,25,0.0,0.0,0.38314666666666675,0.5371048370670066,0,1,0.15395817040033988,"{""energy"": 0.6666666666666667, ""water"": 0.05493333333333334, ""transport"": 0.33333333333333337}","{""energy"": 0.7687019112906823, ""water"": 0.3692748139988157, ""transport"": 0.3961387611702967}","{""energy"": 0.10203524462401559, ""water"": 0.31434148066548234, ""transport"": 0.06280542783696336}","{""energy"": 0.0, ""water"": 0.0, ""transport"": 0.0}","{""energy"": 0.0, ""water"": 0.0, ""transport"": 0.0}","{""energy"": 0.0, ""water"": 0.0, ""transport"": 0.0}",0.3,0.1,,0.38314666666666675,1.0,0.6168533333333333,1,"{""energy"": 0.6666666666666667, ""water"": 0.05493333333333334, ""transport"": 0.33333333333333337}","{""energy"": 1.0, ""water"": 1.0, ""transport"": 1.0}","{""energy"": 0.33333333333333326, ""water"": 0.9450666666666666, ""transport"": 0.6666666666666666}",9,0.5371048370670066,,,[],,v2.0,0.7,0.3
S4_water_partial,475,475,9841589779977950473,scenario=S4_water_partial|method=both|duration=0|theta=0.300000|delta_threshold=0.100000|A=v2.0|w=na|run_id=475|seed=9841589779977950473,False,"{""step_1_amount"": 0.6106328414742552}",033832c9a51598bd69064fc3910037f6fde292830c04f0066e6d9779dc60f4ca,0.38314666666666675,0.6345463580382426,0.2513996913715758,7,0.0,0.0,0.38314666666666675,0.6345463580382426,0,1,0.2513996913715758,"{""energy"": 0.6666666666666667, ""water"": 0.05493333333333334, ""transport"": 0.33333333333333337}","{""energy"": 0.8332809420948458, ""water"": 0.5682243851761524, ""transport"": 0.4358888854915286}","{""energy"": 0.16661427542817908, ""water"": 0.513291051842819, ""transport"": 0.10255555215819523}","{""energy"": 0.0, ""water"": 0.0, ""transport"": 0.0}","{""energy"": 0.0, ""water"": 0.0, ""transport"": 0.0}","{""energy"": 0.0, ""water"": 0.0, ""transport"": 0.0}",0.3,0.1,,0.38314666666666675,1.0,0.6168533333333333,1,"{""energy"": 0.6666666666666667, ""water"": 0.05493333333333334, ""transport"": 0.33333333333333337}","{""energy"": 1.0, ""water"": 1.0, ""transport"": 1.0}","{""energy"": 0.33333333333333326, ""water"": 0.9450666666666666, ""transport"": 0.6666666666666666}",7,0.6345463580382426,,,[],,v2.0,0.7,0.3
S4_water_partial,476,476,1260484450962774282,scenario=S4_water_partial|method=both|duration=0|theta=0.300000|delta_threshold=0.100000|A=v2.0|w=na|run_id=476|seed=1260484450962774282,False,"{""step_1_amount"": 0.13050894979062153}",033832c9a51598bd69064fc3910037f6fde292830c04f0066e6d9779dc60f4ca,0.38314666666666675,0.38314666666666675,0.0,14,0.0,0.0,0.38314666666666675,0.38314666666666675,0,0,0.0,"{""energy"": 0.6666666666666667, ""water"": 0.05493333333333334, ""transport"": 0.33333333333333337}","{""energy"": 0.6666666666666667, ""water"": 0.05493333333333334, ""transport"": 0.33333333333333337}","{""energy"": 0.0, ""water"": 0.0, ""transport"": 0.0}","{""energy"": 0.0, ""water"": 0.0, ""transport"": 0.0}","{""energy"": 0.0, ""water"": 0.0, ""transport"": 0.0}","{""energy"": 0.0, ""water"": 0.0, ""transport"": 0.0}",0.3,0.1,,0.38314666666666675,1.0,0.6168533333333333,1,"{""energy"": 0.6666666666666667, ""water"": 0.05493333333333334, ""transport"": 0.33333333333333337}","{""energy"": 1.0, ""water"": 1.0, ""transport"": 1.0}","{""energy"": 0.33333333333333326, ""water"": 0.9450666666666666, ""transport"": 0.6666666666666666}",13,0.38314666666666675,,,[],,v2.0,0.7,0.3
S4_water_partial,477,477,157543751578919599,scenario=S4_water_partial|method=both|duration=0|theta=0.300000|delta_threshold=0.100000|A=v2.0|w=na|run_id=477|seed=157543751578919599,False,"{""step_1_amount"": 0.6969455019680303}",033832c9a51598bd69064fc3910037f6fde292830c04f0066e6d9779dc60f4ca,0.38314666666666675,0.687389126609044,0.3042424599423773,9,0.0,0.0,0.38314666666666675,0.687389126609044,0,1,0.3042424599423773,"{""energy"": 0.6666666666666667, ""water"": 0.05493333333333334, ""transport"": 0.33333333333333337}","{""energy"": 0.868302304090195, ""water"": 0.6761152107933712, ""transport"": 0.4574454724498489}","{""energy"": 0.2016356374235283, ""water"": 0.6211818774600378, ""transport"": 0.12411213911651553}","{""energy"": 0.0, ""water"": 0.0, ""transport"": 0.0}","{""energy"": 0.0, ""water"": 0.0, ""transport"": 0.0}","{""energy"": 0.0, ""water"": 0.0, ""transport"": 0.0}",0.3,0.1,,0.38314666666666675,1.0,0.6168533333333333,1,"{""energy"": 0.6666666666666667, ""water"": 0.05493333333333334, ""transport"": 0.33333333333333337}","{""energy"": 1.0, ""water"": 1.0, ""transport"": 1.0}","{""energy"": 0.33333333333333326, ""water"": 0.9450666666666666, ""transport"": 0.6666666666666666}",6,0.687389126609044,,,[],,v2.0,0.7,0.3
S4_water_partial,478,478,1141748439007385385,scenario=S4_water_partial|method=both|duration=0|theta=0.300000|delta_threshold=0.100000|A=v2.0|w=na|run_id=478|seed=1141748439007385385,False,"{""step_1_amount"": 0.3723871272389548}",033832c9a51598bd69064fc3910037f6fde292830c04f0066e6d9779dc60f4ca,0.38314666666666675,0.48868637564053585,0.1055397089738691,6,0.0,0.0,0.38314666666666675,0.48868637564053585,0,0,0.1055397089738691,"{""energy"": 0.6666666666666667, ""water"": 0.05493333333333334, ""transport"": 0.33333333333333337}","{""energy"": 0.7366127435438726, ""water"": 0.27041724238202686, ""transport"": 0.3763870183612623}","{""energy"": 0.06994607687720589, ""water"": 0.21548390904869352, ""transport"": 0.043053685027928945}","{""energy"": 0.0, ""water"": 0.0, ""transport"": 0.0}","{""energy"": 0.0, ""water"": 0.0, ""transport"": 0.0}","{""energy"": 0.0, ""water"": 0.0, ""transport"": 0.0}",0.3,0.1,,0.38314666666666675,1.0,0.6168533333333333,1,"{""energy"": 0.6666666666666667, ""water"": 0.05493333333333334, ""transport"": 0.33333333333333337}","{""energy"": 1.0, ""water"": 1.0, ""transport"": 1.0}","{""energy"": 0.33333333333333326, ""water"": 0.9450666666666666, ""transport"": 0.6666666666666666}",10,0.48868637564053585,,,[],,v2.0,0.7,0.3
S4_water_partial,479,479,8746349022915287118,scenario=S4_water_partial|method=both|duration=0|theta=0.300000|delta_threshold=0.100000|A=v2.0|w=na|run_id=479|seed=8746349022915287118,False,"{""step_1_amount"": 0.2915890500025696}",033832c9a51598bd69064fc3910037f6fde292830c04f0066e6d9779dc60f4ca,0.38314666666666675,0.43921977280448987,0.056073106137823125,28,0.0,0.0,0.38314666666666675,0.43921977280448987,0,0,0.056073106137823125,"{""energy"": 0.6666666666666667, ""water"": 0.05493333333333334, ""transport"": 0.33333333333333337}","{""energy"": 0.7038289237052093, ""water"": 0.16941964583654534, ""transport"": 0.3562076985714751}","{""energy"": 0.03716225703854259, ""water"": 0.114486312503212, ""transport"": 0.022874365238141736}","{""energy"": 0.0, ""water"": 0.0, ""transport"": 0.0}","{""energy"": 0.0, ""water"": 0.0, ""transport"": 0.0}","{""energy"": 0.0, ""water"": 0.0, ""transport"": 0.0}",0.3,0.1,,0.38314666666666675,1.0,0.6168533333333333,1,"{""energy"": 0.6666666666666667, ""water"": 0.05493333333333334, ""transport"": 0.33333333333333337}","{""energy"": 1.0, ""water"": 1.0, ""transport"": 1.0}","{""energy"": 0.33333333333333326, ""water"": 0.9450666666666666, ""transport"": 0.6666666666666666}",11,0.43921977280448987,,,[],,v2.0,0.7,0.3
S4_water_partial,480,480,18285939197893329627,scenario=S4_water_partial|method=both|duration=0|theta=0.300000|delta_threshold=0.100000|A=v2.0|w=na|run_id=480|seed=18285939197893329627,False,"{""step_1_amount"": 0.44181031860680936}",033832c9a51598bd69064fc3910037f6fde292830c04f0066e6d9779dc60f4ca,0.38314666666666675,0.5311889889757206,0.1480423223090539,28,0.0,0.0,0.38314666666666675,0.5311889889757206,0,0,0.1480423223090539,"{""energy"": 0.6666666666666667, ""water"": 0.05493333333333334, ""transport"": 0.33333333333333337}","{""energy"": 0.7647812034413797, ""water"": 0.357196231591845, ""transport"": 0.39372546040538403}","{""energy"": 0.09811453677471293, ""water"": 0.30226289825851166, ""transport"": 0.06039212707205066}","{""energy"": 0.0, ""water"": 0.0, ""transport"": 0.0}","{""energy"": 0.0, ""water"": 0.0, ""transport"": 0.0}","{""energy"": 0.0, ""water"": 0.0, ""transport"": 0.0}",0.3,0.1,,0.38314666666666675,1.0,0.6168533333333333,1,"{""energy"": 0.6666666666666667, ""water"": 0.05493333333333334, ""transport"": 0.33333333333333337}","{""energy"": 1.0, ""water"": 1.0, ""transport"": 1.0}","{""energy"": 0.33333333333333326, ""water"": 0.9450666666666666, ""transport"": 0.6666666666666666}",9,0.5311889889757206,,,[],,v2.0,0.7,0.3
S4_water_partial,481,481,650002809993923131,scenario=S4_water_partial|method=both|duration=0|theta=0.300000|delta_threshold=0.100000|A=v2.0|w=na|run_id=481|seed=650002809993923131,False,"{""step_1_amount"": 0.4128700189682351}",033832c9a51598bd69064fc3910037f6fde292830c04f0066e6d9779dc60f4ca,0.38314666666666675,0.5134710140294945,0.13032434736282772,25,0.0,0.0,0.38314666666666675,0.5134710140294945,0,0,0.13032434736282772,"{""energy"": 0.6666666666666667, ""water"": 0.05493333333333334, ""transport"": 0.33333333333333337}","{""energy"": 0.7530386768630282, ""water"": 0.3210208570436273, ""transport"": 0.3864976205706501}","{""energy"": 0.08637201019636143, ""water"": 0.266087523710294, ""transport"": 0.053164287237316754}","{""energy"": 0.0, ""water"": 0.0, ""transport"": 0.0}","{""energy"": 0.0, ""water"": 0.0, ""transport"": 0.0}","{""energy"": 0.0, ""water"": 0.0, ""transport"": 0.0}",0.3,0.1,,0.38314666666666675,1.0,0.6168533333333333,1,"{""energy"": 0.6666666666666667, ""water"": 0.05493333333333334, ""transport"": 0.33333333333333337}","{""energy"": 1.0, ""water"": 1.0, ""transport"": 1.0}","{""energy"": 0.33333333333333326, ""water"": 0.9450666666666666, ""transport"": 0.6666666666666666}",10,0.5134710140294945,,,[],,v2.0,0.7,0.3
S4_water_partial,482,482,3557458152526550154,scenario=S4_water_partial|method=both|duration=0|theta=0.300000|delta_threshold=0.100000|A=v2.0|w=na|run_id=482|seed=3557458152526550154,False,"{""step_1_amount"": 0.49976822195201476}",033832c9a51598bd69064fc3910037f6fde292830c04f0066e6d9779dc60f4ca,0.38314666666666675,0.566672266351239,0.18352559968457227,9,0.0,0.0,0.38314666666666675,0.566672266351239,0,1,0.18352559968457227,"{""energy"": 0.6666666666666667, ""water"": 0.05493333333333334, ""transport"": 0.33333333333333337}","{""energy"": 0.7882976227236967, ""water"": 0.4296436107733518, ""transport"": 0.40820044676584905}","{""energy"": 0.12163095605703, ""water"": 0.37471027744001845, ""transport"": 0.07486711343251568}","{""energy"": 0.0, ""water"": 0.0, ""transport"": 0.0}","{""energy"": 0.0, ""water"": 0.0, ""transport"": 0.0}","{""energy"": 0.0, ""water"": 0.0, ""transport"": 0.0}",0.3,0.1,,0.38314666666666675,1.0,0.6168533333333333,1,"{""energy"": 0.6666666666666667, ""water"": 0.05493333333333334, ""transport"": 0.33333333333333337}","{""energy"": 1.0, ""water"": 1.0, ""transport"": 1.0}","{""energy"": 0.33333333333333326, ""water"": 0.9450666666666666, ""transport"": 0.6666666666666666}",8,0.566672266351239,,,[],,v2.0,0.7,0.3
S4_water_partial,483,483,10375344734998299573,scenario=S4_water_partial|method=both|duration=0|theta=0.300000|delta_threshold=0.100000|A=v2.0|w=na|run_id=483|seed=10375344734998299573,False,"{""step_1_amount"": 0.24278925212385002}",033832c9a51598bd69064fc3910037f6fde292830c04f0066e6d9779dc60f4ca,0.38314666666666675,0.4093433165481908,0.026196649881524037,17,0.0,0.0,0.38314666666666675,0.4093433165481908,0,0,0.026196649881524037,"{""energy"": 0.6666666666666667, ""water"": 0.05493333333333334, ""transport"": 0.33333333333333337}","{""energy"": 0.6840284057159189, ""water"": 0.10841989848814587, ""transport"": 0.34401994905126493}","{""energy"": 0.0173617390492522, ""water"": 0.05348656515481253, ""transport"": 0.010686615717931558}","{""energy"": 0.0, ""water"": 0.0, ""transport"": 0.0}","{""energy"": 0.0, ""water"": 0.0, ""transport"": 0.0}","{""energy"": 0.0, ""water"": 0.0, ""transport"": 0.0}",0.3,0.1,,0.38314666666666675,1.0,0.6168533333333333,1,"{""energy"": 0.6666666666666667, ""water"": 0.05493333333333334, ""transport"": 0.33333333333333337}","{""energy"": 1.0, ""water"": 1.0, ""transport"": 1.0}","{""energy"": 0.33333333333333326, ""water"": 0.9450666666666666, ""transport"": 0.6666666666666666}",12,0.4093433165481908,,,[],,v2.0,0.7,0.3
S4_water_partial,484,484,9963942585534076649,scenario=S4_water_partial|method=both|duration=0|theta=0.300000|delta_threshold=0.100000|A=v2.0|w=na|run_id=484|seed=9963942585534076649,False,"{""step_1_amount"": 0.5239605559610885}",033832c9a51598bd69064fc3910037f6fde292830c04f0066e6d9779dc60f4ca,0.38314666666666675,0.5814834180399442,0.19833675137327744,23,0.0,0.0,0.38314666666666675,0.5814834180399442,0,1,0.19833675137327744,"{""energy"": 0.6666666666666667, ""water"": 0.05493333333333334, ""transport"": 0.33333333333333337}","{""energy"": 0.7981136622478784, ""water"": 0.459884028284694, ""transport"": 0.41424248218461523}","{""energy"": 0.13144699558121165, ""water"": 0.40495069495136066, ""transport"": 0.08090914885128186}","{""energy"": 0.0, ""water"": 0.0, ""transport"": 0.0}","{""energy"": 0.0, ""water"": 0.0, ""transport"": 0.0}","{""energy"": 0.0, ""water"": 0.0, ""transport"": 0.0}",0.3,0.1,,0.38314666666666675,1.0,0.6168533333333333,1,"{""energy"": 0.6666666666666667, ""water"": 0.05493333333333334, ""transport"": 0.33333333333333337}","{""energy"": 1.0, ""water"": 1.0, ""transport"": 1.0}","{""energy"": 0.33333333333333326, ""water"": 0.9450666666666666, ""transport"": 0.6666666666666666}",8,0.5814834180399442,,,[],,v2.0,0.7,0.3
S4_water_partial,485,485,393575839787398843,scenario=S4_water_partial|method=both|duration=0|theta=0.300000|delta_threshold=0.100000|A=v2.0|w=na|run_id=485|seed=393575839787398843,False,"{""step_1_amount"": 0.23336496406037102}",033832c9a51598bd69064fc3910037f6fde292830c04f0066e6d9779dc60f4ca,0.38314666666666675,0.40357353178852734,0.020426865121860593,14,0.0,0.0,0.38314666666666675,0.40357353178852734,0,0,0.020426865121860593,"{""energy"": 0.6666666666666667, ""water"": 0.05493333333333334, ""transport"": 0.33333333333333337}","{""energy"": 0.6802045008341623, ""water"": 0.09663953840879708, ""transport"": 0.341666233107411}","{""energy"": 0.013537834167495544, ""water"": 0.041706205075463736, ""transport"": 0.00833289977407764}","{""energy"": 0.0, ""water"": 0.0, ""transport"": 0.0}","{""energy"": 0.0, ""water"": 0.0, ""transport"": 0.0}","{""energy"": 0.0, ""water"": 0.0, ""transport"": 0.0}",0.3,0.1,,0.38314666666666675,1.0,0.6168533333333333,1,"{""energy"": 0.6666666666666667, ""water"": 0.05493333333333334, ""transport"": 0.33333333333333337}","{""energy"": 1.0, ""water"": 1.0, ""transport"": 1.0}","{""energy"": 0.33333333333333326, ""water"": 0.9450666666666666, ""transport"": 0.6666666666666666}",12,0.40357353178852734,,,[],,v2.0,0.7,0.3
S4_water_partial,486,486,11220654200674298430,scenario=S4_water_partial|method=both|duration=0|theta=0.300000|delta_threshold=0.100000|A=v2.0|w=na|run_id=486|seed=11220654200674298430,False,"{""step_1_amount"": 0.36533725471056644}",033832c9a51598bd69064fc3910037f6fde292830c04f0066e6d9779dc60f4ca,0.38314666666666675,0.4843702674318433,0.10122360076517656,27,0.0,0.0,0.38314666666666675,0.4843702674318433,0,0,0.10122360076517656,"{""energy"": 0.6666666666666667, ""water"": 0.05493333333333334, ""transport"": 0.33333333333333337}","{""energy"": 0.733752257765479, ""water"": 0.2616049017215414, ""transport"": 0.37462631269729735}","{""energy"": 0.06708559109881229, ""water"": 0.20667156838820805, ""transport"": 0.04129297936396398}","{""energy"": 0.0, ""water"": 0.0, ""transport"": 0.0}","{""energy"": 0.0, ""water"": 0.0, ""transport"": 0.0}","{""energy"": 0.0, ""water"": 0.0, ""transport"": 0.0}",0.3,0.1,,0.38314666666666675,1.0,0.6168533333333333,1,"{""energy"": 0.6666666666666667, ""water"": 0.05493333333333334, ""transport"": 0.33333333333333337}","{""energy"": 1.0, ""water"": 1.0, ""transport"": 1.0}","{""energy"": 0.33333333333333326, ""water"": 0.9450666666666666, ""transport"": 0.6666666666666666}",10,0.4843702674318433,,,[],,v2.0,0.7,0.3
S4_water_partial,487,487,14605176674222890597,scenario=S4_water_partial|method=both|duration=0|theta=0.300000|delta_threshold=0.100000|A=v2.0|w=na|run_id=487|seed=14605176674222890597,False,"{""step_1_amount"": 0.4082221132564907}",033832c9a51598bd69064fc3910037f6fde292830c04f0066e6d9779dc60f4ca,0.38314666666666675,0.5106254499551217,0.12747878328845497,24,0.0,0.0,0.38314666666666675,0.5106254499551217,0,0,0.12747878328845497,"{""energy"": 0.6666666666666667, ""water"": 0.05493333333333334, ""transport"": 0.33333333333333337}","{""energy"": 0.7511527891204879, ""water"": 0.31521097490394673, ""transport"": 0.38533680611914195}","{""energy"": 0.08448612245382114, ""water"": 0.2602776415706134, ""transport"": 0.05200347278580858}","{""energy"": 0.0, ""water"": 0.0, ""transport"": 0.0}","{""energy"": 0.0, ""water"": 0.0, ""transport"": 0.0}","{""energy"": 0.0, ""water"": 0.0, ""transport"": 0.0}",0.3,0.1,,0.38314666666666675,1.0,0.6168533333333333,1,"{""energy"": 0.6666666666666667, ""water"": 0.05493333333333334, ""transport"": 0.33333333333333337}","{""energy"": 1.0, ""water"": 1.0, ""transport"": 1.0}","{""energy"": 0.33333333333333326, ""water"": 0.9450666666666666, ""transport"": 0.6666666666666666}",10,0.5106254499551217,,,[],,v2.0,0.7,0.3
S4_water_partial,488,488,8625514501581568755,scenario=S4_water_partial|method=both|duration=0|theta=0.300000|delta_threshold=0.100000|A=v2.0|w=na|run_id=488|seed=8625514501581568755,False,"{""step_1_amount"": 0.33500285816503705}",033832c9a51598bd69064fc3910037f6fde292830c04f0066e6d9779dc60f4ca,0.38314666666666675,0.46579879150675657,0.08265212484008982,27,0.0,0.0,0.38314666666666675,0.46579879150675657,0,0,0.08265212484008982,"{""energy"": 0.6666666666666667, ""water"": 0.05493333333333334, ""transport"": 0.33333333333333337}","{""energy"": 0.7214440763671305, ""water"": 0.22368690603962968, ""transport"": 0.3670502971600514}","{""energy"": 0.05477740970046374, ""water"": 0.16875357270629635, ""transport"": 0.033716963826718016}","{""energy"": 0.0, ""water"": 0.0, ""transport"": 0.0}","{""energy"": 0.0, ""water"": 0.0, ""transport"": 0.0}","{""energy"": 0.0, ""water"": 0.0, ""transport"": 0.0}",0.3,0.1,,0.38314666666666675,1.0,0.6168533333333333,1,"{""energy"": 0.6666666666666667, ""water"": 0.05493333333333334, ""transport"": 0.33333333333333337}","{""energy"": 1.0, ""water"": 1.0, ""transport"": 1.0}","{""energy"": 0.33333333333333326, ""water"": 0.9450666666666666, ""transport"": 0.6666666666666666}",11,0.46579879150675657,,,[],,v2.0,0.7,0.3
S4_water_partial,489,489,6362350545513019448,scenario=S4_water_partial|method=both|duration=0|theta=0.300000|delta_threshold=0.100000|A=v2.0|w=na|run_id=489|seed=6362350545513019448,False,"{""step_1_amount"": 0.18560025275159128}",033832c9a51598bd69064fc3910037f6fde292830c04f0066e6d9779dc60f4ca,0.38314666666666675,0.38314666666666675,0.0,23,0.0,0.0,0.38314666666666675,0.38314666666666675,0,0,0.0,"{""energy"": 0.6666666666666667, ""water"": 0.05493333333333334, ""transport"": 0.33333333333333337}","{""energy"": 0.6666666666666667, ""water"": 0.05493333333333334, ""transport"": 0.33333333333333337}","{""energy"": 0.0, ""water"": 0.0, ""transport"": 0.0}","{""energy"": 0.0, ""water"": 0.0, ""transport"": 0.0}","{""energy"": 0.0, ""water"": 0.0, ""transport"": 0.0}","{""energy"": 0.0, ""water"": 0.0, ""transport"": 0.0}",0.3,0.1,,0.38314666666666675,1.0,0.6168533333333333,1,"{""energy"": 0.6666666666666667, ""water"": 0.05493333333333334, ""transport"": 0.33333333333333337}","{""energy"": 1.0, ""water"": 1.0, ""transport"": 1.0}","{""energy"": 0.33333333333333326, ""water"": 0.9450666666666666, ""transport"": 0.6666666666666666}",13,0.38314666666666675,,,[],,v2.0,0.7,0.3
S4_water_partial,490,490,17037723140355111693,scenario=S4_water_partial|method=both|duration=0|theta=0.300000|delta_threshold=0.100000|A=v2.0|w=na|run_id=490|seed=17037723140355111693,False,"{""step_1_amount"": 0.322480811085445}",033832c9a51598bd69064fc3910037f6fde292830c04f0066e6d9779dc60f4ca,0.38314666666666675,0.45813248123345324,0.07498581456678649,22,0.0,0.0,0.38314666666666675,0.45813248123345324,0,0,0.07498581456678649,"{""energy"": 0.6666666666666667, ""water"": 0.05493333333333334, ""transport"": 0.33333333333333337}","{""energy"": 0.716363255764586, ""water"": 0.20803434719013958, ""transport"": 0.36392291590192327}","{""energy"": 0.0496965890979193, ""water"": 0.15310101385680625, ""transport"": 0.0305895825685899}","{""energy"": 0.0, ""water"": 0.0, ""transport"": 0.0}","{""energy"": 0.0, ""water"": 0.0, ""transport"": 0.0}","{""energy"": 0.0, ""water"": 0.0, ""transport"": 0.0}",0.3,0.1,,0.38314666666666675,1.0,0.6168533333333333,1,"{""energy"": 0.6666666666666667, ""water"": 0.05493333333333334, ""transport"": 0.33333333333333337}","{""energy"": 1.0, ""water"": 1.0, ""transport"": 1.0}","{""energy"": 0.33333333333333326, ""water"": 0.9450666666666666, ""transport"": 0.6666666666666666}",11,0.45813248123345324,,,[],,v2.0,0.7,0.3
S4_water_partial,491,491,4659998699085886121,scenario=S4_water_partial|method=both|duration=0|theta=0.300000|delta_threshold=0.100000|A=v2.0|w=na|run_id=491|seed=4659998699085886121,False,"{""step_1_amount"": 0.5262018946903448}",033832c9a51598bd69064fc3910037f6fde292830c04f0066e6d9779dc60f4ca,0.38314666666666675,0.582855621643463,0.1997089549767963,8,0.0,0.0,0.38314666666666675,0.582855621643463,0,1,0.1997089549767963,"{""energy"": 0.6666666666666667, ""water"": 0.05493333333333334, ""transport"": 0.33333333333333337}","{""energy"": 0.7990230854372742, ""water"": 0.4626857016962644, ""transport"": 0.414802256532247}","{""energy"": 0.13235641877060744, ""water"": 0.40775236836293105, ""transport"": 0.08146892319891363}","{""energy"": 0.0, ""water"": 0.0, ""transport"": 0.0}","{""energy"": 0.0, ""water"": 0.0, ""transport"": 0.0}","{""energy"": 0.0, ""water"": 0.0, ""transport"": 0.0}",0.3,0.1,,0.38314666666666675,1.0,0.6168533333333333,1,"{""energy"": 0.6666666666666667, ""water"": 0.05493333333333334, ""transport"": 0.33333333333333337}","{""energy"": 1.0, ""water"": 1.0, ""transport"": 1.0}","{""energy"": 0.33333333333333326, ""water"": 0.9450666666666666, ""transport"": 0.6666666666666666}",8,0.582855621643463,,,[],,v2.0,0.7,0.3
S4_water_partial,492,492,8755890775237521049,scenario=S4_water_partial|method=both|duration=0|theta=0.300000|delta_threshold=0.100000|A=v2.0|w=na|run_id=492|seed=8755890775237521049,False,"{""step_1_amount"": 0.11600191381491717}",033832c9a51598bd69064fc3910037f6fde292830c04f0066e6d9779dc60f4ca,0.38314666666666675,0.38314666666666675,0.0,20,0.0,0.0,0.38314666666666675,0.38314666666666675,0,0,0.0,"{""energy"": 0.6666666666666667, ""water"": 0.05493333333333334, ""transport"": 0.33333333333333337}","{""energy"": 0.6666666666666667, ""water"": 0.05493333333333334, ""transport"": 0.33333333333333337}","{""energy"": 0.0, ""water"": 0.0, ""transport"": 0.0}","{""energy"": 0.0, ""water"": 0.0, ""transport"": 0.0}","{""energy"": 0.0, ""water"": 0.0, ""transport"": 0.0}","{""energy"": 0.0, ""water"": 0.0, ""transport"": 0.0}",0.3,0.1,,0.38314666666666675,1.0,0.6168533333333333,1,"{""energy"": 0.6666666666666667, ""water"": 0.05493333333333334, ""transport"": 0.33333333333333337}","{""energy"": 1.0, ""water"": 1.0, ""transport"": 1.0}","{""energy"": 0.33333333333333326, ""water"": 0.9450666666666666, ""transport"": 0.6666666666666666}",13,0.38314666666666675,,,[],,v2.0,0.7,0.3
S4_water_partial,493,493,1018404534939230953,scenario=S4_water_partial|method=both|duration=0|theta=0.300000|delta_threshold=0.100000|A=v2.0|w=na|run_id=493|seed=1018404534939230953,False,"{""step_1_amount"": 0.15153948302671894}",033832c9a51598bd69064fc3910037f6fde292830c04f0066e6d9779dc60f4ca,0.38314666666666675,0.38314666666666675,0.0,18,0.0,0.0,0.38314666666666675,0.38314666666666675,0,0,0.0,"{""energy"": 0.6666666666666667, ""water"": 0.05493333333333334, ""transport"": 0.33333333333333337}","{""energy"": 0.6666666666666667, ""water"": 0.05493333333333334, ""transport"": 0.33333333333333337}","{""energy"": 0.0, ""water"": 0.0, ""transport"": 0.0}","{""energy"": 0.0, ""water"": 0.0, ""transport"": 0.0}","{""energy"": 0.0, ""water"": 0.0, ""transport"": 0.0}","{""energy"": 0.0, ""water"": 0.0, ""transport"": 0.0}",0.3,0.1,,0.38314666666666675,1.0,0.6168533333333333,1,"{""energy"": 0.6666666666666667, ""water"": 0.05493333333333334, ""transport"": 0.33333333333333337}","{""energy"": 1.0, ""water"": 1.0, ""transport"": 1.0}","{""energy"": 0.33333333333333326, ""water"": 0.9450666666666666, ""transport"": 0.6666666666666666}",13,0.38314666666666675,,,[],,v2.0,0.7,0.3
S4_water_partial,494,494,3473968960332043032,scenario=S4_water_partial|method=both|duration=0|theta=0.300000|delta_threshold=0.100000|A=v2.0|w=na|run_id=494|seed=3473968960332043032,False,"{""step_1_amount"": 0.05343267417471912}",033832c9a51598bd69064fc3910037f6fde292830c04f0066e6d9779dc60f4ca,0.38314666666666675,0.38314666666666675,0.0,21,0.0,0.0,0.38314666666666675,0.38314666666666675,0,0,0.0,"{""energy"": 0.6666666666666667, ""water"": 0.05493333333333334, ""transport"": 0.33333333333333337}","{""energy"": 0.6666666666666667, ""water"": 0.05493333333333334, ""transport"": 0.33333333333333337}","{""energy"": 0.0, ""water"": 0.0, ""transport"": 0.0}","{""energy"": 0.0, ""water"": 0.0, ""transport"": 0.0}","{""energy"": 0.0, ""water"": 0.0, ""transport"": 0.0}","{""energy"": 0.0, ""water"": 0.0, ""transport"": 0.0}",0.3,0.1,,0.38314666666666675,1.0,0.6168533333333333,1,"{""energy"": 0.6666666666666667, ""water"": 0.05493333333333334, ""transport"": 0.33333333333333337}","{""energy"": 1.0, ""water"": 1.0, ""transport"": 1.0}","{""energy"": 0.33333333333333326, ""water"": 0.9450666666666666, ""transport"": 0.6666666666666666}",13,0.38314666666666675,,,[],,v2.0,0.7,0.3
S4_water_partial,495,495,5980861414856933273,scenario=S4_water_partial|method=both|duration=0|theta=0.300000|delta_threshold=0.100000|A=v2.0|w=na|run_id=495|seed=5980861414856933273,False,"{""step_1_amount"": 0.4455291702511147}",033832c9a51598bd69064fc3910037f6fde292830c04f0066e6d9779dc60f4ca,0.38314666666666675,0.5334657629236554,0.1503190962569887,15,0.0,0.0,0.38314666666666675,0.5334657629236554,0,0,0.1503190962569887,"{""energy"": 0.6666666666666667, ""water"": 0.05493333333333334, ""transport"": 0.33333333333333337}","{""energy"": 0.7662901274960565, ""water"": 0.3618447961472267, ""transport"": 0.3946542436035493}","{""energy"": 0.09962346082938978, ""water"": 0.30691146281389337, ""transport"": 0.06132091027021591}","{""energy"": 0.0, ""water"": 0.0, ""transport"": 0.0}","{""energy"": 0.0, ""water"": 0.0, ""transport"": 0.0}","{""energy"": 0.0, ""water"": 0.0, ""transport"": 0.0}",0.3,0.1,,0.38314666666666675,1.0,0.6168533333333333,1,"{""energy"": 0.6666666666666667, ""water"": 0.05493333333333334, ""transport"": 0.33333333333333337}","{""energy"": 1.0, ""water"": 1.0, ""transport"": 1.0}","{""energy"": 0.33333333333333326, ""water"": 0.9450666666666666, ""transport"": 0.6666666666666666}",9,0.5334657629236554,,,[],,v2.0,0.7,0.3
S4_water_partial,496,496,9642167557374917876,scenario=S4_water_partial|method=both|duration=0|theta=0.300000|delta_threshold=0.100000|A=v2.0|w=na|run_id=496|seed=9642167557374917876,False,"{""step_1_amount"": 0.41285893159811576}",033832c9a51598bd69064fc3910037f6fde292830c04f0066e6d9779dc60f4ca,0.38314666666666675,0.5134642260643232,0.13031755939765644,8,0.0,0.0,0.38314666666666675,0.5134642260643232,0,0,0.13031755939765644,"{""energy"": 0.6666666666666667, ""water"": 0.05493333333333334, ""transport"": 0.33333333333333337}","{""energy"": 0.7530341781626022, ""water"": 0.321006997830978, ""transport"": 0.38649485149996277}","{""energy"": 0.08636751149593547, ""water"": 0.2660736644976447, ""transport"": 0.053161518166629396}","{""energy"": 0.0, ""water"": 0.0, ""transport"": 0.0}","{""energy"": 0.0, ""water"": 0.0, ""transport"": 0.0}","{""energy"": 0.0, ""water"": 0.0, ""transport"": 0.0}",0.3,0.1,,0.38314666666666675,1.0,0.6168533333333333,1,"{""energy"": 0.6666666666666667, ""water"": 0.05493333333333334, ""transport"": 0.33333333333333337}","{""energy"": 1.0, ""water"": 1.0, ""transport"": 1.0}","{""energy"": 0.33333333333333326, ""water"": 0.9450666666666666, ""transport"": 0.6666666666666666}",10,0.5134642260643232,,,[],,v2.0,0.7,0.3
S4_water_partial,497,497,6379771810797299569,scenario=S4_water_partial|method=both|duration=0|theta=0.300000|delta_threshold=0.100000|A=v2.0|w=na|run_id=497|seed=6379771810797299569,False,"{""step_1_amount"": 0.40013240975628966}",033832c9a51598bd69064fc3910037f6fde292830c04f0066e6d9779dc60f4ca,0.38314666666666675,0.5056727312297111,0.12252606456304438,13,0.0,0.0,0.38314666666666675,0.5056727312297111,0,0,0.12252606456304438,"{""energy"": 0.6666666666666667, ""water"": 0.05493333333333334, ""transport"": 0.33333333333333337}","{""energy"": 0.7478703919252813, ""water"": 0.30509884552869543, ""transport"": 0.3833164026699667}","{""energy"": 0.08120372525861452, ""water"": 0.2501655121953621, ""transport"": 0.04998306933663332}","{""energy"": 0.0, ""water"": 0.0, ""transport"": 0.0}","{""energy"": 0.0, ""water"": 0.0, ""transport"": 0.0}","{""energy"": 0.0, ""water"": 0.0, ""transport"": 0.0}",0.3,0.1,,0.38314666666666675,1.0,0.6168533333333333,1,"{""energy"": 0.6666666666666667, ""water"": 0.05493333333333334, ""transport"": 0.33333333333333337}","{""energy"": 1.0, ""water"": 1.0, ""transport"": 1.0}","{""energy"": 0.33333333333333326, ""water"": 0.9450666666666666, ""transport"": 0.6666666666666666}",10,0.5056727312297111,,,[],,v2.0,0.7,0.3
S4_water_partial,498,498,6005426307380712455,scenario=S4_water_partial|method=both|duration=0|theta=0.300000|delta_threshold=0.100000|A=v2.0|w=na|run_id=498|seed=6005426307380712455,False,"{""step_1_amount"": 0.3240036751876417}",033832c9a51598bd69064fc3910037f6fde292830c04f0066e6d9779dc60f4ca,0.38314666666666675,0.45906481670842064,0.0759181500417539,13,0.0,0.0,0.38314666666666675,0.45906481670842064,0,0,0.0759181500417539,"{""energy"": 0.6666666666666667, ""water"": 0.05493333333333334, ""transport"": 0.33333333333333337}","{""energy"": 0.7169811578740524, ""water"": 0.20993792731788538, ""transport"": 0.36430325121144685}","{""energy"": 0.050314491207385625, ""water"": 0.15500459398455205, ""transport"": 0.030969917878113484}","{""energy"": 0.0, ""water"": 0.0, ""transport"": 0.0}","{""energy"": 0.0, ""water"": 0.0, ""transport"": 0.0}","{""energy"": 0.0, ""water"": 0.0, ""transport"": 0.0}",0.3,0.1,,0.38314666666666675,1.0,0.6168533333333333,1,"{""energy"": 0.6666666666666667, ""water"": 0.05493333333333334, ""transport"": 0.33333333333333337}","{""energy"": 1.0, ""water"": 1.0, ""transport"": 1.0}","{""energy"": 0.33333333333333326, ""water"": 0.9450666666666666, ""transport"": 0.6666666666666666}",11,0.45906481670842064,,,[],,v2.0,0.7,0.3
S4_water_partial,499,499,14161458081810647263,scenario=S4_water_partial|method=both|duration=0|theta=0.300000|delta_threshold=0.100000|A=v2.0|w=na|run_id=499|seed=14161458081810647263,False,"{""step_1_amount"": 0.3427249909151903}",033832c9a51598bd69064fc3910037f6fde292830c04f0066e6d9779dc60f4ca,0.38314666666666675,0.47052647422971916,0.08737980756305241,13,0.0,0.0,0.38314666666666675,0.47052647422971916,0,0,0.08737980756305241,"{""energy"": 0.6666666666666667, ""water"": 0.05493333333333334, ""transport"": 0.33333333333333337}","{""energy"": 0.7245773317305052, ""water"": 0.23333957197732128, ""transport"": 0.3689788998144022}","{""energy"": 0.05791066506383846, ""water"": 0.17840623864398794, ""transport"": 0.03564556648106881}","{""energy"": 0.0, ""water"": 0.0, ""transport"": 0.0}","{""energy"": 0.0, ""water"": 0.0, ""transport"": 0.0}","{""energy"": 0.0, ""water"": 0.0, ""transport"": 0.0}",0.3,0.1,,0.38314666666666675,1.0,0.6168533333333333,1,"{""energy"": 0.6666666666666667, ""water"": 0.05493333333333334, ""transport"": 0.33333333333333337}","{""energy"": 1.0, ""water"": 1.0, ""transport"": 1.0}","{""energy"": 0.33333333333333326, ""water"": 0.9450666666666666, ""transport"": 0.6666666666666666}",10,0.47052647422971916,,,[],,v2.0,0.7,0.3
S4_water_partial,500,500,11194307790884342666,scenario=S4_water_partial|method=both|duration=0|theta=0.300000|delta_threshold=0.100000|A=v2.0|w=na|run_id=500|seed=11194307790884342666,False,"{""step_1_amount"": 0.6167975668264915}",033832c9a51598bd69064fc3910037f6fde292830c04f0066e6d9779dc60f4ca,0.38314666666666675,0.6383205570170154,0.25517389035034865,10,0.0,0.0,0.38314666666666675,0.6383205570170154,0,1,0.25517389035034865,"{""energy"": 0.6666666666666667, ""water"": 0.05493333333333334, ""transport"": 0.33333333333333337}","{""energy"": 0.8357822794065156, ""water"": 0.5759302918664477, ""transport"": 0.43742852564824963}","{""energy"": 0.16911561273984888, ""water"": 0.5209969585331143, ""transport"": 0.10409519231491626}","{""energy"": 0.0, ""water"": 0.0, ""transport"": 0.0}","{""energy"": 0.0, ""water"": 0.0, ""transport"": 0.0}","{""energy"": 0.0, ""water"": 0.0, ""transport"": 0.0}",0.3,0.1,,0.38314666666666675,1.0,0.6168533333333333,1,"{""energy"": 0.6666666666666667, ""water"": 0.05493333333333334, ""transport"": 0.33333333333333337}","{""energy"": 1.0, ""water"": 1.0, ""transport"": 1.0}","{""energy"": 0.33333333333333326, ""water"": 0.9450666666666666, ""transport"": 0.6666666666666666}",7,0.6383205570170154,,,[],,v2.0,0.7,0.3
