scenario_id,run_id,run,seed,cache_key,cache_hit,randomized_params,x0_hash,before,after,delta,duration,method_cl_total_before,method_cl_total_after,method_q_total_before,method_q_total_after,I_cl,I_q,delta_R,before_vec_q,after_vec_q,delta_vec_q,before_vec_cl,after_vec_cl,delta_vec_cl,theta_classical,delta_sector_threshold,theta_node,method_qi_total_before,method_qi_total_after,delta_qi,I_qi,before_vec_qi,after_vec_qi,delta_vec_qi,convergence_steps,peak_after_q,final_after_recovery_q,recovery_trajectory_q,cl_activated_sectors,cl_first_activation_step,matrix_version,theta_bin,theta_cascade
S4_water_partial,1,1,10218839302848591282,scenario=S4_water_partial|method=both|duration=0|theta=0.300000|delta_threshold=0.100000|A=v2.0|w=na|run_id=1|seed=10218839302848591282,False,"{""step_1_amount"": 0.245596037722169}",033832c9a51598bd69064fc3910037f6fde292830c04f0066e6d9779dc60f4ca,0.38314666666666675,0.4110617008611217,0.027915034194454957,6,0.0,0.0,0.38314666666666675,0.4110617008611217,0,0,0.027915034194454957,"{""energy"": 0.6666666666666667, ""water"": 0.05493333333333334, ""transport"": 0.33333333333333337}","{""energy"": 0.6851672589724368, ""water"": 0.11192838048604467, ""transport"": 0.3447209437544451}","{""energy"": 0.01850059230577006, ""water"": 0.05699504715271133, ""transport"": 0.011387610421111749}","{""energy"": 0.0, ""water"": 0.0, ""transport"": 0.0}","{""energy"": 0.0, ""water"": 0.0, ""transport"": 0.0}","{""energy"": 0.0, ""water"": 0.0, ""transport"": 0.0}",0.3,0.1,,0.38314666666666675,1.0,0.6168533333333333,1,"{""energy"": 0.6666666666666667, ""water"": 0.05493333333333334, ""transport"": 0.33333333333333337}","{""energy"": 1.0, ""water"": 1.0, ""transport"": 1.0}","{""energy"": 0.33333333333333326, ""water"": 0.9450666666666666, ""transport"": 0.6666666666666666}",12,0.4110617008611217,,,[],,v2.0,0.7,0.3
S4_water_partial,2,2,1551714282877654289,scenario=S4_water_partial|method=both|duration=0|theta=0.300000|delta_threshold=0.100000|A=v2.0|w=na|run_id=2|seed=1551714282877654289,False,"{""step_1_amount"": 0.24042991177434883}",033832c9a51598bd69064fc3910037f6fde292830c04f0066e6d9779dc60f4ca,0.38314666666666675,0.4078988694027174,0.024752202736050666,12,0.0,0.0,0.38314666666666675,0.4078988694027174,0,0,0.024752202736050666,"{""energy"": 0.6666666666666667, ""water"": 0.05493333333333334, ""transport"": 0.33333333333333337}","{""energy"": 0.6830711033691088, ""water"": 0.10547072305126941, ""transport"": 0.343430703798977}","{""energy"": 0.01640443670244207, ""water"": 0.05053738971793607, ""transport"": 0.01009737046564363}","{""energy"": 0.0, ""water"": 0.0, ""transport"": 0.0}","{""energy"": 0.0, ""water"": 0.0, ""transport"": 0.0}","{""energy"": 0.0, ""water"": 0.0, ""transport"": 0.0}",0.3,0.1,,0.38314666666666675,1.0,0.6168533333333333,1,"{""energy"": 0.6666666666666667, ""water"": 0.05493333333333334, ""transport"": 0.33333333333333337}","{""energy"": 1.0, ""water"": 1.0, ""transport"": 1.0}","{""energy"": 0.33333333333333326, ""water"": 0.9450666666666666, ""transport"": 0.6666666666666666}",12,0.4078988694027174,,,[],,v2.0,0.7,0.3
S4_water_partial,3,3,17165758592708349444,scenario=S4_water_partial|method=both|duration=0|theta=0.300000|delta_threshold=0.100000|A=v2.0|w=na|run_id=3|seed=17165758592708349444,False,"{""step_1_amount"": 0.22298571250108992}",033832c9a51598bd69064fc3910037f6fde292830c04f0066e6d9779dc60f4ca,0.38314666666666675,0.3972190945026465,0.014072427835979728,30,0.0,0.0,0.38314666666666675,0.3972190945026465,0,0,0.014072427835979728,"{""energy"": 0.6666666666666667, ""water"": 0.05493333333333334, ""transport"": 0.33333333333333337}","{""energy"": 0.675993119513984, ""water"": 0.0836654739596957, ""transport"": 0.33907401503048057}","{""energy"": 0.009326452847317257, ""water"": 0.02873214062636236, ""transport"": 0.0057406816971471986}","{""energy"": 0.0, ""water"": 0.0, ""transport"": 0.0}","{""energy"": 0.0, ""water"": 0.0, ""transport"": 0.0}","{""energy"": 0.0, ""water"": 0.0, ""transport"": 0.0}",0.3,0.1,,0.38314666666666675,1.0,0.6168533333333333,1,"{""energy"": 0.6666666666666667, ""water"": 0.05493333333333334, ""transport"": 0.33333333333333337}","{""energy"": 1.0, ""water"": 1.0, ""transport"": 1.0}","{""energy"": 0.33333333333333326, ""water"": 0.9450666666666666, ""transport"": 0.6666666666666666}",12,0.3972190945026465,,,[],,v2.0,0.7,0.3
S4_water_partial,4,4,10277558166160841261,scenario=S4_water_partial|method=both|duration=0|theta=0.300000|delta_threshold=0.100000|A=v2.0|w=na|run_id=4|seed=10277558166160841261,False,"{""step_1_amount"": 0.202658476326261}",033832c9a51598bd69064fc3910037f6fde292830c04f0066e6d9779dc60f4ca,0.38314666666666675,0.3847742523355119,0.001627585668845133,15,0.0,0.0,0.38314666666666675,0.3847742523355119,0,0,0.001627585668845133,"{""energy"": 0.6666666666666667, ""water"": 0.05493333333333334, ""transport"": 0.33333333333333337}","{""energy"": 0.6677453434360472, ""water"": 0.058256428741159653, ""transport"": 0.33399728779581705}","{""energy"": 0.0010786767693804489, ""water"": 0.0033230954078263125, ""transport"": 0.0006639544624836846}","{""energy"": 0.0, ""water"": 0.0, ""transport"": 0.0}","{""energy"": 0.0, ""water"": 0.0, ""transport"": 0.0}","{""energy"": 0.0, ""water"": 0.0, ""transport"": 0.0}",0.3,0.1,,0.38314666666666675,1.0,0.6168533333333333,1,"{""energy"": 0.6666666666666667, ""water"": 0.05493333333333334, ""transport"": 0.33333333333333337}","{""energy"": 1.0, ""water"": 1.0, ""transport"": 1.0}","{""energy"": 0.33333333333333326, ""water"": 0.9450666666666666, ""transport"": 0.6666666666666666}",12,0.3847742523355119,,,[],,v2.0,0.7,0.3
S4_water_partial,5,5,8113601936823812339,scenario=S4_water_partial|method=both|duration=0|theta=0.300000|delta_threshold=0.100000|A=v2.0|w=na|run_id=5|seed=8113601936823812339,False,"{""step_1_amount"": 0.3431416331254608}",033832c9a51598bd69064fc3910037f6fde292830c04f0066e6d9779dc60f4ca,0.38314666666666675,0.470781553006902,0.08763488634023525,6,0.0,0.0,0.38314666666666675,0.470781553006902,0,0,0.08763488634023525,"{""energy"": 0.6666666666666667, ""water"": 0.05493333333333334, ""transport"": 0.33333333333333337}","{""energy"": 0.7247463843073225, ""water"": 0.23386037474015944, ""transport"": 0.36908295620641723}","{""energy"": 0.05807971764065578, ""water"": 0.1789270414068261, ""transport"": 0.035749622873083864}","{""energy"": 0.0, ""water"": 0.0, ""transport"": 0.0}","{""energy"": 0.0, ""water"": 0.0, ""transport"": 0.0}","{""energy"": 0.0, ""water"": 0.0, ""transport"": 0.0}",0.3,0.1,,0.38314666666666675,1.0,0.6168533333333333,1,"{""energy"": 0.6666666666666667, ""water"": 0.05493333333333334, ""transport"": 0.33333333333333337}","{""energy"": 1.0, ""water"": 1.0, ""transport"": 1.0}","{""energy"": 0.33333333333333326, ""water"": 0.9450666666666666, ""transport"": 0.6666666666666666}",10,0.470781553006902,,,[],,v2.0,0.7,0.3
S4_water_partial,6,6,13820126298588664351,scenario=S4_water_partial|method=both|duration=0|theta=0.300000|delta_threshold=0.100000|A=v2.0|w=na|run_id=6|seed=13820126298588664351,False,"{""step_1_amount"": 0.1321022143977601}",033832c9a51598bd69064fc3910037f6fde292830c04f0066e6d9779dc60f4ca,0.38314666666666675,0.38314666666666675,0.0,6,0.0,0.0,0.38314666666666675,0.38314666666666675,0,0,0.0,"{""energy"": 0.6666666666666667, ""water"": 0.05493333333333334, ""transport"": 0.33333333333333337}","{""energy"": 0.6666666666666667, ""water"": 0.05493333333333334, ""transport"": 0.33333333333333337}","{""energy"": 0.0, ""water"": 0.0, ""transport"": 0.0}","{""energy"": 0.0, ""water"": 0.0, ""transport"": 0.0}","{""energy"": 0.0, ""water"": 0.0, ""transport"": 0.0}","{""energy"": 0.0, ""water"": 0.0, ""transport"": 0.0}",0.3,0.1,,0.38314666666666675,1.0,0.6168533333333333,1,"{""energy"": 0.6666666666666667, ""water"": 0.05493333333333334, ""transport"": 0.33333333333333337}","{""energy"": 1.0, ""water"": 1.0, ""transport"": 1.0}","{""energy"": 0.33333333333333326, ""water"": 0.9450666666666666, ""transport"": 0.6666666666666666}",13,0.38314666666666675,,,[],,v2.0,0.7,0.3
S4_water_partial,7,7,15259738130958010352,scenario=S4_water_partial|method=both|duration=0|theta=0.300000|delta_threshold=0.100000|A=v2.0|w=na|run_id=7|seed=15259738130958010352,False,"{""step_1_amount"": 0.049955166376135215}",033832c9a51598bd69064fc3910037f6fde292830c04f0066e6d9779dc60f4ca,0.38314666666666675,0.38314666666666675,0.0,21,0.0,0.0,0.38314666666666675,0.38314666666666675,0,0,0.0,"{""energy"": 0.6666666666666667, ""water"": 0.05493333333333334, ""transport"": 0.33333333333333337}","{""energy"": 0.6666666666666667, ""water"": 0.05493333333333334, ""transport"": 0.33333333333333337}","{""energy"": 0.0, ""water"": 0.0, ""transport"": 0.0}","{""energy"": 0.0, ""water"": 0.0, ""transport"": 0.0}","{""energy"": 0.0, ""water"": 0.0, ""transport"": 0.0}","{""energy"": 0.0, ""water"": 0.0, ""transport"": 0.0}",0.3,0.1,,0.38314666666666675,1.0,0.6168533333333333,1,"{""energy"": 0.6666666666666667, ""water"": 0.05493333333333334, ""transport"": 0.33333333333333337}","{""energy"": 1.0, ""water"": 1.0, ""transport"": 1.0}","{""energy"": 0.33333333333333326, ""water"": 0.9450666666666666, ""transport"": 0.6666666666666666}",13,0.38314666666666675,,,[],,v2.0,0.7,0.3
S4_water_partial,8,8,10904579800364905174,scenario=S4_water_partial|method=both|duration=0|theta=0.300000|delta_threshold=0.100000|A=v2.0|w=na|run_id=8|seed=10904579800364905174,False,"{""step_1_amount"": 0.22089877350696013}",033832c9a51598bd69064fc3910037f6fde292830c04f0066e6d9779dc60f4ca,0.38314666666666675,0.39594141827696544,0.012794751610298694,20,0.0,0.0,0.38314666666666675,0.39594141827696544,0,0,0.012794751610298694,"{""energy"": 0.6666666666666667, ""water"": 0.05493333333333334, ""transport"": 0.33333333333333337}","{""energy"": 0.6751463440171158, ""water"": 0.08105680021703358, ""transport"": 0.3385528020166967}","{""energy"": 0.008479677350449077, ""water"": 0.026123466883700243, ""transport"": 0.005219468683363315}","{""energy"": 0.0, ""water"": 0.0, ""transport"": 0.0}","{""energy"": 0.0, ""water"": 0.0, ""transport"": 0.0}","{""energy"": 0.0, ""water"": 0.0, ""transport"": 0.0}",0.3,0.1,,0.38314666666666675,1.0,0.6168533333333333,1,"{""energy"": 0.6666666666666667, ""water"": 0.05493333333333334, ""transport"": 0.33333333333333337}","{""energy"": 1.0, ""water"": 1.0, ""transport"": 1.0}","{""energy"": 0.33333333333333326, ""water"": 0.9450666666666666, ""transport"": 0.6666666666666666}",12,0.39594141827696544,,,[],,v2.0,0.7,0.3
S4_water_partial,9,9,13386037884783960972,scenario=S4_water_partial|method=both|duration=0|theta=0.300000|delta_threshold=0.100000|A=v2.0|w=na|run_id=9|seed=13386037884783960972,False,"{""step_1_amount"": 0.30059030240611007}",033832c9a51598bd69064fc3910037f6fde292830c04f0066e6d9779dc60f4ca,0.38314666666666675,0.44473056455724747,0.06158389789058072,17,0.0,0.0,0.38314666666666675,0.44473056455724747,0,0,0.06158389789058072,"{""energy"": 0.6666666666666667, ""water"": 0.05493333333333334, ""transport"": 0.33333333333333337}","{""energy"": 0.707481181867946, ""water"": 0.180671211340971, ""transport"": 0.3584557613592594}","{""energy"": 0.04081451520127921, ""water"": 0.12573787800763767, ""transport"": 0.025122428025926014}","{""energy"": 0.0, ""water"": 0.0, ""transport"": 0.0}","{""energy"": 0.0, ""water"": 0.0, ""transport"": 0.0}","{""energy"": 0.0, ""water"": 0.0, ""transport"": 0.0}",0.3,0.1,,0.38314666666666675,1.0,0.6168533333333333,1,"{""energy"": 0.6666666666666667, ""water"": 0.05493333333333334, ""transport"": 0.33333333333333337}","{""energy"": 1.0, ""water"": 1.0, ""transport"": 1.0}","{""energy"": 0.33333333333333326, ""water"": 0.9450666666666666, ""transport"": 0.6666666666666666}",11,0.44473056455724747,,,[],,v2.0,0.7,0.3
S4_water_partial,10,10,14060088024156388616,scenario=S4_water_partial|method=both|duration=0|theta=0.300000|delta_threshold=0.100000|A=v2.0|w=na|run_id=10|seed=14060088024156388616,False,"{""step_1_amount"": 0.07750448937735889}",033832c9a51598bd69064fc3910037f6fde292830c04f0066e6d9779dc60f4ca,0.38314666666666675,0.38314666666666675,0.0,28,0.0,0.0,0.38314666666666675,0.38314666666666675,0,0,0.0,"{""energy"": 0.6666666666666667, ""water"": 0.05493333333333334, ""transport"": 0.33333333333333337}","{""energy"": 0.6666666666666667, ""water"": 0.05493333333333334, ""transport"": 0.33333333333333337}","{""energy"": 0.0, ""water"": 0.0, ""transport"": 0.0}","{""energy"": 0.0, ""water"": 0.0, ""transport"": 0.0}","{""energy"": 0.0, ""water"": 0.0, ""transport"": 0.0}","{""energy"": 0.0, ""water"": 0.0, ""transport"": 0.0}",0.3,0.1,,0.38314666666666675,1.0,0.6168533333333333,1,"{""energy"": 0.6666666666666667, ""water"": 0.05493333333333334, ""transport"": 0.33333333333333337}","{""energy"": 1.0, ""water"": 1.0, ""transport"": 1.0}","{""energy"": 0.33333333333333326, ""water"": 0.9450666666666666, ""transport"": 0.6666666666666666}",13,0.38314666666666675,,,[],,v2.0,0.7,0.3
S4_water_partial,11,11,11107337599642383062,scenario=S4_water_partial|method=both|duration=0|theta=0.300000|delta_threshold=0.100000|A=v2.0|w=na|run_id=11|seed=11107337599642383062,False,"{""step_1_amount"": 0.18357199599982324}",033832c9a51598bd69064fc3910037f6fde292830c04f0066e6d9779dc60f4ca,0.38314666666666675,0.38314666666666675,0.0,9,0.0,0.0,0.38314666666666675,0.38314666666666675,0,0,0.0,"{""energy"": 0.6666666666666667, ""water"": 0.05493333333333334, ""transport"": 0.33333333333333337}","{""energy"": 0.6666666666666667, ""water"": 0.05493333333333334, ""transport"": 0.33333333333333337}","{""energy"": 0.0, ""water"": 0.0, ""transport"": 0.0}","{""energy"": 0.0, ""water"": 0.0, ""transport"": 0.0}","{""energy"": 0.0, ""water"": 0.0, ""transport"": 0.0}","{""energy"": 0.0, ""water"": 0.0, ""transport"": 0.0}",0.3,0.1,,0.38314666666666675,1.0,0.6168533333333333,1,"{""energy"": 0.6666666666666667, ""water"": 0.05493333333333334, ""transport"": 0.33333333333333337}","{""energy"": 1.0, ""water"": 1.0, ""transport"": 1.0}","{""energy"": 0.33333333333333326, ""water"": 0.9450666666666666, ""transport"": 0.6666666666666666}",13,0.38314666666666675,,,[],,v2.0,0.7,0.3
S4_water_partial,12,12,6031167352262539807,scenario=S4_water_partial|method=both|duration=0|theta=0.300000|delta_threshold=0.100000|A=v2.0|w=na|run_id=12|seed=6031167352262539807,False,"{""step_1_amount"": 0.16861398906723996}",033832c9a51598bd69064fc3910037f6fde292830c04f0066e6d9779dc60f4ca,0.38314666666666675,0.38314666666666675,0.0,28,0.0,0.0,0.38314666666666675,0.38314666666666675,0,0,0.0,"{""energy"": 0.6666666666666667, ""water"": 0.05493333333333334, ""transport"": 0.33333333333333337}","{""energy"": 0.6666666666666667, ""water"": 0.05493333333333334, ""transport"": 0.33333333333333337}","{""energy"": 0.0, ""water"": 0.0, ""transport"": 0.0}","{""energy"": 0.0, ""water"": 0.0, ""transport"": 0.0}","{""energy"": 0.0, ""water"": 0.0, ""transport"": 0.0}","{""energy"": 0.0, ""water"": 0.0, ""transport"": 0.0}",0.3,0.1,,0.38314666666666675,1.0,0.6168533333333333,1,"{""energy"": 0.6666666666666667, ""water"": 0.05493333333333334, ""transport"": 0.33333333333333337}","{""energy"": 1.0, ""water"": 1.0, ""transport"": 1.0}","{""energy"": 0.33333333333333326, ""water"": 0.9450666666666666, ""transport"": 0.6666666666666666}",13,0.38314666666666675,,,[],,v2.0,0.7,0.3
S4_water_partial,13,13,18032369781719048698,scenario=S4_water_partial|method=both|duration=0|theta=0.300000|delta_threshold=0.100000|A=v2.0|w=na|run_id=13|seed=18032369781719048698,False,"{""step_1_amount"": 0.1560777494605117}",033832c9a51598bd69064fc3910037f6fde292830c04f0066e6d9779dc60f4ca,0.38314666666666675,0.38314666666666675,0.0,29,0.0,0.0,0.38314666666666675,0.38314666666666675,0,0,0.0,"{""energy"": 0.6666666666666667, ""water"": 0.05493333333333334, ""transport"": 0.33333333333333337}","{""energy"": 0.6666666666666667, ""water"": 0.05493333333333334, ""transport"": 0.33333333333333337}","{""energy"": 0.0, ""water"": 0.0, ""transport"": 0.0}","{""energy"": 0.0, ""water"": 0.0, ""transport"": 0.0}","{""energy"": 0.0, ""water"": 0.0, ""transport"": 0.0}","{""energy"": 0.0, ""water"": 0.0, ""transport"": 0.0}",0.3,0.1,,0.38314666666666675,1.0,0.6168533333333333,1,"{""energy"": 0.6666666666666667, ""water"": 0.05493333333333334, ""transport"": 0.33333333333333337}","{""energy"": 1.0, ""water"": 1.0, ""transport"": 1.0}","{""energy"": 0.33333333333333326, ""water"": 0.9450666666666666, ""transport"": 0.6666666666666666}",13,0.38314666666666675,,,[],,v2.0,0.7,0.3
S4_water_partial,14,14,11900822515345170755,scenario=S4_water_partial|method=both|duration=0|theta=0.300000|delta_threshold=0.100000|A=v2.0|w=na|run_id=14|seed=11900822515345170755,False,"{""step_1_amount"": 0.10195773775955683}",033832c9a51598bd69064fc3910037f6fde292830c04f0066e6d9779dc60f4ca,0.38314666666666675,0.38314666666666675,0.0,25,0.0,0.0,0.38314666666666675,0.38314666666666675,0,0,0.0,"{""energy"": 0.6666666666666667, ""water"": 0.05493333333333334, ""transport"": 0.33333333333333337}","{""energy"": 0.6666666666666667, ""water"": 0.05493333333333334, ""transport"": 0.33333333333333337}","{""energy"": 0.0, ""water"": 0.0, ""transport"": 0.0}","{""energy"": 0.0, ""water"": 0.0, ""transport"": 0.0}","{""energy"": 0.0, ""water"": 0.0, ""transport"": 0.0}","{""energy"": 0.0, ""water"": 0.0, ""transport"": 0.0}",0.3,0.1,,0.38314666666666675,1.0,0.6168533333333333,1,"{""energy"": 0.6666666666666667, ""water"": 0.05493333333333334, ""transport"": 0.33333333333333337}","{""energy"": 1.0, ""water"": 1.0, ""transport"": 1.0}","{""energy"": 0.33333333333333326, ""water"": 0.9450666666666666, ""transport"": 0.6666666666666666}",13,0.38314666666666675,,,[],,v2.0,0.7,0.3
S4_water_partial,15,15,15306338854217874014,scenario=S4_water_partial|method=both|duration=0|theta=0.300000|delta_threshold=0.100000|A=v2.0|w=na|run_id=15|seed=15306338854217874014,False,"{""step_1_amount"": 0.26541900593479223}",033832c9a51598bd69064fc3910037f6fde292830c04f0066e6d9779dc60f4ca,0.38314666666666675,0.4231978175750949,0.040051150908428146,19,0.0,0.0,0.38314666666666675,0.4231978175750949,0,0,0.040051150908428146,"{""energy"": 0.6666666666666667, ""water"": 0.05493333333333334, ""transport"": 0.33333333333333337}","{""energy"": 0.6932104283247087, ""water"": 0.13670709075182366, ""transport"": 0.34967173006554775}","{""energy"": 0.026543761658041953, ""water"": 0.08177375741849033, ""transport"": 0.016338396732214377}","{""energy"": 0.0, ""water"": 0.0, ""transport"": 0.0}","{""energy"": 0.0, ""water"": 0.0, ""transport"": 0.0}","{""energy"": 0.0, ""water"": 0.0, ""transport"": 0.0}",0.3,0.1,,0.38314666666666675,1.0,0.6168533333333333,1,"{""energy"": 0.6666666666666667, ""water"": 0.05493333333333334, ""transport"": 0.33333333333333337}","{""energy"": 1.0, ""water"": 1.0, ""transport"": 1.0}","{""energy"": 0.33333333333333326, ""water"": 0.9450666666666666, ""transport"": 0.6666666666666666}",12,0.4231978175750949,,,[],,v2.0,0.7,0.3
S4_water_partial,16,16,5001389734880608894,scenario=S4_water_partial|method=both|duration=0|theta=0.300000|delta_threshold=0.100000|A=v2.0|w=na|run_id=16|seed=5001389734880608894,False,"{""step_1_amount"": 0.15121808404880033}",033832c9a51598bd69064fc3910037f6fde292830c04f0066e6d9779dc60f4ca,0.38314666666666675,0.38314666666666675,0.0,18,0.0,0.0,0.38314666666666675,0.38314666666666675,0,0,0.0,"{""energy"": 0.6666666666666667, ""water"": 0.05493333333333334, ""transport"": 0.33333333333333337}","{""energy"": 0.6666666666666667, ""water"": 0.05493333333333334, ""transport"": 0.33333333333333337}","{""energy"": 0.0, ""water"": 0.0, ""transport"": 0.0}","{""energy"": 0.0, ""water"": 0.0, ""transport"": 0.0}","{""energy"": 0.0, ""water"": 0.0, ""transport"": 0.0}","{""energy"": 0.0, ""water"": 0.0, ""transport"": 0.0}",0.3,0.1,,0.38314666666666675,1.0,0.6168533333333333,1,"{""energy"": 0.6666666666666667, ""water"": 0.05493333333333334, ""transport"": 0.33333333333333337}","{""energy"": 1.0, ""water"": 1.0, ""transport"": 1.0}","{""energy"": 0.33333333333333326, ""water"": 0.9450666666666666, ""transport"": 0.6666666666666666}",13,0.38314666666666675,,,[],,v2.0,0.7,0.3
S4_water_partial,17,17,15617212558855397898,scenario=S4_water_partial|method=both|duration=0|theta=0.300000|delta_threshold=0.100000|A=v2.0|w=na|run_id=17|seed=15617212558855397898,False,"{""step_1_amount"": 0.039003801850144834}",033832c9a51598bd69064fc3910037f6fde292830c04f0066e6d9779dc60f4ca,0.38314666666666675,0.38314666666666675,0.0,23,0.0,0.0,0.38314666666666675,0.38314666666666675,0,0,0.0,"{""energy"": 0.6666666666666667, ""water"": 0.05493333333333334, ""transport"": 0.33333333333333337}","{""energy"": 0.6666666666666667, ""water"": 0.05493333333333334, ""transport"": 0.33333333333333337}","{""energy"": 0.0, ""water"": 0.0, ""transport"": 0.0}","{""energy"": 0.0, ""water"": 0.0, ""transport"": 0.0}","{""energy"": 0.0, ""water"": 0.0, ""transport"": 0.0}","{""energy"": 0.0, ""water"": 0.0, ""transport"": 0.0}",0.3,0.1,,0.38314666666666675,1.0,0.6168533333333333,1,"{""energy"": 0.6666666666666667, ""water"": 0.05493333333333334, ""transport"": 0.33333333333333337}","{""energy"": 1.0, ""water"": 1.0, ""transport"": 1.0}","{""energy"": 0.33333333333333326, ""water"": 0.9450666666666666, ""transport"": 0.6666666666666666}",13,0.38314666666666675,,,[],,v2.0,0.7,0.3
S4_water_partial,18,18,9591140204504375962,scenario=S4_water_partial|method=both|duration=0|theta=0.300000|delta_threshold=0.100000|A=v2.0|w=na|run_id=18|seed=9591140204504375962,False,"{""step_1_amount"": 0.048997884445504375}",033832c9a51598bd69064fc3910037f6fde292830c04f0066e6d9779dc60f4ca,0.38314666666666675,0.38314666666666675,0.0,17,0.0,0.0,0.38314666666666675,0.38314666666666675,0,0,0.0,"{""energy"": 0.6666666666666667, ""water"": 0.05493333333333334, ""transport"": 0.33333333333333337}","{""energy"": 0.6666666666666667, ""water"": 0.05493333333333334, ""transport"": 0.33333333333333337}","{""energy"": 0.0, ""water"": 0.0, ""transport"": 0.0}","{""energy"": 0.0, ""water"": 0.0, ""transport"": 0.0}","{""energy"": 0.0, ""water"": 0.0, ""transport"": 0.0}","{""energy"": 0.0, ""water"": 0.0, ""transport"": 0.0}",0.3,0.1,,0.38314666666666675,1.0,0.6168533333333333,1,"{""energy"": 0.6666666666666667, ""water"": 0.05493333333333334, ""transport"": 0.33333333333333337}","{""energy"": 1.0, ""water"": 1.0, ""transport"": 1.0}","{""energy"": 0.33333333333333326, ""water"": 0.9450666666666666, ""transport"": 0.6666666666666666}",13,0.38314666666666675,,,[],,v2.0,0.7,0.3
S4_water_partial,19,19,15647278731498465250,scenario=S4_water_partial|method=both|duration=0|theta=0.300000|delta_threshold=0.100000|A=v2.0|w=na|run_id=19|seed=15647278731498465250,False,"{""step_1_amount"": 0.1320409581427768}",033832c9a51598bd69064fc3910037f6fde292830c04f0066e6d9779dc60f4ca,0.38314666666666675,0.38314666666666675,0.0,21,0.0,0.0,0.38314666666666675,0.38314666666666675,0,0,0.0,"{""energy"": 0.6666666666666667, ""water"": 0.05493333333333334, ""transport"": 0.33333333333333337}","{""energy"": 0.6666666666666667, ""water"": 0.05493333333333334, ""transport"": 0.33333333333333337}","{""energy"": 0.0, ""water"": 0.0, ""transport"": 0.0}","{""energy"": 0.0, ""water"": 0.0, ""transport"": 0.0}","{""energy"": 0.0, ""water"": 0.0, ""transport"": 0.0}","{""energy"": 0.0, ""water"": 0.0, ""transport"": 0.0}",0.3,0.1,,0.38314666666666675,1.0,0.6168533333333333,1,"{""energy"": 0.6666666666666667, ""water"": 0.05493333333333334, ""transport"": 0.33333333333333337}","{""energy"": 1.0, ""water"": 1.0, ""transport"": 1.0}","{""energy"": 0.33333333333333326, ""water"": 0.9450666666666666, ""transport"": 0.6666666666666666}",13,0.38314666666666675,,,[],,v2.0,0.7,0.3
S4_water_partial,20,20,13640649211934408472,scenario=S4_water_partial|method=both|duration=0|theta=0.300000|delta_threshold=0.100000|A=v2.0|w=na|run_id=20|seed=13640649211934408472,False,"{""step_1_amount"": 0.13184176720143578}",033832c9a51598bd69064fc3910037f6fde292830c04f0066e6d9779dc60f4ca,0.38314666666666675,0.38314666666666675,0.0,30,0.0,0.0,0.38314666666666675,0.38314666666666675,0,0,0.0,"{""energy"": 0.6666666666666667, ""water"": 0.05493333333333334, ""transport"": 0.33333333333333337}","{""energy"": 0.6666666666666667, ""water"": 0.05493333333333334, ""transport"": 0.33333333333333337}","{""energy"": 0.0, ""water"": 0.0, ""transport"": 0.0}","{""energy"": 0.0, ""water"": 0.0, ""transport"": 0.0}","{""energy"": 0.0, ""water"": 0.0, ""transport"": 0.0}","{""energy"": 0.0, ""water"": 0.0, ""transport"": 0.0}",0.3,0.1,,0.38314666666666675,1.0,0.6168533333333333,1,"{""energy"": 0.6666666666666667, ""water"": 0.05493333333333334, ""transport"": 0.33333333333333337}","{""energy"": 1.0, ""water"": 1.0, ""transport"": 1.0}","{""energy"": 0.33333333333333326, ""water"": 0.9450666666666666, ""transport"": 0.6666666666666666}",13,0.38314666666666675,,,[],,v2.0,0.7,0.3
S4_water_partial,21,21,15470122474697187459,scenario=S4_water_partial|method=both|duration=0|theta=0.300000|delta_threshold=0.100000|A=v2.0|w=na|run_id=21|seed=15470122474697187459,False,"{""step_1_amount"": 0.3311180023821166}",033832c9a51598bd69064fc3910037f6fde292830c04f0066e6d9779dc60f4ca,0.38314666666666675,0.4634203856750581,0.08027371900839136,18,0.0,0.0,0.38314666666666675,0.4634203856750581,0,0,0.08027371900839136,"{""energy"": 0.6666666666666667, ""water"": 0.05493333333333334, ""transport"": 0.33333333333333337}","{""energy"": 0.7198677961332106, ""water"": 0.21883083631097913, ""transport"": 0.366080054428267}","{""energy"": 0.05320112946654387, ""water"": 0.1638975029776458, ""transport"": 0.03274672109493365}","{""energy"": 0.0, ""water"": 0.0, ""transport"": 0.0}","{""energy"": 0.0, ""water"": 0.0, ""transport"": 0.0}","{""energy"": 0.0, ""water"": 0.0, ""transport"": 0.0}",0.3,0.1,,0.38314666666666675,1.0,0.6168533333333333,1,"{""energy"": 0.6666666666666667, ""water"": 0.05493333333333334, ""transport"": 0.33333333333333337}","{""energy"": 1.0, ""water"": 1.0, ""transport"": 1.0}","{""energy"": 0.33333333333333326, ""water"": 0.9450666666666666, ""transport"": 0.6666666666666666}",11,0.4634203856750581,,,[],,v2.0,0.7,0.3
S4_water_partial,22,22,5940197039253332730,scenario=S4_water_partial|method=both|duration=0|theta=0.300000|delta_threshold=0.100000|A=v2.0|w=na|run_id=22|seed=5940197039253332730,False,"{""step_1_amount"": 0.108387561825644}",033832c9a51598bd69064fc3910037f6fde292830c04f0066e6d9779dc60f4ca,0.38314666666666675,0.38314666666666675,0.0,18,0.0,0.0,0.38314666666666675,0.38314666666666675,0,0,0.0,"{""energy"": 0.6666666666666667, ""water"": 0.05493333333333334, ""transport"": 0.33333333333333337}","{""energy"": 0.6666666666666667, ""water"": 0.05493333333333334, ""transport"": 0.33333333333333337}","{""energy"": 0.0, ""water"": 0.0, ""transport"": 0.0}","{""energy"": 0.0, ""water"": 0.0, ""transport"": 0.0}","{""energy"": 0.0, ""water"": 0.0, ""transport"": 0.0}","{""energy"": 0.0, ""water"": 0.0, ""transport"": 0.0}",0.3,0.1,,0.38314666666666675,1.0,0.6168533333333333,1,"{""energy"": 0.6666666666666667, ""water"": 0.05493333333333334, ""transport"": 0.33333333333333337}","{""energy"": 1.0, ""water"": 1.0, ""transport"": 1.0}","{""energy"": 0.33333333333333326, ""water"": 0.9450666666666666, ""transport"": 0.6666666666666666}",13,0.38314666666666675,,,[],,v2.0,0.7,0.3
S4_water_partial,23,23,15079937952478830977,scenario=S4_water_partial|method=both|duration=0|theta=0.300000|delta_threshold=0.100000|A=v2.0|w=na|run_id=23|seed=15079937952478830977,False,"{""step_1_amount"": 0.19208367946292432}",033832c9a51598bd69064fc3910037f6fde292830c04f0066e6d9779dc60f4ca,0.38314666666666675,0.38314666666666675,0.0,30,0.0,0.0,0.38314666666666675,0.38314666666666675,0,0,0.0,"{""energy"": 0.6666666666666667, ""water"": 0.05493333333333334, ""transport"": 0.33333333333333337}","{""energy"": 0.6666666666666667, ""water"": 0.05493333333333334, ""transport"": 0.33333333333333337}","{""energy"": 0.0, ""water"": 0.0, ""transport"": 0.0}","{""energy"": 0.0, ""water"": 0.0, ""transport"": 0.0}","{""energy"": 0.0, ""water"": 0.0, ""transport"": 0.0}","{""energy"": 0.0, ""water"": 0.0, ""transport"": 0.0}",0.3,0.1,,0.38314666666666675,1.0,0.6168533333333333,1,"{""energy"": 0.6666666666666667, ""water"": 0.05493333333333334, ""transport"": 0.33333333333333337}","{""energy"": 1.0, ""water"": 1.0, ""transport"": 1.0}","{""energy"": 0.33333333333333326, ""water"": 0.9450666666666666, ""transport"": 0.6666666666666666}",13,0.38314666666666675,,,[],,v2.0,0.7,0.3
S4_water_partial,24,24,18398304805037614264,scenario=S4_water_partial|method=both|duration=0|theta=0.300000|delta_threshold=0.100000|A=v2.0|w=na|run_id=24|seed=18398304805037614264,False,"{""step_1_amount"": 0.14834129019046255}",033832c9a51598bd69064fc3910037f6fde292830c04f0066e6d9779dc60f4ca,0.38314666666666675,0.38314666666666675,0.0,25,0.0,0.0,0.38314666666666675,0.38314666666666675,0,0,0.0,"{""energy"": 0.6666666666666667, ""water"": 0.05493333333333334, ""transport"": 0.33333333333333337}","{""energy"": 0.6666666666666667, ""water"": 0.05493333333333334, ""transport"": 0.33333333333333337}","{""energy"": 0.0, ""water"": 0.0, ""transport"": 0.0}","{""energy"": 0.0, ""water"": 0.0, ""transport"": 0.0}","{""energy"": 0.0, ""water"": 0.0, ""transport"": 0.0}","{""energy"": 0.0, ""water"": 0.0, ""transport"": 0.0}",0.3,0.1,,0.38314666666666675,1.0,0.6168533333333333,1,"{""energy"": 0.6666666666666667, ""water"": 0.05493333333333334, ""transport"": 0.33333333333333337}","{""energy"": 1.0, ""water"": 1.0, ""transport"": 1.0}","{""energy"": 0.33333333333333326, ""water"": 0.9450666666666666, ""transport"": 0.6666666666666666}",13,0.38314666666666675,,,[],,v2.0,0.7,0.3
S4_water_partial,25,25,2364586817660495334,scenario=S4_water_partial|method=both|duration=0|theta=0.300000|delta_threshold=0.100000|A=v2.0|w=na|run_id=25|seed=2364586817660495334,False,"{""step_1_amount"": 0.16457355380312286}",033832c9a51598bd69064fc3910037f6fde292830c04f0066e6d9779dc60f4ca,0.38314666666666675,0.38314666666666675,0.0,9,0.0,0.0,0.38314666666666675,0.38314666666666675,0,0,0.0,"{""energy"": 0.6666666666666667, ""water"": 0.05493333333333334, ""transport"": 0.33333333333333337}","{""energy"": 0.6666666666666667, ""water"": 0.05493333333333334, ""transport"": 0.33333333333333337}","{""energy"": 0.0, ""water"": 0.0, ""transport"": 0.0}","{""energy"": 0.0, ""water"": 0.0, ""transport"": 0.0}","{""energy"": 0.0, ""water"": 0.0, ""transport"": 0.0}","{""energy"": 0.0, ""water"": 0.0, ""transport"": 0.0}",0.3,0.1,,0.38314666666666675,1.0,0.6168533333333333,1,"{""energy"": 0.6666666666666667, ""water"": 0.05493333333333334, ""transport"": 0.33333333333333337}","{""energy"": 1.0, ""water"": 1.0, ""transport"": 1.0}","{""energy"": 0.33333333333333326, ""water"": 0.9450666666666666, ""transport"": 0.6666666666666666}",13,0.38314666666666675,,,[],,v2.0,0.7,0.3
S4_water_partial,26,26,8196816392734326037,scenario=S4_water_partial|method=both|duration=0|theta=0.300000|delta_threshold=0.100000|A=v2.0|w=na|run_id=26|seed=8196816392734326037,False,"{""step_1_amount"": 0.1546226418339485}",033832c9a51598bd69064fc3910037f6fde292830c04f0066e6d9779dc60f4ca,0.38314666666666675,0.38314666666666675,0.0,28,0.0,0.0,0.38314666666666675,0.38314666666666675,0,0,0.0,"{""energy"": 0.6666666666666667, ""water"": 0.05493333333333334, ""transport"": 0.33333333333333337}","{""energy"": 0.6666666666666667, ""water"": 0.05493333333333334, ""transport"": 0.33333333333333337}","{""energy"": 0.0, ""water"": 0.0, ""transport"": 0.0}","{""energy"": 0.0, ""water"": 0.0, ""transport"": 0.0}","{""energy"": 0.0, ""water"": 0.0, ""transport"": 0.0}","{""energy"": 0.0, ""water"": 0.0, ""transport"": 0.0}",0.3,0.1,,0.38314666666666675,1.0,0.6168533333333333,1,"{""energy"": 0.6666666666666667, ""water"": 0.05493333333333334, ""transport"": 0.33333333333333337}","{""energy"": 1.0, ""water"": 1.0, ""transport"": 1.0}","{""energy"": 0.33333333333333326, ""water"": 0.9450666666666666, ""transport"": 0.6666666666666666}",13,0.38314666666666675,,,[],,v2.0,0.7,0.3
S4_water_partial,27,27,3007928521934060512,scenario=S4_water_partial|method=both|duration=0|theta=0.300000|delta_threshold=0.100000|A=v2.0|w=na|run_id=27|seed=3007928521934060512,False,"{""step_1_amount"": 0.02550741062573667}",033832c9a51598bd69064fc3910037f6fde292830c04f0066e6d9779dc60f4ca,0.38314666666666675,0.38314666666666675,0.0,18,0.0,0.0,0.38314666666666675,0.38314666666666675,0,0,0.0,"{""energy"": 0.6666666666666667, ""water"": 0.05493333333333334, ""transport"": 0.33333333333333337}","{""energy"": 0.6666666666666667, ""water"": 0.05493333333333334, ""transport"": 0.33333333333333337}","{""energy"": 0.0, ""water"": 0.0, ""transport"": 0.0}","{""energy"": 0.0, ""water"": 0.0, ""transport"": 0.0}","{""energy"": 0.0, ""water"": 0.0, ""transport"": 0.0}","{""energy"": 0.0, ""water"": 0.0, ""transport"": 0.0}",0.3,0.1,,0.38314666666666675,1.0,0.6168533333333333,1,"{""energy"": 0.6666666666666667, ""water"": 0.05493333333333334, ""transport"": 0.33333333333333337}","{""energy"": 1.0, ""water"": 1.0, ""transport"": 1.0}","{""energy"": 0.33333333333333326, ""water"": 0.9450666666666666, ""transport"": 0.6666666666666666}",13,0.38314666666666675,,,[],,v2.0,0.7,0.3
S4_water_partial,28,28,18102942462236469828,scenario=S4_water_partial|method=both|duration=0|theta=0.300000|delta_threshold=0.100000|A=v2.0|w=na|run_id=28|seed=18102942462236469828,False,"{""step_1_amount"": 0.20607999950201883}",033832c9a51598bd69064fc3910037f6fde292830c04f0066e6d9779dc60f4ca,0.38314666666666675,0.3868689943617901,0.003722327695123373,26,0.0,0.0,0.38314666666666675,0.3868689943617901,0,0,0.003722327695123373,"{""energy"": 0.6666666666666667, ""water"": 0.05493333333333334, ""transport"": 0.33333333333333337}","{""energy"": 0.6691336264646108, ""water"": 0.06253333271085688, ""transport"": 0.33485181320896257}","{""energy"": 0.0024669597979440905, ""water"": 0.007599999377523543, ""transport"": 0.0015184798756291973}","{""energy"": 0.0, ""water"": 0.0, ""transport"": 0.0}","{""energy"": 0.0, ""water"": 0.0, ""transport"": 0.0}","{""energy"": 0.0, ""water"": 0.0, ""transport"": 0.0}",0.3,0.1,,0.38314666666666675,1.0,0.6168533333333333,1,"{""energy"": 0.6666666666666667, ""water"": 0.05493333333333334, ""transport"": 0.33333333333333337}","{""energy"": 1.0, ""water"": 1.0, ""transport"": 1.0}","{""energy"": 0.33333333333333326, ""water"": 0.9450666666666666, ""transport"": 0.6666666666666666}",12,0.3868689943617901,,,[],,v2.0,0.7,0.3
S4_water_partial,29,29,6413856347726543668,scenario=S4_water_partial|method=both|duration=0|theta=0.300000|delta_threshold=0.100000|A=v2.0|w=na|run_id=29|seed=6413856347726543668,False,"{""step_1_amount"": 0.17327127517761784}",033832c9a51598bd69064fc3910037f6fde292830c04f0066e6d9779dc60f4ca,0.38314666666666675,0.38314666666666675,0.0,28,0.0,0.0,0.38314666666666675,0.38314666666666675,0,0,0.0,"{""energy"": 0.6666666666666667, ""water"": 0.05493333333333334, ""transport"": 0.33333333333333337}","{""energy"": 0.6666666666666667, ""water"": 0.05493333333333334, ""transport"": 0.33333333333333337}","{""energy"": 0.0, ""water"": 0.0, ""transport"": 0.0}","{""energy"": 0.0, ""water"": 0.0, ""transport"": 0.0}","{""energy"": 0.0, ""water"": 0.0, ""transport"": 0.0}","{""energy"": 0.0, ""water"": 0.0, ""transport"": 0.0}",0.3,0.1,,0.38314666666666675,1.0,0.6168533333333333,1,"{""energy"": 0.6666666666666667, ""water"": 0.05493333333333334, ""transport"": 0.33333333333333337}","{""energy"": 1.0, ""water"": 1.0, ""transport"": 1.0}","{""energy"": 0.33333333333333326, ""water"": 0.9450666666666666, ""transport"": 0.6666666666666666}",13,0.38314666666666675,,,[],,v2.0,0.7,0.3
S4_water_partial,30,30,12627893614935164751,scenario=S4_water_partial|method=both|duration=0|theta=0.300000|delta_threshold=0.100000|A=v2.0|w=na|run_id=30|seed=12627893614935164751,False,"{""step_1_amount"": 0.19161791758707775}",033832c9a51598bd69064fc3910037f6fde292830c04f0066e6d9779dc60f4ca,0.38314666666666675,0.38314666666666675,0.0,9,0.0,0.0,0.38314666666666675,0.38314666666666675,0,0,0.0,"{""energy"": 0.6666666666666667, ""water"": 0.05493333333333334, ""transport"": 0.33333333333333337}","{""energy"": 0.6666666666666667, ""water"": 0.05493333333333334, ""transport"": 0.33333333333333337}","{""energy"": 0.0, ""water"": 0.0, ""transport"": 0.0}","{""energy"": 0.0, ""water"": 0.0, ""transport"": 0.0}","{""energy"": 0.0, ""water"": 0.0, ""transport"": 0.0}","{""energy"": 0.0, ""water"": 0.0, ""transport"": 0.0}",0.3,0.1,,0.38314666666666675,1.0,0.6168533333333333,1,"{""energy"": 0.6666666666666667, ""water"": 0.05493333333333334, ""transport"": 0.33333333333333337}","{""energy"": 1.0, ""water"": 1.0, ""transport"": 1.0}","{""energy"": 0.33333333333333326, ""water"": 0.9450666666666666, ""transport"": 0.6666666666666666}",13,0.38314666666666675,,,[],,v2.0,0.7,0.3
S4_water_partial,31,31,909690535146821269,scenario=S4_water_partial|method=both|duration=0|theta=0.300000|delta_threshold=0.100000|A=v2.0|w=na|run_id=31|seed=909690535146821269,False,"{""step_1_amount"": 0.12453991056181354}",033832c9a51598bd69064fc3910037f6fde292830c04f0066e6d9779dc60f4ca,0.38314666666666675,0.38314666666666675,0.0,19,0.0,0.0,0.38314666666666675,0.38314666666666675,0,0,0.0,"{""energy"": 0.6666666666666667, ""water"": 0.05493333333333334, ""transport"": 0.33333333333333337}","{""energy"": 0.6666666666666667, ""water"": 0.05493333333333334, ""transport"": 0.33333333333333337}","{""energy"": 0.0, ""water"": 0.0, ""transport"": 0.0}","{""energy"": 0.0, ""water"": 0.0, ""transport"": 0.0}","{""energy"": 0.0, ""water"": 0.0, ""transport"": 0.0}","{""energy"": 0.0, ""water"": 0.0, ""transport"": 0.0}",0.3,0.1,,0.38314666666666675,1.0,0.6168533333333333,1,"{""energy"": 0.6666666666666667, ""water"": 0.05493333333333334, ""transport"": 0.33333333333333337}","{""energy"": 1.0, ""water"": 1.0, ""transport"": 1.0}","{""energy"": 0.33333333333333326, ""water"": 0.9450666666666666, ""transport"": 0.6666666666666666}",13,0.38314666666666675,,,[],,v2.0,0.7,0.3
S4_water_partial,32,32,17791115670937532745,scenario=S4_water_partial|method=both|duration=0|theta=0.300000|delta_threshold=0.100000|A=v2.0|w=na|run_id=32|seed=17791115670937532745,False,"{""step_1_amount"": 0.1064767893947986}",033832c9a51598bd69064fc3910037f6fde292830c04f0066e6d9779dc60f4ca,0.38314666666666675,0.38314666666666675,0.0,17,0.0,0.0,0.38314666666666675,0.38314666666666675,0,0,0.0,"{""energy"": 0.6666666666666667, ""water"": 0.05493333333333334, ""transport"": 0.33333333333333337}","{""energy"": 0.6666666666666667, ""water"": 0.05493333333333334, ""transport"": 0.33333333333333337}","{""energy"": 0.0, ""water"": 0.0, ""transport"": 0.0}","{""energy"": 0.0, ""water"": 0.0, ""transport"": 0.0}","{""energy"": 0.0, ""water"": 0.0, ""transport"": 0.0}","{""energy"": 0.0, ""water"": 0.0, ""transport"": 0.0}",0.3,0.1,,0.38314666666666675,1.0,0.6168533333333333,1,"{""energy"": 0.6666666666666667, ""water"": 0.05493333333333334, ""transport"": 0.33333333333333337}","{""energy"": 1.0, ""water"": 1.0, ""transport"": 1.0}","{""energy"": 0.33333333333333326, ""water"": 0.9450666666666666, ""transport"": 0.6666666666666666}",13,0.38314666666666675,,,[],,v2.0,0.7,0.3
S4_water_partial,33,33,10347521973348156400,scenario=S4_water_partial|method=both|duration=0|theta=0.300000|delta_threshold=0.100000|A=v2.0|w=na|run_id=33|seed=10347521973348156400,False,"{""step_1_amount"": 0.3113543577519937}",033832c9a51598bd69064fc3910037f6fde292830c04f0066e6d9779dc60f4ca,0.38314666666666675,0.45132058834138106,0.06817392167471431,23,0.0,0.0,0.38314666666666675,0.45132058834138106,0,0,0.06817392167471431,"{""energy"": 0.6666666666666667, ""water"": 0.05493333333333334, ""transport"": 0.33333333333333337}","{""energy"": 0.7118486973245381, ""water"": 0.19412628052332545, ""transport"": 0.3611440841818938}","{""energy"": 0.04518203065787141, ""water"": 0.13919294718999212, ""transport"": 0.02781075084856044}","{""energy"": 0.0, ""water"": 0.0, ""transport"": 0.0}","{""energy"": 0.0, ""water"": 0.0, ""transport"": 0.0}","{""energy"": 0.0, ""water"": 0.0, ""transport"": 0.0}",0.3,0.1,,0.38314666666666675,1.0,0.6168533333333333,1,"{""energy"": 0.6666666666666667, ""water"": 0.05493333333333334, ""transport"": 0.33333333333333337}","{""energy"": 1.0, ""water"": 1.0, ""transport"": 1.0}","{""energy"": 0.33333333333333326, ""water"": 0.9450666666666666, ""transport"": 0.6666666666666666}",11,0.45132058834138106,,,[],,v2.0,0.7,0.3
S4_water_partial,34,34,17202410043010978944,scenario=S4_water_partial|method=both|duration=0|theta=0.300000|delta_threshold=0.100000|A=v2.0|w=na|run_id=34|seed=17202410043010978944,False,"{""step_1_amount"": 0.12844178335968548}",033832c9a51598bd69064fc3910037f6fde292830c04f0066e6d9779dc60f4ca,0.38314666666666675,0.38314666666666675,0.0,17,0.0,0.0,0.38314666666666675,0.38314666666666675,0,0,0.0,"{""energy"": 0.6666666666666667, ""water"": 0.05493333333333334, ""transport"": 0.33333333333333337}","{""energy"": 0.6666666666666667, ""water"": 0.05493333333333334, ""transport"": 0.33333333333333337}","{""energy"": 0.0, ""water"": 0.0, ""transport"": 0.0}","{""energy"": 0.0, ""water"": 0.0, ""transport"": 0.0}","{""energy"": 0.0, ""water"": 0.0, ""transport"": 0.0}","{""energy"": 0.0, ""water"": 0.0, ""transport"": 0.0}",0.3,0.1,,0.38314666666666675,1.0,0.6168533333333333,1,"{""energy"": 0.6666666666666667, ""water"": 0.05493333333333334, ""transport"": 0.33333333333333337}","{""energy"": 1.0, ""water"": 1.0, ""transport"": 1.0}","{""energy"": 0.33333333333333326, ""water"": 0.9450666666666666, ""transport"": 0.6666666666666666}",13,0.38314666666666675,,,[],,v2.0,0.7,0.3
S4_water_partial,35,35,841781259846663069,scenario=S4_water_partial|method=both|duration=0|theta=0.300000|delta_threshold=0.100000|A=v2.0|w=na|run_id=35|seed=841781259846663069,False,"{""step_1_amount"": 0.16120331627378282}",033832c9a51598bd69064fc3910037f6fde292830c04f0066e6d9779dc60f4ca,0.38314666666666675,0.38314666666666675,0.0,27,0.0,0.0,0.38314666666666675,0.38314666666666675,0,0,0.0,"{""energy"": 0.6666666666666667, ""water"": 0.05493333333333334, ""transport"": 0.33333333333333337}","{""energy"": 0.6666666666666667, ""water"": 0.05493333333333334, ""transport"": 0.33333333333333337}","{""energy"": 0.0, ""water"": 0.0, ""transport"": 0.0}","{""energy"": 0.0, ""water"": 0.0, ""transport"": 0.0}","{""energy"": 0.0, ""water"": 0.0, ""transport"": 0.0}","{""energy"": 0.0, ""water"": 0.0, ""transport"": 0.0}",0.3,0.1,,0.38314666666666675,1.0,0.6168533333333333,1,"{""energy"": 0.6666666666666667, ""water"": 0.05493333333333334, ""transport"": 0.33333333333333337}","{""energy"": 1.0, ""water"": 1.0, ""transport"": 1.0}","{""energy"": 0.33333333333333326, ""water"": 0.9450666666666666, ""transport"": 0.6666666666666666}",13,0.38314666666666675,,,[],,v2.0,0.7,0.3
S4_water_partial,36,36,12058017244859475611,scenario=S4_water_partial|method=both|duration=0|theta=0.300000|delta_threshold=0.100000|A=v2.0|w=na|run_id=36|seed=12058017244859475611,False,"{""step_1_amount"": 0.0950237321643732}",033832c9a51598bd69064fc3910037f6fde292830c04f0066e6d9779dc60f4ca,0.38314666666666675,0.38314666666666675,0.0,24,0.0,0.0,0.38314666666666675,0.38314666666666675,0,0,0.0,"{""energy"": 0.6666666666666667, ""water"": 0.05493333333333334, ""transport"": 0.33333333333333337}","{""energy"": 0.6666666666666667, ""water"": 0.05493333333333334, ""transport"": 0.33333333333333337}","{""energy"": 0.0, ""water"": 0.0, ""transport"": 0.0}","{""energy"": 0.0, ""water"": 0.0, ""transport"": 0.0}","{""energy"": 0.0, ""water"": 0.0, ""transport"": 0.0}","{""energy"": 0.0, ""water"": 0.0, ""transport"": 0.0}",0.3,0.1,,0.38314666666666675,1.0,0.6168533333333333,1,"{""energy"": 0.6666666666666667, ""water"": 0.05493333333333334, ""transport"": 0.33333333333333337}","{""energy"": 1.0, ""water"": 1.0, ""transport"": 1.0}","{""energy"": 0.33333333333333326, ""water"": 0.9450666666666666, ""transport"": 0.6666666666666666}",13,0.38314666666666675,,,[],,v2.0,0.7,0.3
S4_water_partial,37,37,13685498511174957915,scenario=S4_water_partial|method=both|duration=0|theta=0.300000|delta_threshold=0.100000|A=v2.0|w=na|run_id=37|seed=13685498511174957915,False,"{""step_1_amount"": 0.13260742798760156}",033832c9a51598bd69064fc3910037f6fde292830c04f0066e6d9779dc60f4ca,0.38314666666666675,0.38314666666666675,0.0,12,0.0,0.0,0.38314666666666675,0.38314666666666675,0,0,0.0,"{""energy"": 0.6666666666666667, ""water"": 0.05493333333333334, ""transport"": 0.33333333333333337}","{""energy"": 0.6666666666666667, ""water"": 0.05493333333333334, ""transport"": 0.33333333333333337}","{""energy"": 0.0, ""water"": 0.0, ""transport"": 0.0}","{""energy"": 0.0, ""water"": 0.0, ""transport"": 0.0}","{""energy"": 0.0, ""water"": 0.0, ""transport"": 0.0}","{""energy"": 0.0, ""water"": 0.0, ""transport"": 0.0}",0.3,0.1,,0.38314666666666675,1.0,0.6168533333333333,1,"{""energy"": 0.6666666666666667, ""water"": 0.05493333333333334, ""transport"": 0.33333333333333337}","{""energy"": 1.0, ""water"": 1.0, ""transport"": 1.0}","{""energy"": 0.33333333333333326, ""water"": 0.9450666666666666, ""transport"": 0.6666666666666666}",13,0.38314666666666675,,,[],,v2.0,0.7,0.3
S4_water_partial,38,38,4940284560367536149,scenario=S4_water_partial|method=both|duration=0|theta=0.300000|delta_threshold=0.100000|A=v2.0|w=na|run_id=38|seed=4940284560367536149,False,"{""step_1_amount"": 0.2028009373466046}",033832c9a51598bd69064fc3910037f6fde292830c04f0066e6d9779dc60f4ca,0.38314666666666675,0.3848614705336917,0.0017148038670249388,17,0.0,0.0,0.38314666666666675,0.3848614705336917,0,0,0.0017148038670249388,"{""energy"": 0.6666666666666667, ""water"": 0.05493333333333334, ""transport"": 0.33333333333333337}","{""energy"": 0.6678031469950515, ""water"": 0.05843450501658902, ""transport"": 0.33403286743564786}","{""energy"": 0.001136480328384759, ""water"": 0.0035011716832556786, ""transport"": 0.0006995341023144919}","{""energy"": 0.0, ""water"": 0.0, ""transport"": 0.0}","{""energy"": 0.0, ""water"": 0.0, ""transport"": 0.0}","{""energy"": 0.0, ""water"": 0.0, ""transport"": 0.0}",0.3,0.1,,0.38314666666666675,1.0,0.6168533333333333,1,"{""energy"": 0.6666666666666667, ""water"": 0.05493333333333334, ""transport"": 0.33333333333333337}","{""energy"": 1.0, ""water"": 1.0, ""transport"": 1.0}","{""energy"": 0.33333333333333326, ""water"": 0.9450666666666666, ""transport"": 0.6666666666666666}",12,0.3848614705336917,,,[],,v2.0,0.7,0.3
S4_water_partial,39,39,11740285691425283413,scenario=S4_water_partial|method=both|duration=0|theta=0.300000|delta_threshold=0.100000|A=v2.0|w=na|run_id=39|seed=11740285691425283413,False,"{""step_1_amount"": 0.24005508335221618}",033832c9a51598bd69064fc3910037f6fde292830c04f0066e6d9779dc60f4ca,0.38314666666666675,0.4076693900719772,0.024522723405310476,6,0.0,0.0,0.38314666666666675,0.4076693900719772,0,0,0.024522723405310476,"{""energy"": 0.6666666666666667, ""water"": 0.05493333333333334, ""transport"": 0.33333333333333337}","{""energy"": 0.6829190167368284, ""water"": 0.10500218752360349, ""transport"": 0.3433370904005493}","{""energy"": 0.01625235007016168, ""water"": 0.05006885419027015, ""transport"": 0.010003757067215957}","{""energy"": 0.0, ""water"": 0.0, ""transport"": 0.0}","{""energy"": 0.0, ""water"": 0.0, ""transport"": 0.0}","{""energy"": 0.0, ""water"": 0.0, ""transport"": 0.0}",0.3,0.1,,0.38314666666666675,1.0,0.6168533333333333,1,"{""energy"": 0.6666666666666667, ""water"": 0.05493333333333334, ""transport"": 0.33333333333333337}","{""energy"": 1.0, ""water"": 1.0, ""transport"": 1.0}","{""energy"": 0.33333333333333326, ""water"": 0.9450666666666666, ""transport"": 0.6666666666666666}",12,0.4076693900719772,,,[],,v2.0,0.7,0.3
S4_water_partial,40,40,17360560650164099058,scenario=S4_water_partial|method=both|duration=0|theta=0.300000|delta_threshold=0.100000|A=v2.0|w=na|run_id=40|seed=17360560650164099058,False,"{""step_1_amount"": 0.1709703515932247}",033832c9a51598bd69064fc3910037f6fde292830c04f0066e6d9779dc60f4ca,0.38314666666666675,0.38314666666666675,0.0,11,0.0,0.0,0.38314666666666675,0.38314666666666675,0,0,0.0,"{""energy"": 0.6666666666666667, ""water"": 0.05493333333333334, ""transport"": 0.33333333333333337}","{""energy"": 0.6666666666666667, ""water"": 0.05493333333333334, ""transport"": 0.33333333333333337}","{""energy"": 0.0, ""water"": 0.0, ""transport"": 0.0}","{""energy"": 0.0, ""water"": 0.0, ""transport"": 0.0}","{""energy"": 0.0, ""water"": 0.0, ""transport"": 0.0}","{""energy"": 0.0, ""water"": 0.0, ""transport"": 0.0}",0.3,0.1,,0.38314666666666675,1.0,0.6168533333333333,1,"{""energy"": 0.6666666666666667, ""water"": 0.05493333333333334, ""transport"": 0.33333333333333337}","{""energy"": 1.0, ""water"": 1.0, ""transport"": 1.0}","{""energy"": 0.33333333333333326, ""water"": 0.9450666666666666, ""transport"": 0.6666666666666666}",13,0.38314666666666675,,,[],,v2.0,0.7,0.3
S4_water_partial,41,41,16036444718172029513,scenario=S4_water_partial|method=both|duration=0|theta=0.300000|delta_threshold=0.100000|A=v2.0|w=na|run_id=41|seed=16036444718172029513,False,"{""step_1_amount"": 0.12076657248726642}",033832c9a51598bd69064fc3910037f6fde292830c04f0066e6d9779dc60f4ca,0.38314666666666675,0.38314666666666675,0.0,15,0.0,0.0,0.38314666666666675,0.38314666666666675,0,0,0.0,"{""energy"": 0.6666666666666667, ""water"": 0.05493333333333334, ""transport"": 0.33333333333333337}","{""energy"": 0.6666666666666667, ""water"": 0.05493333333333334, ""transport"": 0.33333333333333337}","{""energy"": 0.0, ""water"": 0.0, ""transport"": 0.0}","{""energy"": 0.0, ""water"": 0.0, ""transport"": 0.0}","{""energy"": 0.0, ""water"": 0.0, ""transport"": 0.0}","{""energy"": 0.0, ""water"": 0.0, ""transport"": 0.0}",0.3,0.1,,0.38314666666666675,1.0,0.6168533333333333,1,"{""energy"": 0.6666666666666667, ""water"": 0.05493333333333334, ""transport"": 0.33333333333333337}","{""energy"": 1.0, ""water"": 1.0, ""transport"": 1.0}","{""energy"": 0.33333333333333326, ""water"": 0.9450666666666666, ""transport"": 0.6666666666666666}",13,0.38314666666666675,,,[],,v2.0,0.7,0.3
S4_water_partial,42,42,11652405765506262032,scenario=S4_water_partial|method=both|duration=0|theta=0.300000|delta_threshold=0.100000|A=v2.0|w=na|run_id=42|seed=11652405765506262032,False,"{""step_1_amount"": 0.2185512774206046}",033832c9a51598bd69064fc3910037f6fde292830c04f0066e6d9779dc60f4ca,0.38314666666666675,0.39450422248549644,0.01135755581882969,10,0.0,0.0,0.38314666666666675,0.39450422248549644,0,0,0.01135755581882969,"{""energy"": 0.6666666666666667, ""water"": 0.05493333333333334, ""transport"": 0.33333333333333337}","{""energy"": 0.674193847480077, ""water"": 0.07812243010908909, ""transport"": 0.3379665148691294}","{""energy"": 0.007527180813410306, ""water"": 0.02318909677575575, ""transport"": 0.004633181535796005}","{""energy"": 0.0, ""water"": 0.0, ""transport"": 0.0}","{""energy"": 0.0, ""water"": 0.0, ""transport"": 0.0}","{""energy"": 0.0, ""water"": 0.0, ""transport"": 0.0}",0.3,0.1,,0.38314666666666675,1.0,0.6168533333333333,1,"{""energy"": 0.6666666666666667, ""water"": 0.05493333333333334, ""transport"": 0.33333333333333337}","{""energy"": 1.0, ""water"": 1.0, ""transport"": 1.0}","{""energy"": 0.33333333333333326, ""water"": 0.9450666666666666, ""transport"": 0.6666666666666666}",12,0.39450422248549644,,,[],,v2.0,0.7,0.3
S4_water_partial,43,43,2850560672235176225,scenario=S4_water_partial|method=both|duration=0|theta=0.300000|delta_threshold=0.100000|A=v2.0|w=na|run_id=43|seed=2850560672235176225,False,"{""step_1_amount"": 0.1029997186932147}",033832c9a51598bd69064fc3910037f6fde292830c04f0066e6d9779dc60f4ca,0.38314666666666675,0.38314666666666675,0.0,20,0.0,0.0,0.38314666666666675,0.38314666666666675,0,0,0.0,"{""energy"": 0.6666666666666667, ""water"": 0.05493333333333334, ""transport"": 0.33333333333333337}","{""energy"": 0.6666666666666667, ""water"": 0.05493333333333334, ""transport"": 0.33333333333333337}","{""energy"": 0.0, ""water"": 0.0, ""transport"": 0.0}","{""energy"": 0.0, ""water"": 0.0, ""transport"": 0.0}","{""energy"": 0.0, ""water"": 0.0, ""transport"": 0.0}","{""energy"": 0.0, ""water"": 0.0, ""transport"": 0.0}",0.3,0.1,,0.38314666666666675,1.0,0.6168533333333333,1,"{""energy"": 0.6666666666666667, ""water"": 0.05493333333333334, ""transport"": 0.33333333333333337}","{""energy"": 1.0, ""water"": 1.0, ""transport"": 1.0}","{""energy"": 0.33333333333333326, ""water"": 0.9450666666666666, ""transport"": 0.6666666666666666}",13,0.38314666666666675,,,[],,v2.0,0.7,0.3
S4_water_partial,44,44,10810536567327217450,scenario=S4_water_partial|method=both|duration=0|theta=0.300000|delta_threshold=0.100000|A=v2.0|w=na|run_id=44|seed=10810536567327217450,False,"{""step_1_amount"": 0.1529744959974055}",033832c9a51598bd69064fc3910037f6fde292830c04f0066e6d9779dc60f4ca,0.38314666666666675,0.38314666666666675,0.0,28,0.0,0.0,0.38314666666666675,0.38314666666666675,0,0,0.0,"{""energy"": 0.6666666666666667, ""water"": 0.05493333333333334, ""transport"": 0.33333333333333337}","{""energy"": 0.6666666666666667, ""water"": 0.05493333333333334, ""transport"": 0.33333333333333337}","{""energy"": 0.0, ""water"": 0.0, ""transport"": 0.0}","{""energy"": 0.0, ""water"": 0.0, ""transport"": 0.0}","{""energy"": 0.0, ""water"": 0.0, ""transport"": 0.0}","{""energy"": 0.0, ""water"": 0.0, ""transport"": 0.0}",0.3,0.1,,0.38314666666666675,1.0,0.6168533333333333,1,"{""energy"": 0.6666666666666667, ""water"": 0.05493333333333334, ""transport"": 0.33333333333333337}","{""energy"": 1.0, ""water"": 1.0, ""transport"": 1.0}","{""energy"": 0.33333333333333326, ""water"": 0.9450666666666666, ""transport"": 0.6666666666666666}",13,0.38314666666666675,,,[],,v2.0,0.7,0.3
S4_water_partial,45,45,9766553461246277721,scenario=S4_water_partial|method=both|duration=0|theta=0.300000|delta_threshold=0.100000|A=v2.0|w=na|run_id=45|seed=9766553461246277721,False,"{""step_1_amount"": 0.1644478590879618}",033832c9a51598bd69064fc3910037f6fde292830c04f0066e6d9779dc60f4ca,0.38314666666666675,0.38314666666666675,0.0,27,0.0,0.0,0.38314666666666675,0.38314666666666675,0,0,0.0,"{""energy"": 0.6666666666666667, ""water"": 0.05493333333333334, ""transport"": 0.33333333333333337}","{""energy"": 0.6666666666666667, ""water"": 0.05493333333333334, ""transport"": 0.33333333333333337}","{""energy"": 0.0, ""water"": 0.0, ""transport"": 0.0}","{""energy"": 0.0, ""water"": 0.0, ""transport"": 0.0}","{""energy"": 0.0, ""water"": 0.0, ""transport"": 0.0}","{""energy"": 0.0, ""water"": 0.0, ""transport"": 0.0}",0.3,0.1,,0.38314666666666675,1.0,0.6168533333333333,1,"{""energy"": 0.6666666666666667, ""water"": 0.05493333333333334, ""transport"": 0.33333333333333337}","{""energy"": 1.0, ""water"": 1.0, ""transport"": 1.0}","{""energy"": 0.33333333333333326, ""water"": 0.9450666666666666, ""transport"": 0.6666666666666666}",13,0.38314666666666675,,,[],,v2.0,0.7,0.3
S4_water_partial,46,46,8486792860555470012,scenario=S4_water_partial|method=both|duration=0|theta=0.300000|delta_threshold=0.100000|A=v2.0|w=na|run_id=46|seed=8486792860555470012,False,"{""step_1_amount"": 0.1082192537367164}",033832c9a51598bd69064fc3910037f6fde292830c04f0066e6d9779dc60f4ca,0.38314666666666675,0.38314666666666675,0.0,24,0.0,0.0,0.38314666666666675,0.38314666666666675,0,0,0.0,"{""energy"": 0.6666666666666667, ""water"": 0.05493333333333334, ""transport"": 0.33333333333333337}","{""energy"": 0.6666666666666667, ""water"": 0.05493333333333334, ""transport"": 0.33333333333333337}","{""energy"": 0.0, ""water"": 0.0, ""transport"": 0.0}","{""energy"": 0.0, ""water"": 0.0, ""transport"": 0.0}","{""energy"": 0.0, ""water"": 0.0, ""transport"": 0.0}","{""energy"": 0.0, ""water"": 0.0, ""transport"": 0.0}",0.3,0.1,,0.38314666666666675,1.0,0.6168533333333333,1,"{""energy"": 0.6666666666666667, ""water"": 0.05493333333333334, ""transport"": 0.33333333333333337}","{""energy"": 1.0, ""water"": 1.0, ""transport"": 1.0}","{""energy"": 0.33333333333333326, ""water"": 0.9450666666666666, ""transport"": 0.6666666666666666}",13,0.38314666666666675,,,[],,v2.0,0.7,0.3
S4_water_partial,47,47,14718045167175309202,scenario=S4_water_partial|method=both|duration=0|theta=0.300000|delta_threshold=0.100000|A=v2.0|w=na|run_id=47|seed=14718045167175309202,False,"{""step_1_amount"": 0.18677450388421812}",033832c9a51598bd69064fc3910037f6fde292830c04f0066e6d9779dc60f4ca,0.38314666666666675,0.38314666666666675,0.0,17,0.0,0.0,0.38314666666666675,0.38314666666666675,0,0,0.0,"{""energy"": 0.6666666666666667, ""water"": 0.05493333333333334, ""transport"": 0.33333333333333337}","{""energy"": 0.6666666666666667, ""water"": 0.05493333333333334, ""transport"": 0.33333333333333337}","{""energy"": 0.0, ""water"": 0.0, ""transport"": 0.0}","{""energy"": 0.0, ""water"": 0.0, ""transport"": 0.0}","{""energy"": 0.0, ""water"": 0.0, ""transport"": 0.0}","{""energy"": 0.0, ""water"": 0.0, ""transport"": 0.0}",0.3,0.1,,0.38314666666666675,1.0,0.6168533333333333,1,"{""energy"": 0.6666666666666667, ""water"": 0.05493333333333334, ""transport"": 0.33333333333333337}","{""energy"": 1.0, ""water"": 1.0, ""transport"": 1.0}","{""energy"": 0.33333333333333326, ""water"": 0.9450666666666666, ""transport"": 0.6666666666666666}",13,0.38314666666666675,,,[],,v2.0,0.7,0.3
S4_water_partial,48,48,11348723768287533545,scenario=S4_water_partial|method=both|duration=0|theta=0.300000|delta_threshold=0.100000|A=v2.0|w=na|run_id=48|seed=11348723768287533545,False,"{""step_1_amount"": 0.11249747719590239}",033832c9a51598bd69064fc3910037f6fde292830c04f0066e6d9779dc60f4ca,0.38314666666666675,0.38314666666666675,0.0,15,0.0,0.0,0.38314666666666675,0.38314666666666675,0,0,0.0,"{""energy"": 0.6666666666666667, ""water"": 0.05493333333333334, ""transport"": 0.33333333333333337}","{""energy"": 0.6666666666666667, ""water"": 0.05493333333333334, ""transport"": 0.33333333333333337}","{""energy"": 0.0, ""water"": 0.0, ""transport"": 0.0}","{""energy"": 0.0, ""water"": 0.0, ""transport"": 0.0}","{""energy"": 0.0, ""water"": 0.0, ""transport"": 0.0}","{""energy"": 0.0, ""water"": 0.0, ""transport"": 0.0}",0.3,0.1,,0.38314666666666675,1.0,0.6168533333333333,1,"{""energy"": 0.6666666666666667, ""water"": 0.05493333333333334, ""transport"": 0.33333333333333337}","{""energy"": 1.0, ""water"": 1.0, ""transport"": 1.0}","{""energy"": 0.33333333333333326, ""water"": 0.9450666666666666, ""transport"": 0.6666666666666666}",13,0.38314666666666675,,,[],,v2.0,0.7,0.3
S4_water_partial,49,49,1110684862360046755,scenario=S4_water_partial|method=both|duration=0|theta=0.300000|delta_threshold=0.100000|A=v2.0|w=na|run_id=49|seed=1110684862360046755,False,"{""step_1_amount"": 0.2860880328180428}",033832c9a51598bd69064fc3910037f6fde292830c04f0066e6d9779dc60f4ca,0.38314666666666675,0.43585191255869293,0.05270524589202619,5,0.0,0.0,0.38314666666666675,0.43585191255869293,0,0,0.05270524589202619,"{""energy"": 0.6666666666666667, ""water"": 0.05493333333333334, ""transport"": 0.33333333333333337}","{""energy"": 0.7015968859825876, ""water"": 0.1625433743558869, ""transport"": 0.35483381952963955}","{""energy"": 0.034930219315920885, ""water"": 0.10761004102255356, ""transport"": 0.02150048619630618}","{""energy"": 0.0, ""water"": 0.0, ""transport"": 0.0}","{""energy"": 0.0, ""water"": 0.0, ""transport"": 0.0}","{""energy"": 0.0, ""water"": 0.0, ""transport"": 0.0}",0.3,0.1,,0.38314666666666675,1.0,0.6168533333333333,1,"{""energy"": 0.6666666666666667, ""water"": 0.05493333333333334, ""transport"": 0.33333333333333337}","{""energy"": 1.0, ""water"": 1.0, ""transport"": 1.0}","{""energy"": 0.33333333333333326, ""water"": 0.9450666666666666, ""transport"": 0.6666666666666666}",11,0.43585191255869293,,,[],,v2.0,0.7,0.3
S4_water_partial,50,50,5741775707253652681,scenario=S4_water_partial|method=both|duration=0|theta=0.300000|delta_threshold=0.100000|A=v2.0|w=na|run_id=50|seed=5741775707253652681,False,"{""step_1_amount"": 0.08659574244891756}",033832c9a51598bd69064fc3910037f6fde292830c04f0066e6d9779dc60f4ca,0.38314666666666675,0.38314666666666675,0.0,22,0.0,0.0,0.38314666666666675,0.38314666666666675,0,0,0.0,"{""energy"": 0.6666666666666667, ""water"": 0.05493333333333334, ""transport"": 0.33333333333333337}","{""energy"": 0.6666666666666667, ""water"": 0.05493333333333334, ""transport"": 0.33333333333333337}","{""energy"": 0.0, ""water"": 0.0, ""transport"": 0.0}","{""energy"": 0.0, ""water"": 0.0, ""transport"": 0.0}","{""energy"": 0.0, ""water"": 0.0, ""transport"": 0.0}","{""energy"": 0.0, ""water"": 0.0, ""transport"": 0.0}",0.3,0.1,,0.38314666666666675,1.0,0.6168533333333333,1,"{""energy"": 0.6666666666666667, ""water"": 0.05493333333333334, ""transport"": 0.33333333333333337}","{""energy"": 1.0, ""water"": 1.0, ""transport"": 1.0}","{""energy"": 0.33333333333333326, ""water"": 0.9450666666666666, ""transport"": 0.6666666666666666}",13,0.38314666666666675,,,[],,v2.0,0.7,0.3
S4_water_partial,51,51,4124506235195252065,scenario=S4_water_partial|method=both|duration=0|theta=0.300000|delta_threshold=0.100000|A=v2.0|w=na|run_id=51|seed=4124506235195252065,False,"{""step_1_amount"": 0.19166489415618565}",033832c9a51598bd69064fc3910037f6fde292830c04f0066e6d9779dc60f4ca,0.38314666666666675,0.38314666666666675,0.0,7,0.0,0.0,0.38314666666666675,0.38314666666666675,0,0,0.0,"{""energy"": 0.6666666666666667, ""water"": 0.05493333333333334, ""transport"": 0.33333333333333337}","{""energy"": 0.6666666666666667, ""water"": 0.05493333333333334, ""transport"": 0.33333333333333337}","{""energy"": 0.0, ""water"": 0.0, ""transport"": 0.0}","{""energy"": 0.0, ""water"": 0.0, ""transport"": 0.0}","{""energy"": 0.0, ""water"": 0.0, ""transport"": 0.0}","{""energy"": 0.0, ""water"": 0.0, ""transport"": 0.0}",0.3,0.1,,0.38314666666666675,1.0,0.6168533333333333,1,"{""energy"": 0.6666666666666667, ""water"": 0.05493333333333334, ""transport"": 0.33333333333333337}","{""energy"": 1.0, ""water"": 1.0, ""transport"": 1.0}","{""energy"": 0.33333333333333326, ""water"": 0.9450666666666666, ""transport"": 0.6666666666666666}",13,0.38314666666666675,,,[],,v2.0,0.7,0.3
S4_water_partial,52,52,12033688272786432157,scenario=S4_water_partial|method=both|duration=0|theta=0.300000|delta_threshold=0.100000|A=v2.0|w=na|run_id=52|seed=12033688272786432157,False,"{""step_1_amount"": 0.09875495348943072}",033832c9a51598bd69064fc3910037f6fde292830c04f0066e6d9779dc60f4ca,0.38314666666666675,0.38314666666666675,0.0,12,0.0,0.0,0.38314666666666675,0.38314666666666675,0,0,0.0,"{""energy"": 0.6666666666666667, ""water"": 0.05493333333333334, ""transport"": 0.33333333333333337}","{""energy"": 0.6666666666666667, ""water"": 0.05493333333333334, ""transport"": 0.33333333333333337}","{""energy"": 0.0, ""water"": 0.0, ""transport"": 0.0}","{""energy"": 0.0, ""water"": 0.0, ""transport"": 0.0}","{""energy"": 0.0, ""water"": 0.0, ""transport"": 0.0}","{""energy"": 0.0, ""water"": 0.0, ""transport"": 0.0}",0.3,0.1,,0.38314666666666675,1.0,0.6168533333333333,1,"{""energy"": 0.6666666666666667, ""water"": 0.05493333333333334, ""transport"": 0.33333333333333337}","{""energy"": 1.0, ""water"": 1.0, ""transport"": 1.0}","{""energy"": 0.33333333333333326, ""water"": 0.9450666666666666, ""transport"": 0.6666666666666666}",13,0.38314666666666675,,,[],,v2.0,0.7,0.3
S4_water_partial,53,53,11546189266912442977,scenario=S4_water_partial|method=both|duration=0|theta=0.300000|delta_threshold=0.100000|A=v2.0|w=na|run_id=53|seed=11546189266912442977,False,"{""step_1_amount"": 0.13914098340354808}",033832c9a51598bd69064fc3910037f6fde292830c04f0066e6d9779dc60f4ca,0.38314666666666675,0.38314666666666675,0.0,11,0.0,0.0,0.38314666666666675,0.38314666666666675,0,0,0.0,"{""energy"": 0.6666666666666667, ""water"": 0.05493333333333334, ""transport"": 0.33333333333333337}","{""energy"": 0.6666666666666667, ""water"": 0.05493333333333334, ""transport"": 0.33333333333333337}","{""energy"": 0.0, ""water"": 0.0, ""transport"": 0.0}","{""energy"": 0.0, ""water"": 0.0, ""transport"": 0.0}","{""energy"": 0.0, ""water"": 0.0, ""transport"": 0.0}","{""energy"": 0.0, ""water"": 0.0, ""transport"": 0.0}",0.3,0.1,,0.38314666666666675,1.0,0.6168533333333333,1,"{""energy"": 0.6666666666666667, ""water"": 0.05493333333333334, ""transport"": 0.33333333333333337}","{""energy"": 1.0, ""water"": 1.0, ""transport"": 1.0}","{""energy"": 0.33333333333333326, ""water"": 0.9450666666666666, ""transport"": 0.6666666666666666}",13,0.38314666666666675,,,[],,v2.0,0.7,0.3
S4_water_partial,54,54,5311542573671650603,scenario=S4_water_partial|method=both|duration=0|theta=0.300000|delta_threshold=0.100000|A=v2.0|w=na|run_id=54|seed=5311542573671650603,False,"{""step_1_amount"": 0.0971094560987727}",033832c9a51598bd69064fc3910037f6fde292830c04f0066e6d9779dc60f4ca,0.38314666666666675,0.38314666666666675,0.0,8,0.0,0.0,0.38314666666666675,0.38314666666666675,0,0,0.0,"{""energy"": 0.6666666666666667, ""water"": 0.05493333333333334, ""transport"": 0.33333333333333337}","{""energy"": 0.6666666666666667, ""water"": 0.05493333333333334, ""transport"": 0.33333333333333337}","{""energy"": 0.0, ""water"": 0.0, ""transport"": 0.0}","{""energy"": 0.0, ""water"": 0.0, ""transport"": 0.0}","{""energy"": 0.0, ""water"": 0.0, ""transport"": 0.0}","{""energy"": 0.0, ""water"": 0.0, ""transport"": 0.0}",0.3,0.1,,0.38314666666666675,1.0,0.6168533333333333,1,"{""energy"": 0.6666666666666667, ""water"": 0.05493333333333334, ""transport"": 0.33333333333333337}","{""energy"": 1.0, ""water"": 1.0, ""transport"": 1.0}","{""energy"": 0.33333333333333326, ""water"": 0.9450666666666666, ""transport"": 0.6666666666666666}",13,0.38314666666666675,,,[],,v2.0,0.7,0.3
S4_water_partial,55,55,3267442772181836608,scenario=S4_water_partial|method=both|duration=0|theta=0.300000|delta_threshold=0.100000|A=v2.0|w=na|run_id=55|seed=3267442772181836608,False,"{""step_1_amount"": 0.18649999132149217}",033832c9a51598bd69064fc3910037f6fde292830c04f0066e6d9779dc60f4ca,0.38314666666666675,0.38314666666666675,0.0,12,0.0,0.0,0.38314666666666675,0.38314666666666675,0,0,0.0,"{""energy"": 0.6666666666666667, ""water"": 0.05493333333333334, ""transport"": 0.33333333333333337}","{""energy"": 0.6666666666666667, ""water"": 0.05493333333333334, ""transport"": 0.33333333333333337}","{""energy"": 0.0, ""water"": 0.0, ""transport"": 0.0}","{""energy"": 0.0, ""water"": 0.0, ""transport"": 0.0}","{""energy"": 0.0, ""water"": 0.0, ""transport"": 0.0}","{""energy"": 0.0, ""water"": 0.0, ""transport"": 0.0}",0.3,0.1,,0.38314666666666675,1.0,0.6168533333333333,1,"{""energy"": 0.6666666666666667, ""water"": 0.05493333333333334, ""transport"": 0.33333333333333337}","{""energy"": 1.0, ""water"": 1.0, ""transport"": 1.0}","{""energy"": 0.33333333333333326, ""water"": 0.9450666666666666, ""transport"": 0.6666666666666666}",13,0.38314666666666675,,,[],,v2.0,0.7,0.3
S4_water_partial,56,56,8647406620607275838,scenario=S4_water_partial|method=both|duration=0|theta=0.300000|delta_threshold=0.100000|A=v2.0|w=na|run_id=56|seed=8647406620607275838,False,"{""step_1_amount"": 0.0727254243800866}",033832c9a51598bd69064fc3910037f6fde292830c04f0066e6d9779dc60f4ca,0.38314666666666675,0.38314666666666675,0.0,27,0.0,0.0,0.38314666666666675,0.38314666666666675,0,0,0.0,"{""energy"": 0.6666666666666667, ""water"": 0.05493333333333334, ""transport"": 0.33333333333333337}","{""energy"": 0.6666666666666667, ""water"": 0.05493333333333334, ""transport"": 0.33333333333333337}","{""energy"": 0.0, ""water"": 0.0, ""transport"": 0.0}","{""energy"": 0.0, ""water"": 0.0, ""transport"": 0.0}","{""energy"": 0.0, ""water"": 0.0, ""transport"": 0.0}","{""energy"": 0.0, ""water"": 0.0, ""transport"": 0.0}",0.3,0.1,,0.38314666666666675,1.0,0.6168533333333333,1,"{""energy"": 0.6666666666666667, ""water"": 0.05493333333333334, ""transport"": 0.33333333333333337}","{""energy"": 1.0, ""water"": 1.0, ""transport"": 1.0}","{""energy"": 0.33333333333333326, ""water"": 0.9450666666666666, ""transport"": 0.6666666666666666}",13,0.38314666666666675,,,[],,v2.0,0.7,0.3
S4_water_partial,57,57,7454949612748248832,scenario=S4_water_partial|method=both|duration=0|theta=0.300000|delta_threshold=0.100000|A=v2.0|w=na|run_id=57|seed=7454949612748248832,False,"{""step_1_amount"": 0.06698261869762986}",033832c9a51598bd69064fc3910037f6fde292830c04f0066e6d9779dc60f4ca,0.38314666666666675,0.38314666666666675,0.0,24,0.0,0.0,0.38314666666666675,0.38314666666666675,0,0,0.0,"{""energy"": 0.6666666666666667, ""water"": 0.05493333333333334, ""transport"": 0.33333333333333337}","{""energy"": 0.6666666666666667, ""water"": 0.05493333333333334, ""transport"": 0.33333333333333337}","{""energy"": 0.0, ""water"": 0.0, ""transport"": 0.0}","{""energy"": 0.0, ""water"": 0.0, ""transport"": 0.0}","{""energy"": 0.0, ""water"": 0.0, ""transport"": 0.0}","{""energy"": 0.0, ""water"": 0.0, ""transport"": 0.0}",0.3,0.1,,0.38314666666666675,1.0,0.6168533333333333,1,"{""energy"": 0.6666666666666667, ""water"": 0.05493333333333334, ""transport"": 0.33333333333333337}","{""energy"": 1.0, ""water"": 1.0, ""transport"": 1.0}","{""energy"": 0.33333333333333326, ""water"": 0.9450666666666666, ""transport"": 0.6666666666666666}",13,0.38314666666666675,,,[],,v2.0,0.7,0.3
S4_water_partial,58,58,5028326982104737181,scenario=S4_water_partial|method=both|duration=0|theta=0.300000|delta_threshold=0.100000|A=v2.0|w=na|run_id=58|seed=5028326982104737181,False,"{""step_1_amount"": 0.18442477603718033}",033832c9a51598bd69064fc3910037f6fde292830c04f0066e6d9779dc60f4ca,0.38314666666666675,0.38314666666666675,0.0,16,0.0,0.0,0.38314666666666675,0.38314666666666675,0,0,0.0,"{""energy"": 0.6666666666666667, ""water"": 0.05493333333333334, ""transport"": 0.33333333333333337}","{""energy"": 0.6666666666666667, ""water"": 0.05493333333333334, ""transport"": 0.33333333333333337}","{""energy"": 0.0, ""water"": 0.0, ""transport"": 0.0}","{""energy"": 0.0, ""water"": 0.0, ""transport"": 0.0}","{""energy"": 0.0, ""water"": 0.0, ""transport"": 0.0}","{""energy"": 0.0, ""water"": 0.0, ""transport"": 0.0}",0.3,0.1,,0.38314666666666675,1.0,0.6168533333333333,1,"{""energy"": 0.6666666666666667, ""water"": 0.05493333333333334, ""transport"": 0.33333333333333337}","{""energy"": 1.0, ""water"": 1.0, ""transport"": 1.0}","{""energy"": 0.33333333333333326, ""water"": 0.9450666666666666, ""transport"": 0.6666666666666666}",13,0.38314666666666675,,,[],,v2.0,0.7,0.3
S4_water_partial,59,59,8572128630902707358,scenario=S4_water_partial|method=both|duration=0|theta=0.300000|delta_threshold=0.100000|A=v2.0|w=na|run_id=59|seed=8572128630902707358,False,"{""step_1_amount"": 0.2953591503304476}",033832c9a51598bd69064fc3910037f6fde292830c04f0066e6d9779dc60f4ca,0.38314666666666675,0.441527922477725,0.05838125581105824,7,0.0,0.0,0.38314666666666675,0.441527922477725,0,0,0.05838125581105824,"{""energy"": 0.6666666666666667, ""water"": 0.05493333333333334, ""transport"": 0.33333333333333337}","{""energy"": 0.7053586419132458, ""water"": 0.17413227124639286, ""transport"": 0.35714928112836264}","{""energy"": 0.03869197524657908, ""water"": 0.11919893791305952, ""transport"": 0.02381594779502927}","{""energy"": 0.0, ""water"": 0.0, ""transport"": 0.0}","{""energy"": 0.0, ""water"": 0.0, ""transport"": 0.0}","{""energy"": 0.0, ""water"": 0.0, ""transport"": 0.0}",0.3,0.1,,0.38314666666666675,1.0,0.6168533333333333,1,"{""energy"": 0.6666666666666667, ""water"": 0.05493333333333334, ""transport"": 0.33333333333333337}","{""energy"": 1.0, ""water"": 1.0, ""transport"": 1.0}","{""energy"": 0.33333333333333326, ""water"": 0.9450666666666666, ""transport"": 0.6666666666666666}",11,0.441527922477725,,,[],,v2.0,0.7,0.3
S4_water_partial,60,60,1229984526848907376,scenario=S4_water_partial|method=both|duration=0|theta=0.300000|delta_threshold=0.100000|A=v2.0|w=na|run_id=60|seed=1229984526848907376,False,"{""step_1_amount"": 0.22865517420487694}",033832c9a51598bd69064fc3910037f6fde292830c04f0066e6d9779dc60f4ca,0.38314666666666675,0.4006900806942475,0.01754341402758075,25,0.0,0.0,0.38314666666666675,0.4006900806942475,0,0,0.01754341402758075,"{""energy"": 0.6666666666666667, ""water"": 0.05493333333333334, ""transport"": 0.33333333333333337}","{""energy"": 0.6782935036002956, ""water"": 0.09075230108942955, ""transport"": 0.3404899630910014}","{""energy"": 0.01162683693362887, ""water"": 0.035818967756096214, ""transport"": 0.007156629757668009}","{""energy"": 0.0, ""water"": 0.0, ""transport"": 0.0}","{""energy"": 0.0, ""water"": 0.0, ""transport"": 0.0}","{""energy"": 0.0, ""water"": 0.0, ""transport"": 0.0}",0.3,0.1,,0.38314666666666675,1.0,0.6168533333333333,1,"{""energy"": 0.6666666666666667, ""water"": 0.05493333333333334, ""transport"": 0.33333333333333337}","{""energy"": 1.0, ""water"": 1.0, ""transport"": 1.0}","{""energy"": 0.33333333333333326, ""water"": 0.9450666666666666, ""transport"": 0.6666666666666666}",12,0.4006900806942475,,,[],,v2.0,0.7,0.3
S4_water_partial,61,61,8929698642429340292,scenario=S4_water_partial|method=both|duration=0|theta=0.300000|delta_threshold=0.100000|A=v2.0|w=na|run_id=61|seed=8929698642429340292,False,"{""step_1_amount"": 0.06112754553310145}",033832c9a51598bd69064fc3910037f6fde292830c04f0066e6d9779dc60f4ca,0.38314666666666675,0.38314666666666675,0.0,20,0.0,0.0,0.38314666666666675,0.38314666666666675,0,0,0.0,"{""energy"": 0.6666666666666667, ""water"": 0.05493333333333334, ""transport"": 0.33333333333333337}","{""energy"": 0.6666666666666667, ""water"": 0.05493333333333334, ""transport"": 0.33333333333333337}","{""energy"": 0.0, ""water"": 0.0, ""transport"": 0.0}","{""energy"": 0.0, ""water"": 0.0, ""transport"": 0.0}","{""energy"": 0.0, ""water"": 0.0, ""transport"": 0.0}","{""energy"": 0.0, ""water"": 0.0, ""transport"": 0.0}",0.3,0.1,,0.38314666666666675,1.0,0.6168533333333333,1,"{""energy"": 0.6666666666666667, ""water"": 0.05493333333333334, ""transport"": 0.33333333333333337}","{""energy"": 1.0, ""water"": 1.0, ""transport"": 1.0}","{""energy"": 0.33333333333333326, ""water"": 0.9450666666666666, ""transport"": 0.6666666666666666}",13,0.38314666666666675,,,[],,v2.0,0.7,0.3
S4_water_partial,62,62,3764674457525266519,scenario=S4_water_partial|method=both|duration=0|theta=0.300000|delta_threshold=0.100000|A=v2.0|w=na|run_id=62|seed=3764674457525266519,False,"{""step_1_amount"": 0.20165202457363904}",033832c9a51598bd69064fc3910037f6fde292830c04f0066e6d9779dc60f4ca,0.38314666666666675,0.38415807741126284,0.0010114107445960974,17,0.0,0.0,0.38314666666666675,0.38415807741126284,0,0,0.0010114107445960974,"{""energy"": 0.6666666666666667, ""water"": 0.05493333333333334, ""transport"": 0.33333333333333337}","{""energy"": 0.6673369756374208, ""water"": 0.05699836405038207, ""transport"": 0.3337459264705997}","{""energy"": 0.0006703089707540411, ""water"": 0.0020650307170487284, ""transport"": 0.00041259313726632607}","{""energy"": 0.0, ""water"": 0.0, ""transport"": 0.0}","{""energy"": 0.0, ""water"": 0.0, ""transport"": 0.0}","{""energy"": 0.0, ""water"": 0.0, ""transport"": 0.0}",0.3,0.1,,0.38314666666666675,1.0,0.6168533333333333,1,"{""energy"": 0.6666666666666667, ""water"": 0.05493333333333334, ""transport"": 0.33333333333333337}","{""energy"": 1.0, ""water"": 1.0, ""transport"": 1.0}","{""energy"": 0.33333333333333326, ""water"": 0.9450666666666666, ""transport"": 0.6666666666666666}",12,0.38415807741126284,,,[],,v2.0,0.7,0.3
S4_water_partial,63,63,7141325424481020265,scenario=S4_water_partial|method=both|duration=0|theta=0.300000|delta_threshold=0.100000|A=v2.0|w=na|run_id=63|seed=7141325424481020265,False,"{""step_1_amount"": 0.1365829650419579}",033832c9a51598bd69064fc3910037f6fde292830c04f0066e6d9779dc60f4ca,0.38314666666666675,0.38314666666666675,0.0,28,0.0,0.0,0.38314666666666675,0.38314666666666675,0,0,0.0,"{""energy"": 0.6666666666666667, ""water"": 0.05493333333333334, ""transport"": 0.33333333333333337}","{""energy"": 0.6666666666666667, ""water"": 0.05493333333333334, ""transport"": 0.33333333333333337}","{""energy"": 0.0, ""water"": 0.0, ""transport"": 0.0}","{""energy"": 0.0, ""water"": 0.0, ""transport"": 0.0}","{""energy"": 0.0, ""water"": 0.0, ""transport"": 0.0}","{""energy"": 0.0, ""water"": 0.0, ""transport"": 0.0}",0.3,0.1,,0.38314666666666675,1.0,0.6168533333333333,1,"{""energy"": 0.6666666666666667, ""water"": 0.05493333333333334, ""transport"": 0.33333333333333337}","{""energy"": 1.0, ""water"": 1.0, ""transport"": 1.0}","{""energy"": 0.33333333333333326, ""water"": 0.9450666666666666, ""transport"": 0.6666666666666666}",13,0.38314666666666675,,,[],,v2.0,0.7,0.3
S4_water_partial,64,64,1774066358495312745,scenario=S4_water_partial|method=both|duration=0|theta=0.300000|delta_threshold=0.100000|A=v2.0|w=na|run_id=64|seed=1774066358495312745,False,"{""step_1_amount"": 0.06460684706203022}",033832c9a51598bd69064fc3910037f6fde292830c04f0066e6d9779dc60f4ca,0.38314666666666675,0.38314666666666675,0.0,7,0.0,0.0,0.38314666666666675,0.38314666666666675,0,0,0.0,"{""energy"": 0.6666666666666667, ""water"": 0.05493333333333334, ""transport"": 0.33333333333333337}","{""energy"": 0.6666666666666667, ""water"": 0.05493333333333334, ""transport"": 0.33333333333333337}","{""energy"": 0.0, ""water"": 0.0, ""transport"": 0.0}","{""energy"": 0.0, ""water"": 0.0, ""transport"": 0.0}","{""energy"": 0.0, ""water"": 0.0, ""transport"": 0.0}","{""energy"": 0.0, ""water"": 0.0, ""transport"": 0.0}",0.3,0.1,,0.38314666666666675,1.0,0.6168533333333333,1,"{""energy"": 0.6666666666666667, ""water"": 0.05493333333333334, ""transport"": 0.33333333333333337}","{""energy"": 1.0, ""water"": 1.0, ""transport"": 1.0}","{""energy"": 0.33333333333333326, ""water"": 0.9450666666666666, ""transport"": 0.6666666666666666}",13,0.38314666666666675,,,[],,v2.0,0.7,0.3
S4_water_partial,65,65,13655815968418168898,scenario=S4_water_partial|method=both|duration=0|theta=0.300000|delta_threshold=0.100000|A=v2.0|w=na|run_id=65|seed=13655815968418168898,False,"{""step_1_amount"": 0.11016318531386958}",033832c9a51598bd69064fc3910037f6fde292830c04f0066e6d9779dc60f4ca,0.38314666666666675,0.38314666666666675,0.0,16,0.0,0.0,0.38314666666666675,0.38314666666666675,0,0,0.0,"{""energy"": 0.6666666666666667, ""water"": 0.05493333333333334, ""transport"": 0.33333333333333337}","{""energy"": 0.6666666666666667, ""water"": 0.05493333333333334, ""transport"": 0.33333333333333337}","{""energy"": 0.0, ""water"": 0.0, ""transport"": 0.0}","{""energy"": 0.0, ""water"": 0.0, ""transport"": 0.0}","{""energy"": 0.0, ""water"": 0.0, ""transport"": 0.0}","{""energy"": 0.0, ""water"": 0.0, ""transport"": 0.0}",0.3,0.1,,0.38314666666666675,1.0,0.6168533333333333,1,"{""energy"": 0.6666666666666667, ""water"": 0.05493333333333334, ""transport"": 0.33333333333333337}","{""energy"": 1.0, ""water"": 1.0, ""transport"": 1.0}","{""energy"": 0.33333333333333326, ""water"": 0.9450666666666666, ""transport"": 0.6666666666666666}",13,0.38314666666666675,,,[],,v2.0,0.7,0.3
S4_water_partial,66,66,2775426475770517754,scenario=S4_water_partial|method=both|duration=0|theta=0.300000|delta_threshold=0.100000|A=v2.0|w=na|run_id=66|seed=2775426475770517754,False,"{""step_1_amount"": 0.1415602632411707}",033832c9a51598bd69064fc3910037f6fde292830c04f0066e6d9779dc60f4ca,0.38314666666666675,0.38314666666666675,0.0,18,0.0,0.0,0.38314666666666675,0.38314666666666675,0,0,0.0,"{""energy"": 0.6666666666666667, ""water"": 0.05493333333333334, ""transport"": 0.33333333333333337}","{""energy"": 0.6666666666666667, ""water"": 0.05493333333333334, ""transport"": 0.33333333333333337}","{""energy"": 0.0, ""water"": 0.0, ""transport"": 0.0}","{""energy"": 0.0, ""water"": 0.0, ""transport"": 0.0}","{""energy"": 0.0, ""water"": 0.0, ""transport"": 0.0}","{""energy"": 0.0, ""water"": 0.0, ""transport"": 0.0}",0.3,0.1,,0.38314666666666675,1.0,0.6168533333333333,1,"{""energy"": 0.6666666666666667, ""water"": 0.05493333333333334, ""transport"": 0.33333333333333337}","{""energy"": 1.0, ""water"": 1.0, ""transport"": 1.0}","{""energy"": 0.33333333333333326, ""water"": 0.9450666666666666, ""transport"": 0.6666666666666666}",13,0.38314666666666675,,,[],,v2.0,0.7,0.3
S4_water_partial,67,67,16261945308108820769,scenario=S4_water_partial|method=both|duration=0|theta=0.300000|delta_threshold=0.100000|A=v2.0|w=na|run_id=67|seed=16261945308108820769,False,"{""step_1_amount"": 0.1732380542263104}",033832c9a51598bd69064fc3910037f6fde292830c04f0066e6d9779dc60f4ca,0.38314666666666675,0.38314666666666675,0.0,30,0.0,0.0,0.38314666666666675,0.38314666666666675,0,0,0.0,"{""energy"": 0.6666666666666667, ""water"": 0.05493333333333334, ""transport"": 0.33333333333333337}","{""energy"": 0.6666666666666667, ""water"": 0.05493333333333334, ""transport"": 0.33333333333333337}","{""energy"": 0.0, ""water"": 0.0, ""transport"": 0.0}","{""energy"": 0.0, ""water"": 0.0, ""transport"": 0.0}","{""energy"": 0.0, ""water"": 0.0, ""transport"": 0.0}","{""energy"": 0.0, ""water"": 0.0, ""transport"": 0.0}",0.3,0.1,,0.38314666666666675,1.0,0.6168533333333333,1,"{""energy"": 0.6666666666666667, ""water"": 0.05493333333333334, ""transport"": 0.33333333333333337}","{""energy"": 1.0, ""water"": 1.0, ""transport"": 1.0}","{""energy"": 0.33333333333333326, ""water"": 0.9450666666666666, ""transport"": 0.6666666666666666}",13,0.38314666666666675,,,[],,v2.0,0.7,0.3
S4_water_partial,68,68,7214094352513058112,scenario=S4_water_partial|method=both|duration=0|theta=0.300000|delta_threshold=0.100000|A=v2.0|w=na|run_id=68|seed=7214094352513058112,False,"{""step_1_amount"": 0.14362022030531857}",033832c9a51598bd69064fc3910037f6fde292830c04f0066e6d9779dc60f4ca,0.38314666666666675,0.38314666666666675,0.0,10,0.0,0.0,0.38314666666666675,0.38314666666666675,0,0,0.0,"{""energy"": 0.6666666666666667, ""water"": 0.05493333333333334, ""transport"": 0.33333333333333337}","{""energy"": 0.6666666666666667, ""water"": 0.05493333333333334, ""transport"": 0.33333333333333337}","{""energy"": 0.0, ""water"": 0.0, ""transport"": 0.0}","{""energy"": 0.0, ""water"": 0.0, ""transport"": 0.0}","{""energy"": 0.0, ""water"": 0.0, ""transport"": 0.0}","{""energy"": 0.0, ""water"": 0.0, ""transport"": 0.0}",0.3,0.1,,0.38314666666666675,1.0,0.6168533333333333,1,"{""energy"": 0.6666666666666667, ""water"": 0.05493333333333334, ""transport"": 0.33333333333333337}","{""energy"": 1.0, ""water"": 1.0, ""transport"": 1.0}","{""energy"": 0.33333333333333326, ""water"": 0.9450666666666666, ""transport"": 0.6666666666666666}",13,0.38314666666666675,,,[],,v2.0,0.7,0.3
S4_water_partial,69,69,14783421248601069761,scenario=S4_water_partial|method=both|duration=0|theta=0.300000|delta_threshold=0.100000|A=v2.0|w=na|run_id=69|seed=14783421248601069761,False,"{""step_1_amount"": 0.05122677548333074}",033832c9a51598bd69064fc3910037f6fde292830c04f0066e6d9779dc60f4ca,0.38314666666666675,0.38314666666666675,0.0,13,0.0,0.0,0.38314666666666675,0.38314666666666675,0,0,0.0,"{""energy"": 0.6666666666666667, ""water"": 0.05493333333333334, ""transport"": 0.33333333333333337}","{""energy"": 0.6666666666666667, ""water"": 0.05493333333333334, ""transport"": 0.33333333333333337}","{""energy"": 0.0, ""water"": 0.0, ""transport"": 0.0}","{""energy"": 0.0, ""water"": 0.0, ""transport"": 0.0}","{""energy"": 0.0, ""water"": 0.0, ""transport"": 0.0}","{""energy"": 0.0, ""water"": 0.0, ""transport"": 0.0}",0.3,0.1,,0.38314666666666675,1.0,0.6168533333333333,1,"{""energy"": 0.6666666666666667, ""water"": 0.05493333333333334, ""transport"": 0.33333333333333337}","{""energy"": 1.0, ""water"": 1.0, ""transport"": 1.0}","{""energy"": 0.33333333333333326, ""water"": 0.9450666666666666, ""transport"": 0.6666666666666666}",13,0.38314666666666675,,,[],,v2.0,0.7,0.3
S4_water_partial,70,70,15944498297609425387,scenario=S4_water_partial|method=both|duration=0|theta=0.300000|delta_threshold=0.100000|A=v2.0|w=na|run_id=70|seed=15944498297609425387,False,"{""step_1_amount"": 0.1735988388212654}",033832c9a51598bd69064fc3910037f6fde292830c04f0066e6d9779dc60f4ca,0.38314666666666675,0.38314666666666675,0.0,5,0.0,0.0,0.38314666666666675,0.38314666666666675,0,0,0.0,"{""energy"": 0.6666666666666667, ""water"": 0.05493333333333334, ""transport"": 0.33333333333333337}","{""energy"": 0.6666666666666667, ""water"": 0.05493333333333334, ""transport"": 0.33333333333333337}","{""energy"": 0.0, ""water"": 0.0, ""transport"": 0.0}","{""energy"": 0.0, ""water"": 0.0, ""transport"": 0.0}","{""energy"": 0.0, ""water"": 0.0, ""transport"": 0.0}","{""energy"": 0.0, ""water"": 0.0, ""transport"": 0.0}",0.3,0.1,,0.38314666666666675,1.0,0.6168533333333333,1,"{""energy"": 0.6666666666666667, ""water"": 0.05493333333333334, ""transport"": 0.33333333333333337}","{""energy"": 1.0, ""water"": 1.0, ""transport"": 1.0}","{""energy"": 0.33333333333333326, ""water"": 0.9450666666666666, ""transport"": 0.6666666666666666}",13,0.38314666666666675,,,[],,v2.0,0.7,0.3
S4_water_partial,71,71,8002905350515494752,scenario=S4_water_partial|method=both|duration=0|theta=0.300000|delta_threshold=0.100000|A=v2.0|w=na|run_id=71|seed=8002905350515494752,False,"{""step_1_amount"": 0.19012918184513555}",033832c9a51598bd69064fc3910037f6fde292830c04f0066e6d9779dc60f4ca,0.38314666666666675,0.38314666666666675,0.0,10,0.0,0.0,0.38314666666666675,0.38314666666666675,0,0,0.0,"{""energy"": 0.6666666666666667, ""water"": 0.05493333333333334, ""transport"": 0.33333333333333337}","{""energy"": 0.6666666666666667, ""water"": 0.05493333333333334, ""transport"": 0.33333333333333337}","{""energy"": 0.0, ""water"": 0.0, ""transport"": 0.0}","{""energy"": 0.0, ""water"": 0.0, ""transport"": 0.0}","{""energy"": 0.0, ""water"": 0.0, ""transport"": 0.0}","{""energy"": 0.0, ""water"": 0.0, ""transport"": 0.0}",0.3,0.1,,0.38314666666666675,1.0,0.6168533333333333,1,"{""energy"": 0.6666666666666667, ""water"": 0.05493333333333334, ""transport"": 0.33333333333333337}","{""energy"": 1.0, ""water"": 1.0, ""transport"": 1.0}","{""energy"": 0.33333333333333326, ""water"": 0.9450666666666666, ""transport"": 0.6666666666666666}",13,0.38314666666666675,,,[],,v2.0,0.7,0.3
S4_water_partial,72,72,9562330598974836259,scenario=S4_water_partial|method=both|duration=0|theta=0.300000|delta_threshold=0.100000|A=v2.0|w=na|run_id=72|seed=9562330598974836259,False,"{""step_1_amount"": 0.20873496164451832}",033832c9a51598bd69064fc3910037f6fde292830c04f0066e6d9779dc60f4ca,0.38314666666666675,0.3884944285594819,0.0053477618928151616,6,0.0,0.0,0.38314666666666675,0.3884944285594819,0,0,0.0053477618928151616,"{""energy"": 0.6666666666666667, ""water"": 0.05493333333333334, ""transport"": 0.33333333333333337}","{""energy"": 0.67021087735393, ""water"": 0.06585203538898123, ""transport"": 0.3355148900040518}","{""energy"": 0.003544210687263294, ""water"": 0.010918702055647884, ""transport"": 0.002181556670718454}","{""energy"": 0.0, ""water"": 0.0, ""transport"": 0.0}","{""energy"": 0.0, ""water"": 0.0, ""transport"": 0.0}","{""energy"": 0.0, ""water"": 0.0, ""transport"": 0.0}",0.3,0.1,,0.38314666666666675,1.0,0.6168533333333333,1,"{""energy"": 0.6666666666666667, ""water"": 0.05493333333333334, ""transport"": 0.33333333333333337}","{""energy"": 1.0, ""water"": 1.0, ""transport"": 1.0}","{""energy"": 0.33333333333333326, ""water"": 0.9450666666666666, ""transport"": 0.6666666666666666}",12,0.3884944285594819,,,[],,v2.0,0.7,0.3
S4_water_partial,73,73,7733240352742554039,scenario=S4_water_partial|method=both|duration=0|theta=0.300000|delta_threshold=0.100000|A=v2.0|w=na|run_id=73|seed=7733240352742554039,False,"{""step_1_amount"": 0.11909159531335929}",033832c9a51598bd69064fc3910037f6fde292830c04f0066e6d9779dc60f4ca,0.38314666666666675,0.38314666666666675,0.0,25,0.0,0.0,0.38314666666666675,0.38314666666666675,0,0,0.0,"{""energy"": 0.6666666666666667, ""water"": 0.05493333333333334, ""transport"": 0.33333333333333337}","{""energy"": 0.6666666666666667, ""water"": 0.05493333333333334, ""transport"": 0.33333333333333337}","{""energy"": 0.0, ""water"": 0.0, ""transport"": 0.0}","{""energy"": 0.0, ""water"": 0.0, ""transport"": 0.0}","{""energy"": 0.0, ""water"": 0.0, ""transport"": 0.0}","{""energy"": 0.0, ""water"": 0.0, ""transport"": 0.0}",0.3,0.1,,0.38314666666666675,1.0,0.6168533333333333,1,"{""energy"": 0.6666666666666667, ""water"": 0.05493333333333334, ""transport"": 0.33333333333333337}","{""energy"": 1.0, ""water"": 1.0, ""transport"": 1.0}","{""energy"": 0.33333333333333326, ""water"": 0.9450666666666666, ""transport"": 0.6666666666666666}",13,0.38314666666666675,,,[],,v2.0,0.7,0.3
S4_water_partial,74,74,18391666356804118016,scenario=S4_water_partial|method=both|duration=0|theta=0.300000|delta_threshold=0.100000|A=v2.0|w=na|run_id=74|seed=18391666356804118016,False,"{""step_1_amount"": 0.05599490185386575}",033832c9a51598bd69064fc3910037f6fde292830c04f0066e6d9779dc60f4ca,0.38314666666666675,0.38314666666666675,0.0,22,0.0,0.0,0.38314666666666675,0.38314666666666675,0,0,0.0,"{""energy"": 0.6666666666666667, ""water"": 0.05493333333333334, ""transport"": 0.33333333333333337}","{""energy"": 0.6666666666666667, ""water"": 0.05493333333333334, ""transport"": 0.33333333333333337}","{""energy"": 0.0, ""water"": 0.0, ""transport"": 0.0}","{""energy"": 0.0, ""water"": 0.0, ""transport"": 0.0}","{""energy"": 0.0, ""water"": 0.0, ""transport"": 0.0}","{""energy"": 0.0, ""water"": 0.0, ""transport"": 0.0}",0.3,0.1,,0.38314666666666675,1.0,0.6168533333333333,1,"{""energy"": 0.6666666666666667, ""water"": 0.05493333333333334, ""transport"": 0.33333333333333337}","{""energy"": 1.0, ""water"": 1.0, ""transport"": 1.0}","{""energy"": 0.33333333333333326, ""water"": 0.9450666666666666, ""transport"": 0.6666666666666666}",13,0.38314666666666675,,,[],,v2.0,0.7,0.3
S4_water_partial,75,75,16988051353415945781,scenario=S4_water_partial|method=both|duration=0|theta=0.300000|delta_threshold=0.100000|A=v2.0|w=na|run_id=75|seed=16988051353415945781,False,"{""step_1_amount"": 0.16706762805852807}",033832c9a51598bd69064fc3910037f6fde292830c04f0066e6d9779dc60f4ca,0.38314666666666675,0.38314666666666675,0.0,28,0.0,0.0,0.38314666666666675,0.38314666666666675,0,0,0.0,"{""energy"": 0.6666666666666667, ""water"": 0.05493333333333334, ""transport"": 0.33333333333333337}","{""energy"": 0.6666666666666667, ""water"": 0.05493333333333334, ""transport"": 0.33333333333333337}","{""energy"": 0.0, ""water"": 0.0, ""transport"": 0.0}","{""energy"": 0.0, ""water"": 0.0, ""transport"": 0.0}","{""energy"": 0.0, ""water"": 0.0, ""transport"": 0.0}","{""energy"": 0.0, ""water"": 0.0, ""transport"": 0.0}",0.3,0.1,,0.38314666666666675,1.0,0.6168533333333333,1,"{""energy"": 0.6666666666666667, ""water"": 0.05493333333333334, ""transport"": 0.33333333333333337}","{""energy"": 1.0, ""water"": 1.0, ""transport"": 1.0}","{""energy"": 0.33333333333333326, ""water"": 0.9450666666666666, ""transport"": 0.6666666666666666}",13,0.38314666666666675,,,[],,v2.0,0.7,0.3
S4_water_partial,76,76,2092687872990446924,scenario=S4_water_partial|method=both|duration=0|theta=0.300000|delta_threshold=0.100000|A=v2.0|w=na|run_id=76|seed=2092687872990446924,False,"{""step_1_amount"": 0.1570270179507614}",033832c9a51598bd69064fc3910037f6fde292830c04f0066e6d9779dc60f4ca,0.38314666666666675,0.38314666666666675,0.0,9,0.0,0.0,0.38314666666666675,0.38314666666666675,0,0,0.0,"{""energy"": 0.6666666666666667, ""water"": 0.05493333333333334, ""transport"": 0.33333333333333337}","{""energy"": 0.6666666666666667, ""water"": 0.05493333333333334, ""transport"": 0.33333333333333337}","{""energy"": 0.0, ""water"": 0.0, ""transport"": 0.0}","{""energy"": 0.0, ""water"": 0.0, ""transport"": 0.0}","{""energy"": 0.0, ""water"": 0.0, ""transport"": 0.0}","{""energy"": 0.0, ""water"": 0.0, ""transport"": 0.0}",0.3,0.1,,0.38314666666666675,1.0,0.6168533333333333,1,"{""energy"": 0.6666666666666667, ""water"": 0.05493333333333334, ""transport"": 0.33333333333333337}","{""energy"": 1.0, ""water"": 1.0, ""transport"": 1.0}","{""energy"": 0.33333333333333326, ""water"": 0.9450666666666666, ""transport"": 0.6666666666666666}",13,0.38314666666666675,,,[],,v2.0,0.7,0.3
S4_water_partial,77,77,1751755269748274299,scenario=S4_water_partial|method=both|duration=0|theta=0.300000|delta_threshold=0.100000|A=v2.0|w=na|run_id=77|seed=1751755269748274299,False,"{""step_1_amount"": 0.12695427428235004}",033832c9a51598bd69064fc3910037f6fde292830c04f0066e6d9779dc60f4ca,0.38314666666666675,0.38314666666666675,0.0,12,0.0,0.0,0.38314666666666675,0.38314666666666675,0,0,0.0,"{""energy"": 0.6666666666666667, ""water"": 0.05493333333333334, ""transport"": 0.33333333333333337}","{""energy"": 0.6666666666666667, ""water"": 0.05493333333333334, ""transport"": 0.33333333333333337}","{""energy"": 0.0, ""water"": 0.0, ""transport"": 0.0}","{""energy"": 0.0, ""water"": 0.0, ""transport"": 0.0}","{""energy"": 0.0, ""water"": 0.0, ""transport"": 0.0}","{""energy"": 0.0, ""water"": 0.0, ""transport"": 0.0}",0.3,0.1,,0.38314666666666675,1.0,0.6168533333333333,1,"{""energy"": 0.6666666666666667, ""water"": 0.05493333333333334, ""transport"": 0.33333333333333337}","{""energy"": 1.0, ""water"": 1.0, ""transport"": 1.0}","{""energy"": 0.33333333333333326, ""water"": 0.9450666666666666, ""transport"": 0.6666666666666666}",13,0.38314666666666675,,,[],,v2.0,0.7,0.3
S4_water_partial,78,78,8334271184384794293,scenario=S4_water_partial|method=both|duration=0|theta=0.300000|delta_threshold=0.100000|A=v2.0|w=na|run_id=78|seed=8334271184384794293,False,"{""step_1_amount"": 0.14335294872354054}",033832c9a51598bd69064fc3910037f6fde292830c04f0066e6d9779dc60f4ca,0.38314666666666675,0.38314666666666675,0.0,7,0.0,0.0,0.38314666666666675,0.38314666666666675,0,0,0.0,"{""energy"": 0.6666666666666667, ""water"": 0.05493333333333334, ""transport"": 0.33333333333333337}","{""energy"": 0.6666666666666667, ""water"": 0.05493333333333334, ""transport"": 0.33333333333333337}","{""energy"": 0.0, ""water"": 0.0, ""transport"": 0.0}","{""energy"": 0.0, ""water"": 0.0, ""transport"": 0.0}","{""energy"": 0.0, ""water"": 0.0, ""transport"": 0.0}","{""energy"": 0.0, ""water"": 0.0, ""transport"": 0.0}",0.3,0.1,,0.38314666666666675,1.0,0.6168533333333333,1,"{""energy"": 0.6666666666666667, ""water"": 0.05493333333333334, ""transport"": 0.33333333333333337}","{""energy"": 1.0, ""water"": 1.0, ""transport"": 1.0}","{""energy"": 0.33333333333333326, ""water"": 0.9450666666666666, ""transport"": 0.6666666666666666}",13,0.38314666666666675,,,[],,v2.0,0.7,0.3
S4_water_partial,79,79,1642847440866692549,scenario=S4_water_partial|method=both|duration=0|theta=0.300000|delta_threshold=0.100000|A=v2.0|w=na|run_id=79|seed=1642847440866692549,False,"{""step_1_amount"": 0.2065984967993721}",033832c9a51598bd69064fc3910037f6fde292830c04f0066e6d9779dc60f4ca,0.38314666666666675,0.38718643136966235,0.004039764702995607,6,0.0,0.0,0.38314666666666675,0.38718643136966235,0,0,0.004039764702995607,"{""energy"": 0.6666666666666667, ""water"": 0.05493333333333334, ""transport"": 0.33333333333333337}","{""energy"": 0.669344006743012, ""water"": 0.0631814543325485, ""transport"": 0.33498130790897657}","{""energy"": 0.002677340076345236, ""water"": 0.00824812099921516, ""transport"": 0.0016479745756431963}","{""energy"": 0.0, ""water"": 0.0, ""transport"": 0.0}","{""energy"": 0.0, ""water"": 0.0, ""transport"": 0.0}","{""energy"": 0.0, ""water"": 0.0, ""transport"": 0.0}",0.3,0.1,,0.38314666666666675,1.0,0.6168533333333333,1,"{""energy"": 0.6666666666666667, ""water"": 0.05493333333333334, ""transport"": 0.33333333333333337}","{""energy"": 1.0, ""water"": 1.0, ""transport"": 1.0}","{""energy"": 0.33333333333333326, ""water"": 0.9450666666666666, ""transport"": 0.6666666666666666}",12,0.38718643136966235,,,[],,v2.0,0.7,0.3
S4_water_partial,80,80,1420662767268625284,scenario=S4_water_partial|method=both|duration=0|theta=0.300000|delta_threshold=0.100000|A=v2.0|w=na|run_id=80|seed=1420662767268625284,False,"{""step_1_amount"": 0.10526660950352464}",033832c9a51598bd69064fc3910037f6fde292830c04f0066e6d9779dc60f4ca,0.38314666666666675,0.38314666666666675,0.0,20,0.0,0.0,0.38314666666666675,0.38314666666666675,0,0,0.0,"{""energy"": 0.6666666666666667, ""water"": 0.05493333333333334, ""transport"": 0.33333333333333337}","{""energy"": 0.6666666666666667, ""water"": 0.05493333333333334, ""transport"": 0.33333333333333337}","{""energy"": 0.0, ""water"": 0.0, ""transport"": 0.0}","{""energy"": 0.0, ""water"": 0.0, ""transport"": 0.0}","{""energy"": 0.0, ""water"": 0.0, ""transport"": 0.0}","{""energy"": 0.0, ""water"": 0.0, ""transport"": 0.0}",0.3,0.1,,0.38314666666666675,1.0,0.6168533333333333,1,"{""energy"": 0.6666666666666667, ""water"": 0.05493333333333334, ""transport"": 0.33333333333333337}","{""energy"": 1.0, ""water"": 1.0, ""transport"": 1.0}","{""energy"": 0.33333333333333326, ""water"": 0.9450666666666666, ""transport"": 0.6666666666666666}",13,0.38314666666666675,,,[],,v2.0,0.7,0.3
S4_water_partial,81,81,14147820851424047205,scenario=S4_water_partial|method=both|duration=0|theta=0.300000|delta_threshold=0.100000|A=v2.0|w=na|run_id=81|seed=14147820851424047205,False,"{""step_1_amount"": 0.13421404554309763}",033832c9a51598bd69064fc3910037f6fde292830c04f0066e6d9779dc60f4ca,0.38314666666666675,0.38314666666666675,0.0,30,0.0,0.0,0.38314666666666675,0.38314666666666675,0,0,0.0,"{""energy"": 0.6666666666666667, ""water"": 0.05493333333333334, ""transport"": 0.33333333333333337}","{""energy"": 0.6666666666666667, ""water"": 0.05493333333333334, ""transport"": 0.33333333333333337}","{""energy"": 0.0, ""water"": 0.0, ""transport"": 0.0}","{""energy"": 0.0, ""water"": 0.0, ""transport"": 0.0}","{""energy"": 0.0, ""water"": 0.0, ""transport"": 0.0}","{""energy"": 0.0, ""water"": 0.0, ""transport"": 0.0}",0.3,0.1,,0.38314666666666675,1.0,0.6168533333333333,1,"{""energy"": 0.6666666666666667, ""water"": 0.05493333333333334, ""transport"": 0.33333333333333337}","{""energy"": 1.0, ""water"": 1.0, ""transport"": 1.0}","{""energy"": 0.33333333333333326, ""water"": 0.9450666666666666, ""transport"": 0.6666666666666666}",13,0.38314666666666675,,,[],,v2.0,0.7,0.3
S4_water_partial,82,82,8561226425437802968,scenario=S4_water_partial|method=both|duration=0|theta=0.300000|delta_threshold=0.100000|A=v2.0|w=na|run_id=82|seed=8561226425437802968,False,"{""step_1_amount"": 0.04632357346858545}",033832c9a51598bd69064fc3910037f6fde292830c04f0066e6d9779dc60f4ca,0.38314666666666675,0.38314666666666675,0.0,16,0.0,0.0,0.38314666666666675,0.38314666666666675,0,0,0.0,"{""energy"": 0.6666666666666667, ""water"": 0.05493333333333334, ""transport"": 0.33333333333333337}","{""energy"": 0.6666666666666667, ""water"": 0.05493333333333334, ""transport"": 0.33333333333333337}","{""energy"": 0.0, ""water"": 0.0, ""transport"": 0.0}","{""energy"": 0.0, ""water"": 0.0, ""transport"": 0.0}","{""energy"": 0.0, ""water"": 0.0, ""transport"": 0.0}","{""energy"": 0.0, ""water"": 0.0, ""transport"": 0.0}",0.3,0.1,,0.38314666666666675,1.0,0.6168533333333333,1,"{""energy"": 0.6666666666666667, ""water"": 0.05493333333333334, ""transport"": 0.33333333333333337}","{""energy"": 1.0, ""water"": 1.0, ""transport"": 1.0}","{""energy"": 0.33333333333333326, ""water"": 0.9450666666666666, ""transport"": 0.6666666666666666}",13,0.38314666666666675,,,[],,v2.0,0.7,0.3
S4_water_partial,83,83,1250852429173046739,scenario=S4_water_partial|method=both|duration=0|theta=0.300000|delta_threshold=0.100000|A=v2.0|w=na|run_id=83|seed=1250852429173046739,False,"{""step_1_amount"": 0.07960078924580592}",033832c9a51598bd69064fc3910037f6fde292830c04f0066e6d9779dc60f4ca,0.38314666666666675,0.38314666666666675,0.0,13,0.0,0.0,0.38314666666666675,0.38314666666666675,0,0,0.0,"{""energy"": 0.6666666666666667, ""water"": 0.05493333333333334, ""transport"": 0.33333333333333337}","{""energy"": 0.6666666666666667, ""water"": 0.05493333333333334, ""transport"": 0.33333333333333337}","{""energy"": 0.0, ""water"": 0.0, ""transport"": 0.0}","{""energy"": 0.0, ""water"": 0.0, ""transport"": 0.0}","{""energy"": 0.0, ""water"": 0.0, ""transport"": 0.0}","{""energy"": 0.0, ""water"": 0.0, ""transport"": 0.0}",0.3,0.1,,0.38314666666666675,1.0,0.6168533333333333,1,"{""energy"": 0.6666666666666667, ""water"": 0.05493333333333334, ""transport"": 0.33333333333333337}","{""energy"": 1.0, ""water"": 1.0, ""transport"": 1.0}","{""energy"": 0.33333333333333326, ""water"": 0.9450666666666666, ""transport"": 0.6666666666666666}",13,0.38314666666666675,,,[],,v2.0,0.7,0.3
S4_water_partial,84,84,7425194573735772200,scenario=S4_water_partial|method=both|duration=0|theta=0.300000|delta_threshold=0.100000|A=v2.0|w=na|run_id=84|seed=7425194573735772200,False,"{""step_1_amount"": 0.10229982947434058}",033832c9a51598bd69064fc3910037f6fde292830c04f0066e6d9779dc60f4ca,0.38314666666666675,0.38314666666666675,0.0,8,0.0,0.0,0.38314666666666675,0.38314666666666675,0,0,0.0,"{""energy"": 0.6666666666666667, ""water"": 0.05493333333333334, ""transport"": 0.33333333333333337}","{""energy"": 0.6666666666666667, ""water"": 0.05493333333333334, ""transport"": 0.33333333333333337}","{""energy"": 0.0, ""water"": 0.0, ""transport"": 0.0}","{""energy"": 0.0, ""water"": 0.0, ""transport"": 0.0}","{""energy"": 0.0, ""water"": 0.0, ""transport"": 0.0}","{""energy"": 0.0, ""water"": 0.0, ""transport"": 0.0}",0.3,0.1,,0.38314666666666675,1.0,0.6168533333333333,1,"{""energy"": 0.6666666666666667, ""water"": 0.05493333333333334, ""transport"": 0.33333333333333337}","{""energy"": 1.0, ""water"": 1.0, ""transport"": 1.0}","{""energy"": 0.33333333333333326, ""water"": 0.9450666666666666, ""transport"": 0.6666666666666666}",13,0.38314666666666675,,,[],,v2.0,0.7,0.3
S4_water_partial,85,85,15260954950351742583,scenario=S4_water_partial|method=both|duration=0|theta=0.300000|delta_threshold=0.100000|A=v2.0|w=na|run_id=85|seed=15260954950351742583,False,"{""step_1_amount"": 0.11555433778774808}",033832c9a51598bd69064fc3910037f6fde292830c04f0066e6d9779dc60f4ca,0.38314666666666675,0.38314666666666675,0.0,11,0.0,0.0,0.38314666666666675,0.38314666666666675,0,0,0.0,"{""energy"": 0.6666666666666667, ""water"": 0.05493333333333334, ""transport"": 0.33333333333333337}","{""energy"": 0.6666666666666667, ""water"": 0.05493333333333334, ""transport"": 0.33333333333333337}","{""energy"": 0.0, ""water"": 0.0, ""transport"": 0.0}","{""energy"": 0.0, ""water"": 0.0, ""transport"": 0.0}","{""energy"": 0.0, ""water"": 0.0, ""transport"": 0.0}","{""energy"": 0.0, ""water"": 0.0, ""transport"": 0.0}",0.3,0.1,,0.38314666666666675,1.0,0.6168533333333333,1,"{""energy"": 0.6666666666666667, ""water"": 0.05493333333333334, ""transport"": 0.33333333333333337}","{""energy"": 1.0, ""water"": 1.0, ""transport"": 1.0}","{""energy"": 0.33333333333333326, ""water"": 0.9450666666666666, ""transport"": 0.6666666666666666}",13,0.38314666666666675,,,[],,v2.0,0.7,0.3
S4_water_partial,86,86,11381267490594193770,scenario=S4_water_partial|method=both|duration=0|theta=0.300000|delta_threshold=0.100000|A=v2.0|w=na|run_id=86|seed=11381267490594193770,False,"{""step_1_amount"": 0.23728608591421818}",033832c9a51598bd69064fc3910037f6fde292830c04f0066e6d9779dc60f4ca,0.38314666666666675,0.4059741406154989,0.022827473948832167,7,0.0,0.0,0.38314666666666675,0.4059741406154989,0,0,0.022827473948832167,"{""energy"": 0.6666666666666667, ""water"": 0.05493333333333334, ""transport"": 0.33333333333333337}","{""energy"": 0.6817954960263607, ""water"": 0.10154094072610599, ""transport"": 0.34264553329040937}","{""energy"": 0.015128829359693952, ""water"": 0.04660760739277265, ""transport"": 0.009312199957075995}","{""energy"": 0.0, ""water"": 0.0, ""transport"": 0.0}","{""energy"": 0.0, ""water"": 0.0, ""transport"": 0.0}","{""energy"": 0.0, ""water"": 0.0, ""transport"": 0.0}",0.3,0.1,,0.38314666666666675,1.0,0.6168533333333333,1,"{""energy"": 0.6666666666666667, ""water"": 0.05493333333333334, ""transport"": 0.33333333333333337}","{""energy"": 1.0, ""water"": 1.0, ""transport"": 1.0}","{""energy"": 0.33333333333333326, ""water"": 0.9450666666666666, ""transport"": 0.6666666666666666}",12,0.4059741406154989,,,[],,v2.0,0.7,0.3
S4_water_partial,87,87,80164666388430721,scenario=S4_water_partial|method=both|duration=0|theta=0.300000|delta_threshold=0.100000|A=v2.0|w=na|run_id=87|seed=80164666388430721,False,"{""step_1_amount"": 0.16369297595145096}",033832c9a51598bd69064fc3910037f6fde292830c04f0066e6d9779dc60f4ca,0.38314666666666675,0.38314666666666675,0.0,21,0.0,0.0,0.38314666666666675,0.38314666666666675,0,0,0.0,"{""energy"": 0.6666666666666667, ""water"": 0.05493333333333334, ""transport"": 0.33333333333333337}","{""energy"": 0.6666666666666667, ""water"": 0.05493333333333334, ""transport"": 0.33333333333333337}","{""energy"": 0.0, ""water"": 0.0, ""transport"": 0.0}","{""energy"": 0.0, ""water"": 0.0, ""transport"": 0.0}","{""energy"": 0.0, ""water"": 0.0, ""transport"": 0.0}","{""energy"": 0.0, ""water"": 0.0, ""transport"": 0.0}",0.3,0.1,,0.38314666666666675,1.0,0.6168533333333333,1,"{""energy"": 0.6666666666666667, ""water"": 0.05493333333333334, ""transport"": 0.33333333333333337}","{""energy"": 1.0, ""water"": 1.0, ""transport"": 1.0}","{""energy"": 0.33333333333333326, ""water"": 0.9450666666666666, ""transport"": 0.6666666666666666}",13,0.38314666666666675,,,[],,v2.0,0.7,0.3
S4_water_partial,88,88,12708113422258725747,scenario=S4_water_partial|method=both|duration=0|theta=0.300000|delta_threshold=0.100000|A=v2.0|w=na|run_id=88|seed=12708113422258725747,False,"{""step_1_amount"": 0.13227791584820328}",033832c9a51598bd69064fc3910037f6fde292830c04f0066e6d9779dc60f4ca,0.38314666666666675,0.38314666666666675,0.0,15,0.0,0.0,0.38314666666666675,0.38314666666666675,0,0,0.0,"{""energy"": 0.6666666666666667, ""water"": 0.05493333333333334, ""transport"": 0.33333333333333337}","{""energy"": 0.6666666666666667, ""water"": 0.05493333333333334, ""transport"": 0.33333333333333337}","{""energy"": 0.0, ""water"": 0.0, ""transport"": 0.0}","{""energy"": 0.0, ""water"": 0.0, ""transport"": 0.0}","{""energy"": 0.0, ""water"": 0.0, ""transport"": 0.0}","{""energy"": 0.0, ""water"": 0.0, ""transport"": 0.0}",0.3,0.1,,0.38314666666666675,1.0,0.6168533333333333,1,"{""energy"": 0.6666666666666667, ""water"": 0.05493333333333334, ""transport"": 0.33333333333333337}","{""energy"": 1.0, ""water"": 1.0, ""transport"": 1.0}","{""energy"": 0.33333333333333326, ""water"": 0.9450666666666666, ""transport"": 0.6666666666666666}",13,0.38314666666666675,,,[],,v2.0,0.7,0.3
S4_water_partial,89,89,8867120843981940346,scenario=S4_water_partial|method=both|duration=0|theta=0.300000|delta_threshold=0.100000|A=v2.0|w=na|run_id=89|seed=8867120843981940346,False,"{""step_1_amount"": 0.1931897455607424}",033832c9a51598bd69064fc3910037f6fde292830c04f0066e6d9779dc60f4ca,0.38314666666666675,0.38314666666666675,0.0,10,0.0,0.0,0.38314666666666675,0.38314666666666675,0,0,0.0,"{""energy"": 0.6666666666666667, ""water"": 0.05493333333333334, ""transport"": 0.33333333333333337}","{""energy"": 0.6666666666666667, ""water"": 0.05493333333333334, ""transport"": 0.33333333333333337}","{""energy"": 0.0, ""water"": 0.0, ""transport"": 0.0}","{""energy"": 0.0, ""water"": 0.0, ""transport"": 0.0}","{""energy"": 0.0, ""water"": 0.0, ""transport"": 0.0}","{""energy"": 0.0, ""water"": 0.0, ""transport"": 0.0}",0.3,0.1,,0.38314666666666675,1.0,0.6168533333333333,1,"{""energy"": 0.6666666666666667, ""water"": 0.05493333333333334, ""transport"": 0.33333333333333337}","{""energy"": 1.0, ""water"": 1.0, ""transport"": 1.0}","{""energy"": 0.33333333333333326, ""water"": 0.9450666666666666, ""transport"": 0.6666666666666666}",13,0.38314666666666675,,,[],,v2.0,0.7,0.3
S4_water_partial,90,90,4058492044138165467,scenario=S4_water_partial|method=both|duration=0|theta=0.300000|delta_threshold=0.100000|A=v2.0|w=na|run_id=90|seed=4058492044138165467,False,"{""step_1_amount"": 0.3080860377925001}",033832c9a51598bd69064fc3910037f6fde292830c04f0066e6d9779dc60f4ca,0.38314666666666675,0.44931964115418,0.06617297448751325,15,0.0,0.0,0.38314666666666675,0.44931964115418,0,0,0.06617297448751325,"{""energy"": 0.6666666666666667, ""water"": 0.05493333333333334, ""transport"": 0.33333333333333337}","{""energy"": 0.7105225765009736, ""water"": 0.1900408805739584, ""transport"": 0.36032782127201024}","{""energy"": 0.04385590983430687, ""water"": 0.13510754724062507, ""transport"": 0.02699448793867687}","{""energy"": 0.0, ""water"": 0.0, ""transport"": 0.0}","{""energy"": 0.0, ""water"": 0.0, ""transport"": 0.0}","{""energy"": 0.0, ""water"": 0.0, ""transport"": 0.0}",0.3,0.1,,0.38314666666666675,1.0,0.6168533333333333,1,"{""energy"": 0.6666666666666667, ""water"": 0.05493333333333334, ""transport"": 0.33333333333333337}","{""energy"": 1.0, ""water"": 1.0, ""transport"": 1.0}","{""energy"": 0.33333333333333326, ""water"": 0.9450666666666666, ""transport"": 0.6666666666666666}",11,0.44931964115418,,,[],,v2.0,0.7,0.3
S4_water_partial,91,91,15912074883326657484,scenario=S4_water_partial|method=both|duration=0|theta=0.300000|delta_threshold=0.100000|A=v2.0|w=na|run_id=91|seed=15912074883326657484,False,"{""step_1_amount"": 0.21290620968274435}",033832c9a51598bd69064fc3910037f6fde292830c04f0066e6d9779dc60f4ca,0.38314666666666675,0.3910481708896849,0.007901504223018163,11,0.0,0.0,0.38314666666666675,0.3910481708896849,0,0,0.007901504223018163,"{""energy"": 0.6666666666666667, ""water"": 0.05493333333333334, ""transport"": 0.33333333333333337}","{""energy"": 0.6719033612454403, ""water"": 0.07106609543676379, ""transport"": 0.3365566592015988}","{""energy"": 0.005236694578773515, ""water"": 0.016132762103430447, ""transport"": 0.003223325868265403}","{""energy"": 0.0, ""water"": 0.0, ""transport"": 0.0}","{""energy"": 0.0, ""water"": 0.0, ""transport"": 0.0}","{""energy"": 0.0, ""water"": 0.0, ""transport"": 0.0}",0.3,0.1,,0.38314666666666675,1.0,0.6168533333333333,1,"{""energy"": 0.6666666666666667, ""water"": 0.05493333333333334, ""transport"": 0.33333333333333337}","{""energy"": 1.0, ""water"": 1.0, ""transport"": 1.0}","{""energy"": 0.33333333333333326, ""water"": 0.9450666666666666, ""transport"": 0.6666666666666666}",12,0.3910481708896849,,,[],,v2.0,0.7,0.3
S4_water_partial,92,92,7392199704636312351,scenario=S4_water_partial|method=both|duration=0|theta=0.300000|delta_threshold=0.100000|A=v2.0|w=na|run_id=92|seed=7392199704636312351,False,"{""step_1_amount"": 0.1541003202565396}",033832c9a51598bd69064fc3910037f6fde292830c04f0066e6d9779dc60f4ca,0.38314666666666675,0.38314666666666675,0.0,18,0.0,0.0,0.38314666666666675,0.38314666666666675,0,0,0.0,"{""energy"": 0.6666666666666667, ""water"": 0.05493333333333334, ""transport"": 0.33333333333333337}","{""energy"": 0.6666666666666667, ""water"": 0.05493333333333334, ""transport"": 0.33333333333333337}","{""energy"": 0.0, ""water"": 0.0, ""transport"": 0.0}","{""energy"": 0.0, ""water"": 0.0, ""transport"": 0.0}","{""energy"": 0.0, ""water"": 0.0, ""transport"": 0.0}","{""energy"": 0.0, ""water"": 0.0, ""transport"": 0.0}",0.3,0.1,,0.38314666666666675,1.0,0.6168533333333333,1,"{""energy"": 0.6666666666666667, ""water"": 0.05493333333333334, ""transport"": 0.33333333333333337}","{""energy"": 1.0, ""water"": 1.0, ""transport"": 1.0}","{""energy"": 0.33333333333333326, ""water"": 0.9450666666666666, ""transport"": 0.6666666666666666}",13,0.38314666666666675,,,[],,v2.0,0.7,0.3
S4_water_partial,93,93,11504188257648308180,scenario=S4_water_partial|method=both|duration=0|theta=0.300000|delta_threshold=0.100000|A=v2.0|w=na|run_id=93|seed=11504188257648308180,False,"{""step_1_amount"": 0.2261869787174242}",033832c9a51598bd69064fc3910037f6fde292830c04f0066e6d9779dc60f4ca,0.38314666666666675,0.39917898971194177,0.01603232304527502,30,0.0,0.0,0.38314666666666675,0.39917898971194177,0,0,0.01603232304527502,"{""energy"": 0.6666666666666667, ""water"": 0.05493333333333334, ""transport"": 0.33333333333333337}","{""energy"": 0.6772920332812616, ""water"": 0.08766705673011353, ""transport"": 0.33987353126801007}","{""energy"": 0.0106253666145949, ""water"": 0.03273372339678019, ""transport"": 0.006540197934676695}","{""energy"": 0.0, ""water"": 0.0, ""transport"": 0.0}","{""energy"": 0.0, ""water"": 0.0, ""transport"": 0.0}","{""energy"": 0.0, ""water"": 0.0, ""transport"": 0.0}",0.3,0.1,,0.38314666666666675,1.0,0.6168533333333333,1,"{""energy"": 0.6666666666666667, ""water"": 0.05493333333333334, ""transport"": 0.33333333333333337}","{""energy"": 1.0, ""water"": 1.0, ""transport"": 1.0}","{""energy"": 0.33333333333333326, ""water"": 0.9450666666666666, ""transport"": 0.6666666666666666}",12,0.39917898971194177,,,[],,v2.0,0.7,0.3
S4_water_partial,94,94,5635282467787295542,scenario=S4_water_partial|method=both|duration=0|theta=0.300000|delta_threshold=0.100000|A=v2.0|w=na|run_id=94|seed=5635282467787295542,False,"{""step_1_amount"": 0.13128324306272196}",033832c9a51598bd69064fc3910037f6fde292830c04f0066e6d9779dc60f4ca,0.38314666666666675,0.38314666666666675,0.0,13,0.0,0.0,0.38314666666666675,0.38314666666666675,0,0,0.0,"{""energy"": 0.6666666666666667, ""water"": 0.05493333333333334, ""transport"": 0.33333333333333337}","{""energy"": 0.6666666666666667, ""water"": 0.05493333333333334, ""transport"": 0.33333333333333337}","{""energy"": 0.0, ""water"": 0.0, ""transport"": 0.0}","{""energy"": 0.0, ""water"": 0.0, ""transport"": 0.0}","{""energy"": 0.0, ""water"": 0.0, ""transport"": 0.0}","{""energy"": 0.0, ""water"": 0.0, ""transport"": 0.0}",0.3,0.1,,0.38314666666666675,1.0,0.6168533333333333,1,"{""energy"": 0.6666666666666667, ""water"": 0.05493333333333334, ""transport"": 0.33333333333333337}","{""energy"": 1.0, ""water"": 1.0, ""transport"": 1.0}","{""energy"": 0.33333333333333326, ""water"": 0.9450666666666666, ""transport"": 0.6666666666666666}",13,0.38314666666666675,,,[],,v2.0,0.7,0.3
S4_water_partial,95,95,3875456935289174021,scenario=S4_water_partial|method=both|duration=0|theta=0.300000|delta_threshold=0.100000|A=v2.0|w=na|run_id=95|seed=3875456935289174021,False,"{""step_1_amount"": 0.18353194757520686}",033832c9a51598bd69064fc3910037f6fde292830c04f0066e6d9779dc60f4ca,0.38314666666666675,0.38314666666666675,0.0,11,0.0,0.0,0.38314666666666675,0.38314666666666675,0,0,0.0,"{""energy"": 0.6666666666666667, ""water"": 0.05493333333333334, ""transport"": 0.33333333333333337}","{""energy"": 0.6666666666666667, ""water"": 0.05493333333333334, ""transport"": 0.33333333333333337}","{""energy"": 0.0, ""water"": 0.0, ""transport"": 0.0}","{""energy"": 0.0, ""water"": 0.0, ""transport"": 0.0}","{""energy"": 0.0, ""water"": 0.0, ""transport"": 0.0}","{""energy"": 0.0, ""water"": 0.0, ""transport"": 0.0}",0.3,0.1,,0.38314666666666675,1.0,0.6168533333333333,1,"{""energy"": 0.6666666666666667, ""water"": 0.05493333333333334, ""transport"": 0.33333333333333337}","{""energy"": 1.0, ""water"": 1.0, ""transport"": 1.0}","{""energy"": 0.33333333333333326, ""water"": 0.9450666666666666, ""transport"": 0.6666666666666666}",13,0.38314666666666675,,,[],,v2.0,0.7,0.3
S4_water_partial,96,96,18169044808566949883,scenario=S4_water_partial|method=both|duration=0|theta=0.300000|delta_threshold=0.100000|A=v2.0|w=na|run_id=96|seed=18169044808566949883,False,"{""step_1_amount"": 0.042944429472648545}",033832c9a51598bd69064fc3910037f6fde292830c04f0066e6d9779dc60f4ca,0.38314666666666675,0.38314666666666675,0.0,21,0.0,0.0,0.38314666666666675,0.38314666666666675,0,0,0.0,"{""energy"": 0.6666666666666667, ""water"": 0.05493333333333334, ""transport"": 0.33333333333333337}","{""energy"": 0.6666666666666667, ""water"": 0.05493333333333334, ""transport"": 0.33333333333333337}","{""energy"": 0.0, ""water"": 0.0, ""transport"": 0.0}","{""energy"": 0.0, ""water"": 0.0, ""transport"": 0.0}","{""energy"": 0.0, ""water"": 0.0, ""transport"": 0.0}","{""energy"": 0.0, ""water"": 0.0, ""transport"": 0.0}",0.3,0.1,,0.38314666666666675,1.0,0.6168533333333333,1,"{""energy"": 0.6666666666666667, ""water"": 0.05493333333333334, ""transport"": 0.33333333333333337}","{""energy"": 1.0, ""water"": 1.0, ""transport"": 1.0}","{""energy"": 0.33333333333333326, ""water"": 0.9450666666666666, ""transport"": 0.6666666666666666}",13,0.38314666666666675,,,[],,v2.0,0.7,0.3
S4_water_partial,97,97,16980838789281089329,scenario=S4_water_partial|method=both|duration=0|theta=0.300000|delta_threshold=0.100000|A=v2.0|w=na|run_id=97|seed=16980838789281089329,False,"{""step_1_amount"": 0.1649769340878284}",033832c9a51598bd69064fc3910037f6fde292830c04f0066e6d9779dc60f4ca,0.38314666666666675,0.38314666666666675,0.0,11,0.0,0.0,0.38314666666666675,0.38314666666666675,0,0,0.0,"{""energy"": 0.6666666666666667, ""water"": 0.05493333333333334, ""transport"": 0.33333333333333337}","{""energy"": 0.6666666666666667, ""water"": 0.05493333333333334, ""transport"": 0.33333333333333337}","{""energy"": 0.0, ""water"": 0.0, ""transport"": 0.0}","{""energy"": 0.0, ""water"": 0.0, ""transport"": 0.0}","{""energy"": 0.0, ""water"": 0.0, ""transport"": 0.0}","{""energy"": 0.0, ""water"": 0.0, ""transport"": 0.0}",0.3,0.1,,0.38314666666666675,1.0,0.6168533333333333,1,"{""energy"": 0.6666666666666667, ""water"": 0.05493333333333334, ""transport"": 0.33333333333333337}","{""energy"": 1.0, ""water"": 1.0, ""transport"": 1.0}","{""energy"": 0.33333333333333326, ""water"": 0.9450666666666666, ""transport"": 0.6666666666666666}",13,0.38314666666666675,,,[],,v2.0,0.7,0.3
S4_water_partial,98,98,17896873331811656149,scenario=S4_water_partial|method=both|duration=0|theta=0.300000|delta_threshold=0.100000|A=v2.0|w=na|run_id=98|seed=17896873331811656149,False,"{""step_1_amount"": 0.1920580423237481}",033832c9a51598bd69064fc3910037f6fde292830c04f0066e6d9779dc60f4ca,0.38314666666666675,0.38314666666666675,0.0,9,0.0,0.0,0.38314666666666675,0.38314666666666675,0,0,0.0,"{""energy"": 0.6666666666666667, ""water"": 0.05493333333333334, ""transport"": 0.33333333333333337}","{""energy"": 0.6666666666666667, ""water"": 0.05493333333333334, ""transport"": 0.33333333333333337}","{""energy"": 0.0, ""water"": 0.0, ""transport"": 0.0}","{""energy"": 0.0, ""water"": 0.0, ""transport"": 0.0}","{""energy"": 0.0, ""water"": 0.0, ""transport"": 0.0}","{""energy"": 0.0, ""water"": 0.0, ""transport"": 0.0}",0.3,0.1,,0.38314666666666675,1.0,0.6168533333333333,1,"{""energy"": 0.6666666666666667, ""water"": 0.05493333333333334, ""transport"": 0.33333333333333337}","{""energy"": 1.0, ""water"": 1.0, ""transport"": 1.0}","{""energy"": 0.33333333333333326, ""water"": 0.9450666666666666, ""transport"": 0.6666666666666666}",13,0.38314666666666675,,,[],,v2.0,0.7,0.3
S4_water_partial,99,99,7529843156918877302,scenario=S4_water_partial|method=both|duration=0|theta=0.300000|delta_threshold=0.100000|A=v2.0|w=na|run_id=99|seed=7529843156918877302,False,"{""step_1_amount"": 0.1549925180204688}",033832c9a51598bd69064fc3910037f6fde292830c04f0066e6d9779dc60f4ca,0.38314666666666675,0.38314666666666675,0.0,19,0.0,0.0,0.38314666666666675,0.38314666666666675,0,0,0.0,"{""energy"": 0.6666666666666667, ""water"": 0.05493333333333334, ""transport"": 0.33333333333333337}","{""energy"": 0.6666666666666667, ""water"": 0.05493333333333334, ""transport"": 0.33333333333333337}","{""energy"": 0.0, ""water"": 0.0, ""transport"": 0.0}","{""energy"": 0.0, ""water"": 0.0, ""transport"": 0.0}","{""energy"": 0.0, ""water"": 0.0, ""transport"": 0.0}","{""energy"": 0.0, ""water"": 0.0, ""transport"": 0.0}",0.3,0.1,,0.38314666666666675,1.0,0.6168533333333333,1,"{""energy"": 0.6666666666666667, ""water"": 0.05493333333333334, ""transport"": 0.33333333333333337}","{""energy"": 1.0, ""water"": 1.0, ""transport"": 1.0}","{""energy"": 0.33333333333333326, ""water"": 0.9450666666666666, ""transport"": 0.6666666666666666}",13,0.38314666666666675,,,[],,v2.0,0.7,0.3
S4_water_partial,100,100,6236880601955346558,scenario=S4_water_partial|method=both|duration=0|theta=0.300000|delta_threshold=0.100000|A=v2.0|w=na|run_id=100|seed=6236880601955346558,False,"{""step_1_amount"": 0.06635512027735316}",033832c9a51598bd69064fc3910037f6fde292830c04f0066e6d9779dc60f4ca,0.38314666666666675,0.38314666666666675,0.0,18,0.0,0.0,0.38314666666666675,0.38314666666666675,0,0,0.0,"{""energy"": 0.6666666666666667, ""water"": 0.05493333333333334, ""transport"": 0.33333333333333337}","{""energy"": 0.6666666666666667, ""water"": 0.05493333333333334, ""transport"": 0.33333333333333337}","{""energy"": 0.0, ""water"": 0.0, ""transport"": 0.0}","{""energy"": 0.0, ""water"": 0.0, ""transport"": 0.0}","{""energy"": 0.0, ""water"": 0.0, ""transport"": 0.0}","{""energy"": 0.0, ""water"": 0.0, ""transport"": 0.0}",0.3,0.1,,0.38314666666666675,1.0,0.6168533333333333,1,"{""energy"": 0.6666666666666667, ""water"": 0.05493333333333334, ""transport"": 0.33333333333333337}","{""energy"": 1.0, ""water"": 1.0, ""transport"": 1.0}","{""energy"": 0.33333333333333326, ""water"": 0.9450666666666666, ""transport"": 0.6666666666666666}",13,0.38314666666666675,,,[],,v2.0,0.7,0.3
S4_water_partial,101,101,3202870699627197442,scenario=S4_water_partial|method=both|duration=0|theta=0.300000|delta_threshold=0.100000|A=v2.0|w=na|run_id=101|seed=3202870699627197442,False,"{""step_1_amount"": 0.2473916987076327}",033832c9a51598bd69064fc3910037f6fde292830c04f0066e6d9779dc60f4ca,0.38314666666666675,0.4121610494079471,0.029014382741280376,16,0.0,0.0,0.38314666666666675,0.4121610494079471,0,0,0.029014382741280376,"{""energy"": 0.6666666666666667, ""water"": 0.05493333333333334, ""transport"": 0.33333333333333337}","{""energy"": 0.6858958484172887, ""water"": 0.11417295671787422, ""transport"": 0.3451694100855646}","{""energy"": 0.019229181750621938, ""water"": 0.05923962338454088, ""transport"": 0.01183607675223125}","{""energy"": 0.0, ""water"": 0.0, ""transport"": 0.0}","{""energy"": 0.0, ""water"": 0.0, ""transport"": 0.0}","{""energy"": 0.0, ""water"": 0.0, ""transport"": 0.0}",0.3,0.1,,0.38314666666666675,1.0,0.6168533333333333,1,"{""energy"": 0.6666666666666667, ""water"": 0.05493333333333334, ""transport"": 0.33333333333333337}","{""energy"": 1.0, ""water"": 1.0, ""transport"": 1.0}","{""energy"": 0.33333333333333326, ""water"": 0.9450666666666666, ""transport"": 0.6666666666666666}",12,0.4121610494079471,,,[],,v2.0,0.7,0.3
S4_water_partial,102,102,9645308021149465444,scenario=S4_water_partial|method=both|duration=0|theta=0.300000|delta_threshold=0.100000|A=v2.0|w=na|run_id=102|seed=9645308021149465444,False,"{""step_1_amount"": 0.29358582438795805}",033832c9a51598bd69064fc3910037f6fde292830c04f0066e6d9779dc60f4ca,0.38314666666666675,0.44044224800258436,0.05729558133591761,8,0.0,0.0,0.38314666666666675,0.44044224800258436,0,0,0.05729558133591761,"{""energy"": 0.6666666666666667, ""water"": 0.05493333333333334, ""transport"": 0.33333333333333337}","{""energy"": 0.7046391149120808, ""water"": 0.17191561381828088, ""transport"": 0.3567063929742259}","{""energy"": 0.037972448245414014, ""water"": 0.11698228048494755, ""transport"": 0.023373059640892535}","{""energy"": 0.0, ""water"": 0.0, ""transport"": 0.0}","{""energy"": 0.0, ""water"": 0.0, ""transport"": 0.0}","{""energy"": 0.0, ""water"": 0.0, ""transport"": 0.0}",0.3,0.1,,0.38314666666666675,1.0,0.6168533333333333,1,"{""energy"": 0.6666666666666667, ""water"": 0.05493333333333334, ""transport"": 0.33333333333333337}","{""energy"": 1.0, ""water"": 1.0, ""transport"": 1.0}","{""energy"": 0.33333333333333326, ""water"": 0.9450666666666666, ""transport"": 0.6666666666666666}",11,0.44044224800258436,,,[],,v2.0,0.7,0.3
S4_water_partial,103,103,2872931880959988800,scenario=S4_water_partial|method=both|duration=0|theta=0.300000|delta_threshold=0.100000|A=v2.0|w=na|run_id=103|seed=2872931880959988800,False,"{""step_1_amount"": 0.11593261571313543}",033832c9a51598bd69064fc3910037f6fde292830c04f0066e6d9779dc60f4ca,0.38314666666666675,0.38314666666666675,0.0,26,0.0,0.0,0.38314666666666675,0.38314666666666675,0,0,0.0,"{""energy"": 0.6666666666666667, ""water"": 0.05493333333333334, ""transport"": 0.33333333333333337}","{""energy"": 0.6666666666666667, ""water"": 0.05493333333333334, ""transport"": 0.33333333333333337}","{""energy"": 0.0, ""water"": 0.0, ""transport"": 0.0}","{""energy"": 0.0, ""water"": 0.0, ""transport"": 0.0}","{""energy"": 0.0, ""water"": 0.0, ""transport"": 0.0}","{""energy"": 0.0, ""water"": 0.0, ""transport"": 0.0}",0.3,0.1,,0.38314666666666675,1.0,0.6168533333333333,1,"{""energy"": 0.6666666666666667, ""water"": 0.05493333333333334, ""transport"": 0.33333333333333337}","{""energy"": 1.0, ""water"": 1.0, ""transport"": 1.0}","{""energy"": 0.33333333333333326, ""water"": 0.9450666666666666, ""transport"": 0.6666666666666666}",13,0.38314666666666675,,,[],,v2.0,0.7,0.3
S4_water_partial,104,104,12882127452950557209,scenario=S4_water_partial|method=both|duration=0|theta=0.300000|delta_threshold=0.100000|A=v2.0|w=na|run_id=104|seed=12882127452950557209,False,"{""step_1_amount"": 0.2382064727391981}",033832c9a51598bd69064fc3910037f6fde292830c04f0066e6d9779dc60f4ca,0.38314666666666675,0.40653762443942226,0.023390957772755516,29,0.0,0.0,0.38314666666666675,0.40653762443942226,0,0,0.023390957772755516,"{""energy"": 0.6666666666666667, ""water"": 0.05493333333333334, ""transport"": 0.33333333333333337}","{""energy"": 0.6821689429805964, ""water"": 0.10269142425733088, ""transport"": 0.3428753998999481}","{""energy"": 0.015502276313929642, ""water"": 0.04775809092399754, ""transport"": 0.009542066566614715}","{""energy"": 0.0, ""water"": 0.0, ""transport"": 0.0}","{""energy"": 0.0, ""water"": 0.0, ""transport"": 0.0}","{""energy"": 0.0, ""water"": 0.0, ""transport"": 0.0}",0.3,0.1,,0.38314666666666675,1.0,0.6168533333333333,1,"{""energy"": 0.6666666666666667, ""water"": 0.05493333333333334, ""transport"": 0.33333333333333337}","{""energy"": 1.0, ""water"": 1.0, ""transport"": 1.0}","{""energy"": 0.33333333333333326, ""water"": 0.9450666666666666, ""transport"": 0.6666666666666666}",12,0.40653762443942226,,,[],,v2.0,0.7,0.3
S4_water_partial,105,105,3259301995958845072,scenario=S4_water_partial|method=both|duration=0|theta=0.300000|delta_threshold=0.100000|A=v2.0|w=na|run_id=105|seed=3259301995958845072,False,"{""step_1_amount"": 0.22251189613838834}",033832c9a51598bd69064fc3910037f6fde292830c04f0066e6d9779dc60f4ca,0.38314666666666675,0.3969290122799915,0.013782345613324753,13,0.0,0.0,0.38314666666666675,0.3969290122799915,0,0,0.013782345613324753,"{""energy"": 0.6666666666666667, ""water"": 0.05493333333333334, ""transport"": 0.33333333333333337}","{""energy"": 0.6758008685248178, ""water"": 0.08307320350631878, ""transport"": 0.33895567939389587}","{""energy"": 0.009134201858151059, ""water"": 0.028139870172985436, ""transport"": 0.0056223460605625}","{""energy"": 0.0, ""water"": 0.0, ""transport"": 0.0}","{""energy"": 0.0, ""water"": 0.0, ""transport"": 0.0}","{""energy"": 0.0, ""water"": 0.0, ""transport"": 0.0}",0.3,0.1,,0.38314666666666675,1.0,0.6168533333333333,1,"{""energy"": 0.6666666666666667, ""water"": 0.05493333333333334, ""transport"": 0.33333333333333337}","{""energy"": 1.0, ""water"": 1.0, ""transport"": 1.0}","{""energy"": 0.33333333333333326, ""water"": 0.9450666666666666, ""transport"": 0.6666666666666666}",12,0.3969290122799915,,,[],,v2.0,0.7,0.3
S4_water_partial,106,106,6363985526561579889,scenario=S4_water_partial|method=both|duration=0|theta=0.300000|delta_threshold=0.100000|A=v2.0|w=na|run_id=106|seed=6363985526561579889,False,"{""step_1_amount"": 0.1494846403604281}",033832c9a51598bd69064fc3910037f6fde292830c04f0066e6d9779dc60f4ca,0.38314666666666675,0.38314666666666675,0.0,11,0.0,0.0,0.38314666666666675,0.38314666666666675,0,0,0.0,"{""energy"": 0.6666666666666667, ""water"": 0.05493333333333334, ""transport"": 0.33333333333333337}","{""energy"": 0.6666666666666667, ""water"": 0.05493333333333334, ""transport"": 0.33333333333333337}","{""energy"": 0.0, ""water"": 0.0, ""transport"": 0.0}","{""energy"": 0.0, ""water"": 0.0, ""transport"": 0.0}","{""energy"": 0.0, ""water"": 0.0, ""transport"": 0.0}","{""energy"": 0.0, ""water"": 0.0, ""transport"": 0.0}",0.3,0.1,,0.38314666666666675,1.0,0.6168533333333333,1,"{""energy"": 0.6666666666666667, ""water"": 0.05493333333333334, ""transport"": 0.33333333333333337}","{""energy"": 1.0, ""water"": 1.0, ""transport"": 1.0}","{""energy"": 0.33333333333333326, ""water"": 0.9450666666666666, ""transport"": 0.6666666666666666}",13,0.38314666666666675,,,[],,v2.0,0.7,0.3
S4_water_partial,107,107,13972553651988277184,scenario=S4_water_partial|method=both|duration=0|theta=0.300000|delta_threshold=0.100000|A=v2.0|w=na|run_id=107|seed=13972553651988277184,False,"{""step_1_amount"": 0.1284971922862975}",033832c9a51598bd69064fc3910037f6fde292830c04f0066e6d9779dc60f4ca,0.38314666666666675,0.38314666666666675,0.0,14,0.0,0.0,0.38314666666666675,0.38314666666666675,0,0,0.0,"{""energy"": 0.6666666666666667, ""water"": 0.05493333333333334, ""transport"": 0.33333333333333337}","{""energy"": 0.6666666666666667, ""water"": 0.05493333333333334, ""transport"": 0.33333333333333337}","{""energy"": 0.0, ""water"": 0.0, ""transport"": 0.0}","{""energy"": 0.0, ""water"": 0.0, ""transport"": 0.0}","{""energy"": 0.0, ""water"": 0.0, ""transport"": 0.0}","{""energy"": 0.0, ""water"": 0.0, ""transport"": 0.0}",0.3,0.1,,0.38314666666666675,1.0,0.6168533333333333,1,"{""energy"": 0.6666666666666667, ""water"": 0.05493333333333334, ""transport"": 0.33333333333333337}","{""energy"": 1.0, ""water"": 1.0, ""transport"": 1.0}","{""energy"": 0.33333333333333326, ""water"": 0.9450666666666666, ""transport"": 0.6666666666666666}",13,0.38314666666666675,,,[],,v2.0,0.7,0.3
S4_water_partial,108,108,4231657141098102745,scenario=S4_water_partial|method=both|duration=0|theta=0.300000|delta_threshold=0.100000|A=v2.0|w=na|run_id=108|seed=4231657141098102745,False,"{""step_1_amount"": 0.16416805753046107}",033832c9a51598bd69064fc3910037f6fde292830c04f0066e6d9779dc60f4ca,0.38314666666666675,0.38314666666666675,0.0,18,0.0,0.0,0.38314666666666675,0.38314666666666675,0,0,0.0,"{""energy"": 0.6666666666666667, ""water"": 0.05493333333333334, ""transport"": 0.33333333333333337}","{""energy"": 0.6666666666666667, ""water"": 0.05493333333333334, ""transport"": 0.33333333333333337}","{""energy"": 0.0, ""water"": 0.0, ""transport"": 0.0}","{""energy"": 0.0, ""water"": 0.0, ""transport"": 0.0}","{""energy"": 0.0, ""water"": 0.0, ""transport"": 0.0}","{""energy"": 0.0, ""water"": 0.0, ""transport"": 0.0}",0.3,0.1,,0.38314666666666675,1.0,0.6168533333333333,1,"{""energy"": 0.6666666666666667, ""water"": 0.05493333333333334, ""transport"": 0.33333333333333337}","{""energy"": 1.0, ""water"": 1.0, ""transport"": 1.0}","{""energy"": 0.33333333333333326, ""water"": 0.9450666666666666, ""transport"": 0.6666666666666666}",13,0.38314666666666675,,,[],,v2.0,0.7,0.3
S4_water_partial,109,109,11558983879828057581,scenario=S4_water_partial|method=both|duration=0|theta=0.300000|delta_threshold=0.100000|A=v2.0|w=na|run_id=109|seed=11558983879828057581,False,"{""step_1_amount"": 0.1607729926601682}",033832c9a51598bd69064fc3910037f6fde292830c04f0066e6d9779dc60f4ca,0.38314666666666675,0.38314666666666675,0.0,28,0.0,0.0,0.38314666666666675,0.38314666666666675,0,0,0.0,"{""energy"": 0.6666666666666667, ""water"": 0.05493333333333334, ""transport"": 0.33333333333333337}","{""energy"": 0.6666666666666667, ""water"": 0.05493333333333334, ""transport"": 0.33333333333333337}","{""energy"": 0.0, ""water"": 0.0, ""transport"": 0.0}","{""energy"": 0.0, ""water"": 0.0, ""transport"": 0.0}","{""energy"": 0.0, ""water"": 0.0, ""transport"": 0.0}","{""energy"": 0.0, ""water"": 0.0, ""transport"": 0.0}",0.3,0.1,,0.38314666666666675,1.0,0.6168533333333333,1,"{""energy"": 0.6666666666666667, ""water"": 0.05493333333333334, ""transport"": 0.33333333333333337}","{""energy"": 1.0, ""water"": 1.0, ""transport"": 1.0}","{""energy"": 0.33333333333333326, ""water"": 0.9450666666666666, ""transport"": 0.6666666666666666}",13,0.38314666666666675,,,[],,v2.0,0.7,0.3
S4_water_partial,110,110,9717427414962563713,scenario=S4_water_partial|method=both|duration=0|theta=0.300000|delta_threshold=0.100000|A=v2.0|w=na|run_id=110|seed=9717427414962563713,False,"{""step_1_amount"": 0.0976767408902684}",033832c9a51598bd69064fc3910037f6fde292830c04f0066e6d9779dc60f4ca,0.38314666666666675,0.38314666666666675,0.0,24,0.0,0.0,0.38314666666666675,0.38314666666666675,0,0,0.0,"{""energy"": 0.6666666666666667, ""water"": 0.05493333333333334, ""transport"": 0.33333333333333337}","{""energy"": 0.6666666666666667, ""water"": 0.05493333333333334, ""transport"": 0.33333333333333337}","{""energy"": 0.0, ""water"": 0.0, ""transport"": 0.0}","{""energy"": 0.0, ""water"": 0.0, ""transport"": 0.0}","{""energy"": 0.0, ""water"": 0.0, ""transport"": 0.0}","{""energy"": 0.0, ""water"": 0.0, ""transport"": 0.0}",0.3,0.1,,0.38314666666666675,1.0,0.6168533333333333,1,"{""energy"": 0.6666666666666667, ""water"": 0.05493333333333334, ""transport"": 0.33333333333333337}","{""energy"": 1.0, ""water"": 1.0, ""transport"": 1.0}","{""energy"": 0.33333333333333326, ""water"": 0.9450666666666666, ""transport"": 0.6666666666666666}",13,0.38314666666666675,,,[],,v2.0,0.7,0.3
S4_water_partial,111,111,17832487453011794874,scenario=S4_water_partial|method=both|duration=0|theta=0.300000|delta_threshold=0.100000|A=v2.0|w=na|run_id=111|seed=17832487453011794874,False,"{""step_1_amount"": 0.08619479322265274}",033832c9a51598bd69064fc3910037f6fde292830c04f0066e6d9779dc60f4ca,0.38314666666666675,0.38314666666666675,0.0,28,0.0,0.0,0.38314666666666675,0.38314666666666675,0,0,0.0,"{""energy"": 0.6666666666666667, ""water"": 0.05493333333333334, ""transport"": 0.33333333333333337}","{""energy"": 0.6666666666666667, ""water"": 0.05493333333333334, ""transport"": 0.33333333333333337}","{""energy"": 0.0, ""water"": 0.0, ""transport"": 0.0}","{""energy"": 0.0, ""water"": 0.0, ""transport"": 0.0}","{""energy"": 0.0, ""water"": 0.0, ""transport"": 0.0}","{""energy"": 0.0, ""water"": 0.0, ""transport"": 0.0}",0.3,0.1,,0.38314666666666675,1.0,0.6168533333333333,1,"{""energy"": 0.6666666666666667, ""water"": 0.05493333333333334, ""transport"": 0.33333333333333337}","{""energy"": 1.0, ""water"": 1.0, ""transport"": 1.0}","{""energy"": 0.33333333333333326, ""water"": 0.9450666666666666, ""transport"": 0.6666666666666666}",13,0.38314666666666675,,,[],,v2.0,0.7,0.3
S4_water_partial,112,112,2064569625172225795,scenario=S4_water_partial|method=both|duration=0|theta=0.300000|delta_threshold=0.100000|A=v2.0|w=na|run_id=112|seed=2064569625172225795,False,"{""step_1_amount"": 0.09432985865025005}",033832c9a51598bd69064fc3910037f6fde292830c04f0066e6d9779dc60f4ca,0.38314666666666675,0.38314666666666675,0.0,23,0.0,0.0,0.38314666666666675,0.38314666666666675,0,0,0.0,"{""energy"": 0.6666666666666667, ""water"": 0.05493333333333334, ""transport"": 0.33333333333333337}","{""energy"": 0.6666666666666667, ""water"": 0.05493333333333334, ""transport"": 0.33333333333333337}","{""energy"": 0.0, ""water"": 0.0, ""transport"": 0.0}","{""energy"": 0.0, ""water"": 0.0, ""transport"": 0.0}","{""energy"": 0.0, ""water"": 0.0, ""transport"": 0.0}","{""energy"": 0.0, ""water"": 0.0, ""transport"": 0.0}",0.3,0.1,,0.38314666666666675,1.0,0.6168533333333333,1,"{""energy"": 0.6666666666666667, ""water"": 0.05493333333333334, ""transport"": 0.33333333333333337}","{""energy"": 1.0, ""water"": 1.0, ""transport"": 1.0}","{""energy"": 0.33333333333333326, ""water"": 0.9450666666666666, ""transport"": 0.6666666666666666}",13,0.38314666666666675,,,[],,v2.0,0.7,0.3
S4_water_partial,113,113,10983703025618322661,scenario=S4_water_partial|method=both|duration=0|theta=0.300000|delta_threshold=0.100000|A=v2.0|w=na|run_id=113|seed=10983703025618322661,False,"{""step_1_amount"": 0.13871439440135067}",033832c9a51598bd69064fc3910037f6fde292830c04f0066e6d9779dc60f4ca,0.38314666666666675,0.38314666666666675,0.0,19,0.0,0.0,0.38314666666666675,0.38314666666666675,0,0,0.0,"{""energy"": 0.6666666666666667, ""water"": 0.05493333333333334, ""transport"": 0.33333333333333337}","{""energy"": 0.6666666666666667, ""water"": 0.05493333333333334, ""transport"": 0.33333333333333337}","{""energy"": 0.0, ""water"": 0.0, ""transport"": 0.0}","{""energy"": 0.0, ""water"": 0.0, ""transport"": 0.0}","{""energy"": 0.0, ""water"": 0.0, ""transport"": 0.0}","{""energy"": 0.0, ""water"": 0.0, ""transport"": 0.0}",0.3,0.1,,0.38314666666666675,1.0,0.6168533333333333,1,"{""energy"": 0.6666666666666667, ""water"": 0.05493333333333334, ""transport"": 0.33333333333333337}","{""energy"": 1.0, ""water"": 1.0, ""transport"": 1.0}","{""energy"": 0.33333333333333326, ""water"": 0.9450666666666666, ""transport"": 0.6666666666666666}",13,0.38314666666666675,,,[],,v2.0,0.7,0.3
S4_water_partial,114,114,11590338830153397132,scenario=S4_water_partial|method=both|duration=0|theta=0.300000|delta_threshold=0.100000|A=v2.0|w=na|run_id=114|seed=11590338830153397132,False,"{""step_1_amount"": 0.11795737500394153}",033832c9a51598bd69064fc3910037f6fde292830c04f0066e6d9779dc60f4ca,0.38314666666666675,0.38314666666666675,0.0,18,0.0,0.0,0.38314666666666675,0.38314666666666675,0,0,0.0,"{""energy"": 0.6666666666666667, ""water"": 0.05493333333333334, ""transport"": 0.33333333333333337}","{""energy"": 0.6666666666666667, ""water"": 0.05493333333333334, ""transport"": 0.33333333333333337}","{""energy"": 0.0, ""water"": 0.0, ""transport"": 0.0}","{""energy"": 0.0, ""water"": 0.0, ""transport"": 0.0}","{""energy"": 0.0, ""water"": 0.0, ""transport"": 0.0}","{""energy"": 0.0, ""water"": 0.0, ""transport"": 0.0}",0.3,0.1,,0.38314666666666675,1.0,0.6168533333333333,1,"{""energy"": 0.6666666666666667, ""water"": 0.05493333333333334, ""transport"": 0.33333333333333337}","{""energy"": 1.0, ""water"": 1.0, ""transport"": 1.0}","{""energy"": 0.33333333333333326, ""water"": 0.9450666666666666, ""transport"": 0.6666666666666666}",13,0.38314666666666675,,,[],,v2.0,0.7,0.3
S4_water_partial,115,115,13134083137611370163,scenario=S4_water_partial|method=both|duration=0|theta=0.300000|delta_threshold=0.100000|A=v2.0|w=na|run_id=115|seed=13134083137611370163,False,"{""step_1_amount"": 0.11453796926913139}",033832c9a51598bd69064fc3910037f6fde292830c04f0066e6d9779dc60f4ca,0.38314666666666675,0.38314666666666675,0.0,22,0.0,0.0,0.38314666666666675,0.38314666666666675,0,0,0.0,"{""energy"": 0.6666666666666667, ""water"": 0.05493333333333334, ""transport"": 0.33333333333333337}","{""energy"": 0.6666666666666667, ""water"": 0.05493333333333334, ""transport"": 0.33333333333333337}","{""energy"": 0.0, ""water"": 0.0, ""transport"": 0.0}","{""energy"": 0.0, ""water"": 0.0, ""transport"": 0.0}","{""energy"": 0.0, ""water"": 0.0, ""transport"": 0.0}","{""energy"": 0.0, ""water"": 0.0, ""transport"": 0.0}",0.3,0.1,,0.38314666666666675,1.0,0.6168533333333333,1,"{""energy"": 0.6666666666666667, ""water"": 0.05493333333333334, ""transport"": 0.33333333333333337}","{""energy"": 1.0, ""water"": 1.0, ""transport"": 1.0}","{""energy"": 0.33333333333333326, ""water"": 0.9450666666666666, ""transport"": 0.6666666666666666}",13,0.38314666666666675,,,[],,v2.0,0.7,0.3
S4_water_partial,116,116,5437935216268317803,scenario=S4_water_partial|method=both|duration=0|theta=0.300000|delta_threshold=0.100000|A=v2.0|w=na|run_id=116|seed=5437935216268317803,False,"{""step_1_amount"": 0.1882353222604964}",033832c9a51598bd69064fc3910037f6fde292830c04f0066e6d9779dc60f4ca,0.38314666666666675,0.38314666666666675,0.0,12,0.0,0.0,0.38314666666666675,0.38314666666666675,0,0,0.0,"{""energy"": 0.6666666666666667, ""water"": 0.05493333333333334, ""transport"": 0.33333333333333337}","{""energy"": 0.6666666666666667, ""water"": 0.05493333333333334, ""transport"": 0.33333333333333337}","{""energy"": 0.0, ""water"": 0.0, ""transport"": 0.0}","{""energy"": 0.0, ""water"": 0.0, ""transport"": 0.0}","{""energy"": 0.0, ""water"": 0.0, ""transport"": 0.0}","{""energy"": 0.0, ""water"": 0.0, ""transport"": 0.0}",0.3,0.1,,0.38314666666666675,1.0,0.6168533333333333,1,"{""energy"": 0.6666666666666667, ""water"": 0.05493333333333334, ""transport"": 0.33333333333333337}","{""energy"": 1.0, ""water"": 1.0, ""transport"": 1.0}","{""energy"": 0.33333333333333326, ""water"": 0.9450666666666666, ""transport"": 0.6666666666666666}",13,0.38314666666666675,,,[],,v2.0,0.7,0.3
S4_water_partial,117,117,17299668817907180624,scenario=S4_water_partial|method=both|duration=0|theta=0.300000|delta_threshold=0.100000|A=v2.0|w=na|run_id=117|seed=17299668817907180624,False,"{""step_1_amount"": 0.14580669374962565}",033832c9a51598bd69064fc3910037f6fde292830c04f0066e6d9779dc60f4ca,0.38314666666666675,0.38314666666666675,0.0,27,0.0,0.0,0.38314666666666675,0.38314666666666675,0,0,0.0,"{""energy"": 0.6666666666666667, ""water"": 0.05493333333333334, ""transport"": 0.33333333333333337}","{""energy"": 0.6666666666666667, ""water"": 0.05493333333333334, ""transport"": 0.33333333333333337}","{""energy"": 0.0, ""water"": 0.0, ""transport"": 0.0}","{""energy"": 0.0, ""water"": 0.0, ""transport"": 0.0}","{""energy"": 0.0, ""water"": 0.0, ""transport"": 0.0}","{""energy"": 0.0, ""water"": 0.0, ""transport"": 0.0}",0.3,0.1,,0.38314666666666675,1.0,0.6168533333333333,1,"{""energy"": 0.6666666666666667, ""water"": 0.05493333333333334, ""transport"": 0.33333333333333337}","{""energy"": 1.0, ""water"": 1.0, ""transport"": 1.0}","{""energy"": 0.33333333333333326, ""water"": 0.9450666666666666, ""transport"": 0.6666666666666666}",13,0.38314666666666675,,,[],,v2.0,0.7,0.3
S4_water_partial,118,118,16889645723530469267,scenario=S4_water_partial|method=both|duration=0|theta=0.300000|delta_threshold=0.100000|A=v2.0|w=na|run_id=118|seed=16889645723530469267,False,"{""step_1_amount"": 0.26231713030608156}",033832c9a51598bd69064fc3910037f6fde292830c04f0066e6d9779dc60f4ca,0.38314666666666675,0.42129877176830743,0.03815210510164069,29,0.0,0.0,0.38314666666666675,0.42129877176830743,0,0,0.03815210510164069,"{""energy"": 0.6666666666666667, ""water"": 0.05493333333333334, ""transport"": 0.33333333333333337}","{""energy"": 0.6919518422883593, ""water"": 0.13282974621593518, ""transport"": 0.3488970366272772}","{""energy"": 0.025285175621692524, ""water"": 0.07789641288260185, ""transport"": 0.015563703293943854}","{""energy"": 0.0, ""water"": 0.0, ""transport"": 0.0}","{""energy"": 0.0, ""water"": 0.0, ""transport"": 0.0}","{""energy"": 0.0, ""water"": 0.0, ""transport"": 0.0}",0.3,0.1,,0.38314666666666675,1.0,0.6168533333333333,1,"{""energy"": 0.6666666666666667, ""water"": 0.05493333333333334, ""transport"": 0.33333333333333337}","{""energy"": 1.0, ""water"": 1.0, ""transport"": 1.0}","{""energy"": 0.33333333333333326, ""water"": 0.9450666666666666, ""transport"": 0.6666666666666666}",12,0.42129877176830743,,,[],,v2.0,0.7,0.3
S4_water_partial,119,119,3568346795489745485,scenario=S4_water_partial|method=both|duration=0|theta=0.300000|delta_threshold=0.100000|A=v2.0|w=na|run_id=119|seed=3568346795489745485,False,"{""step_1_amount"": 0.1971951174788739}",033832c9a51598bd69064fc3910037f6fde292830c04f0066e6d9779dc60f4ca,0.38314666666666675,0.38314666666666675,0.0,5,0.0,0.0,0.38314666666666675,0.38314666666666675,0,0,0.0,"{""energy"": 0.6666666666666667, ""water"": 0.05493333333333334, ""transport"": 0.33333333333333337}","{""energy"": 0.6666666666666667, ""water"": 0.05493333333333334, ""transport"": 0.33333333333333337}","{""energy"": 0.0, ""water"": 0.0, ""transport"": 0.0}","{""energy"": 0.0, ""water"": 0.0, ""transport"": 0.0}","{""energy"": 0.0, ""water"": 0.0, ""transport"": 0.0}","{""energy"": 0.0, ""water"": 0.0, ""transport"": 0.0}",0.3,0.1,,0.38314666666666675,1.0,0.6168533333333333,1,"{""energy"": 0.6666666666666667, ""water"": 0.05493333333333334, ""transport"": 0.33333333333333337}","{""energy"": 1.0, ""water"": 1.0, ""transport"": 1.0}","{""energy"": 0.33333333333333326, ""water"": 0.9450666666666666, ""transport"": 0.6666666666666666}",13,0.38314666666666675,,,[],,v2.0,0.7,0.3
S4_water_partial,120,120,2358892468676828321,scenario=S4_water_partial|method=both|duration=0|theta=0.300000|delta_threshold=0.100000|A=v2.0|w=na|run_id=120|seed=2358892468676828321,False,"{""step_1_amount"": 0.28870735098809375}",033832c9a51598bd69064fc3910037f6fde292830c04f0066e6d9779dc60f4ca,0.38314666666666675,0.4374555246253525,0.05430885795868573,27,0.0,0.0,0.38314666666666675,0.4374555246253525,0,0,0.05430885795868573,"{""energy"": 0.6666666666666667, ""water"": 0.05493333333333334, ""transport"": 0.33333333333333337}","{""energy"": 0.7026596743300858, ""water"": 0.16581752206845063, ""transport"": 0.3554879942426098}","{""energy"": 0.03599300766341906, ""water"": 0.1108841887351173, ""transport"": 0.022154660909276425}","{""energy"": 0.0, ""water"": 0.0, ""transport"": 0.0}","{""energy"": 0.0, ""water"": 0.0, ""transport"": 0.0}","{""energy"": 0.0, ""water"": 0.0, ""transport"": 0.0}",0.3,0.1,,0.38314666666666675,1.0,0.6168533333333333,1,"{""energy"": 0.6666666666666667, ""water"": 0.05493333333333334, ""transport"": 0.33333333333333337}","{""energy"": 1.0, ""water"": 1.0, ""transport"": 1.0}","{""energy"": 0.33333333333333326, ""water"": 0.9450666666666666, ""transport"": 0.6666666666666666}",11,0.4374555246253525,,,[],,v2.0,0.7,0.3
S4_water_partial,121,121,16040726160265837466,scenario=S4_water_partial|method=both|duration=0|theta=0.300000|delta_threshold=0.100000|A=v2.0|w=na|run_id=121|seed=16040726160265837466,False,"{""step_1_amount"": 0.1725085075842334}",033832c9a51598bd69064fc3910037f6fde292830c04f0066e6d9779dc60f4ca,0.38314666666666675,0.38314666666666675,0.0,8,0.0,0.0,0.38314666666666675,0.38314666666666675,0,0,0.0,"{""energy"": 0.6666666666666667, ""water"": 0.05493333333333334, ""transport"": 0.33333333333333337}","{""energy"": 0.6666666666666667, ""water"": 0.05493333333333334, ""transport"": 0.33333333333333337}","{""energy"": 0.0, ""water"": 0.0, ""transport"": 0.0}","{""energy"": 0.0, ""water"": 0.0, ""transport"": 0.0}","{""energy"": 0.0, ""water"": 0.0, ""transport"": 0.0}","{""energy"": 0.0, ""water"": 0.0, ""transport"": 0.0}",0.3,0.1,,0.38314666666666675,1.0,0.6168533333333333,1,"{""energy"": 0.6666666666666667, ""water"": 0.05493333333333334, ""transport"": 0.33333333333333337}","{""energy"": 1.0, ""water"": 1.0, ""transport"": 1.0}","{""energy"": 0.33333333333333326, ""water"": 0.9450666666666666, ""transport"": 0.6666666666666666}",13,0.38314666666666675,,,[],,v2.0,0.7,0.3
S4_water_partial,122,122,2419752967199803610,scenario=S4_water_partial|method=both|duration=0|theta=0.300000|delta_threshold=0.100000|A=v2.0|w=na|run_id=122|seed=2419752967199803610,False,"{""step_1_amount"": 0.1541220586728022}",033832c9a51598bd69064fc3910037f6fde292830c04f0066e6d9779dc60f4ca,0.38314666666666675,0.38314666666666675,0.0,21,0.0,0.0,0.38314666666666675,0.38314666666666675,0,0,0.0,"{""energy"": 0.6666666666666667, ""water"": 0.05493333333333334, ""transport"": 0.33333333333333337}","{""energy"": 0.6666666666666667, ""water"": 0.05493333333333334, ""transport"": 0.33333333333333337}","{""energy"": 0.0, ""water"": 0.0, ""transport"": 0.0}","{""energy"": 0.0, ""water"": 0.0, ""transport"": 0.0}","{""energy"": 0.0, ""water"": 0.0, ""transport"": 0.0}","{""energy"": 0.0, ""water"": 0.0, ""transport"": 0.0}",0.3,0.1,,0.38314666666666675,1.0,0.6168533333333333,1,"{""energy"": 0.6666666666666667, ""water"": 0.05493333333333334, ""transport"": 0.33333333333333337}","{""energy"": 1.0, ""water"": 1.0, ""transport"": 1.0}","{""energy"": 0.33333333333333326, ""water"": 0.9450666666666666, ""transport"": 0.6666666666666666}",13,0.38314666666666675,,,[],,v2.0,0.7,0.3
S4_water_partial,123,123,7582683123122314749,scenario=S4_water_partial|method=both|duration=0|theta=0.300000|delta_threshold=0.100000|A=v2.0|w=na|run_id=123|seed=7582683123122314749,False,"{""step_1_amount"": 0.1728523277689007}",033832c9a51598bd69064fc3910037f6fde292830c04f0066e6d9779dc60f4ca,0.38314666666666675,0.38314666666666675,0.0,6,0.0,0.0,0.38314666666666675,0.38314666666666675,0,0,0.0,"{""energy"": 0.6666666666666667, ""water"": 0.05493333333333334, ""transport"": 0.33333333333333337}","{""energy"": 0.6666666666666667, ""water"": 0.05493333333333334, ""transport"": 0.33333333333333337}","{""energy"": 0.0, ""water"": 0.0, ""transport"": 0.0}","{""energy"": 0.0, ""water"": 0.0, ""transport"": 0.0}","{""energy"": 0.0, ""water"": 0.0, ""transport"": 0.0}","{""energy"": 0.0, ""water"": 0.0, ""transport"": 0.0}",0.3,0.1,,0.38314666666666675,1.0,0.6168533333333333,1,"{""energy"": 0.6666666666666667, ""water"": 0.05493333333333334, ""transport"": 0.33333333333333337}","{""energy"": 1.0, ""water"": 1.0, ""transport"": 1.0}","{""energy"": 0.33333333333333326, ""water"": 0.9450666666666666, ""transport"": 0.6666666666666666}",13,0.38314666666666675,,,[],,v2.0,0.7,0.3
S4_water_partial,124,124,5122162463558271141,scenario=S4_water_partial|method=both|duration=0|theta=0.300000|delta_threshold=0.100000|A=v2.0|w=na|run_id=124|seed=5122162463558271141,False,"{""step_1_amount"": 0.18343858109756198}",033832c9a51598bd69064fc3910037f6fde292830c04f0066e6d9779dc60f4ca,0.38314666666666675,0.38314666666666675,0.0,13,0.0,0.0,0.38314666666666675,0.38314666666666675,0,0,0.0,"{""energy"": 0.6666666666666667, ""water"": 0.05493333333333334, ""transport"": 0.33333333333333337}","{""energy"": 0.6666666666666667, ""water"": 0.05493333333333334, ""transport"": 0.33333333333333337}","{""energy"": 0.0, ""water"": 0.0, ""transport"": 0.0}","{""energy"": 0.0, ""water"": 0.0, ""transport"": 0.0}","{""energy"": 0.0, ""water"": 0.0, ""transport"": 0.0}","{""energy"": 0.0, ""water"": 0.0, ""transport"": 0.0}",0.3,0.1,,0.38314666666666675,1.0,0.6168533333333333,1,"{""energy"": 0.6666666666666667, ""water"": 0.05493333333333334, ""transport"": 0.33333333333333337}","{""energy"": 1.0, ""water"": 1.0, ""transport"": 1.0}","{""energy"": 0.33333333333333326, ""water"": 0.9450666666666666, ""transport"": 0.6666666666666666}",13,0.38314666666666675,,,[],,v2.0,0.7,0.3
S4_water_partial,125,125,5159572393011275637,scenario=S4_water_partial|method=both|duration=0|theta=0.300000|delta_threshold=0.100000|A=v2.0|w=na|run_id=125|seed=5159572393011275637,False,"{""step_1_amount"": 0.14432794092675955}",033832c9a51598bd69064fc3910037f6fde292830c04f0066e6d9779dc60f4ca,0.38314666666666675,0.38314666666666675,0.0,8,0.0,0.0,0.38314666666666675,0.38314666666666675,0,0,0.0,"{""energy"": 0.6666666666666667, ""water"": 0.05493333333333334, ""transport"": 0.33333333333333337}","{""energy"": 0.6666666666666667, ""water"": 0.05493333333333334, ""transport"": 0.33333333333333337}","{""energy"": 0.0, ""water"": 0.0, ""transport"": 0.0}","{""energy"": 0.0, ""water"": 0.0, ""transport"": 0.0}","{""energy"": 0.0, ""water"": 0.0, ""transport"": 0.0}","{""energy"": 0.0, ""water"": 0.0, ""transport"": 0.0}",0.3,0.1,,0.38314666666666675,1.0,0.6168533333333333,1,"{""energy"": 0.6666666666666667, ""water"": 0.05493333333333334, ""transport"": 0.33333333333333337}","{""energy"": 1.0, ""water"": 1.0, ""transport"": 1.0}","{""energy"": 0.33333333333333326, ""water"": 0.9450666666666666, ""transport"": 0.6666666666666666}",13,0.38314666666666675,,,[],,v2.0,0.7,0.3
S4_water_partial,126,126,5366257443094583920,scenario=S4_water_partial|method=both|duration=0|theta=0.300000|delta_threshold=0.100000|A=v2.0|w=na|run_id=126|seed=5366257443094583920,False,"{""step_1_amount"": 0.056537228509058374}",033832c9a51598bd69064fc3910037f6fde292830c04f0066e6d9779dc60f4ca,0.38314666666666675,0.38314666666666675,0.0,24,0.0,0.0,0.38314666666666675,0.38314666666666675,0,0,0.0,"{""energy"": 0.6666666666666667, ""water"": 0.05493333333333334, ""transport"": 0.33333333333333337}","{""energy"": 0.6666666666666667, ""water"": 0.05493333333333334, ""transport"": 0.33333333333333337}","{""energy"": 0.0, ""water"": 0.0, ""transport"": 0.0}","{""energy"": 0.0, ""water"": 0.0, ""transport"": 0.0}","{""energy"": 0.0, ""water"": 0.0, ""transport"": 0.0}","{""energy"": 0.0, ""water"": 0.0, ""transport"": 0.0}",0.3,0.1,,0.38314666666666675,1.0,0.6168533333333333,1,"{""energy"": 0.6666666666666667, ""water"": 0.05493333333333334, ""transport"": 0.33333333333333337}","{""energy"": 1.0, ""water"": 1.0, ""transport"": 1.0}","{""energy"": 0.33333333333333326, ""water"": 0.9450666666666666, ""transport"": 0.6666666666666666}",13,0.38314666666666675,,,[],,v2.0,0.7,0.3
S4_water_partial,127,127,5688338078344993574,scenario=S4_water_partial|method=both|duration=0|theta=0.300000|delta_threshold=0.100000|A=v2.0|w=na|run_id=127|seed=5688338078344993574,False,"{""step_1_amount"": 0.13263953932254938}",033832c9a51598bd69064fc3910037f6fde292830c04f0066e6d9779dc60f4ca,0.38314666666666675,0.38314666666666675,0.0,22,0.0,0.0,0.38314666666666675,0.38314666666666675,0,0,0.0,"{""energy"": 0.6666666666666667, ""water"": 0.05493333333333334, ""transport"": 0.33333333333333337}","{""energy"": 0.6666666666666667, ""water"": 0.05493333333333334, ""transport"": 0.33333333333333337}","{""energy"": 0.0, ""water"": 0.0, ""transport"": 0.0}","{""energy"": 0.0, ""water"": 0.0, ""transport"": 0.0}","{""energy"": 0.0, ""water"": 0.0, ""transport"": 0.0}","{""energy"": 0.0, ""water"": 0.0, ""transport"": 0.0}",0.3,0.1,,0.38314666666666675,1.0,0.6168533333333333,1,"{""energy"": 0.6666666666666667, ""water"": 0.05493333333333334, ""transport"": 0.33333333333333337}","{""energy"": 1.0, ""water"": 1.0, ""transport"": 1.0}","{""energy"": 0.33333333333333326, ""water"": 0.9450666666666666, ""transport"": 0.6666666666666666}",13,0.38314666666666675,,,[],,v2.0,0.7,0.3
S4_water_partial,128,128,3245237835861648387,scenario=S4_water_partial|method=both|duration=0|theta=0.300000|delta_threshold=0.100000|A=v2.0|w=na|run_id=128|seed=3245237835861648387,False,"{""step_1_amount"": 0.07104334207412766}",033832c9a51598bd69064fc3910037f6fde292830c04f0066e6d9779dc60f4ca,0.38314666666666675,0.38314666666666675,0.0,23,0.0,0.0,0.38314666666666675,0.38314666666666675,0,0,0.0,"{""energy"": 0.6666666666666667, ""water"": 0.05493333333333334, ""transport"": 0.33333333333333337}","{""energy"": 0.6666666666666667, ""water"": 0.05493333333333334, ""transport"": 0.33333333333333337}","{""energy"": 0.0, ""water"": 0.0, ""transport"": 0.0}","{""energy"": 0.0, ""water"": 0.0, ""transport"": 0.0}","{""energy"": 0.0, ""water"": 0.0, ""transport"": 0.0}","{""energy"": 0.0, ""water"": 0.0, ""transport"": 0.0}",0.3,0.1,,0.38314666666666675,1.0,0.6168533333333333,1,"{""energy"": 0.6666666666666667, ""water"": 0.05493333333333334, ""transport"": 0.33333333333333337}","{""energy"": 1.0, ""water"": 1.0, ""transport"": 1.0}","{""energy"": 0.33333333333333326, ""water"": 0.9450666666666666, ""transport"": 0.6666666666666666}",13,0.38314666666666675,,,[],,v2.0,0.7,0.3
S4_water_partial,129,129,14551212614602043779,scenario=S4_water_partial|method=both|duration=0|theta=0.300000|delta_threshold=0.100000|A=v2.0|w=na|run_id=129|seed=14551212614602043779,False,"{""step_1_amount"": 0.10470022324132117}",033832c9a51598bd69064fc3910037f6fde292830c04f0066e6d9779dc60f4ca,0.38314666666666675,0.38314666666666675,0.0,29,0.0,0.0,0.38314666666666675,0.38314666666666675,0,0,0.0,"{""energy"": 0.6666666666666667, ""water"": 0.05493333333333334, ""transport"": 0.33333333333333337}","{""energy"": 0.6666666666666667, ""water"": 0.05493333333333334, ""transport"": 0.33333333333333337}","{""energy"": 0.0, ""water"": 0.0, ""transport"": 0.0}","{""energy"": 0.0, ""water"": 0.0, ""transport"": 0.0}","{""energy"": 0.0, ""water"": 0.0, ""transport"": 0.0}","{""energy"": 0.0, ""water"": 0.0, ""transport"": 0.0}",0.3,0.1,,0.38314666666666675,1.0,0.6168533333333333,1,"{""energy"": 0.6666666666666667, ""water"": 0.05493333333333334, ""transport"": 0.33333333333333337}","{""energy"": 1.0, ""water"": 1.0, ""transport"": 1.0}","{""energy"": 0.33333333333333326, ""water"": 0.9450666666666666, ""transport"": 0.6666666666666666}",13,0.38314666666666675,,,[],,v2.0,0.7,0.3
S4_water_partial,130,130,16547033424172754494,scenario=S4_water_partial|method=both|duration=0|theta=0.300000|delta_threshold=0.100000|A=v2.0|w=na|run_id=130|seed=16547033424172754494,False,"{""step_1_amount"": 0.1235363826818041}",033832c9a51598bd69064fc3910037f6fde292830c04f0066e6d9779dc60f4ca,0.38314666666666675,0.38314666666666675,0.0,18,0.0,0.0,0.38314666666666675,0.38314666666666675,0,0,0.0,"{""energy"": 0.6666666666666667, ""water"": 0.05493333333333334, ""transport"": 0.33333333333333337}","{""energy"": 0.6666666666666667, ""water"": 0.05493333333333334, ""transport"": 0.33333333333333337}","{""energy"": 0.0, ""water"": 0.0, ""transport"": 0.0}","{""energy"": 0.0, ""water"": 0.0, ""transport"": 0.0}","{""energy"": 0.0, ""water"": 0.0, ""transport"": 0.0}","{""energy"": 0.0, ""water"": 0.0, ""transport"": 0.0}",0.3,0.1,,0.38314666666666675,1.0,0.6168533333333333,1,"{""energy"": 0.6666666666666667, ""water"": 0.05493333333333334, ""transport"": 0.33333333333333337}","{""energy"": 1.0, ""water"": 1.0, ""transport"": 1.0}","{""energy"": 0.33333333333333326, ""water"": 0.9450666666666666, ""transport"": 0.6666666666666666}",13,0.38314666666666675,,,[],,v2.0,0.7,0.3
S4_water_partial,131,131,1423063168468187864,scenario=S4_water_partial|method=both|duration=0|theta=0.300000|delta_threshold=0.100000|A=v2.0|w=na|run_id=131|seed=1423063168468187864,False,"{""step_1_amount"": 0.3588087173773834}",033832c9a51598bd69064fc3910037f6fde292830c04f0066e6d9779dc60f4ca,0.38314666666666675,0.4803733336630352,0.09722666699636845,5,0.0,0.0,0.38314666666666675,0.4803733336630352,0,0,0.09722666699636845,"{""energy"": 0.6666666666666667, ""water"": 0.05493333333333334, ""transport"": 0.33333333333333337}","{""energy"": 0.7311033037425401, ""water"": 0.2534442300550625, ""transport"": 0.37299581049833486}","{""energy"": 0.06443663707587333, ""water"": 0.19851089672172917, ""transport"": 0.039662477165001486}","{""energy"": 0.0, ""water"": 0.0, ""transport"": 0.0}","{""energy"": 0.0, ""water"": 0.0, ""transport"": 0.0}","{""energy"": 0.0, ""water"": 0.0, ""transport"": 0.0}",0.3,0.1,,0.38314666666666675,1.0,0.6168533333333333,1,"{""energy"": 0.6666666666666667, ""water"": 0.05493333333333334, ""transport"": 0.33333333333333337}","{""energy"": 1.0, ""water"": 1.0, ""transport"": 1.0}","{""energy"": 0.33333333333333326, ""water"": 0.9450666666666666, ""transport"": 0.6666666666666666}",10,0.4803733336630352,,,[],,v2.0,0.7,0.3
S4_water_partial,132,132,11718429063157009964,scenario=S4_water_partial|method=both|duration=0|theta=0.300000|delta_threshold=0.100000|A=v2.0|w=na|run_id=132|seed=11718429063157009964,False,"{""step_1_amount"": 0.15107812484857433}",033832c9a51598bd69064fc3910037f6fde292830c04f0066e6d9779dc60f4ca,0.38314666666666675,0.38314666666666675,0.0,7,0.0,0.0,0.38314666666666675,0.38314666666666675,0,0,0.0,"{""energy"": 0.6666666666666667, ""water"": 0.05493333333333334, ""transport"": 0.33333333333333337}","{""energy"": 0.6666666666666667, ""water"": 0.05493333333333334, ""transport"": 0.33333333333333337}","{""energy"": 0.0, ""water"": 0.0, ""transport"": 0.0}","{""energy"": 0.0, ""water"": 0.0, ""transport"": 0.0}","{""energy"": 0.0, ""water"": 0.0, ""transport"": 0.0}","{""energy"": 0.0, ""water"": 0.0, ""transport"": 0.0}",0.3,0.1,,0.38314666666666675,1.0,0.6168533333333333,1,"{""energy"": 0.6666666666666667, ""water"": 0.05493333333333334, ""transport"": 0.33333333333333337}","{""energy"": 1.0, ""water"": 1.0, ""transport"": 1.0}","{""energy"": 0.33333333333333326, ""water"": 0.9450666666666666, ""transport"": 0.6666666666666666}",13,0.38314666666666675,,,[],,v2.0,0.7,0.3
S4_water_partial,133,133,2694788552367647774,scenario=S4_water_partial|method=both|duration=0|theta=0.300000|delta_threshold=0.100000|A=v2.0|w=na|run_id=133|seed=2694788552367647774,False,"{""step_1_amount"": 0.0938885755738347}",033832c9a51598bd69064fc3910037f6fde292830c04f0066e6d9779dc60f4ca,0.38314666666666675,0.38314666666666675,0.0,8,0.0,0.0,0.38314666666666675,0.38314666666666675,0,0,0.0,"{""energy"": 0.6666666666666667, ""water"": 0.05493333333333334, ""transport"": 0.33333333333333337}","{""energy"": 0.6666666666666667, ""water"": 0.05493333333333334, ""transport"": 0.33333333333333337}","{""energy"": 0.0, ""water"": 0.0, ""transport"": 0.0}","{""energy"": 0.0, ""water"": 0.0, ""transport"": 0.0}","{""energy"": 0.0, ""water"": 0.0, ""transport"": 0.0}","{""energy"": 0.0, ""water"": 0.0, ""transport"": 0.0}",0.3,0.1,,0.38314666666666675,1.0,0.6168533333333333,1,"{""energy"": 0.6666666666666667, ""water"": 0.05493333333333334, ""transport"": 0.33333333333333337}","{""energy"": 1.0, ""water"": 1.0, ""transport"": 1.0}","{""energy"": 0.33333333333333326, ""water"": 0.9450666666666666, ""transport"": 0.6666666666666666}",13,0.38314666666666675,,,[],,v2.0,0.7,0.3
S4_water_partial,134,134,13144185464367992222,scenario=S4_water_partial|method=both|duration=0|theta=0.300000|delta_threshold=0.100000|A=v2.0|w=na|run_id=134|seed=13144185464367992222,False,"{""step_1_amount"": 0.31081891809755624}",033832c9a51598bd69064fc3910037f6fde292830c04f0066e6d9779dc60f4ca,0.38314666666666675,0.45099277879894306,0.06784611213227631,7,0.0,0.0,0.38314666666666675,0.45099277879894306,0,0,0.06784611213227631,"{""energy"": 0.6666666666666667, ""water"": 0.05493333333333334, ""transport"": 0.33333333333333337}","{""energy"": 0.7116314426847502, ""water"": 0.19345698095527858, ""transport"": 0.36101035812819804}","{""energy"": 0.04496477601808346, ""water"": 0.13852364762194525, ""transport"": 0.02767702479486467}","{""energy"": 0.0, ""water"": 0.0, ""transport"": 0.0}","{""energy"": 0.0, ""water"": 0.0, ""transport"": 0.0}","{""energy"": 0.0, ""water"": 0.0, ""transport"": 0.0}",0.3,0.1,,0.38314666666666675,1.0,0.6168533333333333,1,"{""energy"": 0.6666666666666667, ""water"": 0.05493333333333334, ""transport"": 0.33333333333333337}","{""energy"": 1.0, ""water"": 1.0, ""transport"": 1.0}","{""energy"": 0.33333333333333326, ""water"": 0.9450666666666666, ""transport"": 0.6666666666666666}",11,0.45099277879894306,,,[],,v2.0,0.7,0.3
S4_water_partial,135,135,7145247598061843865,scenario=S4_water_partial|method=both|duration=0|theta=0.300000|delta_threshold=0.100000|A=v2.0|w=na|run_id=135|seed=7145247598061843865,False,"{""step_1_amount"": 0.08219099692417343}",033832c9a51598bd69064fc3910037f6fde292830c04f0066e6d9779dc60f4ca,0.38314666666666675,0.38314666666666675,0.0,23,0.0,0.0,0.38314666666666675,0.38314666666666675,0,0,0.0,"{""energy"": 0.6666666666666667, ""water"": 0.05493333333333334, ""transport"": 0.33333333333333337}","{""energy"": 0.6666666666666667, ""water"": 0.05493333333333334, ""transport"": 0.33333333333333337}","{""energy"": 0.0, ""water"": 0.0, ""transport"": 0.0}","{""energy"": 0.0, ""water"": 0.0, ""transport"": 0.0}","{""energy"": 0.0, ""water"": 0.0, ""transport"": 0.0}","{""energy"": 0.0, ""water"": 0.0, ""transport"": 0.0}",0.3,0.1,,0.38314666666666675,1.0,0.6168533333333333,1,"{""energy"": 0.6666666666666667, ""water"": 0.05493333333333334, ""transport"": 0.33333333333333337}","{""energy"": 1.0, ""water"": 1.0, ""transport"": 1.0}","{""energy"": 0.33333333333333326, ""water"": 0.9450666666666666, ""transport"": 0.6666666666666666}",13,0.38314666666666675,,,[],,v2.0,0.7,0.3
S4_water_partial,136,136,12278068838436954405,scenario=S4_water_partial|method=both|duration=0|theta=0.300000|delta_threshold=0.100000|A=v2.0|w=na|run_id=136|seed=12278068838436954405,False,"{""step_1_amount"": 0.18998055001386938}",033832c9a51598bd69064fc3910037f6fde292830c04f0066e6d9779dc60f4ca,0.38314666666666675,0.38314666666666675,0.0,10,0.0,0.0,0.38314666666666675,0.38314666666666675,0,0,0.0,"{""energy"": 0.6666666666666667, ""water"": 0.05493333333333334, ""transport"": 0.33333333333333337}","{""energy"": 0.6666666666666667, ""water"": 0.05493333333333334, ""transport"": 0.33333333333333337}","{""energy"": 0.0, ""water"": 0.0, ""transport"": 0.0}","{""energy"": 0.0, ""water"": 0.0, ""transport"": 0.0}","{""energy"": 0.0, ""water"": 0.0, ""transport"": 0.0}","{""energy"": 0.0, ""water"": 0.0, ""transport"": 0.0}",0.3,0.1,,0.38314666666666675,1.0,0.6168533333333333,1,"{""energy"": 0.6666666666666667, ""water"": 0.05493333333333334, ""transport"": 0.33333333333333337}","{""energy"": 1.0, ""water"": 1.0, ""transport"": 1.0}","{""energy"": 0.33333333333333326, ""water"": 0.9450666666666666, ""transport"": 0.6666666666666666}",13,0.38314666666666675,,,[],,v2.0,0.7,0.3
S4_water_partial,137,137,17360938780243760848,scenario=S4_water_partial|method=both|duration=0|theta=0.300000|delta_threshold=0.100000|A=v2.0|w=na|run_id=137|seed=17360938780243760848,False,"{""step_1_amount"": 0.22309872374614767}",033832c9a51598bd69064fc3910037f6fde292830c04f0066e6d9779dc60f4ca,0.38314666666666675,0.397288282812152,0.014141616145485258,12,0.0,0.0,0.38314666666666675,0.397288282812152,0,0,0.014141616145485258,"{""energy"": 0.6666666666666667, ""water"": 0.05493333333333334, ""transport"": 0.33333333333333337}","{""energy"": 0.6760389738266662, ""water"": 0.08380673801601796, ""transport"": 0.33910223958893376}","{""energy"": 0.009372307159999482, ""water"": 0.028873404682684616, ""transport"": 0.005768906255600392}","{""energy"": 0.0, ""water"": 0.0, ""transport"": 0.0}","{""energy"": 0.0, ""water"": 0.0, ""transport"": 0.0}","{""energy"": 0.0, ""water"": 0.0, ""transport"": 0.0}",0.3,0.1,,0.38314666666666675,1.0,0.6168533333333333,1,"{""energy"": 0.6666666666666667, ""water"": 0.05493333333333334, ""transport"": 0.33333333333333337}","{""energy"": 1.0, ""water"": 1.0, ""transport"": 1.0}","{""energy"": 0.33333333333333326, ""water"": 0.9450666666666666, ""transport"": 0.6666666666666666}",12,0.397288282812152,,,[],,v2.0,0.7,0.3
S4_water_partial,138,138,4855816038719797377,scenario=S4_water_partial|method=both|duration=0|theta=0.300000|delta_threshold=0.100000|A=v2.0|w=na|run_id=138|seed=4855816038719797377,False,"{""step_1_amount"": 0.15359858194596232}",033832c9a51598bd69064fc3910037f6fde292830c04f0066e6d9779dc60f4ca,0.38314666666666675,0.38314666666666675,0.0,13,0.0,0.0,0.38314666666666675,0.38314666666666675,0,0,0.0,"{""energy"": 0.6666666666666667, ""water"": 0.05493333333333334, ""transport"": 0.33333333333333337}","{""energy"": 0.6666666666666667, ""water"": 0.05493333333333334, ""transport"": 0.33333333333333337}","{""energy"": 0.0, ""water"": 0.0, ""transport"": 0.0}","{""energy"": 0.0, ""water"": 0.0, ""transport"": 0.0}","{""energy"": 0.0, ""water"": 0.0, ""transport"": 0.0}","{""energy"": 0.0, ""water"": 0.0, ""transport"": 0.0}",0.3,0.1,,0.38314666666666675,1.0,0.6168533333333333,1,"{""energy"": 0.6666666666666667, ""water"": 0.05493333333333334, ""transport"": 0.33333333333333337}","{""energy"": 1.0, ""water"": 1.0, ""transport"": 1.0}","{""energy"": 0.33333333333333326, ""water"": 0.9450666666666666, ""transport"": 0.6666666666666666}",13,0.38314666666666675,,,[],,v2.0,0.7,0.3
S4_water_partial,139,139,15134950050830545838,scenario=S4_water_partial|method=both|duration=0|theta=0.300000|delta_threshold=0.100000|A=v2.0|w=na|run_id=139|seed=15134950050830545838,False,"{""step_1_amount"": 0.10021962729456048}",033832c9a51598bd69064fc3910037f6fde292830c04f0066e6d9779dc60f4ca,0.38314666666666675,0.38314666666666675,0.0,17,0.0,0.0,0.38314666666666675,0.38314666666666675,0,0,0.0,"{""energy"": 0.6666666666666667, ""water"": 0.05493333333333334, ""transport"": 0.33333333333333337}","{""energy"": 0.6666666666666667, ""water"": 0.05493333333333334, ""transport"": 0.33333333333333337}","{""energy"": 0.0, ""water"": 0.0, ""transport"": 0.0}","{""energy"": 0.0, ""water"": 0.0, ""transport"": 0.0}","{""energy"": 0.0, ""water"": 0.0, ""transport"": 0.0}","{""energy"": 0.0, ""water"": 0.0, ""transport"": 0.0}",0.3,0.1,,0.38314666666666675,1.0,0.6168533333333333,1,"{""energy"": 0.6666666666666667, ""water"": 0.05493333333333334, ""transport"": 0.33333333333333337}","{""energy"": 1.0, ""water"": 1.0, ""transport"": 1.0}","{""energy"": 0.33333333333333326, ""water"": 0.9450666666666666, ""transport"": 0.6666666666666666}",13,0.38314666666666675,,,[],,v2.0,0.7,0.3
S4_water_partial,140,140,14242932692080615762,scenario=S4_water_partial|method=both|duration=0|theta=0.300000|delta_threshold=0.100000|A=v2.0|w=na|run_id=140|seed=14242932692080615762,False,"{""step_1_amount"": 0.18255798901613882}",033832c9a51598bd69064fc3910037f6fde292830c04f0066e6d9779dc60f4ca,0.38314666666666675,0.38314666666666675,0.0,10,0.0,0.0,0.38314666666666675,0.38314666666666675,0,0,0.0,"{""energy"": 0.6666666666666667, ""water"": 0.05493333333333334, ""transport"": 0.33333333333333337}","{""energy"": 0.6666666666666667, ""water"": 0.05493333333333334, ""transport"": 0.33333333333333337}","{""energy"": 0.0, ""water"": 0.0, ""transport"": 0.0}","{""energy"": 0.0, ""water"": 0.0, ""transport"": 0.0}","{""energy"": 0.0, ""water"": 0.0, ""transport"": 0.0}","{""energy"": 0.0, ""water"": 0.0, ""transport"": 0.0}",0.3,0.1,,0.38314666666666675,1.0,0.6168533333333333,1,"{""energy"": 0.6666666666666667, ""water"": 0.05493333333333334, ""transport"": 0.33333333333333337}","{""energy"": 1.0, ""water"": 1.0, ""transport"": 1.0}","{""energy"": 0.33333333333333326, ""water"": 0.9450666666666666, ""transport"": 0.6666666666666666}",13,0.38314666666666675,,,[],,v2.0,0.7,0.3
S4_water_partial,141,141,11035396351164656495,scenario=S4_water_partial|method=both|duration=0|theta=0.300000|delta_threshold=0.100000|A=v2.0|w=na|run_id=141|seed=11035396351164656495,False,"{""step_1_amount"": 0.14539991160230295}",033832c9a51598bd69064fc3910037f6fde292830c04f0066e6d9779dc60f4ca,0.38314666666666675,0.38314666666666675,0.0,13,0.0,0.0,0.38314666666666675,0.38314666666666675,0,0,0.0,"{""energy"": 0.6666666666666667, ""water"": 0.05493333333333334, ""transport"": 0.33333333333333337}","{""energy"": 0.6666666666666667, ""water"": 0.05493333333333334, ""transport"": 0.33333333333333337}","{""energy"": 0.0, ""water"": 0.0, ""transport"": 0.0}","{""energy"": 0.0, ""water"": 0.0, ""transport"": 0.0}","{""energy"": 0.0, ""water"": 0.0, ""transport"": 0.0}","{""energy"": 0.0, ""water"": 0.0, ""transport"": 0.0}",0.3,0.1,,0.38314666666666675,1.0,0.6168533333333333,1,"{""energy"": 0.6666666666666667, ""water"": 0.05493333333333334, ""transport"": 0.33333333333333337}","{""energy"": 1.0, ""water"": 1.0, ""transport"": 1.0}","{""energy"": 0.33333333333333326, ""water"": 0.9450666666666666, ""transport"": 0.6666666666666666}",13,0.38314666666666675,,,[],,v2.0,0.7,0.3
S4_water_partial,142,142,12582132735856590451,scenario=S4_water_partial|method=both|duration=0|theta=0.300000|delta_threshold=0.100000|A=v2.0|w=na|run_id=142|seed=12582132735856590451,False,"{""step_1_amount"": 0.06555845938807363}",033832c9a51598bd69064fc3910037f6fde292830c04f0066e6d9779dc60f4ca,0.38314666666666675,0.38314666666666675,0.0,14,0.0,0.0,0.38314666666666675,0.38314666666666675,0,0,0.0,"{""energy"": 0.6666666666666667, ""water"": 0.05493333333333334, ""transport"": 0.33333333333333337}","{""energy"": 0.6666666666666667, ""water"": 0.05493333333333334, ""transport"": 0.33333333333333337}","{""energy"": 0.0, ""water"": 0.0, ""transport"": 0.0}","{""energy"": 0.0, ""water"": 0.0, ""transport"": 0.0}","{""energy"": 0.0, ""water"": 0.0, ""transport"": 0.0}","{""energy"": 0.0, ""water"": 0.0, ""transport"": 0.0}",0.3,0.1,,0.38314666666666675,1.0,0.6168533333333333,1,"{""energy"": 0.6666666666666667, ""water"": 0.05493333333333334, ""transport"": 0.33333333333333337}","{""energy"": 1.0, ""water"": 1.0, ""transport"": 1.0}","{""energy"": 0.33333333333333326, ""water"": 0.9450666666666666, ""transport"": 0.6666666666666666}",13,0.38314666666666675,,,[],,v2.0,0.7,0.3
S4_water_partial,143,143,12024434515397110655,scenario=S4_water_partial|method=both|duration=0|theta=0.300000|delta_threshold=0.100000|A=v2.0|w=na|run_id=143|seed=12024434515397110655,False,"{""step_1_amount"": 0.11316949805196326}",033832c9a51598bd69064fc3910037f6fde292830c04f0066e6d9779dc60f4ca,0.38314666666666675,0.38314666666666675,0.0,16,0.0,0.0,0.38314666666666675,0.38314666666666675,0,0,0.0,"{""energy"": 0.6666666666666667, ""water"": 0.05493333333333334, ""transport"": 0.33333333333333337}","{""energy"": 0.6666666666666667, ""water"": 0.05493333333333334, ""transport"": 0.33333333333333337}","{""energy"": 0.0, ""water"": 0.0, ""transport"": 0.0}","{""energy"": 0.0, ""water"": 0.0, ""transport"": 0.0}","{""energy"": 0.0, ""water"": 0.0, ""transport"": 0.0}","{""energy"": 0.0, ""water"": 0.0, ""transport"": 0.0}",0.3,0.1,,0.38314666666666675,1.0,0.6168533333333333,1,"{""energy"": 0.6666666666666667, ""water"": 0.05493333333333334, ""transport"": 0.33333333333333337}","{""energy"": 1.0, ""water"": 1.0, ""transport"": 1.0}","{""energy"": 0.33333333333333326, ""water"": 0.9450666666666666, ""transport"": 0.6666666666666666}",13,0.38314666666666675,,,[],,v2.0,0.7,0.3
S4_water_partial,144,144,15877768168412601776,scenario=S4_water_partial|method=both|duration=0|theta=0.300000|delta_threshold=0.100000|A=v2.0|w=na|run_id=144|seed=15877768168412601776,False,"{""step_1_amount"": 0.05375211330733036}",033832c9a51598bd69064fc3910037f6fde292830c04f0066e6d9779dc60f4ca,0.38314666666666675,0.38314666666666675,0.0,20,0.0,0.0,0.38314666666666675,0.38314666666666675,0,0,0.0,"{""energy"": 0.6666666666666667, ""water"": 0.05493333333333334, ""transport"": 0.33333333333333337}","{""energy"": 0.6666666666666667, ""water"": 0.05493333333333334, ""transport"": 0.33333333333333337}","{""energy"": 0.0, ""water"": 0.0, ""transport"": 0.0}","{""energy"": 0.0, ""water"": 0.0, ""transport"": 0.0}","{""energy"": 0.0, ""water"": 0.0, ""transport"": 0.0}","{""energy"": 0.0, ""water"": 0.0, ""transport"": 0.0}",0.3,0.1,,0.38314666666666675,1.0,0.6168533333333333,1,"{""energy"": 0.6666666666666667, ""water"": 0.05493333333333334, ""transport"": 0.33333333333333337}","{""energy"": 1.0, ""water"": 1.0, ""transport"": 1.0}","{""energy"": 0.33333333333333326, ""water"": 0.9450666666666666, ""transport"": 0.6666666666666666}",13,0.38314666666666675,,,[],,v2.0,0.7,0.3
S4_water_partial,145,145,10480039505632544111,scenario=S4_water_partial|method=both|duration=0|theta=0.300000|delta_threshold=0.100000|A=v2.0|w=na|run_id=145|seed=10480039505632544111,False,"{""step_1_amount"": 0.2600276385666575}",033832c9a51598bd69064fc3910037f6fde292830c04f0066e6d9779dc60f4ca,0.38314666666666675,0.41989708768813855,0.0367504210214718,28,0.0,0.0,0.38314666666666675,0.41989708768813855,0,0,0.0367504210214718,"{""energy"": 0.6666666666666667, ""water"": 0.05493333333333334, ""transport"": 0.33333333333333337}","{""energy"": 0.691022881015088, ""water"": 0.12996788154165523, ""transport"": 0.3483252360653561}","{""energy"": 0.02435621434842128, ""water"": 0.0750345482083219, ""transport"": 0.014991902732022722}","{""energy"": 0.0, ""water"": 0.0, ""transport"": 0.0}","{""energy"": 0.0, ""water"": 0.0, ""transport"": 0.0}","{""energy"": 0.0, ""water"": 0.0, ""transport"": 0.0}",0.3,0.1,,0.38314666666666675,1.0,0.6168533333333333,1,"{""energy"": 0.6666666666666667, ""water"": 0.05493333333333334, ""transport"": 0.33333333333333337}","{""energy"": 1.0, ""water"": 1.0, ""transport"": 1.0}","{""energy"": 0.33333333333333326, ""water"": 0.9450666666666666, ""transport"": 0.6666666666666666}",12,0.41989708768813855,,,[],,v2.0,0.7,0.3
S4_water_partial,146,146,822849900845961177,scenario=S4_water_partial|method=both|duration=0|theta=0.300000|delta_threshold=0.100000|A=v2.0|w=na|run_id=146|seed=822849900845961177,False,"{""step_1_amount"": 0.11014427132397688}",033832c9a51598bd69064fc3910037f6fde292830c04f0066e6d9779dc60f4ca,0.38314666666666675,0.38314666666666675,0.0,29,0.0,0.0,0.38314666666666675,0.38314666666666675,0,0,0.0,"{""energy"": 0.6666666666666667, ""water"": 0.05493333333333334, ""transport"": 0.33333333333333337}","{""energy"": 0.6666666666666667, ""water"": 0.05493333333333334, ""transport"": 0.33333333333333337}","{""energy"": 0.0, ""water"": 0.0, ""transport"": 0.0}","{""energy"": 0.0, ""water"": 0.0, ""transport"": 0.0}","{""energy"": 0.0, ""water"": 0.0, ""transport"": 0.0}","{""energy"": 0.0, ""water"": 0.0, ""transport"": 0.0}",0.3,0.1,,0.38314666666666675,1.0,0.6168533333333333,1,"{""energy"": 0.6666666666666667, ""water"": 0.05493333333333334, ""transport"": 0.33333333333333337}","{""energy"": 1.0, ""water"": 1.0, ""transport"": 1.0}","{""energy"": 0.33333333333333326, ""water"": 0.9450666666666666, ""transport"": 0.6666666666666666}",13,0.38314666666666675,,,[],,v2.0,0.7,0.3
S4_water_partial,147,147,11435354437101248179,scenario=S4_water_partial|method=both|duration=0|theta=0.300000|delta_threshold=0.100000|A=v2.0|w=na|run_id=147|seed=11435354437101248179,False,"{""step_1_amount"": 0.18162658819302246}",033832c9a51598bd69064fc3910037f6fde292830c04f0066e6d9779dc60f4ca,0.38314666666666675,0.38314666666666675,0.0,28,0.0,0.0,0.38314666666666675,0.38314666666666675,0,0,0.0,"{""energy"": 0.6666666666666667, ""water"": 0.05493333333333334, ""transport"": 0.33333333333333337}","{""energy"": 0.6666666666666667, ""water"": 0.05493333333333334, ""transport"": 0.33333333333333337}","{""energy"": 0.0, ""water"": 0.0, ""transport"": 0.0}","{""energy"": 0.0, ""water"": 0.0, ""transport"": 0.0}","{""energy"": 0.0, ""water"": 0.0, ""transport"": 0.0}","{""energy"": 0.0, ""water"": 0.0, ""transport"": 0.0}",0.3,0.1,,0.38314666666666675,1.0,0.6168533333333333,1,"{""energy"": 0.6666666666666667, ""water"": 0.05493333333333334, ""transport"": 0.33333333333333337}","{""energy"": 1.0, ""water"": 1.0, ""transport"": 1.0}","{""energy"": 0.33333333333333326, ""water"": 0.9450666666666666, ""transport"": 0.6666666666666666}",13,0.38314666666666675,,,[],,v2.0,0.7,0.3
S4_water_partial,148,148,11413463212792128670,scenario=S4_water_partial|method=both|duration=0|theta=0.300000|delta_threshold=0.100000|A=v2.0|w=na|run_id=148|seed=11413463212792128670,False,"{""step_1_amount"": 0.15463041227427657}",033832c9a51598bd69064fc3910037f6fde292830c04f0066e6d9779dc60f4ca,0.38314666666666675,0.38314666666666675,0.0,24,0.0,0.0,0.38314666666666675,0.38314666666666675,0,0,0.0,"{""energy"": 0.6666666666666667, ""water"": 0.05493333333333334, ""transport"": 0.33333333333333337}","{""energy"": 0.6666666666666667, ""water"": 0.05493333333333334, ""transport"": 0.33333333333333337}","{""energy"": 0.0, ""water"": 0.0, ""transport"": 0.0}","{""energy"": 0.0, ""water"": 0.0, ""transport"": 0.0}","{""energy"": 0.0, ""water"": 0.0, ""transport"": 0.0}","{""energy"": 0.0, ""water"": 0.0, ""transport"": 0.0}",0.3,0.1,,0.38314666666666675,1.0,0.6168533333333333,1,"{""energy"": 0.6666666666666667, ""water"": 0.05493333333333334, ""transport"": 0.33333333333333337}","{""energy"": 1.0, ""water"": 1.0, ""transport"": 1.0}","{""energy"": 0.33333333333333326, ""water"": 0.9450666666666666, ""transport"": 0.6666666666666666}",13,0.38314666666666675,,,[],,v2.0,0.7,0.3
S4_water_partial,149,149,18175719327112939914,scenario=S4_water_partial|method=both|duration=0|theta=0.300000|delta_threshold=0.100000|A=v2.0|w=na|run_id=149|seed=18175719327112939914,False,"{""step_1_amount"": 0.1975831382234813}",033832c9a51598bd69064fc3910037f6fde292830c04f0066e6d9779dc60f4ca,0.38314666666666675,0.38314666666666675,0.0,17,0.0,0.0,0.38314666666666675,0.38314666666666675,0,0,0.0,"{""energy"": 0.6666666666666667, ""water"": 0.05493333333333334, ""transport"": 0.33333333333333337}","{""energy"": 0.6666666666666667, ""water"": 0.05493333333333334, ""transport"": 0.33333333333333337}","{""energy"": 0.0, ""water"": 0.0, ""transport"": 0.0}","{""energy"": 0.0, ""water"": 0.0, ""transport"": 0.0}","{""energy"": 0.0, ""water"": 0.0, ""transport"": 0.0}","{""energy"": 0.0, ""water"": 0.0, ""transport"": 0.0}",0.3,0.1,,0.38314666666666675,1.0,0.6168533333333333,1,"{""energy"": 0.6666666666666667, ""water"": 0.05493333333333334, ""transport"": 0.33333333333333337}","{""energy"": 1.0, ""water"": 1.0, ""transport"": 1.0}","{""energy"": 0.33333333333333326, ""water"": 0.9450666666666666, ""transport"": 0.6666666666666666}",13,0.38314666666666675,,,[],,v2.0,0.7,0.3
S4_water_partial,150,150,10968740323505239820,scenario=S4_water_partial|method=both|duration=0|theta=0.300000|delta_threshold=0.100000|A=v2.0|w=na|run_id=150|seed=10968740323505239820,False,"{""step_1_amount"": 0.1613651136921959}",033832c9a51598bd69064fc3910037f6fde292830c04f0066e6d9779dc60f4ca,0.38314666666666675,0.38314666666666675,0.0,22,0.0,0.0,0.38314666666666675,0.38314666666666675,0,0,0.0,"{""energy"": 0.6666666666666667, ""water"": 0.05493333333333334, ""transport"": 0.33333333333333337}","{""energy"": 0.6666666666666667, ""water"": 0.05493333333333334, ""transport"": 0.33333333333333337}","{""energy"": 0.0, ""water"": 0.0, ""transport"": 0.0}","{""energy"": 0.0, ""water"": 0.0, ""transport"": 0.0}","{""energy"": 0.0, ""water"": 0.0, ""transport"": 0.0}","{""energy"": 0.0, ""water"": 0.0, ""transport"": 0.0}",0.3,0.1,,0.38314666666666675,1.0,0.6168533333333333,1,"{""energy"": 0.6666666666666667, ""water"": 0.05493333333333334, ""transport"": 0.33333333333333337}","{""energy"": 1.0, ""water"": 1.0, ""transport"": 1.0}","{""energy"": 0.33333333333333326, ""water"": 0.9450666666666666, ""transport"": 0.6666666666666666}",13,0.38314666666666675,,,[],,v2.0,0.7,0.3
S4_water_partial,151,151,3015616862458464141,scenario=S4_water_partial|method=both|duration=0|theta=0.300000|delta_threshold=0.100000|A=v2.0|w=na|run_id=151|seed=3015616862458464141,False,"{""step_1_amount"": 0.12977038252586437}",033832c9a51598bd69064fc3910037f6fde292830c04f0066e6d9779dc60f4ca,0.38314666666666675,0.38314666666666675,0.0,29,0.0,0.0,0.38314666666666675,0.38314666666666675,0,0,0.0,"{""energy"": 0.6666666666666667, ""water"": 0.05493333333333334, ""transport"": 0.33333333333333337}","{""energy"": 0.6666666666666667, ""water"": 0.05493333333333334, ""transport"": 0.33333333333333337}","{""energy"": 0.0, ""water"": 0.0, ""transport"": 0.0}","{""energy"": 0.0, ""water"": 0.0, ""transport"": 0.0}","{""energy"": 0.0, ""water"": 0.0, ""transport"": 0.0}","{""energy"": 0.0, ""water"": 0.0, ""transport"": 0.0}",0.3,0.1,,0.38314666666666675,1.0,0.6168533333333333,1,"{""energy"": 0.6666666666666667, ""water"": 0.05493333333333334, ""transport"": 0.33333333333333337}","{""energy"": 1.0, ""water"": 1.0, ""transport"": 1.0}","{""energy"": 0.33333333333333326, ""water"": 0.9450666666666666, ""transport"": 0.6666666666666666}",13,0.38314666666666675,,,[],,v2.0,0.7,0.3
S4_water_partial,152,152,6999988379906346185,scenario=S4_water_partial|method=both|duration=0|theta=0.300000|delta_threshold=0.100000|A=v2.0|w=na|run_id=152|seed=6999988379906346185,False,"{""step_1_amount"": 0.18079968893485007}",033832c9a51598bd69064fc3910037f6fde292830c04f0066e6d9779dc60f4ca,0.38314666666666675,0.38314666666666675,0.0,13,0.0,0.0,0.38314666666666675,0.38314666666666675,0,0,0.0,"{""energy"": 0.6666666666666667, ""water"": 0.05493333333333334, ""transport"": 0.33333333333333337}","{""energy"": 0.6666666666666667, ""water"": 0.05493333333333334, ""transport"": 0.33333333333333337}","{""energy"": 0.0, ""water"": 0.0, ""transport"": 0.0}","{""energy"": 0.0, ""water"": 0.0, ""transport"": 0.0}","{""energy"": 0.0, ""water"": 0.0, ""transport"": 0.0}","{""energy"": 0.0, ""water"": 0.0, ""transport"": 0.0}",0.3,0.1,,0.38314666666666675,1.0,0.6168533333333333,1,"{""energy"": 0.6666666666666667, ""water"": 0.05493333333333334, ""transport"": 0.33333333333333337}","{""energy"": 1.0, ""water"": 1.0, ""transport"": 1.0}","{""energy"": 0.33333333333333326, ""water"": 0.9450666666666666, ""transport"": 0.6666666666666666}",13,0.38314666666666675,,,[],,v2.0,0.7,0.3
S4_water_partial,153,153,14151184482484555075,scenario=S4_water_partial|method=both|duration=0|theta=0.300000|delta_threshold=0.100000|A=v2.0|w=na|run_id=153|seed=14151184482484555075,False,"{""step_1_amount"": 0.14370358895067953}",033832c9a51598bd69064fc3910037f6fde292830c04f0066e6d9779dc60f4ca,0.38314666666666675,0.38314666666666675,0.0,15,0.0,0.0,0.38314666666666675,0.38314666666666675,0,0,0.0,"{""energy"": 0.6666666666666667, ""water"": 0.05493333333333334, ""transport"": 0.33333333333333337}","{""energy"": 0.6666666666666667, ""water"": 0.05493333333333334, ""transport"": 0.33333333333333337}","{""energy"": 0.0, ""water"": 0.0, ""transport"": 0.0}","{""energy"": 0.0, ""water"": 0.0, ""transport"": 0.0}","{""energy"": 0.0, ""water"": 0.0, ""transport"": 0.0}","{""energy"": 0.0, ""water"": 0.0, ""transport"": 0.0}",0.3,0.1,,0.38314666666666675,1.0,0.6168533333333333,1,"{""energy"": 0.6666666666666667, ""water"": 0.05493333333333334, ""transport"": 0.33333333333333337}","{""energy"": 1.0, ""water"": 1.0, ""transport"": 1.0}","{""energy"": 0.33333333333333326, ""water"": 0.9450666666666666, ""transport"": 0.6666666666666666}",13,0.38314666666666675,,,[],,v2.0,0.7,0.3
S4_water_partial,154,154,14887914507551434128,scenario=S4_water_partial|method=both|duration=0|theta=0.300000|delta_threshold=0.100000|A=v2.0|w=na|run_id=154|seed=14887914507551434128,False,"{""step_1_amount"": 0.10123725229389637}",033832c9a51598bd69064fc3910037f6fde292830c04f0066e6d9779dc60f4ca,0.38314666666666675,0.38314666666666675,0.0,18,0.0,0.0,0.38314666666666675,0.38314666666666675,0,0,0.0,"{""energy"": 0.6666666666666667, ""water"": 0.05493333333333334, ""transport"": 0.33333333333333337}","{""energy"": 0.6666666666666667, ""water"": 0.05493333333333334, ""transport"": 0.33333333333333337}","{""energy"": 0.0, ""water"": 0.0, ""transport"": 0.0}","{""energy"": 0.0, ""water"": 0.0, ""transport"": 0.0}","{""energy"": 0.0, ""water"": 0.0, ""transport"": 0.0}","{""energy"": 0.0, ""water"": 0.0, ""transport"": 0.0}",0.3,0.1,,0.38314666666666675,1.0,0.6168533333333333,1,"{""energy"": 0.6666666666666667, ""water"": 0.05493333333333334, ""transport"": 0.33333333333333337}","{""energy"": 1.0, ""water"": 1.0, ""transport"": 1.0}","{""energy"": 0.33333333333333326, ""water"": 0.9450666666666666, ""transport"": 0.6666666666666666}",13,0.38314666666666675,,,[],,v2.0,0.7,0.3
S4_water_partial,155,155,12106453989289032113,scenario=S4_water_partial|method=both|duration=0|theta=0.300000|delta_threshold=0.100000|A=v2.0|w=na|run_id=155|seed=12106453989289032113,False,"{""step_1_amount"": 0.1130163897289976}",033832c9a51598bd69064fc3910037f6fde292830c04f0066e6d9779dc60f4ca,0.38314666666666675,0.38314666666666675,0.0,18,0.0,0.0,0.38314666666666675,0.38314666666666675,0,0,0.0,"{""energy"": 0.6666666666666667, ""water"": 0.05493333333333334, ""transport"": 0.33333333333333337}","{""energy"": 0.6666666666666667, ""water"": 0.05493333333333334, ""transport"": 0.33333333333333337}","{""energy"": 0.0, ""water"": 0.0, ""transport"": 0.0}","{""energy"": 0.0, ""water"": 0.0, ""transport"": 0.0}","{""energy"": 0.0, ""water"": 0.0, ""transport"": 0.0}","{""energy"": 0.0, ""water"": 0.0, ""transport"": 0.0}",0.3,0.1,,0.38314666666666675,1.0,0.6168533333333333,1,"{""energy"": 0.6666666666666667, ""water"": 0.05493333333333334, ""transport"": 0.33333333333333337}","{""energy"": 1.0, ""water"": 1.0, ""transport"": 1.0}","{""energy"": 0.33333333333333326, ""water"": 0.9450666666666666, ""transport"": 0.6666666666666666}",13,0.38314666666666675,,,[],,v2.0,0.7,0.3
S4_water_partial,156,156,9134063263097761689,scenario=S4_water_partial|method=both|duration=0|theta=0.300000|delta_threshold=0.100000|A=v2.0|w=na|run_id=156|seed=9134063263097761689,False,"{""step_1_amount"": 0.19798970820057177}",033832c9a51598bd69064fc3910037f6fde292830c04f0066e6d9779dc60f4ca,0.38314666666666675,0.38314666666666675,0.0,11,0.0,0.0,0.38314666666666675,0.38314666666666675,0,0,0.0,"{""energy"": 0.6666666666666667, ""water"": 0.05493333333333334, ""transport"": 0.33333333333333337}","{""energy"": 0.6666666666666667, ""water"": 0.05493333333333334, ""transport"": 0.33333333333333337}","{""energy"": 0.0, ""water"": 0.0, ""transport"": 0.0}","{""energy"": 0.0, ""water"": 0.0, ""transport"": 0.0}","{""energy"": 0.0, ""water"": 0.0, ""transport"": 0.0}","{""energy"": 0.0, ""water"": 0.0, ""transport"": 0.0}",0.3,0.1,,0.38314666666666675,1.0,0.6168533333333333,1,"{""energy"": 0.6666666666666667, ""water"": 0.05493333333333334, ""transport"": 0.33333333333333337}","{""energy"": 1.0, ""water"": 1.0, ""transport"": 1.0}","{""energy"": 0.33333333333333326, ""water"": 0.9450666666666666, ""transport"": 0.6666666666666666}",13,0.38314666666666675,,,[],,v2.0,0.7,0.3
S4_water_partial,157,157,12549063340412504958,scenario=S4_water_partial|method=both|duration=0|theta=0.300000|delta_threshold=0.100000|A=v2.0|w=na|run_id=157|seed=12549063340412504958,False,"{""step_1_amount"": 0.2695168649677492}",033832c9a51598bd69064fc3910037f6fde292830c04f0066e6d9779dc60f4ca,0.38314666666666675,0.4257066293215469,0.04255996265488016,12,0.0,0.0,0.38314666666666675,0.4257066293215469,0,0,0.04255996265488016,"{""energy"": 0.6666666666666667, ""water"": 0.05493333333333334, ""transport"": 0.33333333333333337}","{""energy"": 0.6948731346273309, ""water"": 0.14182941454301978, ""transport"": 0.3506951703590287}","{""energy"": 0.028206467960664172, ""water"": 0.08689608120968645, ""transport"": 0.017361837025695326}","{""energy"": 0.0, ""water"": 0.0, ""transport"": 0.0}","{""energy"": 0.0, ""water"": 0.0, ""transport"": 0.0}","{""energy"": 0.0, ""water"": 0.0, ""transport"": 0.0}",0.3,0.1,,0.38314666666666675,1.0,0.6168533333333333,1,"{""energy"": 0.6666666666666667, ""water"": 0.05493333333333334, ""transport"": 0.33333333333333337}","{""energy"": 1.0, ""water"": 1.0, ""transport"": 1.0}","{""energy"": 0.33333333333333326, ""water"": 0.9450666666666666, ""transport"": 0.6666666666666666}",12,0.4257066293215469,,,[],,v2.0,0.7,0.3
S4_water_partial,158,158,2822720678171713138,scenario=S4_water_partial|method=both|duration=0|theta=0.300000|delta_threshold=0.100000|A=v2.0|w=na|run_id=158|seed=2822720678171713138,False,"{""step_1_amount"": 0.1764331132816605}",033832c9a51598bd69064fc3910037f6fde292830c04f0066e6d9779dc60f4ca,0.38314666666666675,0.38314666666666675,0.0,16,0.0,0.0,0.38314666666666675,0.38314666666666675,0,0,0.0,"{""energy"": 0.6666666666666667, ""water"": 0.05493333333333334, ""transport"": 0.33333333333333337}","{""energy"": 0.6666666666666667, ""water"": 0.05493333333333334, ""transport"": 0.33333333333333337}","{""energy"": 0.0, ""water"": 0.0, ""transport"": 0.0}","{""energy"": 0.0, ""water"": 0.0, ""transport"": 0.0}","{""energy"": 0.0, ""water"": 0.0, ""transport"": 0.0}","{""energy"": 0.0, ""water"": 0.0, ""transport"": 0.0}",0.3,0.1,,0.38314666666666675,1.0,0.6168533333333333,1,"{""energy"": 0.6666666666666667, ""water"": 0.05493333333333334, ""transport"": 0.33333333333333337}","{""energy"": 1.0, ""water"": 1.0, ""transport"": 1.0}","{""energy"": 0.33333333333333326, ""water"": 0.9450666666666666, ""transport"": 0.6666666666666666}",13,0.38314666666666675,,,[],,v2.0,0.7,0.3
S4_water_partial,159,159,16547813494320969182,scenario=S4_water_partial|method=both|duration=0|theta=0.300000|delta_threshold=0.100000|A=v2.0|w=na|run_id=159|seed=16547813494320969182,False,"{""step_1_amount"": 0.02858992294771576}",033832c9a51598bd69064fc3910037f6fde292830c04f0066e6d9779dc60f4ca,0.38314666666666675,0.38314666666666675,0.0,16,0.0,0.0,0.38314666666666675,0.38314666666666675,0,0,0.0,"{""energy"": 0.6666666666666667, ""water"": 0.05493333333333334, ""transport"": 0.33333333333333337}","{""energy"": 0.6666666666666667, ""water"": 0.05493333333333334, ""transport"": 0.33333333333333337}","{""energy"": 0.0, ""water"": 0.0, ""transport"": 0.0}","{""energy"": 0.0, ""water"": 0.0, ""transport"": 0.0}","{""energy"": 0.0, ""water"": 0.0, ""transport"": 0.0}","{""energy"": 0.0, ""water"": 0.0, ""transport"": 0.0}",0.3,0.1,,0.38314666666666675,1.0,0.6168533333333333,1,"{""energy"": 0.6666666666666667, ""water"": 0.05493333333333334, ""transport"": 0.33333333333333337}","{""energy"": 1.0, ""water"": 1.0, ""transport"": 1.0}","{""energy"": 0.33333333333333326, ""water"": 0.9450666666666666, ""transport"": 0.6666666666666666}",13,0.38314666666666675,,,[],,v2.0,0.7,0.3
S4_water_partial,160,160,1026292351187235597,scenario=S4_water_partial|method=both|duration=0|theta=0.300000|delta_threshold=0.100000|A=v2.0|w=na|run_id=160|seed=1026292351187235597,False,"{""step_1_amount"": 0.12065367874604375}",033832c9a51598bd69064fc3910037f6fde292830c04f0066e6d9779dc60f4ca,0.38314666666666675,0.38314666666666675,0.0,27,0.0,0.0,0.38314666666666675,0.38314666666666675,0,0,0.0,"{""energy"": 0.6666666666666667, ""water"": 0.05493333333333334, ""transport"": 0.33333333333333337}","{""energy"": 0.6666666666666667, ""water"": 0.05493333333333334, ""transport"": 0.33333333333333337}","{""energy"": 0.0, ""water"": 0.0, ""transport"": 0.0}","{""energy"": 0.0, ""water"": 0.0, ""transport"": 0.0}","{""energy"": 0.0, ""water"": 0.0, ""transport"": 0.0}","{""energy"": 0.0, ""water"": 0.0, ""transport"": 0.0}",0.3,0.1,,0.38314666666666675,1.0,0.6168533333333333,1,"{""energy"": 0.6666666666666667, ""water"": 0.05493333333333334, ""transport"": 0.33333333333333337}","{""energy"": 1.0, ""water"": 1.0, ""transport"": 1.0}","{""energy"": 0.33333333333333326, ""water"": 0.9450666666666666, ""transport"": 0.6666666666666666}",13,0.38314666666666675,,,[],,v2.0,0.7,0.3
S4_water_partial,161,161,7309096543448563349,scenario=S4_water_partial|method=both|duration=0|theta=0.300000|delta_threshold=0.100000|A=v2.0|w=na|run_id=161|seed=7309096543448563349,False,"{""step_1_amount"": 0.17196589417492664}",033832c9a51598bd69064fc3910037f6fde292830c04f0066e6d9779dc60f4ca,0.38314666666666675,0.38314666666666675,0.0,12,0.0,0.0,0.38314666666666675,0.38314666666666675,0,0,0.0,"{""energy"": 0.6666666666666667, ""water"": 0.05493333333333334, ""transport"": 0.33333333333333337}","{""energy"": 0.6666666666666667, ""water"": 0.05493333333333334, ""transport"": 0.33333333333333337}","{""energy"": 0.0, ""water"": 0.0, ""transport"": 0.0}","{""energy"": 0.0, ""water"": 0.0, ""transport"": 0.0}","{""energy"": 0.0, ""water"": 0.0, ""transport"": 0.0}","{""energy"": 0.0, ""water"": 0.0, ""transport"": 0.0}",0.3,0.1,,0.38314666666666675,1.0,0.6168533333333333,1,"{""energy"": 0.6666666666666667, ""water"": 0.05493333333333334, ""transport"": 0.33333333333333337}","{""energy"": 1.0, ""water"": 1.0, ""transport"": 1.0}","{""energy"": 0.33333333333333326, ""water"": 0.9450666666666666, ""transport"": 0.6666666666666666}",13,0.38314666666666675,,,[],,v2.0,0.7,0.3
S4_water_partial,162,162,15256891086887283819,scenario=S4_water_partial|method=both|duration=0|theta=0.300000|delta_threshold=0.100000|A=v2.0|w=na|run_id=162|seed=15256891086887283819,False,"{""step_1_amount"": 0.1505562480906841}",033832c9a51598bd69064fc3910037f6fde292830c04f0066e6d9779dc60f4ca,0.38314666666666675,0.38314666666666675,0.0,28,0.0,0.0,0.38314666666666675,0.38314666666666675,0,0,0.0,"{""energy"": 0.6666666666666667, ""water"": 0.05493333333333334, ""transport"": 0.33333333333333337}","{""energy"": 0.6666666666666667, ""water"": 0.05493333333333334, ""transport"": 0.33333333333333337}","{""energy"": 0.0, ""water"": 0.0, ""transport"": 0.0}","{""energy"": 0.0, ""water"": 0.0, ""transport"": 0.0}","{""energy"": 0.0, ""water"": 0.0, ""transport"": 0.0}","{""energy"": 0.0, ""water"": 0.0, ""transport"": 0.0}",0.3,0.1,,0.38314666666666675,1.0,0.6168533333333333,1,"{""energy"": 0.6666666666666667, ""water"": 0.05493333333333334, ""transport"": 0.33333333333333337}","{""energy"": 1.0, ""water"": 1.0, ""transport"": 1.0}","{""energy"": 0.33333333333333326, ""water"": 0.9450666666666666, ""transport"": 0.6666666666666666}",13,0.38314666666666675,,,[],,v2.0,0.7,0.3
S4_water_partial,163,163,6492862095374446957,scenario=S4_water_partial|method=both|duration=0|theta=0.300000|delta_threshold=0.100000|A=v2.0|w=na|run_id=163|seed=6492862095374446957,False,"{""step_1_amount"": 0.18028140509982413}",033832c9a51598bd69064fc3910037f6fde292830c04f0066e6d9779dc60f4ca,0.38314666666666675,0.38314666666666675,0.0,30,0.0,0.0,0.38314666666666675,0.38314666666666675,0,0,0.0,"{""energy"": 0.6666666666666667, ""water"": 0.05493333333333334, ""transport"": 0.33333333333333337}","{""energy"": 0.6666666666666667, ""water"": 0.05493333333333334, ""transport"": 0.33333333333333337}","{""energy"": 0.0, ""water"": 0.0, ""transport"": 0.0}","{""energy"": 0.0, ""water"": 0.0, ""transport"": 0.0}","{""energy"": 0.0, ""water"": 0.0, ""transport"": 0.0}","{""energy"": 0.0, ""water"": 0.0, ""transport"": 0.0}",0.3,0.1,,0.38314666666666675,1.0,0.6168533333333333,1,"{""energy"": 0.6666666666666667, ""water"": 0.05493333333333334, ""transport"": 0.33333333333333337}","{""energy"": 1.0, ""water"": 1.0, ""transport"": 1.0}","{""energy"": 0.33333333333333326, ""water"": 0.9450666666666666, ""transport"": 0.6666666666666666}",13,0.38314666666666675,,,[],,v2.0,0.7,0.3
S4_water_partial,164,164,1294763237732403702,scenario=S4_water_partial|method=both|duration=0|theta=0.300000|delta_threshold=0.100000|A=v2.0|w=na|run_id=164|seed=1294763237732403702,False,"{""step_1_amount"": 0.24376466206970399}",033832c9a51598bd69064fc3910037f6fde292830c04f0066e6d9779dc60f4ca,0.38314666666666675,0.40994048690229123,0.026793820235624488,5,0.0,0.0,0.38314666666666675,0.40994048690229123,0,0,0.026793820235624488,"{""energy"": 0.6666666666666667, ""water"": 0.05493333333333334, ""transport"": 0.33333333333333337}","{""energy"": 0.6844241783014491, ""water"": 0.10963916092046327, ""transport"": 0.3442635576852419}","{""energy"": 0.01775751163478234, ""water"": 0.054705827587129933, ""transport"": 0.010930224351908546}","{""energy"": 0.0, ""water"": 0.0, ""transport"": 0.0}","{""energy"": 0.0, ""water"": 0.0, ""transport"": 0.0}","{""energy"": 0.0, ""water"": 0.0, ""transport"": 0.0}",0.3,0.1,,0.38314666666666675,1.0,0.6168533333333333,1,"{""energy"": 0.6666666666666667, ""water"": 0.05493333333333334, ""transport"": 0.33333333333333337}","{""energy"": 1.0, ""water"": 1.0, ""transport"": 1.0}","{""energy"": 0.33333333333333326, ""water"": 0.9450666666666666, ""transport"": 0.6666666666666666}",12,0.40994048690229123,,,[],,v2.0,0.7,0.3
S4_water_partial,165,165,261705463904703409,scenario=S4_water_partial|method=both|duration=0|theta=0.300000|delta_threshold=0.100000|A=v2.0|w=na|run_id=165|seed=261705463904703409,False,"{""step_1_amount"": 0.09581088401330924}",033832c9a51598bd69064fc3910037f6fde292830c04f0066e6d9779dc60f4ca,0.38314666666666675,0.38314666666666675,0.0,30,0.0,0.0,0.38314666666666675,0.38314666666666675,0,0,0.0,"{""energy"": 0.6666666666666667, ""water"": 0.05493333333333334, ""transport"": 0.33333333333333337}","{""energy"": 0.6666666666666667, ""water"": 0.05493333333333334, ""transport"": 0.33333333333333337}","{""energy"": 0.0, ""water"": 0.0, ""transport"": 0.0}","{""energy"": 0.0, ""water"": 0.0, ""transport"": 0.0}","{""energy"": 0.0, ""water"": 0.0, ""transport"": 0.0}","{""energy"": 0.0, ""water"": 0.0, ""transport"": 0.0}",0.3,0.1,,0.38314666666666675,1.0,0.6168533333333333,1,"{""energy"": 0.6666666666666667, ""water"": 0.05493333333333334, ""transport"": 0.33333333333333337}","{""energy"": 1.0, ""water"": 1.0, ""transport"": 1.0}","{""energy"": 0.33333333333333326, ""water"": 0.9450666666666666, ""transport"": 0.6666666666666666}",13,0.38314666666666675,,,[],,v2.0,0.7,0.3
S4_water_partial,166,166,8277001547369344569,scenario=S4_water_partial|method=both|duration=0|theta=0.300000|delta_threshold=0.100000|A=v2.0|w=na|run_id=166|seed=8277001547369344569,False,"{""step_1_amount"": 0.3009330979114478}",033832c9a51598bd69064fc3910037f6fde292830c04f0066e6d9779dc60f4ca,0.38314666666666675,0.44494043253550286,0.061793765868836115,5,0.0,0.0,0.38314666666666675,0.44494043253550286,0,0,0.061793765868836115,"{""energy"": 0.6666666666666667, ""water"": 0.05493333333333334, ""transport"": 0.33333333333333337}","{""energy"": 0.7076202711442366, ""water"": 0.1810997057226431, ""transport"": 0.35854137453671747}","{""energy"": 0.040953604477569905, ""water"": 0.12616637238930978, ""transport"": 0.0252080412033841}","{""energy"": 0.0, ""water"": 0.0, ""transport"": 0.0}","{""energy"": 0.0, ""water"": 0.0, ""transport"": 0.0}","{""energy"": 0.0, ""water"": 0.0, ""transport"": 0.0}",0.3,0.1,,0.38314666666666675,1.0,0.6168533333333333,1,"{""energy"": 0.6666666666666667, ""water"": 0.05493333333333334, ""transport"": 0.33333333333333337}","{""energy"": 1.0, ""water"": 1.0, ""transport"": 1.0}","{""energy"": 0.33333333333333326, ""water"": 0.9450666666666666, ""transport"": 0.6666666666666666}",11,0.44494043253550286,,,[],,v2.0,0.7,0.3
S4_water_partial,167,167,10247379012770192258,scenario=S4_water_partial|method=both|duration=0|theta=0.300000|delta_threshold=0.100000|A=v2.0|w=na|run_id=167|seed=10247379012770192258,False,"{""step_1_amount"": 0.10998658298322159}",033832c9a51598bd69064fc3910037f6fde292830c04f0066e6d9779dc60f4ca,0.38314666666666675,0.38314666666666675,0.0,16,0.0,0.0,0.38314666666666675,0.38314666666666675,0,0,0.0,"{""energy"": 0.6666666666666667, ""water"": 0.05493333333333334, ""transport"": 0.33333333333333337}","{""energy"": 0.6666666666666667, ""water"": 0.05493333333333334, ""transport"": 0.33333333333333337}","{""energy"": 0.0, ""water"": 0.0, ""transport"": 0.0}","{""energy"": 0.0, ""water"": 0.0, ""transport"": 0.0}","{""energy"": 0.0, ""water"": 0.0, ""transport"": 0.0}","{""energy"": 0.0, ""water"": 0.0, ""transport"": 0.0}",0.3,0.1,,0.38314666666666675,1.0,0.6168533333333333,1,"{""energy"": 0.6666666666666667, ""water"": 0.05493333333333334, ""transport"": 0.33333333333333337}","{""energy"": 1.0, ""water"": 1.0, ""transport"": 1.0}","{""energy"": 0.33333333333333326, ""water"": 0.9450666666666666, ""transport"": 0.6666666666666666}",13,0.38314666666666675,,,[],,v2.0,0.7,0.3
S4_water_partial,168,168,10974135110597787909,scenario=S4_water_partial|method=both|duration=0|theta=0.300000|delta_threshold=0.100000|A=v2.0|w=na|run_id=168|seed=10974135110597787909,False,"{""step_1_amount"": 0.008033036273805574}",033832c9a51598bd69064fc3910037f6fde292830c04f0066e6d9779dc60f4ca,0.38314666666666675,0.38314666666666675,0.0,30,0.0,0.0,0.38314666666666675,0.38314666666666675,0,0,0.0,"{""energy"": 0.6666666666666667, ""water"": 0.05493333333333334, ""transport"": 0.33333333333333337}","{""energy"": 0.6666666666666667, ""water"": 0.05493333333333334, ""transport"": 0.33333333333333337}","{""energy"": 0.0, ""water"": 0.0, ""transport"": 0.0}","{""energy"": 0.0, ""water"": 0.0, ""transport"": 0.0}","{""energy"": 0.0, ""water"": 0.0, ""transport"": 0.0}","{""energy"": 0.0, ""water"": 0.0, ""transport"": 0.0}",0.3,0.1,,0.38314666666666675,1.0,0.6168533333333333,1,"{""energy"": 0.6666666666666667, ""water"": 0.05493333333333334, ""transport"": 0.33333333333333337}","{""energy"": 1.0, ""water"": 1.0, ""transport"": 1.0}","{""energy"": 0.33333333333333326, ""water"": 0.9450666666666666, ""transport"": 0.6666666666666666}",13,0.38314666666666675,,,[],,v2.0,0.7,0.3
S4_water_partial,169,169,5930033845584582276,scenario=S4_water_partial|method=both|duration=0|theta=0.300000|delta_threshold=0.100000|A=v2.0|w=na|run_id=169|seed=5930033845584582276,False,"{""step_1_amount"": 0.19755607913769768}",033832c9a51598bd69064fc3910037f6fde292830c04f0066e6d9779dc60f4ca,0.38314666666666675,0.38314666666666675,0.0,14,0.0,0.0,0.38314666666666675,0.38314666666666675,0,0,0.0,"{""energy"": 0.6666666666666667, ""water"": 0.05493333333333334, ""transport"": 0.33333333333333337}","{""energy"": 0.6666666666666667, ""water"": 0.05493333333333334, ""transport"": 0.33333333333333337}","{""energy"": 0.0, ""water"": 0.0, ""transport"": 0.0}","{""energy"": 0.0, ""water"": 0.0, ""transport"": 0.0}","{""energy"": 0.0, ""water"": 0.0, ""transport"": 0.0}","{""energy"": 0.0, ""water"": 0.0, ""transport"": 0.0}",0.3,0.1,,0.38314666666666675,1.0,0.6168533333333333,1,"{""energy"": 0.6666666666666667, ""water"": 0.05493333333333334, ""transport"": 0.33333333333333337}","{""energy"": 1.0, ""water"": 1.0, ""transport"": 1.0}","{""energy"": 0.33333333333333326, ""water"": 0.9450666666666666, ""transport"": 0.6666666666666666}",13,0.38314666666666675,,,[],,v2.0,0.7,0.3
S4_water_partial,170,170,15238018040537367665,scenario=S4_water_partial|method=both|duration=0|theta=0.300000|delta_threshold=0.100000|A=v2.0|w=na|run_id=170|seed=15238018040537367665,False,"{""step_1_amount"": 0.10466286647096314}",033832c9a51598bd69064fc3910037f6fde292830c04f0066e6d9779dc60f4ca,0.38314666666666675,0.38314666666666675,0.0,14,0.0,0.0,0.38314666666666675,0.38314666666666675,0,0,0.0,"{""energy"": 0.6666666666666667, ""water"": 0.05493333333333334, ""transport"": 0.33333333333333337}","{""energy"": 0.6666666666666667, ""water"": 0.05493333333333334, ""transport"": 0.33333333333333337}","{""energy"": 0.0, ""water"": 0.0, ""transport"": 0.0}","{""energy"": 0.0, ""water"": 0.0, ""transport"": 0.0}","{""energy"": 0.0, ""water"": 0.0, ""transport"": 0.0}","{""energy"": 0.0, ""water"": 0.0, ""transport"": 0.0}",0.3,0.1,,0.38314666666666675,1.0,0.6168533333333333,1,"{""energy"": 0.6666666666666667, ""water"": 0.05493333333333334, ""transport"": 0.33333333333333337}","{""energy"": 1.0, ""water"": 1.0, ""transport"": 1.0}","{""energy"": 0.33333333333333326, ""water"": 0.9450666666666666, ""transport"": 0.6666666666666666}",13,0.38314666666666675,,,[],,v2.0,0.7,0.3
S4_water_partial,171,171,7930116514883572282,scenario=S4_water_partial|method=both|duration=0|theta=0.300000|delta_threshold=0.100000|A=v2.0|w=na|run_id=171|seed=7930116514883572282,False,"{""step_1_amount"": 0.102082392845875}",033832c9a51598bd69064fc3910037f6fde292830c04f0066e6d9779dc60f4ca,0.38314666666666675,0.38314666666666675,0.0,14,0.0,0.0,0.38314666666666675,0.38314666666666675,0,0,0.0,"{""energy"": 0.6666666666666667, ""water"": 0.05493333333333334, ""transport"": 0.33333333333333337}","{""energy"": 0.6666666666666667, ""water"": 0.05493333333333334, ""transport"": 0.33333333333333337}","{""energy"": 0.0, ""water"": 0.0, ""transport"": 0.0}","{""energy"": 0.0, ""water"": 0.0, ""transport"": 0.0}","{""energy"": 0.0, ""water"": 0.0, ""transport"": 0.0}","{""energy"": 0.0, ""water"": 0.0, ""transport"": 0.0}",0.3,0.1,,0.38314666666666675,1.0,0.6168533333333333,1,"{""energy"": 0.6666666666666667, ""water"": 0.05493333333333334, ""transport"": 0.33333333333333337}","{""energy"": 1.0, ""water"": 1.0, ""transport"": 1.0}","{""energy"": 0.33333333333333326, ""water"": 0.9450666666666666, ""transport"": 0.6666666666666666}",13,0.38314666666666675,,,[],,v2.0,0.7,0.3
S4_water_partial,172,172,4438524096854737134,scenario=S4_water_partial|method=both|duration=0|theta=0.300000|delta_threshold=0.100000|A=v2.0|w=na|run_id=172|seed=4438524096854737134,False,"{""step_1_amount"": 0.04264705298573118}",033832c9a51598bd69064fc3910037f6fde292830c04f0066e6d9779dc60f4ca,0.38314666666666675,0.38314666666666675,0.0,17,0.0,0.0,0.38314666666666675,0.38314666666666675,0,0,0.0,"{""energy"": 0.6666666666666667, ""water"": 0.05493333333333334, ""transport"": 0.33333333333333337}","{""energy"": 0.6666666666666667, ""water"": 0.05493333333333334, ""transport"": 0.33333333333333337}","{""energy"": 0.0, ""water"": 0.0, ""transport"": 0.0}","{""energy"": 0.0, ""water"": 0.0, ""transport"": 0.0}","{""energy"": 0.0, ""water"": 0.0, ""transport"": 0.0}","{""energy"": 0.0, ""water"": 0.0, ""transport"": 0.0}",0.3,0.1,,0.38314666666666675,1.0,0.6168533333333333,1,"{""energy"": 0.6666666666666667, ""water"": 0.05493333333333334, ""transport"": 0.33333333333333337}","{""energy"": 1.0, ""water"": 1.0, ""transport"": 1.0}","{""energy"": 0.33333333333333326, ""water"": 0.9450666666666666, ""transport"": 0.6666666666666666}",13,0.38314666666666675,,,[],,v2.0,0.7,0.3
S4_water_partial,173,173,2540029836188668300,scenario=S4_water_partial|method=both|duration=0|theta=0.300000|delta_threshold=0.100000|A=v2.0|w=na|run_id=173|seed=2540029836188668300,False,"{""step_1_amount"": 0.2585789072689015}",033832c9a51598bd69064fc3910037f6fde292830c04f0066e6d9779dc60f4ca,0.38314666666666675,0.41901013816936994,0.03586347150270319,28,0.0,0.0,0.38314666666666675,0.41901013816936994,0,0,0.03586347150270319,"{""energy"": 0.6666666666666667, ""water"": 0.05493333333333334, ""transport"": 0.33333333333333337}","{""energy"": 0.6904350582910235, ""water"": 0.12815696741946023, ""transport"": 0.34796341542374154}","{""energy"": 0.023768391624356733, ""water"": 0.0732236340861269, ""transport"": 0.01463008209040817}","{""energy"": 0.0, ""water"": 0.0, ""transport"": 0.0}","{""energy"": 0.0, ""water"": 0.0, ""transport"": 0.0}","{""energy"": 0.0, ""water"": 0.0, ""transport"": 0.0}",0.3,0.1,,0.38314666666666675,1.0,0.6168533333333333,1,"{""energy"": 0.6666666666666667, ""water"": 0.05493333333333334, ""transport"": 0.33333333333333337}","{""energy"": 1.0, ""water"": 1.0, ""transport"": 1.0}","{""energy"": 0.33333333333333326, ""water"": 0.9450666666666666, ""transport"": 0.6666666666666666}",12,0.41901013816936994,,,[],,v2.0,0.7,0.3
S4_water_partial,174,174,5216708074242937460,scenario=S4_water_partial|method=both|duration=0|theta=0.300000|delta_threshold=0.100000|A=v2.0|w=na|run_id=174|seed=5216708074242937460,False,"{""step_1_amount"": 0.17468073719493044}",033832c9a51598bd69064fc3910037f6fde292830c04f0066e6d9779dc60f4ca,0.38314666666666675,0.38314666666666675,0.0,29,0.0,0.0,0.38314666666666675,0.38314666666666675,0,0,0.0,"{""energy"": 0.6666666666666667, ""water"": 0.05493333333333334, ""transport"": 0.33333333333333337}","{""energy"": 0.6666666666666667, ""water"": 0.05493333333333334, ""transport"": 0.33333333333333337}","{""energy"": 0.0, ""water"": 0.0, ""transport"": 0.0}","{""energy"": 0.0, ""water"": 0.0, ""transport"": 0.0}","{""energy"": 0.0, ""water"": 0.0, ""transport"": 0.0}","{""energy"": 0.0, ""water"": 0.0, ""transport"": 0.0}",0.3,0.1,,0.38314666666666675,1.0,0.6168533333333333,1,"{""energy"": 0.6666666666666667, ""water"": 0.05493333333333334, ""transport"": 0.33333333333333337}","{""energy"": 1.0, ""water"": 1.0, ""transport"": 1.0}","{""energy"": 0.33333333333333326, ""water"": 0.9450666666666666, ""transport"": 0.6666666666666666}",13,0.38314666666666675,,,[],,v2.0,0.7,0.3
S4_water_partial,175,175,6370444299671953694,scenario=S4_water_partial|method=both|duration=0|theta=0.300000|delta_threshold=0.100000|A=v2.0|w=na|run_id=175|seed=6370444299671953694,False,"{""step_1_amount"": 0.13658605497783138}",033832c9a51598bd69064fc3910037f6fde292830c04f0066e6d9779dc60f4ca,0.38314666666666675,0.38314666666666675,0.0,16,0.0,0.0,0.38314666666666675,0.38314666666666675,0,0,0.0,"{""energy"": 0.6666666666666667, ""water"": 0.05493333333333334, ""transport"": 0.33333333333333337}","{""energy"": 0.6666666666666667, ""water"": 0.05493333333333334, ""transport"": 0.33333333333333337}","{""energy"": 0.0, ""water"": 0.0, ""transport"": 0.0}","{""energy"": 0.0, ""water"": 0.0, ""transport"": 0.0}","{""energy"": 0.0, ""water"": 0.0, ""transport"": 0.0}","{""energy"": 0.0, ""water"": 0.0, ""transport"": 0.0}",0.3,0.1,,0.38314666666666675,1.0,0.6168533333333333,1,"{""energy"": 0.6666666666666667, ""water"": 0.05493333333333334, ""transport"": 0.33333333333333337}","{""energy"": 1.0, ""water"": 1.0, ""transport"": 1.0}","{""energy"": 0.33333333333333326, ""water"": 0.9450666666666666, ""transport"": 0.6666666666666666}",13,0.38314666666666675,,,[],,v2.0,0.7,0.3
S4_water_partial,176,176,9975050831078869761,scenario=S4_water_partial|method=both|duration=0|theta=0.300000|delta_threshold=0.100000|A=v2.0|w=na|run_id=176|seed=9975050831078869761,False,"{""step_1_amount"": 0.1683926699444525}",033832c9a51598bd69064fc3910037f6fde292830c04f0066e6d9779dc60f4ca,0.38314666666666675,0.38314666666666675,0.0,8,0.0,0.0,0.38314666666666675,0.38314666666666675,0,0,0.0,"{""energy"": 0.6666666666666667, ""water"": 0.05493333333333334, ""transport"": 0.33333333333333337}","{""energy"": 0.6666666666666667, ""water"": 0.05493333333333334, ""transport"": 0.33333333333333337}","{""energy"": 0.0, ""water"": 0.0, ""transport"": 0.0}","{""energy"": 0.0, ""water"": 0.0, ""transport"": 0.0}","{""energy"": 0.0, ""water"": 0.0, ""transport"": 0.0}","{""energy"": 0.0, ""water"": 0.0, ""transport"": 0.0}",0.3,0.1,,0.38314666666666675,1.0,0.6168533333333333,1,"{""energy"": 0.6666666666666667, ""water"": 0.05493333333333334, ""transport"": 0.33333333333333337}","{""energy"": 1.0, ""water"": 1.0, ""transport"": 1.0}","{""energy"": 0.33333333333333326, ""water"": 0.9450666666666666, ""transport"": 0.6666666666666666}",13,0.38314666666666675,,,[],,v2.0,0.7,0.3
S4_water_partial,177,177,6221179847562989283,scenario=S4_water_partial|method=both|duration=0|theta=0.300000|delta_threshold=0.100000|A=v2.0|w=na|run_id=177|seed=6221179847562989283,False,"{""step_1_amount"": 0.04009966018783407}",033832c9a51598bd69064fc3910037f6fde292830c04f0066e6d9779dc60f4ca,0.38314666666666675,0.38314666666666675,0.0,26,0.0,0.0,0.38314666666666675,0.38314666666666675,0,0,0.0,"{""energy"": 0.6666666666666667, ""water"": 0.05493333333333334, ""transport"": 0.33333333333333337}","{""energy"": 0.6666666666666667, ""water"": 0.05493333333333334, ""transport"": 0.33333333333333337}","{""energy"": 0.0, ""water"": 0.0, ""transport"": 0.0}","{""energy"": 0.0, ""water"": 0.0, ""transport"": 0.0}","{""energy"": 0.0, ""water"": 0.0, ""transport"": 0.0}","{""energy"": 0.0, ""water"": 0.0, ""transport"": 0.0}",0.3,0.1,,0.38314666666666675,1.0,0.6168533333333333,1,"{""energy"": 0.6666666666666667, ""water"": 0.05493333333333334, ""transport"": 0.33333333333333337}","{""energy"": 1.0, ""water"": 1.0, ""transport"": 1.0}","{""energy"": 0.33333333333333326, ""water"": 0.9450666666666666, ""transport"": 0.6666666666666666}",13,0.38314666666666675,,,[],,v2.0,0.7,0.3
S4_water_partial,178,178,3744741835261648142,scenario=S4_water_partial|method=both|duration=0|theta=0.300000|delta_threshold=0.100000|A=v2.0|w=na|run_id=178|seed=3744741835261648142,False,"{""step_1_amount"": 0.23095598935480965}",033832c9a51598bd69064fc3910037f6fde292830c04f0066e6d9779dc60f4ca,0.38314666666666675,0.40209869724941505,0.018952030582748303,22,0.0,0.0,0.38314666666666675,0.40209869724941505,0,0,0.018952030582748303,"{""energy"": 0.6666666666666667, ""water"": 0.05493333333333334, ""transport"": 0.33333333333333337}","{""energy"": 0.6792270593473807, ""water"": 0.09362832002684536, ""transport"": 0.34106459167469705}","{""energy"": 0.012560392680713961, ""water"": 0.03869498669351202, ""transport"": 0.007731258341363678}","{""energy"": 0.0, ""water"": 0.0, ""transport"": 0.0}","{""energy"": 0.0, ""water"": 0.0, ""transport"": 0.0}","{""energy"": 0.0, ""water"": 0.0, ""transport"": 0.0}",0.3,0.1,,0.38314666666666675,1.0,0.6168533333333333,1,"{""energy"": 0.6666666666666667, ""water"": 0.05493333333333334, ""transport"": 0.33333333333333337}","{""energy"": 1.0, ""water"": 1.0, ""transport"": 1.0}","{""energy"": 0.33333333333333326, ""water"": 0.9450666666666666, ""transport"": 0.6666666666666666}",12,0.40209869724941505,,,[],,v2.0,0.7,0.3
S4_water_partial,179,179,18418591024747808428,scenario=S4_water_partial|method=both|duration=0|theta=0.300000|delta_threshold=0.100000|A=v2.0|w=na|run_id=179|seed=18418591024747808428,False,"{""step_1_amount"": 0.160558758951922}",033832c9a51598bd69064fc3910037f6fde292830c04f0066e6d9779dc60f4ca,0.38314666666666675,0.38314666666666675,0.0,25,0.0,0.0,0.38314666666666675,0.38314666666666675,0,0,0.0,"{""energy"": 0.6666666666666667, ""water"": 0.05493333333333334, ""transport"": 0.33333333333333337}","{""energy"": 0.6666666666666667, ""water"": 0.05493333333333334, ""transport"": 0.33333333333333337}","{""energy"": 0.0, ""water"": 0.0, ""transport"": 0.0}","{""energy"": 0.0, ""water"": 0.0, ""transport"": 0.0}","{""energy"": 0.0, ""water"": 0.0, ""transport"": 0.0}","{""energy"": 0.0, ""water"": 0.0, ""transport"": 0.0}",0.3,0.1,,0.38314666666666675,1.0,0.6168533333333333,1,"{""energy"": 0.6666666666666667, ""water"": 0.05493333333333334, ""transport"": 0.33333333333333337}","{""energy"": 1.0, ""water"": 1.0, ""transport"": 1.0}","{""energy"": 0.33333333333333326, ""water"": 0.9450666666666666, ""transport"": 0.6666666666666666}",13,0.38314666666666675,,,[],,v2.0,0.7,0.3
S4_water_partial,180,180,6663071228932407077,scenario=S4_water_partial|method=both|duration=0|theta=0.300000|delta_threshold=0.100000|A=v2.0|w=na|run_id=180|seed=6663071228932407077,False,"{""step_1_amount"": 0.1989632980358621}",033832c9a51598bd69064fc3910037f6fde292830c04f0066e6d9779dc60f4ca,0.38314666666666675,0.38314666666666675,0.0,29,0.0,0.0,0.38314666666666675,0.38314666666666675,0,0,0.0,"{""energy"": 0.6666666666666667, ""water"": 0.05493333333333334, ""transport"": 0.33333333333333337}","{""energy"": 0.6666666666666667, ""water"": 0.05493333333333334, ""transport"": 0.33333333333333337}","{""energy"": 0.0, ""water"": 0.0, ""transport"": 0.0}","{""energy"": 0.0, ""water"": 0.0, ""transport"": 0.0}","{""energy"": 0.0, ""water"": 0.0, ""transport"": 0.0}","{""energy"": 0.0, ""water"": 0.0, ""transport"": 0.0}",0.3,0.1,,0.38314666666666675,1.0,0.6168533333333333,1,"{""energy"": 0.6666666666666667, ""water"": 0.05493333333333334, ""transport"": 0.33333333333333337}","{""energy"": 1.0, ""water"": 1.0, ""transport"": 1.0}","{""energy"": 0.33333333333333326, ""water"": 0.9450666666666666, ""transport"": 0.6666666666666666}",13,0.38314666666666675,,,[],,v2.0,0.7,0.3
S4_water_partial,181,181,2211197352133667687,scenario=S4_water_partial|method=both|duration=0|theta=0.300000|delta_threshold=0.100000|A=v2.0|w=na|run_id=181|seed=2211197352133667687,False,"{""step_1_amount"": 0.08509016517976396}",033832c9a51598bd69064fc3910037f6fde292830c04f0066e6d9779dc60f4ca,0.38314666666666675,0.38314666666666675,0.0,20,0.0,0.0,0.38314666666666675,0.38314666666666675,0,0,0.0,"{""energy"": 0.6666666666666667, ""water"": 0.05493333333333334, ""transport"": 0.33333333333333337}","{""energy"": 0.6666666666666667, ""water"": 0.05493333333333334, ""transport"": 0.33333333333333337}","{""energy"": 0.0, ""water"": 0.0, ""transport"": 0.0}","{""energy"": 0.0, ""water"": 0.0, ""transport"": 0.0}","{""energy"": 0.0, ""water"": 0.0, ""transport"": 0.0}","{""energy"": 0.0, ""water"": 0.0, ""transport"": 0.0}",0.3,0.1,,0.38314666666666675,1.0,0.6168533333333333,1,"{""energy"": 0.6666666666666667, ""water"": 0.05493333333333334, ""transport"": 0.33333333333333337}","{""energy"": 1.0, ""water"": 1.0, ""transport"": 1.0}","{""energy"": 0.33333333333333326, ""water"": 0.9450666666666666, ""transport"": 0.6666666666666666}",13,0.38314666666666675,,,[],,v2.0,0.7,0.3
S4_water_partial,182,182,13500908726514455281,scenario=S4_water_partial|method=both|duration=0|theta=0.300000|delta_threshold=0.100000|A=v2.0|w=na|run_id=182|seed=13500908726514455281,False,"{""step_1_amount"": 0.06687630914560984}",033832c9a51598bd69064fc3910037f6fde292830c04f0066e6d9779dc60f4ca,0.38314666666666675,0.38314666666666675,0.0,23,0.0,0.0,0.38314666666666675,0.38314666666666675,0,0,0.0,"{""energy"": 0.6666666666666667, ""water"": 0.05493333333333334, ""transport"": 0.33333333333333337}","{""energy"": 0.6666666666666667, ""water"": 0.05493333333333334, ""transport"": 0.33333333333333337}","{""energy"": 0.0, ""water"": 0.0, ""transport"": 0.0}","{""energy"": 0.0, ""water"": 0.0, ""transport"": 0.0}","{""energy"": 0.0, ""water"": 0.0, ""transport"": 0.0}","{""energy"": 0.0, ""water"": 0.0, ""transport"": 0.0}",0.3,0.1,,0.38314666666666675,1.0,0.6168533333333333,1,"{""energy"": 0.6666666666666667, ""water"": 0.05493333333333334, ""transport"": 0.33333333333333337}","{""energy"": 1.0, ""water"": 1.0, ""transport"": 1.0}","{""energy"": 0.33333333333333326, ""water"": 0.9450666666666666, ""transport"": 0.6666666666666666}",13,0.38314666666666675,,,[],,v2.0,0.7,0.3
S4_water_partial,183,183,16748736034227582733,scenario=S4_water_partial|method=both|duration=0|theta=0.300000|delta_threshold=0.100000|A=v2.0|w=na|run_id=183|seed=16748736034227582733,False,"{""step_1_amount"": 0.14659377057032186}",033832c9a51598bd69064fc3910037f6fde292830c04f0066e6d9779dc60f4ca,0.38314666666666675,0.38314666666666675,0.0,12,0.0,0.0,0.38314666666666675,0.38314666666666675,0,0,0.0,"{""energy"": 0.6666666666666667, ""water"": 0.05493333333333334, ""transport"": 0.33333333333333337}","{""energy"": 0.6666666666666667, ""water"": 0.05493333333333334, ""transport"": 0.33333333333333337}","{""energy"": 0.0, ""water"": 0.0, ""transport"": 0.0}","{""energy"": 0.0, ""water"": 0.0, ""transport"": 0.0}","{""energy"": 0.0, ""water"": 0.0, ""transport"": 0.0}","{""energy"": 0.0, ""water"": 0.0, ""transport"": 0.0}",0.3,0.1,,0.38314666666666675,1.0,0.6168533333333333,1,"{""energy"": 0.6666666666666667, ""water"": 0.05493333333333334, ""transport"": 0.33333333333333337}","{""energy"": 1.0, ""water"": 1.0, ""transport"": 1.0}","{""energy"": 0.33333333333333326, ""water"": 0.9450666666666666, ""transport"": 0.6666666666666666}",13,0.38314666666666675,,,[],,v2.0,0.7,0.3
S4_water_partial,184,184,4393309216767779320,scenario=S4_water_partial|method=both|duration=0|theta=0.300000|delta_threshold=0.100000|A=v2.0|w=na|run_id=184|seed=4393309216767779320,False,"{""step_1_amount"": 0.05572926769039139}",033832c9a51598bd69064fc3910037f6fde292830c04f0066e6d9779dc60f4ca,0.38314666666666675,0.38314666666666675,0.0,17,0.0,0.0,0.38314666666666675,0.38314666666666675,0,0,0.0,"{""energy"": 0.6666666666666667, ""water"": 0.05493333333333334, ""transport"": 0.33333333333333337}","{""energy"": 0.6666666666666667, ""water"": 0.05493333333333334, ""transport"": 0.33333333333333337}","{""energy"": 0.0, ""water"": 0.0, ""transport"": 0.0}","{""energy"": 0.0, ""water"": 0.0, ""transport"": 0.0}","{""energy"": 0.0, ""water"": 0.0, ""transport"": 0.0}","{""energy"": 0.0, ""water"": 0.0, ""transport"": 0.0}",0.3,0.1,,0.38314666666666675,1.0,0.6168533333333333,1,"{""energy"": 0.6666666666666667, ""water"": 0.05493333333333334, ""transport"": 0.33333333333333337}","{""energy"": 1.0, ""water"": 1.0, ""transport"": 1.0}","{""energy"": 0.33333333333333326, ""water"": 0.9450666666666666, ""transport"": 0.6666666666666666}",13,0.38314666666666675,,,[],,v2.0,0.7,0.3
S4_water_partial,185,185,14726463720518671677,scenario=S4_water_partial|method=both|duration=0|theta=0.300000|delta_threshold=0.100000|A=v2.0|w=na|run_id=185|seed=14726463720518671677,False,"{""step_1_amount"": 0.3463021266849417}",033832c9a51598bd69064fc3910037f6fde292830c04f0066e6d9779dc60f4ca,0.38314666666666675,0.4727164861763551,0.08956981950968834,25,0.0,0.0,0.38314666666666675,0.4727164861763551,0,0,0.08956981950968834,"{""energy"": 0.6666666666666667, ""water"": 0.05493333333333334, ""transport"": 0.33333333333333337}","{""energy"": 0.7260287545690818, ""water"": 0.2378109916895104, ""transport"": 0.3698722894728975}","{""energy"": 0.05936208790241504, ""water"": 0.18287765835617706, ""transport"": 0.03653895613956415}","{""energy"": 0.0, ""water"": 0.0, ""transport"": 0.0}","{""energy"": 0.0, ""water"": 0.0, ""transport"": 0.0}","{""energy"": 0.0, ""water"": 0.0, ""transport"": 0.0}",0.3,0.1,,0.38314666666666675,1.0,0.6168533333333333,1,"{""energy"": 0.6666666666666667, ""water"": 0.05493333333333334, ""transport"": 0.33333333333333337}","{""energy"": 1.0, ""water"": 1.0, ""transport"": 1.0}","{""energy"": 0.33333333333333326, ""water"": 0.9450666666666666, ""transport"": 0.6666666666666666}",10,0.4727164861763551,,,[],,v2.0,0.7,0.3
S4_water_partial,186,186,8291788841512945464,scenario=S4_water_partial|method=both|duration=0|theta=0.300000|delta_threshold=0.100000|A=v2.0|w=na|run_id=186|seed=8291788841512945464,False,"{""step_1_amount"": 0.22483702885959625}",033832c9a51598bd69064fc3910037f6fde292830c04f0066e6d9779dc60f4ca,0.38314666666666675,0.398352516660233,0.015205849993566278,15,0.0,0.0,0.38314666666666675,0.398352516660233,0,0,0.015205849993566278,"{""energy"": 0.6666666666666667, ""water"": 0.05493333333333334, ""transport"": 0.33333333333333337}","{""energy"": 0.6767442911264479, ""water"": 0.08597961940782861, ""transport"": 0.33953638129101754}","{""energy"": 0.01007762445978111, ""water"": 0.03104628607449527, ""transport"": 0.006203047957684171}","{""energy"": 0.0, ""water"": 0.0, ""transport"": 0.0}","{""energy"": 0.0, ""water"": 0.0, ""transport"": 0.0}","{""energy"": 0.0, ""water"": 0.0, ""transport"": 0.0}",0.3,0.1,,0.38314666666666675,1.0,0.6168533333333333,1,"{""energy"": 0.6666666666666667, ""water"": 0.05493333333333334, ""transport"": 0.33333333333333337}","{""energy"": 1.0, ""water"": 1.0, ""transport"": 1.0}","{""energy"": 0.33333333333333326, ""water"": 0.9450666666666666, ""transport"": 0.6666666666666666}",12,0.398352516660233,,,[],,v2.0,0.7,0.3
S4_water_partial,187,187,256752218625524155,scenario=S4_water_partial|method=both|duration=0|theta=0.300000|delta_threshold=0.100000|A=v2.0|w=na|run_id=187|seed=256752218625524155,False,"{""step_1_amount"": 0.2328371511686993}",033832c9a51598bd69064fc3910037f6fde292830c04f0066e6d9779dc60f4ca,0.38314666666666675,0.4032503915409236,0.02010372487425688,12,0.0,0.0,0.38314666666666675,0.4032503915409236,0,0,0.02010372487425688,"{""energy"": 0.6666666666666667, ""water"": 0.05493333333333334, ""transport"": 0.33333333333333337}","{""energy"": 0.6799903407533665, ""water"": 0.09597977229420744, ""transport"": 0.341534411837716}","{""energy"": 0.013323674086699766, ""water"": 0.0410464389608741, ""transport"": 0.00820107850438262}","{""energy"": 0.0, ""water"": 0.0, ""transport"": 0.0}","{""energy"": 0.0, ""water"": 0.0, ""transport"": 0.0}","{""energy"": 0.0, ""water"": 0.0, ""transport"": 0.0}",0.3,0.1,,0.38314666666666675,1.0,0.6168533333333333,1,"{""energy"": 0.6666666666666667, ""water"": 0.05493333333333334, ""transport"": 0.33333333333333337}","{""energy"": 1.0, ""water"": 1.0, ""transport"": 1.0}","{""energy"": 0.33333333333333326, ""water"": 0.9450666666666666, ""transport"": 0.6666666666666666}",12,0.4032503915409236,,,[],,v2.0,0.7,0.3
S4_water_partial,188,188,18254885089835973671,scenario=S4_water_partial|method=both|duration=0|theta=0.300000|delta_threshold=0.100000|A=v2.0|w=na|run_id=188|seed=18254885089835973671,False,"{""step_1_amount"": 0.14240495279281448}",033832c9a51598bd69064fc3910037f6fde292830c04f0066e6d9779dc60f4ca,0.38314666666666675,0.38314666666666675,0.0,30,0.0,0.0,0.38314666666666675,0.38314666666666675,0,0,0.0,"{""energy"": 0.6666666666666667, ""water"": 0.05493333333333334, ""transport"": 0.33333333333333337}","{""energy"": 0.6666666666666667, ""water"": 0.05493333333333334, ""transport"": 0.33333333333333337}","{""energy"": 0.0, ""water"": 0.0, ""transport"": 0.0}","{""energy"": 0.0, ""water"": 0.0, ""transport"": 0.0}","{""energy"": 0.0, ""water"": 0.0, ""transport"": 0.0}","{""energy"": 0.0, ""water"": 0.0, ""transport"": 0.0}",0.3,0.1,,0.38314666666666675,1.0,0.6168533333333333,1,"{""energy"": 0.6666666666666667, ""water"": 0.05493333333333334, ""transport"": 0.33333333333333337}","{""energy"": 1.0, ""water"": 1.0, ""transport"": 1.0}","{""energy"": 0.33333333333333326, ""water"": 0.9450666666666666, ""transport"": 0.6666666666666666}",13,0.38314666666666675,,,[],,v2.0,0.7,0.3
S4_water_partial,189,189,18337707501264237844,scenario=S4_water_partial|method=both|duration=0|theta=0.300000|delta_threshold=0.100000|A=v2.0|w=na|run_id=189|seed=18337707501264237844,False,"{""step_1_amount"": 0.11311683253619108}",033832c9a51598bd69064fc3910037f6fde292830c04f0066e6d9779dc60f4ca,0.38314666666666675,0.38314666666666675,0.0,17,0.0,0.0,0.38314666666666675,0.38314666666666675,0,0,0.0,"{""energy"": 0.6666666666666667, ""water"": 0.05493333333333334, ""transport"": 0.33333333333333337}","{""energy"": 0.6666666666666667, ""water"": 0.05493333333333334, ""transport"": 0.33333333333333337}","{""energy"": 0.0, ""water"": 0.0, ""transport"": 0.0}","{""energy"": 0.0, ""water"": 0.0, ""transport"": 0.0}","{""energy"": 0.0, ""water"": 0.0, ""transport"": 0.0}","{""energy"": 0.0, ""water"": 0.0, ""transport"": 0.0}",0.3,0.1,,0.38314666666666675,1.0,0.6168533333333333,1,"{""energy"": 0.6666666666666667, ""water"": 0.05493333333333334, ""transport"": 0.33333333333333337}","{""energy"": 1.0, ""water"": 1.0, ""transport"": 1.0}","{""energy"": 0.33333333333333326, ""water"": 0.9450666666666666, ""transport"": 0.6666666666666666}",13,0.38314666666666675,,,[],,v2.0,0.7,0.3
S4_water_partial,190,190,10358691409670915190,scenario=S4_water_partial|method=both|duration=0|theta=0.300000|delta_threshold=0.100000|A=v2.0|w=na|run_id=190|seed=10358691409670915190,False,"{""step_1_amount"": 0.13865764002038075}",033832c9a51598bd69064fc3910037f6fde292830c04f0066e6d9779dc60f4ca,0.38314666666666675,0.38314666666666675,0.0,26,0.0,0.0,0.38314666666666675,0.38314666666666675,0,0,0.0,"{""energy"": 0.6666666666666667, ""water"": 0.05493333333333334, ""transport"": 0.33333333333333337}","{""energy"": 0.6666666666666667, ""water"": 0.05493333333333334, ""transport"": 0.33333333333333337}","{""energy"": 0.0, ""water"": 0.0, ""transport"": 0.0}","{""energy"": 0.0, ""water"": 0.0, ""transport"": 0.0}","{""energy"": 0.0, ""water"": 0.0, ""transport"": 0.0}","{""energy"": 0.0, ""water"": 0.0, ""transport"": 0.0}",0.3,0.1,,0.38314666666666675,1.0,0.6168533333333333,1,"{""energy"": 0.6666666666666667, ""water"": 0.05493333333333334, ""transport"": 0.33333333333333337}","{""energy"": 1.0, ""water"": 1.0, ""transport"": 1.0}","{""energy"": 0.33333333333333326, ""water"": 0.9450666666666666, ""transport"": 0.6666666666666666}",13,0.38314666666666675,,,[],,v2.0,0.7,0.3
S4_water_partial,191,191,6372617620572214768,scenario=S4_water_partial|method=both|duration=0|theta=0.300000|delta_threshold=0.100000|A=v2.0|w=na|run_id=191|seed=6372617620572214768,False,"{""step_1_amount"": 0.20814746968396128}",033832c9a51598bd69064fc3910037f6fde292830c04f0066e6d9779dc60f4ca,0.38314666666666675,0.38813475129392994,0.00498808462726319,29,0.0,0.0,0.38314666666666675,0.38813475129392994,0,0,0.00498808462726319,"{""energy"": 0.6666666666666667, ""water"": 0.05493333333333334, ""transport"": 0.33333333333333337}","{""energy"": 0.669972502490934, ""water"": 0.06511767043828494, ""transport"": 0.3353681638869027}","{""energy"": 0.0033058358242672448, ""water"": 0.010184337104951598, ""transport"": 0.0020348305535693445}","{""energy"": 0.0, ""water"": 0.0, ""transport"": 0.0}","{""energy"": 0.0, ""water"": 0.0, ""transport"": 0.0}","{""energy"": 0.0, ""water"": 0.0, ""transport"": 0.0}",0.3,0.1,,0.38314666666666675,1.0,0.6168533333333333,1,"{""energy"": 0.6666666666666667, ""water"": 0.05493333333333334, ""transport"": 0.33333333333333337}","{""energy"": 1.0, ""water"": 1.0, ""transport"": 1.0}","{""energy"": 0.33333333333333326, ""water"": 0.9450666666666666, ""transport"": 0.6666666666666666}",12,0.38813475129392994,,,[],,v2.0,0.7,0.3
S4_water_partial,192,192,3351217991810535275,scenario=S4_water_partial|method=both|duration=0|theta=0.300000|delta_threshold=0.100000|A=v2.0|w=na|run_id=192|seed=3351217991810535275,False,"{""step_1_amount"": 0.20028106016484168}",033832c9a51598bd69064fc3910037f6fde292830c04f0066e6d9779dc60f4ca,0.38314666666666675,0.38331873872608685,0.00017207205942010306,6,0.0,0.0,0.38314666666666675,0.38331873872608685,0,0,0.00017207205942010306,"{""energy"": 0.6666666666666667, ""water"": 0.05493333333333334, ""transport"": 0.33333333333333337}","{""energy"": 0.6667807068285512, ""water"": 0.05528465853938536, ""transport"": 0.3334035281095026}","{""energy"": 0.00011404016188443222, ""water"": 0.0003513252060520222, ""transport"": 7.019477616920788e-05}","{""energy"": 0.0, ""water"": 0.0, ""transport"": 0.0}","{""energy"": 0.0, ""water"": 0.0, ""transport"": 0.0}","{""energy"": 0.0, ""water"": 0.0, ""transport"": 0.0}",0.3,0.1,,0.38314666666666675,1.0,0.6168533333333333,1,"{""energy"": 0.6666666666666667, ""water"": 0.05493333333333334, ""transport"": 0.33333333333333337}","{""energy"": 1.0, ""water"": 1.0, ""transport"": 1.0}","{""energy"": 0.33333333333333326, ""water"": 0.9450666666666666, ""transport"": 0.6666666666666666}",13,0.38331873872608685,,,[],,v2.0,0.7,0.3
S4_water_partial,193,193,5647112583067504293,scenario=S4_water_partial|method=both|duration=0|theta=0.300000|delta_threshold=0.100000|A=v2.0|w=na|run_id=193|seed=5647112583067504293,False,"{""step_1_amount"": 0.21221488600866367}",033832c9a51598bd69064fc3910037f6fde292830c04f0066e6d9779dc60f4ca,0.38314666666666675,0.3906249252533209,0.00747825858665413,12,0.0,0.0,0.38314666666666675,0.3906249252533209,0,0,0.00747825858665413,"{""energy"": 0.6666666666666667, ""water"": 0.05493333333333334, ""transport"": 0.33333333333333337}","{""energy"": 0.671622856664682, ""water"": 0.07020194084416298, ""transport"": 0.33638400111399713}","{""energy"": 0.004956189998015281, ""water"": 0.015268607510829639, ""transport"": 0.0030506677806637628}","{""energy"": 0.0, ""water"": 0.0, ""transport"": 0.0}","{""energy"": 0.0, ""water"": 0.0, ""transport"": 0.0}","{""energy"": 0.0, ""water"": 0.0, ""transport"": 0.0}",0.3,0.1,,0.38314666666666675,1.0,0.6168533333333333,1,"{""energy"": 0.6666666666666667, ""water"": 0.05493333333333334, ""transport"": 0.33333333333333337}","{""energy"": 1.0, ""water"": 1.0, ""transport"": 1.0}","{""energy"": 0.33333333333333326, ""water"": 0.9450666666666666, ""transport"": 0.6666666666666666}",12,0.3906249252533209,,,[],,v2.0,0.7,0.3
S4_water_partial,194,194,10320266190911014127,scenario=S4_water_partial|method=both|duration=0|theta=0.300000|delta_threshold=0.100000|A=v2.0|w=na|run_id=194|seed=10320266190911014127,False,"{""step_1_amount"": 0.16104397490954955}",033832c9a51598bd69064fc3910037f6fde292830c04f0066e6d9779dc60f4ca,0.38314666666666675,0.38314666666666675,0.0,10,0.0,0.0,0.38314666666666675,0.38314666666666675,0,0,0.0,"{""energy"": 0.6666666666666667, ""water"": 0.05493333333333334, ""transport"": 0.33333333333333337}","{""energy"": 0.6666666666666667, ""water"": 0.05493333333333334, ""transport"": 0.33333333333333337}","{""energy"": 0.0, ""water"": 0.0, ""transport"": 0.0}","{""energy"": 0.0, ""water"": 0.0, ""transport"": 0.0}","{""energy"": 0.0, ""water"": 0.0, ""transport"": 0.0}","{""energy"": 0.0, ""water"": 0.0, ""transport"": 0.0}",0.3,0.1,,0.38314666666666675,1.0,0.6168533333333333,1,"{""energy"": 0.6666666666666667, ""water"": 0.05493333333333334, ""transport"": 0.33333333333333337}","{""energy"": 1.0, ""water"": 1.0, ""transport"": 1.0}","{""energy"": 0.33333333333333326, ""water"": 0.9450666666666666, ""transport"": 0.6666666666666666}",13,0.38314666666666675,,,[],,v2.0,0.7,0.3
S4_water_partial,195,195,17643555025775051485,scenario=S4_water_partial|method=both|duration=0|theta=0.300000|delta_threshold=0.100000|A=v2.0|w=na|run_id=195|seed=17643555025775051485,False,"{""step_1_amount"": 0.12458379611565058}",033832c9a51598bd69064fc3910037f6fde292830c04f0066e6d9779dc60f4ca,0.38314666666666675,0.38314666666666675,0.0,16,0.0,0.0,0.38314666666666675,0.38314666666666675,0,0,0.0,"{""energy"": 0.6666666666666667, ""water"": 0.05493333333333334, ""transport"": 0.33333333333333337}","{""energy"": 0.6666666666666667, ""water"": 0.05493333333333334, ""transport"": 0.33333333333333337}","{""energy"": 0.0, ""water"": 0.0, ""transport"": 0.0}","{""energy"": 0.0, ""water"": 0.0, ""transport"": 0.0}","{""energy"": 0.0, ""water"": 0.0, ""transport"": 0.0}","{""energy"": 0.0, ""water"": 0.0, ""transport"": 0.0}",0.3,0.1,,0.38314666666666675,1.0,0.6168533333333333,1,"{""energy"": 0.6666666666666667, ""water"": 0.05493333333333334, ""transport"": 0.33333333333333337}","{""energy"": 1.0, ""water"": 1.0, ""transport"": 1.0}","{""energy"": 0.33333333333333326, ""water"": 0.9450666666666666, ""transport"": 0.6666666666666666}",13,0.38314666666666675,,,[],,v2.0,0.7,0.3
S4_water_partial,196,196,1023001308128001646,scenario=S4_water_partial|method=both|duration=0|theta=0.300000|delta_threshold=0.100000|A=v2.0|w=na|run_id=196|seed=1023001308128001646,False,"{""step_1_amount"": 0.04628629955862914}",033832c9a51598bd69064fc3910037f6fde292830c04f0066e6d9779dc60f4ca,0.38314666666666675,0.38314666666666675,0.0,23,0.0,0.0,0.38314666666666675,0.38314666666666675,0,0,0.0,"{""energy"": 0.6666666666666667, ""water"": 0.05493333333333334, ""transport"": 0.33333333333333337}","{""energy"": 0.6666666666666667, ""water"": 0.05493333333333334, ""transport"": 0.33333333333333337}","{""energy"": 0.0, ""water"": 0.0, ""transport"": 0.0}","{""energy"": 0.0, ""water"": 0.0, ""transport"": 0.0}","{""energy"": 0.0, ""water"": 0.0, ""transport"": 0.0}","{""energy"": 0.0, ""water"": 0.0, ""transport"": 0.0}",0.3,0.1,,0.38314666666666675,1.0,0.6168533333333333,1,"{""energy"": 0.6666666666666667, ""water"": 0.05493333333333334, ""transport"": 0.33333333333333337}","{""energy"": 1.0, ""water"": 1.0, ""transport"": 1.0}","{""energy"": 0.33333333333333326, ""water"": 0.9450666666666666, ""transport"": 0.6666666666666666}",13,0.38314666666666675,,,[],,v2.0,0.7,0.3
S4_water_partial,197,197,8460839253726747940,scenario=S4_water_partial|method=both|duration=0|theta=0.300000|delta_threshold=0.100000|A=v2.0|w=na|run_id=197|seed=8460839253726747940,False,"{""step_1_amount"": 0.07101708956389569}",033832c9a51598bd69064fc3910037f6fde292830c04f0066e6d9779dc60f4ca,0.38314666666666675,0.38314666666666675,0.0,23,0.0,0.0,0.38314666666666675,0.38314666666666675,0,0,0.0,"{""energy"": 0.6666666666666667, ""water"": 0.05493333333333334, ""transport"": 0.33333333333333337}","{""energy"": 0.6666666666666667, ""water"": 0.05493333333333334, ""transport"": 0.33333333333333337}","{""energy"": 0.0, ""water"": 0.0, ""transport"": 0.0}","{""energy"": 0.0, ""water"": 0.0, ""transport"": 0.0}","{""energy"": 0.0, ""water"": 0.0, ""transport"": 0.0}","{""energy"": 0.0, ""water"": 0.0, ""transport"": 0.0}",0.3,0.1,,0.38314666666666675,1.0,0.6168533333333333,1,"{""energy"": 0.6666666666666667, ""water"": 0.05493333333333334, ""transport"": 0.33333333333333337}","{""energy"": 1.0, ""water"": 1.0, ""transport"": 1.0}","{""energy"": 0.33333333333333326, ""water"": 0.9450666666666666, ""transport"": 0.6666666666666666}",13,0.38314666666666675,,,[],,v2.0,0.7,0.3
S4_water_partial,198,198,2843110811441619285,scenario=S4_water_partial|method=both|duration=0|theta=0.300000|delta_threshold=0.100000|A=v2.0|w=na|run_id=198|seed=2843110811441619285,False,"{""step_1_amount"": 0.2154659059169869}",033832c9a51598bd69064fc3910037f6fde292830c04f0066e6d9779dc60f4ca,0.38314666666666675,0.392615280916694,0.009468614250027263,24,0.0,0.0,0.38314666666666675,0.392615280916694,0,0,0.009468614250027263,"{""energy"": 0.6666666666666667, ""water"": 0.05493333333333334, ""transport"": 0.33333333333333337}","{""energy"": 0.6729419579924841, ""water"": 0.07426571572956699, ""transport"": 0.33719594333610087}","{""energy"": 0.006275291325817389, ""water"": 0.019332382396233645, ""transport"": 0.003862610002767497}","{""energy"": 0.0, ""water"": 0.0, ""transport"": 0.0}","{""energy"": 0.0, ""water"": 0.0, ""transport"": 0.0}","{""energy"": 0.0, ""water"": 0.0, ""transport"": 0.0}",0.3,0.1,,0.38314666666666675,1.0,0.6168533333333333,1,"{""energy"": 0.6666666666666667, ""water"": 0.05493333333333334, ""transport"": 0.33333333333333337}","{""energy"": 1.0, ""water"": 1.0, ""transport"": 1.0}","{""energy"": 0.33333333333333326, ""water"": 0.9450666666666666, ""transport"": 0.6666666666666666}",12,0.392615280916694,,,[],,v2.0,0.7,0.3
S4_water_partial,199,199,16612625381537250129,scenario=S4_water_partial|method=both|duration=0|theta=0.300000|delta_threshold=0.100000|A=v2.0|w=na|run_id=199|seed=16612625381537250129,False,"{""step_1_amount"": 0.11921790384523817}",033832c9a51598bd69064fc3910037f6fde292830c04f0066e6d9779dc60f4ca,0.38314666666666675,0.38314666666666675,0.0,11,0.0,0.0,0.38314666666666675,0.38314666666666675,0,0,0.0,"{""energy"": 0.6666666666666667, ""water"": 0.05493333333333334, ""transport"": 0.33333333333333337}","{""energy"": 0.6666666666666667, ""water"": 0.05493333333333334, ""transport"": 0.33333333333333337}","{""energy"": 0.0, ""water"": 0.0, ""transport"": 0.0}","{""energy"": 0.0, ""water"": 0.0, ""transport"": 0.0}","{""energy"": 0.0, ""water"": 0.0, ""transport"": 0.0}","{""energy"": 0.0, ""water"": 0.0, ""transport"": 0.0}",0.3,0.1,,0.38314666666666675,1.0,0.6168533333333333,1,"{""energy"": 0.6666666666666667, ""water"": 0.05493333333333334, ""transport"": 0.33333333333333337}","{""energy"": 1.0, ""water"": 1.0, ""transport"": 1.0}","{""energy"": 0.33333333333333326, ""water"": 0.9450666666666666, ""transport"": 0.6666666666666666}",13,0.38314666666666675,,,[],,v2.0,0.7,0.3
S4_water_partial,200,200,18367865402235930225,scenario=S4_water_partial|method=both|duration=0|theta=0.300000|delta_threshold=0.100000|A=v2.0|w=na|run_id=200|seed=18367865402235930225,False,"{""step_1_amount"": 0.1451219204413697}",033832c9a51598bd69064fc3910037f6fde292830c04f0066e6d9779dc60f4ca,0.38314666666666675,0.38314666666666675,0.0,28,0.0,0.0,0.38314666666666675,0.38314666666666675,0,0,0.0,"{""energy"": 0.6666666666666667, ""water"": 0.05493333333333334, ""transport"": 0.33333333333333337}","{""energy"": 0.6666666666666667, ""water"": 0.05493333333333334, ""transport"": 0.33333333333333337}","{""energy"": 0.0, ""water"": 0.0, ""transport"": 0.0}","{""energy"": 0.0, ""water"": 0.0, ""transport"": 0.0}","{""energy"": 0.0, ""water"": 0.0, ""transport"": 0.0}","{""energy"": 0.0, ""water"": 0.0, ""transport"": 0.0}",0.3,0.1,,0.38314666666666675,1.0,0.6168533333333333,1,"{""energy"": 0.6666666666666667, ""water"": 0.05493333333333334, ""transport"": 0.33333333333333337}","{""energy"": 1.0, ""water"": 1.0, ""transport"": 1.0}","{""energy"": 0.33333333333333326, ""water"": 0.9450666666666666, ""transport"": 0.6666666666666666}",13,0.38314666666666675,,,[],,v2.0,0.7,0.3
S4_water_partial,201,201,7708777399935570594,scenario=S4_water_partial|method=both|duration=0|theta=0.300000|delta_threshold=0.100000|A=v2.0|w=na|run_id=201|seed=7708777399935570594,False,"{""step_1_amount"": 0.17298744510459704}",033832c9a51598bd69064fc3910037f6fde292830c04f0066e6d9779dc60f4ca,0.38314666666666675,0.38314666666666675,0.0,28,0.0,0.0,0.38314666666666675,0.38314666666666675,0,0,0.0,"{""energy"": 0.6666666666666667, ""water"": 0.05493333333333334, ""transport"": 0.33333333333333337}","{""energy"": 0.6666666666666667, ""water"": 0.05493333333333334, ""transport"": 0.33333333333333337}","{""energy"": 0.0, ""water"": 0.0, ""transport"": 0.0}","{""energy"": 0.0, ""water"": 0.0, ""transport"": 0.0}","{""energy"": 0.0, ""water"": 0.0, ""transport"": 0.0}","{""energy"": 0.0, ""water"": 0.0, ""transport"": 0.0}",0.3,0.1,,0.38314666666666675,1.0,0.6168533333333333,1,"{""energy"": 0.6666666666666667, ""water"": 0.05493333333333334, ""transport"": 0.33333333333333337}","{""energy"": 1.0, ""water"": 1.0, ""transport"": 1.0}","{""energy"": 0.33333333333333326, ""water"": 0.9450666666666666, ""transport"": 0.6666666666666666}",13,0.38314666666666675,,,[],,v2.0,0.7,0.3
S4_water_partial,202,202,17027518566642376911,scenario=S4_water_partial|method=both|duration=0|theta=0.300000|delta_threshold=0.100000|A=v2.0|w=na|run_id=202|seed=17027518566642376911,False,"{""step_1_amount"": 0.14049471672608635}",033832c9a51598bd69064fc3910037f6fde292830c04f0066e6d9779dc60f4ca,0.38314666666666675,0.38314666666666675,0.0,5,0.0,0.0,0.38314666666666675,0.38314666666666675,0,0,0.0,"{""energy"": 0.6666666666666667, ""water"": 0.05493333333333334, ""transport"": 0.33333333333333337}","{""energy"": 0.6666666666666667, ""water"": 0.05493333333333334, ""transport"": 0.33333333333333337}","{""energy"": 0.0, ""water"": 0.0, ""transport"": 0.0}","{""energy"": 0.0, ""water"": 0.0, ""transport"": 0.0}","{""energy"": 0.0, ""water"": 0.0, ""transport"": 0.0}","{""energy"": 0.0, ""water"": 0.0, ""transport"": 0.0}",0.3,0.1,,0.38314666666666675,1.0,0.6168533333333333,1,"{""energy"": 0.6666666666666667, ""water"": 0.05493333333333334, ""transport"": 0.33333333333333337}","{""energy"": 1.0, ""water"": 1.0, ""transport"": 1.0}","{""energy"": 0.33333333333333326, ""water"": 0.9450666666666666, ""transport"": 0.6666666666666666}",13,0.38314666666666675,,,[],,v2.0,0.7,0.3
S4_water_partial,203,203,4073314987731530747,scenario=S4_water_partial|method=both|duration=0|theta=0.300000|delta_threshold=0.100000|A=v2.0|w=na|run_id=203|seed=4073314987731530747,False,"{""step_1_amount"": 0.13386987523860522}",033832c9a51598bd69064fc3910037f6fde292830c04f0066e6d9779dc60f4ca,0.38314666666666675,0.38314666666666675,0.0,8,0.0,0.0,0.38314666666666675,0.38314666666666675,0,0,0.0,"{""energy"": 0.6666666666666667, ""water"": 0.05493333333333334, ""transport"": 0.33333333333333337}","{""energy"": 0.6666666666666667, ""water"": 0.05493333333333334, ""transport"": 0.33333333333333337}","{""energy"": 0.0, ""water"": 0.0, ""transport"": 0.0}","{""energy"": 0.0, ""water"": 0.0, ""transport"": 0.0}","{""energy"": 0.0, ""water"": 0.0, ""transport"": 0.0}","{""energy"": 0.0, ""water"": 0.0, ""transport"": 0.0}",0.3,0.1,,0.38314666666666675,1.0,0.6168533333333333,1,"{""energy"": 0.6666666666666667, ""water"": 0.05493333333333334, ""transport"": 0.33333333333333337}","{""energy"": 1.0, ""water"": 1.0, ""transport"": 1.0}","{""energy"": 0.33333333333333326, ""water"": 0.9450666666666666, ""transport"": 0.6666666666666666}",13,0.38314666666666675,,,[],,v2.0,0.7,0.3
S4_water_partial,204,204,3580617125738253274,scenario=S4_water_partial|method=both|duration=0|theta=0.300000|delta_threshold=0.100000|A=v2.0|w=na|run_id=204|seed=3580617125738253274,False,"{""step_1_amount"": 0.44374338984390405}",033832c9a51598bd69064fc3910037f6fde292830c04f0066e6d9779dc60f4ca,0.38314666666666675,0.5323724635138508,0.14922579684718407,25,0.0,0.0,0.38314666666666675,0.5323724635138508,0,0,0.14922579684718407,"{""energy"": 0.6666666666666667, ""water"": 0.05493333333333334, ""transport"": 0.33333333333333337}","{""energy"": 0.7655655470958308, ""water"": 0.3596125706382133, ""transport"": 0.39420824494684836}","{""energy"": 0.09889888042916406, ""water"": 0.30467923730487995, ""transport"": 0.06087491161351499}","{""energy"": 0.0, ""water"": 0.0, ""transport"": 0.0}","{""energy"": 0.0, ""water"": 0.0, ""transport"": 0.0}","{""energy"": 0.0, ""water"": 0.0, ""transport"": 0.0}",0.3,0.1,,0.38314666666666675,1.0,0.6168533333333333,1,"{""energy"": 0.6666666666666667, ""water"": 0.05493333333333334, ""transport"": 0.33333333333333337}","{""energy"": 1.0, ""water"": 1.0, ""transport"": 1.0}","{""energy"": 0.33333333333333326, ""water"": 0.9450666666666666, ""transport"": 0.6666666666666666}",9,0.5323724635138508,,,[],,v2.0,0.7,0.3
S4_water_partial,205,205,4826632332114912928,scenario=S4_water_partial|method=both|duration=0|theta=0.300000|delta_threshold=0.100000|A=v2.0|w=na|run_id=205|seed=4826632332114912928,False,"{""step_1_amount"": 0.03315985674362326}",033832c9a51598bd69064fc3910037f6fde292830c04f0066e6d9779dc60f4ca,0.38314666666666675,0.38314666666666675,0.0,23,0.0,0.0,0.38314666666666675,0.38314666666666675,0,0,0.0,"{""energy"": 0.6666666666666667, ""water"": 0.05493333333333334, ""transport"": 0.33333333333333337}","{""energy"": 0.6666666666666667, ""water"": 0.05493333333333334, ""transport"": 0.33333333333333337}","{""energy"": 0.0, ""water"": 0.0, ""transport"": 0.0}","{""energy"": 0.0, ""water"": 0.0, ""transport"": 0.0}","{""energy"": 0.0, ""water"": 0.0, ""transport"": 0.0}","{""energy"": 0.0, ""water"": 0.0, ""transport"": 0.0}",0.3,0.1,,0.38314666666666675,1.0,0.6168533333333333,1,"{""energy"": 0.6666666666666667, ""water"": 0.05493333333333334, ""transport"": 0.33333333333333337}","{""energy"": 1.0, ""water"": 1.0, ""transport"": 1.0}","{""energy"": 0.33333333333333326, ""water"": 0.9450666666666666, ""transport"": 0.6666666666666666}",13,0.38314666666666675,,,[],,v2.0,0.7,0.3
S4_water_partial,206,206,3730427745991711657,scenario=S4_water_partial|method=both|duration=0|theta=0.300000|delta_threshold=0.100000|A=v2.0|w=na|run_id=206|seed=3730427745991711657,False,"{""step_1_amount"": 0.21259994344602146}",033832c9a51598bd69064fc3910037f6fde292830c04f0066e6d9779dc60f4ca,0.38314666666666675,0.39086066704290723,0.007714000376240482,13,0.0,0.0,0.38314666666666675,0.39086066704290723,0,0,0.007714000376240482,"{""energy"": 0.6666666666666667, ""water"": 0.05493333333333334, ""transport"": 0.33333333333333337}","{""energy"": 0.67177909371989, ""water"": 0.0706832626408602, ""transport"": 0.3364801692089772}","{""energy"": 0.005112427053223234, ""water"": 0.015749929307526854, ""transport"": 0.0031468358756438497}","{""energy"": 0.0, ""water"": 0.0, ""transport"": 0.0}","{""energy"": 0.0, ""water"": 0.0, ""transport"": 0.0}","{""energy"": 0.0, ""water"": 0.0, ""transport"": 0.0}",0.3,0.1,,0.38314666666666675,1.0,0.6168533333333333,1,"{""energy"": 0.6666666666666667, ""water"": 0.05493333333333334, ""transport"": 0.33333333333333337}","{""energy"": 1.0, ""water"": 1.0, ""transport"": 1.0}","{""energy"": 0.33333333333333326, ""water"": 0.9450666666666666, ""transport"": 0.6666666666666666}",12,0.39086066704290723,,,[],,v2.0,0.7,0.3
S4_water_partial,207,207,4285642799282676962,scenario=S4_water_partial|method=both|duration=0|theta=0.300000|delta_threshold=0.100000|A=v2.0|w=na|run_id=207|seed=4285642799282676962,False,"{""step_1_amount"": 0.1990666018744346}",033832c9a51598bd69064fc3910037f6fde292830c04f0066e6d9779dc60f4ca,0.38314666666666675,0.38314666666666675,0.0,12,0.0,0.0,0.38314666666666675,0.38314666666666675,0,0,0.0,"{""energy"": 0.6666666666666667, ""water"": 0.05493333333333334, ""transport"": 0.33333333333333337}","{""energy"": 0.6666666666666667, ""water"": 0.05493333333333334, ""transport"": 0.33333333333333337}","{""energy"": 0.0, ""water"": 0.0, ""transport"": 0.0}","{""energy"": 0.0, ""water"": 0.0, ""transport"": 0.0}","{""energy"": 0.0, ""water"": 0.0, ""transport"": 0.0}","{""energy"": 0.0, ""water"": 0.0, ""transport"": 0.0}",0.3,0.1,,0.38314666666666675,1.0,0.6168533333333333,1,"{""energy"": 0.6666666666666667, ""water"": 0.05493333333333334, ""transport"": 0.33333333333333337}","{""energy"": 1.0, ""water"": 1.0, ""transport"": 1.0}","{""energy"": 0.33333333333333326, ""water"": 0.9450666666666666, ""transport"": 0.6666666666666666}",13,0.38314666666666675,,,[],,v2.0,0.7,0.3
S4_water_partial,208,208,9013095267819747455,scenario=S4_water_partial|method=both|duration=0|theta=0.300000|delta_threshold=0.100000|A=v2.0|w=na|run_id=208|seed=9013095267819747455,False,"{""step_1_amount"": 0.15076423588621507}",033832c9a51598bd69064fc3910037f6fde292830c04f0066e6d9779dc60f4ca,0.38314666666666675,0.38314666666666675,0.0,28,0.0,0.0,0.38314666666666675,0.38314666666666675,0,0,0.0,"{""energy"": 0.6666666666666667, ""water"": 0.05493333333333334, ""transport"": 0.33333333333333337}","{""energy"": 0.6666666666666667, ""water"": 0.05493333333333334, ""transport"": 0.33333333333333337}","{""energy"": 0.0, ""water"": 0.0, ""transport"": 0.0}","{""energy"": 0.0, ""water"": 0.0, ""transport"": 0.0}","{""energy"": 0.0, ""water"": 0.0, ""transport"": 0.0}","{""energy"": 0.0, ""water"": 0.0, ""transport"": 0.0}",0.3,0.1,,0.38314666666666675,1.0,0.6168533333333333,1,"{""energy"": 0.6666666666666667, ""water"": 0.05493333333333334, ""transport"": 0.33333333333333337}","{""energy"": 1.0, ""water"": 1.0, ""transport"": 1.0}","{""energy"": 0.33333333333333326, ""water"": 0.9450666666666666, ""transport"": 0.6666666666666666}",13,0.38314666666666675,,,[],,v2.0,0.7,0.3
S4_water_partial,209,209,1034589253643259822,scenario=S4_water_partial|method=both|duration=0|theta=0.300000|delta_threshold=0.100000|A=v2.0|w=na|run_id=209|seed=1034589253643259822,False,"{""step_1_amount"": 0.15474090219812536}",033832c9a51598bd69064fc3910037f6fde292830c04f0066e6d9779dc60f4ca,0.38314666666666675,0.38314666666666675,0.0,27,0.0,0.0,0.38314666666666675,0.38314666666666675,0,0,0.0,"{""energy"": 0.6666666666666667, ""water"": 0.05493333333333334, ""transport"": 0.33333333333333337}","{""energy"": 0.6666666666666667, ""water"": 0.05493333333333334, ""transport"": 0.33333333333333337}","{""energy"": 0.0, ""water"": 0.0, ""transport"": 0.0}","{""energy"": 0.0, ""water"": 0.0, ""transport"": 0.0}","{""energy"": 0.0, ""water"": 0.0, ""transport"": 0.0}","{""energy"": 0.0, ""water"": 0.0, ""transport"": 0.0}",0.3,0.1,,0.38314666666666675,1.0,0.6168533333333333,1,"{""energy"": 0.6666666666666667, ""water"": 0.05493333333333334, ""transport"": 0.33333333333333337}","{""energy"": 1.0, ""water"": 1.0, ""transport"": 1.0}","{""energy"": 0.33333333333333326, ""water"": 0.9450666666666666, ""transport"": 0.6666666666666666}",13,0.38314666666666675,,,[],,v2.0,0.7,0.3
S4_water_partial,210,210,7078389679354832829,scenario=S4_water_partial|method=both|duration=0|theta=0.300000|delta_threshold=0.100000|A=v2.0|w=na|run_id=210|seed=7078389679354832829,False,"{""step_1_amount"": 0.017867499071088044}",033832c9a51598bd69064fc3910037f6fde292830c04f0066e6d9779dc60f4ca,0.38314666666666675,0.38314666666666675,0.0,19,0.0,0.0,0.38314666666666675,0.38314666666666675,0,0,0.0,"{""energy"": 0.6666666666666667, ""water"": 0.05493333333333334, ""transport"": 0.33333333333333337}","{""energy"": 0.6666666666666667, ""water"": 0.05493333333333334, ""transport"": 0.33333333333333337}","{""energy"": 0.0, ""water"": 0.0, ""transport"": 0.0}","{""energy"": 0.0, ""water"": 0.0, ""transport"": 0.0}","{""energy"": 0.0, ""water"": 0.0, ""transport"": 0.0}","{""energy"": 0.0, ""water"": 0.0, ""transport"": 0.0}",0.3,0.1,,0.38314666666666675,1.0,0.6168533333333333,1,"{""energy"": 0.6666666666666667, ""water"": 0.05493333333333334, ""transport"": 0.33333333333333337}","{""energy"": 1.0, ""water"": 1.0, ""transport"": 1.0}","{""energy"": 0.33333333333333326, ""water"": 0.9450666666666666, ""transport"": 0.6666666666666666}",13,0.38314666666666675,,,[],,v2.0,0.7,0.3
S4_water_partial,211,211,15796211656734346150,scenario=S4_water_partial|method=both|duration=0|theta=0.300000|delta_threshold=0.100000|A=v2.0|w=na|run_id=211|seed=15796211656734346150,False,"{""step_1_amount"": 0.08376647191917086}",033832c9a51598bd69064fc3910037f6fde292830c04f0066e6d9779dc60f4ca,0.38314666666666675,0.38314666666666675,0.0,19,0.0,0.0,0.38314666666666675,0.38314666666666675,0,0,0.0,"{""energy"": 0.6666666666666667, ""water"": 0.05493333333333334, ""transport"": 0.33333333333333337}","{""energy"": 0.6666666666666667, ""water"": 0.05493333333333334, ""transport"": 0.33333333333333337}","{""energy"": 0.0, ""water"": 0.0, ""transport"": 0.0}","{""energy"": 0.0, ""water"": 0.0, ""transport"": 0.0}","{""energy"": 0.0, ""water"": 0.0, ""transport"": 0.0}","{""energy"": 0.0, ""water"": 0.0, ""transport"": 0.0}",0.3,0.1,,0.38314666666666675,1.0,0.6168533333333333,1,"{""energy"": 0.6666666666666667, ""water"": 0.05493333333333334, ""transport"": 0.33333333333333337}","{""energy"": 1.0, ""water"": 1.0, ""transport"": 1.0}","{""energy"": 0.33333333333333326, ""water"": 0.9450666666666666, ""transport"": 0.6666666666666666}",13,0.38314666666666675,,,[],,v2.0,0.7,0.3
S4_water_partial,212,212,9830929464424593240,scenario=S4_water_partial|method=both|duration=0|theta=0.300000|delta_threshold=0.100000|A=v2.0|w=na|run_id=212|seed=9830929464424593240,False,"{""step_1_amount"": 0.211893550739512}",033832c9a51598bd69064fc3910037f6fde292830c04f0066e6d9779dc60f4ca,0.38314666666666675,0.39042819576816445,0.007281529101497708,5,0.0,0.0,0.38314666666666675,0.39042819576816445,0,0,0.007281529101497708,"{""energy"": 0.6666666666666667, ""water"": 0.05493333333333334, ""transport"": 0.33333333333333337}","{""energy"": 0.6714924748792237, ""water"": 0.0698002717577233, ""transport"": 0.3363037476305265}","{""energy"": 0.004825808212556959, ""water"": 0.014866938424389957, ""transport"": 0.0029704142971931358}","{""energy"": 0.0, ""water"": 0.0, ""transport"": 0.0}","{""energy"": 0.0, ""water"": 0.0, ""transport"": 0.0}","{""energy"": 0.0, ""water"": 0.0, ""transport"": 0.0}",0.3,0.1,,0.38314666666666675,1.0,0.6168533333333333,1,"{""energy"": 0.6666666666666667, ""water"": 0.05493333333333334, ""transport"": 0.33333333333333337}","{""energy"": 1.0, ""water"": 1.0, ""transport"": 1.0}","{""energy"": 0.33333333333333326, ""water"": 0.9450666666666666, ""transport"": 0.6666666666666666}",12,0.39042819576816445,,,[],,v2.0,0.7,0.3
S4_water_partial,213,213,14662242894549067180,scenario=S4_water_partial|method=both|duration=0|theta=0.300000|delta_threshold=0.100000|A=v2.0|w=na|run_id=213|seed=14662242894549067180,False,"{""step_1_amount"": 0.18170699688816047}",033832c9a51598bd69064fc3910037f6fde292830c04f0066e6d9779dc60f4ca,0.38314666666666675,0.38314666666666675,0.0,29,0.0,0.0,0.38314666666666675,0.38314666666666675,0,0,0.0,"{""energy"": 0.6666666666666667, ""water"": 0.05493333333333334, ""transport"": 0.33333333333333337}","{""energy"": 0.6666666666666667, ""water"": 0.05493333333333334, ""transport"": 0.33333333333333337}","{""energy"": 0.0, ""water"": 0.0, ""transport"": 0.0}","{""energy"": 0.0, ""water"": 0.0, ""transport"": 0.0}","{""energy"": 0.0, ""water"": 0.0, ""transport"": 0.0}","{""energy"": 0.0, ""water"": 0.0, ""transport"": 0.0}",0.3,0.1,,0.38314666666666675,1.0,0.6168533333333333,1,"{""energy"": 0.6666666666666667, ""water"": 0.05493333333333334, ""transport"": 0.33333333333333337}","{""energy"": 1.0, ""water"": 1.0, ""transport"": 1.0}","{""energy"": 0.33333333333333326, ""water"": 0.9450666666666666, ""transport"": 0.6666666666666666}",13,0.38314666666666675,,,[],,v2.0,0.7,0.3
S4_water_partial,214,214,9022639961817238901,scenario=S4_water_partial|method=both|duration=0|theta=0.300000|delta_threshold=0.100000|A=v2.0|w=na|run_id=214|seed=9022639961817238901,False,"{""step_1_amount"": 0.16261905397311963}",033832c9a51598bd69064fc3910037f6fde292830c04f0066e6d9779dc60f4ca,0.38314666666666675,0.38314666666666675,0.0,26,0.0,0.0,0.38314666666666675,0.38314666666666675,0,0,0.0,"{""energy"": 0.6666666666666667, ""water"": 0.05493333333333334, ""transport"": 0.33333333333333337}","{""energy"": 0.6666666666666667, ""water"": 0.05493333333333334, ""transport"": 0.33333333333333337}","{""energy"": 0.0, ""water"": 0.0, ""transport"": 0.0}","{""energy"": 0.0, ""water"": 0.0, ""transport"": 0.0}","{""energy"": 0.0, ""water"": 0.0, ""transport"": 0.0}","{""energy"": 0.0, ""water"": 0.0, ""transport"": 0.0}",0.3,0.1,,0.38314666666666675,1.0,0.6168533333333333,1,"{""energy"": 0.6666666666666667, ""water"": 0.05493333333333334, ""transport"": 0.33333333333333337}","{""energy"": 1.0, ""water"": 1.0, ""transport"": 1.0}","{""energy"": 0.33333333333333326, ""water"": 0.9450666666666666, ""transport"": 0.6666666666666666}",13,0.38314666666666675,,,[],,v2.0,0.7,0.3
S4_water_partial,215,215,7338719157354193578,scenario=S4_water_partial|method=both|duration=0|theta=0.300000|delta_threshold=0.100000|A=v2.0|w=na|run_id=215|seed=7338719157354193578,False,"{""step_1_amount"": 0.17536455803094245}",033832c9a51598bd69064fc3910037f6fde292830c04f0066e6d9779dc60f4ca,0.38314666666666675,0.38314666666666675,0.0,11,0.0,0.0,0.38314666666666675,0.38314666666666675,0,0,0.0,"{""energy"": 0.6666666666666667, ""water"": 0.05493333333333334, ""transport"": 0.33333333333333337}","{""energy"": 0.6666666666666667, ""water"": 0.05493333333333334, ""transport"": 0.33333333333333337}","{""energy"": 0.0, ""water"": 0.0, ""transport"": 0.0}","{""energy"": 0.0, ""water"": 0.0, ""transport"": 0.0}","{""energy"": 0.0, ""water"": 0.0, ""transport"": 0.0}","{""energy"": 0.0, ""water"": 0.0, ""transport"": 0.0}",0.3,0.1,,0.38314666666666675,1.0,0.6168533333333333,1,"{""energy"": 0.6666666666666667, ""water"": 0.05493333333333334, ""transport"": 0.33333333333333337}","{""energy"": 1.0, ""water"": 1.0, ""transport"": 1.0}","{""energy"": 0.33333333333333326, ""water"": 0.9450666666666666, ""transport"": 0.6666666666666666}",13,0.38314666666666675,,,[],,v2.0,0.7,0.3
S4_water_partial,216,216,16605033489344107484,scenario=S4_water_partial|method=both|duration=0|theta=0.300000|delta_threshold=0.100000|A=v2.0|w=na|run_id=216|seed=16605033489344107484,False,"{""step_1_amount"": 0.11389395836804449}",033832c9a51598bd69064fc3910037f6fde292830c04f0066e6d9779dc60f4ca,0.38314666666666675,0.38314666666666675,0.0,26,0.0,0.0,0.38314666666666675,0.38314666666666675,0,0,0.0,"{""energy"": 0.6666666666666667, ""water"": 0.05493333333333334, ""transport"": 0.33333333333333337}","{""energy"": 0.6666666666666667, ""water"": 0.05493333333333334, ""transport"": 0.33333333333333337}","{""energy"": 0.0, ""water"": 0.0, ""transport"": 0.0}","{""energy"": 0.0, ""water"": 0.0, ""transport"": 0.0}","{""energy"": 0.0, ""water"": 0.0, ""transport"": 0.0}","{""energy"": 0.0, ""water"": 0.0, ""transport"": 0.0}",0.3,0.1,,0.38314666666666675,1.0,0.6168533333333333,1,"{""energy"": 0.6666666666666667, ""water"": 0.05493333333333334, ""transport"": 0.33333333333333337}","{""energy"": 1.0, ""water"": 1.0, ""transport"": 1.0}","{""energy"": 0.33333333333333326, ""water"": 0.9450666666666666, ""transport"": 0.6666666666666666}",13,0.38314666666666675,,,[],,v2.0,0.7,0.3
S4_water_partial,217,217,8667746702949266342,scenario=S4_water_partial|method=both|duration=0|theta=0.300000|delta_threshold=0.100000|A=v2.0|w=na|run_id=217|seed=8667746702949266342,False,"{""step_1_amount"": 0.12773396844983786}",033832c9a51598bd69064fc3910037f6fde292830c04f0066e6d9779dc60f4ca,0.38314666666666675,0.38314666666666675,0.0,14,0.0,0.0,0.38314666666666675,0.38314666666666675,0,0,0.0,"{""energy"": 0.6666666666666667, ""water"": 0.05493333333333334, ""transport"": 0.33333333333333337}","{""energy"": 0.6666666666666667, ""water"": 0.05493333333333334, ""transport"": 0.33333333333333337}","{""energy"": 0.0, ""water"": 0.0, ""transport"": 0.0}","{""energy"": 0.0, ""water"": 0.0, ""transport"": 0.0}","{""energy"": 0.0, ""water"": 0.0, ""transport"": 0.0}","{""energy"": 0.0, ""water"": 0.0, ""transport"": 0.0}",0.3,0.1,,0.38314666666666675,1.0,0.6168533333333333,1,"{""energy"": 0.6666666666666667, ""water"": 0.05493333333333334, ""transport"": 0.33333333333333337}","{""energy"": 1.0, ""water"": 1.0, ""transport"": 1.0}","{""energy"": 0.33333333333333326, ""water"": 0.9450666666666666, ""transport"": 0.6666666666666666}",13,0.38314666666666675,,,[],,v2.0,0.7,0.3
S4_water_partial,218,218,10261775477346982685,scenario=S4_water_partial|method=both|duration=0|theta=0.300000|delta_threshold=0.100000|A=v2.0|w=na|run_id=218|seed=10261775477346982685,False,"{""step_1_amount"": 0.11895209913163401}",033832c9a51598bd69064fc3910037f6fde292830c04f0066e6d9779dc60f4ca,0.38314666666666675,0.38314666666666675,0.0,17,0.0,0.0,0.38314666666666675,0.38314666666666675,0,0,0.0,"{""energy"": 0.6666666666666667, ""water"": 0.05493333333333334, ""transport"": 0.33333333333333337}","{""energy"": 0.6666666666666667, ""water"": 0.05493333333333334, ""transport"": 0.33333333333333337}","{""energy"": 0.0, ""water"": 0.0, ""transport"": 0.0}","{""energy"": 0.0, ""water"": 0.0, ""transport"": 0.0}","{""energy"": 0.0, ""water"": 0.0, ""transport"": 0.0}","{""energy"": 0.0, ""water"": 0.0, ""transport"": 0.0}",0.3,0.1,,0.38314666666666675,1.0,0.6168533333333333,1,"{""energy"": 0.6666666666666667, ""water"": 0.05493333333333334, ""transport"": 0.33333333333333337}","{""energy"": 1.0, ""water"": 1.0, ""transport"": 1.0}","{""energy"": 0.33333333333333326, ""water"": 0.9450666666666666, ""transport"": 0.6666666666666666}",13,0.38314666666666675,,,[],,v2.0,0.7,0.3
S4_water_partial,219,219,14897055637632722081,scenario=S4_water_partial|method=both|duration=0|theta=0.300000|delta_threshold=0.100000|A=v2.0|w=na|run_id=219|seed=14897055637632722081,False,"{""step_1_amount"": 0.14041909832389635}",033832c9a51598bd69064fc3910037f6fde292830c04f0066e6d9779dc60f4ca,0.38314666666666675,0.38314666666666675,0.0,13,0.0,0.0,0.38314666666666675,0.38314666666666675,0,0,0.0,"{""energy"": 0.6666666666666667, ""water"": 0.05493333333333334, ""transport"": 0.33333333333333337}","{""energy"": 0.6666666666666667, ""water"": 0.05493333333333334, ""transport"": 0.33333333333333337}","{""energy"": 0.0, ""water"": 0.0, ""transport"": 0.0}","{""energy"": 0.0, ""water"": 0.0, ""transport"": 0.0}","{""energy"": 0.0, ""water"": 0.0, ""transport"": 0.0}","{""energy"": 0.0, ""water"": 0.0, ""transport"": 0.0}",0.3,0.1,,0.38314666666666675,1.0,0.6168533333333333,1,"{""energy"": 0.6666666666666667, ""water"": 0.05493333333333334, ""transport"": 0.33333333333333337}","{""energy"": 1.0, ""water"": 1.0, ""transport"": 1.0}","{""energy"": 0.33333333333333326, ""water"": 0.9450666666666666, ""transport"": 0.6666666666666666}",13,0.38314666666666675,,,[],,v2.0,0.7,0.3
S4_water_partial,220,220,5987367339448560015,scenario=S4_water_partial|method=both|duration=0|theta=0.300000|delta_threshold=0.100000|A=v2.0|w=na|run_id=220|seed=5987367339448560015,False,"{""step_1_amount"": 0.16504297612875116}",033832c9a51598bd69064fc3910037f6fde292830c04f0066e6d9779dc60f4ca,0.38314666666666675,0.38314666666666675,0.0,8,0.0,0.0,0.38314666666666675,0.38314666666666675,0,0,0.0,"{""energy"": 0.6666666666666667, ""water"": 0.05493333333333334, ""transport"": 0.33333333333333337}","{""energy"": 0.6666666666666667, ""water"": 0.05493333333333334, ""transport"": 0.33333333333333337}","{""energy"": 0.0, ""water"": 0.0, ""transport"": 0.0}","{""energy"": 0.0, ""water"": 0.0, ""transport"": 0.0}","{""energy"": 0.0, ""water"": 0.0, ""transport"": 0.0}","{""energy"": 0.0, ""water"": 0.0, ""transport"": 0.0}",0.3,0.1,,0.38314666666666675,1.0,0.6168533333333333,1,"{""energy"": 0.6666666666666667, ""water"": 0.05493333333333334, ""transport"": 0.33333333333333337}","{""energy"": 1.0, ""water"": 1.0, ""transport"": 1.0}","{""energy"": 0.33333333333333326, ""water"": 0.9450666666666666, ""transport"": 0.6666666666666666}",13,0.38314666666666675,,,[],,v2.0,0.7,0.3
S4_water_partial,221,221,6621918885542015023,scenario=S4_water_partial|method=both|duration=0|theta=0.300000|delta_threshold=0.100000|A=v2.0|w=na|run_id=221|seed=6621918885542015023,False,"{""step_1_amount"": 0.13554187962116915}",033832c9a51598bd69064fc3910037f6fde292830c04f0066e6d9779dc60f4ca,0.38314666666666675,0.38314666666666675,0.0,17,0.0,0.0,0.38314666666666675,0.38314666666666675,0,0,0.0,"{""energy"": 0.6666666666666667, ""water"": 0.05493333333333334, ""transport"": 0.33333333333333337}","{""energy"": 0.6666666666666667, ""water"": 0.05493333333333334, ""transport"": 0.33333333333333337}","{""energy"": 0.0, ""water"": 0.0, ""transport"": 0.0}","{""energy"": 0.0, ""water"": 0.0, ""transport"": 0.0}","{""energy"": 0.0, ""water"": 0.0, ""transport"": 0.0}","{""energy"": 0.0, ""water"": 0.0, ""transport"": 0.0}",0.3,0.1,,0.38314666666666675,1.0,0.6168533333333333,1,"{""energy"": 0.6666666666666667, ""water"": 0.05493333333333334, ""transport"": 0.33333333333333337}","{""energy"": 1.0, ""water"": 1.0, ""transport"": 1.0}","{""energy"": 0.33333333333333326, ""water"": 0.9450666666666666, ""transport"": 0.6666666666666666}",13,0.38314666666666675,,,[],,v2.0,0.7,0.3
S4_water_partial,222,222,18063512608376831276,scenario=S4_water_partial|method=both|duration=0|theta=0.300000|delta_threshold=0.100000|A=v2.0|w=na|run_id=222|seed=18063512608376831276,False,"{""step_1_amount"": 0.1916686230718487}",033832c9a51598bd69064fc3910037f6fde292830c04f0066e6d9779dc60f4ca,0.38314666666666675,0.38314666666666675,0.0,5,0.0,0.0,0.38314666666666675,0.38314666666666675,0,0,0.0,"{""energy"": 0.6666666666666667, ""water"": 0.05493333333333334, ""transport"": 0.33333333333333337}","{""energy"": 0.6666666666666667, ""water"": 0.05493333333333334, ""transport"": 0.33333333333333337}","{""energy"": 0.0, ""water"": 0.0, ""transport"": 0.0}","{""energy"": 0.0, ""water"": 0.0, ""transport"": 0.0}","{""energy"": 0.0, ""water"": 0.0, ""transport"": 0.0}","{""energy"": 0.0, ""water"": 0.0, ""transport"": 0.0}",0.3,0.1,,0.38314666666666675,1.0,0.6168533333333333,1,"{""energy"": 0.6666666666666667, ""water"": 0.05493333333333334, ""transport"": 0.33333333333333337}","{""energy"": 1.0, ""water"": 1.0, ""transport"": 1.0}","{""energy"": 0.33333333333333326, ""water"": 0.9450666666666666, ""transport"": 0.6666666666666666}",13,0.38314666666666675,,,[],,v2.0,0.7,0.3
S4_water_partial,223,223,4518830521010876958,scenario=S4_water_partial|method=both|duration=0|theta=0.300000|delta_threshold=0.100000|A=v2.0|w=na|run_id=223|seed=4518830521010876958,False,"{""step_1_amount"": 0.17138527523392616}",033832c9a51598bd69064fc3910037f6fde292830c04f0066e6d9779dc60f4ca,0.38314666666666675,0.38314666666666675,0.0,28,0.0,0.0,0.38314666666666675,0.38314666666666675,0,0,0.0,"{""energy"": 0.6666666666666667, ""water"": 0.05493333333333334, ""transport"": 0.33333333333333337}","{""energy"": 0.6666666666666667, ""water"": 0.05493333333333334, ""transport"": 0.33333333333333337}","{""energy"": 0.0, ""water"": 0.0, ""transport"": 0.0}","{""energy"": 0.0, ""water"": 0.0, ""transport"": 0.0}","{""energy"": 0.0, ""water"": 0.0, ""transport"": 0.0}","{""energy"": 0.0, ""water"": 0.0, ""transport"": 0.0}",0.3,0.1,,0.38314666666666675,1.0,0.6168533333333333,1,"{""energy"": 0.6666666666666667, ""water"": 0.05493333333333334, ""transport"": 0.33333333333333337}","{""energy"": 1.0, ""water"": 1.0, ""transport"": 1.0}","{""energy"": 0.33333333333333326, ""water"": 0.9450666666666666, ""transport"": 0.6666666666666666}",13,0.38314666666666675,,,[],,v2.0,0.7,0.3
S4_water_partial,224,224,6144532568587209704,scenario=S4_water_partial|method=both|duration=0|theta=0.300000|delta_threshold=0.100000|A=v2.0|w=na|run_id=224|seed=6144532568587209704,False,"{""step_1_amount"": 0.2323117772797935}",033832c9a51598bd69064fc3910037f6fde292830c04f0066e6d9779dc60f4ca,0.38314666666666675,0.40292874451178823,0.019782077845121482,19,0.0,0.0,0.38314666666666675,0.40292874451178823,0,0,0.019782077845121482,"{""energy"": 0.6666666666666667, ""water"": 0.05493333333333334, ""transport"": 0.33333333333333337}","{""energy"": 0.6797771702979429, ""water"": 0.09532305493307514, ""transport"": 0.34140319970896177}","{""energy"": 0.013110503631276194, ""water"": 0.040389721599741794, ""transport"": 0.008069866375628398}","{""energy"": 0.0, ""water"": 0.0, ""transport"": 0.0}","{""energy"": 0.0, ""water"": 0.0, ""transport"": 0.0}","{""energy"": 0.0, ""water"": 0.0, ""transport"": 0.0}",0.3,0.1,,0.38314666666666675,1.0,0.6168533333333333,1,"{""energy"": 0.6666666666666667, ""water"": 0.05493333333333334, ""transport"": 0.33333333333333337}","{""energy"": 1.0, ""water"": 1.0, ""transport"": 1.0}","{""energy"": 0.33333333333333326, ""water"": 0.9450666666666666, ""transport"": 0.6666666666666666}",12,0.40292874451178823,,,[],,v2.0,0.7,0.3
S4_water_partial,225,225,11383605643073830716,scenario=S4_water_partial|method=both|duration=0|theta=0.300000|delta_threshold=0.100000|A=v2.0|w=na|run_id=225|seed=11383605643073830716,False,"{""step_1_amount"": 0.08486013057684563}",033832c9a51598bd69064fc3910037f6fde292830c04f0066e6d9779dc60f4ca,0.38314666666666675,0.38314666666666675,0.0,22,0.0,0.0,0.38314666666666675,0.38314666666666675,0,0,0.0,"{""energy"": 0.6666666666666667, ""water"": 0.05493333333333334, ""transport"": 0.33333333333333337}","{""energy"": 0.6666666666666667, ""water"": 0.05493333333333334, ""transport"": 0.33333333333333337}","{""energy"": 0.0, ""water"": 0.0, ""transport"": 0.0}","{""energy"": 0.0, ""water"": 0.0, ""transport"": 0.0}","{""energy"": 0.0, ""water"": 0.0, ""transport"": 0.0}","{""energy"": 0.0, ""water"": 0.0, ""transport"": 0.0}",0.3,0.1,,0.38314666666666675,1.0,0.6168533333333333,1,"{""energy"": 0.6666666666666667, ""water"": 0.05493333333333334, ""transport"": 0.33333333333333337}","{""energy"": 1.0, ""water"": 1.0, ""transport"": 1.0}","{""energy"": 0.33333333333333326, ""water"": 0.9450666666666666, ""transport"": 0.6666666666666666}",13,0.38314666666666675,,,[],,v2.0,0.7,0.3
S4_water_partial,226,226,12044237653699331120,scenario=S4_water_partial|method=both|duration=0|theta=0.300000|delta_threshold=0.100000|A=v2.0|w=na|run_id=226|seed=12044237653699331120,False,"{""step_1_amount"": 0.1049552514282771}",033832c9a51598bd69064fc3910037f6fde292830c04f0066e6d9779dc60f4ca,0.38314666666666675,0.38314666666666675,0.0,24,0.0,0.0,0.38314666666666675,0.38314666666666675,0,0,0.0,"{""energy"": 0.6666666666666667, ""water"": 0.05493333333333334, ""transport"": 0.33333333333333337}","{""energy"": 0.6666666666666667, ""water"": 0.05493333333333334, ""transport"": 0.33333333333333337}","{""energy"": 0.0, ""water"": 0.0, ""transport"": 0.0}","{""energy"": 0.0, ""water"": 0.0, ""transport"": 0.0}","{""energy"": 0.0, ""water"": 0.0, ""transport"": 0.0}","{""energy"": 0.0, ""water"": 0.0, ""transport"": 0.0}",0.3,0.1,,0.38314666666666675,1.0,0.6168533333333333,1,"{""energy"": 0.6666666666666667, ""water"": 0.05493333333333334, ""transport"": 0.33333333333333337}","{""energy"": 1.0, ""water"": 1.0, ""transport"": 1.0}","{""energy"": 0.33333333333333326, ""water"": 0.9450666666666666, ""transport"": 0.6666666666666666}",13,0.38314666666666675,,,[],,v2.0,0.7,0.3
S4_water_partial,227,227,5400105592762802710,scenario=S4_water_partial|method=both|duration=0|theta=0.300000|delta_threshold=0.100000|A=v2.0|w=na|run_id=227|seed=5400105592762802710,False,"{""step_1_amount"": 0.13895210757071927}",033832c9a51598bd69064fc3910037f6fde292830c04f0066e6d9779dc60f4ca,0.38314666666666675,0.38314666666666675,0.0,13,0.0,0.0,0.38314666666666675,0.38314666666666675,0,0,0.0,"{""energy"": 0.6666666666666667, ""water"": 0.05493333333333334, ""transport"": 0.33333333333333337}","{""energy"": 0.6666666666666667, ""water"": 0.05493333333333334, ""transport"": 0.33333333333333337}","{""energy"": 0.0, ""water"": 0.0, ""transport"": 0.0}","{""energy"": 0.0, ""water"": 0.0, ""transport"": 0.0}","{""energy"": 0.0, ""water"": 0.0, ""transport"": 0.0}","{""energy"": 0.0, ""water"": 0.0, ""transport"": 0.0}",0.3,0.1,,0.38314666666666675,1.0,0.6168533333333333,1,"{""energy"": 0.6666666666666667, ""water"": 0.05493333333333334, ""transport"": 0.33333333333333337}","{""energy"": 1.0, ""water"": 1.0, ""transport"": 1.0}","{""energy"": 0.33333333333333326, ""water"": 0.9450666666666666, ""transport"": 0.6666666666666666}",13,0.38314666666666675,,,[],,v2.0,0.7,0.3
S4_water_partial,228,228,6697774447647806351,scenario=S4_water_partial|method=both|duration=0|theta=0.300000|delta_threshold=0.100000|A=v2.0|w=na|run_id=228|seed=6697774447647806351,False,"{""step_1_amount"": 0.06022127842983073}",033832c9a51598bd69064fc3910037f6fde292830c04f0066e6d9779dc60f4ca,0.38314666666666675,0.38314666666666675,0.0,19,0.0,0.0,0.38314666666666675,0.38314666666666675,0,0,0.0,"{""energy"": 0.6666666666666667, ""water"": 0.05493333333333334, ""transport"": 0.33333333333333337}","{""energy"": 0.6666666666666667, ""water"": 0.05493333333333334, ""transport"": 0.33333333333333337}","{""energy"": 0.0, ""water"": 0.0, ""transport"": 0.0}","{""energy"": 0.0, ""water"": 0.0, ""transport"": 0.0}","{""energy"": 0.0, ""water"": 0.0, ""transport"": 0.0}","{""energy"": 0.0, ""water"": 0.0, ""transport"": 0.0}",0.3,0.1,,0.38314666666666675,1.0,0.6168533333333333,1,"{""energy"": 0.6666666666666667, ""water"": 0.05493333333333334, ""transport"": 0.33333333333333337}","{""energy"": 1.0, ""water"": 1.0, ""transport"": 1.0}","{""energy"": 0.33333333333333326, ""water"": 0.9450666666666666, ""transport"": 0.6666666666666666}",13,0.38314666666666675,,,[],,v2.0,0.7,0.3
S4_water_partial,229,229,3314450818963715993,scenario=S4_water_partial|method=both|duration=0|theta=0.300000|delta_threshold=0.100000|A=v2.0|w=na|run_id=229|seed=3314450818963715993,False,"{""step_1_amount"": 0.048498164898124994}",033832c9a51598bd69064fc3910037f6fde292830c04f0066e6d9779dc60f4ca,0.38314666666666675,0.38314666666666675,0.0,22,0.0,0.0,0.38314666666666675,0.38314666666666675,0,0,0.0,"{""energy"": 0.6666666666666667, ""water"": 0.05493333333333334, ""transport"": 0.33333333333333337}","{""energy"": 0.6666666666666667, ""water"": 0.05493333333333334, ""transport"": 0.33333333333333337}","{""energy"": 0.0, ""water"": 0.0, ""transport"": 0.0}","{""energy"": 0.0, ""water"": 0.0, ""transport"": 0.0}","{""energy"": 0.0, ""water"": 0.0, ""transport"": 0.0}","{""energy"": 0.0, ""water"": 0.0, ""transport"": 0.0}",0.3,0.1,,0.38314666666666675,1.0,0.6168533333333333,1,"{""energy"": 0.6666666666666667, ""water"": 0.05493333333333334, ""transport"": 0.33333333333333337}","{""energy"": 1.0, ""water"": 1.0, ""transport"": 1.0}","{""energy"": 0.33333333333333326, ""water"": 0.9450666666666666, ""transport"": 0.6666666666666666}",13,0.38314666666666675,,,[],,v2.0,0.7,0.3
S4_water_partial,230,230,9087725540877920480,scenario=S4_water_partial|method=both|duration=0|theta=0.300000|delta_threshold=0.100000|A=v2.0|w=na|run_id=230|seed=9087725540877920480,False,"{""step_1_amount"": 0.07804472881477384}",033832c9a51598bd69064fc3910037f6fde292830c04f0066e6d9779dc60f4ca,0.38314666666666675,0.38314666666666675,0.0,20,0.0,0.0,0.38314666666666675,0.38314666666666675,0,0,0.0,"{""energy"": 0.6666666666666667, ""water"": 0.05493333333333334, ""transport"": 0.33333333333333337}","{""energy"": 0.6666666666666667, ""water"": 0.05493333333333334, ""transport"": 0.33333333333333337}","{""energy"": 0.0, ""water"": 0.0, ""transport"": 0.0}","{""energy"": 0.0, ""water"": 0.0, ""transport"": 0.0}","{""energy"": 0.0, ""water"": 0.0, ""transport"": 0.0}","{""energy"": 0.0, ""water"": 0.0, ""transport"": 0.0}",0.3,0.1,,0.38314666666666675,1.0,0.6168533333333333,1,"{""energy"": 0.6666666666666667, ""water"": 0.05493333333333334, ""transport"": 0.33333333333333337}","{""energy"": 1.0, ""water"": 1.0, ""transport"": 1.0}","{""energy"": 0.33333333333333326, ""water"": 0.9450666666666666, ""transport"": 0.6666666666666666}",13,0.38314666666666675,,,[],,v2.0,0.7,0.3
S4_water_partial,231,231,9293243913261967225,scenario=S4_water_partial|method=both|duration=0|theta=0.300000|delta_threshold=0.100000|A=v2.0|w=na|run_id=231|seed=9293243913261967225,False,"{""step_1_amount"": 0.08879451385934525}",033832c9a51598bd69064fc3910037f6fde292830c04f0066e6d9779dc60f4ca,0.38314666666666675,0.38314666666666675,0.0,24,0.0,0.0,0.38314666666666675,0.38314666666666675,0,0,0.0,"{""energy"": 0.6666666666666667, ""water"": 0.05493333333333334, ""transport"": 0.33333333333333337}","{""energy"": 0.6666666666666667, ""water"": 0.05493333333333334, ""transport"": 0.33333333333333337}","{""energy"": 0.0, ""water"": 0.0, ""transport"": 0.0}","{""energy"": 0.0, ""water"": 0.0, ""transport"": 0.0}","{""energy"": 0.0, ""water"": 0.0, ""transport"": 0.0}","{""energy"": 0.0, ""water"": 0.0, ""transport"": 0.0}",0.3,0.1,,0.38314666666666675,1.0,0.6168533333333333,1,"{""energy"": 0.6666666666666667, ""water"": 0.05493333333333334, ""transport"": 0.33333333333333337}","{""energy"": 1.0, ""water"": 1.0, ""transport"": 1.0}","{""energy"": 0.33333333333333326, ""water"": 0.9450666666666666, ""transport"": 0.6666666666666666}",13,0.38314666666666675,,,[],,v2.0,0.7,0.3
S4_water_partial,232,232,17242592692679583099,scenario=S4_water_partial|method=both|duration=0|theta=0.300000|delta_threshold=0.100000|A=v2.0|w=na|run_id=232|seed=17242592692679583099,False,"{""step_1_amount"": 0.1430795090997869}",033832c9a51598bd69064fc3910037f6fde292830c04f0066e6d9779dc60f4ca,0.38314666666666675,0.38314666666666675,0.0,12,0.0,0.0,0.38314666666666675,0.38314666666666675,0,0,0.0,"{""energy"": 0.6666666666666667, ""water"": 0.05493333333333334, ""transport"": 0.33333333333333337}","{""energy"": 0.6666666666666667, ""water"": 0.05493333333333334, ""transport"": 0.33333333333333337}","{""energy"": 0.0, ""water"": 0.0, ""transport"": 0.0}","{""energy"": 0.0, ""water"": 0.0, ""transport"": 0.0}","{""energy"": 0.0, ""water"": 0.0, ""transport"": 0.0}","{""energy"": 0.0, ""water"": 0.0, ""transport"": 0.0}",0.3,0.1,,0.38314666666666675,1.0,0.6168533333333333,1,"{""energy"": 0.6666666666666667, ""water"": 0.05493333333333334, ""transport"": 0.33333333333333337}","{""energy"": 1.0, ""water"": 1.0, ""transport"": 1.0}","{""energy"": 0.33333333333333326, ""water"": 0.9450666666666666, ""transport"": 0.6666666666666666}",13,0.38314666666666675,,,[],,v2.0,0.7,0.3
S4_water_partial,233,233,13283062073988954493,scenario=S4_water_partial|method=both|duration=0|theta=0.300000|delta_threshold=0.100000|A=v2.0|w=na|run_id=233|seed=13283062073988954493,False,"{""step_1_amount"": 0.20165742735879147}",033832c9a51598bd69064fc3910037f6fde292830c04f0066e6d9779dc60f4ca,0.38314666666666675,0.3841613851314028,0.001014718464736053,8,0.0,0.0,0.38314666666666675,0.3841613851314028,0,0,0.001014718464736053,"{""energy"": 0.6666666666666667, ""water"": 0.05493333333333334, ""transport"": 0.33333333333333337}","{""energy"": 0.6673391678174964, ""water"": 0.057005117531822636, ""transport"": 0.3337472758161915}","{""energy"": 0.0006725011508296186, ""water"": 0.0020717841984892946, ""transport"": 0.00041394248285814284}","{""energy"": 0.0, ""water"": 0.0, ""transport"": 0.0}","{""energy"": 0.0, ""water"": 0.0, ""transport"": 0.0}","{""energy"": 0.0, ""water"": 0.0, ""transport"": 0.0}",0.3,0.1,,0.38314666666666675,1.0,0.6168533333333333,1,"{""energy"": 0.6666666666666667, ""water"": 0.05493333333333334, ""transport"": 0.33333333333333337}","{""energy"": 1.0, ""water"": 1.0, ""transport"": 1.0}","{""energy"": 0.33333333333333326, ""water"": 0.9450666666666666, ""transport"": 0.6666666666666666}",12,0.3841613851314028,,,[],,v2.0,0.7,0.3
S4_water_partial,234,234,8304396769935107814,scenario=S4_water_partial|method=both|duration=0|theta=0.300000|delta_threshold=0.100000|A=v2.0|w=na|run_id=234|seed=8304396769935107814,False,"{""step_1_amount"": 0.07543451738268815}",033832c9a51598bd69064fc3910037f6fde292830c04f0066e6d9779dc60f4ca,0.38314666666666675,0.38314666666666675,0.0,13,0.0,0.0,0.38314666666666675,0.38314666666666675,0,0,0.0,"{""energy"": 0.6666666666666667, ""water"": 0.05493333333333334, ""transport"": 0.33333333333333337}","{""energy"": 0.6666666666666667, ""water"": 0.05493333333333334, ""transport"": 0.33333333333333337}","{""energy"": 0.0, ""water"": 0.0, ""transport"": 0.0}","{""energy"": 0.0, ""water"": 0.0, ""transport"": 0.0}","{""energy"": 0.0, ""water"": 0.0, ""transport"": 0.0}","{""energy"": 0.0, ""water"": 0.0, ""transport"": 0.0}",0.3,0.1,,0.38314666666666675,1.0,0.6168533333333333,1,"{""energy"": 0.6666666666666667, ""water"": 0.05493333333333334, ""transport"": 0.33333333333333337}","{""energy"": 1.0, ""water"": 1.0, ""transport"": 1.0}","{""energy"": 0.33333333333333326, ""water"": 0.9450666666666666, ""transport"": 0.6666666666666666}",13,0.38314666666666675,,,[],,v2.0,0.7,0.3
S4_water_partial,235,235,15732487363772118666,scenario=S4_water_partial|method=both|duration=0|theta=0.300000|delta_threshold=0.100000|A=v2.0|w=na|run_id=235|seed=15732487363772118666,False,"{""step_1_amount"": 0.10450862972736619}",033832c9a51598bd69064fc3910037f6fde292830c04f0066e6d9779dc60f4ca,0.38314666666666675,0.38314666666666675,0.0,29,0.0,0.0,0.38314666666666675,0.38314666666666675,0,0,0.0,"{""energy"": 0.6666666666666667, ""water"": 0.05493333333333334, ""transport"": 0.33333333333333337}","{""energy"": 0.6666666666666667, ""water"": 0.05493333333333334, ""transport"": 0.33333333333333337}","{""energy"": 0.0, ""water"": 0.0, ""transport"": 0.0}","{""energy"": 0.0, ""water"": 0.0, ""transport"": 0.0}","{""energy"": 0.0, ""water"": 0.0, ""transport"": 0.0}","{""energy"": 0.0, ""water"": 0.0, ""transport"": 0.0}",0.3,0.1,,0.38314666666666675,1.0,0.6168533333333333,1,"{""energy"": 0.6666666666666667, ""water"": 0.05493333333333334, ""transport"": 0.33333333333333337}","{""energy"": 1.0, ""water"": 1.0, ""transport"": 1.0}","{""energy"": 0.33333333333333326, ""water"": 0.9450666666666666, ""transport"": 0.6666666666666666}",13,0.38314666666666675,,,[],,v2.0,0.7,0.3
S4_water_partial,236,236,17652264925674904497,scenario=S4_water_partial|method=both|duration=0|theta=0.300000|delta_threshold=0.100000|A=v2.0|w=na|run_id=236|seed=17652264925674904497,False,"{""step_1_amount"": 0.2353401895554374}",033832c9a51598bd69064fc3910037f6fde292830c04f0066e6d9779dc60f4ca,0.38314666666666675,0.4047828142172444,0.021636147550577634,16,0.0,0.0,0.38314666666666675,0.4047828142172444,0,0,0.021636147550577634,"{""energy"": 0.6666666666666667, ""water"": 0.05493333333333334, ""transport"": 0.33333333333333337}","{""energy"": 0.6810059485787855, ""water"": 0.09910857027763009, ""transport"": 0.3421595456748039}","{""energy"": 0.014339281912118751, ""water"": 0.04417523694429675, ""transport"": 0.008826212341470518}","{""energy"": 0.0, ""water"": 0.0, ""transport"": 0.0}","{""energy"": 0.0, ""water"": 0.0, ""transport"": 0.0}","{""energy"": 0.0, ""water"": 0.0, ""transport"": 0.0}",0.3,0.1,,0.38314666666666675,1.0,0.6168533333333333,1,"{""energy"": 0.6666666666666667, ""water"": 0.05493333333333334, ""transport"": 0.33333333333333337}","{""energy"": 1.0, ""water"": 1.0, ""transport"": 1.0}","{""energy"": 0.33333333333333326, ""water"": 0.9450666666666666, ""transport"": 0.6666666666666666}",12,0.4047828142172444,,,[],,v2.0,0.7,0.3
S4_water_partial,237,237,16920986518664041208,scenario=S4_water_partial|method=both|duration=0|theta=0.300000|delta_threshold=0.100000|A=v2.0|w=na|run_id=237|seed=16920986518664041208,False,"{""step_1_amount"": 0.10356716609228284}",033832c9a51598bd69064fc3910037f6fde292830c04f0066e6d9779dc60f4ca,0.38314666666666675,0.38314666666666675,0.0,17,0.0,0.0,0.38314666666666675,0.38314666666666675,0,0,0.0,"{""energy"": 0.6666666666666667, ""water"": 0.05493333333333334, ""transport"": 0.33333333333333337}","{""energy"": 0.6666666666666667, ""water"": 0.05493333333333334, ""transport"": 0.33333333333333337}","{""energy"": 0.0, ""water"": 0.0, ""transport"": 0.0}","{""energy"": 0.0, ""water"": 0.0, ""transport"": 0.0}","{""energy"": 0.0, ""water"": 0.0, ""transport"": 0.0}","{""energy"": 0.0, ""water"": 0.0, ""transport"": 0.0}",0.3,0.1,,0.38314666666666675,1.0,0.6168533333333333,1,"{""energy"": 0.6666666666666667, ""water"": 0.05493333333333334, ""transport"": 0.33333333333333337}","{""energy"": 1.0, ""water"": 1.0, ""transport"": 1.0}","{""energy"": 0.33333333333333326, ""water"": 0.9450666666666666, ""transport"": 0.6666666666666666}",13,0.38314666666666675,,,[],,v2.0,0.7,0.3
S4_water_partial,238,238,5599485550851730114,scenario=S4_water_partial|method=both|duration=0|theta=0.300000|delta_threshold=0.100000|A=v2.0|w=na|run_id=238|seed=5599485550851730114,False,"{""step_1_amount"": 0.20318278623564387}",033832c9a51598bd69064fc3910037f6fde292830c04f0066e6d9779dc60f4ca,0.38314666666666675,0.3850952479697838,0.0019485813031170363,11,0.0,0.0,0.38314666666666675,0.3850952479697838,0,0,0.0019485813031170363,"{""energy"": 0.6666666666666667, ""water"": 0.05493333333333334, ""transport"": 0.33333333333333337}","{""energy"": 0.6679580821817792, ""water"": 0.05891181612788822, ""transport"": 0.33412823419568544}","{""energy"": 0.0012914155151124707, ""water"": 0.003978482794554879, ""transport"": 0.0007949008623520659}","{""energy"": 0.0, ""water"": 0.0, ""transport"": 0.0}","{""energy"": 0.0, ""water"": 0.0, ""transport"": 0.0}","{""energy"": 0.0, ""water"": 0.0, ""transport"": 0.0}",0.3,0.1,,0.38314666666666675,1.0,0.6168533333333333,1,"{""energy"": 0.6666666666666667, ""water"": 0.05493333333333334, ""transport"": 0.33333333333333337}","{""energy"": 1.0, ""water"": 1.0, ""transport"": 1.0}","{""energy"": 0.33333333333333326, ""water"": 0.9450666666666666, ""transport"": 0.6666666666666666}",12,0.3850952479697838,,,[],,v2.0,0.7,0.3
S4_water_partial,239,239,6077858718438942800,scenario=S4_water_partial|method=both|duration=0|theta=0.300000|delta_threshold=0.100000|A=v2.0|w=na|run_id=239|seed=6077858718438942800,False,"{""step_1_amount"": 0.286554650164055}",033832c9a51598bd69064fc3910037f6fde292830c04f0066e6d9779dc60f4ca,0.38314666666666675,0.4361375873633553,0.05299092069668854,23,0.0,0.0,0.38314666666666675,0.4361375873633553,0,0,0.05299092069668854,"{""energy"": 0.6666666666666667, ""water"": 0.05493333333333334, ""transport"": 0.33333333333333337}","{""energy"": 0.7017862159707321, ""water"": 0.16312664603840213, ""transport"": 0.3549503572118061}","{""energy"": 0.035119549304065356, ""water"": 0.1081933127050688, ""transport"": 0.021617023878472752}","{""energy"": 0.0, ""water"": 0.0, ""transport"": 0.0}","{""energy"": 0.0, ""water"": 0.0, ""transport"": 0.0}","{""energy"": 0.0, ""water"": 0.0, ""transport"": 0.0}",0.3,0.1,,0.38314666666666675,1.0,0.6168533333333333,1,"{""energy"": 0.6666666666666667, ""water"": 0.05493333333333334, ""transport"": 0.33333333333333337}","{""energy"": 1.0, ""water"": 1.0, ""transport"": 1.0}","{""energy"": 0.33333333333333326, ""water"": 0.9450666666666666, ""transport"": 0.6666666666666666}",11,0.4361375873633553,,,[],,v2.0,0.7,0.3
S4_water_partial,240,240,14317375776692479773,scenario=S4_water_partial|method=both|duration=0|theta=0.300000|delta_threshold=0.100000|A=v2.0|w=na|run_id=240|seed=14317375776692479773,False,"{""step_1_amount"": 0.1859395372495908}",033832c9a51598bd69064fc3910037f6fde292830c04f0066e6d9779dc60f4ca,0.38314666666666675,0.38314666666666675,0.0,8,0.0,0.0,0.38314666666666675,0.38314666666666675,0,0,0.0,"{""energy"": 0.6666666666666667, ""water"": 0.05493333333333334, ""transport"": 0.33333333333333337}","{""energy"": 0.6666666666666667, ""water"": 0.05493333333333334, ""transport"": 0.33333333333333337}","{""energy"": 0.0, ""water"": 0.0, ""transport"": 0.0}","{""energy"": 0.0, ""water"": 0.0, ""transport"": 0.0}","{""energy"": 0.0, ""water"": 0.0, ""transport"": 0.0}","{""energy"": 0.0, ""water"": 0.0, ""transport"": 0.0}",0.3,0.1,,0.38314666666666675,1.0,0.6168533333333333,1,"{""energy"": 0.6666666666666667, ""water"": 0.05493333333333334, ""transport"": 0.33333333333333337}","{""energy"": 1.0, ""water"": 1.0, ""transport"": 1.0}","{""energy"": 0.33333333333333326, ""water"": 0.9450666666666666, ""transport"": 0.6666666666666666}",13,0.38314666666666675,,,[],,v2.0,0.7,0.3
S4_water_partial,241,241,3757349226887218991,scenario=S4_water_partial|method=both|duration=0|theta=0.300000|delta_threshold=0.100000|A=v2.0|w=na|run_id=241|seed=3757349226887218991,False,"{""step_1_amount"": 0.18565836586028622}",033832c9a51598bd69064fc3910037f6fde292830c04f0066e6d9779dc60f4ca,0.38314666666666675,0.38314666666666675,0.0,12,0.0,0.0,0.38314666666666675,0.38314666666666675,0,0,0.0,"{""energy"": 0.6666666666666667, ""water"": 0.05493333333333334, ""transport"": 0.33333333333333337}","{""energy"": 0.6666666666666667, ""water"": 0.05493333333333334, ""transport"": 0.33333333333333337}","{""energy"": 0.0, ""water"": 0.0, ""transport"": 0.0}","{""energy"": 0.0, ""water"": 0.0, ""transport"": 0.0}","{""energy"": 0.0, ""water"": 0.0, ""transport"": 0.0}","{""energy"": 0.0, ""water"": 0.0, ""transport"": 0.0}",0.3,0.1,,0.38314666666666675,1.0,0.6168533333333333,1,"{""energy"": 0.6666666666666667, ""water"": 0.05493333333333334, ""transport"": 0.33333333333333337}","{""energy"": 1.0, ""water"": 1.0, ""transport"": 1.0}","{""energy"": 0.33333333333333326, ""water"": 0.9450666666666666, ""transport"": 0.6666666666666666}",13,0.38314666666666675,,,[],,v2.0,0.7,0.3
S4_water_partial,242,242,3152298532013024546,scenario=S4_water_partial|method=both|duration=0|theta=0.300000|delta_threshold=0.100000|A=v2.0|w=na|run_id=242|seed=3152298532013024546,False,"{""step_1_amount"": 0.09708560319565772}",033832c9a51598bd69064fc3910037f6fde292830c04f0066e6d9779dc60f4ca,0.38314666666666675,0.38314666666666675,0.0,18,0.0,0.0,0.38314666666666675,0.38314666666666675,0,0,0.0,"{""energy"": 0.6666666666666667, ""water"": 0.05493333333333334, ""transport"": 0.33333333333333337}","{""energy"": 0.6666666666666667, ""water"": 0.05493333333333334, ""transport"": 0.33333333333333337}","{""energy"": 0.0, ""water"": 0.0, ""transport"": 0.0}","{""energy"": 0.0, ""water"": 0.0, ""transport"": 0.0}","{""energy"": 0.0, ""water"": 0.0, ""transport"": 0.0}","{""energy"": 0.0, ""water"": 0.0, ""transport"": 0.0}",0.3,0.1,,0.38314666666666675,1.0,0.6168533333333333,1,"{""energy"": 0.6666666666666667, ""water"": 0.05493333333333334, ""transport"": 0.33333333333333337}","{""energy"": 1.0, ""water"": 1.0, ""transport"": 1.0}","{""energy"": 0.33333333333333326, ""water"": 0.9450666666666666, ""transport"": 0.6666666666666666}",13,0.38314666666666675,,,[],,v2.0,0.7,0.3
S4_water_partial,243,243,13395081949567507287,scenario=S4_water_partial|method=both|duration=0|theta=0.300000|delta_threshold=0.100000|A=v2.0|w=na|run_id=243|seed=13395081949567507287,False,"{""step_1_amount"": 0.17081894371800474}",033832c9a51598bd69064fc3910037f6fde292830c04f0066e6d9779dc60f4ca,0.38314666666666675,0.38314666666666675,0.0,26,0.0,0.0,0.38314666666666675,0.38314666666666675,0,0,0.0,"{""energy"": 0.6666666666666667, ""water"": 0.05493333333333334, ""transport"": 0.33333333333333337}","{""energy"": 0.6666666666666667, ""water"": 0.05493333333333334, ""transport"": 0.33333333333333337}","{""energy"": 0.0, ""water"": 0.0, ""transport"": 0.0}","{""energy"": 0.0, ""water"": 0.0, ""transport"": 0.0}","{""energy"": 0.0, ""water"": 0.0, ""transport"": 0.0}","{""energy"": 0.0, ""water"": 0.0, ""transport"": 0.0}",0.3,0.1,,0.38314666666666675,1.0,0.6168533333333333,1,"{""energy"": 0.6666666666666667, ""water"": 0.05493333333333334, ""transport"": 0.33333333333333337}","{""energy"": 1.0, ""water"": 1.0, ""transport"": 1.0}","{""energy"": 0.33333333333333326, ""water"": 0.9450666666666666, ""transport"": 0.6666666666666666}",13,0.38314666666666675,,,[],,v2.0,0.7,0.3
S4_water_partial,244,244,6056072998014009543,scenario=S4_water_partial|method=both|duration=0|theta=0.300000|delta_threshold=0.100000|A=v2.0|w=na|run_id=244|seed=6056072998014009543,False,"{""step_1_amount"": 0.07620225197535666}",033832c9a51598bd69064fc3910037f6fde292830c04f0066e6d9779dc60f4ca,0.38314666666666675,0.38314666666666675,0.0,17,0.0,0.0,0.38314666666666675,0.38314666666666675,0,0,0.0,"{""energy"": 0.6666666666666667, ""water"": 0.05493333333333334, ""transport"": 0.33333333333333337}","{""energy"": 0.6666666666666667, ""water"": 0.05493333333333334, ""transport"": 0.33333333333333337}","{""energy"": 0.0, ""water"": 0.0, ""transport"": 0.0}","{""energy"": 0.0, ""water"": 0.0, ""transport"": 0.0}","{""energy"": 0.0, ""water"": 0.0, ""transport"": 0.0}","{""energy"": 0.0, ""water"": 0.0, ""transport"": 0.0}",0.3,0.1,,0.38314666666666675,1.0,0.6168533333333333,1,"{""energy"": 0.6666666666666667, ""water"": 0.05493333333333334, ""transport"": 0.33333333333333337}","{""energy"": 1.0, ""water"": 1.0, ""transport"": 1.0}","{""energy"": 0.33333333333333326, ""water"": 0.9450666666666666, ""transport"": 0.6666666666666666}",13,0.38314666666666675,,,[],,v2.0,0.7,0.3
S4_water_partial,245,245,773009128104310757,scenario=S4_water_partial|method=both|duration=0|theta=0.300000|delta_threshold=0.100000|A=v2.0|w=na|run_id=245|seed=773009128104310757,False,"{""step_1_amount"": 0.15476490568922865}",033832c9a51598bd69064fc3910037f6fde292830c04f0066e6d9779dc60f4ca,0.38314666666666675,0.38314666666666675,0.0,18,0.0,0.0,0.38314666666666675,0.38314666666666675,0,0,0.0,"{""energy"": 0.6666666666666667, ""water"": 0.05493333333333334, ""transport"": 0.33333333333333337}","{""energy"": 0.6666666666666667, ""water"": 0.05493333333333334, ""transport"": 0.33333333333333337}","{""energy"": 0.0, ""water"": 0.0, ""transport"": 0.0}","{""energy"": 0.0, ""water"": 0.0, ""transport"": 0.0}","{""energy"": 0.0, ""water"": 0.0, ""transport"": 0.0}","{""energy"": 0.0, ""water"": 0.0, ""transport"": 0.0}",0.3,0.1,,0.38314666666666675,1.0,0.6168533333333333,1,"{""energy"": 0.6666666666666667, ""water"": 0.05493333333333334, ""transport"": 0.33333333333333337}","{""energy"": 1.0, ""water"": 1.0, ""transport"": 1.0}","{""energy"": 0.33333333333333326, ""water"": 0.9450666666666666, ""transport"": 0.6666666666666666}",13,0.38314666666666675,,,[],,v2.0,0.7,0.3
S4_water_partial,246,246,5029357869793215267,scenario=S4_water_partial|method=both|duration=0|theta=0.300000|delta_threshold=0.100000|A=v2.0|w=na|run_id=246|seed=5029357869793215267,False,"{""step_1_amount"": 0.1795089145975949}",033832c9a51598bd69064fc3910037f6fde292830c04f0066e6d9779dc60f4ca,0.38314666666666675,0.38314666666666675,0.0,14,0.0,0.0,0.38314666666666675,0.38314666666666675,0,0,0.0,"{""energy"": 0.6666666666666667, ""water"": 0.05493333333333334, ""transport"": 0.33333333333333337}","{""energy"": 0.6666666666666667, ""water"": 0.05493333333333334, ""transport"": 0.33333333333333337}","{""energy"": 0.0, ""water"": 0.0, ""transport"": 0.0}","{""energy"": 0.0, ""water"": 0.0, ""transport"": 0.0}","{""energy"": 0.0, ""water"": 0.0, ""transport"": 0.0}","{""energy"": 0.0, ""water"": 0.0, ""transport"": 0.0}",0.3,0.1,,0.38314666666666675,1.0,0.6168533333333333,1,"{""energy"": 0.6666666666666667, ""water"": 0.05493333333333334, ""transport"": 0.33333333333333337}","{""energy"": 1.0, ""water"": 1.0, ""transport"": 1.0}","{""energy"": 0.33333333333333326, ""water"": 0.9450666666666666, ""transport"": 0.6666666666666666}",13,0.38314666666666675,,,[],,v2.0,0.7,0.3
S4_water_partial,247,247,8282517523305274076,scenario=S4_water_partial|method=both|duration=0|theta=0.300000|delta_threshold=0.100000|A=v2.0|w=na|run_id=247|seed=8282517523305274076,False,"{""step_1_amount"": 0.20477871695573394}",033832c9a51598bd69064fc3910037f6fde292830c04f0066e6d9779dc60f4ca,0.38314666666666675,0.38607231665489095,0.0029256499882241993,21,0.0,0.0,0.38314666666666675,0.38607231665489095,0,0,0.0029256499882241993,"{""energy"": 0.6666666666666667, ""water"": 0.05493333333333334, ""transport"": 0.33333333333333337}","{""energy"": 0.6686056310714558, ""water"": 0.06090672952800071, ""transport"": 0.3345268178930279}","{""energy"": 0.001938964404789023, ""water"": 0.005973396194667371, ""transport"": 0.0011934845596945354}","{""energy"": 0.0, ""water"": 0.0, ""transport"": 0.0}","{""energy"": 0.0, ""water"": 0.0, ""transport"": 0.0}","{""energy"": 0.0, ""water"": 0.0, ""transport"": 0.0}",0.3,0.1,,0.38314666666666675,1.0,0.6168533333333333,1,"{""energy"": 0.6666666666666667, ""water"": 0.05493333333333334, ""transport"": 0.33333333333333337}","{""energy"": 1.0, ""water"": 1.0, ""transport"": 1.0}","{""energy"": 0.33333333333333326, ""water"": 0.9450666666666666, ""transport"": 0.6666666666666666}",12,0.38607231665489095,,,[],,v2.0,0.7,0.3
S4_water_partial,248,248,11828230636872109814,scenario=S4_water_partial|method=both|duration=0|theta=0.300000|delta_threshold=0.100000|A=v2.0|w=na|run_id=248|seed=11828230636872109814,False,"{""step_1_amount"": 0.16825147548063663}",033832c9a51598bd69064fc3910037f6fde292830c04f0066e6d9779dc60f4ca,0.38314666666666675,0.38314666666666675,0.0,29,0.0,0.0,0.38314666666666675,0.38314666666666675,0,0,0.0,"{""energy"": 0.6666666666666667, ""water"": 0.05493333333333334, ""transport"": 0.33333333333333337}","{""energy"": 0.6666666666666667, ""water"": 0.05493333333333334, ""transport"": 0.33333333333333337}","{""energy"": 0.0, ""water"": 0.0, ""transport"": 0.0}","{""energy"": 0.0, ""water"": 0.0, ""transport"": 0.0}","{""energy"": 0.0, ""water"": 0.0, ""transport"": 0.0}","{""energy"": 0.0, ""water"": 0.0, ""transport"": 0.0}",0.3,0.1,,0.38314666666666675,1.0,0.6168533333333333,1,"{""energy"": 0.6666666666666667, ""water"": 0.05493333333333334, ""transport"": 0.33333333333333337}","{""energy"": 1.0, ""water"": 1.0, ""transport"": 1.0}","{""energy"": 0.33333333333333326, ""water"": 0.9450666666666666, ""transport"": 0.6666666666666666}",13,0.38314666666666675,,,[],,v2.0,0.7,0.3
S4_water_partial,249,249,16820205131626011943,scenario=S4_water_partial|method=both|duration=0|theta=0.300000|delta_threshold=0.100000|A=v2.0|w=na|run_id=249|seed=16820205131626011943,False,"{""step_1_amount"": 0.13194016383817644}",033832c9a51598bd69064fc3910037f6fde292830c04f0066e6d9779dc60f4ca,0.38314666666666675,0.38314666666666675,0.0,30,0.0,0.0,0.38314666666666675,0.38314666666666675,0,0,0.0,"{""energy"": 0.6666666666666667, ""water"": 0.05493333333333334, ""transport"": 0.33333333333333337}","{""energy"": 0.6666666666666667, ""water"": 0.05493333333333334, ""transport"": 0.33333333333333337}","{""energy"": 0.0, ""water"": 0.0, ""transport"": 0.0}","{""energy"": 0.0, ""water"": 0.0, ""transport"": 0.0}","{""energy"": 0.0, ""water"": 0.0, ""transport"": 0.0}","{""energy"": 0.0, ""water"": 0.0, ""transport"": 0.0}",0.3,0.1,,0.38314666666666675,1.0,0.6168533333333333,1,"{""energy"": 0.6666666666666667, ""water"": 0.05493333333333334, ""transport"": 0.33333333333333337}","{""energy"": 1.0, ""water"": 1.0, ""transport"": 1.0}","{""energy"": 0.33333333333333326, ""water"": 0.9450666666666666, ""transport"": 0.6666666666666666}",13,0.38314666666666675,,,[],,v2.0,0.7,0.3
S4_water_partial,250,250,8073889792284042461,scenario=S4_water_partial|method=both|duration=0|theta=0.300000|delta_threshold=0.100000|A=v2.0|w=na|run_id=250|seed=8073889792284042461,False,"{""step_1_amount"": 0.1210460851153673}",033832c9a51598bd69064fc3910037f6fde292830c04f0066e6d9779dc60f4ca,0.38314666666666675,0.38314666666666675,0.0,19,0.0,0.0,0.38314666666666675,0.38314666666666675,0,0,0.0,"{""energy"": 0.6666666666666667, ""water"": 0.05493333333333334, ""transport"": 0.33333333333333337}","{""energy"": 0.6666666666666667, ""water"": 0.05493333333333334, ""transport"": 0.33333333333333337}","{""energy"": 0.0, ""water"": 0.0, ""transport"": 0.0}","{""energy"": 0.0, ""water"": 0.0, ""transport"": 0.0}","{""energy"": 0.0, ""water"": 0.0, ""transport"": 0.0}","{""energy"": 0.0, ""water"": 0.0, ""transport"": 0.0}",0.3,0.1,,0.38314666666666675,1.0,0.6168533333333333,1,"{""energy"": 0.6666666666666667, ""water"": 0.05493333333333334, ""transport"": 0.33333333333333337}","{""energy"": 1.0, ""water"": 1.0, ""transport"": 1.0}","{""energy"": 0.33333333333333326, ""water"": 0.9450666666666666, ""transport"": 0.6666666666666666}",13,0.38314666666666675,,,[],,v2.0,0.7,0.3
S4_water_partial,251,251,7705760685586959960,scenario=S4_water_partial|method=both|duration=0|theta=0.300000|delta_threshold=0.100000|A=v2.0|w=na|run_id=251|seed=7705760685586959960,False,"{""step_1_amount"": 0.29274105249193044}",033832c9a51598bd69064fc3910037f6fde292830c04f0066e6d9779dc60f4ca,0.38314666666666675,0.4399250575285388,0.05677839086187203,8,0.0,0.0,0.38314666666666675,0.4399250575285388,0,0,0.05677839086187203,"{""energy"": 0.6666666666666667, ""water"": 0.05493333333333334, ""transport"": 0.33333333333333337}","{""energy"": 0.7042963487152675, ""water"": 0.17085964894824637, ""transport"": 0.356495411193193}","{""energy"": 0.03762968204860073, ""water"": 0.11592631561491304, ""transport"": 0.02316207785985963}","{""energy"": 0.0, ""water"": 0.0, ""transport"": 0.0}","{""energy"": 0.0, ""water"": 0.0, ""transport"": 0.0}","{""energy"": 0.0, ""water"": 0.0, ""transport"": 0.0}",0.3,0.1,,0.38314666666666675,1.0,0.6168533333333333,1,"{""energy"": 0.6666666666666667, ""water"": 0.05493333333333334, ""transport"": 0.33333333333333337}","{""energy"": 1.0, ""water"": 1.0, ""transport"": 1.0}","{""energy"": 0.33333333333333326, ""water"": 0.9450666666666666, ""transport"": 0.6666666666666666}",11,0.4399250575285388,,,[],,v2.0,0.7,0.3
S4_water_partial,252,252,3526804154298916838,scenario=S4_water_partial|method=both|duration=0|theta=0.300000|delta_threshold=0.100000|A=v2.0|w=na|run_id=252|seed=3526804154298916838,False,"{""step_1_amount"": 0.24192775378671574}",033832c9a51598bd69064fc3910037f6fde292830c04f0066e6d9779dc60f4ca,0.38314666666666675,0.4088158857287388,0.025669219062072035,5,0.0,0.0,0.38314666666666675,0.4088158857287388,0,0,0.025669219062072035,"{""energy"": 0.6666666666666667, ""water"": 0.05493333333333334, ""transport"": 0.33333333333333337}","{""energy"": 0.6836788527656267, ""water"": 0.1073430255667281, ""transport"": 0.34380478984156565}","{""energy"": 0.017012186098959936, ""water"": 0.05240969223339476, ""transport"": 0.01047145650823228}","{""energy"": 0.0, ""water"": 0.0, ""transport"": 0.0}","{""energy"": 0.0, ""water"": 0.0, ""transport"": 0.0}","{""energy"": 0.0, ""water"": 0.0, ""transport"": 0.0}",0.3,0.1,,0.38314666666666675,1.0,0.6168533333333333,1,"{""energy"": 0.6666666666666667, ""water"": 0.05493333333333334, ""transport"": 0.33333333333333337}","{""energy"": 1.0, ""water"": 1.0, ""transport"": 1.0}","{""energy"": 0.33333333333333326, ""water"": 0.9450666666666666, ""transport"": 0.6666666666666666}",12,0.4088158857287388,,,[],,v2.0,0.7,0.3
S4_water_partial,253,253,3922056785877321933,scenario=S4_water_partial|method=both|duration=0|theta=0.300000|delta_threshold=0.100000|A=v2.0|w=na|run_id=253|seed=3922056785877321933,False,"{""step_1_amount"": 0.2085269397447181}",033832c9a51598bd69064fc3910037f6fde292830c04f0066e6d9779dc60f4ca,0.38314666666666675,0.38836707235187673,0.005220405685209983,10,0.0,0.0,0.38314666666666675,0.38836707235187673,0,0,0.005220405685209983,"{""energy"": 0.6666666666666667, ""water"": 0.05493333333333334, ""transport"": 0.33333333333333337}","{""energy"": 0.6701264724680861, ""water"": 0.06559200801423097, ""transport"": 0.3354629365345767}","{""energy"": 0.003459805801419358, ""water"": 0.01065867468089763, ""transport"": 0.0021296032012433352}","{""energy"": 0.0, ""water"": 0.0, ""transport"": 0.0}","{""energy"": 0.0, ""water"": 0.0, ""transport"": 0.0}","{""energy"": 0.0, ""water"": 0.0, ""transport"": 0.0}",0.3,0.1,,0.38314666666666675,1.0,0.6168533333333333,1,"{""energy"": 0.6666666666666667, ""water"": 0.05493333333333334, ""transport"": 0.33333333333333337}","{""energy"": 1.0, ""water"": 1.0, ""transport"": 1.0}","{""energy"": 0.33333333333333326, ""water"": 0.9450666666666666, ""transport"": 0.6666666666666666}",12,0.38836707235187673,,,[],,v2.0,0.7,0.3
S4_water_partial,254,254,7727351927119672105,scenario=S4_water_partial|method=both|duration=0|theta=0.300000|delta_threshold=0.100000|A=v2.0|w=na|run_id=254|seed=7727351927119672105,False,"{""step_1_amount"": 0.13798567111669524}",033832c9a51598bd69064fc3910037f6fde292830c04f0066e6d9779dc60f4ca,0.38314666666666675,0.38314666666666675,0.0,28,0.0,0.0,0.38314666666666675,0.38314666666666675,0,0,0.0,"{""energy"": 0.6666666666666667, ""water"": 0.05493333333333334, ""transport"": 0.33333333333333337}","{""energy"": 0.6666666666666667, ""water"": 0.05493333333333334, ""transport"": 0.33333333333333337}","{""energy"": 0.0, ""water"": 0.0, ""transport"": 0.0}","{""energy"": 0.0, ""water"": 0.0, ""transport"": 0.0}","{""energy"": 0.0, ""water"": 0.0, ""transport"": 0.0}","{""energy"": 0.0, ""water"": 0.0, ""transport"": 0.0}",0.3,0.1,,0.38314666666666675,1.0,0.6168533333333333,1,"{""energy"": 0.6666666666666667, ""water"": 0.05493333333333334, ""transport"": 0.33333333333333337}","{""energy"": 1.0, ""water"": 1.0, ""transport"": 1.0}","{""energy"": 0.33333333333333326, ""water"": 0.9450666666666666, ""transport"": 0.6666666666666666}",13,0.38314666666666675,,,[],,v2.0,0.7,0.3
S4_water_partial,255,255,7073381154389801629,scenario=S4_water_partial|method=both|duration=0|theta=0.300000|delta_threshold=0.100000|A=v2.0|w=na|run_id=255|seed=7073381154389801629,False,"{""step_1_amount"": 0.10006390792774182}",033832c9a51598bd69064fc3910037f6fde292830c04f0066e6d9779dc60f4ca,0.38314666666666675,0.38314666666666675,0.0,11,0.0,0.0,0.38314666666666675,0.38314666666666675,0,0,0.0,"{""energy"": 0.6666666666666667, ""water"": 0.05493333333333334, ""transport"": 0.33333333333333337}","{""energy"": 0.6666666666666667, ""water"": 0.05493333333333334, ""transport"": 0.33333333333333337}","{""energy"": 0.0, ""water"": 0.0, ""transport"": 0.0}","{""energy"": 0.0, ""water"": 0.0, ""transport"": 0.0}","{""energy"": 0.0, ""water"": 0.0, ""transport"": 0.0}","{""energy"": 0.0, ""water"": 0.0, ""transport"": 0.0}",0.3,0.1,,0.38314666666666675,1.0,0.6168533333333333,1,"{""energy"": 0.6666666666666667, ""water"": 0.05493333333333334, ""transport"": 0.33333333333333337}","{""energy"": 1.0, ""water"": 1.0, ""transport"": 1.0}","{""energy"": 0.33333333333333326, ""water"": 0.9450666666666666, ""transport"": 0.6666666666666666}",13,0.38314666666666675,,,[],,v2.0,0.7,0.3
S4_water_partial,256,256,10886670620313985832,scenario=S4_water_partial|method=both|duration=0|theta=0.300000|delta_threshold=0.100000|A=v2.0|w=na|run_id=256|seed=10886670620313985832,False,"{""step_1_amount"": 0.11601531051250356}",033832c9a51598bd69064fc3910037f6fde292830c04f0066e6d9779dc60f4ca,0.38314666666666675,0.38314666666666675,0.0,27,0.0,0.0,0.38314666666666675,0.38314666666666675,0,0,0.0,"{""energy"": 0.6666666666666667, ""water"": 0.05493333333333334, ""transport"": 0.33333333333333337}","{""energy"": 0.6666666666666667, ""water"": 0.05493333333333334, ""transport"": 0.33333333333333337}","{""energy"": 0.0, ""water"": 0.0, ""transport"": 0.0}","{""energy"": 0.0, ""water"": 0.0, ""transport"": 0.0}","{""energy"": 0.0, ""water"": 0.0, ""transport"": 0.0}","{""energy"": 0.0, ""water"": 0.0, ""transport"": 0.0}",0.3,0.1,,0.38314666666666675,1.0,0.6168533333333333,1,"{""energy"": 0.6666666666666667, ""water"": 0.05493333333333334, ""transport"": 0.33333333333333337}","{""energy"": 1.0, ""water"": 1.0, ""transport"": 1.0}","{""energy"": 0.33333333333333326, ""water"": 0.9450666666666666, ""transport"": 0.6666666666666666}",13,0.38314666666666675,,,[],,v2.0,0.7,0.3
S4_water_partial,257,257,1243420533343809697,scenario=S4_water_partial|method=both|duration=0|theta=0.300000|delta_threshold=0.100000|A=v2.0|w=na|run_id=257|seed=1243420533343809697,False,"{""step_1_amount"": 0.21900620253593991}",033832c9a51598bd69064fc3910037f6fde292830c04f0066e6d9779dc60f4ca,0.38314666666666675,0.3947827390142325,0.011636072347565751,30,0.0,0.0,0.38314666666666675,0.3947827390142325,0,0,0.011636072347565751,"{""energy"": 0.6666666666666667, ""water"": 0.05493333333333334, ""transport"": 0.33333333333333337}","{""energy"": 0.6743784333456243, ""water"": 0.07869108650325822, ""transport"": 0.3380801324166844}","{""energy"": 0.007711766678957566, ""water"": 0.02375775316992488, ""transport"": 0.0047467990833510165}","{""energy"": 0.0, ""water"": 0.0, ""transport"": 0.0}","{""energy"": 0.0, ""water"": 0.0, ""transport"": 0.0}","{""energy"": 0.0, ""water"": 0.0, ""transport"": 0.0}",0.3,0.1,,0.38314666666666675,1.0,0.6168533333333333,1,"{""energy"": 0.6666666666666667, ""water"": 0.05493333333333334, ""transport"": 0.33333333333333337}","{""energy"": 1.0, ""water"": 1.0, ""transport"": 1.0}","{""energy"": 0.33333333333333326, ""water"": 0.9450666666666666, ""transport"": 0.6666666666666666}",12,0.3947827390142325,,,[],,v2.0,0.7,0.3
S4_water_partial,258,258,15244541334168579325,scenario=S4_water_partial|method=both|duration=0|theta=0.300000|delta_threshold=0.100000|A=v2.0|w=na|run_id=258|seed=15244541334168579325,False,"{""step_1_amount"": 0.24111996968116242}",033832c9a51598bd69064fc3910037f6fde292830c04f0066e6d9779dc60f4ca,0.38314666666666675,0.4083213401047164,0.025174673438049633,10,0.0,0.0,0.38314666666666675,0.4083213401047164,0,0,0.025174673438049633,"{""energy"": 0.6666666666666667, ""water"": 0.05493333333333334, ""transport"": 0.33333333333333337}","{""energy"": 0.6833510943647984, ""water"": 0.10633329543478633, ""transport"": 0.34360304576120365}","{""energy"": 0.01668442769813161, ""water"": 0.051399962101452985, ""transport"": 0.010269712427870281}","{""energy"": 0.0, ""water"": 0.0, ""transport"": 0.0}","{""energy"": 0.0, ""water"": 0.0, ""transport"": 0.0}","{""energy"": 0.0, ""water"": 0.0, ""transport"": 0.0}",0.3,0.1,,0.38314666666666675,1.0,0.6168533333333333,1,"{""energy"": 0.6666666666666667, ""water"": 0.05493333333333334, ""transport"": 0.33333333333333337}","{""energy"": 1.0, ""water"": 1.0, ""transport"": 1.0}","{""energy"": 0.33333333333333326, ""water"": 0.9450666666666666, ""transport"": 0.6666666666666666}",12,0.4083213401047164,,,[],,v2.0,0.7,0.3
S4_water_partial,259,259,15439748292438212473,scenario=S4_water_partial|method=both|duration=0|theta=0.300000|delta_threshold=0.100000|A=v2.0|w=na|run_id=259|seed=15439748292438212473,False,"{""step_1_amount"": 0.1754476603655374}",033832c9a51598bd69064fc3910037f6fde292830c04f0066e6d9779dc60f4ca,0.38314666666666675,0.38314666666666675,0.0,28,0.0,0.0,0.38314666666666675,0.38314666666666675,0,0,0.0,"{""energy"": 0.6666666666666667, ""water"": 0.05493333333333334, ""transport"": 0.33333333333333337}","{""energy"": 0.6666666666666667, ""water"": 0.05493333333333334, ""transport"": 0.33333333333333337}","{""energy"": 0.0, ""water"": 0.0, ""transport"": 0.0}","{""energy"": 0.0, ""water"": 0.0, ""transport"": 0.0}","{""energy"": 0.0, ""water"": 0.0, ""transport"": 0.0}","{""energy"": 0.0, ""water"": 0.0, ""transport"": 0.0}",0.3,0.1,,0.38314666666666675,1.0,0.6168533333333333,1,"{""energy"": 0.6666666666666667, ""water"": 0.05493333333333334, ""transport"": 0.33333333333333337}","{""energy"": 1.0, ""water"": 1.0, ""transport"": 1.0}","{""energy"": 0.33333333333333326, ""water"": 0.9450666666666666, ""transport"": 0.6666666666666666}",13,0.38314666666666675,,,[],,v2.0,0.7,0.3
S4_water_partial,260,260,854345690412942281,scenario=S4_water_partial|method=both|duration=0|theta=0.300000|delta_threshold=0.100000|A=v2.0|w=na|run_id=260|seed=854345690412942281,False,"{""step_1_amount"": 0.11703991490965103}",033832c9a51598bd69064fc3910037f6fde292830c04f0066e6d9779dc60f4ca,0.38314666666666675,0.38314666666666675,0.0,26,0.0,0.0,0.38314666666666675,0.38314666666666675,0,0,0.0,"{""energy"": 0.6666666666666667, ""water"": 0.05493333333333334, ""transport"": 0.33333333333333337}","{""energy"": 0.6666666666666667, ""water"": 0.05493333333333334, ""transport"": 0.33333333333333337}","{""energy"": 0.0, ""water"": 0.0, ""transport"": 0.0}","{""energy"": 0.0, ""water"": 0.0, ""transport"": 0.0}","{""energy"": 0.0, ""water"": 0.0, ""transport"": 0.0}","{""energy"": 0.0, ""water"": 0.0, ""transport"": 0.0}",0.3,0.1,,0.38314666666666675,1.0,0.6168533333333333,1,"{""energy"": 0.6666666666666667, ""water"": 0.05493333333333334, ""transport"": 0.33333333333333337}","{""energy"": 1.0, ""water"": 1.0, ""transport"": 1.0}","{""energy"": 0.33333333333333326, ""water"": 0.9450666666666666, ""transport"": 0.6666666666666666}",13,0.38314666666666675,,,[],,v2.0,0.7,0.3
S4_water_partial,261,261,17513880283274102299,scenario=S4_water_partial|method=both|duration=0|theta=0.300000|delta_threshold=0.100000|A=v2.0|w=na|run_id=261|seed=17513880283274102299,False,"{""step_1_amount"": 0.1480769604715911}",033832c9a51598bd69064fc3910037f6fde292830c04f0066e6d9779dc60f4ca,0.38314666666666675,0.38314666666666675,0.0,27,0.0,0.0,0.38314666666666675,0.38314666666666675,0,0,0.0,"{""energy"": 0.6666666666666667, ""water"": 0.05493333333333334, ""transport"": 0.33333333333333337}","{""energy"": 0.6666666666666667, ""water"": 0.05493333333333334, ""transport"": 0.33333333333333337}","{""energy"": 0.0, ""water"": 0.0, ""transport"": 0.0}","{""energy"": 0.0, ""water"": 0.0, ""transport"": 0.0}","{""energy"": 0.0, ""water"": 0.0, ""transport"": 0.0}","{""energy"": 0.0, ""water"": 0.0, ""transport"": 0.0}",0.3,0.1,,0.38314666666666675,1.0,0.6168533333333333,1,"{""energy"": 0.6666666666666667, ""water"": 0.05493333333333334, ""transport"": 0.33333333333333337}","{""energy"": 1.0, ""water"": 1.0, ""transport"": 1.0}","{""energy"": 0.33333333333333326, ""water"": 0.9450666666666666, ""transport"": 0.6666666666666666}",13,0.38314666666666675,,,[],,v2.0,0.7,0.3
S4_water_partial,262,262,13754148185629297635,scenario=S4_water_partial|method=both|duration=0|theta=0.300000|delta_threshold=0.100000|A=v2.0|w=na|run_id=262|seed=13754148185629297635,False,"{""step_1_amount"": 0.19387475016621347}",033832c9a51598bd69064fc3910037f6fde292830c04f0066e6d9779dc60f4ca,0.38314666666666675,0.38314666666666675,0.0,7,0.0,0.0,0.38314666666666675,0.38314666666666675,0,0,0.0,"{""energy"": 0.6666666666666667, ""water"": 0.05493333333333334, ""transport"": 0.33333333333333337}","{""energy"": 0.6666666666666667, ""water"": 0.05493333333333334, ""transport"": 0.33333333333333337}","{""energy"": 0.0, ""water"": 0.0, ""transport"": 0.0}","{""energy"": 0.0, ""water"": 0.0, ""transport"": 0.0}","{""energy"": 0.0, ""water"": 0.0, ""transport"": 0.0}","{""energy"": 0.0, ""water"": 0.0, ""transport"": 0.0}",0.3,0.1,,0.38314666666666675,1.0,0.6168533333333333,1,"{""energy"": 0.6666666666666667, ""water"": 0.05493333333333334, ""transport"": 0.33333333333333337}","{""energy"": 1.0, ""water"": 1.0, ""transport"": 1.0}","{""energy"": 0.33333333333333326, ""water"": 0.9450666666666666, ""transport"": 0.6666666666666666}",13,0.38314666666666675,,,[],,v2.0,0.7,0.3
S4_water_partial,263,263,16351076330531093070,scenario=S4_water_partial|method=both|duration=0|theta=0.300000|delta_threshold=0.100000|A=v2.0|w=na|run_id=263|seed=16351076330531093070,False,"{""step_1_amount"": 0.07715938729023276}",033832c9a51598bd69064fc3910037f6fde292830c04f0066e6d9779dc60f4ca,0.38314666666666675,0.38314666666666675,0.0,20,0.0,0.0,0.38314666666666675,0.38314666666666675,0,0,0.0,"{""energy"": 0.6666666666666667, ""water"": 0.05493333333333334, ""transport"": 0.33333333333333337}","{""energy"": 0.6666666666666667, ""water"": 0.05493333333333334, ""transport"": 0.33333333333333337}","{""energy"": 0.0, ""water"": 0.0, ""transport"": 0.0}","{""energy"": 0.0, ""water"": 0.0, ""transport"": 0.0}","{""energy"": 0.0, ""water"": 0.0, ""transport"": 0.0}","{""energy"": 0.0, ""water"": 0.0, ""transport"": 0.0}",0.3,0.1,,0.38314666666666675,1.0,0.6168533333333333,1,"{""energy"": 0.6666666666666667, ""water"": 0.05493333333333334, ""transport"": 0.33333333333333337}","{""energy"": 1.0, ""water"": 1.0, ""transport"": 1.0}","{""energy"": 0.33333333333333326, ""water"": 0.9450666666666666, ""transport"": 0.6666666666666666}",13,0.38314666666666675,,,[],,v2.0,0.7,0.3
S4_water_partial,264,264,15539151709732100954,scenario=S4_water_partial|method=both|duration=0|theta=0.300000|delta_threshold=0.100000|A=v2.0|w=na|run_id=264|seed=15539151709732100954,False,"{""step_1_amount"": 0.16618394536083408}",033832c9a51598bd69064fc3910037f6fde292830c04f0066e6d9779dc60f4ca,0.38314666666666675,0.38314666666666675,0.0,11,0.0,0.0,0.38314666666666675,0.38314666666666675,0,0,0.0,"{""energy"": 0.6666666666666667, ""water"": 0.05493333333333334, ""transport"": 0.33333333333333337}","{""energy"": 0.6666666666666667, ""water"": 0.05493333333333334, ""transport"": 0.33333333333333337}","{""energy"": 0.0, ""water"": 0.0, ""transport"": 0.0}","{""energy"": 0.0, ""water"": 0.0, ""transport"": 0.0}","{""energy"": 0.0, ""water"": 0.0, ""transport"": 0.0}","{""energy"": 0.0, ""water"": 0.0, ""transport"": 0.0}",0.3,0.1,,0.38314666666666675,1.0,0.6168533333333333,1,"{""energy"": 0.6666666666666667, ""water"": 0.05493333333333334, ""transport"": 0.33333333333333337}","{""energy"": 1.0, ""water"": 1.0, ""transport"": 1.0}","{""energy"": 0.33333333333333326, ""water"": 0.9450666666666666, ""transport"": 0.6666666666666666}",13,0.38314666666666675,,,[],,v2.0,0.7,0.3
S4_water_partial,265,265,453926223625900049,scenario=S4_water_partial|method=both|duration=0|theta=0.300000|delta_threshold=0.100000|A=v2.0|w=na|run_id=265|seed=453926223625900049,False,"{""step_1_amount"": 0.10993815955040792}",033832c9a51598bd69064fc3910037f6fde292830c04f0066e6d9779dc60f4ca,0.38314666666666675,0.38314666666666675,0.0,28,0.0,0.0,0.38314666666666675,0.38314666666666675,0,0,0.0,"{""energy"": 0.6666666666666667, ""water"": 0.05493333333333334, ""transport"": 0.33333333333333337}","{""energy"": 0.6666666666666667, ""water"": 0.05493333333333334, ""transport"": 0.33333333333333337}","{""energy"": 0.0, ""water"": 0.0, ""transport"": 0.0}","{""energy"": 0.0, ""water"": 0.0, ""transport"": 0.0}","{""energy"": 0.0, ""water"": 0.0, ""transport"": 0.0}","{""energy"": 0.0, ""water"": 0.0, ""transport"": 0.0}",0.3,0.1,,0.38314666666666675,1.0,0.6168533333333333,1,"{""energy"": 0.6666666666666667, ""water"": 0.05493333333333334, ""transport"": 0.33333333333333337}","{""energy"": 1.0, ""water"": 1.0, ""transport"": 1.0}","{""energy"": 0.33333333333333326, ""water"": 0.9450666666666666, ""transport"": 0.6666666666666666}",13,0.38314666666666675,,,[],,v2.0,0.7,0.3
S4_water_partial,266,266,13703356871717614054,scenario=S4_water_partial|method=both|duration=0|theta=0.300000|delta_threshold=0.100000|A=v2.0|w=na|run_id=266|seed=13703356871717614054,False,"{""step_1_amount"": 0.26419233687033933}",033832c9a51598bd69064fc3910037f6fde292830c04f0066e6d9779dc60f4ca,0.38314666666666675,0.42244682010711015,0.03930015344044341,5,0.0,0.0,0.38314666666666675,0.42244682010711015,0,0,0.03930015344044341,"{""energy"": 0.6666666666666667, ""water"": 0.05493333333333334, ""transport"": 0.33333333333333337}","{""energy"": 0.6927127073518069, ""water"": 0.13517375442125748, ""transport"": 0.3493653694667006}","{""energy"": 0.02604604068514016, ""water"": 0.08024042108792415, ""transport"": 0.016032036133367233}","{""energy"": 0.0, ""water"": 0.0, ""transport"": 0.0}","{""energy"": 0.0, ""water"": 0.0, ""transport"": 0.0}","{""energy"": 0.0, ""water"": 0.0, ""transport"": 0.0}",0.3,0.1,,0.38314666666666675,1.0,0.6168533333333333,1,"{""energy"": 0.6666666666666667, ""water"": 0.05493333333333334, ""transport"": 0.33333333333333337}","{""energy"": 1.0, ""water"": 1.0, ""transport"": 1.0}","{""energy"": 0.33333333333333326, ""water"": 0.9450666666666666, ""transport"": 0.6666666666666666}",12,0.42244682010711015,,,[],,v2.0,0.7,0.3
S4_water_partial,267,267,9751044757411054580,scenario=S4_water_partial|method=both|duration=0|theta=0.300000|delta_threshold=0.100000|A=v2.0|w=na|run_id=267|seed=9751044757411054580,False,"{""step_1_amount"": 0.1591913130525015}",033832c9a51598bd69064fc3910037f6fde292830c04f0066e6d9779dc60f4ca,0.38314666666666675,0.38314666666666675,0.0,15,0.0,0.0,0.38314666666666675,0.38314666666666675,0,0,0.0,"{""energy"": 0.6666666666666667, ""water"": 0.05493333333333334, ""transport"": 0.33333333333333337}","{""energy"": 0.6666666666666667, ""water"": 0.05493333333333334, ""transport"": 0.33333333333333337}","{""energy"": 0.0, ""water"": 0.0, ""transport"": 0.0}","{""energy"": 0.0, ""water"": 0.0, ""transport"": 0.0}","{""energy"": 0.0, ""water"": 0.0, ""transport"": 0.0}","{""energy"": 0.0, ""water"": 0.0, ""transport"": 0.0}",0.3,0.1,,0.38314666666666675,1.0,0.6168533333333333,1,"{""energy"": 0.6666666666666667, ""water"": 0.05493333333333334, ""transport"": 0.33333333333333337}","{""energy"": 1.0, ""water"": 1.0, ""transport"": 1.0}","{""energy"": 0.33333333333333326, ""water"": 0.9450666666666666, ""transport"": 0.6666666666666666}",13,0.38314666666666675,,,[],,v2.0,0.7,0.3
S4_water_partial,268,268,909944336841312719,scenario=S4_water_partial|method=both|duration=0|theta=0.300000|delta_threshold=0.100000|A=v2.0|w=na|run_id=268|seed=909944336841312719,False,"{""step_1_amount"": 0.09392868876574113}",033832c9a51598bd69064fc3910037f6fde292830c04f0066e6d9779dc60f4ca,0.38314666666666675,0.38314666666666675,0.0,21,0.0,0.0,0.38314666666666675,0.38314666666666675,0,0,0.0,"{""energy"": 0.6666666666666667, ""water"": 0.05493333333333334, ""transport"": 0.33333333333333337}","{""energy"": 0.6666666666666667, ""water"": 0.05493333333333334, ""transport"": 0.33333333333333337}","{""energy"": 0.0, ""water"": 0.0, ""transport"": 0.0}","{""energy"": 0.0, ""water"": 0.0, ""transport"": 0.0}","{""energy"": 0.0, ""water"": 0.0, ""transport"": 0.0}","{""energy"": 0.0, ""water"": 0.0, ""transport"": 0.0}",0.3,0.1,,0.38314666666666675,1.0,0.6168533333333333,1,"{""energy"": 0.6666666666666667, ""water"": 0.05493333333333334, ""transport"": 0.33333333333333337}","{""energy"": 1.0, ""water"": 1.0, ""transport"": 1.0}","{""energy"": 0.33333333333333326, ""water"": 0.9450666666666666, ""transport"": 0.6666666666666666}",13,0.38314666666666675,,,[],,v2.0,0.7,0.3
S4_water_partial,269,269,10817718308959878234,scenario=S4_water_partial|method=both|duration=0|theta=0.300000|delta_threshold=0.100000|A=v2.0|w=na|run_id=269|seed=10817718308959878234,False,"{""step_1_amount"": 0.11995986484496224}",033832c9a51598bd69064fc3910037f6fde292830c04f0066e6d9779dc60f4ca,0.38314666666666675,0.38314666666666675,0.0,19,0.0,0.0,0.38314666666666675,0.38314666666666675,0,0,0.0,"{""energy"": 0.6666666666666667, ""water"": 0.05493333333333334, ""transport"": 0.33333333333333337}","{""energy"": 0.6666666666666667, ""water"": 0.05493333333333334, ""transport"": 0.33333333333333337}","{""energy"": 0.0, ""water"": 0.0, ""transport"": 0.0}","{""energy"": 0.0, ""water"": 0.0, ""transport"": 0.0}","{""energy"": 0.0, ""water"": 0.0, ""transport"": 0.0}","{""energy"": 0.0, ""water"": 0.0, ""transport"": 0.0}",0.3,0.1,,0.38314666666666675,1.0,0.6168533333333333,1,"{""energy"": 0.6666666666666667, ""water"": 0.05493333333333334, ""transport"": 0.33333333333333337}","{""energy"": 1.0, ""water"": 1.0, ""transport"": 1.0}","{""energy"": 0.33333333333333326, ""water"": 0.9450666666666666, ""transport"": 0.6666666666666666}",13,0.38314666666666675,,,[],,v2.0,0.7,0.3
S4_water_partial,270,270,17572094698809650287,scenario=S4_water_partial|method=both|duration=0|theta=0.300000|delta_threshold=0.100000|A=v2.0|w=na|run_id=270|seed=17572094698809650287,False,"{""step_1_amount"": 0.07784323785144259}",033832c9a51598bd69064fc3910037f6fde292830c04f0066e6d9779dc60f4ca,0.38314666666666675,0.38314666666666675,0.0,26,0.0,0.0,0.38314666666666675,0.38314666666666675,0,0,0.0,"{""energy"": 0.6666666666666667, ""water"": 0.05493333333333334, ""transport"": 0.33333333333333337}","{""energy"": 0.6666666666666667, ""water"": 0.05493333333333334, ""transport"": 0.33333333333333337}","{""energy"": 0.0, ""water"": 0.0, ""transport"": 0.0}","{""energy"": 0.0, ""water"": 0.0, ""transport"": 0.0}","{""energy"": 0.0, ""water"": 0.0, ""transport"": 0.0}","{""energy"": 0.0, ""water"": 0.0, ""transport"": 0.0}",0.3,0.1,,0.38314666666666675,1.0,0.6168533333333333,1,"{""energy"": 0.6666666666666667, ""water"": 0.05493333333333334, ""transport"": 0.33333333333333337}","{""energy"": 1.0, ""water"": 1.0, ""transport"": 1.0}","{""energy"": 0.33333333333333326, ""water"": 0.9450666666666666, ""transport"": 0.6666666666666666}",13,0.38314666666666675,,,[],,v2.0,0.7,0.3
S4_water_partial,271,271,11829614613804119085,scenario=S4_water_partial|method=both|duration=0|theta=0.300000|delta_threshold=0.100000|A=v2.0|w=na|run_id=271|seed=11829614613804119085,False,"{""step_1_amount"": 0.14687302903183364}",033832c9a51598bd69064fc3910037f6fde292830c04f0066e6d9779dc60f4ca,0.38314666666666675,0.38314666666666675,0.0,18,0.0,0.0,0.38314666666666675,0.38314666666666675,0,0,0.0,"{""energy"": 0.6666666666666667, ""water"": 0.05493333333333334, ""transport"": 0.33333333333333337}","{""energy"": 0.6666666666666667, ""water"": 0.05493333333333334, ""transport"": 0.33333333333333337}","{""energy"": 0.0, ""water"": 0.0, ""transport"": 0.0}","{""energy"": 0.0, ""water"": 0.0, ""transport"": 0.0}","{""energy"": 0.0, ""water"": 0.0, ""transport"": 0.0}","{""energy"": 0.0, ""water"": 0.0, ""transport"": 0.0}",0.3,0.1,,0.38314666666666675,1.0,0.6168533333333333,1,"{""energy"": 0.6666666666666667, ""water"": 0.05493333333333334, ""transport"": 0.33333333333333337}","{""energy"": 1.0, ""water"": 1.0, ""transport"": 1.0}","{""energy"": 0.33333333333333326, ""water"": 0.9450666666666666, ""transport"": 0.6666666666666666}",13,0.38314666666666675,,,[],,v2.0,0.7,0.3
S4_water_partial,272,272,8713841294267645402,scenario=S4_water_partial|method=both|duration=0|theta=0.300000|delta_threshold=0.100000|A=v2.0|w=na|run_id=272|seed=8713841294267645402,False,"{""step_1_amount"": 0.1247513811896777}",033832c9a51598bd69064fc3910037f6fde292830c04f0066e6d9779dc60f4ca,0.38314666666666675,0.38314666666666675,0.0,30,0.0,0.0,0.38314666666666675,0.38314666666666675,0,0,0.0,"{""energy"": 0.6666666666666667, ""water"": 0.05493333333333334, ""transport"": 0.33333333333333337}","{""energy"": 0.6666666666666667, ""water"": 0.05493333333333334, ""transport"": 0.33333333333333337}","{""energy"": 0.0, ""water"": 0.0, ""transport"": 0.0}","{""energy"": 0.0, ""water"": 0.0, ""transport"": 0.0}","{""energy"": 0.0, ""water"": 0.0, ""transport"": 0.0}","{""energy"": 0.0, ""water"": 0.0, ""transport"": 0.0}",0.3,0.1,,0.38314666666666675,1.0,0.6168533333333333,1,"{""energy"": 0.6666666666666667, ""water"": 0.05493333333333334, ""transport"": 0.33333333333333337}","{""energy"": 1.0, ""water"": 1.0, ""transport"": 1.0}","{""energy"": 0.33333333333333326, ""water"": 0.9450666666666666, ""transport"": 0.6666666666666666}",13,0.38314666666666675,,,[],,v2.0,0.7,0.3
S4_water_partial,273,273,8637765889936689710,scenario=S4_water_partial|method=both|duration=0|theta=0.300000|delta_threshold=0.100000|A=v2.0|w=na|run_id=273|seed=8637765889936689710,False,"{""step_1_amount"": 0.17888729704440468}",033832c9a51598bd69064fc3910037f6fde292830c04f0066e6d9779dc60f4ca,0.38314666666666675,0.38314666666666675,0.0,25,0.0,0.0,0.38314666666666675,0.38314666666666675,0,0,0.0,"{""energy"": 0.6666666666666667, ""water"": 0.05493333333333334, ""transport"": 0.33333333333333337}","{""energy"": 0.6666666666666667, ""water"": 0.05493333333333334, ""transport"": 0.33333333333333337}","{""energy"": 0.0, ""water"": 0.0, ""transport"": 0.0}","{""energy"": 0.0, ""water"": 0.0, ""transport"": 0.0}","{""energy"": 0.0, ""water"": 0.0, ""transport"": 0.0}","{""energy"": 0.0, ""water"": 0.0, ""transport"": 0.0}",0.3,0.1,,0.38314666666666675,1.0,0.6168533333333333,1,"{""energy"": 0.6666666666666667, ""water"": 0.05493333333333334, ""transport"": 0.33333333333333337}","{""energy"": 1.0, ""water"": 1.0, ""transport"": 1.0}","{""energy"": 0.33333333333333326, ""water"": 0.9450666666666666, ""transport"": 0.6666666666666666}",13,0.38314666666666675,,,[],,v2.0,0.7,0.3
S4_water_partial,274,274,10241442834937571788,scenario=S4_water_partial|method=both|duration=0|theta=0.300000|delta_threshold=0.100000|A=v2.0|w=na|run_id=274|seed=10241442834937571788,False,"{""step_1_amount"": 0.2268471073956741}",033832c9a51598bd69064fc3910037f6fde292830c04f0066e6d9779dc60f4ca,0.38314666666666675,0.39958313699198333,0.016436470325316588,7,0.0,0.0,0.38314666666666675,0.39958313699198333,0,0,0.016436470325316588,"{""energy"": 0.6666666666666667, ""water"": 0.05493333333333334, ""transport"": 0.33333333333333337}","{""energy"": 0.6775598804924615, ""water"": 0.088492217577926, ""transport"": 0.340038398405403}","{""energy"": 0.010893213825794779, ""water"": 0.033558884244592656, ""transport"": 0.006705065072069638}","{""energy"": 0.0, ""water"": 0.0, ""transport"": 0.0}","{""energy"": 0.0, ""water"": 0.0, ""transport"": 0.0}","{""energy"": 0.0, ""water"": 0.0, ""transport"": 0.0}",0.3,0.1,,0.38314666666666675,1.0,0.6168533333333333,1,"{""energy"": 0.6666666666666667, ""water"": 0.05493333333333334, ""transport"": 0.33333333333333337}","{""energy"": 1.0, ""water"": 1.0, ""transport"": 1.0}","{""energy"": 0.33333333333333326, ""water"": 0.9450666666666666, ""transport"": 0.6666666666666666}",12,0.39958313699198333,,,[],,v2.0,0.7,0.3
S4_water_partial,275,275,10415111990289331446,scenario=S4_water_partial|method=both|duration=0|theta=0.300000|delta_threshold=0.100000|A=v2.0|w=na|run_id=275|seed=10415111990289331446,False,"{""step_1_amount"": 0.3558861425257886}",033832c9a51598bd69064fc3910037f6fde292830c04f0066e6d9779dc60f4ca,0.38314666666666675,0.47858406027451766,0.09543739360785092,24,0.0,0.0,0.38314666666666675,0.47858406027451766,0,0,0.09543739360785092,"{""energy"": 0.6666666666666667, ""water"": 0.05493333333333334, ""transport"": 0.33333333333333337}","{""energy"": 0.7299174689965054, ""water"": 0.2497910114905691, ""transport"": 0.37226589742914906}","{""energy"": 0.0632508023298387, ""water"": 0.19485767815723576, ""transport"": 0.03893256409581569}","{""energy"": 0.0, ""water"": 0.0, ""transport"": 0.0}","{""energy"": 0.0, ""water"": 0.0, ""transport"": 0.0}","{""energy"": 0.0, ""water"": 0.0, ""transport"": 0.0}",0.3,0.1,,0.38314666666666675,1.0,0.6168533333333333,1,"{""energy"": 0.6666666666666667, ""water"": 0.05493333333333334, ""transport"": 0.33333333333333337}","{""energy"": 1.0, ""water"": 1.0, ""transport"": 1.0}","{""energy"": 0.33333333333333326, ""water"": 0.9450666666666666, ""transport"": 0.6666666666666666}",10,0.47858406027451766,,,[],,v2.0,0.7,0.3
S4_water_partial,276,276,943705418146902337,scenario=S4_water_partial|method=both|duration=0|theta=0.300000|delta_threshold=0.100000|A=v2.0|w=na|run_id=276|seed=943705418146902337,False,"{""step_1_amount"": 0.24632774925940681}",033832c9a51598bd69064fc3910037f6fde292830c04f0066e6d9779dc60f4ca,0.38314666666666675,0.41150967295700713,0.028363006290340387,27,0.0,0.0,0.38314666666666675,0.41150967295700713,0,0,0.028363006290340387,"{""energy"": 0.6666666666666667, ""water"": 0.05493333333333334, ""transport"": 0.33333333333333337}","{""energy"": 0.6854641509286711, ""water"": 0.11284301990759185, ""transport"": 0.34490368871087024}","{""energy"": 0.018797484262004338, ""water"": 0.05790968657425851, ""transport"": 0.011570355377536867}","{""energy"": 0.0, ""water"": 0.0, ""transport"": 0.0}","{""energy"": 0.0, ""water"": 0.0, ""transport"": 0.0}","{""energy"": 0.0, ""water"": 0.0, ""transport"": 0.0}",0.3,0.1,,0.38314666666666675,1.0,0.6168533333333333,1,"{""energy"": 0.6666666666666667, ""water"": 0.05493333333333334, ""transport"": 0.33333333333333337}","{""energy"": 1.0, ""water"": 1.0, ""transport"": 1.0}","{""energy"": 0.33333333333333326, ""water"": 0.9450666666666666, ""transport"": 0.6666666666666666}",12,0.41150967295700713,,,[],,v2.0,0.7,0.3
S4_water_partial,277,277,13575999784026345263,scenario=S4_water_partial|method=both|duration=0|theta=0.300000|delta_threshold=0.100000|A=v2.0|w=na|run_id=277|seed=13575999784026345263,False,"{""step_1_amount"": 0.13364541522953885}",033832c9a51598bd69064fc3910037f6fde292830c04f0066e6d9779dc60f4ca,0.38314666666666675,0.38314666666666675,0.0,27,0.0,0.0,0.38314666666666675,0.38314666666666675,0,0,0.0,"{""energy"": 0.6666666666666667, ""water"": 0.05493333333333334, ""transport"": 0.33333333333333337}","{""energy"": 0.6666666666666667, ""water"": 0.05493333333333334, ""transport"": 0.33333333333333337}","{""energy"": 0.0, ""water"": 0.0, ""transport"": 0.0}","{""energy"": 0.0, ""water"": 0.0, ""transport"": 0.0}","{""energy"": 0.0, ""water"": 0.0, ""transport"": 0.0}","{""energy"": 0.0, ""water"": 0.0, ""transport"": 0.0}",0.3,0.1,,0.38314666666666675,1.0,0.6168533333333333,1,"{""energy"": 0.6666666666666667, ""water"": 0.05493333333333334, ""transport"": 0.33333333333333337}","{""energy"": 1.0, ""water"": 1.0, ""transport"": 1.0}","{""energy"": 0.33333333333333326, ""water"": 0.9450666666666666, ""transport"": 0.6666666666666666}",13,0.38314666666666675,,,[],,v2.0,0.7,0.3
S4_water_partial,278,278,13177608523291596164,scenario=S4_water_partial|method=both|duration=0|theta=0.300000|delta_threshold=0.100000|A=v2.0|w=na|run_id=278|seed=13177608523291596164,False,"{""step_1_amount"": 0.06399473470099983}",033832c9a51598bd69064fc3910037f6fde292830c04f0066e6d9779dc60f4ca,0.38314666666666675,0.38314666666666675,0.0,10,0.0,0.0,0.38314666666666675,0.38314666666666675,0,0,0.0,"{""energy"": 0.6666666666666667, ""water"": 0.05493333333333334, ""transport"": 0.33333333333333337}","{""energy"": 0.6666666666666667, ""water"": 0.05493333333333334, ""transport"": 0.33333333333333337}","{""energy"": 0.0, ""water"": 0.0, ""transport"": 0.0}","{""energy"": 0.0, ""water"": 0.0, ""transport"": 0.0}","{""energy"": 0.0, ""water"": 0.0, ""transport"": 0.0}","{""energy"": 0.0, ""water"": 0.0, ""transport"": 0.0}",0.3,0.1,,0.38314666666666675,1.0,0.6168533333333333,1,"{""energy"": 0.6666666666666667, ""water"": 0.05493333333333334, ""transport"": 0.33333333333333337}","{""energy"": 1.0, ""water"": 1.0, ""transport"": 1.0}","{""energy"": 0.33333333333333326, ""water"": 0.9450666666666666, ""transport"": 0.6666666666666666}",13,0.38314666666666675,,,[],,v2.0,0.7,0.3
S4_water_partial,279,279,9030992554437011418,scenario=S4_water_partial|method=both|duration=0|theta=0.300000|delta_threshold=0.100000|A=v2.0|w=na|run_id=279|seed=9030992554437011418,False,"{""step_1_amount"": 0.047799334602481265}",033832c9a51598bd69064fc3910037f6fde292830c04f0066e6d9779dc60f4ca,0.38314666666666675,0.38314666666666675,0.0,14,0.0,0.0,0.38314666666666675,0.38314666666666675,0,0,0.0,"{""energy"": 0.6666666666666667, ""water"": 0.05493333333333334, ""transport"": 0.33333333333333337}","{""energy"": 0.6666666666666667, ""water"": 0.05493333333333334, ""transport"": 0.33333333333333337}","{""energy"": 0.0, ""water"": 0.0, ""transport"": 0.0}","{""energy"": 0.0, ""water"": 0.0, ""transport"": 0.0}","{""energy"": 0.0, ""water"": 0.0, ""transport"": 0.0}","{""energy"": 0.0, ""water"": 0.0, ""transport"": 0.0}",0.3,0.1,,0.38314666666666675,1.0,0.6168533333333333,1,"{""energy"": 0.6666666666666667, ""water"": 0.05493333333333334, ""transport"": 0.33333333333333337}","{""energy"": 1.0, ""water"": 1.0, ""transport"": 1.0}","{""energy"": 0.33333333333333326, ""water"": 0.9450666666666666, ""transport"": 0.6666666666666666}",13,0.38314666666666675,,,[],,v2.0,0.7,0.3
S4_water_partial,280,280,2236341155934124823,scenario=S4_water_partial|method=both|duration=0|theta=0.300000|delta_threshold=0.100000|A=v2.0|w=na|run_id=280|seed=2236341155934124823,False,"{""step_1_amount"": 0.1601810707988897}",033832c9a51598bd69064fc3910037f6fde292830c04f0066e6d9779dc60f4ca,0.38314666666666675,0.38314666666666675,0.0,20,0.0,0.0,0.38314666666666675,0.38314666666666675,0,0,0.0,"{""energy"": 0.6666666666666667, ""water"": 0.05493333333333334, ""transport"": 0.33333333333333337}","{""energy"": 0.6666666666666667, ""water"": 0.05493333333333334, ""transport"": 0.33333333333333337}","{""energy"": 0.0, ""water"": 0.0, ""transport"": 0.0}","{""energy"": 0.0, ""water"": 0.0, ""transport"": 0.0}","{""energy"": 0.0, ""water"": 0.0, ""transport"": 0.0}","{""energy"": 0.0, ""water"": 0.0, ""transport"": 0.0}",0.3,0.1,,0.38314666666666675,1.0,0.6168533333333333,1,"{""energy"": 0.6666666666666667, ""water"": 0.05493333333333334, ""transport"": 0.33333333333333337}","{""energy"": 1.0, ""water"": 1.0, ""transport"": 1.0}","{""energy"": 0.33333333333333326, ""water"": 0.9450666666666666, ""transport"": 0.6666666666666666}",13,0.38314666666666675,,,[],,v2.0,0.7,0.3
S4_water_partial,281,281,14231420730959162739,scenario=S4_water_partial|method=both|duration=0|theta=0.300000|delta_threshold=0.100000|A=v2.0|w=na|run_id=281|seed=14231420730959162739,False,"{""step_1_amount"": 0.181547128830292}",033832c9a51598bd69064fc3910037f6fde292830c04f0066e6d9779dc60f4ca,0.38314666666666675,0.38314666666666675,0.0,29,0.0,0.0,0.38314666666666675,0.38314666666666675,0,0,0.0,"{""energy"": 0.6666666666666667, ""water"": 0.05493333333333334, ""transport"": 0.33333333333333337}","{""energy"": 0.6666666666666667, ""water"": 0.05493333333333334, ""transport"": 0.33333333333333337}","{""energy"": 0.0, ""water"": 0.0, ""transport"": 0.0}","{""energy"": 0.0, ""water"": 0.0, ""transport"": 0.0}","{""energy"": 0.0, ""water"": 0.0, ""transport"": 0.0}","{""energy"": 0.0, ""water"": 0.0, ""transport"": 0.0}",0.3,0.1,,0.38314666666666675,1.0,0.6168533333333333,1,"{""energy"": 0.6666666666666667, ""water"": 0.05493333333333334, ""transport"": 0.33333333333333337}","{""energy"": 1.0, ""water"": 1.0, ""transport"": 1.0}","{""energy"": 0.33333333333333326, ""water"": 0.9450666666666666, ""transport"": 0.6666666666666666}",13,0.38314666666666675,,,[],,v2.0,0.7,0.3
S4_water_partial,282,282,8872723521414209879,scenario=S4_water_partial|method=both|duration=0|theta=0.300000|delta_threshold=0.100000|A=v2.0|w=na|run_id=282|seed=8872723521414209879,False,"{""step_1_amount"": 0.12256445424492632}",033832c9a51598bd69064fc3910037f6fde292830c04f0066e6d9779dc60f4ca,0.38314666666666675,0.38314666666666675,0.0,11,0.0,0.0,0.38314666666666675,0.38314666666666675,0,0,0.0,"{""energy"": 0.6666666666666667, ""water"": 0.05493333333333334, ""transport"": 0.33333333333333337}","{""energy"": 0.6666666666666667, ""water"": 0.05493333333333334, ""transport"": 0.33333333333333337}","{""energy"": 0.0, ""water"": 0.0, ""transport"": 0.0}","{""energy"": 0.0, ""water"": 0.0, ""transport"": 0.0}","{""energy"": 0.0, ""water"": 0.0, ""transport"": 0.0}","{""energy"": 0.0, ""water"": 0.0, ""transport"": 0.0}",0.3,0.1,,0.38314666666666675,1.0,0.6168533333333333,1,"{""energy"": 0.6666666666666667, ""water"": 0.05493333333333334, ""transport"": 0.33333333333333337}","{""energy"": 1.0, ""water"": 1.0, ""transport"": 1.0}","{""energy"": 0.33333333333333326, ""water"": 0.9450666666666666, ""transport"": 0.6666666666666666}",13,0.38314666666666675,,,[],,v2.0,0.7,0.3
S4_water_partial,283,283,16886163148480853515,scenario=S4_water_partial|method=both|duration=0|theta=0.300000|delta_threshold=0.100000|A=v2.0|w=na|run_id=283|seed=16886163148480853515,False,"{""step_1_amount"": 0.23545281350462}",033832c9a51598bd69064fc3910037f6fde292830c04f0066e6d9779dc60f4ca,0.38314666666666675,0.4048517654145327,0.02170509874786597,12,0.0,0.0,0.38314666666666675,0.4048517654145327,0,0,0.02170509874786597,"{""energy"": 0.6666666666666667, ""water"": 0.05493333333333334, ""transport"": 0.33333333333333337}","{""energy"": 0.6810516457461663, ""water"": 0.09924935021410841, ""transport"": 0.34218767350611223}","{""energy"": 0.014384979079499538, ""water"": 0.04431601688077507, ""transport"": 0.008854340172778863}","{""energy"": 0.0, ""water"": 0.0, ""transport"": 0.0}","{""energy"": 0.0, ""water"": 0.0, ""transport"": 0.0}","{""energy"": 0.0, ""water"": 0.0, ""transport"": 0.0}",0.3,0.1,,0.38314666666666675,1.0,0.6168533333333333,1,"{""energy"": 0.6666666666666667, ""water"": 0.05493333333333334, ""transport"": 0.33333333333333337}","{""energy"": 1.0, ""water"": 1.0, ""transport"": 1.0}","{""energy"": 0.33333333333333326, ""water"": 0.9450666666666666, ""transport"": 0.6666666666666666}",12,0.4048517654145327,,,[],,v2.0,0.7,0.3
S4_water_partial,284,284,3763421239561538785,scenario=S4_water_partial|method=both|duration=0|theta=0.300000|delta_threshold=0.100000|A=v2.0|w=na|run_id=284|seed=3763421239561538785,False,"{""step_1_amount"": 0.09242113432057548}",033832c9a51598bd69064fc3910037f6fde292830c04f0066e6d9779dc60f4ca,0.38314666666666675,0.38314666666666675,0.0,29,0.0,0.0,0.38314666666666675,0.38314666666666675,0,0,0.0,"{""energy"": 0.6666666666666667, ""water"": 0.05493333333333334, ""transport"": 0.33333333333333337}","{""energy"": 0.6666666666666667, ""water"": 0.05493333333333334, ""transport"": 0.33333333333333337}","{""energy"": 0.0, ""water"": 0.0, ""transport"": 0.0}","{""energy"": 0.0, ""water"": 0.0, ""transport"": 0.0}","{""energy"": 0.0, ""water"": 0.0, ""transport"": 0.0}","{""energy"": 0.0, ""water"": 0.0, ""transport"": 0.0}",0.3,0.1,,0.38314666666666675,1.0,0.6168533333333333,1,"{""energy"": 0.6666666666666667, ""water"": 0.05493333333333334, ""transport"": 0.33333333333333337}","{""energy"": 1.0, ""water"": 1.0, ""transport"": 1.0}","{""energy"": 0.33333333333333326, ""water"": 0.9450666666666666, ""transport"": 0.6666666666666666}",13,0.38314666666666675,,,[],,v2.0,0.7,0.3
S4_water_partial,285,285,12467703867463386967,scenario=S4_water_partial|method=both|duration=0|theta=0.300000|delta_threshold=0.100000|A=v2.0|w=na|run_id=285|seed=12467703867463386967,False,"{""step_1_amount"": 0.10313896782472969}",033832c9a51598bd69064fc3910037f6fde292830c04f0066e6d9779dc60f4ca,0.38314666666666675,0.38314666666666675,0.0,15,0.0,0.0,0.38314666666666675,0.38314666666666675,0,0,0.0,"{""energy"": 0.6666666666666667, ""water"": 0.05493333333333334, ""transport"": 0.33333333333333337}","{""energy"": 0.6666666666666667, ""water"": 0.05493333333333334, ""transport"": 0.33333333333333337}","{""energy"": 0.0, ""water"": 0.0, ""transport"": 0.0}","{""energy"": 0.0, ""water"": 0.0, ""transport"": 0.0}","{""energy"": 0.0, ""water"": 0.0, ""transport"": 0.0}","{""energy"": 0.0, ""water"": 0.0, ""transport"": 0.0}",0.3,0.1,,0.38314666666666675,1.0,0.6168533333333333,1,"{""energy"": 0.6666666666666667, ""water"": 0.05493333333333334, ""transport"": 0.33333333333333337}","{""energy"": 1.0, ""water"": 1.0, ""transport"": 1.0}","{""energy"": 0.33333333333333326, ""water"": 0.9450666666666666, ""transport"": 0.6666666666666666}",13,0.38314666666666675,,,[],,v2.0,0.7,0.3
S4_water_partial,286,286,8752999389769043003,scenario=S4_water_partial|method=both|duration=0|theta=0.300000|delta_threshold=0.100000|A=v2.0|w=na|run_id=286|seed=8752999389769043003,False,"{""step_1_amount"": 0.13403575624991126}",033832c9a51598bd69064fc3910037f6fde292830c04f0066e6d9779dc60f4ca,0.38314666666666675,0.38314666666666675,0.0,14,0.0,0.0,0.38314666666666675,0.38314666666666675,0,0,0.0,"{""energy"": 0.6666666666666667, ""water"": 0.05493333333333334, ""transport"": 0.33333333333333337}","{""energy"": 0.6666666666666667, ""water"": 0.05493333333333334, ""transport"": 0.33333333333333337}","{""energy"": 0.0, ""water"": 0.0, ""transport"": 0.0}","{""energy"": 0.0, ""water"": 0.0, ""transport"": 0.0}","{""energy"": 0.0, ""water"": 0.0, ""transport"": 0.0}","{""energy"": 0.0, ""water"": 0.0, ""transport"": 0.0}",0.3,0.1,,0.38314666666666675,1.0,0.6168533333333333,1,"{""energy"": 0.6666666666666667, ""water"": 0.05493333333333334, ""transport"": 0.33333333333333337}","{""energy"": 1.0, ""water"": 1.0, ""transport"": 1.0}","{""energy"": 0.33333333333333326, ""water"": 0.9450666666666666, ""transport"": 0.6666666666666666}",13,0.38314666666666675,,,[],,v2.0,0.7,0.3
S4_water_partial,287,287,17141336315510783514,scenario=S4_water_partial|method=both|duration=0|theta=0.300000|delta_threshold=0.100000|A=v2.0|w=na|run_id=287|seed=17141336315510783514,False,"{""step_1_amount"": 0.05788737194201273}",033832c9a51598bd69064fc3910037f6fde292830c04f0066e6d9779dc60f4ca,0.38314666666666675,0.38314666666666675,0.0,19,0.0,0.0,0.38314666666666675,0.38314666666666675,0,0,0.0,"{""energy"": 0.6666666666666667, ""water"": 0.05493333333333334, ""transport"": 0.33333333333333337}","{""energy"": 0.6666666666666667, ""water"": 0.05493333333333334, ""transport"": 0.33333333333333337}","{""energy"": 0.0, ""water"": 0.0, ""transport"": 0.0}","{""energy"": 0.0, ""water"": 0.0, ""transport"": 0.0}","{""energy"": 0.0, ""water"": 0.0, ""transport"": 0.0}","{""energy"": 0.0, ""water"": 0.0, ""transport"": 0.0}",0.3,0.1,,0.38314666666666675,1.0,0.6168533333333333,1,"{""energy"": 0.6666666666666667, ""water"": 0.05493333333333334, ""transport"": 0.33333333333333337}","{""energy"": 1.0, ""water"": 1.0, ""transport"": 1.0}","{""energy"": 0.33333333333333326, ""water"": 0.9450666666666666, ""transport"": 0.6666666666666666}",13,0.38314666666666675,,,[],,v2.0,0.7,0.3
S4_water_partial,288,288,6735087050841250278,scenario=S4_water_partial|method=both|duration=0|theta=0.300000|delta_threshold=0.100000|A=v2.0|w=na|run_id=288|seed=6735087050841250278,False,"{""step_1_amount"": 0.209222540921384}",033832c9a51598bd69064fc3910037f6fde292830c04f0066e6d9779dc60f4ca,0.38314666666666675,0.38879293678226107,0.005646270115594321,8,0.0,0.0,0.38314666666666675,0.38879293678226107,0,0,0.005646270115594321,"{""energy"": 0.6666666666666667, ""water"": 0.05493333333333334, ""transport"": 0.33333333333333337}","{""energy"": 0.6704087126455183, ""water"": 0.06646150948506341, ""transport"": 0.335636662928449}","{""energy"": 0.003742045978851527, ""water"": 0.011528176151730067, ""transport"": 0.002303329595115644}","{""energy"": 0.0, ""water"": 0.0, ""transport"": 0.0}","{""energy"": 0.0, ""water"": 0.0, ""transport"": 0.0}","{""energy"": 0.0, ""water"": 0.0, ""transport"": 0.0}",0.3,0.1,,0.38314666666666675,1.0,0.6168533333333333,1,"{""energy"": 0.6666666666666667, ""water"": 0.05493333333333334, ""transport"": 0.33333333333333337}","{""energy"": 1.0, ""water"": 1.0, ""transport"": 1.0}","{""energy"": 0.33333333333333326, ""water"": 0.9450666666666666, ""transport"": 0.6666666666666666}",12,0.38879293678226107,,,[],,v2.0,0.7,0.3
S4_water_partial,289,289,4284011998483556065,scenario=S4_water_partial|method=both|duration=0|theta=0.300000|delta_threshold=0.100000|A=v2.0|w=na|run_id=289|seed=4284011998483556065,False,"{""step_1_amount"": 0.2615865803048647}",033832c9a51598bd69064fc3910037f6fde292830c04f0066e6d9779dc60f4ca,0.38314666666666675,0.42085151079381256,0.03770484412714581,6,0.0,0.0,0.38314666666666675,0.42085151079381256,0,0,0.03770484412714581,"{""energy"": 0.6666666666666667, ""water"": 0.05493333333333334, ""transport"": 0.33333333333333337}","{""energy"": 0.6916554216253656, ""water"": 0.1319165587144142, ""transport"": 0.34871458176447334}","{""energy"": 0.0249887549586989, ""water"": 0.07698322538108088, ""transport"": 0.015381248431139971}","{""energy"": 0.0, ""water"": 0.0, ""transport"": 0.0}","{""energy"": 0.0, ""water"": 0.0, ""transport"": 0.0}","{""energy"": 0.0, ""water"": 0.0, ""transport"": 0.0}",0.3,0.1,,0.38314666666666675,1.0,0.6168533333333333,1,"{""energy"": 0.6666666666666667, ""water"": 0.05493333333333334, ""transport"": 0.33333333333333337}","{""energy"": 1.0, ""water"": 1.0, ""transport"": 1.0}","{""energy"": 0.33333333333333326, ""water"": 0.9450666666666666, ""transport"": 0.6666666666666666}",12,0.42085151079381256,,,[],,v2.0,0.7,0.3
S4_water_partial,290,290,12474345760978598655,scenario=S4_water_partial|method=both|duration=0|theta=0.300000|delta_threshold=0.100000|A=v2.0|w=na|run_id=290|seed=12474345760978598655,False,"{""step_1_amount"": 0.1443488319683738}",033832c9a51598bd69064fc3910037f6fde292830c04f0066e6d9779dc60f4ca,0.38314666666666675,0.38314666666666675,0.0,22,0.0,0.0,0.38314666666666675,0.38314666666666675,0,0,0.0,"{""energy"": 0.6666666666666667, ""water"": 0.05493333333333334, ""transport"": 0.33333333333333337}","{""energy"": 0.6666666666666667, ""water"": 0.05493333333333334, ""transport"": 0.33333333333333337}","{""energy"": 0.0, ""water"": 0.0, ""transport"": 0.0}","{""energy"": 0.0, ""water"": 0.0, ""transport"": 0.0}","{""energy"": 0.0, ""water"": 0.0, ""transport"": 0.0}","{""energy"": 0.0, ""water"": 0.0, ""transport"": 0.0}",0.3,0.1,,0.38314666666666675,1.0,0.6168533333333333,1,"{""energy"": 0.6666666666666667, ""water"": 0.05493333333333334, ""transport"": 0.33333333333333337}","{""energy"": 1.0, ""water"": 1.0, ""transport"": 1.0}","{""energy"": 0.33333333333333326, ""water"": 0.9450666666666666, ""transport"": 0.6666666666666666}",13,0.38314666666666675,,,[],,v2.0,0.7,0.3
S4_water_partial,291,291,15881386235931988120,scenario=S4_water_partial|method=both|duration=0|theta=0.300000|delta_threshold=0.100000|A=v2.0|w=na|run_id=291|seed=15881386235931988120,False,"{""step_1_amount"": 0.0812004865273808}",033832c9a51598bd69064fc3910037f6fde292830c04f0066e6d9779dc60f4ca,0.38314666666666675,0.38314666666666675,0.0,16,0.0,0.0,0.38314666666666675,0.38314666666666675,0,0,0.0,"{""energy"": 0.6666666666666667, ""water"": 0.05493333333333334, ""transport"": 0.33333333333333337}","{""energy"": 0.6666666666666667, ""water"": 0.05493333333333334, ""transport"": 0.33333333333333337}","{""energy"": 0.0, ""water"": 0.0, ""transport"": 0.0}","{""energy"": 0.0, ""water"": 0.0, ""transport"": 0.0}","{""energy"": 0.0, ""water"": 0.0, ""transport"": 0.0}","{""energy"": 0.0, ""water"": 0.0, ""transport"": 0.0}",0.3,0.1,,0.38314666666666675,1.0,0.6168533333333333,1,"{""energy"": 0.6666666666666667, ""water"": 0.05493333333333334, ""transport"": 0.33333333333333337}","{""energy"": 1.0, ""water"": 1.0, ""transport"": 1.0}","{""energy"": 0.33333333333333326, ""water"": 0.9450666666666666, ""transport"": 0.6666666666666666}",13,0.38314666666666675,,,[],,v2.0,0.7,0.3
S4_water_partial,292,292,1176370138726374185,scenario=S4_water_partial|method=both|duration=0|theta=0.300000|delta_threshold=0.100000|A=v2.0|w=na|run_id=292|seed=1176370138726374185,False,"{""step_1_amount"": 0.09524981773359392}",033832c9a51598bd69064fc3910037f6fde292830c04f0066e6d9779dc60f4ca,0.38314666666666675,0.38314666666666675,0.0,22,0.0,0.0,0.38314666666666675,0.38314666666666675,0,0,0.0,"{""energy"": 0.6666666666666667, ""water"": 0.05493333333333334, ""transport"": 0.33333333333333337}","{""energy"": 0.6666666666666667, ""water"": 0.05493333333333334, ""transport"": 0.33333333333333337}","{""energy"": 0.0, ""water"": 0.0, ""transport"": 0.0}","{""energy"": 0.0, ""water"": 0.0, ""transport"": 0.0}","{""energy"": 0.0, ""water"": 0.0, ""transport"": 0.0}","{""energy"": 0.0, ""water"": 0.0, ""transport"": 0.0}",0.3,0.1,,0.38314666666666675,1.0,0.6168533333333333,1,"{""energy"": 0.6666666666666667, ""water"": 0.05493333333333334, ""transport"": 0.33333333333333337}","{""energy"": 1.0, ""water"": 1.0, ""transport"": 1.0}","{""energy"": 0.33333333333333326, ""water"": 0.9450666666666666, ""transport"": 0.6666666666666666}",13,0.38314666666666675,,,[],,v2.0,0.7,0.3
S4_water_partial,293,293,7183762918999369421,scenario=S4_water_partial|method=both|duration=0|theta=0.300000|delta_threshold=0.100000|A=v2.0|w=na|run_id=293|seed=7183762918999369421,False,"{""step_1_amount"": 0.08627530703382032}",033832c9a51598bd69064fc3910037f6fde292830c04f0066e6d9779dc60f4ca,0.38314666666666675,0.38314666666666675,0.0,7,0.0,0.0,0.38314666666666675,0.38314666666666675,0,0,0.0,"{""energy"": 0.6666666666666667, ""water"": 0.05493333333333334, ""transport"": 0.33333333333333337}","{""energy"": 0.6666666666666667, ""water"": 0.05493333333333334, ""transport"": 0.33333333333333337}","{""energy"": 0.0, ""water"": 0.0, ""transport"": 0.0}","{""energy"": 0.0, ""water"": 0.0, ""transport"": 0.0}","{""energy"": 0.0, ""water"": 0.0, ""transport"": 0.0}","{""energy"": 0.0, ""water"": 0.0, ""transport"": 0.0}",0.3,0.1,,0.38314666666666675,1.0,0.6168533333333333,1,"{""energy"": 0.6666666666666667, ""water"": 0.05493333333333334, ""transport"": 0.33333333333333337}","{""energy"": 1.0, ""water"": 1.0, ""transport"": 1.0}","{""energy"": 0.33333333333333326, ""water"": 0.9450666666666666, ""transport"": 0.6666666666666666}",13,0.38314666666666675,,,[],,v2.0,0.7,0.3
S4_water_partial,294,294,3084412978088198423,scenario=S4_water_partial|method=both|duration=0|theta=0.300000|delta_threshold=0.100000|A=v2.0|w=na|run_id=294|seed=3084412978088198423,False,"{""step_1_amount"": 0.20255734744207637}",033832c9a51598bd69064fc3910037f6fde292830c04f0066e6d9779dc60f4ca,0.38314666666666675,0.384712338704392,0.0015656720377252298,12,0.0,0.0,0.38314666666666675,0.384712338704392,0,0,0.0015656720377252298,"{""energy"": 0.6666666666666667, ""water"": 0.05493333333333334, ""transport"": 0.33333333333333337}","{""energy"": 0.6677043103912893, ""water"": 0.058130017635928885, ""transport"": 0.33397203085699195}","{""energy"": 0.0010376437246225612, ""water"": 0.003196684302595544, ""transport"": 0.0006386975236585823}","{""energy"": 0.0, ""water"": 0.0, ""transport"": 0.0}","{""energy"": 0.0, ""water"": 0.0, ""transport"": 0.0}","{""energy"": 0.0, ""water"": 0.0, ""transport"": 0.0}",0.3,0.1,,0.38314666666666675,1.0,0.6168533333333333,1,"{""energy"": 0.6666666666666667, ""water"": 0.05493333333333334, ""transport"": 0.33333333333333337}","{""energy"": 1.0, ""water"": 1.0, ""transport"": 1.0}","{""energy"": 0.33333333333333326, ""water"": 0.9450666666666666, ""transport"": 0.6666666666666666}",12,0.384712338704392,,,[],,v2.0,0.7,0.3
S4_water_partial,295,295,1970773042920346306,scenario=S4_water_partial|method=both|duration=0|theta=0.300000|delta_threshold=0.100000|A=v2.0|w=na|run_id=295|seed=1970773042920346306,False,"{""step_1_amount"": 0.15955876374297817}",033832c9a51598bd69064fc3910037f6fde292830c04f0066e6d9779dc60f4ca,0.38314666666666675,0.38314666666666675,0.0,12,0.0,0.0,0.38314666666666675,0.38314666666666675,0,0,0.0,"{""energy"": 0.6666666666666667, ""water"": 0.05493333333333334, ""transport"": 0.33333333333333337}","{""energy"": 0.6666666666666667, ""water"": 0.05493333333333334, ""transport"": 0.33333333333333337}","{""energy"": 0.0, ""water"": 0.0, ""transport"": 0.0}","{""energy"": 0.0, ""water"": 0.0, ""transport"": 0.0}","{""energy"": 0.0, ""water"": 0.0, ""transport"": 0.0}","{""energy"": 0.0, ""water"": 0.0, ""transport"": 0.0}",0.3,0.1,,0.38314666666666675,1.0,0.6168533333333333,1,"{""energy"": 0.6666666666666667, ""water"": 0.05493333333333334, ""transport"": 0.33333333333333337}","{""energy"": 1.0, ""water"": 1.0, ""transport"": 1.0}","{""energy"": 0.33333333333333326, ""water"": 0.9450666666666666, ""transport"": 0.6666666666666666}",13,0.38314666666666675,,,[],,v2.0,0.7,0.3
S4_water_partial,296,296,7426928864501059004,scenario=S4_water_partial|method=both|duration=0|theta=0.300000|delta_threshold=0.100000|A=v2.0|w=na|run_id=296|seed=7426928864501059004,False,"{""step_1_amount"": 0.19174478018400945}",033832c9a51598bd69064fc3910037f6fde292830c04f0066e6d9779dc60f4ca,0.38314666666666675,0.38314666666666675,0.0,16,0.0,0.0,0.38314666666666675,0.38314666666666675,0,0,0.0,"{""energy"": 0.6666666666666667, ""water"": 0.05493333333333334, ""transport"": 0.33333333333333337}","{""energy"": 0.6666666666666667, ""water"": 0.05493333333333334, ""transport"": 0.33333333333333337}","{""energy"": 0.0, ""water"": 0.0, ""transport"": 0.0}","{""energy"": 0.0, ""water"": 0.0, ""transport"": 0.0}","{""energy"": 0.0, ""water"": 0.0, ""transport"": 0.0}","{""energy"": 0.0, ""water"": 0.0, ""transport"": 0.0}",0.3,0.1,,0.38314666666666675,1.0,0.6168533333333333,1,"{""energy"": 0.6666666666666667, ""water"": 0.05493333333333334, ""transport"": 0.33333333333333337}","{""energy"": 1.0, ""water"": 1.0, ""transport"": 1.0}","{""energy"": 0.33333333333333326, ""water"": 0.9450666666666666, ""transport"": 0.6666666666666666}",13,0.38314666666666675,,,[],,v2.0,0.7,0.3
S4_water_partial,297,297,5706147629929808473,scenario=S4_water_partial|method=both|duration=0|theta=0.300000|delta_threshold=0.100000|A=v2.0|w=na|run_id=297|seed=5706147629929808473,False,"{""step_1_amount"": 0.11123382084275078}",033832c9a51598bd69064fc3910037f6fde292830c04f0066e6d9779dc60f4ca,0.38314666666666675,0.38314666666666675,0.0,15,0.0,0.0,0.38314666666666675,0.38314666666666675,0,0,0.0,"{""energy"": 0.6666666666666667, ""water"": 0.05493333333333334, ""transport"": 0.33333333333333337}","{""energy"": 0.6666666666666667, ""water"": 0.05493333333333334, ""transport"": 0.33333333333333337}","{""energy"": 0.0, ""water"": 0.0, ""transport"": 0.0}","{""energy"": 0.0, ""water"": 0.0, ""transport"": 0.0}","{""energy"": 0.0, ""water"": 0.0, ""transport"": 0.0}","{""energy"": 0.0, ""water"": 0.0, ""transport"": 0.0}",0.3,0.1,,0.38314666666666675,1.0,0.6168533333333333,1,"{""energy"": 0.6666666666666667, ""water"": 0.05493333333333334, ""transport"": 0.33333333333333337}","{""energy"": 1.0, ""water"": 1.0, ""transport"": 1.0}","{""energy"": 0.33333333333333326, ""water"": 0.9450666666666666, ""transport"": 0.6666666666666666}",13,0.38314666666666675,,,[],,v2.0,0.7,0.3
S4_water_partial,298,298,4676526018073695090,scenario=S4_water_partial|method=both|duration=0|theta=0.300000|delta_threshold=0.100000|A=v2.0|w=na|run_id=298|seed=4676526018073695090,False,"{""step_1_amount"": 0.22335580516632883}",033832c9a51598bd69064fc3910037f6fde292830c04f0066e6d9779dc60f4ca,0.38314666666666675,0.3974456744846223,0.014299007817955567,8,0.0,0.0,0.38314666666666675,0.3974456744846223,0,0,0.014299007817955567,"{""energy"": 0.6666666666666667, ""water"": 0.05493333333333334, ""transport"": 0.33333333333333337}","{""energy"": 0.6761432846129046, ""water"": 0.0841280897912443, ""transport"": 0.339166445673624}","{""energy"": 0.009476617946237886, ""water"": 0.029194756457910954, ""transport"": 0.005833112340290603}","{""energy"": 0.0, ""water"": 0.0, ""transport"": 0.0}","{""energy"": 0.0, ""water"": 0.0, ""transport"": 0.0}","{""energy"": 0.0, ""water"": 0.0, ""transport"": 0.0}",0.3,0.1,,0.38314666666666675,1.0,0.6168533333333333,1,"{""energy"": 0.6666666666666667, ""water"": 0.05493333333333334, ""transport"": 0.33333333333333337}","{""energy"": 1.0, ""water"": 1.0, ""transport"": 1.0}","{""energy"": 0.33333333333333326, ""water"": 0.9450666666666666, ""transport"": 0.6666666666666666}",12,0.3974456744846223,,,[],,v2.0,0.7,0.3
S4_water_partial,299,299,12513474571713366121,scenario=S4_water_partial|method=both|duration=0|theta=0.300000|delta_threshold=0.100000|A=v2.0|w=na|run_id=299|seed=12513474571713366121,False,"{""step_1_amount"": 0.1600764808319143}",033832c9a51598bd69064fc3910037f6fde292830c04f0066e6d9779dc60f4ca,0.38314666666666675,0.38314666666666675,0.0,14,0.0,0.0,0.38314666666666675,0.38314666666666675,0,0,0.0,"{""energy"": 0.6666666666666667, ""water"": 0.05493333333333334, ""transport"": 0.33333333333333337}","{""energy"": 0.6666666666666667, ""water"": 0.05493333333333334, ""transport"": 0.33333333333333337}","{""energy"": 0.0, ""water"": 0.0, ""transport"": 0.0}","{""energy"": 0.0, ""water"": 0.0, ""transport"": 0.0}","{""energy"": 0.0, ""water"": 0.0, ""transport"": 0.0}","{""energy"": 0.0, ""water"": 0.0, ""transport"": 0.0}",0.3,0.1,,0.38314666666666675,1.0,0.6168533333333333,1,"{""energy"": 0.6666666666666667, ""water"": 0.05493333333333334, ""transport"": 0.33333333333333337}","{""energy"": 1.0, ""water"": 1.0, ""transport"": 1.0}","{""energy"": 0.33333333333333326, ""water"": 0.9450666666666666, ""transport"": 0.6666666666666666}",13,0.38314666666666675,,,[],,v2.0,0.7,0.3
S4_water_partial,300,300,15191617818154426982,scenario=S4_water_partial|method=both|duration=0|theta=0.300000|delta_threshold=0.100000|A=v2.0|w=na|run_id=300|seed=15191617818154426982,False,"{""step_1_amount"": 0.16499987979294997}",033832c9a51598bd69064fc3910037f6fde292830c04f0066e6d9779dc60f4ca,0.38314666666666675,0.38314666666666675,0.0,21,0.0,0.0,0.38314666666666675,0.38314666666666675,0,0,0.0,"{""energy"": 0.6666666666666667, ""water"": 0.05493333333333334, ""transport"": 0.33333333333333337}","{""energy"": 0.6666666666666667, ""water"": 0.05493333333333334, ""transport"": 0.33333333333333337}","{""energy"": 0.0, ""water"": 0.0, ""transport"": 0.0}","{""energy"": 0.0, ""water"": 0.0, ""transport"": 0.0}","{""energy"": 0.0, ""water"": 0.0, ""transport"": 0.0}","{""energy"": 0.0, ""water"": 0.0, ""transport"": 0.0}",0.3,0.1,,0.38314666666666675,1.0,0.6168533333333333,1,"{""energy"": 0.6666666666666667, ""water"": 0.05493333333333334, ""transport"": 0.33333333333333337}","{""energy"": 1.0, ""water"": 1.0, ""transport"": 1.0}","{""energy"": 0.33333333333333326, ""water"": 0.9450666666666666, ""transport"": 0.6666666666666666}",13,0.38314666666666675,,,[],,v2.0,0.7,0.3
S4_water_partial,301,301,4729858452794145472,scenario=S4_water_partial|method=both|duration=0|theta=0.300000|delta_threshold=0.100000|A=v2.0|w=na|run_id=301|seed=4729858452794145472,False,"{""step_1_amount"": 0.10801101459348561}",033832c9a51598bd69064fc3910037f6fde292830c04f0066e6d9779dc60f4ca,0.38314666666666675,0.38314666666666675,0.0,19,0.0,0.0,0.38314666666666675,0.38314666666666675,0,0,0.0,"{""energy"": 0.6666666666666667, ""water"": 0.05493333333333334, ""transport"": 0.33333333333333337}","{""energy"": 0.6666666666666667, ""water"": 0.05493333333333334, ""transport"": 0.33333333333333337}","{""energy"": 0.0, ""water"": 0.0, ""transport"": 0.0}","{""energy"": 0.0, ""water"": 0.0, ""transport"": 0.0}","{""energy"": 0.0, ""water"": 0.0, ""transport"": 0.0}","{""energy"": 0.0, ""water"": 0.0, ""transport"": 0.0}",0.3,0.1,,0.38314666666666675,1.0,0.6168533333333333,1,"{""energy"": 0.6666666666666667, ""water"": 0.05493333333333334, ""transport"": 0.33333333333333337}","{""energy"": 1.0, ""water"": 1.0, ""transport"": 1.0}","{""energy"": 0.33333333333333326, ""water"": 0.9450666666666666, ""transport"": 0.6666666666666666}",13,0.38314666666666675,,,[],,v2.0,0.7,0.3
S4_water_partial,302,302,1820958812984391536,scenario=S4_water_partial|method=both|duration=0|theta=0.300000|delta_threshold=0.100000|A=v2.0|w=na|run_id=302|seed=1820958812984391536,False,"{""step_1_amount"": 0.1247761691332628}",033832c9a51598bd69064fc3910037f6fde292830c04f0066e6d9779dc60f4ca,0.38314666666666675,0.38314666666666675,0.0,20,0.0,0.0,0.38314666666666675,0.38314666666666675,0,0,0.0,"{""energy"": 0.6666666666666667, ""water"": 0.05493333333333334, ""transport"": 0.33333333333333337}","{""energy"": 0.6666666666666667, ""water"": 0.05493333333333334, ""transport"": 0.33333333333333337}","{""energy"": 0.0, ""water"": 0.0, ""transport"": 0.0}","{""energy"": 0.0, ""water"": 0.0, ""transport"": 0.0}","{""energy"": 0.0, ""water"": 0.0, ""transport"": 0.0}","{""energy"": 0.0, ""water"": 0.0, ""transport"": 0.0}",0.3,0.1,,0.38314666666666675,1.0,0.6168533333333333,1,"{""energy"": 0.6666666666666667, ""water"": 0.05493333333333334, ""transport"": 0.33333333333333337}","{""energy"": 1.0, ""water"": 1.0, ""transport"": 1.0}","{""energy"": 0.33333333333333326, ""water"": 0.9450666666666666, ""transport"": 0.6666666666666666}",13,0.38314666666666675,,,[],,v2.0,0.7,0.3
S4_water_partial,303,303,9614174320401566477,scenario=S4_water_partial|method=both|duration=0|theta=0.300000|delta_threshold=0.100000|A=v2.0|w=na|run_id=303|seed=9614174320401566477,False,"{""step_1_amount"": 0.11326140453940639}",033832c9a51598bd69064fc3910037f6fde292830c04f0066e6d9779dc60f4ca,0.38314666666666675,0.38314666666666675,0.0,24,0.0,0.0,0.38314666666666675,0.38314666666666675,0,0,0.0,"{""energy"": 0.6666666666666667, ""water"": 0.05493333333333334, ""transport"": 0.33333333333333337}","{""energy"": 0.6666666666666667, ""water"": 0.05493333333333334, ""transport"": 0.33333333333333337}","{""energy"": 0.0, ""water"": 0.0, ""transport"": 0.0}","{""energy"": 0.0, ""water"": 0.0, ""transport"": 0.0}","{""energy"": 0.0, ""water"": 0.0, ""transport"": 0.0}","{""energy"": 0.0, ""water"": 0.0, ""transport"": 0.0}",0.3,0.1,,0.38314666666666675,1.0,0.6168533333333333,1,"{""energy"": 0.6666666666666667, ""water"": 0.05493333333333334, ""transport"": 0.33333333333333337}","{""energy"": 1.0, ""water"": 1.0, ""transport"": 1.0}","{""energy"": 0.33333333333333326, ""water"": 0.9450666666666666, ""transport"": 0.6666666666666666}",13,0.38314666666666675,,,[],,v2.0,0.7,0.3
S4_water_partial,304,304,9775384525396953817,scenario=S4_water_partial|method=both|duration=0|theta=0.300000|delta_threshold=0.100000|A=v2.0|w=na|run_id=304|seed=9775384525396953817,False,"{""step_1_amount"": 0.13466484051999625}",033832c9a51598bd69064fc3910037f6fde292830c04f0066e6d9779dc60f4ca,0.38314666666666675,0.38314666666666675,0.0,16,0.0,0.0,0.38314666666666675,0.38314666666666675,0,0,0.0,"{""energy"": 0.6666666666666667, ""water"": 0.05493333333333334, ""transport"": 0.33333333333333337}","{""energy"": 0.6666666666666667, ""water"": 0.05493333333333334, ""transport"": 0.33333333333333337}","{""energy"": 0.0, ""water"": 0.0, ""transport"": 0.0}","{""energy"": 0.0, ""water"": 0.0, ""transport"": 0.0}","{""energy"": 0.0, ""water"": 0.0, ""transport"": 0.0}","{""energy"": 0.0, ""water"": 0.0, ""transport"": 0.0}",0.3,0.1,,0.38314666666666675,1.0,0.6168533333333333,1,"{""energy"": 0.6666666666666667, ""water"": 0.05493333333333334, ""transport"": 0.33333333333333337}","{""energy"": 1.0, ""water"": 1.0, ""transport"": 1.0}","{""energy"": 0.33333333333333326, ""water"": 0.9450666666666666, ""transport"": 0.6666666666666666}",13,0.38314666666666675,,,[],,v2.0,0.7,0.3
S4_water_partial,305,305,12435270042072425255,scenario=S4_water_partial|method=both|duration=0|theta=0.300000|delta_threshold=0.100000|A=v2.0|w=na|run_id=305|seed=12435270042072425255,False,"{""step_1_amount"": 0.10929859667910864}",033832c9a51598bd69064fc3910037f6fde292830c04f0066e6d9779dc60f4ca,0.38314666666666675,0.38314666666666675,0.0,6,0.0,0.0,0.38314666666666675,0.38314666666666675,0,0,0.0,"{""energy"": 0.6666666666666667, ""water"": 0.05493333333333334, ""transport"": 0.33333333333333337}","{""energy"": 0.6666666666666667, ""water"": 0.05493333333333334, ""transport"": 0.33333333333333337}","{""energy"": 0.0, ""water"": 0.0, ""transport"": 0.0}","{""energy"": 0.0, ""water"": 0.0, ""transport"": 0.0}","{""energy"": 0.0, ""water"": 0.0, ""transport"": 0.0}","{""energy"": 0.0, ""water"": 0.0, ""transport"": 0.0}",0.3,0.1,,0.38314666666666675,1.0,0.6168533333333333,1,"{""energy"": 0.6666666666666667, ""water"": 0.05493333333333334, ""transport"": 0.33333333333333337}","{""energy"": 1.0, ""water"": 1.0, ""transport"": 1.0}","{""energy"": 0.33333333333333326, ""water"": 0.9450666666666666, ""transport"": 0.6666666666666666}",13,0.38314666666666675,,,[],,v2.0,0.7,0.3
S4_water_partial,306,306,14270326722727949257,scenario=S4_water_partial|method=both|duration=0|theta=0.300000|delta_threshold=0.100000|A=v2.0|w=na|run_id=306|seed=14270326722727949257,False,"{""step_1_amount"": 0.2738626671281738}",033832c9a51598bd69064fc3910037f6fde292830c04f0066e6d9779dc60f4ca,0.38314666666666675,0.42836723804921295,0.045220571382546204,9,0.0,0.0,0.38314666666666675,0.42836723804921295,0,0,0.045220571382546204,"{""energy"": 0.6666666666666667, ""water"": 0.05493333333333334, ""transport"": 0.33333333333333337}","{""energy"": 0.6966364438539233, ""water"": 0.1472616672435506, ""transport"": 0.3517805344485948}","{""energy"": 0.029969777187256574, ""water"": 0.09232833391021728, ""transport"": 0.018447201115261436}","{""energy"": 0.0, ""water"": 0.0, ""transport"": 0.0}","{""energy"": 0.0, ""water"": 0.0, ""transport"": 0.0}","{""energy"": 0.0, ""water"": 0.0, ""transport"": 0.0}",0.3,0.1,,0.38314666666666675,1.0,0.6168533333333333,1,"{""energy"": 0.6666666666666667, ""water"": 0.05493333333333334, ""transport"": 0.33333333333333337}","{""energy"": 1.0, ""water"": 1.0, ""transport"": 1.0}","{""energy"": 0.33333333333333326, ""water"": 0.9450666666666666, ""transport"": 0.6666666666666666}",11,0.42836723804921295,,,[],,v2.0,0.7,0.3
S4_water_partial,307,307,3542660455269540399,scenario=S4_water_partial|method=both|duration=0|theta=0.300000|delta_threshold=0.100000|A=v2.0|w=na|run_id=307|seed=3542660455269540399,False,"{""step_1_amount"": 0.18658331460231536}",033832c9a51598bd69064fc3910037f6fde292830c04f0066e6d9779dc60f4ca,0.38314666666666675,0.38314666666666675,0.0,14,0.0,0.0,0.38314666666666675,0.38314666666666675,0,0,0.0,"{""energy"": 0.6666666666666667, ""water"": 0.05493333333333334, ""transport"": 0.33333333333333337}","{""energy"": 0.6666666666666667, ""water"": 0.05493333333333334, ""transport"": 0.33333333333333337}","{""energy"": 0.0, ""water"": 0.0, ""transport"": 0.0}","{""energy"": 0.0, ""water"": 0.0, ""transport"": 0.0}","{""energy"": 0.0, ""water"": 0.0, ""transport"": 0.0}","{""energy"": 0.0, ""water"": 0.0, ""transport"": 0.0}",0.3,0.1,,0.38314666666666675,1.0,0.6168533333333333,1,"{""energy"": 0.6666666666666667, ""water"": 0.05493333333333334, ""transport"": 0.33333333333333337}","{""energy"": 1.0, ""water"": 1.0, ""transport"": 1.0}","{""energy"": 0.33333333333333326, ""water"": 0.9450666666666666, ""transport"": 0.6666666666666666}",13,0.38314666666666675,,,[],,v2.0,0.7,0.3
S4_water_partial,308,308,7004066909902137995,scenario=S4_water_partial|method=both|duration=0|theta=0.300000|delta_threshold=0.100000|A=v2.0|w=na|run_id=308|seed=7004066909902137995,False,"{""step_1_amount"": 0.2377759130244886}",033832c9a51598bd69064fc3910037f6fde292830c04f0066e6d9779dc60f4ca,0.38314666666666675,0.4062740250180842,0.023127358351417437,8,0.0,0.0,0.38314666666666675,0.4062740250180842,0,0,0.023127358351417437,"{""energy"": 0.6666666666666667, ""water"": 0.05493333333333334, ""transport"": 0.33333333333333337}","{""energy"": 0.681994243376353, ""water"": 0.10215322461394402, ""transport"": 0.3427678676111994}","{""energy"": 0.015327576709686208, ""water"": 0.04721989128061068, ""transport"": 0.009434534277866002}","{""energy"": 0.0, ""water"": 0.0, ""transport"": 0.0}","{""energy"": 0.0, ""water"": 0.0, ""transport"": 0.0}","{""energy"": 0.0, ""water"": 0.0, ""transport"": 0.0}",0.3,0.1,,0.38314666666666675,1.0,0.6168533333333333,1,"{""energy"": 0.6666666666666667, ""water"": 0.05493333333333334, ""transport"": 0.33333333333333337}","{""energy"": 1.0, ""water"": 1.0, ""transport"": 1.0}","{""energy"": 0.33333333333333326, ""water"": 0.9450666666666666, ""transport"": 0.6666666666666666}",12,0.4062740250180842,,,[],,v2.0,0.7,0.3
S4_water_partial,309,309,8580157215818754103,scenario=S4_water_partial|method=both|duration=0|theta=0.300000|delta_threshold=0.100000|A=v2.0|w=na|run_id=309|seed=8580157215818754103,False,"{""step_1_amount"": 0.1517775281881501}",033832c9a51598bd69064fc3910037f6fde292830c04f0066e6d9779dc60f4ca,0.38314666666666675,0.38314666666666675,0.0,28,0.0,0.0,0.38314666666666675,0.38314666666666675,0,0,0.0,"{""energy"": 0.6666666666666667, ""water"": 0.05493333333333334, ""transport"": 0.33333333333333337}","{""energy"": 0.6666666666666667, ""water"": 0.05493333333333334, ""transport"": 0.33333333333333337}","{""energy"": 0.0, ""water"": 0.0, ""transport"": 0.0}","{""energy"": 0.0, ""water"": 0.0, ""transport"": 0.0}","{""energy"": 0.0, ""water"": 0.0, ""transport"": 0.0}","{""energy"": 0.0, ""water"": 0.0, ""transport"": 0.0}",0.3,0.1,,0.38314666666666675,1.0,0.6168533333333333,1,"{""energy"": 0.6666666666666667, ""water"": 0.05493333333333334, ""transport"": 0.33333333333333337}","{""energy"": 1.0, ""water"": 1.0, ""transport"": 1.0}","{""energy"": 0.33333333333333326, ""water"": 0.9450666666666666, ""transport"": 0.6666666666666666}",13,0.38314666666666675,,,[],,v2.0,0.7,0.3
S4_water_partial,310,310,16259523103170838522,scenario=S4_water_partial|method=both|duration=0|theta=0.300000|delta_threshold=0.100000|A=v2.0|w=na|run_id=310|seed=16259523103170838522,False,"{""step_1_amount"": 0.053117000687678564}",033832c9a51598bd69064fc3910037f6fde292830c04f0066e6d9779dc60f4ca,0.38314666666666675,0.38314666666666675,0.0,20,0.0,0.0,0.38314666666666675,0.38314666666666675,0,0,0.0,"{""energy"": 0.6666666666666667, ""water"": 0.05493333333333334, ""transport"": 0.33333333333333337}","{""energy"": 0.6666666666666667, ""water"": 0.05493333333333334, ""transport"": 0.33333333333333337}","{""energy"": 0.0, ""water"": 0.0, ""transport"": 0.0}","{""energy"": 0.0, ""water"": 0.0, ""transport"": 0.0}","{""energy"": 0.0, ""water"": 0.0, ""transport"": 0.0}","{""energy"": 0.0, ""water"": 0.0, ""transport"": 0.0}",0.3,0.1,,0.38314666666666675,1.0,0.6168533333333333,1,"{""energy"": 0.6666666666666667, ""water"": 0.05493333333333334, ""transport"": 0.33333333333333337}","{""energy"": 1.0, ""water"": 1.0, ""transport"": 1.0}","{""energy"": 0.33333333333333326, ""water"": 0.9450666666666666, ""transport"": 0.6666666666666666}",13,0.38314666666666675,,,[],,v2.0,0.7,0.3
S4_water_partial,311,311,1354502391207062954,scenario=S4_water_partial|method=both|duration=0|theta=0.300000|delta_threshold=0.100000|A=v2.0|w=na|run_id=311|seed=1354502391207062954,False,"{""step_1_amount"": 0.11366059389594929}",033832c9a51598bd69064fc3910037f6fde292830c04f0066e6d9779dc60f4ca,0.38314666666666675,0.38314666666666675,0.0,17,0.0,0.0,0.38314666666666675,0.38314666666666675,0,0,0.0,"{""energy"": 0.6666666666666667, ""water"": 0.05493333333333334, ""transport"": 0.33333333333333337}","{""energy"": 0.6666666666666667, ""water"": 0.05493333333333334, ""transport"": 0.33333333333333337}","{""energy"": 0.0, ""water"": 0.0, ""transport"": 0.0}","{""energy"": 0.0, ""water"": 0.0, ""transport"": 0.0}","{""energy"": 0.0, ""water"": 0.0, ""transport"": 0.0}","{""energy"": 0.0, ""water"": 0.0, ""transport"": 0.0}",0.3,0.1,,0.38314666666666675,1.0,0.6168533333333333,1,"{""energy"": 0.6666666666666667, ""water"": 0.05493333333333334, ""transport"": 0.33333333333333337}","{""energy"": 1.0, ""water"": 1.0, ""transport"": 1.0}","{""energy"": 0.33333333333333326, ""water"": 0.9450666666666666, ""transport"": 0.6666666666666666}",13,0.38314666666666675,,,[],,v2.0,0.7,0.3
S4_water_partial,312,312,17663799295446356460,scenario=S4_water_partial|method=both|duration=0|theta=0.300000|delta_threshold=0.100000|A=v2.0|w=na|run_id=312|seed=17663799295446356460,False,"{""step_1_amount"": 0.10579581909436515}",033832c9a51598bd69064fc3910037f6fde292830c04f0066e6d9779dc60f4ca,0.38314666666666675,0.38314666666666675,0.0,23,0.0,0.0,0.38314666666666675,0.38314666666666675,0,0,0.0,"{""energy"": 0.6666666666666667, ""water"": 0.05493333333333334, ""transport"": 0.33333333333333337}","{""energy"": 0.6666666666666667, ""water"": 0.05493333333333334, ""transport"": 0.33333333333333337}","{""energy"": 0.0, ""water"": 0.0, ""transport"": 0.0}","{""energy"": 0.0, ""water"": 0.0, ""transport"": 0.0}","{""energy"": 0.0, ""water"": 0.0, ""transport"": 0.0}","{""energy"": 0.0, ""water"": 0.0, ""transport"": 0.0}",0.3,0.1,,0.38314666666666675,1.0,0.6168533333333333,1,"{""energy"": 0.6666666666666667, ""water"": 0.05493333333333334, ""transport"": 0.33333333333333337}","{""energy"": 1.0, ""water"": 1.0, ""transport"": 1.0}","{""energy"": 0.33333333333333326, ""water"": 0.9450666666666666, ""transport"": 0.6666666666666666}",13,0.38314666666666675,,,[],,v2.0,0.7,0.3
S4_water_partial,313,313,15131960894722779388,scenario=S4_water_partial|method=both|duration=0|theta=0.300000|delta_threshold=0.100000|A=v2.0|w=na|run_id=313|seed=15131960894722779388,False,"{""step_1_amount"": 0.11300706691889392}",033832c9a51598bd69064fc3910037f6fde292830c04f0066e6d9779dc60f4ca,0.38314666666666675,0.38314666666666675,0.0,21,0.0,0.0,0.38314666666666675,0.38314666666666675,0,0,0.0,"{""energy"": 0.6666666666666667, ""water"": 0.05493333333333334, ""transport"": 0.33333333333333337}","{""energy"": 0.6666666666666667, ""water"": 0.05493333333333334, ""transport"": 0.33333333333333337}","{""energy"": 0.0, ""water"": 0.0, ""transport"": 0.0}","{""energy"": 0.0, ""water"": 0.0, ""transport"": 0.0}","{""energy"": 0.0, ""water"": 0.0, ""transport"": 0.0}","{""energy"": 0.0, ""water"": 0.0, ""transport"": 0.0}",0.3,0.1,,0.38314666666666675,1.0,0.6168533333333333,1,"{""energy"": 0.6666666666666667, ""water"": 0.05493333333333334, ""transport"": 0.33333333333333337}","{""energy"": 1.0, ""water"": 1.0, ""transport"": 1.0}","{""energy"": 0.33333333333333326, ""water"": 0.9450666666666666, ""transport"": 0.6666666666666666}",13,0.38314666666666675,,,[],,v2.0,0.7,0.3
S4_water_partial,314,314,16646904315259836365,scenario=S4_water_partial|method=both|duration=0|theta=0.300000|delta_threshold=0.100000|A=v2.0|w=na|run_id=314|seed=16646904315259836365,False,"{""step_1_amount"": 0.11884588131681607}",033832c9a51598bd69064fc3910037f6fde292830c04f0066e6d9779dc60f4ca,0.38314666666666675,0.38314666666666675,0.0,14,0.0,0.0,0.38314666666666675,0.38314666666666675,0,0,0.0,"{""energy"": 0.6666666666666667, ""water"": 0.05493333333333334, ""transport"": 0.33333333333333337}","{""energy"": 0.6666666666666667, ""water"": 0.05493333333333334, ""transport"": 0.33333333333333337}","{""energy"": 0.0, ""water"": 0.0, ""transport"": 0.0}","{""energy"": 0.0, ""water"": 0.0, ""transport"": 0.0}","{""energy"": 0.0, ""water"": 0.0, ""transport"": 0.0}","{""energy"": 0.0, ""water"": 0.0, ""transport"": 0.0}",0.3,0.1,,0.38314666666666675,1.0,0.6168533333333333,1,"{""energy"": 0.6666666666666667, ""water"": 0.05493333333333334, ""transport"": 0.33333333333333337}","{""energy"": 1.0, ""water"": 1.0, ""transport"": 1.0}","{""energy"": 0.33333333333333326, ""water"": 0.9450666666666666, ""transport"": 0.6666666666666666}",13,0.38314666666666675,,,[],,v2.0,0.7,0.3
S4_water_partial,315,315,17943003380932499578,scenario=S4_water_partial|method=both|duration=0|theta=0.300000|delta_threshold=0.100000|A=v2.0|w=na|run_id=315|seed=17943003380932499578,False,"{""step_1_amount"": 0.2439433466624967}",033832c9a51598bd69064fc3910037f6fde292830c04f0066e6d9779dc60f4ca,0.38314666666666675,0.41004988207711374,0.02690321541044699,20,0.0,0.0,0.38314666666666675,0.41004988207711374,0,0,0.02690321541044699,"{""energy"": 0.6666666666666667, ""water"": 0.05493333333333334, ""transport"": 0.33333333333333337}","{""energy"": 0.6844966795749747, ""water"": 0.10986251666145416, ""transport"": 0.3443081841622919}","{""energy"": 0.01783001290830799, ""water"": 0.05492918332812082, ""transport"": 0.010974850828958549}","{""energy"": 0.0, ""water"": 0.0, ""transport"": 0.0}","{""energy"": 0.0, ""water"": 0.0, ""transport"": 0.0}","{""energy"": 0.0, ""water"": 0.0, ""transport"": 0.0}",0.3,0.1,,0.38314666666666675,1.0,0.6168533333333333,1,"{""energy"": 0.6666666666666667, ""water"": 0.05493333333333334, ""transport"": 0.33333333333333337}","{""energy"": 1.0, ""water"": 1.0, ""transport"": 1.0}","{""energy"": 0.33333333333333326, ""water"": 0.9450666666666666, ""transport"": 0.6666666666666666}",12,0.41004988207711374,,,[],,v2.0,0.7,0.3
S4_water_partial,316,316,9772420237477377537,scenario=S4_water_partial|method=both|duration=0|theta=0.300000|delta_threshold=0.100000|A=v2.0|w=na|run_id=316|seed=9772420237477377537,False,"{""step_1_amount"": 0.4019860765148491}",033832c9a51598bd69064fc3910037f6fde292830c04f0066e6d9779dc60f4ca,0.38314666666666675,0.5068075923609702,0.12366092569430343,18,0.0,0.0,0.38314666666666675,0.5068075923609702,0,0,0.12366092569430343,"{""energy"": 0.6666666666666667, ""water"": 0.05493333333333334, ""transport"": 0.33333333333333337}","{""energy"": 0.7486225172125668, ""water"": 0.3074159289768947, ""transport"": 0.3837793559429169}","{""energy"": 0.08195585054590004, ""water"": 0.25248259564356135, ""transport"": 0.05044602260958353}","{""energy"": 0.0, ""water"": 0.0, ""transport"": 0.0}","{""energy"": 0.0, ""water"": 0.0, ""transport"": 0.0}","{""energy"": 0.0, ""water"": 0.0, ""transport"": 0.0}",0.3,0.1,,0.38314666666666675,1.0,0.6168533333333333,1,"{""energy"": 0.6666666666666667, ""water"": 0.05493333333333334, ""transport"": 0.33333333333333337}","{""energy"": 1.0, ""water"": 1.0, ""transport"": 1.0}","{""energy"": 0.33333333333333326, ""water"": 0.9450666666666666, ""transport"": 0.6666666666666666}",10,0.5068075923609702,,,[],,v2.0,0.7,0.3
S4_water_partial,317,317,9453760456129897535,scenario=S4_water_partial|method=both|duration=0|theta=0.300000|delta_threshold=0.100000|A=v2.0|w=na|run_id=317|seed=9453760456129897535,False,"{""step_1_amount"": 0.1700558529854335}",033832c9a51598bd69064fc3910037f6fde292830c04f0066e6d9779dc60f4ca,0.38314666666666675,0.38314666666666675,0.0,25,0.0,0.0,0.38314666666666675,0.38314666666666675,0,0,0.0,"{""energy"": 0.6666666666666667, ""water"": 0.05493333333333334, ""transport"": 0.33333333333333337}","{""energy"": 0.6666666666666667, ""water"": 0.05493333333333334, ""transport"": 0.33333333333333337}","{""energy"": 0.0, ""water"": 0.0, ""transport"": 0.0}","{""energy"": 0.0, ""water"": 0.0, ""transport"": 0.0}","{""energy"": 0.0, ""water"": 0.0, ""transport"": 0.0}","{""energy"": 0.0, ""water"": 0.0, ""transport"": 0.0}",0.3,0.1,,0.38314666666666675,1.0,0.6168533333333333,1,"{""energy"": 0.6666666666666667, ""water"": 0.05493333333333334, ""transport"": 0.33333333333333337}","{""energy"": 1.0, ""water"": 1.0, ""transport"": 1.0}","{""energy"": 0.33333333333333326, ""water"": 0.9450666666666666, ""transport"": 0.6666666666666666}",13,0.38314666666666675,,,[],,v2.0,0.7,0.3
S4_water_partial,318,318,4681731842728148668,scenario=S4_water_partial|method=both|duration=0|theta=0.300000|delta_threshold=0.100000|A=v2.0|w=na|run_id=318|seed=4681731842728148668,False,"{""step_1_amount"": 0.23565814319215073}",033832c9a51598bd69064fc3910037f6fde292830c04f0066e6d9779dc60f4ca,0.38314666666666675,0.4049774733824812,0.021830806715814444,5,0.0,0.0,0.38314666666666675,0.4049774733824812,0,0,0.021830806715814444,"{""energy"": 0.6666666666666667, ""water"": 0.05493333333333334, ""transport"": 0.33333333333333337}","{""energy"": 0.6811349582668819, ""water"": 0.0995060123235218, ""transport"": 0.342238954595573}","{""energy"": 0.014468291600215122, ""water"": 0.044572678990188457, ""transport"": 0.008905621262239649}","{""energy"": 0.0, ""water"": 0.0, ""transport"": 0.0}","{""energy"": 0.0, ""water"": 0.0, ""transport"": 0.0}","{""energy"": 0.0, ""water"": 0.0, ""transport"": 0.0}",0.3,0.1,,0.38314666666666675,1.0,0.6168533333333333,1,"{""energy"": 0.6666666666666667, ""water"": 0.05493333333333334, ""transport"": 0.33333333333333337}","{""energy"": 1.0, ""water"": 1.0, ""transport"": 1.0}","{""energy"": 0.33333333333333326, ""water"": 0.9450666666666666, ""transport"": 0.6666666666666666}",12,0.4049774733824812,,,[],,v2.0,0.7,0.3
S4_water_partial,319,319,14951413918161027312,scenario=S4_water_partial|method=both|duration=0|theta=0.300000|delta_threshold=0.100000|A=v2.0|w=na|run_id=319|seed=14951413918161027312,False,"{""step_1_amount"": 0.1669189746174725}",033832c9a51598bd69064fc3910037f6fde292830c04f0066e6d9779dc60f4ca,0.38314666666666675,0.38314666666666675,0.0,14,0.0,0.0,0.38314666666666675,0.38314666666666675,0,0,0.0,"{""energy"": 0.6666666666666667, ""water"": 0.05493333333333334, ""transport"": 0.33333333333333337}","{""energy"": 0.6666666666666667, ""water"": 0.05493333333333334, ""transport"": 0.33333333333333337}","{""energy"": 0.0, ""water"": 0.0, ""transport"": 0.0}","{""energy"": 0.0, ""water"": 0.0, ""transport"": 0.0}","{""energy"": 0.0, ""water"": 0.0, ""transport"": 0.0}","{""energy"": 0.0, ""water"": 0.0, ""transport"": 0.0}",0.3,0.1,,0.38314666666666675,1.0,0.6168533333333333,1,"{""energy"": 0.6666666666666667, ""water"": 0.05493333333333334, ""transport"": 0.33333333333333337}","{""energy"": 1.0, ""water"": 1.0, ""transport"": 1.0}","{""energy"": 0.33333333333333326, ""water"": 0.9450666666666666, ""transport"": 0.6666666666666666}",13,0.38314666666666675,,,[],,v2.0,0.7,0.3
S4_water_partial,320,320,5209133241568780584,scenario=S4_water_partial|method=both|duration=0|theta=0.300000|delta_threshold=0.100000|A=v2.0|w=na|run_id=320|seed=5209133241568780584,False,"{""step_1_amount"": 0.17934271780776548}",033832c9a51598bd69064fc3910037f6fde292830c04f0066e6d9779dc60f4ca,0.38314666666666675,0.38314666666666675,0.0,8,0.0,0.0,0.38314666666666675,0.38314666666666675,0,0,0.0,"{""energy"": 0.6666666666666667, ""water"": 0.05493333333333334, ""transport"": 0.33333333333333337}","{""energy"": 0.6666666666666667, ""water"": 0.05493333333333334, ""transport"": 0.33333333333333337}","{""energy"": 0.0, ""water"": 0.0, ""transport"": 0.0}","{""energy"": 0.0, ""water"": 0.0, ""transport"": 0.0}","{""energy"": 0.0, ""water"": 0.0, ""transport"": 0.0}","{""energy"": 0.0, ""water"": 0.0, ""transport"": 0.0}",0.3,0.1,,0.38314666666666675,1.0,0.6168533333333333,1,"{""energy"": 0.6666666666666667, ""water"": 0.05493333333333334, ""transport"": 0.33333333333333337}","{""energy"": 1.0, ""water"": 1.0, ""transport"": 1.0}","{""energy"": 0.33333333333333326, ""water"": 0.9450666666666666, ""transport"": 0.6666666666666666}",13,0.38314666666666675,,,[],,v2.0,0.7,0.3
S4_water_partial,321,321,15081348860382180055,scenario=S4_water_partial|method=both|duration=0|theta=0.300000|delta_threshold=0.100000|A=v2.0|w=na|run_id=321|seed=15081348860382180055,False,"{""step_1_amount"": 0.06614915540397086}",033832c9a51598bd69064fc3910037f6fde292830c04f0066e6d9779dc60f4ca,0.38314666666666675,0.38314666666666675,0.0,17,0.0,0.0,0.38314666666666675,0.38314666666666675,0,0,0.0,"{""energy"": 0.6666666666666667, ""water"": 0.05493333333333334, ""transport"": 0.33333333333333337}","{""energy"": 0.6666666666666667, ""water"": 0.05493333333333334, ""transport"": 0.33333333333333337}","{""energy"": 0.0, ""water"": 0.0, ""transport"": 0.0}","{""energy"": 0.0, ""water"": 0.0, ""transport"": 0.0}","{""energy"": 0.0, ""water"": 0.0, ""transport"": 0.0}","{""energy"": 0.0, ""water"": 0.0, ""transport"": 0.0}",0.3,0.1,,0.38314666666666675,1.0,0.6168533333333333,1,"{""energy"": 0.6666666666666667, ""water"": 0.05493333333333334, ""transport"": 0.33333333333333337}","{""energy"": 1.0, ""water"": 1.0, ""transport"": 1.0}","{""energy"": 0.33333333333333326, ""water"": 0.9450666666666666, ""transport"": 0.6666666666666666}",13,0.38314666666666675,,,[],,v2.0,0.7,0.3
S4_water_partial,322,322,15670493266361904699,scenario=S4_water_partial|method=both|duration=0|theta=0.300000|delta_threshold=0.100000|A=v2.0|w=na|run_id=322|seed=15670493266361904699,False,"{""step_1_amount"": 0.19597697943814174}",033832c9a51598bd69064fc3910037f6fde292830c04f0066e6d9779dc60f4ca,0.38314666666666675,0.38314666666666675,0.0,30,0.0,0.0,0.38314666666666675,0.38314666666666675,0,0,0.0,"{""energy"": 0.6666666666666667, ""water"": 0.05493333333333334, ""transport"": 0.33333333333333337}","{""energy"": 0.6666666666666667, ""water"": 0.05493333333333334, ""transport"": 0.33333333333333337}","{""energy"": 0.0, ""water"": 0.0, ""transport"": 0.0}","{""energy"": 0.0, ""water"": 0.0, ""transport"": 0.0}","{""energy"": 0.0, ""water"": 0.0, ""transport"": 0.0}","{""energy"": 0.0, ""water"": 0.0, ""transport"": 0.0}",0.3,0.1,,0.38314666666666675,1.0,0.6168533333333333,1,"{""energy"": 0.6666666666666667, ""water"": 0.05493333333333334, ""transport"": 0.33333333333333337}","{""energy"": 1.0, ""water"": 1.0, ""transport"": 1.0}","{""energy"": 0.33333333333333326, ""water"": 0.9450666666666666, ""transport"": 0.6666666666666666}",13,0.38314666666666675,,,[],,v2.0,0.7,0.3
S4_water_partial,323,323,2777518767011924630,scenario=S4_water_partial|method=both|duration=0|theta=0.300000|delta_threshold=0.100000|A=v2.0|w=na|run_id=323|seed=2777518767011924630,False,"{""step_1_amount"": 0.22131238306537335}",033832c9a51598bd69064fc3910037f6fde292830c04f0066e6d9779dc60f4ca,0.38314666666666675,0.39619464038886487,0.013047973722198125,10,0.0,0.0,0.38314666666666675,0.39619464038886487,0,0,0.013047973722198125,"{""energy"": 0.6666666666666667, ""water"": 0.05493333333333334, ""transport"": 0.33333333333333337}","{""energy"": 0.6753141660954419, ""water"": 0.08157381216504997, ""transport"": 0.33865610100391036}","{""energy"": 0.008647499428775185, ""water"": 0.02664047883171663, ""transport"": 0.005322767670576989}","{""energy"": 0.0, ""water"": 0.0, ""transport"": 0.0}","{""energy"": 0.0, ""water"": 0.0, ""transport"": 0.0}","{""energy"": 0.0, ""water"": 0.0, ""transport"": 0.0}",0.3,0.1,,0.38314666666666675,1.0,0.6168533333333333,1,"{""energy"": 0.6666666666666667, ""water"": 0.05493333333333334, ""transport"": 0.33333333333333337}","{""energy"": 1.0, ""water"": 1.0, ""transport"": 1.0}","{""energy"": 0.33333333333333326, ""water"": 0.9450666666666666, ""transport"": 0.6666666666666666}",12,0.39619464038886487,,,[],,v2.0,0.7,0.3
S4_water_partial,324,324,9440331306239723693,scenario=S4_water_partial|method=both|duration=0|theta=0.300000|delta_threshold=0.100000|A=v2.0|w=na|run_id=324|seed=9440331306239723693,False,"{""step_1_amount"": 0.07283600091055317}",033832c9a51598bd69064fc3910037f6fde292830c04f0066e6d9779dc60f4ca,0.38314666666666675,0.38314666666666675,0.0,16,0.0,0.0,0.38314666666666675,0.38314666666666675,0,0,0.0,"{""energy"": 0.6666666666666667, ""water"": 0.05493333333333334, ""transport"": 0.33333333333333337}","{""energy"": 0.6666666666666667, ""water"": 0.05493333333333334, ""transport"": 0.33333333333333337}","{""energy"": 0.0, ""water"": 0.0, ""transport"": 0.0}","{""energy"": 0.0, ""water"": 0.0, ""transport"": 0.0}","{""energy"": 0.0, ""water"": 0.0, ""transport"": 0.0}","{""energy"": 0.0, ""water"": 0.0, ""transport"": 0.0}",0.3,0.1,,0.38314666666666675,1.0,0.6168533333333333,1,"{""energy"": 0.6666666666666667, ""water"": 0.05493333333333334, ""transport"": 0.33333333333333337}","{""energy"": 1.0, ""water"": 1.0, ""transport"": 1.0}","{""energy"": 0.33333333333333326, ""water"": 0.9450666666666666, ""transport"": 0.6666666666666666}",13,0.38314666666666675,,,[],,v2.0,0.7,0.3
S4_water_partial,325,325,13367138709918835517,scenario=S4_water_partial|method=both|duration=0|theta=0.300000|delta_threshold=0.100000|A=v2.0|w=na|run_id=325|seed=13367138709918835517,False,"{""step_1_amount"": 0.23543724149361847}",033832c9a51598bd69064fc3910037f6fde292830c04f0066e6d9779dc60f4ca,0.38314666666666675,0.40484223184009727,0.02169556517343052,6,0.0,0.0,0.38314666666666675,0.40484223184009727,0,0,0.02169556517343052,"{""energy"": 0.6666666666666667, ""water"": 0.05493333333333334, ""transport"": 0.33333333333333337}","{""energy"": 0.6810453274027024, ""water"": 0.09922988520035639, ""transport"": 0.3421837843963646}","{""energy"": 0.014378660736035664, ""water"": 0.04429655186702305, ""transport"": 0.008850451063031228}","{""energy"": 0.0, ""water"": 0.0, ""transport"": 0.0}","{""energy"": 0.0, ""water"": 0.0, ""transport"": 0.0}","{""energy"": 0.0, ""water"": 0.0, ""transport"": 0.0}",0.3,0.1,,0.38314666666666675,1.0,0.6168533333333333,1,"{""energy"": 0.6666666666666667, ""water"": 0.05493333333333334, ""transport"": 0.33333333333333337}","{""energy"": 1.0, ""water"": 1.0, ""transport"": 1.0}","{""energy"": 0.33333333333333326, ""water"": 0.9450666666666666, ""transport"": 0.6666666666666666}",12,0.40484223184009727,,,[],,v2.0,0.7,0.3
S4_water_partial,326,326,11403947692768091291,scenario=S4_water_partial|method=both|duration=0|theta=0.300000|delta_threshold=0.100000|A=v2.0|w=na|run_id=326|seed=11403947692768091291,False,"{""step_1_amount"": 0.19465592924684091}",033832c9a51598bd69064fc3910037f6fde292830c04f0066e6d9779dc60f4ca,0.38314666666666675,0.38314666666666675,0.0,13,0.0,0.0,0.38314666666666675,0.38314666666666675,0,0,0.0,"{""energy"": 0.6666666666666667, ""water"": 0.05493333333333334, ""transport"": 0.33333333333333337}","{""energy"": 0.6666666666666667, ""water"": 0.05493333333333334, ""transport"": 0.33333333333333337}","{""energy"": 0.0, ""water"": 0.0, ""transport"": 0.0}","{""energy"": 0.0, ""water"": 0.0, ""transport"": 0.0}","{""energy"": 0.0, ""water"": 0.0, ""transport"": 0.0}","{""energy"": 0.0, ""water"": 0.0, ""transport"": 0.0}",0.3,0.1,,0.38314666666666675,1.0,0.6168533333333333,1,"{""energy"": 0.6666666666666667, ""water"": 0.05493333333333334, ""transport"": 0.33333333333333337}","{""energy"": 1.0, ""water"": 1.0, ""transport"": 1.0}","{""energy"": 0.33333333333333326, ""water"": 0.9450666666666666, ""transport"": 0.6666666666666666}",13,0.38314666666666675,,,[],,v2.0,0.7,0.3
S4_water_partial,327,327,6692175995342059163,scenario=S4_water_partial|method=both|duration=0|theta=0.300000|delta_threshold=0.100000|A=v2.0|w=na|run_id=327|seed=6692175995342059163,False,"{""step_1_amount"": 0.19024261285343633}",033832c9a51598bd69064fc3910037f6fde292830c04f0066e6d9779dc60f4ca,0.38314666666666675,0.38314666666666675,0.0,25,0.0,0.0,0.38314666666666675,0.38314666666666675,0,0,0.0,"{""energy"": 0.6666666666666667, ""water"": 0.05493333333333334, ""transport"": 0.33333333333333337}","{""energy"": 0.6666666666666667, ""water"": 0.05493333333333334, ""transport"": 0.33333333333333337}","{""energy"": 0.0, ""water"": 0.0, ""transport"": 0.0}","{""energy"": 0.0, ""water"": 0.0, ""transport"": 0.0}","{""energy"": 0.0, ""water"": 0.0, ""transport"": 0.0}","{""energy"": 0.0, ""water"": 0.0, ""transport"": 0.0}",0.3,0.1,,0.38314666666666675,1.0,0.6168533333333333,1,"{""energy"": 0.6666666666666667, ""water"": 0.05493333333333334, ""transport"": 0.33333333333333337}","{""energy"": 1.0, ""water"": 1.0, ""transport"": 1.0}","{""energy"": 0.33333333333333326, ""water"": 0.9450666666666666, ""transport"": 0.6666666666666666}",13,0.38314666666666675,,,[],,v2.0,0.7,0.3
S4_water_partial,328,328,1961541181980137932,scenario=S4_water_partial|method=both|duration=0|theta=0.300000|delta_threshold=0.100000|A=v2.0|w=na|run_id=328|seed=1961541181980137932,False,"{""step_1_amount"": 0.14983680607527775}",033832c9a51598bd69064fc3910037f6fde292830c04f0066e6d9779dc60f4ca,0.38314666666666675,0.38314666666666675,0.0,10,0.0,0.0,0.38314666666666675,0.38314666666666675,0,0,0.0,"{""energy"": 0.6666666666666667, ""water"": 0.05493333333333334, ""transport"": 0.33333333333333337}","{""energy"": 0.6666666666666667, ""water"": 0.05493333333333334, ""transport"": 0.33333333333333337}","{""energy"": 0.0, ""water"": 0.0, ""transport"": 0.0}","{""energy"": 0.0, ""water"": 0.0, ""transport"": 0.0}","{""energy"": 0.0, ""water"": 0.0, ""transport"": 0.0}","{""energy"": 0.0, ""water"": 0.0, ""transport"": 0.0}",0.3,0.1,,0.38314666666666675,1.0,0.6168533333333333,1,"{""energy"": 0.6666666666666667, ""water"": 0.05493333333333334, ""transport"": 0.33333333333333337}","{""energy"": 1.0, ""water"": 1.0, ""transport"": 1.0}","{""energy"": 0.33333333333333326, ""water"": 0.9450666666666666, ""transport"": 0.6666666666666666}",13,0.38314666666666675,,,[],,v2.0,0.7,0.3
S4_water_partial,329,329,13170094510868649642,scenario=S4_water_partial|method=both|duration=0|theta=0.300000|delta_threshold=0.100000|A=v2.0|w=na|run_id=329|seed=13170094510868649642,False,"{""step_1_amount"": 0.2646783420606117}",033832c9a51598bd69064fc3910037f6fde292830c04f0066e6d9779dc60f4ca,0.38314666666666675,0.42274436463472465,0.0395976979680579,9,0.0,0.0,0.38314666666666675,0.42274436463472465,0,0,0.0395976979680579,"{""energy"": 0.6666666666666667, ""water"": 0.05493333333333334, ""transport"": 0.33333333333333337}","{""energy"": 0.6929099039577599, ""water"": 0.13578126090909787, ""transport"": 0.34948674926297113}","{""energy"": 0.026243237291093124, ""water"": 0.08084792757576453, ""transport"": 0.01615341592963776}","{""energy"": 0.0, ""water"": 0.0, ""transport"": 0.0}","{""energy"": 0.0, ""water"": 0.0, ""transport"": 0.0}","{""energy"": 0.0, ""water"": 0.0, ""transport"": 0.0}",0.3,0.1,,0.38314666666666675,1.0,0.6168533333333333,1,"{""energy"": 0.6666666666666667, ""water"": 0.05493333333333334, ""transport"": 0.33333333333333337}","{""energy"": 1.0, ""water"": 1.0, ""transport"": 1.0}","{""energy"": 0.33333333333333326, ""water"": 0.9450666666666666, ""transport"": 0.6666666666666666}",12,0.42274436463472465,,,[],,v2.0,0.7,0.3
S4_water_partial,330,330,9240519427180800340,scenario=S4_water_partial|method=both|duration=0|theta=0.300000|delta_threshold=0.100000|A=v2.0|w=na|run_id=330|seed=9240519427180800340,False,"{""step_1_amount"": 0.07647541849460329}",033832c9a51598bd69064fc3910037f6fde292830c04f0066e6d9779dc60f4ca,0.38314666666666675,0.38314666666666675,0.0,26,0.0,0.0,0.38314666666666675,0.38314666666666675,0,0,0.0,"{""energy"": 0.6666666666666667, ""water"": 0.05493333333333334, ""transport"": 0.33333333333333337}","{""energy"": 0.6666666666666667, ""water"": 0.05493333333333334, ""transport"": 0.33333333333333337}","{""energy"": 0.0, ""water"": 0.0, ""transport"": 0.0}","{""energy"": 0.0, ""water"": 0.0, ""transport"": 0.0}","{""energy"": 0.0, ""water"": 0.0, ""transport"": 0.0}","{""energy"": 0.0, ""water"": 0.0, ""transport"": 0.0}",0.3,0.1,,0.38314666666666675,1.0,0.6168533333333333,1,"{""energy"": 0.6666666666666667, ""water"": 0.05493333333333334, ""transport"": 0.33333333333333337}","{""energy"": 1.0, ""water"": 1.0, ""transport"": 1.0}","{""energy"": 0.33333333333333326, ""water"": 0.9450666666666666, ""transport"": 0.6666666666666666}",13,0.38314666666666675,,,[],,v2.0,0.7,0.3
S4_water_partial,331,331,11682113352670015135,scenario=S4_water_partial|method=both|duration=0|theta=0.300000|delta_threshold=0.100000|A=v2.0|w=na|run_id=331|seed=11682113352670015135,False,"{""step_1_amount"": 0.08701495846737022}",033832c9a51598bd69064fc3910037f6fde292830c04f0066e6d9779dc60f4ca,0.38314666666666675,0.38314666666666675,0.0,27,0.0,0.0,0.38314666666666675,0.38314666666666675,0,0,0.0,"{""energy"": 0.6666666666666667, ""water"": 0.05493333333333334, ""transport"": 0.33333333333333337}","{""energy"": 0.6666666666666667, ""water"": 0.05493333333333334, ""transport"": 0.33333333333333337}","{""energy"": 0.0, ""water"": 0.0, ""transport"": 0.0}","{""energy"": 0.0, ""water"": 0.0, ""transport"": 0.0}","{""energy"": 0.0, ""water"": 0.0, ""transport"": 0.0}","{""energy"": 0.0, ""water"": 0.0, ""transport"": 0.0}",0.3,0.1,,0.38314666666666675,1.0,0.6168533333333333,1,"{""energy"": 0.6666666666666667, ""water"": 0.05493333333333334, ""transport"": 0.33333333333333337}","{""energy"": 1.0, ""water"": 1.0, ""transport"": 1.0}","{""energy"": 0.33333333333333326, ""water"": 0.9450666666666666, ""transport"": 0.6666666666666666}",13,0.38314666666666675,,,[],,v2.0,0.7,0.3
S4_water_partial,332,332,7721279699586728843,scenario=S4_water_partial|method=both|duration=0|theta=0.300000|delta_threshold=0.100000|A=v2.0|w=na|run_id=332|seed=7721279699586728843,False,"{""step_1_amount"": 0.08334453700236488}",033832c9a51598bd69064fc3910037f6fde292830c04f0066e6d9779dc60f4ca,0.38314666666666675,0.38314666666666675,0.0,15,0.0,0.0,0.38314666666666675,0.38314666666666675,0,0,0.0,"{""energy"": 0.6666666666666667, ""water"": 0.05493333333333334, ""transport"": 0.33333333333333337}","{""energy"": 0.6666666666666667, ""water"": 0.05493333333333334, ""transport"": 0.33333333333333337}","{""energy"": 0.0, ""water"": 0.0, ""transport"": 0.0}","{""energy"": 0.0, ""water"": 0.0, ""transport"": 0.0}","{""energy"": 0.0, ""water"": 0.0, ""transport"": 0.0}","{""energy"": 0.0, ""water"": 0.0, ""transport"": 0.0}",0.3,0.1,,0.38314666666666675,1.0,0.6168533333333333,1,"{""energy"": 0.6666666666666667, ""water"": 0.05493333333333334, ""transport"": 0.33333333333333337}","{""energy"": 1.0, ""water"": 1.0, ""transport"": 1.0}","{""energy"": 0.33333333333333326, ""water"": 0.9450666666666666, ""transport"": 0.6666666666666666}",13,0.38314666666666675,,,[],,v2.0,0.7,0.3
S4_water_partial,333,333,14632501934875917944,scenario=S4_water_partial|method=both|duration=0|theta=0.300000|delta_threshold=0.100000|A=v2.0|w=na|run_id=333|seed=14632501934875917944,False,"{""step_1_amount"": 0.1782838053939125}",033832c9a51598bd69064fc3910037f6fde292830c04f0066e6d9779dc60f4ca,0.38314666666666675,0.38314666666666675,0.0,12,0.0,0.0,0.38314666666666675,0.38314666666666675,0,0,0.0,"{""energy"": 0.6666666666666667, ""water"": 0.05493333333333334, ""transport"": 0.33333333333333337}","{""energy"": 0.6666666666666667, ""water"": 0.05493333333333334, ""transport"": 0.33333333333333337}","{""energy"": 0.0, ""water"": 0.0, ""transport"": 0.0}","{""energy"": 0.0, ""water"": 0.0, ""transport"": 0.0}","{""energy"": 0.0, ""water"": 0.0, ""transport"": 0.0}","{""energy"": 0.0, ""water"": 0.0, ""transport"": 0.0}",0.3,0.1,,0.38314666666666675,1.0,0.6168533333333333,1,"{""energy"": 0.6666666666666667, ""water"": 0.05493333333333334, ""transport"": 0.33333333333333337}","{""energy"": 1.0, ""water"": 1.0, ""transport"": 1.0}","{""energy"": 0.33333333333333326, ""water"": 0.9450666666666666, ""transport"": 0.6666666666666666}",13,0.38314666666666675,,,[],,v2.0,0.7,0.3
S4_water_partial,334,334,14827408670102961102,scenario=S4_water_partial|method=both|duration=0|theta=0.300000|delta_threshold=0.100000|A=v2.0|w=na|run_id=334|seed=14827408670102961102,False,"{""step_1_amount"": 0.22169261802172663}",033832c9a51598bd69064fc3910037f6fde292830c04f0066e6d9779dc60f4ca,0.38314666666666675,0.39642742973501827,0.01328076306835152,20,0.0,0.0,0.38314666666666675,0.39642742973501827,0,0,0.01328076306835152,"{""energy"": 0.6666666666666667, ""water"": 0.05493333333333334, ""transport"": 0.33333333333333337}","{""energy"": 0.6754684464289823, ""water"": 0.0820491058604916, ""transport"": 0.3387510646842596}","{""energy"": 0.008801779762315554, ""water"": 0.027115772527158265, ""transport"": 0.005417731350926214}","{""energy"": 0.0, ""water"": 0.0, ""transport"": 0.0}","{""energy"": 0.0, ""water"": 0.0, ""transport"": 0.0}","{""energy"": 0.0, ""water"": 0.0, ""transport"": 0.0}",0.3,0.1,,0.38314666666666675,1.0,0.6168533333333333,1,"{""energy"": 0.6666666666666667, ""water"": 0.05493333333333334, ""transport"": 0.33333333333333337}","{""energy"": 1.0, ""water"": 1.0, ""transport"": 1.0}","{""energy"": 0.33333333333333326, ""water"": 0.9450666666666666, ""transport"": 0.6666666666666666}",12,0.39642742973501827,,,[],,v2.0,0.7,0.3
S4_water_partial,335,335,2655133528006407183,scenario=S4_water_partial|method=both|duration=0|theta=0.300000|delta_threshold=0.100000|A=v2.0|w=na|run_id=335|seed=2655133528006407183,False,"{""step_1_amount"": 0.0757354303867495}",033832c9a51598bd69064fc3910037f6fde292830c04f0066e6d9779dc60f4ca,0.38314666666666675,0.38314666666666675,0.0,24,0.0,0.0,0.38314666666666675,0.38314666666666675,0,0,0.0,"{""energy"": 0.6666666666666667, ""water"": 0.05493333333333334, ""transport"": 0.33333333333333337}","{""energy"": 0.6666666666666667, ""water"": 0.05493333333333334, ""transport"": 0.33333333333333337}","{""energy"": 0.0, ""water"": 0.0, ""transport"": 0.0}","{""energy"": 0.0, ""water"": 0.0, ""transport"": 0.0}","{""energy"": 0.0, ""water"": 0.0, ""transport"": 0.0}","{""energy"": 0.0, ""water"": 0.0, ""transport"": 0.0}",0.3,0.1,,0.38314666666666675,1.0,0.6168533333333333,1,"{""energy"": 0.6666666666666667, ""water"": 0.05493333333333334, ""transport"": 0.33333333333333337}","{""energy"": 1.0, ""water"": 1.0, ""transport"": 1.0}","{""energy"": 0.33333333333333326, ""water"": 0.9450666666666666, ""transport"": 0.6666666666666666}",13,0.38314666666666675,,,[],,v2.0,0.7,0.3
S4_water_partial,336,336,10167970282616934889,scenario=S4_water_partial|method=both|duration=0|theta=0.300000|delta_threshold=0.100000|A=v2.0|w=na|run_id=336|seed=10167970282616934889,False,"{""step_1_amount"": 0.14268763703724835}",033832c9a51598bd69064fc3910037f6fde292830c04f0066e6d9779dc60f4ca,0.38314666666666675,0.38314666666666675,0.0,19,0.0,0.0,0.38314666666666675,0.38314666666666675,0,0,0.0,"{""energy"": 0.6666666666666667, ""water"": 0.05493333333333334, ""transport"": 0.33333333333333337}","{""energy"": 0.6666666666666667, ""water"": 0.05493333333333334, ""transport"": 0.33333333333333337}","{""energy"": 0.0, ""water"": 0.0, ""transport"": 0.0}","{""energy"": 0.0, ""water"": 0.0, ""transport"": 0.0}","{""energy"": 0.0, ""water"": 0.0, ""transport"": 0.0}","{""energy"": 0.0, ""water"": 0.0, ""transport"": 0.0}",0.3,0.1,,0.38314666666666675,1.0,0.6168533333333333,1,"{""energy"": 0.6666666666666667, ""water"": 0.05493333333333334, ""transport"": 0.33333333333333337}","{""energy"": 1.0, ""water"": 1.0, ""transport"": 1.0}","{""energy"": 0.33333333333333326, ""water"": 0.9450666666666666, ""transport"": 0.6666666666666666}",13,0.38314666666666675,,,[],,v2.0,0.7,0.3
S4_water_partial,337,337,11005755078613705632,scenario=S4_water_partial|method=both|duration=0|theta=0.300000|delta_threshold=0.100000|A=v2.0|w=na|run_id=337|seed=11005755078613705632,False,"{""step_1_amount"": 0.06793030263773124}",033832c9a51598bd69064fc3910037f6fde292830c04f0066e6d9779dc60f4ca,0.38314666666666675,0.38314666666666675,0.0,18,0.0,0.0,0.38314666666666675,0.38314666666666675,0,0,0.0,"{""energy"": 0.6666666666666667, ""water"": 0.05493333333333334, ""transport"": 0.33333333333333337}","{""energy"": 0.6666666666666667, ""water"": 0.05493333333333334, ""transport"": 0.33333333333333337}","{""energy"": 0.0, ""water"": 0.0, ""transport"": 0.0}","{""energy"": 0.0, ""water"": 0.0, ""transport"": 0.0}","{""energy"": 0.0, ""water"": 0.0, ""transport"": 0.0}","{""energy"": 0.0, ""water"": 0.0, ""transport"": 0.0}",0.3,0.1,,0.38314666666666675,1.0,0.6168533333333333,1,"{""energy"": 0.6666666666666667, ""water"": 0.05493333333333334, ""transport"": 0.33333333333333337}","{""energy"": 1.0, ""water"": 1.0, ""transport"": 1.0}","{""energy"": 0.33333333333333326, ""water"": 0.9450666666666666, ""transport"": 0.6666666666666666}",13,0.38314666666666675,,,[],,v2.0,0.7,0.3
S4_water_partial,338,338,6054842627822103214,scenario=S4_water_partial|method=both|duration=0|theta=0.300000|delta_threshold=0.100000|A=v2.0|w=na|run_id=338|seed=6054842627822103214,False,"{""step_1_amount"": 0.12710190084078327}",033832c9a51598bd69064fc3910037f6fde292830c04f0066e6d9779dc60f4ca,0.38314666666666675,0.38314666666666675,0.0,5,0.0,0.0,0.38314666666666675,0.38314666666666675,0,0,0.0,"{""energy"": 0.6666666666666667, ""water"": 0.05493333333333334, ""transport"": 0.33333333333333337}","{""energy"": 0.6666666666666667, ""water"": 0.05493333333333334, ""transport"": 0.33333333333333337}","{""energy"": 0.0, ""water"": 0.0, ""transport"": 0.0}","{""energy"": 0.0, ""water"": 0.0, ""transport"": 0.0}","{""energy"": 0.0, ""water"": 0.0, ""transport"": 0.0}","{""energy"": 0.0, ""water"": 0.0, ""transport"": 0.0}",0.3,0.1,,0.38314666666666675,1.0,0.6168533333333333,1,"{""energy"": 0.6666666666666667, ""water"": 0.05493333333333334, ""transport"": 0.33333333333333337}","{""energy"": 1.0, ""water"": 1.0, ""transport"": 1.0}","{""energy"": 0.33333333333333326, ""water"": 0.9450666666666666, ""transport"": 0.6666666666666666}",13,0.38314666666666675,,,[],,v2.0,0.7,0.3
S4_water_partial,339,339,8022576253074699477,scenario=S4_water_partial|method=both|duration=0|theta=0.300000|delta_threshold=0.100000|A=v2.0|w=na|run_id=339|seed=8022576253074699477,False,"{""step_1_amount"": 0.18289823213394288}",033832c9a51598bd69064fc3910037f6fde292830c04f0066e6d9779dc60f4ca,0.38314666666666675,0.38314666666666675,0.0,27,0.0,0.0,0.38314666666666675,0.38314666666666675,0,0,0.0,"{""energy"": 0.6666666666666667, ""water"": 0.05493333333333334, ""transport"": 0.33333333333333337}","{""energy"": 0.6666666666666667, ""water"": 0.05493333333333334, ""transport"": 0.33333333333333337}","{""energy"": 0.0, ""water"": 0.0, ""transport"": 0.0}","{""energy"": 0.0, ""water"": 0.0, ""transport"": 0.0}","{""energy"": 0.0, ""water"": 0.0, ""transport"": 0.0}","{""energy"": 0.0, ""water"": 0.0, ""transport"": 0.0}",0.3,0.1,,0.38314666666666675,1.0,0.6168533333333333,1,"{""energy"": 0.6666666666666667, ""water"": 0.05493333333333334, ""transport"": 0.33333333333333337}","{""energy"": 1.0, ""water"": 1.0, ""transport"": 1.0}","{""energy"": 0.33333333333333326, ""water"": 0.9450666666666666, ""transport"": 0.6666666666666666}",13,0.38314666666666675,,,[],,v2.0,0.7,0.3
S4_water_partial,340,340,17825049972183928134,scenario=S4_water_partial|method=both|duration=0|theta=0.300000|delta_threshold=0.100000|A=v2.0|w=na|run_id=340|seed=17825049972183928134,False,"{""step_1_amount"": 0.16321418516555403}",033832c9a51598bd69064fc3910037f6fde292830c04f0066e6d9779dc60f4ca,0.38314666666666675,0.38314666666666675,0.0,10,0.0,0.0,0.38314666666666675,0.38314666666666675,0,0,0.0,"{""energy"": 0.6666666666666667, ""water"": 0.05493333333333334, ""transport"": 0.33333333333333337}","{""energy"": 0.6666666666666667, ""water"": 0.05493333333333334, ""transport"": 0.33333333333333337}","{""energy"": 0.0, ""water"": 0.0, ""transport"": 0.0}","{""energy"": 0.0, ""water"": 0.0, ""transport"": 0.0}","{""energy"": 0.0, ""water"": 0.0, ""transport"": 0.0}","{""energy"": 0.0, ""water"": 0.0, ""transport"": 0.0}",0.3,0.1,,0.38314666666666675,1.0,0.6168533333333333,1,"{""energy"": 0.6666666666666667, ""water"": 0.05493333333333334, ""transport"": 0.33333333333333337}","{""energy"": 1.0, ""water"": 1.0, ""transport"": 1.0}","{""energy"": 0.33333333333333326, ""water"": 0.9450666666666666, ""transport"": 0.6666666666666666}",13,0.38314666666666675,,,[],,v2.0,0.7,0.3
S4_water_partial,341,341,11011426156367164023,scenario=S4_water_partial|method=both|duration=0|theta=0.300000|delta_threshold=0.100000|A=v2.0|w=na|run_id=341|seed=11011426156367164023,False,"{""step_1_amount"": 0.17512373431111863}",033832c9a51598bd69064fc3910037f6fde292830c04f0066e6d9779dc60f4ca,0.38314666666666675,0.38314666666666675,0.0,30,0.0,0.0,0.38314666666666675,0.38314666666666675,0,0,0.0,"{""energy"": 0.6666666666666667, ""water"": 0.05493333333333334, ""transport"": 0.33333333333333337}","{""energy"": 0.6666666666666667, ""water"": 0.05493333333333334, ""transport"": 0.33333333333333337}","{""energy"": 0.0, ""water"": 0.0, ""transport"": 0.0}","{""energy"": 0.0, ""water"": 0.0, ""transport"": 0.0}","{""energy"": 0.0, ""water"": 0.0, ""transport"": 0.0}","{""energy"": 0.0, ""water"": 0.0, ""transport"": 0.0}",0.3,0.1,,0.38314666666666675,1.0,0.6168533333333333,1,"{""energy"": 0.6666666666666667, ""water"": 0.05493333333333334, ""transport"": 0.33333333333333337}","{""energy"": 1.0, ""water"": 1.0, ""transport"": 1.0}","{""energy"": 0.33333333333333326, ""water"": 0.9450666666666666, ""transport"": 0.6666666666666666}",13,0.38314666666666675,,,[],,v2.0,0.7,0.3
S4_water_partial,342,342,15741325872885155299,scenario=S4_water_partial|method=both|duration=0|theta=0.300000|delta_threshold=0.100000|A=v2.0|w=na|run_id=342|seed=15741325872885155299,False,"{""step_1_amount"": 0.14935543993922493}",033832c9a51598bd69064fc3910037f6fde292830c04f0066e6d9779dc60f4ca,0.38314666666666675,0.38314666666666675,0.0,28,0.0,0.0,0.38314666666666675,0.38314666666666675,0,0,0.0,"{""energy"": 0.6666666666666667, ""water"": 0.05493333333333334, ""transport"": 0.33333333333333337}","{""energy"": 0.6666666666666667, ""water"": 0.05493333333333334, ""transport"": 0.33333333333333337}","{""energy"": 0.0, ""water"": 0.0, ""transport"": 0.0}","{""energy"": 0.0, ""water"": 0.0, ""transport"": 0.0}","{""energy"": 0.0, ""water"": 0.0, ""transport"": 0.0}","{""energy"": 0.0, ""water"": 0.0, ""transport"": 0.0}",0.3,0.1,,0.38314666666666675,1.0,0.6168533333333333,1,"{""energy"": 0.6666666666666667, ""water"": 0.05493333333333334, ""transport"": 0.33333333333333337}","{""energy"": 1.0, ""water"": 1.0, ""transport"": 1.0}","{""energy"": 0.33333333333333326, ""water"": 0.9450666666666666, ""transport"": 0.6666666666666666}",13,0.38314666666666675,,,[],,v2.0,0.7,0.3
S4_water_partial,343,343,15158054306579893817,scenario=S4_water_partial|method=both|duration=0|theta=0.300000|delta_threshold=0.100000|A=v2.0|w=na|run_id=343|seed=15158054306579893817,False,"{""step_1_amount"": 0.3883478002128144}",033832c9a51598bd69064fc3910037f6fde292830c04f0066e6d9779dc60f4ca,0.38314666666666675,0.49845789865195694,0.1153112319852902,5,0.0,0.0,0.38314666666666675,0.49845789865195694,0,0,0.1153112319852902,"{""energy"": 0.6666666666666667, ""water"": 0.05493333333333334, ""transport"": 0.33333333333333337}","{""energy"": 0.7430887866030161, ""water"": 0.29036808359935135, ""transport"": 0.38037319643648376}","{""energy"": 0.0764221199363494, ""water"": 0.235434750266018, ""transport"": 0.04703986310315039}","{""energy"": 0.0, ""water"": 0.0, ""transport"": 0.0}","{""energy"": 0.0, ""water"": 0.0, ""transport"": 0.0}","{""energy"": 0.0, ""water"": 0.0, ""transport"": 0.0}",0.3,0.1,,0.38314666666666675,1.0,0.6168533333333333,1,"{""energy"": 0.6666666666666667, ""water"": 0.05493333333333334, ""transport"": 0.33333333333333337}","{""energy"": 1.0, ""water"": 1.0, ""transport"": 1.0}","{""energy"": 0.33333333333333326, ""water"": 0.9450666666666666, ""transport"": 0.6666666666666666}",10,0.49845789865195694,,,[],,v2.0,0.7,0.3
S4_water_partial,344,344,15115540599905219829,scenario=S4_water_partial|method=both|duration=0|theta=0.300000|delta_threshold=0.100000|A=v2.0|w=na|run_id=344|seed=15115540599905219829,False,"{""step_1_amount"": 0.15600280607450243}",033832c9a51598bd69064fc3910037f6fde292830c04f0066e6d9779dc60f4ca,0.38314666666666675,0.38314666666666675,0.0,18,0.0,0.0,0.38314666666666675,0.38314666666666675,0,0,0.0,"{""energy"": 0.6666666666666667, ""water"": 0.05493333333333334, ""transport"": 0.33333333333333337}","{""energy"": 0.6666666666666667, ""water"": 0.05493333333333334, ""transport"": 0.33333333333333337}","{""energy"": 0.0, ""water"": 0.0, ""transport"": 0.0}","{""energy"": 0.0, ""water"": 0.0, ""transport"": 0.0}","{""energy"": 0.0, ""water"": 0.0, ""transport"": 0.0}","{""energy"": 0.0, ""water"": 0.0, ""transport"": 0.0}",0.3,0.1,,0.38314666666666675,1.0,0.6168533333333333,1,"{""energy"": 0.6666666666666667, ""water"": 0.05493333333333334, ""transport"": 0.33333333333333337}","{""energy"": 1.0, ""water"": 1.0, ""transport"": 1.0}","{""energy"": 0.33333333333333326, ""water"": 0.9450666666666666, ""transport"": 0.6666666666666666}",13,0.38314666666666675,,,[],,v2.0,0.7,0.3
S4_water_partial,345,345,13400418488306049216,scenario=S4_water_partial|method=both|duration=0|theta=0.300000|delta_threshold=0.100000|A=v2.0|w=na|run_id=345|seed=13400418488306049216,False,"{""step_1_amount"": 0.1600745400322863}",033832c9a51598bd69064fc3910037f6fde292830c04f0066e6d9779dc60f4ca,0.38314666666666675,0.38314666666666675,0.0,25,0.0,0.0,0.38314666666666675,0.38314666666666675,0,0,0.0,"{""energy"": 0.6666666666666667, ""water"": 0.05493333333333334, ""transport"": 0.33333333333333337}","{""energy"": 0.6666666666666667, ""water"": 0.05493333333333334, ""transport"": 0.33333333333333337}","{""energy"": 0.0, ""water"": 0.0, ""transport"": 0.0}","{""energy"": 0.0, ""water"": 0.0, ""transport"": 0.0}","{""energy"": 0.0, ""water"": 0.0, ""transport"": 0.0}","{""energy"": 0.0, ""water"": 0.0, ""transport"": 0.0}",0.3,0.1,,0.38314666666666675,1.0,0.6168533333333333,1,"{""energy"": 0.6666666666666667, ""water"": 0.05493333333333334, ""transport"": 0.33333333333333337}","{""energy"": 1.0, ""water"": 1.0, ""transport"": 1.0}","{""energy"": 0.33333333333333326, ""water"": 0.9450666666666666, ""transport"": 0.6666666666666666}",13,0.38314666666666675,,,[],,v2.0,0.7,0.3
S4_water_partial,346,346,6288848317314340200,scenario=S4_water_partial|method=both|duration=0|theta=0.300000|delta_threshold=0.100000|A=v2.0|w=na|run_id=346|seed=6288848317314340200,False,"{""step_1_amount"": 0.10823280971194489}",033832c9a51598bd69064fc3910037f6fde292830c04f0066e6d9779dc60f4ca,0.38314666666666675,0.38314666666666675,0.0,15,0.0,0.0,0.38314666666666675,0.38314666666666675,0,0,0.0,"{""energy"": 0.6666666666666667, ""water"": 0.05493333333333334, ""transport"": 0.33333333333333337}","{""energy"": 0.6666666666666667, ""water"": 0.05493333333333334, ""transport"": 0.33333333333333337}","{""energy"": 0.0, ""water"": 0.0, ""transport"": 0.0}","{""energy"": 0.0, ""water"": 0.0, ""transport"": 0.0}","{""energy"": 0.0, ""water"": 0.0, ""transport"": 0.0}","{""energy"": 0.0, ""water"": 0.0, ""transport"": 0.0}",0.3,0.1,,0.38314666666666675,1.0,0.6168533333333333,1,"{""energy"": 0.6666666666666667, ""water"": 0.05493333333333334, ""transport"": 0.33333333333333337}","{""energy"": 1.0, ""water"": 1.0, ""transport"": 1.0}","{""energy"": 0.33333333333333326, ""water"": 0.9450666666666666, ""transport"": 0.6666666666666666}",13,0.38314666666666675,,,[],,v2.0,0.7,0.3
S4_water_partial,347,347,11774040491247369539,scenario=S4_water_partial|method=both|duration=0|theta=0.300000|delta_threshold=0.100000|A=v2.0|w=na|run_id=347|seed=11774040491247369539,False,"{""step_1_amount"": 0.14692585683262588}",033832c9a51598bd69064fc3910037f6fde292830c04f0066e6d9779dc60f4ca,0.38314666666666675,0.38314666666666675,0.0,16,0.0,0.0,0.38314666666666675,0.38314666666666675,0,0,0.0,"{""energy"": 0.6666666666666667, ""water"": 0.05493333333333334, ""transport"": 0.33333333333333337}","{""energy"": 0.6666666666666667, ""water"": 0.05493333333333334, ""transport"": 0.33333333333333337}","{""energy"": 0.0, ""water"": 0.0, ""transport"": 0.0}","{""energy"": 0.0, ""water"": 0.0, ""transport"": 0.0}","{""energy"": 0.0, ""water"": 0.0, ""transport"": 0.0}","{""energy"": 0.0, ""water"": 0.0, ""transport"": 0.0}",0.3,0.1,,0.38314666666666675,1.0,0.6168533333333333,1,"{""energy"": 0.6666666666666667, ""water"": 0.05493333333333334, ""transport"": 0.33333333333333337}","{""energy"": 1.0, ""water"": 1.0, ""transport"": 1.0}","{""energy"": 0.33333333333333326, ""water"": 0.9450666666666666, ""transport"": 0.6666666666666666}",13,0.38314666666666675,,,[],,v2.0,0.7,0.3
S4_water_partial,348,348,9781803647767957266,scenario=S4_water_partial|method=both|duration=0|theta=0.300000|delta_threshold=0.100000|A=v2.0|w=na|run_id=348|seed=9781803647767957266,False,"{""step_1_amount"": 0.13346010054649743}",033832c9a51598bd69064fc3910037f6fde292830c04f0066e6d9779dc60f4ca,0.38314666666666675,0.38314666666666675,0.0,15,0.0,0.0,0.38314666666666675,0.38314666666666675,0,0,0.0,"{""energy"": 0.6666666666666667, ""water"": 0.05493333333333334, ""transport"": 0.33333333333333337}","{""energy"": 0.6666666666666667, ""water"": 0.05493333333333334, ""transport"": 0.33333333333333337}","{""energy"": 0.0, ""water"": 0.0, ""transport"": 0.0}","{""energy"": 0.0, ""water"": 0.0, ""transport"": 0.0}","{""energy"": 0.0, ""water"": 0.0, ""transport"": 0.0}","{""energy"": 0.0, ""water"": 0.0, ""transport"": 0.0}",0.3,0.1,,0.38314666666666675,1.0,0.6168533333333333,1,"{""energy"": 0.6666666666666667, ""water"": 0.05493333333333334, ""transport"": 0.33333333333333337}","{""energy"": 1.0, ""water"": 1.0, ""transport"": 1.0}","{""energy"": 0.33333333333333326, ""water"": 0.9450666666666666, ""transport"": 0.6666666666666666}",13,0.38314666666666675,,,[],,v2.0,0.7,0.3
S4_water_partial,349,349,9343051560410541211,scenario=S4_water_partial|method=both|duration=0|theta=0.300000|delta_threshold=0.100000|A=v2.0|w=na|run_id=349|seed=9343051560410541211,False,"{""step_1_amount"": 0.16282311766179747}",033832c9a51598bd69064fc3910037f6fde292830c04f0066e6d9779dc60f4ca,0.38314666666666675,0.38314666666666675,0.0,23,0.0,0.0,0.38314666666666675,0.38314666666666675,0,0,0.0,"{""energy"": 0.6666666666666667, ""water"": 0.05493333333333334, ""transport"": 0.33333333333333337}","{""energy"": 0.6666666666666667, ""water"": 0.05493333333333334, ""transport"": 0.33333333333333337}","{""energy"": 0.0, ""water"": 0.0, ""transport"": 0.0}","{""energy"": 0.0, ""water"": 0.0, ""transport"": 0.0}","{""energy"": 0.0, ""water"": 0.0, ""transport"": 0.0}","{""energy"": 0.0, ""water"": 0.0, ""transport"": 0.0}",0.3,0.1,,0.38314666666666675,1.0,0.6168533333333333,1,"{""energy"": 0.6666666666666667, ""water"": 0.05493333333333334, ""transport"": 0.33333333333333337}","{""energy"": 1.0, ""water"": 1.0, ""transport"": 1.0}","{""energy"": 0.33333333333333326, ""water"": 0.9450666666666666, ""transport"": 0.6666666666666666}",13,0.38314666666666675,,,[],,v2.0,0.7,0.3
S4_water_partial,350,350,18128091578024334624,scenario=S4_water_partial|method=both|duration=0|theta=0.300000|delta_threshold=0.100000|A=v2.0|w=na|run_id=350|seed=18128091578024334624,False,"{""step_1_amount"": 0.10185075600091036}",033832c9a51598bd69064fc3910037f6fde292830c04f0066e6d9779dc60f4ca,0.38314666666666675,0.38314666666666675,0.0,30,0.0,0.0,0.38314666666666675,0.38314666666666675,0,0,0.0,"{""energy"": 0.6666666666666667, ""water"": 0.05493333333333334, ""transport"": 0.33333333333333337}","{""energy"": 0.6666666666666667, ""water"": 0.05493333333333334, ""transport"": 0.33333333333333337}","{""energy"": 0.0, ""water"": 0.0, ""transport"": 0.0}","{""energy"": 0.0, ""water"": 0.0, ""transport"": 0.0}","{""energy"": 0.0, ""water"": 0.0, ""transport"": 0.0}","{""energy"": 0.0, ""water"": 0.0, ""transport"": 0.0}",0.3,0.1,,0.38314666666666675,1.0,0.6168533333333333,1,"{""energy"": 0.6666666666666667, ""water"": 0.05493333333333334, ""transport"": 0.33333333333333337}","{""energy"": 1.0, ""water"": 1.0, ""transport"": 1.0}","{""energy"": 0.33333333333333326, ""water"": 0.9450666666666666, ""transport"": 0.6666666666666666}",13,0.38314666666666675,,,[],,v2.0,0.7,0.3
S4_water_partial,351,351,4954426143412791639,scenario=S4_water_partial|method=both|duration=0|theta=0.300000|delta_threshold=0.100000|A=v2.0|w=na|run_id=351|seed=4954426143412791639,False,"{""step_1_amount"": 0.1274275574972976}",033832c9a51598bd69064fc3910037f6fde292830c04f0066e6d9779dc60f4ca,0.38314666666666675,0.38314666666666675,0.0,22,0.0,0.0,0.38314666666666675,0.38314666666666675,0,0,0.0,"{""energy"": 0.6666666666666667, ""water"": 0.05493333333333334, ""transport"": 0.33333333333333337}","{""energy"": 0.6666666666666667, ""water"": 0.05493333333333334, ""transport"": 0.33333333333333337}","{""energy"": 0.0, ""water"": 0.0, ""transport"": 0.0}","{""energy"": 0.0, ""water"": 0.0, ""transport"": 0.0}","{""energy"": 0.0, ""water"": 0.0, ""transport"": 0.0}","{""energy"": 0.0, ""water"": 0.0, ""transport"": 0.0}",0.3,0.1,,0.38314666666666675,1.0,0.6168533333333333,1,"{""energy"": 0.6666666666666667, ""water"": 0.05493333333333334, ""transport"": 0.33333333333333337}","{""energy"": 1.0, ""water"": 1.0, ""transport"": 1.0}","{""energy"": 0.33333333333333326, ""water"": 0.9450666666666666, ""transport"": 0.6666666666666666}",13,0.38314666666666675,,,[],,v2.0,0.7,0.3
S4_water_partial,352,352,14914388072818801099,scenario=S4_water_partial|method=both|duration=0|theta=0.300000|delta_threshold=0.100000|A=v2.0|w=na|run_id=352|seed=14914388072818801099,False,"{""step_1_amount"": 0.11593875881925095}",033832c9a51598bd69064fc3910037f6fde292830c04f0066e6d9779dc60f4ca,0.38314666666666675,0.38314666666666675,0.0,21,0.0,0.0,0.38314666666666675,0.38314666666666675,0,0,0.0,"{""energy"": 0.6666666666666667, ""water"": 0.05493333333333334, ""transport"": 0.33333333333333337}","{""energy"": 0.6666666666666667, ""water"": 0.05493333333333334, ""transport"": 0.33333333333333337}","{""energy"": 0.0, ""water"": 0.0, ""transport"": 0.0}","{""energy"": 0.0, ""water"": 0.0, ""transport"": 0.0}","{""energy"": 0.0, ""water"": 0.0, ""transport"": 0.0}","{""energy"": 0.0, ""water"": 0.0, ""transport"": 0.0}",0.3,0.1,,0.38314666666666675,1.0,0.6168533333333333,1,"{""energy"": 0.6666666666666667, ""water"": 0.05493333333333334, ""transport"": 0.33333333333333337}","{""energy"": 1.0, ""water"": 1.0, ""transport"": 1.0}","{""energy"": 0.33333333333333326, ""water"": 0.9450666666666666, ""transport"": 0.6666666666666666}",13,0.38314666666666675,,,[],,v2.0,0.7,0.3
S4_water_partial,353,353,14144826502358182803,scenario=S4_water_partial|method=both|duration=0|theta=0.300000|delta_threshold=0.100000|A=v2.0|w=na|run_id=353|seed=14144826502358182803,False,"{""step_1_amount"": 0.18309106689991717}",033832c9a51598bd69064fc3910037f6fde292830c04f0066e6d9779dc60f4ca,0.38314666666666675,0.38314666666666675,0.0,13,0.0,0.0,0.38314666666666675,0.38314666666666675,0,0,0.0,"{""energy"": 0.6666666666666667, ""water"": 0.05493333333333334, ""transport"": 0.33333333333333337}","{""energy"": 0.6666666666666667, ""water"": 0.05493333333333334, ""transport"": 0.33333333333333337}","{""energy"": 0.0, ""water"": 0.0, ""transport"": 0.0}","{""energy"": 0.0, ""water"": 0.0, ""transport"": 0.0}","{""energy"": 0.0, ""water"": 0.0, ""transport"": 0.0}","{""energy"": 0.0, ""water"": 0.0, ""transport"": 0.0}",0.3,0.1,,0.38314666666666675,1.0,0.6168533333333333,1,"{""energy"": 0.6666666666666667, ""water"": 0.05493333333333334, ""transport"": 0.33333333333333337}","{""energy"": 1.0, ""water"": 1.0, ""transport"": 1.0}","{""energy"": 0.33333333333333326, ""water"": 0.9450666666666666, ""transport"": 0.6666666666666666}",13,0.38314666666666675,,,[],,v2.0,0.7,0.3
S4_water_partial,354,354,10980802188518457690,scenario=S4_water_partial|method=both|duration=0|theta=0.300000|delta_threshold=0.100000|A=v2.0|w=na|run_id=354|seed=10980802188518457690,False,"{""step_1_amount"": 0.172611484245015}",033832c9a51598bd69064fc3910037f6fde292830c04f0066e6d9779dc60f4ca,0.38314666666666675,0.38314666666666675,0.0,16,0.0,0.0,0.38314666666666675,0.38314666666666675,0,0,0.0,"{""energy"": 0.6666666666666667, ""water"": 0.05493333333333334, ""transport"": 0.33333333333333337}","{""energy"": 0.6666666666666667, ""water"": 0.05493333333333334, ""transport"": 0.33333333333333337}","{""energy"": 0.0, ""water"": 0.0, ""transport"": 0.0}","{""energy"": 0.0, ""water"": 0.0, ""transport"": 0.0}","{""energy"": 0.0, ""water"": 0.0, ""transport"": 0.0}","{""energy"": 0.0, ""water"": 0.0, ""transport"": 0.0}",0.3,0.1,,0.38314666666666675,1.0,0.6168533333333333,1,"{""energy"": 0.6666666666666667, ""water"": 0.05493333333333334, ""transport"": 0.33333333333333337}","{""energy"": 1.0, ""water"": 1.0, ""transport"": 1.0}","{""energy"": 0.33333333333333326, ""water"": 0.9450666666666666, ""transport"": 0.6666666666666666}",13,0.38314666666666675,,,[],,v2.0,0.7,0.3
S4_water_partial,355,355,12649090456915976219,scenario=S4_water_partial|method=both|duration=0|theta=0.300000|delta_threshold=0.100000|A=v2.0|w=na|run_id=355|seed=12649090456915976219,False,"{""step_1_amount"": 0.09920017387205349}",033832c9a51598bd69064fc3910037f6fde292830c04f0066e6d9779dc60f4ca,0.38314666666666675,0.38314666666666675,0.0,20,0.0,0.0,0.38314666666666675,0.38314666666666675,0,0,0.0,"{""energy"": 0.6666666666666667, ""water"": 0.05493333333333334, ""transport"": 0.33333333333333337}","{""energy"": 0.6666666666666667, ""water"": 0.05493333333333334, ""transport"": 0.33333333333333337}","{""energy"": 0.0, ""water"": 0.0, ""transport"": 0.0}","{""energy"": 0.0, ""water"": 0.0, ""transport"": 0.0}","{""energy"": 0.0, ""water"": 0.0, ""transport"": 0.0}","{""energy"": 0.0, ""water"": 0.0, ""transport"": 0.0}",0.3,0.1,,0.38314666666666675,1.0,0.6168533333333333,1,"{""energy"": 0.6666666666666667, ""water"": 0.05493333333333334, ""transport"": 0.33333333333333337}","{""energy"": 1.0, ""water"": 1.0, ""transport"": 1.0}","{""energy"": 0.33333333333333326, ""water"": 0.9450666666666666, ""transport"": 0.6666666666666666}",13,0.38314666666666675,,,[],,v2.0,0.7,0.3
S4_water_partial,356,356,10910638934844066053,scenario=S4_water_partial|method=both|duration=0|theta=0.300000|delta_threshold=0.100000|A=v2.0|w=na|run_id=356|seed=10910638934844066053,False,"{""step_1_amount"": 0.14798187861135473}",033832c9a51598bd69064fc3910037f6fde292830c04f0066e6d9779dc60f4ca,0.38314666666666675,0.38314666666666675,0.0,9,0.0,0.0,0.38314666666666675,0.38314666666666675,0,0,0.0,"{""energy"": 0.6666666666666667, ""water"": 0.05493333333333334, ""transport"": 0.33333333333333337}","{""energy"": 0.6666666666666667, ""water"": 0.05493333333333334, ""transport"": 0.33333333333333337}","{""energy"": 0.0, ""water"": 0.0, ""transport"": 0.0}","{""energy"": 0.0, ""water"": 0.0, ""transport"": 0.0}","{""energy"": 0.0, ""water"": 0.0, ""transport"": 0.0}","{""energy"": 0.0, ""water"": 0.0, ""transport"": 0.0}",0.3,0.1,,0.38314666666666675,1.0,0.6168533333333333,1,"{""energy"": 0.6666666666666667, ""water"": 0.05493333333333334, ""transport"": 0.33333333333333337}","{""energy"": 1.0, ""water"": 1.0, ""transport"": 1.0}","{""energy"": 0.33333333333333326, ""water"": 0.9450666666666666, ""transport"": 0.6666666666666666}",13,0.38314666666666675,,,[],,v2.0,0.7,0.3
S4_water_partial,357,357,8633257519586032520,scenario=S4_water_partial|method=both|duration=0|theta=0.300000|delta_threshold=0.100000|A=v2.0|w=na|run_id=357|seed=8633257519586032520,False,"{""step_1_amount"": 0.08344769605987319}",033832c9a51598bd69064fc3910037f6fde292830c04f0066e6d9779dc60f4ca,0.38314666666666675,0.38314666666666675,0.0,16,0.0,0.0,0.38314666666666675,0.38314666666666675,0,0,0.0,"{""energy"": 0.6666666666666667, ""water"": 0.05493333333333334, ""transport"": 0.33333333333333337}","{""energy"": 0.6666666666666667, ""water"": 0.05493333333333334, ""transport"": 0.33333333333333337}","{""energy"": 0.0, ""water"": 0.0, ""transport"": 0.0}","{""energy"": 0.0, ""water"": 0.0, ""transport"": 0.0}","{""energy"": 0.0, ""water"": 0.0, ""transport"": 0.0}","{""energy"": 0.0, ""water"": 0.0, ""transport"": 0.0}",0.3,0.1,,0.38314666666666675,1.0,0.6168533333333333,1,"{""energy"": 0.6666666666666667, ""water"": 0.05493333333333334, ""transport"": 0.33333333333333337}","{""energy"": 1.0, ""water"": 1.0, ""transport"": 1.0}","{""energy"": 0.33333333333333326, ""water"": 0.9450666666666666, ""transport"": 0.6666666666666666}",13,0.38314666666666675,,,[],,v2.0,0.7,0.3
S4_water_partial,358,358,11417465962733976973,scenario=S4_water_partial|method=both|duration=0|theta=0.300000|delta_threshold=0.100000|A=v2.0|w=na|run_id=358|seed=11417465962733976973,False,"{""step_1_amount"": 0.2889007495307415}",033832c9a51598bd69064fc3910037f6fde292830c04f0066e6d9779dc60f4ca,0.38314666666666675,0.4375739280481249,0.05442726138145815,8,0.0,0.0,0.38314666666666675,0.4375739280481249,0,0,0.05442726138145815,"{""energy"": 0.6666666666666667, ""water"": 0.05493333333333334, ""transport"": 0.33333333333333337}","{""energy"": 0.702738145788765, ""water"": 0.16605927024676015, ""transport"": 0.355536295528636}","{""energy"": 0.03607147912209829, ""water"": 0.11112593691342681, ""transport"": 0.022202962195302656}","{""energy"": 0.0, ""water"": 0.0, ""transport"": 0.0}","{""energy"": 0.0, ""water"": 0.0, ""transport"": 0.0}","{""energy"": 0.0, ""water"": 0.0, ""transport"": 0.0}",0.3,0.1,,0.38314666666666675,1.0,0.6168533333333333,1,"{""energy"": 0.6666666666666667, ""water"": 0.05493333333333334, ""transport"": 0.33333333333333337}","{""energy"": 1.0, ""water"": 1.0, ""transport"": 1.0}","{""energy"": 0.33333333333333326, ""water"": 0.9450666666666666, ""transport"": 0.6666666666666666}",11,0.4375739280481249,,,[],,v2.0,0.7,0.3
S4_water_partial,359,359,14382178621298493055,scenario=S4_water_partial|method=both|duration=0|theta=0.300000|delta_threshold=0.100000|A=v2.0|w=na|run_id=359|seed=14382178621298493055,False,"{""step_1_amount"": 0.08720919115946812}",033832c9a51598bd69064fc3910037f6fde292830c04f0066e6d9779dc60f4ca,0.38314666666666675,0.38314666666666675,0.0,12,0.0,0.0,0.38314666666666675,0.38314666666666675,0,0,0.0,"{""energy"": 0.6666666666666667, ""water"": 0.05493333333333334, ""transport"": 0.33333333333333337}","{""energy"": 0.6666666666666667, ""water"": 0.05493333333333334, ""transport"": 0.33333333333333337}","{""energy"": 0.0, ""water"": 0.0, ""transport"": 0.0}","{""energy"": 0.0, ""water"": 0.0, ""transport"": 0.0}","{""energy"": 0.0, ""water"": 0.0, ""transport"": 0.0}","{""energy"": 0.0, ""water"": 0.0, ""transport"": 0.0}",0.3,0.1,,0.38314666666666675,1.0,0.6168533333333333,1,"{""energy"": 0.6666666666666667, ""water"": 0.05493333333333334, ""transport"": 0.33333333333333337}","{""energy"": 1.0, ""water"": 1.0, ""transport"": 1.0}","{""energy"": 0.33333333333333326, ""water"": 0.9450666666666666, ""transport"": 0.6666666666666666}",13,0.38314666666666675,,,[],,v2.0,0.7,0.3
S4_water_partial,360,360,6549597326996596826,scenario=S4_water_partial|method=both|duration=0|theta=0.300000|delta_threshold=0.100000|A=v2.0|w=na|run_id=360|seed=6549597326996596826,False,"{""step_1_amount"": 0.16030099726162594}",033832c9a51598bd69064fc3910037f6fde292830c04f0066e6d9779dc60f4ca,0.38314666666666675,0.38314666666666675,0.0,9,0.0,0.0,0.38314666666666675,0.38314666666666675,0,0,0.0,"{""energy"": 0.6666666666666667, ""water"": 0.05493333333333334, ""transport"": 0.33333333333333337}","{""energy"": 0.6666666666666667, ""water"": 0.05493333333333334, ""transport"": 0.33333333333333337}","{""energy"": 0.0, ""water"": 0.0, ""transport"": 0.0}","{""energy"": 0.0, ""water"": 0.0, ""transport"": 0.0}","{""energy"": 0.0, ""water"": 0.0, ""transport"": 0.0}","{""energy"": 0.0, ""water"": 0.0, ""transport"": 0.0}",0.3,0.1,,0.38314666666666675,1.0,0.6168533333333333,1,"{""energy"": 0.6666666666666667, ""water"": 0.05493333333333334, ""transport"": 0.33333333333333337}","{""energy"": 1.0, ""water"": 1.0, ""transport"": 1.0}","{""energy"": 0.33333333333333326, ""water"": 0.9450666666666666, ""transport"": 0.6666666666666666}",13,0.38314666666666675,,,[],,v2.0,0.7,0.3
S4_water_partial,361,361,10013109524773154426,scenario=S4_water_partial|method=both|duration=0|theta=0.300000|delta_threshold=0.100000|A=v2.0|w=na|run_id=361|seed=10013109524773154426,False,"{""step_1_amount"": 0.21787654001029003}",033832c9a51598bd69064fc3910037f6fde292830c04f0066e6d9779dc60f4ca,0.38314666666666675,0.39409113137446655,0.010944464707799806,10,0.0,0.0,0.38314666666666675,0.39409113137446655,0,0,0.010944464707799806,"{""energy"": 0.6666666666666667, ""water"": 0.05493333333333334, ""transport"": 0.33333333333333337}","{""energy"": 0.6739200727758419, ""water"": 0.07727900834619585, ""transport"": 0.3377979992009033}","{""energy"": 0.007253406109175131, ""water"": 0.022345675012862505, ""transport"": 0.004464665867569939}","{""energy"": 0.0, ""water"": 0.0, ""transport"": 0.0}","{""energy"": 0.0, ""water"": 0.0, ""transport"": 0.0}","{""energy"": 0.0, ""water"": 0.0, ""transport"": 0.0}",0.3,0.1,,0.38314666666666675,1.0,0.6168533333333333,1,"{""energy"": 0.6666666666666667, ""water"": 0.05493333333333334, ""transport"": 0.33333333333333337}","{""energy"": 1.0, ""water"": 1.0, ""transport"": 1.0}","{""energy"": 0.33333333333333326, ""water"": 0.9450666666666666, ""transport"": 0.6666666666666666}",12,0.39409113137446655,,,[],,v2.0,0.7,0.3
S4_water_partial,362,362,17834762237098344704,scenario=S4_water_partial|method=both|duration=0|theta=0.300000|delta_threshold=0.100000|A=v2.0|w=na|run_id=362|seed=17834762237098344704,False,"{""step_1_amount"": 0.18183349953758327}",033832c9a51598bd69064fc3910037f6fde292830c04f0066e6d9779dc60f4ca,0.38314666666666675,0.38314666666666675,0.0,10,0.0,0.0,0.38314666666666675,0.38314666666666675,0,0,0.0,"{""energy"": 0.6666666666666667, ""water"": 0.05493333333333334, ""transport"": 0.33333333333333337}","{""energy"": 0.6666666666666667, ""water"": 0.05493333333333334, ""transport"": 0.33333333333333337}","{""energy"": 0.0, ""water"": 0.0, ""transport"": 0.0}","{""energy"": 0.0, ""water"": 0.0, ""transport"": 0.0}","{""energy"": 0.0, ""water"": 0.0, ""transport"": 0.0}","{""energy"": 0.0, ""water"": 0.0, ""transport"": 0.0}",0.3,0.1,,0.38314666666666675,1.0,0.6168533333333333,1,"{""energy"": 0.6666666666666667, ""water"": 0.05493333333333334, ""transport"": 0.33333333333333337}","{""energy"": 1.0, ""water"": 1.0, ""transport"": 1.0}","{""energy"": 0.33333333333333326, ""water"": 0.9450666666666666, ""transport"": 0.6666666666666666}",13,0.38314666666666675,,,[],,v2.0,0.7,0.3
S4_water_partial,363,363,4098279891872639821,scenario=S4_water_partial|method=both|duration=0|theta=0.300000|delta_threshold=0.100000|A=v2.0|w=na|run_id=363|seed=4098279891872639821,False,"{""step_1_amount"": 0.2108780054300431}",033832c9a51598bd69064fc3910037f6fde292830c04f0066e6d9779dc60f4ca,0.38314666666666675,0.3898064535410749,0.006659786874408158,21,0.0,0.0,0.38314666666666675,0.3898064535410749,0,0,0.006659786874408158,"{""energy"": 0.6666666666666667, ""water"": 0.05493333333333334, ""transport"": 0.33333333333333337}","{""energy"": 0.6710804173699068, ""water"": 0.06853084012088724, ""transport"": 0.33605011518948663}","{""energy"": 0.004413750703240016, ""water"": 0.0135975067875539, ""transport"": 0.002716781856153261}","{""energy"": 0.0, ""water"": 0.0, ""transport"": 0.0}","{""energy"": 0.0, ""water"": 0.0, ""transport"": 0.0}","{""energy"": 0.0, ""water"": 0.0, ""transport"": 0.0}",0.3,0.1,,0.38314666666666675,1.0,0.6168533333333333,1,"{""energy"": 0.6666666666666667, ""water"": 0.05493333333333334, ""transport"": 0.33333333333333337}","{""energy"": 1.0, ""water"": 1.0, ""transport"": 1.0}","{""energy"": 0.33333333333333326, ""water"": 0.9450666666666666, ""transport"": 0.6666666666666666}",12,0.3898064535410749,,,[],,v2.0,0.7,0.3
S4_water_partial,364,364,13886881316626438498,scenario=S4_water_partial|method=both|duration=0|theta=0.300000|delta_threshold=0.100000|A=v2.0|w=na|run_id=364|seed=13886881316626438498,False,"{""step_1_amount"": 0.14605308285353066}",033832c9a51598bd69064fc3910037f6fde292830c04f0066e6d9779dc60f4ca,0.38314666666666675,0.38314666666666675,0.0,7,0.0,0.0,0.38314666666666675,0.38314666666666675,0,0,0.0,"{""energy"": 0.6666666666666667, ""water"": 0.05493333333333334, ""transport"": 0.33333333333333337}","{""energy"": 0.6666666666666667, ""water"": 0.05493333333333334, ""transport"": 0.33333333333333337}","{""energy"": 0.0, ""water"": 0.0, ""transport"": 0.0}","{""energy"": 0.0, ""water"": 0.0, ""transport"": 0.0}","{""energy"": 0.0, ""water"": 0.0, ""transport"": 0.0}","{""energy"": 0.0, ""water"": 0.0, ""transport"": 0.0}",0.3,0.1,,0.38314666666666675,1.0,0.6168533333333333,1,"{""energy"": 0.6666666666666667, ""water"": 0.05493333333333334, ""transport"": 0.33333333333333337}","{""energy"": 1.0, ""water"": 1.0, ""transport"": 1.0}","{""energy"": 0.33333333333333326, ""water"": 0.9450666666666666, ""transport"": 0.6666666666666666}",13,0.38314666666666675,,,[],,v2.0,0.7,0.3
S4_water_partial,365,365,11573155421186765285,scenario=S4_water_partial|method=both|duration=0|theta=0.300000|delta_threshold=0.100000|A=v2.0|w=na|run_id=365|seed=11573155421186765285,False,"{""step_1_amount"": 0.1341574272066805}",033832c9a51598bd69064fc3910037f6fde292830c04f0066e6d9779dc60f4ca,0.38314666666666675,0.38314666666666675,0.0,16,0.0,0.0,0.38314666666666675,0.38314666666666675,0,0,0.0,"{""energy"": 0.6666666666666667, ""water"": 0.05493333333333334, ""transport"": 0.33333333333333337}","{""energy"": 0.6666666666666667, ""water"": 0.05493333333333334, ""transport"": 0.33333333333333337}","{""energy"": 0.0, ""water"": 0.0, ""transport"": 0.0}","{""energy"": 0.0, ""water"": 0.0, ""transport"": 0.0}","{""energy"": 0.0, ""water"": 0.0, ""transport"": 0.0}","{""energy"": 0.0, ""water"": 0.0, ""transport"": 0.0}",0.3,0.1,,0.38314666666666675,1.0,0.6168533333333333,1,"{""energy"": 0.6666666666666667, ""water"": 0.05493333333333334, ""transport"": 0.33333333333333337}","{""energy"": 1.0, ""water"": 1.0, ""transport"": 1.0}","{""energy"": 0.33333333333333326, ""water"": 0.9450666666666666, ""transport"": 0.6666666666666666}",13,0.38314666666666675,,,[],,v2.0,0.7,0.3
S4_water_partial,366,366,14839698546922449757,scenario=S4_water_partial|method=both|duration=0|theta=0.300000|delta_threshold=0.100000|A=v2.0|w=na|run_id=366|seed=14839698546922449757,False,"{""step_1_amount"": 0.11241234665072766}",033832c9a51598bd69064fc3910037f6fde292830c04f0066e6d9779dc60f4ca,0.38314666666666675,0.38314666666666675,0.0,11,0.0,0.0,0.38314666666666675,0.38314666666666675,0,0,0.0,"{""energy"": 0.6666666666666667, ""water"": 0.05493333333333334, ""transport"": 0.33333333333333337}","{""energy"": 0.6666666666666667, ""water"": 0.05493333333333334, ""transport"": 0.33333333333333337}","{""energy"": 0.0, ""water"": 0.0, ""transport"": 0.0}","{""energy"": 0.0, ""water"": 0.0, ""transport"": 0.0}","{""energy"": 0.0, ""water"": 0.0, ""transport"": 0.0}","{""energy"": 0.0, ""water"": 0.0, ""transport"": 0.0}",0.3,0.1,,0.38314666666666675,1.0,0.6168533333333333,1,"{""energy"": 0.6666666666666667, ""water"": 0.05493333333333334, ""transport"": 0.33333333333333337}","{""energy"": 1.0, ""water"": 1.0, ""transport"": 1.0}","{""energy"": 0.33333333333333326, ""water"": 0.9450666666666666, ""transport"": 0.6666666666666666}",13,0.38314666666666675,,,[],,v2.0,0.7,0.3
S4_water_partial,367,367,15012826816764132732,scenario=S4_water_partial|method=both|duration=0|theta=0.300000|delta_threshold=0.100000|A=v2.0|w=na|run_id=367|seed=15012826816764132732,False,"{""step_1_amount"": 0.1930703333388338}",033832c9a51598bd69064fc3910037f6fde292830c04f0066e6d9779dc60f4ca,0.38314666666666675,0.38314666666666675,0.0,9,0.0,0.0,0.38314666666666675,0.38314666666666675,0,0,0.0,"{""energy"": 0.6666666666666667, ""water"": 0.05493333333333334, ""transport"": 0.33333333333333337}","{""energy"": 0.6666666666666667, ""water"": 0.05493333333333334, ""transport"": 0.33333333333333337}","{""energy"": 0.0, ""water"": 0.0, ""transport"": 0.0}","{""energy"": 0.0, ""water"": 0.0, ""transport"": 0.0}","{""energy"": 0.0, ""water"": 0.0, ""transport"": 0.0}","{""energy"": 0.0, ""water"": 0.0, ""transport"": 0.0}",0.3,0.1,,0.38314666666666675,1.0,0.6168533333333333,1,"{""energy"": 0.6666666666666667, ""water"": 0.05493333333333334, ""transport"": 0.33333333333333337}","{""energy"": 1.0, ""water"": 1.0, ""transport"": 1.0}","{""energy"": 0.33333333333333326, ""water"": 0.9450666666666666, ""transport"": 0.6666666666666666}",13,0.38314666666666675,,,[],,v2.0,0.7,0.3
S4_water_partial,368,368,5059074180652619777,scenario=S4_water_partial|method=both|duration=0|theta=0.300000|delta_threshold=0.100000|A=v2.0|w=na|run_id=368|seed=5059074180652619777,False,"{""step_1_amount"": 0.16598279020833231}",033832c9a51598bd69064fc3910037f6fde292830c04f0066e6d9779dc60f4ca,0.38314666666666675,0.38314666666666675,0.0,12,0.0,0.0,0.38314666666666675,0.38314666666666675,0,0,0.0,"{""energy"": 0.6666666666666667, ""water"": 0.05493333333333334, ""transport"": 0.33333333333333337}","{""energy"": 0.6666666666666667, ""water"": 0.05493333333333334, ""transport"": 0.33333333333333337}","{""energy"": 0.0, ""water"": 0.0, ""transport"": 0.0}","{""energy"": 0.0, ""water"": 0.0, ""transport"": 0.0}","{""energy"": 0.0, ""water"": 0.0, ""transport"": 0.0}","{""energy"": 0.0, ""water"": 0.0, ""transport"": 0.0}",0.3,0.1,,0.38314666666666675,1.0,0.6168533333333333,1,"{""energy"": 0.6666666666666667, ""water"": 0.05493333333333334, ""transport"": 0.33333333333333337}","{""energy"": 1.0, ""water"": 1.0, ""transport"": 1.0}","{""energy"": 0.33333333333333326, ""water"": 0.9450666666666666, ""transport"": 0.6666666666666666}",13,0.38314666666666675,,,[],,v2.0,0.7,0.3
S4_water_partial,369,369,12683643980706919120,scenario=S4_water_partial|method=both|duration=0|theta=0.300000|delta_threshold=0.100000|A=v2.0|w=na|run_id=369|seed=12683643980706919120,False,"{""step_1_amount"": 0.3387595383898546}",033832c9a51598bd69064fc3910037f6fde292830c04f0066e6d9779dc60f4ca,0.38314666666666675,0.46809872505739547,0.08495205839072872,6,0.0,0.0,0.38314666666666675,0.46809872505739547,0,0,0.08495205839072872,"{""energy"": 0.6666666666666667, ""water"": 0.05493333333333334, ""transport"": 0.33333333333333337}","{""energy"": 0.7229683493683503, ""water"": 0.2283827563206517, ""transport"": 0.3679885280461996}","{""energy"": 0.056301682701683564, ""water"": 0.17344942298731836, ""transport"": 0.03465519471286621}","{""energy"": 0.0, ""water"": 0.0, ""transport"": 0.0}","{""energy"": 0.0, ""water"": 0.0, ""transport"": 0.0}","{""energy"": 0.0, ""water"": 0.0, ""transport"": 0.0}",0.3,0.1,,0.38314666666666675,1.0,0.6168533333333333,1,"{""energy"": 0.6666666666666667, ""water"": 0.05493333333333334, ""transport"": 0.33333333333333337}","{""energy"": 1.0, ""water"": 1.0, ""transport"": 1.0}","{""energy"": 0.33333333333333326, ""water"": 0.9450666666666666, ""transport"": 0.6666666666666666}",11,0.46809872505739547,,,[],,v2.0,0.7,0.3
S4_water_partial,370,370,7804706905345518127,scenario=S4_water_partial|method=both|duration=0|theta=0.300000|delta_threshold=0.100000|A=v2.0|w=na|run_id=370|seed=7804706905345518127,False,"{""step_1_amount"": 0.1505181551436704}",033832c9a51598bd69064fc3910037f6fde292830c04f0066e6d9779dc60f4ca,0.38314666666666675,0.38314666666666675,0.0,6,0.0,0.0,0.38314666666666675,0.38314666666666675,0,0,0.0,"{""energy"": 0.6666666666666667, ""water"": 0.05493333333333334, ""transport"": 0.33333333333333337}","{""energy"": 0.6666666666666667, ""water"": 0.05493333333333334, ""transport"": 0.33333333333333337}","{""energy"": 0.0, ""water"": 0.0, ""transport"": 0.0}","{""energy"": 0.0, ""water"": 0.0, ""transport"": 0.0}","{""energy"": 0.0, ""water"": 0.0, ""transport"": 0.0}","{""energy"": 0.0, ""water"": 0.0, ""transport"": 0.0}",0.3,0.1,,0.38314666666666675,1.0,0.6168533333333333,1,"{""energy"": 0.6666666666666667, ""water"": 0.05493333333333334, ""transport"": 0.33333333333333337}","{""energy"": 1.0, ""water"": 1.0, ""transport"": 1.0}","{""energy"": 0.33333333333333326, ""water"": 0.9450666666666666, ""transport"": 0.6666666666666666}",13,0.38314666666666675,,,[],,v2.0,0.7,0.3
S4_water_partial,371,371,822912396406308867,scenario=S4_water_partial|method=both|duration=0|theta=0.300000|delta_threshold=0.100000|A=v2.0|w=na|run_id=371|seed=822912396406308867,False,"{""step_1_amount"": 0.12968634597771528}",033832c9a51598bd69064fc3910037f6fde292830c04f0066e6d9779dc60f4ca,0.38314666666666675,0.38314666666666675,0.0,23,0.0,0.0,0.38314666666666675,0.38314666666666675,0,0,0.0,"{""energy"": 0.6666666666666667, ""water"": 0.05493333333333334, ""transport"": 0.33333333333333337}","{""energy"": 0.6666666666666667, ""water"": 0.05493333333333334, ""transport"": 0.33333333333333337}","{""energy"": 0.0, ""water"": 0.0, ""transport"": 0.0}","{""energy"": 0.0, ""water"": 0.0, ""transport"": 0.0}","{""energy"": 0.0, ""water"": 0.0, ""transport"": 0.0}","{""energy"": 0.0, ""water"": 0.0, ""transport"": 0.0}",0.3,0.1,,0.38314666666666675,1.0,0.6168533333333333,1,"{""energy"": 0.6666666666666667, ""water"": 0.05493333333333334, ""transport"": 0.33333333333333337}","{""energy"": 1.0, ""water"": 1.0, ""transport"": 1.0}","{""energy"": 0.33333333333333326, ""water"": 0.9450666666666666, ""transport"": 0.6666666666666666}",13,0.38314666666666675,,,[],,v2.0,0.7,0.3
S4_water_partial,372,372,2143122553018319664,scenario=S4_water_partial|method=both|duration=0|theta=0.300000|delta_threshold=0.100000|A=v2.0|w=na|run_id=372|seed=2143122553018319664,False,"{""step_1_amount"": 0.2114535181837445}",033832c9a51598bd69064fc3910037f6fde292830c04f0066e6d9779dc60f4ca,0.38314666666666675,0.39015879683670973,0.007012130170042985,27,0.0,0.0,0.38314666666666675,0.39015879683670973,0,0,0.007012130170042985,"{""energy"": 0.6666666666666667, ""water"": 0.05493333333333334, ""transport"": 0.33333333333333337}","{""energy"": 0.6713139316697211, ""water"": 0.06925023106301405, ""transport"": 0.3361938494997236}","{""energy"": 0.004647265003054346, ""water"": 0.014316897729680707, ""transport"": 0.0028605161663902146}","{""energy"": 0.0, ""water"": 0.0, ""transport"": 0.0}","{""energy"": 0.0, ""water"": 0.0, ""transport"": 0.0}","{""energy"": 0.0, ""water"": 0.0, ""transport"": 0.0}",0.3,0.1,,0.38314666666666675,1.0,0.6168533333333333,1,"{""energy"": 0.6666666666666667, ""water"": 0.05493333333333334, ""transport"": 0.33333333333333337}","{""energy"": 1.0, ""water"": 1.0, ""transport"": 1.0}","{""energy"": 0.33333333333333326, ""water"": 0.9450666666666666, ""transport"": 0.6666666666666666}",12,0.39015879683670973,,,[],,v2.0,0.7,0.3
S4_water_partial,373,373,8412405877819800045,scenario=S4_water_partial|method=both|duration=0|theta=0.300000|delta_threshold=0.100000|A=v2.0|w=na|run_id=373|seed=8412405877819800045,False,"{""step_1_amount"": 0.16986600519586403}",033832c9a51598bd69064fc3910037f6fde292830c04f0066e6d9779dc60f4ca,0.38314666666666675,0.38314666666666675,0.0,12,0.0,0.0,0.38314666666666675,0.38314666666666675,0,0,0.0,"{""energy"": 0.6666666666666667, ""water"": 0.05493333333333334, ""transport"": 0.33333333333333337}","{""energy"": 0.6666666666666667, ""water"": 0.05493333333333334, ""transport"": 0.33333333333333337}","{""energy"": 0.0, ""water"": 0.0, ""transport"": 0.0}","{""energy"": 0.0, ""water"": 0.0, ""transport"": 0.0}","{""energy"": 0.0, ""water"": 0.0, ""transport"": 0.0}","{""energy"": 0.0, ""water"": 0.0, ""transport"": 0.0}",0.3,0.1,,0.38314666666666675,1.0,0.6168533333333333,1,"{""energy"": 0.6666666666666667, ""water"": 0.05493333333333334, ""transport"": 0.33333333333333337}","{""energy"": 1.0, ""water"": 1.0, ""transport"": 1.0}","{""energy"": 0.33333333333333326, ""water"": 0.9450666666666666, ""transport"": 0.6666666666666666}",13,0.38314666666666675,,,[],,v2.0,0.7,0.3
S4_water_partial,374,374,9850855318936851616,scenario=S4_water_partial|method=both|duration=0|theta=0.300000|delta_threshold=0.100000|A=v2.0|w=na|run_id=374|seed=9850855318936851616,False,"{""step_1_amount"": 0.10712185076579182}",033832c9a51598bd69064fc3910037f6fde292830c04f0066e6d9779dc60f4ca,0.38314666666666675,0.38314666666666675,0.0,13,0.0,0.0,0.38314666666666675,0.38314666666666675,0,0,0.0,"{""energy"": 0.6666666666666667, ""water"": 0.05493333333333334, ""transport"": 0.33333333333333337}","{""energy"": 0.6666666666666667, ""water"": 0.05493333333333334, ""transport"": 0.33333333333333337}","{""energy"": 0.0, ""water"": 0.0, ""transport"": 0.0}","{""energy"": 0.0, ""water"": 0.0, ""transport"": 0.0}","{""energy"": 0.0, ""water"": 0.0, ""transport"": 0.0}","{""energy"": 0.0, ""water"": 0.0, ""transport"": 0.0}",0.3,0.1,,0.38314666666666675,1.0,0.6168533333333333,1,"{""energy"": 0.6666666666666667, ""water"": 0.05493333333333334, ""transport"": 0.33333333333333337}","{""energy"": 1.0, ""water"": 1.0, ""transport"": 1.0}","{""energy"": 0.33333333333333326, ""water"": 0.9450666666666666, ""transport"": 0.6666666666666666}",13,0.38314666666666675,,,[],,v2.0,0.7,0.3
S4_water_partial,375,375,8180471704716393528,scenario=S4_water_partial|method=both|duration=0|theta=0.300000|delta_threshold=0.100000|A=v2.0|w=na|run_id=375|seed=8180471704716393528,False,"{""step_1_amount"": 0.12466803231415177}",033832c9a51598bd69064fc3910037f6fde292830c04f0066e6d9779dc60f4ca,0.38314666666666675,0.38314666666666675,0.0,5,0.0,0.0,0.38314666666666675,0.38314666666666675,0,0,0.0,"{""energy"": 0.6666666666666667, ""water"": 0.05493333333333334, ""transport"": 0.33333333333333337}","{""energy"": 0.6666666666666667, ""water"": 0.05493333333333334, ""transport"": 0.33333333333333337}","{""energy"": 0.0, ""water"": 0.0, ""transport"": 0.0}","{""energy"": 0.0, ""water"": 0.0, ""transport"": 0.0}","{""energy"": 0.0, ""water"": 0.0, ""transport"": 0.0}","{""energy"": 0.0, ""water"": 0.0, ""transport"": 0.0}",0.3,0.1,,0.38314666666666675,1.0,0.6168533333333333,1,"{""energy"": 0.6666666666666667, ""water"": 0.05493333333333334, ""transport"": 0.33333333333333337}","{""energy"": 1.0, ""water"": 1.0, ""transport"": 1.0}","{""energy"": 0.33333333333333326, ""water"": 0.9450666666666666, ""transport"": 0.6666666666666666}",13,0.38314666666666675,,,[],,v2.0,0.7,0.3
S4_water_partial,376,376,6296379854492106034,scenario=S4_water_partial|method=both|duration=0|theta=0.300000|delta_threshold=0.100000|A=v2.0|w=na|run_id=376|seed=6296379854492106034,False,"{""step_1_amount"": 0.13678992199097875}",033832c9a51598bd69064fc3910037f6fde292830c04f0066e6d9779dc60f4ca,0.38314666666666675,0.38314666666666675,0.0,19,0.0,0.0,0.38314666666666675,0.38314666666666675,0,0,0.0,"{""energy"": 0.6666666666666667, ""water"": 0.05493333333333334, ""transport"": 0.33333333333333337}","{""energy"": 0.6666666666666667, ""water"": 0.05493333333333334, ""transport"": 0.33333333333333337}","{""energy"": 0.0, ""water"": 0.0, ""transport"": 0.0}","{""energy"": 0.0, ""water"": 0.0, ""transport"": 0.0}","{""energy"": 0.0, ""water"": 0.0, ""transport"": 0.0}","{""energy"": 0.0, ""water"": 0.0, ""transport"": 0.0}",0.3,0.1,,0.38314666666666675,1.0,0.6168533333333333,1,"{""energy"": 0.6666666666666667, ""water"": 0.05493333333333334, ""transport"": 0.33333333333333337}","{""energy"": 1.0, ""water"": 1.0, ""transport"": 1.0}","{""energy"": 0.33333333333333326, ""water"": 0.9450666666666666, ""transport"": 0.6666666666666666}",13,0.38314666666666675,,,[],,v2.0,0.7,0.3
S4_water_partial,377,377,7692570012796866977,scenario=S4_water_partial|method=both|duration=0|theta=0.300000|delta_threshold=0.100000|A=v2.0|w=na|run_id=377|seed=7692570012796866977,False,"{""step_1_amount"": 0.1072477430780679}",033832c9a51598bd69064fc3910037f6fde292830c04f0066e6d9779dc60f4ca,0.38314666666666675,0.38314666666666675,0.0,15,0.0,0.0,0.38314666666666675,0.38314666666666675,0,0,0.0,"{""energy"": 0.6666666666666667, ""water"": 0.05493333333333334, ""transport"": 0.33333333333333337}","{""energy"": 0.6666666666666667, ""water"": 0.05493333333333334, ""transport"": 0.33333333333333337}","{""energy"": 0.0, ""water"": 0.0, ""transport"": 0.0}","{""energy"": 0.0, ""water"": 0.0, ""transport"": 0.0}","{""energy"": 0.0, ""water"": 0.0, ""transport"": 0.0}","{""energy"": 0.0, ""water"": 0.0, ""transport"": 0.0}",0.3,0.1,,0.38314666666666675,1.0,0.6168533333333333,1,"{""energy"": 0.6666666666666667, ""water"": 0.05493333333333334, ""transport"": 0.33333333333333337}","{""energy"": 1.0, ""water"": 1.0, ""transport"": 1.0}","{""energy"": 0.33333333333333326, ""water"": 0.9450666666666666, ""transport"": 0.6666666666666666}",13,0.38314666666666675,,,[],,v2.0,0.7,0.3
S4_water_partial,378,378,2159574120019709568,scenario=S4_water_partial|method=both|duration=0|theta=0.300000|delta_threshold=0.100000|A=v2.0|w=na|run_id=378|seed=2159574120019709568,False,"{""step_1_amount"": 0.10515907023473176}",033832c9a51598bd69064fc3910037f6fde292830c04f0066e6d9779dc60f4ca,0.38314666666666675,0.38314666666666675,0.0,22,0.0,0.0,0.38314666666666675,0.38314666666666675,0,0,0.0,"{""energy"": 0.6666666666666667, ""water"": 0.05493333333333334, ""transport"": 0.33333333333333337}","{""energy"": 0.6666666666666667, ""water"": 0.05493333333333334, ""transport"": 0.33333333333333337}","{""energy"": 0.0, ""water"": 0.0, ""transport"": 0.0}","{""energy"": 0.0, ""water"": 0.0, ""transport"": 0.0}","{""energy"": 0.0, ""water"": 0.0, ""transport"": 0.0}","{""energy"": 0.0, ""water"": 0.0, ""transport"": 0.0}",0.3,0.1,,0.38314666666666675,1.0,0.6168533333333333,1,"{""energy"": 0.6666666666666667, ""water"": 0.05493333333333334, ""transport"": 0.33333333333333337}","{""energy"": 1.0, ""water"": 1.0, ""transport"": 1.0}","{""energy"": 0.33333333333333326, ""water"": 0.9450666666666666, ""transport"": 0.6666666666666666}",13,0.38314666666666675,,,[],,v2.0,0.7,0.3
S4_water_partial,379,379,15018333800550573044,scenario=S4_water_partial|method=both|duration=0|theta=0.300000|delta_threshold=0.100000|A=v2.0|w=na|run_id=379|seed=15018333800550573044,False,"{""step_1_amount"": 0.16761750823047059}",033832c9a51598bd69064fc3910037f6fde292830c04f0066e6d9779dc60f4ca,0.38314666666666675,0.38314666666666675,0.0,13,0.0,0.0,0.38314666666666675,0.38314666666666675,0,0,0.0,"{""energy"": 0.6666666666666667, ""water"": 0.05493333333333334, ""transport"": 0.33333333333333337}","{""energy"": 0.6666666666666667, ""water"": 0.05493333333333334, ""transport"": 0.33333333333333337}","{""energy"": 0.0, ""water"": 0.0, ""transport"": 0.0}","{""energy"": 0.0, ""water"": 0.0, ""transport"": 0.0}","{""energy"": 0.0, ""water"": 0.0, ""transport"": 0.0}","{""energy"": 0.0, ""water"": 0.0, ""transport"": 0.0}",0.3,0.1,,0.38314666666666675,1.0,0.6168533333333333,1,"{""energy"": 0.6666666666666667, ""water"": 0.05493333333333334, ""transport"": 0.33333333333333337}","{""energy"": 1.0, ""water"": 1.0, ""transport"": 1.0}","{""energy"": 0.33333333333333326, ""water"": 0.9450666666666666, ""transport"": 0.6666666666666666}",13,0.38314666666666675,,,[],,v2.0,0.7,0.3
S4_water_partial,380,380,14744257246901587938,scenario=S4_water_partial|method=both|duration=0|theta=0.300000|delta_threshold=0.100000|A=v2.0|w=na|run_id=380|seed=14744257246901587938,False,"{""step_1_amount"": 0.08386399307121195}",033832c9a51598bd69064fc3910037f6fde292830c04f0066e6d9779dc60f4ca,0.38314666666666675,0.38314666666666675,0.0,16,0.0,0.0,0.38314666666666675,0.38314666666666675,0,0,0.0,"{""energy"": 0.6666666666666667, ""water"": 0.05493333333333334, ""transport"": 0.33333333333333337}","{""energy"": 0.6666666666666667, ""water"": 0.05493333333333334, ""transport"": 0.33333333333333337}","{""energy"": 0.0, ""water"": 0.0, ""transport"": 0.0}","{""energy"": 0.0, ""water"": 0.0, ""transport"": 0.0}","{""energy"": 0.0, ""water"": 0.0, ""transport"": 0.0}","{""energy"": 0.0, ""water"": 0.0, ""transport"": 0.0}",0.3,0.1,,0.38314666666666675,1.0,0.6168533333333333,1,"{""energy"": 0.6666666666666667, ""water"": 0.05493333333333334, ""transport"": 0.33333333333333337}","{""energy"": 1.0, ""water"": 1.0, ""transport"": 1.0}","{""energy"": 0.33333333333333326, ""water"": 0.9450666666666666, ""transport"": 0.6666666666666666}",13,0.38314666666666675,,,[],,v2.0,0.7,0.3
S4_water_partial,381,381,2216302561504073020,scenario=S4_water_partial|method=both|duration=0|theta=0.300000|delta_threshold=0.100000|A=v2.0|w=na|run_id=381|seed=2216302561504073020,False,"{""step_1_amount"": 0.1461570615260853}",033832c9a51598bd69064fc3910037f6fde292830c04f0066e6d9779dc60f4ca,0.38314666666666675,0.38314666666666675,0.0,10,0.0,0.0,0.38314666666666675,0.38314666666666675,0,0,0.0,"{""energy"": 0.6666666666666667, ""water"": 0.05493333333333334, ""transport"": 0.33333333333333337}","{""energy"": 0.6666666666666667, ""water"": 0.05493333333333334, ""transport"": 0.33333333333333337}","{""energy"": 0.0, ""water"": 0.0, ""transport"": 0.0}","{""energy"": 0.0, ""water"": 0.0, ""transport"": 0.0}","{""energy"": 0.0, ""water"": 0.0, ""transport"": 0.0}","{""energy"": 0.0, ""water"": 0.0, ""transport"": 0.0}",0.3,0.1,,0.38314666666666675,1.0,0.6168533333333333,1,"{""energy"": 0.6666666666666667, ""water"": 0.05493333333333334, ""transport"": 0.33333333333333337}","{""energy"": 1.0, ""water"": 1.0, ""transport"": 1.0}","{""energy"": 0.33333333333333326, ""water"": 0.9450666666666666, ""transport"": 0.6666666666666666}",13,0.38314666666666675,,,[],,v2.0,0.7,0.3
S4_water_partial,382,382,9015486847163859709,scenario=S4_water_partial|method=both|duration=0|theta=0.300000|delta_threshold=0.100000|A=v2.0|w=na|run_id=382|seed=9015486847163859709,False,"{""step_1_amount"": 0.1636964384231923}",033832c9a51598bd69064fc3910037f6fde292830c04f0066e6d9779dc60f4ca,0.38314666666666675,0.38314666666666675,0.0,6,0.0,0.0,0.38314666666666675,0.38314666666666675,0,0,0.0,"{""energy"": 0.6666666666666667, ""water"": 0.05493333333333334, ""transport"": 0.33333333333333337}","{""energy"": 0.6666666666666667, ""water"": 0.05493333333333334, ""transport"": 0.33333333333333337}","{""energy"": 0.0, ""water"": 0.0, ""transport"": 0.0}","{""energy"": 0.0, ""water"": 0.0, ""transport"": 0.0}","{""energy"": 0.0, ""water"": 0.0, ""transport"": 0.0}","{""energy"": 0.0, ""water"": 0.0, ""transport"": 0.0}",0.3,0.1,,0.38314666666666675,1.0,0.6168533333333333,1,"{""energy"": 0.6666666666666667, ""water"": 0.05493333333333334, ""transport"": 0.33333333333333337}","{""energy"": 1.0, ""water"": 1.0, ""transport"": 1.0}","{""energy"": 0.33333333333333326, ""water"": 0.9450666666666666, ""transport"": 0.6666666666666666}",13,0.38314666666666675,,,[],,v2.0,0.7,0.3
S4_water_partial,383,383,9275298997227992468,scenario=S4_water_partial|method=both|duration=0|theta=0.300000|delta_threshold=0.100000|A=v2.0|w=na|run_id=383|seed=9275298997227992468,False,"{""step_1_amount"": 0.1615155940204345}",033832c9a51598bd69064fc3910037f6fde292830c04f0066e6d9779dc60f4ca,0.38314666666666675,0.38314666666666675,0.0,26,0.0,0.0,0.38314666666666675,0.38314666666666675,0,0,0.0,"{""energy"": 0.6666666666666667, ""water"": 0.05493333333333334, ""transport"": 0.33333333333333337}","{""energy"": 0.6666666666666667, ""water"": 0.05493333333333334, ""transport"": 0.33333333333333337}","{""energy"": 0.0, ""water"": 0.0, ""transport"": 0.0}","{""energy"": 0.0, ""water"": 0.0, ""transport"": 0.0}","{""energy"": 0.0, ""water"": 0.0, ""transport"": 0.0}","{""energy"": 0.0, ""water"": 0.0, ""transport"": 0.0}",0.3,0.1,,0.38314666666666675,1.0,0.6168533333333333,1,"{""energy"": 0.6666666666666667, ""water"": 0.05493333333333334, ""transport"": 0.33333333333333337}","{""energy"": 1.0, ""water"": 1.0, ""transport"": 1.0}","{""energy"": 0.33333333333333326, ""water"": 0.9450666666666666, ""transport"": 0.6666666666666666}",13,0.38314666666666675,,,[],,v2.0,0.7,0.3
S4_water_partial,384,384,474729357118881255,scenario=S4_water_partial|method=both|duration=0|theta=0.300000|delta_threshold=0.100000|A=v2.0|w=na|run_id=384|seed=474729357118881255,False,"{""step_1_amount"": 0.18831144718585652}",033832c9a51598bd69064fc3910037f6fde292830c04f0066e6d9779dc60f4ca,0.38314666666666675,0.38314666666666675,0.0,7,0.0,0.0,0.38314666666666675,0.38314666666666675,0,0,0.0,"{""energy"": 0.6666666666666667, ""water"": 0.05493333333333334, ""transport"": 0.33333333333333337}","{""energy"": 0.6666666666666667, ""water"": 0.05493333333333334, ""transport"": 0.33333333333333337}","{""energy"": 0.0, ""water"": 0.0, ""transport"": 0.0}","{""energy"": 0.0, ""water"": 0.0, ""transport"": 0.0}","{""energy"": 0.0, ""water"": 0.0, ""transport"": 0.0}","{""energy"": 0.0, ""water"": 0.0, ""transport"": 0.0}",0.3,0.1,,0.38314666666666675,1.0,0.6168533333333333,1,"{""energy"": 0.6666666666666667, ""water"": 0.05493333333333334, ""transport"": 0.33333333333333337}","{""energy"": 1.0, ""water"": 1.0, ""transport"": 1.0}","{""energy"": 0.33333333333333326, ""water"": 0.9450666666666666, ""transport"": 0.6666666666666666}",13,0.38314666666666675,,,[],,v2.0,0.7,0.3
S4_water_partial,385,385,4641073159431705504,scenario=S4_water_partial|method=both|duration=0|theta=0.300000|delta_threshold=0.100000|A=v2.0|w=na|run_id=385|seed=4641073159431705504,False,"{""step_1_amount"": 0.18291191771513202}",033832c9a51598bd69064fc3910037f6fde292830c04f0066e6d9779dc60f4ca,0.38314666666666675,0.38314666666666675,0.0,16,0.0,0.0,0.38314666666666675,0.38314666666666675,0,0,0.0,"{""energy"": 0.6666666666666667, ""water"": 0.05493333333333334, ""transport"": 0.33333333333333337}","{""energy"": 0.6666666666666667, ""water"": 0.05493333333333334, ""transport"": 0.33333333333333337}","{""energy"": 0.0, ""water"": 0.0, ""transport"": 0.0}","{""energy"": 0.0, ""water"": 0.0, ""transport"": 0.0}","{""energy"": 0.0, ""water"": 0.0, ""transport"": 0.0}","{""energy"": 0.0, ""water"": 0.0, ""transport"": 0.0}",0.3,0.1,,0.38314666666666675,1.0,0.6168533333333333,1,"{""energy"": 0.6666666666666667, ""water"": 0.05493333333333334, ""transport"": 0.33333333333333337}","{""energy"": 1.0, ""water"": 1.0, ""transport"": 1.0}","{""energy"": 0.33333333333333326, ""water"": 0.9450666666666666, ""transport"": 0.6666666666666666}",13,0.38314666666666675,,,[],,v2.0,0.7,0.3
S4_water_partial,386,386,11078539558729450081,scenario=S4_water_partial|method=both|duration=0|theta=0.300000|delta_threshold=0.100000|A=v2.0|w=na|run_id=386|seed=11078539558729450081,False,"{""step_1_amount"": 0.0662580836366981}",033832c9a51598bd69064fc3910037f6fde292830c04f0066e6d9779dc60f4ca,0.38314666666666675,0.38314666666666675,0.0,20,0.0,0.0,0.38314666666666675,0.38314666666666675,0,0,0.0,"{""energy"": 0.6666666666666667, ""water"": 0.05493333333333334, ""transport"": 0.33333333333333337}","{""energy"": 0.6666666666666667, ""water"": 0.05493333333333334, ""transport"": 0.33333333333333337}","{""energy"": 0.0, ""water"": 0.0, ""transport"": 0.0}","{""energy"": 0.0, ""water"": 0.0, ""transport"": 0.0}","{""energy"": 0.0, ""water"": 0.0, ""transport"": 0.0}","{""energy"": 0.0, ""water"": 0.0, ""transport"": 0.0}",0.3,0.1,,0.38314666666666675,1.0,0.6168533333333333,1,"{""energy"": 0.6666666666666667, ""water"": 0.05493333333333334, ""transport"": 0.33333333333333337}","{""energy"": 1.0, ""water"": 1.0, ""transport"": 1.0}","{""energy"": 0.33333333333333326, ""water"": 0.9450666666666666, ""transport"": 0.6666666666666666}",13,0.38314666666666675,,,[],,v2.0,0.7,0.3
S4_water_partial,387,387,18211786409031190559,scenario=S4_water_partial|method=both|duration=0|theta=0.300000|delta_threshold=0.100000|A=v2.0|w=na|run_id=387|seed=18211786409031190559,False,"{""step_1_amount"": 0.10348686576644905}",033832c9a51598bd69064fc3910037f6fde292830c04f0066e6d9779dc60f4ca,0.38314666666666675,0.38314666666666675,0.0,14,0.0,0.0,0.38314666666666675,0.38314666666666675,0,0,0.0,"{""energy"": 0.6666666666666667, ""water"": 0.05493333333333334, ""transport"": 0.33333333333333337}","{""energy"": 0.6666666666666667, ""water"": 0.05493333333333334, ""transport"": 0.33333333333333337}","{""energy"": 0.0, ""water"": 0.0, ""transport"": 0.0}","{""energy"": 0.0, ""water"": 0.0, ""transport"": 0.0}","{""energy"": 0.0, ""water"": 0.0, ""transport"": 0.0}","{""energy"": 0.0, ""water"": 0.0, ""transport"": 0.0}",0.3,0.1,,0.38314666666666675,1.0,0.6168533333333333,1,"{""energy"": 0.6666666666666667, ""water"": 0.05493333333333334, ""transport"": 0.33333333333333337}","{""energy"": 1.0, ""water"": 1.0, ""transport"": 1.0}","{""energy"": 0.33333333333333326, ""water"": 0.9450666666666666, ""transport"": 0.6666666666666666}",13,0.38314666666666675,,,[],,v2.0,0.7,0.3
S4_water_partial,388,388,7846211527280270223,scenario=S4_water_partial|method=both|duration=0|theta=0.300000|delta_threshold=0.100000|A=v2.0|w=na|run_id=388|seed=7846211527280270223,False,"{""step_1_amount"": 0.04543796086461174}",033832c9a51598bd69064fc3910037f6fde292830c04f0066e6d9779dc60f4ca,0.38314666666666675,0.38314666666666675,0.0,23,0.0,0.0,0.38314666666666675,0.38314666666666675,0,0,0.0,"{""energy"": 0.6666666666666667, ""water"": 0.05493333333333334, ""transport"": 0.33333333333333337}","{""energy"": 0.6666666666666667, ""water"": 0.05493333333333334, ""transport"": 0.33333333333333337}","{""energy"": 0.0, ""water"": 0.0, ""transport"": 0.0}","{""energy"": 0.0, ""water"": 0.0, ""transport"": 0.0}","{""energy"": 0.0, ""water"": 0.0, ""transport"": 0.0}","{""energy"": 0.0, ""water"": 0.0, ""transport"": 0.0}",0.3,0.1,,0.38314666666666675,1.0,0.6168533333333333,1,"{""energy"": 0.6666666666666667, ""water"": 0.05493333333333334, ""transport"": 0.33333333333333337}","{""energy"": 1.0, ""water"": 1.0, ""transport"": 1.0}","{""energy"": 0.33333333333333326, ""water"": 0.9450666666666666, ""transport"": 0.6666666666666666}",13,0.38314666666666675,,,[],,v2.0,0.7,0.3
S4_water_partial,389,389,453028508599060287,scenario=S4_water_partial|method=both|duration=0|theta=0.300000|delta_threshold=0.100000|A=v2.0|w=na|run_id=389|seed=453028508599060287,False,"{""step_1_amount"": 0.2195397585154905}",033832c9a51598bd69064fc3910037f6fde292830c04f0066e6d9779dc60f4ca,0.38314666666666675,0.39510939532381295,0.011962728657146204,5,0.0,0.0,0.38314666666666675,0.39510939532381295,0,0,0.011962728657146204,"{""energy"": 0.6666666666666667, ""water"": 0.05493333333333334, ""transport"": 0.33333333333333337}","{""energy"": 0.674594923684327, ""water"": 0.07935803147769656, ""transport"": 0.33821338802257717}","{""energy"": 0.007928257017660312, ""water"": 0.024424698144363217, ""transport"": 0.004880054689243796}","{""energy"": 0.0, ""water"": 0.0, ""transport"": 0.0}","{""energy"": 0.0, ""water"": 0.0, ""transport"": 0.0}","{""energy"": 0.0, ""water"": 0.0, ""transport"": 0.0}",0.3,0.1,,0.38314666666666675,1.0,0.6168533333333333,1,"{""energy"": 0.6666666666666667, ""water"": 0.05493333333333334, ""transport"": 0.33333333333333337}","{""energy"": 1.0, ""water"": 1.0, ""transport"": 1.0}","{""energy"": 0.33333333333333326, ""water"": 0.9450666666666666, ""transport"": 0.6666666666666666}",12,0.39510939532381295,,,[],,v2.0,0.7,0.3
S4_water_partial,390,390,5931313198780653921,scenario=S4_water_partial|method=both|duration=0|theta=0.300000|delta_threshold=0.100000|A=v2.0|w=na|run_id=390|seed=5931313198780653921,False,"{""step_1_amount"": 0.18507577872297185}",033832c9a51598bd69064fc3910037f6fde292830c04f0066e6d9779dc60f4ca,0.38314666666666675,0.38314666666666675,0.0,27,0.0,0.0,0.38314666666666675,0.38314666666666675,0,0,0.0,"{""energy"": 0.6666666666666667, ""water"": 0.05493333333333334, ""transport"": 0.33333333333333337}","{""energy"": 0.6666666666666667, ""water"": 0.05493333333333334, ""transport"": 0.33333333333333337}","{""energy"": 0.0, ""water"": 0.0, ""transport"": 0.0}","{""energy"": 0.0, ""water"": 0.0, ""transport"": 0.0}","{""energy"": 0.0, ""water"": 0.0, ""transport"": 0.0}","{""energy"": 0.0, ""water"": 0.0, ""transport"": 0.0}",0.3,0.1,,0.38314666666666675,1.0,0.6168533333333333,1,"{""energy"": 0.6666666666666667, ""water"": 0.05493333333333334, ""transport"": 0.33333333333333337}","{""energy"": 1.0, ""water"": 1.0, ""transport"": 1.0}","{""energy"": 0.33333333333333326, ""water"": 0.9450666666666666, ""transport"": 0.6666666666666666}",13,0.38314666666666675,,,[],,v2.0,0.7,0.3
S4_water_partial,391,391,16523021733180731042,scenario=S4_water_partial|method=both|duration=0|theta=0.300000|delta_threshold=0.100000|A=v2.0|w=na|run_id=391|seed=16523021733180731042,False,"{""step_1_amount"": 0.15402269001332142}",033832c9a51598bd69064fc3910037f6fde292830c04f0066e6d9779dc60f4ca,0.38314666666666675,0.38314666666666675,0.0,14,0.0,0.0,0.38314666666666675,0.38314666666666675,0,0,0.0,"{""energy"": 0.6666666666666667, ""water"": 0.05493333333333334, ""transport"": 0.33333333333333337}","{""energy"": 0.6666666666666667, ""water"": 0.05493333333333334, ""transport"": 0.33333333333333337}","{""energy"": 0.0, ""water"": 0.0, ""transport"": 0.0}","{""energy"": 0.0, ""water"": 0.0, ""transport"": 0.0}","{""energy"": 0.0, ""water"": 0.0, ""transport"": 0.0}","{""energy"": 0.0, ""water"": 0.0, ""transport"": 0.0}",0.3,0.1,,0.38314666666666675,1.0,0.6168533333333333,1,"{""energy"": 0.6666666666666667, ""water"": 0.05493333333333334, ""transport"": 0.33333333333333337}","{""energy"": 1.0, ""water"": 1.0, ""transport"": 1.0}","{""energy"": 0.33333333333333326, ""water"": 0.9450666666666666, ""transport"": 0.6666666666666666}",13,0.38314666666666675,,,[],,v2.0,0.7,0.3
S4_water_partial,392,392,16336263799799312324,scenario=S4_water_partial|method=both|duration=0|theta=0.300000|delta_threshold=0.100000|A=v2.0|w=na|run_id=392|seed=16336263799799312324,False,"{""step_1_amount"": 0.15673090581326046}",033832c9a51598bd69064fc3910037f6fde292830c04f0066e6d9779dc60f4ca,0.38314666666666675,0.38314666666666675,0.0,30,0.0,0.0,0.38314666666666675,0.38314666666666675,0,0,0.0,"{""energy"": 0.6666666666666667, ""water"": 0.05493333333333334, ""transport"": 0.33333333333333337}","{""energy"": 0.6666666666666667, ""water"": 0.05493333333333334, ""transport"": 0.33333333333333337}","{""energy"": 0.0, ""water"": 0.0, ""transport"": 0.0}","{""energy"": 0.0, ""water"": 0.0, ""transport"": 0.0}","{""energy"": 0.0, ""water"": 0.0, ""transport"": 0.0}","{""energy"": 0.0, ""water"": 0.0, ""transport"": 0.0}",0.3,0.1,,0.38314666666666675,1.0,0.6168533333333333,1,"{""energy"": 0.6666666666666667, ""water"": 0.05493333333333334, ""transport"": 0.33333333333333337}","{""energy"": 1.0, ""water"": 1.0, ""transport"": 1.0}","{""energy"": 0.33333333333333326, ""water"": 0.9450666666666666, ""transport"": 0.6666666666666666}",13,0.38314666666666675,,,[],,v2.0,0.7,0.3
S4_water_partial,393,393,16096319756938268836,scenario=S4_water_partial|method=both|duration=0|theta=0.300000|delta_threshold=0.100000|A=v2.0|w=na|run_id=393|seed=16096319756938268836,False,"{""step_1_amount"": 0.16903571136203385}",033832c9a51598bd69064fc3910037f6fde292830c04f0066e6d9779dc60f4ca,0.38314666666666675,0.38314666666666675,0.0,18,0.0,0.0,0.38314666666666675,0.38314666666666675,0,0,0.0,"{""energy"": 0.6666666666666667, ""water"": 0.05493333333333334, ""transport"": 0.33333333333333337}","{""energy"": 0.6666666666666667, ""water"": 0.05493333333333334, ""transport"": 0.33333333333333337}","{""energy"": 0.0, ""water"": 0.0, ""transport"": 0.0}","{""energy"": 0.0, ""water"": 0.0, ""transport"": 0.0}","{""energy"": 0.0, ""water"": 0.0, ""transport"": 0.0}","{""energy"": 0.0, ""water"": 0.0, ""transport"": 0.0}",0.3,0.1,,0.38314666666666675,1.0,0.6168533333333333,1,"{""energy"": 0.6666666666666667, ""water"": 0.05493333333333334, ""transport"": 0.33333333333333337}","{""energy"": 1.0, ""water"": 1.0, ""transport"": 1.0}","{""energy"": 0.33333333333333326, ""water"": 0.9450666666666666, ""transport"": 0.6666666666666666}",13,0.38314666666666675,,,[],,v2.0,0.7,0.3
S4_water_partial,394,394,17961463830244375,scenario=S4_water_partial|method=both|duration=0|theta=0.300000|delta_threshold=0.100000|A=v2.0|w=na|run_id=394|seed=17961463830244375,False,"{""step_1_amount"": 0.14047873725572627}",033832c9a51598bd69064fc3910037f6fde292830c04f0066e6d9779dc60f4ca,0.38314666666666675,0.38314666666666675,0.0,10,0.0,0.0,0.38314666666666675,0.38314666666666675,0,0,0.0,"{""energy"": 0.6666666666666667, ""water"": 0.05493333333333334, ""transport"": 0.33333333333333337}","{""energy"": 0.6666666666666667, ""water"": 0.05493333333333334, ""transport"": 0.33333333333333337}","{""energy"": 0.0, ""water"": 0.0, ""transport"": 0.0}","{""energy"": 0.0, ""water"": 0.0, ""transport"": 0.0}","{""energy"": 0.0, ""water"": 0.0, ""transport"": 0.0}","{""energy"": 0.0, ""water"": 0.0, ""transport"": 0.0}",0.3,0.1,,0.38314666666666675,1.0,0.6168533333333333,1,"{""energy"": 0.6666666666666667, ""water"": 0.05493333333333334, ""transport"": 0.33333333333333337}","{""energy"": 1.0, ""water"": 1.0, ""transport"": 1.0}","{""energy"": 0.33333333333333326, ""water"": 0.9450666666666666, ""transport"": 0.6666666666666666}",13,0.38314666666666675,,,[],,v2.0,0.7,0.3
S4_water_partial,395,395,15960528673143326209,scenario=S4_water_partial|method=both|duration=0|theta=0.300000|delta_threshold=0.100000|A=v2.0|w=na|run_id=395|seed=15960528673143326209,False,"{""step_1_amount"": 0.1374692607563253}",033832c9a51598bd69064fc3910037f6fde292830c04f0066e6d9779dc60f4ca,0.38314666666666675,0.38314666666666675,0.0,23,0.0,0.0,0.38314666666666675,0.38314666666666675,0,0,0.0,"{""energy"": 0.6666666666666667, ""water"": 0.05493333333333334, ""transport"": 0.33333333333333337}","{""energy"": 0.6666666666666667, ""water"": 0.05493333333333334, ""transport"": 0.33333333333333337}","{""energy"": 0.0, ""water"": 0.0, ""transport"": 0.0}","{""energy"": 0.0, ""water"": 0.0, ""transport"": 0.0}","{""energy"": 0.0, ""water"": 0.0, ""transport"": 0.0}","{""energy"": 0.0, ""water"": 0.0, ""transport"": 0.0}",0.3,0.1,,0.38314666666666675,1.0,0.6168533333333333,1,"{""energy"": 0.6666666666666667, ""water"": 0.05493333333333334, ""transport"": 0.33333333333333337}","{""energy"": 1.0, ""water"": 1.0, ""transport"": 1.0}","{""energy"": 0.33333333333333326, ""water"": 0.9450666666666666, ""transport"": 0.6666666666666666}",13,0.38314666666666675,,,[],,v2.0,0.7,0.3
S4_water_partial,396,396,13209068861478630823,scenario=S4_water_partial|method=both|duration=0|theta=0.300000|delta_threshold=0.100000|A=v2.0|w=na|run_id=396|seed=13209068861478630823,False,"{""step_1_amount"": 0.20845414297251116}",033832c9a51598bd69064fc3910037f6fde292830c04f0066e6d9779dc60f4ca,0.38314666666666675,0.38832250434801235,0.0051758376813456075,18,0.0,0.0,0.38314666666666675,0.38832250434801235,0,0,0.0051758376813456075,"{""energy"": 0.6666666666666667, ""water"": 0.05493333333333334, ""transport"": 0.33333333333333337}","{""energy"": 0.6700969351777631, ""water"": 0.06550101204897227, ""transport"": 0.335444755540718}","{""energy"": 0.0034302685110964015, ""water"": 0.010567678715638927, ""transport"": 0.002111422207384639}","{""energy"": 0.0, ""water"": 0.0, ""transport"": 0.0}","{""energy"": 0.0, ""water"": 0.0, ""transport"": 0.0}","{""energy"": 0.0, ""water"": 0.0, ""transport"": 0.0}",0.3,0.1,,0.38314666666666675,1.0,0.6168533333333333,1,"{""energy"": 0.6666666666666667, ""water"": 0.05493333333333334, ""transport"": 0.33333333333333337}","{""energy"": 1.0, ""water"": 1.0, ""transport"": 1.0}","{""energy"": 0.33333333333333326, ""water"": 0.9450666666666666, ""transport"": 0.6666666666666666}",12,0.38832250434801235,,,[],,v2.0,0.7,0.3
S4_water_partial,397,397,10421118977158241911,scenario=S4_water_partial|method=both|duration=0|theta=0.300000|delta_threshold=0.100000|A=v2.0|w=na|run_id=397|seed=10421118977158241911,False,"{""step_1_amount"": 0.11364313114712112}",033832c9a51598bd69064fc3910037f6fde292830c04f0066e6d9779dc60f4ca,0.38314666666666675,0.38314666666666675,0.0,18,0.0,0.0,0.38314666666666675,0.38314666666666675,0,0,0.0,"{""energy"": 0.6666666666666667, ""water"": 0.05493333333333334, ""transport"": 0.33333333333333337}","{""energy"": 0.6666666666666667, ""water"": 0.05493333333333334, ""transport"": 0.33333333333333337}","{""energy"": 0.0, ""water"": 0.0, ""transport"": 0.0}","{""energy"": 0.0, ""water"": 0.0, ""transport"": 0.0}","{""energy"": 0.0, ""water"": 0.0, ""transport"": 0.0}","{""energy"": 0.0, ""water"": 0.0, ""transport"": 0.0}",0.3,0.1,,0.38314666666666675,1.0,0.6168533333333333,1,"{""energy"": 0.6666666666666667, ""water"": 0.05493333333333334, ""transport"": 0.33333333333333337}","{""energy"": 1.0, ""water"": 1.0, ""transport"": 1.0}","{""energy"": 0.33333333333333326, ""water"": 0.9450666666666666, ""transport"": 0.6666666666666666}",13,0.38314666666666675,,,[],,v2.0,0.7,0.3
S4_water_partial,398,398,15180273955925239015,scenario=S4_water_partial|method=both|duration=0|theta=0.300000|delta_threshold=0.100000|A=v2.0|w=na|run_id=398|seed=15180273955925239015,False,"{""step_1_amount"": 0.2479739144920752}",033832c9a51598bd69064fc3910037f6fde292830c04f0066e6d9779dc60f4ca,0.38314666666666675,0.4125174964665775,0.029370829799910736,8,0.0,0.0,0.38314666666666675,0.4125174964665775,0,0,0.029370829799910736,"{""energy"": 0.6666666666666667, ""water"": 0.05493333333333334, ""transport"": 0.33333333333333337}","{""energy"": 0.6861320824718262, ""water"": 0.11490072644842736, ""transport"": 0.34531481847772916}","{""energy"": 0.01946541580515948, ""water"": 0.05996739311509402, ""transport"": 0.011981485144395787}","{""energy"": 0.0, ""water"": 0.0, ""transport"": 0.0}","{""energy"": 0.0, ""water"": 0.0, ""transport"": 0.0}","{""energy"": 0.0, ""water"": 0.0, ""transport"": 0.0}",0.3,0.1,,0.38314666666666675,1.0,0.6168533333333333,1,"{""energy"": 0.6666666666666667, ""water"": 0.05493333333333334, ""transport"": 0.33333333333333337}","{""energy"": 1.0, ""water"": 1.0, ""transport"": 1.0}","{""energy"": 0.33333333333333326, ""water"": 0.9450666666666666, ""transport"": 0.6666666666666666}",12,0.4125174964665775,,,[],,v2.0,0.7,0.3
S4_water_partial,399,399,1744607771870376202,scenario=S4_water_partial|method=both|duration=0|theta=0.300000|delta_threshold=0.100000|A=v2.0|w=na|run_id=399|seed=1744607771870376202,False,"{""step_1_amount"": 0.3220254947028971}",033832c9a51598bd69064fc3910037f6fde292830c04f0066e6d9779dc60f4ca,0.38314666666666675,0.4578537251611479,0.07470705849448117,26,0.0,0.0,0.38314666666666675,0.4578537251611479,0,0,0.07470705849448117,"{""energy"": 0.6666666666666667, ""water"": 0.05493333333333334, ""transport"": 0.33333333333333337}","{""energy"": 0.7161785111423672, ""water"": 0.20746520171195465, ""transport"": 0.3638092006353819}","{""energy"": 0.04951184447570045, ""water"": 0.15253186837862132, ""transport"": 0.030475867302048543}","{""energy"": 0.0, ""water"": 0.0, ""transport"": 0.0}","{""energy"": 0.0, ""water"": 0.0, ""transport"": 0.0}","{""energy"": 0.0, ""water"": 0.0, ""transport"": 0.0}",0.3,0.1,,0.38314666666666675,1.0,0.6168533333333333,1,"{""energy"": 0.6666666666666667, ""water"": 0.05493333333333334, ""transport"": 0.33333333333333337}","{""energy"": 1.0, ""water"": 1.0, ""transport"": 1.0}","{""energy"": 0.33333333333333326, ""water"": 0.9450666666666666, ""transport"": 0.6666666666666666}",11,0.4578537251611479,,,[],,v2.0,0.7,0.3
S4_water_partial,400,400,6672364460265250190,scenario=S4_water_partial|method=both|duration=0|theta=0.300000|delta_threshold=0.100000|A=v2.0|w=na|run_id=400|seed=6672364460265250190,False,"{""step_1_amount"": 0.23408047621789577}",033832c9a51598bd69064fc3910037f6fde292830c04f0066e6d9779dc60f4ca,0.38314666666666675,0.40401158621916794,0.020864919552501193,5,0.0,0.0,0.38314666666666675,0.40401158621916794,0,0,0.020864919552501193,"{""energy"": 0.6666666666666667, ""water"": 0.05493333333333334, ""transport"": 0.33333333333333337}","{""energy"": 0.6804948198920779, ""water"": 0.09753392860570309, ""transport"": 0.34184493226875284}","{""energy"": 0.0138281532254112, ""water"": 0.04260059527236975, ""transport"": 0.008511598935419473}","{""energy"": 0.0, ""water"": 0.0, ""transport"": 0.0}","{""energy"": 0.0, ""water"": 0.0, ""transport"": 0.0}","{""energy"": 0.0, ""water"": 0.0, ""transport"": 0.0}",0.3,0.1,,0.38314666666666675,1.0,0.6168533333333333,1,"{""energy"": 0.6666666666666667, ""water"": 0.05493333333333334, ""transport"": 0.33333333333333337}","{""energy"": 1.0, ""water"": 1.0, ""transport"": 1.0}","{""energy"": 0.33333333333333326, ""water"": 0.9450666666666666, ""transport"": 0.6666666666666666}",12,0.40401158621916794,,,[],,v2.0,0.7,0.3
S4_water_partial,401,401,3611343108101419235,scenario=S4_water_partial|method=both|duration=0|theta=0.300000|delta_threshold=0.100000|A=v2.0|w=na|run_id=401|seed=3611343108101419235,False,"{""step_1_amount"": 0.19871806993679583}",033832c9a51598bd69064fc3910037f6fde292830c04f0066e6d9779dc60f4ca,0.38314666666666675,0.38314666666666675,0.0,6,0.0,0.0,0.38314666666666675,0.38314666666666675,0,0,0.0,"{""energy"": 0.6666666666666667, ""water"": 0.05493333333333334, ""transport"": 0.33333333333333337}","{""energy"": 0.6666666666666667, ""water"": 0.05493333333333334, ""transport"": 0.33333333333333337}","{""energy"": 0.0, ""water"": 0.0, ""transport"": 0.0}","{""energy"": 0.0, ""water"": 0.0, ""transport"": 0.0}","{""energy"": 0.0, ""water"": 0.0, ""transport"": 0.0}","{""energy"": 0.0, ""water"": 0.0, ""transport"": 0.0}",0.3,0.1,,0.38314666666666675,1.0,0.6168533333333333,1,"{""energy"": 0.6666666666666667, ""water"": 0.05493333333333334, ""transport"": 0.33333333333333337}","{""energy"": 1.0, ""water"": 1.0, ""transport"": 1.0}","{""energy"": 0.33333333333333326, ""water"": 0.9450666666666666, ""transport"": 0.6666666666666666}",13,0.38314666666666675,,,[],,v2.0,0.7,0.3
S4_water_partial,402,402,5690403713157910674,scenario=S4_water_partial|method=both|duration=0|theta=0.300000|delta_threshold=0.100000|A=v2.0|w=na|run_id=402|seed=5690403713157910674,False,"{""step_1_amount"": 0.0929434113576759}",033832c9a51598bd69064fc3910037f6fde292830c04f0066e6d9779dc60f4ca,0.38314666666666675,0.38314666666666675,0.0,28,0.0,0.0,0.38314666666666675,0.38314666666666675,0,0,0.0,"{""energy"": 0.6666666666666667, ""water"": 0.05493333333333334, ""transport"": 0.33333333333333337}","{""energy"": 0.6666666666666667, ""water"": 0.05493333333333334, ""transport"": 0.33333333333333337}","{""energy"": 0.0, ""water"": 0.0, ""transport"": 0.0}","{""energy"": 0.0, ""water"": 0.0, ""transport"": 0.0}","{""energy"": 0.0, ""water"": 0.0, ""transport"": 0.0}","{""energy"": 0.0, ""water"": 0.0, ""transport"": 0.0}",0.3,0.1,,0.38314666666666675,1.0,0.6168533333333333,1,"{""energy"": 0.6666666666666667, ""water"": 0.05493333333333334, ""transport"": 0.33333333333333337}","{""energy"": 1.0, ""water"": 1.0, ""transport"": 1.0}","{""energy"": 0.33333333333333326, ""water"": 0.9450666666666666, ""transport"": 0.6666666666666666}",13,0.38314666666666675,,,[],,v2.0,0.7,0.3
S4_water_partial,403,403,15724862729775617425,scenario=S4_water_partial|method=both|duration=0|theta=0.300000|delta_threshold=0.100000|A=v2.0|w=na|run_id=403|seed=15724862729775617425,False,"{""step_1_amount"": 0.12034946838452791}",033832c9a51598bd69064fc3910037f6fde292830c04f0066e6d9779dc60f4ca,0.38314666666666675,0.38314666666666675,0.0,16,0.0,0.0,0.38314666666666675,0.38314666666666675,0,0,0.0,"{""energy"": 0.6666666666666667, ""water"": 0.05493333333333334, ""transport"": 0.33333333333333337}","{""energy"": 0.6666666666666667, ""water"": 0.05493333333333334, ""transport"": 0.33333333333333337}","{""energy"": 0.0, ""water"": 0.0, ""transport"": 0.0}","{""energy"": 0.0, ""water"": 0.0, ""transport"": 0.0}","{""energy"": 0.0, ""water"": 0.0, ""transport"": 0.0}","{""energy"": 0.0, ""water"": 0.0, ""transport"": 0.0}",0.3,0.1,,0.38314666666666675,1.0,0.6168533333333333,1,"{""energy"": 0.6666666666666667, ""water"": 0.05493333333333334, ""transport"": 0.33333333333333337}","{""energy"": 1.0, ""water"": 1.0, ""transport"": 1.0}","{""energy"": 0.33333333333333326, ""water"": 0.9450666666666666, ""transport"": 0.6666666666666666}",13,0.38314666666666675,,,[],,v2.0,0.7,0.3
S4_water_partial,404,404,11759527906627945611,scenario=S4_water_partial|method=both|duration=0|theta=0.300000|delta_threshold=0.100000|A=v2.0|w=na|run_id=404|seed=11759527906627945611,False,"{""step_1_amount"": 0.09408826440681317}",033832c9a51598bd69064fc3910037f6fde292830c04f0066e6d9779dc60f4ca,0.38314666666666675,0.38314666666666675,0.0,14,0.0,0.0,0.38314666666666675,0.38314666666666675,0,0,0.0,"{""energy"": 0.6666666666666667, ""water"": 0.05493333333333334, ""transport"": 0.33333333333333337}","{""energy"": 0.6666666666666667, ""water"": 0.05493333333333334, ""transport"": 0.33333333333333337}","{""energy"": 0.0, ""water"": 0.0, ""transport"": 0.0}","{""energy"": 0.0, ""water"": 0.0, ""transport"": 0.0}","{""energy"": 0.0, ""water"": 0.0, ""transport"": 0.0}","{""energy"": 0.0, ""water"": 0.0, ""transport"": 0.0}",0.3,0.1,,0.38314666666666675,1.0,0.6168533333333333,1,"{""energy"": 0.6666666666666667, ""water"": 0.05493333333333334, ""transport"": 0.33333333333333337}","{""energy"": 1.0, ""water"": 1.0, ""transport"": 1.0}","{""energy"": 0.33333333333333326, ""water"": 0.9450666666666666, ""transport"": 0.6666666666666666}",13,0.38314666666666675,,,[],,v2.0,0.7,0.3
S4_water_partial,405,405,8816428322790126361,scenario=S4_water_partial|method=both|duration=0|theta=0.300000|delta_threshold=0.100000|A=v2.0|w=na|run_id=405|seed=8816428322790126361,False,"{""step_1_amount"": 0.07270882753771826}",033832c9a51598bd69064fc3910037f6fde292830c04f0066e6d9779dc60f4ca,0.38314666666666675,0.38314666666666675,0.0,28,0.0,0.0,0.38314666666666675,0.38314666666666675,0,0,0.0,"{""energy"": 0.6666666666666667, ""water"": 0.05493333333333334, ""transport"": 0.33333333333333337}","{""energy"": 0.6666666666666667, ""water"": 0.05493333333333334, ""transport"": 0.33333333333333337}","{""energy"": 0.0, ""water"": 0.0, ""transport"": 0.0}","{""energy"": 0.0, ""water"": 0.0, ""transport"": 0.0}","{""energy"": 0.0, ""water"": 0.0, ""transport"": 0.0}","{""energy"": 0.0, ""water"": 0.0, ""transport"": 0.0}",0.3,0.1,,0.38314666666666675,1.0,0.6168533333333333,1,"{""energy"": 0.6666666666666667, ""water"": 0.05493333333333334, ""transport"": 0.33333333333333337}","{""energy"": 1.0, ""water"": 1.0, ""transport"": 1.0}","{""energy"": 0.33333333333333326, ""water"": 0.9450666666666666, ""transport"": 0.6666666666666666}",13,0.38314666666666675,,,[],,v2.0,0.7,0.3
S4_water_partial,406,406,618502560031417104,scenario=S4_water_partial|method=both|duration=0|theta=0.300000|delta_threshold=0.100000|A=v2.0|w=na|run_id=406|seed=618502560031417104,False,"{""step_1_amount"": 0.15168008377491593}",033832c9a51598bd69064fc3910037f6fde292830c04f0066e6d9779dc60f4ca,0.38314666666666675,0.38314666666666675,0.0,12,0.0,0.0,0.38314666666666675,0.38314666666666675,0,0,0.0,"{""energy"": 0.6666666666666667, ""water"": 0.05493333333333334, ""transport"": 0.33333333333333337}","{""energy"": 0.6666666666666667, ""water"": 0.05493333333333334, ""transport"": 0.33333333333333337}","{""energy"": 0.0, ""water"": 0.0, ""transport"": 0.0}","{""energy"": 0.0, ""water"": 0.0, ""transport"": 0.0}","{""energy"": 0.0, ""water"": 0.0, ""transport"": 0.0}","{""energy"": 0.0, ""water"": 0.0, ""transport"": 0.0}",0.3,0.1,,0.38314666666666675,1.0,0.6168533333333333,1,"{""energy"": 0.6666666666666667, ""water"": 0.05493333333333334, ""transport"": 0.33333333333333337}","{""energy"": 1.0, ""water"": 1.0, ""transport"": 1.0}","{""energy"": 0.33333333333333326, ""water"": 0.9450666666666666, ""transport"": 0.6666666666666666}",13,0.38314666666666675,,,[],,v2.0,0.7,0.3
S4_water_partial,407,407,9911875186768925705,scenario=S4_water_partial|method=both|duration=0|theta=0.300000|delta_threshold=0.100000|A=v2.0|w=na|run_id=407|seed=9911875186768925705,False,"{""step_1_amount"": 0.12694944190058013}",033832c9a51598bd69064fc3910037f6fde292830c04f0066e6d9779dc60f4ca,0.38314666666666675,0.38314666666666675,0.0,13,0.0,0.0,0.38314666666666675,0.38314666666666675,0,0,0.0,"{""energy"": 0.6666666666666667, ""water"": 0.05493333333333334, ""transport"": 0.33333333333333337}","{""energy"": 0.6666666666666667, ""water"": 0.05493333333333334, ""transport"": 0.33333333333333337}","{""energy"": 0.0, ""water"": 0.0, ""transport"": 0.0}","{""energy"": 0.0, ""water"": 0.0, ""transport"": 0.0}","{""energy"": 0.0, ""water"": 0.0, ""transport"": 0.0}","{""energy"": 0.0, ""water"": 0.0, ""transport"": 0.0}",0.3,0.1,,0.38314666666666675,1.0,0.6168533333333333,1,"{""energy"": 0.6666666666666667, ""water"": 0.05493333333333334, ""transport"": 0.33333333333333337}","{""energy"": 1.0, ""water"": 1.0, ""transport"": 1.0}","{""energy"": 0.33333333333333326, ""water"": 0.9450666666666666, ""transport"": 0.6666666666666666}",13,0.38314666666666675,,,[],,v2.0,0.7,0.3
S4_water_partial,408,408,14664818539489790796,scenario=S4_water_partial|method=both|duration=0|theta=0.300000|delta_threshold=0.100000|A=v2.0|w=na|run_id=408|seed=14664818539489790796,False,"{""step_1_amount"": 0.10515996480497593}",033832c9a51598bd69064fc3910037f6fde292830c04f0066e6d9779dc60f4ca,0.38314666666666675,0.38314666666666675,0.0,21,0.0,0.0,0.38314666666666675,0.38314666666666675,0,0,0.0,"{""energy"": 0.6666666666666667, ""water"": 0.05493333333333334, ""transport"": 0.33333333333333337}","{""energy"": 0.6666666666666667, ""water"": 0.05493333333333334, ""transport"": 0.33333333333333337}","{""energy"": 0.0, ""water"": 0.0, ""transport"": 0.0}","{""energy"": 0.0, ""water"": 0.0, ""transport"": 0.0}","{""energy"": 0.0, ""water"": 0.0, ""transport"": 0.0}","{""energy"": 0.0, ""water"": 0.0, ""transport"": 0.0}",0.3,0.1,,0.38314666666666675,1.0,0.6168533333333333,1,"{""energy"": 0.6666666666666667, ""water"": 0.05493333333333334, ""transport"": 0.33333333333333337}","{""energy"": 1.0, ""water"": 1.0, ""transport"": 1.0}","{""energy"": 0.33333333333333326, ""water"": 0.9450666666666666, ""transport"": 0.6666666666666666}",13,0.38314666666666675,,,[],,v2.0,0.7,0.3
S4_water_partial,409,409,3466969784437039697,scenario=S4_water_partial|method=both|duration=0|theta=0.300000|delta_threshold=0.100000|A=v2.0|w=na|run_id=409|seed=3466969784437039697,False,"{""step_1_amount"": 0.1725018023029601}",033832c9a51598bd69064fc3910037f6fde292830c04f0066e6d9779dc60f4ca,0.38314666666666675,0.38314666666666675,0.0,18,0.0,0.0,0.38314666666666675,0.38314666666666675,0,0,0.0,"{""energy"": 0.6666666666666667, ""water"": 0.05493333333333334, ""transport"": 0.33333333333333337}","{""energy"": 0.6666666666666667, ""water"": 0.05493333333333334, ""transport"": 0.33333333333333337}","{""energy"": 0.0, ""water"": 0.0, ""transport"": 0.0}","{""energy"": 0.0, ""water"": 0.0, ""transport"": 0.0}","{""energy"": 0.0, ""water"": 0.0, ""transport"": 0.0}","{""energy"": 0.0, ""water"": 0.0, ""transport"": 0.0}",0.3,0.1,,0.38314666666666675,1.0,0.6168533333333333,1,"{""energy"": 0.6666666666666667, ""water"": 0.05493333333333334, ""transport"": 0.33333333333333337}","{""energy"": 1.0, ""water"": 1.0, ""transport"": 1.0}","{""energy"": 0.33333333333333326, ""water"": 0.9450666666666666, ""transport"": 0.6666666666666666}",13,0.38314666666666675,,,[],,v2.0,0.7,0.3
S4_water_partial,410,410,4234685690672098598,scenario=S4_water_partial|method=both|duration=0|theta=0.300000|delta_threshold=0.100000|A=v2.0|w=na|run_id=410|seed=4234685690672098598,False,"{""step_1_amount"": 0.11431530951664372}",033832c9a51598bd69064fc3910037f6fde292830c04f0066e6d9779dc60f4ca,0.38314666666666675,0.38314666666666675,0.0,21,0.0,0.0,0.38314666666666675,0.38314666666666675,0,0,0.0,"{""energy"": 0.6666666666666667, ""water"": 0.05493333333333334, ""transport"": 0.33333333333333337}","{""energy"": 0.6666666666666667, ""water"": 0.05493333333333334, ""transport"": 0.33333333333333337}","{""energy"": 0.0, ""water"": 0.0, ""transport"": 0.0}","{""energy"": 0.0, ""water"": 0.0, ""transport"": 0.0}","{""energy"": 0.0, ""water"": 0.0, ""transport"": 0.0}","{""energy"": 0.0, ""water"": 0.0, ""transport"": 0.0}",0.3,0.1,,0.38314666666666675,1.0,0.6168533333333333,1,"{""energy"": 0.6666666666666667, ""water"": 0.05493333333333334, ""transport"": 0.33333333333333337}","{""energy"": 1.0, ""water"": 1.0, ""transport"": 1.0}","{""energy"": 0.33333333333333326, ""water"": 0.9450666666666666, ""transport"": 0.6666666666666666}",13,0.38314666666666675,,,[],,v2.0,0.7,0.3
S4_water_partial,411,411,14546020921961760223,scenario=S4_water_partial|method=both|duration=0|theta=0.300000|delta_threshold=0.100000|A=v2.0|w=na|run_id=411|seed=14546020921961760223,False,"{""step_1_amount"": 0.07513296329307122}",033832c9a51598bd69064fc3910037f6fde292830c04f0066e6d9779dc60f4ca,0.38314666666666675,0.38314666666666675,0.0,19,0.0,0.0,0.38314666666666675,0.38314666666666675,0,0,0.0,"{""energy"": 0.6666666666666667, ""water"": 0.05493333333333334, ""transport"": 0.33333333333333337}","{""energy"": 0.6666666666666667, ""water"": 0.05493333333333334, ""transport"": 0.33333333333333337}","{""energy"": 0.0, ""water"": 0.0, ""transport"": 0.0}","{""energy"": 0.0, ""water"": 0.0, ""transport"": 0.0}","{""energy"": 0.0, ""water"": 0.0, ""transport"": 0.0}","{""energy"": 0.0, ""water"": 0.0, ""transport"": 0.0}",0.3,0.1,,0.38314666666666675,1.0,0.6168533333333333,1,"{""energy"": 0.6666666666666667, ""water"": 0.05493333333333334, ""transport"": 0.33333333333333337}","{""energy"": 1.0, ""water"": 1.0, ""transport"": 1.0}","{""energy"": 0.33333333333333326, ""water"": 0.9450666666666666, ""transport"": 0.6666666666666666}",13,0.38314666666666675,,,[],,v2.0,0.7,0.3
S4_water_partial,412,412,14137747632901771242,scenario=S4_water_partial|method=both|duration=0|theta=0.300000|delta_threshold=0.100000|A=v2.0|w=na|run_id=412|seed=14137747632901771242,False,"{""step_1_amount"": 0.21177287376015833}",033832c9a51598bd69064fc3910037f6fde292830c04f0066e6d9779dc60f4ca,0.38314666666666675,0.3903543143044796,0.007207647637812842,30,0.0,0.0,0.38314666666666675,0.3903543143044796,0,0,0.007207647637812842,"{""energy"": 0.6666666666666667, ""water"": 0.05493333333333334, ""transport"": 0.33333333333333337}","{""energy"": 0.6714435101948509, ""water"": 0.0696494255335312, ""transport"": 0.3362736085549329}","{""energy"": 0.004776843528184194, ""water"": 0.014716092200197865, ""transport"": 0.0029402752215995087}","{""energy"": 0.0, ""water"": 0.0, ""transport"": 0.0}","{""energy"": 0.0, ""water"": 0.0, ""transport"": 0.0}","{""energy"": 0.0, ""water"": 0.0, ""transport"": 0.0}",0.3,0.1,,0.38314666666666675,1.0,0.6168533333333333,1,"{""energy"": 0.6666666666666667, ""water"": 0.05493333333333334, ""transport"": 0.33333333333333337}","{""energy"": 1.0, ""water"": 1.0, ""transport"": 1.0}","{""energy"": 0.33333333333333326, ""water"": 0.9450666666666666, ""transport"": 0.6666666666666666}",12,0.3903543143044796,,,[],,v2.0,0.7,0.3
S4_water_partial,413,413,7371271534056635654,scenario=S4_water_partial|method=both|duration=0|theta=0.300000|delta_threshold=0.100000|A=v2.0|w=na|run_id=413|seed=7371271534056635654,False,"{""step_1_amount"": 0.1468455327145978}",033832c9a51598bd69064fc3910037f6fde292830c04f0066e6d9779dc60f4ca,0.38314666666666675,0.38314666666666675,0.0,24,0.0,0.0,0.38314666666666675,0.38314666666666675,0,0,0.0,"{""energy"": 0.6666666666666667, ""water"": 0.05493333333333334, ""transport"": 0.33333333333333337}","{""energy"": 0.6666666666666667, ""water"": 0.05493333333333334, ""transport"": 0.33333333333333337}","{""energy"": 0.0, ""water"": 0.0, ""transport"": 0.0}","{""energy"": 0.0, ""water"": 0.0, ""transport"": 0.0}","{""energy"": 0.0, ""water"": 0.0, ""transport"": 0.0}","{""energy"": 0.0, ""water"": 0.0, ""transport"": 0.0}",0.3,0.1,,0.38314666666666675,1.0,0.6168533333333333,1,"{""energy"": 0.6666666666666667, ""water"": 0.05493333333333334, ""transport"": 0.33333333333333337}","{""energy"": 1.0, ""water"": 1.0, ""transport"": 1.0}","{""energy"": 0.33333333333333326, ""water"": 0.9450666666666666, ""transport"": 0.6666666666666666}",13,0.38314666666666675,,,[],,v2.0,0.7,0.3
S4_water_partial,414,414,11901418952481030482,scenario=S4_water_partial|method=both|duration=0|theta=0.300000|delta_threshold=0.100000|A=v2.0|w=na|run_id=414|seed=11901418952481030482,False,"{""step_1_amount"": 0.1958620437438315}",033832c9a51598bd69064fc3910037f6fde292830c04f0066e6d9779dc60f4ca,0.38314666666666675,0.38314666666666675,0.0,11,0.0,0.0,0.38314666666666675,0.38314666666666675,0,0,0.0,"{""energy"": 0.6666666666666667, ""water"": 0.05493333333333334, ""transport"": 0.33333333333333337}","{""energy"": 0.6666666666666667, ""water"": 0.05493333333333334, ""transport"": 0.33333333333333337}","{""energy"": 0.0, ""water"": 0.0, ""transport"": 0.0}","{""energy"": 0.0, ""water"": 0.0, ""transport"": 0.0}","{""energy"": 0.0, ""water"": 0.0, ""transport"": 0.0}","{""energy"": 0.0, ""water"": 0.0, ""transport"": 0.0}",0.3,0.1,,0.38314666666666675,1.0,0.6168533333333333,1,"{""energy"": 0.6666666666666667, ""water"": 0.05493333333333334, ""transport"": 0.33333333333333337}","{""energy"": 1.0, ""water"": 1.0, ""transport"": 1.0}","{""energy"": 0.33333333333333326, ""water"": 0.9450666666666666, ""transport"": 0.6666666666666666}",13,0.38314666666666675,,,[],,v2.0,0.7,0.3
S4_water_partial,415,415,7123740267946000553,scenario=S4_water_partial|method=both|duration=0|theta=0.300000|delta_threshold=0.100000|A=v2.0|w=na|run_id=415|seed=7123740267946000553,False,"{""step_1_amount"": 0.10017650413387436}",033832c9a51598bd69064fc3910037f6fde292830c04f0066e6d9779dc60f4ca,0.38314666666666675,0.38314666666666675,0.0,26,0.0,0.0,0.38314666666666675,0.38314666666666675,0,0,0.0,"{""energy"": 0.6666666666666667, ""water"": 0.05493333333333334, ""transport"": 0.33333333333333337}","{""energy"": 0.6666666666666667, ""water"": 0.05493333333333334, ""transport"": 0.33333333333333337}","{""energy"": 0.0, ""water"": 0.0, ""transport"": 0.0}","{""energy"": 0.0, ""water"": 0.0, ""transport"": 0.0}","{""energy"": 0.0, ""water"": 0.0, ""transport"": 0.0}","{""energy"": 0.0, ""water"": 0.0, ""transport"": 0.0}",0.3,0.1,,0.38314666666666675,1.0,0.6168533333333333,1,"{""energy"": 0.6666666666666667, ""water"": 0.05493333333333334, ""transport"": 0.33333333333333337}","{""energy"": 1.0, ""water"": 1.0, ""transport"": 1.0}","{""energy"": 0.33333333333333326, ""water"": 0.9450666666666666, ""transport"": 0.6666666666666666}",13,0.38314666666666675,,,[],,v2.0,0.7,0.3
S4_water_partial,416,416,11761541792196199584,scenario=S4_water_partial|method=both|duration=0|theta=0.300000|delta_threshold=0.100000|A=v2.0|w=na|run_id=416|seed=11761541792196199584,False,"{""step_1_amount"": 0.11134395041642217}",033832c9a51598bd69064fc3910037f6fde292830c04f0066e6d9779dc60f4ca,0.38314666666666675,0.38314666666666675,0.0,26,0.0,0.0,0.38314666666666675,0.38314666666666675,0,0,0.0,"{""energy"": 0.6666666666666667, ""water"": 0.05493333333333334, ""transport"": 0.33333333333333337}","{""energy"": 0.6666666666666667, ""water"": 0.05493333333333334, ""transport"": 0.33333333333333337}","{""energy"": 0.0, ""water"": 0.0, ""transport"": 0.0}","{""energy"": 0.0, ""water"": 0.0, ""transport"": 0.0}","{""energy"": 0.0, ""water"": 0.0, ""transport"": 0.0}","{""energy"": 0.0, ""water"": 0.0, ""transport"": 0.0}",0.3,0.1,,0.38314666666666675,1.0,0.6168533333333333,1,"{""energy"": 0.6666666666666667, ""water"": 0.05493333333333334, ""transport"": 0.33333333333333337}","{""energy"": 1.0, ""water"": 1.0, ""transport"": 1.0}","{""energy"": 0.33333333333333326, ""water"": 0.9450666666666666, ""transport"": 0.6666666666666666}",13,0.38314666666666675,,,[],,v2.0,0.7,0.3
S4_water_partial,417,417,6929394801876855242,scenario=S4_water_partial|method=both|duration=0|theta=0.300000|delta_threshold=0.100000|A=v2.0|w=na|run_id=417|seed=6929394801876855242,False,"{""step_1_amount"": 0.17811869109284853}",033832c9a51598bd69064fc3910037f6fde292830c04f0066e6d9779dc60f4ca,0.38314666666666675,0.38314666666666675,0.0,11,0.0,0.0,0.38314666666666675,0.38314666666666675,0,0,0.0,"{""energy"": 0.6666666666666667, ""water"": 0.05493333333333334, ""transport"": 0.33333333333333337}","{""energy"": 0.6666666666666667, ""water"": 0.05493333333333334, ""transport"": 0.33333333333333337}","{""energy"": 0.0, ""water"": 0.0, ""transport"": 0.0}","{""energy"": 0.0, ""water"": 0.0, ""transport"": 0.0}","{""energy"": 0.0, ""water"": 0.0, ""transport"": 0.0}","{""energy"": 0.0, ""water"": 0.0, ""transport"": 0.0}",0.3,0.1,,0.38314666666666675,1.0,0.6168533333333333,1,"{""energy"": 0.6666666666666667, ""water"": 0.05493333333333334, ""transport"": 0.33333333333333337}","{""energy"": 1.0, ""water"": 1.0, ""transport"": 1.0}","{""energy"": 0.33333333333333326, ""water"": 0.9450666666666666, ""transport"": 0.6666666666666666}",13,0.38314666666666675,,,[],,v2.0,0.7,0.3
S4_water_partial,418,418,2346226566332241028,scenario=S4_water_partial|method=both|duration=0|theta=0.300000|delta_threshold=0.100000|A=v2.0|w=na|run_id=418|seed=2346226566332241028,False,"{""step_1_amount"": 0.08729820184878095}",033832c9a51598bd69064fc3910037f6fde292830c04f0066e6d9779dc60f4ca,0.38314666666666675,0.38314666666666675,0.0,21,0.0,0.0,0.38314666666666675,0.38314666666666675,0,0,0.0,"{""energy"": 0.6666666666666667, ""water"": 0.05493333333333334, ""transport"": 0.33333333333333337}","{""energy"": 0.6666666666666667, ""water"": 0.05493333333333334, ""transport"": 0.33333333333333337}","{""energy"": 0.0, ""water"": 0.0, ""transport"": 0.0}","{""energy"": 0.0, ""water"": 0.0, ""transport"": 0.0}","{""energy"": 0.0, ""water"": 0.0, ""transport"": 0.0}","{""energy"": 0.0, ""water"": 0.0, ""transport"": 0.0}",0.3,0.1,,0.38314666666666675,1.0,0.6168533333333333,1,"{""energy"": 0.6666666666666667, ""water"": 0.05493333333333334, ""transport"": 0.33333333333333337}","{""energy"": 1.0, ""water"": 1.0, ""transport"": 1.0}","{""energy"": 0.33333333333333326, ""water"": 0.9450666666666666, ""transport"": 0.6666666666666666}",13,0.38314666666666675,,,[],,v2.0,0.7,0.3
S4_water_partial,419,419,14619351913624005947,scenario=S4_water_partial|method=both|duration=0|theta=0.300000|delta_threshold=0.100000|A=v2.0|w=na|run_id=419|seed=14619351913624005947,False,"{""step_1_amount"": 0.06881887953451522}",033832c9a51598bd69064fc3910037f6fde292830c04f0066e6d9779dc60f4ca,0.38314666666666675,0.38314666666666675,0.0,20,0.0,0.0,0.38314666666666675,0.38314666666666675,0,0,0.0,"{""energy"": 0.6666666666666667, ""water"": 0.05493333333333334, ""transport"": 0.33333333333333337}","{""energy"": 0.6666666666666667, ""water"": 0.05493333333333334, ""transport"": 0.33333333333333337}","{""energy"": 0.0, ""water"": 0.0, ""transport"": 0.0}","{""energy"": 0.0, ""water"": 0.0, ""transport"": 0.0}","{""energy"": 0.0, ""water"": 0.0, ""transport"": 0.0}","{""energy"": 0.0, ""water"": 0.0, ""transport"": 0.0}",0.3,0.1,,0.38314666666666675,1.0,0.6168533333333333,1,"{""energy"": 0.6666666666666667, ""water"": 0.05493333333333334, ""transport"": 0.33333333333333337}","{""energy"": 1.0, ""water"": 1.0, ""transport"": 1.0}","{""energy"": 0.33333333333333326, ""water"": 0.9450666666666666, ""transport"": 0.6666666666666666}",13,0.38314666666666675,,,[],,v2.0,0.7,0.3
S4_water_partial,420,420,12826803924528619683,scenario=S4_water_partial|method=both|duration=0|theta=0.300000|delta_threshold=0.100000|A=v2.0|w=na|run_id=420|seed=12826803924528619683,False,"{""step_1_amount"": 0.1109422849251071}",033832c9a51598bd69064fc3910037f6fde292830c04f0066e6d9779dc60f4ca,0.38314666666666675,0.38314666666666675,0.0,5,0.0,0.0,0.38314666666666675,0.38314666666666675,0,0,0.0,"{""energy"": 0.6666666666666667, ""water"": 0.05493333333333334, ""transport"": 0.33333333333333337}","{""energy"": 0.6666666666666667, ""water"": 0.05493333333333334, ""transport"": 0.33333333333333337}","{""energy"": 0.0, ""water"": 0.0, ""transport"": 0.0}","{""energy"": 0.0, ""water"": 0.0, ""transport"": 0.0}","{""energy"": 0.0, ""water"": 0.0, ""transport"": 0.0}","{""energy"": 0.0, ""water"": 0.0, ""transport"": 0.0}",0.3,0.1,,0.38314666666666675,1.0,0.6168533333333333,1,"{""energy"": 0.6666666666666667, ""water"": 0.05493333333333334, ""transport"": 0.33333333333333337}","{""energy"": 1.0, ""water"": 1.0, ""transport"": 1.0}","{""energy"": 0.33333333333333326, ""water"": 0.9450666666666666, ""transport"": 0.6666666666666666}",13,0.38314666666666675,,,[],,v2.0,0.7,0.3
S4_water_partial,421,421,4548287138346450048,scenario=S4_water_partial|method=both|duration=0|theta=0.300000|delta_threshold=0.100000|A=v2.0|w=na|run_id=421|seed=4548287138346450048,False,"{""step_1_amount"": 0.05035293197102631}",033832c9a51598bd69064fc3910037f6fde292830c04f0066e6d9779dc60f4ca,0.38314666666666675,0.38314666666666675,0.0,22,0.0,0.0,0.38314666666666675,0.38314666666666675,0,0,0.0,"{""energy"": 0.6666666666666667, ""water"": 0.05493333333333334, ""transport"": 0.33333333333333337}","{""energy"": 0.6666666666666667, ""water"": 0.05493333333333334, ""transport"": 0.33333333333333337}","{""energy"": 0.0, ""water"": 0.0, ""transport"": 0.0}","{""energy"": 0.0, ""water"": 0.0, ""transport"": 0.0}","{""energy"": 0.0, ""water"": 0.0, ""transport"": 0.0}","{""energy"": 0.0, ""water"": 0.0, ""transport"": 0.0}",0.3,0.1,,0.38314666666666675,1.0,0.6168533333333333,1,"{""energy"": 0.6666666666666667, ""water"": 0.05493333333333334, ""transport"": 0.33333333333333337}","{""energy"": 1.0, ""water"": 1.0, ""transport"": 1.0}","{""energy"": 0.33333333333333326, ""water"": 0.9450666666666666, ""transport"": 0.6666666666666666}",13,0.38314666666666675,,,[],,v2.0,0.7,0.3
S4_water_partial,422,422,8698766085997915277,scenario=S4_water_partial|method=both|duration=0|theta=0.300000|delta_threshold=0.100000|A=v2.0|w=na|run_id=422|seed=8698766085997915277,False,"{""step_1_amount"": 0.1713635161423746}",033832c9a51598bd69064fc3910037f6fde292830c04f0066e6d9779dc60f4ca,0.38314666666666675,0.38314666666666675,0.0,6,0.0,0.0,0.38314666666666675,0.38314666666666675,0,0,0.0,"{""energy"": 0.6666666666666667, ""water"": 0.05493333333333334, ""transport"": 0.33333333333333337}","{""energy"": 0.6666666666666667, ""water"": 0.05493333333333334, ""transport"": 0.33333333333333337}","{""energy"": 0.0, ""water"": 0.0, ""transport"": 0.0}","{""energy"": 0.0, ""water"": 0.0, ""transport"": 0.0}","{""energy"": 0.0, ""water"": 0.0, ""transport"": 0.0}","{""energy"": 0.0, ""water"": 0.0, ""transport"": 0.0}",0.3,0.1,,0.38314666666666675,1.0,0.6168533333333333,1,"{""energy"": 0.6666666666666667, ""water"": 0.05493333333333334, ""transport"": 0.33333333333333337}","{""energy"": 1.0, ""water"": 1.0, ""transport"": 1.0}","{""energy"": 0.33333333333333326, ""water"": 0.9450666666666666, ""transport"": 0.6666666666666666}",13,0.38314666666666675,,,[],,v2.0,0.7,0.3
S4_water_partial,423,423,2984002831485714649,scenario=S4_water_partial|method=both|duration=0|theta=0.300000|delta_threshold=0.100000|A=v2.0|w=na|run_id=423|seed=2984002831485714649,False,"{""step_1_amount"": 0.07671155422687441}",033832c9a51598bd69064fc3910037f6fde292830c04f0066e6d9779dc60f4ca,0.38314666666666675,0.38314666666666675,0.0,19,0.0,0.0,0.38314666666666675,0.38314666666666675,0,0,0.0,"{""energy"": 0.6666666666666667, ""water"": 0.05493333333333334, ""transport"": 0.33333333333333337}","{""energy"": 0.6666666666666667, ""water"": 0.05493333333333334, ""transport"": 0.33333333333333337}","{""energy"": 0.0, ""water"": 0.0, ""transport"": 0.0}","{""energy"": 0.0, ""water"": 0.0, ""transport"": 0.0}","{""energy"": 0.0, ""water"": 0.0, ""transport"": 0.0}","{""energy"": 0.0, ""water"": 0.0, ""transport"": 0.0}",0.3,0.1,,0.38314666666666675,1.0,0.6168533333333333,1,"{""energy"": 0.6666666666666667, ""water"": 0.05493333333333334, ""transport"": 0.33333333333333337}","{""energy"": 1.0, ""water"": 1.0, ""transport"": 1.0}","{""energy"": 0.33333333333333326, ""water"": 0.9450666666666666, ""transport"": 0.6666666666666666}",13,0.38314666666666675,,,[],,v2.0,0.7,0.3
S4_water_partial,424,424,5020515733756172454,scenario=S4_water_partial|method=both|duration=0|theta=0.300000|delta_threshold=0.100000|A=v2.0|w=na|run_id=424|seed=5020515733756172454,False,"{""step_1_amount"": 0.1784744861710519}",033832c9a51598bd69064fc3910037f6fde292830c04f0066e6d9779dc60f4ca,0.38314666666666675,0.38314666666666675,0.0,30,0.0,0.0,0.38314666666666675,0.38314666666666675,0,0,0.0,"{""energy"": 0.6666666666666667, ""water"": 0.05493333333333334, ""transport"": 0.33333333333333337}","{""energy"": 0.6666666666666667, ""water"": 0.05493333333333334, ""transport"": 0.33333333333333337}","{""energy"": 0.0, ""water"": 0.0, ""transport"": 0.0}","{""energy"": 0.0, ""water"": 0.0, ""transport"": 0.0}","{""energy"": 0.0, ""water"": 0.0, ""transport"": 0.0}","{""energy"": 0.0, ""water"": 0.0, ""transport"": 0.0}",0.3,0.1,,0.38314666666666675,1.0,0.6168533333333333,1,"{""energy"": 0.6666666666666667, ""water"": 0.05493333333333334, ""transport"": 0.33333333333333337}","{""energy"": 1.0, ""water"": 1.0, ""transport"": 1.0}","{""energy"": 0.33333333333333326, ""water"": 0.9450666666666666, ""transport"": 0.6666666666666666}",13,0.38314666666666675,,,[],,v2.0,0.7,0.3
S4_water_partial,425,425,15843267019484580065,scenario=S4_water_partial|method=both|duration=0|theta=0.300000|delta_threshold=0.100000|A=v2.0|w=na|run_id=425|seed=15843267019484580065,False,"{""step_1_amount"": 0.13295491280712549}",033832c9a51598bd69064fc3910037f6fde292830c04f0066e6d9779dc60f4ca,0.38314666666666675,0.38314666666666675,0.0,11,0.0,0.0,0.38314666666666675,0.38314666666666675,0,0,0.0,"{""energy"": 0.6666666666666667, ""water"": 0.05493333333333334, ""transport"": 0.33333333333333337}","{""energy"": 0.6666666666666667, ""water"": 0.05493333333333334, ""transport"": 0.33333333333333337}","{""energy"": 0.0, ""water"": 0.0, ""transport"": 0.0}","{""energy"": 0.0, ""water"": 0.0, ""transport"": 0.0}","{""energy"": 0.0, ""water"": 0.0, ""transport"": 0.0}","{""energy"": 0.0, ""water"": 0.0, ""transport"": 0.0}",0.3,0.1,,0.38314666666666675,1.0,0.6168533333333333,1,"{""energy"": 0.6666666666666667, ""water"": 0.05493333333333334, ""transport"": 0.33333333333333337}","{""energy"": 1.0, ""water"": 1.0, ""transport"": 1.0}","{""energy"": 0.33333333333333326, ""water"": 0.9450666666666666, ""transport"": 0.6666666666666666}",13,0.38314666666666675,,,[],,v2.0,0.7,0.3
S4_water_partial,426,426,8375298192744646707,scenario=S4_water_partial|method=both|duration=0|theta=0.300000|delta_threshold=0.100000|A=v2.0|w=na|run_id=426|seed=8375298192744646707,False,"{""step_1_amount"": 0.12327916312132939}",033832c9a51598bd69064fc3910037f6fde292830c04f0066e6d9779dc60f4ca,0.38314666666666675,0.38314666666666675,0.0,28,0.0,0.0,0.38314666666666675,0.38314666666666675,0,0,0.0,"{""energy"": 0.6666666666666667, ""water"": 0.05493333333333334, ""transport"": 0.33333333333333337}","{""energy"": 0.6666666666666667, ""water"": 0.05493333333333334, ""transport"": 0.33333333333333337}","{""energy"": 0.0, ""water"": 0.0, ""transport"": 0.0}","{""energy"": 0.0, ""water"": 0.0, ""transport"": 0.0}","{""energy"": 0.0, ""water"": 0.0, ""transport"": 0.0}","{""energy"": 0.0, ""water"": 0.0, ""transport"": 0.0}",0.3,0.1,,0.38314666666666675,1.0,0.6168533333333333,1,"{""energy"": 0.6666666666666667, ""water"": 0.05493333333333334, ""transport"": 0.33333333333333337}","{""energy"": 1.0, ""water"": 1.0, ""transport"": 1.0}","{""energy"": 0.33333333333333326, ""water"": 0.9450666666666666, ""transport"": 0.6666666666666666}",13,0.38314666666666675,,,[],,v2.0,0.7,0.3
S4_water_partial,427,427,6659422395599199151,scenario=S4_water_partial|method=both|duration=0|theta=0.300000|delta_threshold=0.100000|A=v2.0|w=na|run_id=427|seed=6659422395599199151,False,"{""step_1_amount"": 0.08343712326933342}",033832c9a51598bd69064fc3910037f6fde292830c04f0066e6d9779dc60f4ca,0.38314666666666675,0.38314666666666675,0.0,28,0.0,0.0,0.38314666666666675,0.38314666666666675,0,0,0.0,"{""energy"": 0.6666666666666667, ""water"": 0.05493333333333334, ""transport"": 0.33333333333333337}","{""energy"": 0.6666666666666667, ""water"": 0.05493333333333334, ""transport"": 0.33333333333333337}","{""energy"": 0.0, ""water"": 0.0, ""transport"": 0.0}","{""energy"": 0.0, ""water"": 0.0, ""transport"": 0.0}","{""energy"": 0.0, ""water"": 0.0, ""transport"": 0.0}","{""energy"": 0.0, ""water"": 0.0, ""transport"": 0.0}",0.3,0.1,,0.38314666666666675,1.0,0.6168533333333333,1,"{""energy"": 0.6666666666666667, ""water"": 0.05493333333333334, ""transport"": 0.33333333333333337}","{""energy"": 1.0, ""water"": 1.0, ""transport"": 1.0}","{""energy"": 0.33333333333333326, ""water"": 0.9450666666666666, ""transport"": 0.6666666666666666}",13,0.38314666666666675,,,[],,v2.0,0.7,0.3
S4_water_partial,428,428,4692380829621224773,scenario=S4_water_partial|method=both|duration=0|theta=0.300000|delta_threshold=0.100000|A=v2.0|w=na|run_id=428|seed=4692380829621224773,False,"{""step_1_amount"": 0.09322798691689561}",033832c9a51598bd69064fc3910037f6fde292830c04f0066e6d9779dc60f4ca,0.38314666666666675,0.38314666666666675,0.0,15,0.0,0.0,0.38314666666666675,0.38314666666666675,0,0,0.0,"{""energy"": 0.6666666666666667, ""water"": 0.05493333333333334, ""transport"": 0.33333333333333337}","{""energy"": 0.6666666666666667, ""water"": 0.05493333333333334, ""transport"": 0.33333333333333337}","{""energy"": 0.0, ""water"": 0.0, ""transport"": 0.0}","{""energy"": 0.0, ""water"": 0.0, ""transport"": 0.0}","{""energy"": 0.0, ""water"": 0.0, ""transport"": 0.0}","{""energy"": 0.0, ""water"": 0.0, ""transport"": 0.0}",0.3,0.1,,0.38314666666666675,1.0,0.6168533333333333,1,"{""energy"": 0.6666666666666667, ""water"": 0.05493333333333334, ""transport"": 0.33333333333333337}","{""energy"": 1.0, ""water"": 1.0, ""transport"": 1.0}","{""energy"": 0.33333333333333326, ""water"": 0.9450666666666666, ""transport"": 0.6666666666666666}",13,0.38314666666666675,,,[],,v2.0,0.7,0.3
S4_water_partial,429,429,8733048772901908286,scenario=S4_water_partial|method=both|duration=0|theta=0.300000|delta_threshold=0.100000|A=v2.0|w=na|run_id=429|seed=8733048772901908286,False,"{""step_1_amount"": 0.11496665369245138}",033832c9a51598bd69064fc3910037f6fde292830c04f0066e6d9779dc60f4ca,0.38314666666666675,0.38314666666666675,0.0,18,0.0,0.0,0.38314666666666675,0.38314666666666675,0,0,0.0,"{""energy"": 0.6666666666666667, ""water"": 0.05493333333333334, ""transport"": 0.33333333333333337}","{""energy"": 0.6666666666666667, ""water"": 0.05493333333333334, ""transport"": 0.33333333333333337}","{""energy"": 0.0, ""water"": 0.0, ""transport"": 0.0}","{""energy"": 0.0, ""water"": 0.0, ""transport"": 0.0}","{""energy"": 0.0, ""water"": 0.0, ""transport"": 0.0}","{""energy"": 0.0, ""water"": 0.0, ""transport"": 0.0}",0.3,0.1,,0.38314666666666675,1.0,0.6168533333333333,1,"{""energy"": 0.6666666666666667, ""water"": 0.05493333333333334, ""transport"": 0.33333333333333337}","{""energy"": 1.0, ""water"": 1.0, ""transport"": 1.0}","{""energy"": 0.33333333333333326, ""water"": 0.9450666666666666, ""transport"": 0.6666666666666666}",13,0.38314666666666675,,,[],,v2.0,0.7,0.3
S4_water_partial,430,430,14498635803292216714,scenario=S4_water_partial|method=both|duration=0|theta=0.300000|delta_threshold=0.100000|A=v2.0|w=na|run_id=430|seed=14498635803292216714,False,"{""step_1_amount"": 0.17940165275007156}",033832c9a51598bd69064fc3910037f6fde292830c04f0066e6d9779dc60f4ca,0.38314666666666675,0.38314666666666675,0.0,28,0.0,0.0,0.38314666666666675,0.38314666666666675,0,0,0.0,"{""energy"": 0.6666666666666667, ""water"": 0.05493333333333334, ""transport"": 0.33333333333333337}","{""energy"": 0.6666666666666667, ""water"": 0.05493333333333334, ""transport"": 0.33333333333333337}","{""energy"": 0.0, ""water"": 0.0, ""transport"": 0.0}","{""energy"": 0.0, ""water"": 0.0, ""transport"": 0.0}","{""energy"": 0.0, ""water"": 0.0, ""transport"": 0.0}","{""energy"": 0.0, ""water"": 0.0, ""transport"": 0.0}",0.3,0.1,,0.38314666666666675,1.0,0.6168533333333333,1,"{""energy"": 0.6666666666666667, ""water"": 0.05493333333333334, ""transport"": 0.33333333333333337}","{""energy"": 1.0, ""water"": 1.0, ""transport"": 1.0}","{""energy"": 0.33333333333333326, ""water"": 0.9450666666666666, ""transport"": 0.6666666666666666}",13,0.38314666666666675,,,[],,v2.0,0.7,0.3
S4_water_partial,431,431,17651330708241601398,scenario=S4_water_partial|method=both|duration=0|theta=0.300000|delta_threshold=0.100000|A=v2.0|w=na|run_id=431|seed=17651330708241601398,False,"{""step_1_amount"": 0.07959781756570396}",033832c9a51598bd69064fc3910037f6fde292830c04f0066e6d9779dc60f4ca,0.38314666666666675,0.38314666666666675,0.0,26,0.0,0.0,0.38314666666666675,0.38314666666666675,0,0,0.0,"{""energy"": 0.6666666666666667, ""water"": 0.05493333333333334, ""transport"": 0.33333333333333337}","{""energy"": 0.6666666666666667, ""water"": 0.05493333333333334, ""transport"": 0.33333333333333337}","{""energy"": 0.0, ""water"": 0.0, ""transport"": 0.0}","{""energy"": 0.0, ""water"": 0.0, ""transport"": 0.0}","{""energy"": 0.0, ""water"": 0.0, ""transport"": 0.0}","{""energy"": 0.0, ""water"": 0.0, ""transport"": 0.0}",0.3,0.1,,0.38314666666666675,1.0,0.6168533333333333,1,"{""energy"": 0.6666666666666667, ""water"": 0.05493333333333334, ""transport"": 0.33333333333333337}","{""energy"": 1.0, ""water"": 1.0, ""transport"": 1.0}","{""energy"": 0.33333333333333326, ""water"": 0.9450666666666666, ""transport"": 0.6666666666666666}",13,0.38314666666666675,,,[],,v2.0,0.7,0.3
S4_water_partial,432,432,15132897181434127291,scenario=S4_water_partial|method=both|duration=0|theta=0.300000|delta_threshold=0.100000|A=v2.0|w=na|run_id=432|seed=15132897181434127291,False,"{""step_1_amount"": 0.10693133838717181}",033832c9a51598bd69064fc3910037f6fde292830c04f0066e6d9779dc60f4ca,0.38314666666666675,0.38314666666666675,0.0,11,0.0,0.0,0.38314666666666675,0.38314666666666675,0,0,0.0,"{""energy"": 0.6666666666666667, ""water"": 0.05493333333333334, ""transport"": 0.33333333333333337}","{""energy"": 0.6666666666666667, ""water"": 0.05493333333333334, ""transport"": 0.33333333333333337}","{""energy"": 0.0, ""water"": 0.0, ""transport"": 0.0}","{""energy"": 0.0, ""water"": 0.0, ""transport"": 0.0}","{""energy"": 0.0, ""water"": 0.0, ""transport"": 0.0}","{""energy"": 0.0, ""water"": 0.0, ""transport"": 0.0}",0.3,0.1,,0.38314666666666675,1.0,0.6168533333333333,1,"{""energy"": 0.6666666666666667, ""water"": 0.05493333333333334, ""transport"": 0.33333333333333337}","{""energy"": 1.0, ""water"": 1.0, ""transport"": 1.0}","{""energy"": 0.33333333333333326, ""water"": 0.9450666666666666, ""transport"": 0.6666666666666666}",13,0.38314666666666675,,,[],,v2.0,0.7,0.3
S4_water_partial,433,433,13694354791822301369,scenario=S4_water_partial|method=both|duration=0|theta=0.300000|delta_threshold=0.100000|A=v2.0|w=na|run_id=433|seed=13694354791822301369,False,"{""step_1_amount"": 0.22815739385483713}",033832c9a51598bd69064fc3910037f6fde292830c04f0066e6d9779dc60f4ca,0.38314666666666675,0.4003853271194443,0.017238660452777554,9,0.0,0.0,0.38314666666666675,0.4003853271194443,0,0,0.017238660452777554,"{""energy"": 0.6666666666666667, ""water"": 0.05493333333333334, ""transport"": 0.33333333333333337}","{""energy"": 0.6780915292232669, ""water"": 0.09013007565187972, ""transport"": 0.3403656424485789}","{""energy"": 0.011424862556600135, ""water"": 0.03519674231854638, ""transport"": 0.00703230911524555}","{""energy"": 0.0, ""water"": 0.0, ""transport"": 0.0}","{""energy"": 0.0, ""water"": 0.0, ""transport"": 0.0}","{""energy"": 0.0, ""water"": 0.0, ""transport"": 0.0}",0.3,0.1,,0.38314666666666675,1.0,0.6168533333333333,1,"{""energy"": 0.6666666666666667, ""water"": 0.05493333333333334, ""transport"": 0.33333333333333337}","{""energy"": 1.0, ""water"": 1.0, ""transport"": 1.0}","{""energy"": 0.33333333333333326, ""water"": 0.9450666666666666, ""transport"": 0.6666666666666666}",12,0.4003853271194443,,,[],,v2.0,0.7,0.3
S4_water_partial,434,434,7635729891766417556,scenario=S4_water_partial|method=both|duration=0|theta=0.300000|delta_threshold=0.100000|A=v2.0|w=na|run_id=434|seed=7635729891766417556,False,"{""step_1_amount"": 0.20330877737525732}",033832c9a51598bd69064fc3910037f6fde292830c04f0066e6d9779dc60f4ca,0.38314666666666675,0.38517238289523353,0.0020257162285667873,5,0.0,0.0,0.38314666666666675,0.38517238289523353,0,0,0.0020257162285667873,"{""energy"": 0.6666666666666667, ""water"": 0.05493333333333334, ""transport"": 0.33333333333333337}","{""energy"": 0.6680092030866773, ""water"": 0.0590693050524049, ""transport"": 0.33415970048280386}","{""energy"": 0.0013425364200105872, ""water"": 0.004135971719071561, ""transport"": 0.0008263671494704861}","{""energy"": 0.0, ""water"": 0.0, ""transport"": 0.0}","{""energy"": 0.0, ""water"": 0.0, ""transport"": 0.0}","{""energy"": 0.0, ""water"": 0.0, ""transport"": 0.0}",0.3,0.1,,0.38314666666666675,1.0,0.6168533333333333,1,"{""energy"": 0.6666666666666667, ""water"": 0.05493333333333334, ""transport"": 0.33333333333333337}","{""energy"": 1.0, ""water"": 1.0, ""transport"": 1.0}","{""energy"": 0.33333333333333326, ""water"": 0.9450666666666666, ""transport"": 0.6666666666666666}",12,0.38517238289523353,,,[],,v2.0,0.7,0.3
S4_water_partial,435,435,7970392988065809921,scenario=S4_water_partial|method=both|duration=0|theta=0.300000|delta_threshold=0.100000|A=v2.0|w=na|run_id=435|seed=7970392988065809921,False,"{""step_1_amount"": 0.191643060584616}",033832c9a51598bd69064fc3910037f6fde292830c04f0066e6d9779dc60f4ca,0.38314666666666675,0.38314666666666675,0.0,7,0.0,0.0,0.38314666666666675,0.38314666666666675,0,0,0.0,"{""energy"": 0.6666666666666667, ""water"": 0.05493333333333334, ""transport"": 0.33333333333333337}","{""energy"": 0.6666666666666667, ""water"": 0.05493333333333334, ""transport"": 0.33333333333333337}","{""energy"": 0.0, ""water"": 0.0, ""transport"": 0.0}","{""energy"": 0.0, ""water"": 0.0, ""transport"": 0.0}","{""energy"": 0.0, ""water"": 0.0, ""transport"": 0.0}","{""energy"": 0.0, ""water"": 0.0, ""transport"": 0.0}",0.3,0.1,,0.38314666666666675,1.0,0.6168533333333333,1,"{""energy"": 0.6666666666666667, ""water"": 0.05493333333333334, ""transport"": 0.33333333333333337}","{""energy"": 1.0, ""water"": 1.0, ""transport"": 1.0}","{""energy"": 0.33333333333333326, ""water"": 0.9450666666666666, ""transport"": 0.6666666666666666}",13,0.38314666666666675,,,[],,v2.0,0.7,0.3
S4_water_partial,436,436,15845971405657917536,scenario=S4_water_partial|method=both|duration=0|theta=0.300000|delta_threshold=0.100000|A=v2.0|w=na|run_id=436|seed=15845971405657917536,False,"{""step_1_amount"": 0.13071112317442607}",033832c9a51598bd69064fc3910037f6fde292830c04f0066e6d9779dc60f4ca,0.38314666666666675,0.38314666666666675,0.0,28,0.0,0.0,0.38314666666666675,0.38314666666666675,0,0,0.0,"{""energy"": 0.6666666666666667, ""water"": 0.05493333333333334, ""transport"": 0.33333333333333337}","{""energy"": 0.6666666666666667, ""water"": 0.05493333333333334, ""transport"": 0.33333333333333337}","{""energy"": 0.0, ""water"": 0.0, ""transport"": 0.0}","{""energy"": 0.0, ""water"": 0.0, ""transport"": 0.0}","{""energy"": 0.0, ""water"": 0.0, ""transport"": 0.0}","{""energy"": 0.0, ""water"": 0.0, ""transport"": 0.0}",0.3,0.1,,0.38314666666666675,1.0,0.6168533333333333,1,"{""energy"": 0.6666666666666667, ""water"": 0.05493333333333334, ""transport"": 0.33333333333333337}","{""energy"": 1.0, ""water"": 1.0, ""transport"": 1.0}","{""energy"": 0.33333333333333326, ""water"": 0.9450666666666666, ""transport"": 0.6666666666666666}",13,0.38314666666666675,,,[],,v2.0,0.7,0.3
S4_water_partial,437,437,3632063402133659853,scenario=S4_water_partial|method=both|duration=0|theta=0.300000|delta_threshold=0.100000|A=v2.0|w=na|run_id=437|seed=3632063402133659853,False,"{""step_1_amount"": 0.18838198866367817}",033832c9a51598bd69064fc3910037f6fde292830c04f0066e6d9779dc60f4ca,0.38314666666666675,0.38314666666666675,0.0,8,0.0,0.0,0.38314666666666675,0.38314666666666675,0,0,0.0,"{""energy"": 0.6666666666666667, ""water"": 0.05493333333333334, ""transport"": 0.33333333333333337}","{""energy"": 0.6666666666666667, ""water"": 0.05493333333333334, ""transport"": 0.33333333333333337}","{""energy"": 0.0, ""water"": 0.0, ""transport"": 0.0}","{""energy"": 0.0, ""water"": 0.0, ""transport"": 0.0}","{""energy"": 0.0, ""water"": 0.0, ""transport"": 0.0}","{""energy"": 0.0, ""water"": 0.0, ""transport"": 0.0}",0.3,0.1,,0.38314666666666675,1.0,0.6168533333333333,1,"{""energy"": 0.6666666666666667, ""water"": 0.05493333333333334, ""transport"": 0.33333333333333337}","{""energy"": 1.0, ""water"": 1.0, ""transport"": 1.0}","{""energy"": 0.33333333333333326, ""water"": 0.9450666666666666, ""transport"": 0.6666666666666666}",13,0.38314666666666675,,,[],,v2.0,0.7,0.3
S4_water_partial,438,438,832557090653065580,scenario=S4_water_partial|method=both|duration=0|theta=0.300000|delta_threshold=0.100000|A=v2.0|w=na|run_id=438|seed=832557090653065580,False,"{""step_1_amount"": 0.17189885606963445}",033832c9a51598bd69064fc3910037f6fde292830c04f0066e6d9779dc60f4ca,0.38314666666666675,0.38314666666666675,0.0,22,0.0,0.0,0.38314666666666675,0.38314666666666675,0,0,0.0,"{""energy"": 0.6666666666666667, ""water"": 0.05493333333333334, ""transport"": 0.33333333333333337}","{""energy"": 0.6666666666666667, ""water"": 0.05493333333333334, ""transport"": 0.33333333333333337}","{""energy"": 0.0, ""water"": 0.0, ""transport"": 0.0}","{""energy"": 0.0, ""water"": 0.0, ""transport"": 0.0}","{""energy"": 0.0, ""water"": 0.0, ""transport"": 0.0}","{""energy"": 0.0, ""water"": 0.0, ""transport"": 0.0}",0.3,0.1,,0.38314666666666675,1.0,0.6168533333333333,1,"{""energy"": 0.6666666666666667, ""water"": 0.05493333333333334, ""transport"": 0.33333333333333337}","{""energy"": 1.0, ""water"": 1.0, ""transport"": 1.0}","{""energy"": 0.33333333333333326, ""water"": 0.9450666666666666, ""transport"": 0.6666666666666666}",13,0.38314666666666675,,,[],,v2.0,0.7,0.3
S4_water_partial,439,439,3788557952332470812,scenario=S4_water_partial|method=both|duration=0|theta=0.300000|delta_threshold=0.100000|A=v2.0|w=na|run_id=439|seed=3788557952332470812,False,"{""step_1_amount"": 0.112445282429502}",033832c9a51598bd69064fc3910037f6fde292830c04f0066e6d9779dc60f4ca,0.38314666666666675,0.38314666666666675,0.0,25,0.0,0.0,0.38314666666666675,0.38314666666666675,0,0,0.0,"{""energy"": 0.6666666666666667, ""water"": 0.05493333333333334, ""transport"": 0.33333333333333337}","{""energy"": 0.6666666666666667, ""water"": 0.05493333333333334, ""transport"": 0.33333333333333337}","{""energy"": 0.0, ""water"": 0.0, ""transport"": 0.0}","{""energy"": 0.0, ""water"": 0.0, ""transport"": 0.0}","{""energy"": 0.0, ""water"": 0.0, ""transport"": 0.0}","{""energy"": 0.0, ""water"": 0.0, ""transport"": 0.0}",0.3,0.1,,0.38314666666666675,1.0,0.6168533333333333,1,"{""energy"": 0.6666666666666667, ""water"": 0.05493333333333334, ""transport"": 0.33333333333333337}","{""energy"": 1.0, ""water"": 1.0, ""transport"": 1.0}","{""energy"": 0.33333333333333326, ""water"": 0.9450666666666666, ""transport"": 0.6666666666666666}",13,0.38314666666666675,,,[],,v2.0,0.7,0.3
S4_water_partial,440,440,10371979740185287017,scenario=S4_water_partial|method=both|duration=0|theta=0.300000|delta_threshold=0.100000|A=v2.0|w=na|run_id=440|seed=10371979740185287017,False,"{""step_1_amount"": 0.10566750905702017}",033832c9a51598bd69064fc3910037f6fde292830c04f0066e6d9779dc60f4ca,0.38314666666666675,0.38314666666666675,0.0,28,0.0,0.0,0.38314666666666675,0.38314666666666675,0,0,0.0,"{""energy"": 0.6666666666666667, ""water"": 0.05493333333333334, ""transport"": 0.33333333333333337}","{""energy"": 0.6666666666666667, ""water"": 0.05493333333333334, ""transport"": 0.33333333333333337}","{""energy"": 0.0, ""water"": 0.0, ""transport"": 0.0}","{""energy"": 0.0, ""water"": 0.0, ""transport"": 0.0}","{""energy"": 0.0, ""water"": 0.0, ""transport"": 0.0}","{""energy"": 0.0, ""water"": 0.0, ""transport"": 0.0}",0.3,0.1,,0.38314666666666675,1.0,0.6168533333333333,1,"{""energy"": 0.6666666666666667, ""water"": 0.05493333333333334, ""transport"": 0.33333333333333337}","{""energy"": 1.0, ""water"": 1.0, ""transport"": 1.0}","{""energy"": 0.33333333333333326, ""water"": 0.9450666666666666, ""transport"": 0.6666666666666666}",13,0.38314666666666675,,,[],,v2.0,0.7,0.3
S4_water_partial,441,441,531541196721211397,scenario=S4_water_partial|method=both|duration=0|theta=0.300000|delta_threshold=0.100000|A=v2.0|w=na|run_id=441|seed=531541196721211397,False,"{""step_1_amount"": 0.0948548484749197}",033832c9a51598bd69064fc3910037f6fde292830c04f0066e6d9779dc60f4ca,0.38314666666666675,0.38314666666666675,0.0,26,0.0,0.0,0.38314666666666675,0.38314666666666675,0,0,0.0,"{""energy"": 0.6666666666666667, ""water"": 0.05493333333333334, ""transport"": 0.33333333333333337}","{""energy"": 0.6666666666666667, ""water"": 0.05493333333333334, ""transport"": 0.33333333333333337}","{""energy"": 0.0, ""water"": 0.0, ""transport"": 0.0}","{""energy"": 0.0, ""water"": 0.0, ""transport"": 0.0}","{""energy"": 0.0, ""water"": 0.0, ""transport"": 0.0}","{""energy"": 0.0, ""water"": 0.0, ""transport"": 0.0}",0.3,0.1,,0.38314666666666675,1.0,0.6168533333333333,1,"{""energy"": 0.6666666666666667, ""water"": 0.05493333333333334, ""transport"": 0.33333333333333337}","{""energy"": 1.0, ""water"": 1.0, ""transport"": 1.0}","{""energy"": 0.33333333333333326, ""water"": 0.9450666666666666, ""transport"": 0.6666666666666666}",13,0.38314666666666675,,,[],,v2.0,0.7,0.3
S4_water_partial,442,442,2851643654881892313,scenario=S4_water_partial|method=both|duration=0|theta=0.300000|delta_threshold=0.100000|A=v2.0|w=na|run_id=442|seed=2851643654881892313,False,"{""step_1_amount"": 0.1069293300269164}",033832c9a51598bd69064fc3910037f6fde292830c04f0066e6d9779dc60f4ca,0.38314666666666675,0.38314666666666675,0.0,26,0.0,0.0,0.38314666666666675,0.38314666666666675,0,0,0.0,"{""energy"": 0.6666666666666667, ""water"": 0.05493333333333334, ""transport"": 0.33333333333333337}","{""energy"": 0.6666666666666667, ""water"": 0.05493333333333334, ""transport"": 0.33333333333333337}","{""energy"": 0.0, ""water"": 0.0, ""transport"": 0.0}","{""energy"": 0.0, ""water"": 0.0, ""transport"": 0.0}","{""energy"": 0.0, ""water"": 0.0, ""transport"": 0.0}","{""energy"": 0.0, ""water"": 0.0, ""transport"": 0.0}",0.3,0.1,,0.38314666666666675,1.0,0.6168533333333333,1,"{""energy"": 0.6666666666666667, ""water"": 0.05493333333333334, ""transport"": 0.33333333333333337}","{""energy"": 1.0, ""water"": 1.0, ""transport"": 1.0}","{""energy"": 0.33333333333333326, ""water"": 0.9450666666666666, ""transport"": 0.6666666666666666}",13,0.38314666666666675,,,[],,v2.0,0.7,0.3
S4_water_partial,443,443,15104941794917444846,scenario=S4_water_partial|method=both|duration=0|theta=0.300000|delta_threshold=0.100000|A=v2.0|w=na|run_id=443|seed=15104941794917444846,False,"{""step_1_amount"": 0.2183352443253511}",033832c9a51598bd69064fc3910037f6fde292830c04f0066e6d9779dc60f4ca,0.38314666666666675,0.3943719616237549,0.011225294957088128,13,0.0,0.0,0.38314666666666675,0.3943719616237549,0,0,0.011225294957088128,"{""energy"": 0.6666666666666667, ""water"": 0.05493333333333334, ""transport"": 0.33333333333333337}","{""energy"": 0.674106192051678, ""water"": 0.07785238874002226, ""transport"": 0.3379125606035898}","{""energy"": 0.0074395253850112475, ""water"": 0.02291905540668892, ""transport"": 0.004579227270256447}","{""energy"": 0.0, ""water"": 0.0, ""transport"": 0.0}","{""energy"": 0.0, ""water"": 0.0, ""transport"": 0.0}","{""energy"": 0.0, ""water"": 0.0, ""transport"": 0.0}",0.3,0.1,,0.38314666666666675,1.0,0.6168533333333333,1,"{""energy"": 0.6666666666666667, ""water"": 0.05493333333333334, ""transport"": 0.33333333333333337}","{""energy"": 1.0, ""water"": 1.0, ""transport"": 1.0}","{""energy"": 0.33333333333333326, ""water"": 0.9450666666666666, ""transport"": 0.6666666666666666}",12,0.3943719616237549,,,[],,v2.0,0.7,0.3
S4_water_partial,444,444,9375259197427619471,scenario=S4_water_partial|method=both|duration=0|theta=0.300000|delta_threshold=0.100000|A=v2.0|w=na|run_id=444|seed=9375259197427619471,False,"{""step_1_amount"": 0.19172047594210934}",033832c9a51598bd69064fc3910037f6fde292830c04f0066e6d9779dc60f4ca,0.38314666666666675,0.38314666666666675,0.0,7,0.0,0.0,0.38314666666666675,0.38314666666666675,0,0,0.0,"{""energy"": 0.6666666666666667, ""water"": 0.05493333333333334, ""transport"": 0.33333333333333337}","{""energy"": 0.6666666666666667, ""water"": 0.05493333333333334, ""transport"": 0.33333333333333337}","{""energy"": 0.0, ""water"": 0.0, ""transport"": 0.0}","{""energy"": 0.0, ""water"": 0.0, ""transport"": 0.0}","{""energy"": 0.0, ""water"": 0.0, ""transport"": 0.0}","{""energy"": 0.0, ""water"": 0.0, ""transport"": 0.0}",0.3,0.1,,0.38314666666666675,1.0,0.6168533333333333,1,"{""energy"": 0.6666666666666667, ""water"": 0.05493333333333334, ""transport"": 0.33333333333333337}","{""energy"": 1.0, ""water"": 1.0, ""transport"": 1.0}","{""energy"": 0.33333333333333326, ""water"": 0.9450666666666666, ""transport"": 0.6666666666666666}",13,0.38314666666666675,,,[],,v2.0,0.7,0.3
S4_water_partial,445,445,4344036447798051703,scenario=S4_water_partial|method=both|duration=0|theta=0.300000|delta_threshold=0.100000|A=v2.0|w=na|run_id=445|seed=4344036447798051703,False,"{""step_1_amount"": 0.038680174748726245}",033832c9a51598bd69064fc3910037f6fde292830c04f0066e6d9779dc60f4ca,0.38314666666666675,0.38314666666666675,0.0,18,0.0,0.0,0.38314666666666675,0.38314666666666675,0,0,0.0,"{""energy"": 0.6666666666666667, ""water"": 0.05493333333333334, ""transport"": 0.33333333333333337}","{""energy"": 0.6666666666666667, ""water"": 0.05493333333333334, ""transport"": 0.33333333333333337}","{""energy"": 0.0, ""water"": 0.0, ""transport"": 0.0}","{""energy"": 0.0, ""water"": 0.0, ""transport"": 0.0}","{""energy"": 0.0, ""water"": 0.0, ""transport"": 0.0}","{""energy"": 0.0, ""water"": 0.0, ""transport"": 0.0}",0.3,0.1,,0.38314666666666675,1.0,0.6168533333333333,1,"{""energy"": 0.6666666666666667, ""water"": 0.05493333333333334, ""transport"": 0.33333333333333337}","{""energy"": 1.0, ""water"": 1.0, ""transport"": 1.0}","{""energy"": 0.33333333333333326, ""water"": 0.9450666666666666, ""transport"": 0.6666666666666666}",13,0.38314666666666675,,,[],,v2.0,0.7,0.3
S4_water_partial,446,446,9379423561992053237,scenario=S4_water_partial|method=both|duration=0|theta=0.300000|delta_threshold=0.100000|A=v2.0|w=na|run_id=446|seed=9379423561992053237,False,"{""step_1_amount"": 0.1918601218846586}",033832c9a51598bd69064fc3910037f6fde292830c04f0066e6d9779dc60f4ca,0.38314666666666675,0.38314666666666675,0.0,29,0.0,0.0,0.38314666666666675,0.38314666666666675,0,0,0.0,"{""energy"": 0.6666666666666667, ""water"": 0.05493333333333334, ""transport"": 0.33333333333333337}","{""energy"": 0.6666666666666667, ""water"": 0.05493333333333334, ""transport"": 0.33333333333333337}","{""energy"": 0.0, ""water"": 0.0, ""transport"": 0.0}","{""energy"": 0.0, ""water"": 0.0, ""transport"": 0.0}","{""energy"": 0.0, ""water"": 0.0, ""transport"": 0.0}","{""energy"": 0.0, ""water"": 0.0, ""transport"": 0.0}",0.3,0.1,,0.38314666666666675,1.0,0.6168533333333333,1,"{""energy"": 0.6666666666666667, ""water"": 0.05493333333333334, ""transport"": 0.33333333333333337}","{""energy"": 1.0, ""water"": 1.0, ""transport"": 1.0}","{""energy"": 0.33333333333333326, ""water"": 0.9450666666666666, ""transport"": 0.6666666666666666}",13,0.38314666666666675,,,[],,v2.0,0.7,0.3
S4_water_partial,447,447,5778192932081110767,scenario=S4_water_partial|method=both|duration=0|theta=0.300000|delta_threshold=0.100000|A=v2.0|w=na|run_id=447|seed=5778192932081110767,False,"{""step_1_amount"": 0.12289708247810519}",033832c9a51598bd69064fc3910037f6fde292830c04f0066e6d9779dc60f4ca,0.38314666666666675,0.38314666666666675,0.0,22,0.0,0.0,0.38314666666666675,0.38314666666666675,0,0,0.0,"{""energy"": 0.6666666666666667, ""water"": 0.05493333333333334, ""transport"": 0.33333333333333337}","{""energy"": 0.6666666666666667, ""water"": 0.05493333333333334, ""transport"": 0.33333333333333337}","{""energy"": 0.0, ""water"": 0.0, ""transport"": 0.0}","{""energy"": 0.0, ""water"": 0.0, ""transport"": 0.0}","{""energy"": 0.0, ""water"": 0.0, ""transport"": 0.0}","{""energy"": 0.0, ""water"": 0.0, ""transport"": 0.0}",0.3,0.1,,0.38314666666666675,1.0,0.6168533333333333,1,"{""energy"": 0.6666666666666667, ""water"": 0.05493333333333334, ""transport"": 0.33333333333333337}","{""energy"": 1.0, ""water"": 1.0, ""transport"": 1.0}","{""energy"": 0.33333333333333326, ""water"": 0.9450666666666666, ""transport"": 0.6666666666666666}",13,0.38314666666666675,,,[],,v2.0,0.7,0.3
S4_water_partial,448,448,6352307397692006636,scenario=S4_water_partial|method=both|duration=0|theta=0.300000|delta_threshold=0.100000|A=v2.0|w=na|run_id=448|seed=6352307397692006636,False,"{""step_1_amount"": 0.1935835533207288}",033832c9a51598bd69064fc3910037f6fde292830c04f0066e6d9779dc60f4ca,0.38314666666666675,0.38314666666666675,0.0,28,0.0,0.0,0.38314666666666675,0.38314666666666675,0,0,0.0,"{""energy"": 0.6666666666666667, ""water"": 0.05493333333333334, ""transport"": 0.33333333333333337}","{""energy"": 0.6666666666666667, ""water"": 0.05493333333333334, ""transport"": 0.33333333333333337}","{""energy"": 0.0, ""water"": 0.0, ""transport"": 0.0}","{""energy"": 0.0, ""water"": 0.0, ""transport"": 0.0}","{""energy"": 0.0, ""water"": 0.0, ""transport"": 0.0}","{""energy"": 0.0, ""water"": 0.0, ""transport"": 0.0}",0.3,0.1,,0.38314666666666675,1.0,0.6168533333333333,1,"{""energy"": 0.6666666666666667, ""water"": 0.05493333333333334, ""transport"": 0.33333333333333337}","{""energy"": 1.0, ""water"": 1.0, ""transport"": 1.0}","{""energy"": 0.33333333333333326, ""water"": 0.9450666666666666, ""transport"": 0.6666666666666666}",13,0.38314666666666675,,,[],,v2.0,0.7,0.3
S4_water_partial,449,449,6030199222689767374,scenario=S4_water_partial|method=both|duration=0|theta=0.300000|delta_threshold=0.100000|A=v2.0|w=na|run_id=449|seed=6030199222689767374,False,"{""step_1_amount"": 0.2582928334493078}",033832c9a51598bd69064fc3910037f6fde292830c04f0066e6d9779dc60f4ca,0.38314666666666675,0.4188349966251692,0.03568832995850246,13,0.0,0.0,0.38314666666666675,0.4188349966251692,0,0,0.03568832995850246,"{""energy"": 0.6666666666666667, ""water"": 0.05493333333333334, ""transport"": 0.33333333333333337}","{""energy"": 0.6903189838387234, ""water"": 0.12779937514496817, ""transport"": 0.34789196848729803}","{""energy"": 0.023652317172056625, ""water"": 0.07286604181163484, ""transport"": 0.01455863515396466}","{""energy"": 0.0, ""water"": 0.0, ""transport"": 0.0}","{""energy"": 0.0, ""water"": 0.0, ""transport"": 0.0}","{""energy"": 0.0, ""water"": 0.0, ""transport"": 0.0}",0.3,0.1,,0.38314666666666675,1.0,0.6168533333333333,1,"{""energy"": 0.6666666666666667, ""water"": 0.05493333333333334, ""transport"": 0.33333333333333337}","{""energy"": 1.0, ""water"": 1.0, ""transport"": 1.0}","{""energy"": 0.33333333333333326, ""water"": 0.9450666666666666, ""transport"": 0.6666666666666666}",12,0.4188349966251692,,,[],,v2.0,0.7,0.3
S4_water_partial,450,450,6168452616523203100,scenario=S4_water_partial|method=both|duration=0|theta=0.300000|delta_threshold=0.100000|A=v2.0|w=na|run_id=450|seed=6168452616523203100,False,"{""step_1_amount"": 0.16832941479468877}",033832c9a51598bd69064fc3910037f6fde292830c04f0066e6d9779dc60f4ca,0.38314666666666675,0.38314666666666675,0.0,14,0.0,0.0,0.38314666666666675,0.38314666666666675,0,0,0.0,"{""energy"": 0.6666666666666667, ""water"": 0.05493333333333334, ""transport"": 0.33333333333333337}","{""energy"": 0.6666666666666667, ""water"": 0.05493333333333334, ""transport"": 0.33333333333333337}","{""energy"": 0.0, ""water"": 0.0, ""transport"": 0.0}","{""energy"": 0.0, ""water"": 0.0, ""transport"": 0.0}","{""energy"": 0.0, ""water"": 0.0, ""transport"": 0.0}","{""energy"": 0.0, ""water"": 0.0, ""transport"": 0.0}",0.3,0.1,,0.38314666666666675,1.0,0.6168533333333333,1,"{""energy"": 0.6666666666666667, ""water"": 0.05493333333333334, ""transport"": 0.33333333333333337}","{""energy"": 1.0, ""water"": 1.0, ""transport"": 1.0}","{""energy"": 0.33333333333333326, ""water"": 0.9450666666666666, ""transport"": 0.6666666666666666}",13,0.38314666666666675,,,[],,v2.0,0.7,0.3
S4_water_partial,451,451,1172983460488642831,scenario=S4_water_partial|method=both|duration=0|theta=0.300000|delta_threshold=0.100000|A=v2.0|w=na|run_id=451|seed=1172983460488642831,False,"{""step_1_amount"": 0.16556764735991913}",033832c9a51598bd69064fc3910037f6fde292830c04f0066e6d9779dc60f4ca,0.38314666666666675,0.38314666666666675,0.0,23,0.0,0.0,0.38314666666666675,0.38314666666666675,0,0,0.0,"{""energy"": 0.6666666666666667, ""water"": 0.05493333333333334, ""transport"": 0.33333333333333337}","{""energy"": 0.6666666666666667, ""water"": 0.05493333333333334, ""transport"": 0.33333333333333337}","{""energy"": 0.0, ""water"": 0.0, ""transport"": 0.0}","{""energy"": 0.0, ""water"": 0.0, ""transport"": 0.0}","{""energy"": 0.0, ""water"": 0.0, ""transport"": 0.0}","{""energy"": 0.0, ""water"": 0.0, ""transport"": 0.0}",0.3,0.1,,0.38314666666666675,1.0,0.6168533333333333,1,"{""energy"": 0.6666666666666667, ""water"": 0.05493333333333334, ""transport"": 0.33333333333333337}","{""energy"": 1.0, ""water"": 1.0, ""transport"": 1.0}","{""energy"": 0.33333333333333326, ""water"": 0.9450666666666666, ""transport"": 0.6666666666666666}",13,0.38314666666666675,,,[],,v2.0,0.7,0.3
S4_water_partial,452,452,11843963828318901317,scenario=S4_water_partial|method=both|duration=0|theta=0.300000|delta_threshold=0.100000|A=v2.0|w=na|run_id=452|seed=11843963828318901317,False,"{""step_1_amount"": 0.1369672248548111}",033832c9a51598bd69064fc3910037f6fde292830c04f0066e6d9779dc60f4ca,0.38314666666666675,0.38314666666666675,0.0,22,0.0,0.0,0.38314666666666675,0.38314666666666675,0,0,0.0,"{""energy"": 0.6666666666666667, ""water"": 0.05493333333333334, ""transport"": 0.33333333333333337}","{""energy"": 0.6666666666666667, ""water"": 0.05493333333333334, ""transport"": 0.33333333333333337}","{""energy"": 0.0, ""water"": 0.0, ""transport"": 0.0}","{""energy"": 0.0, ""water"": 0.0, ""transport"": 0.0}","{""energy"": 0.0, ""water"": 0.0, ""transport"": 0.0}","{""energy"": 0.0, ""water"": 0.0, ""transport"": 0.0}",0.3,0.1,,0.38314666666666675,1.0,0.6168533333333333,1,"{""energy"": 0.6666666666666667, ""water"": 0.05493333333333334, ""transport"": 0.33333333333333337}","{""energy"": 1.0, ""water"": 1.0, ""transport"": 1.0}","{""energy"": 0.33333333333333326, ""water"": 0.9450666666666666, ""transport"": 0.6666666666666666}",13,0.38314666666666675,,,[],,v2.0,0.7,0.3
S4_water_partial,453,453,3955900357094935312,scenario=S4_water_partial|method=both|duration=0|theta=0.300000|delta_threshold=0.100000|A=v2.0|w=na|run_id=453|seed=3955900357094935312,False,"{""step_1_amount"": 0.08737172605879671}",033832c9a51598bd69064fc3910037f6fde292830c04f0066e6d9779dc60f4ca,0.38314666666666675,0.38314666666666675,0.0,15,0.0,0.0,0.38314666666666675,0.38314666666666675,0,0,0.0,"{""energy"": 0.6666666666666667, ""water"": 0.05493333333333334, ""transport"": 0.33333333333333337}","{""energy"": 0.6666666666666667, ""water"": 0.05493333333333334, ""transport"": 0.33333333333333337}","{""energy"": 0.0, ""water"": 0.0, ""transport"": 0.0}","{""energy"": 0.0, ""water"": 0.0, ""transport"": 0.0}","{""energy"": 0.0, ""water"": 0.0, ""transport"": 0.0}","{""energy"": 0.0, ""water"": 0.0, ""transport"": 0.0}",0.3,0.1,,0.38314666666666675,1.0,0.6168533333333333,1,"{""energy"": 0.6666666666666667, ""water"": 0.05493333333333334, ""transport"": 0.33333333333333337}","{""energy"": 1.0, ""water"": 1.0, ""transport"": 1.0}","{""energy"": 0.33333333333333326, ""water"": 0.9450666666666666, ""transport"": 0.6666666666666666}",13,0.38314666666666675,,,[],,v2.0,0.7,0.3
S4_water_partial,454,454,16536492835072714050,scenario=S4_water_partial|method=both|duration=0|theta=0.300000|delta_threshold=0.100000|A=v2.0|w=na|run_id=454|seed=16536492835072714050,False,"{""step_1_amount"": 0.23414354748836655}",033832c9a51598bd69064fc3910037f6fde292830c04f0066e6d9779dc60f4ca,0.38314666666666675,0.40405020002773184,0.020903533361065096,22,0.0,0.0,0.38314666666666675,0.40405020002773184,0,0,0.020903533361065096,"{""energy"": 0.6666666666666667, ""water"": 0.05493333333333334, ""transport"": 0.33333333333333337}","{""energy"": 0.6805204110600714, ""water"": 0.09761276769379146, ""transport"": 0.3418606843185529}","{""energy"": 0.013853744393404699, ""water"": 0.04267943436045812, ""transport"": 0.008527350985219506}","{""energy"": 0.0, ""water"": 0.0, ""transport"": 0.0}","{""energy"": 0.0, ""water"": 0.0, ""transport"": 0.0}","{""energy"": 0.0, ""water"": 0.0, ""transport"": 0.0}",0.3,0.1,,0.38314666666666675,1.0,0.6168533333333333,1,"{""energy"": 0.6666666666666667, ""water"": 0.05493333333333334, ""transport"": 0.33333333333333337}","{""energy"": 1.0, ""water"": 1.0, ""transport"": 1.0}","{""energy"": 0.33333333333333326, ""water"": 0.9450666666666666, ""transport"": 0.6666666666666666}",12,0.40405020002773184,,,[],,v2.0,0.7,0.3
S4_water_partial,455,455,17509450742381067217,scenario=S4_water_partial|method=both|duration=0|theta=0.300000|delta_threshold=0.100000|A=v2.0|w=na|run_id=455|seed=17509450742381067217,False,"{""step_1_amount"": 0.15658837592800343}",033832c9a51598bd69064fc3910037f6fde292830c04f0066e6d9779dc60f4ca,0.38314666666666675,0.38314666666666675,0.0,29,0.0,0.0,0.38314666666666675,0.38314666666666675,0,0,0.0,"{""energy"": 0.6666666666666667, ""water"": 0.05493333333333334, ""transport"": 0.33333333333333337}","{""energy"": 0.6666666666666667, ""water"": 0.05493333333333334, ""transport"": 0.33333333333333337}","{""energy"": 0.0, ""water"": 0.0, ""transport"": 0.0}","{""energy"": 0.0, ""water"": 0.0, ""transport"": 0.0}","{""energy"": 0.0, ""water"": 0.0, ""transport"": 0.0}","{""energy"": 0.0, ""water"": 0.0, ""transport"": 0.0}",0.3,0.1,,0.38314666666666675,1.0,0.6168533333333333,1,"{""energy"": 0.6666666666666667, ""water"": 0.05493333333333334, ""transport"": 0.33333333333333337}","{""energy"": 1.0, ""water"": 1.0, ""transport"": 1.0}","{""energy"": 0.33333333333333326, ""water"": 0.9450666666666666, ""transport"": 0.6666666666666666}",13,0.38314666666666675,,,[],,v2.0,0.7,0.3
S4_water_partial,456,456,16378841120027566334,scenario=S4_water_partial|method=both|duration=0|theta=0.300000|delta_threshold=0.100000|A=v2.0|w=na|run_id=456|seed=16378841120027566334,False,"{""step_1_amount"": 0.14142425906808576}",033832c9a51598bd69064fc3910037f6fde292830c04f0066e6d9779dc60f4ca,0.38314666666666675,0.38314666666666675,0.0,9,0.0,0.0,0.38314666666666675,0.38314666666666675,0,0,0.0,"{""energy"": 0.6666666666666667, ""water"": 0.05493333333333334, ""transport"": 0.33333333333333337}","{""energy"": 0.6666666666666667, ""water"": 0.05493333333333334, ""transport"": 0.33333333333333337}","{""energy"": 0.0, ""water"": 0.0, ""transport"": 0.0}","{""energy"": 0.0, ""water"": 0.0, ""transport"": 0.0}","{""energy"": 0.0, ""water"": 0.0, ""transport"": 0.0}","{""energy"": 0.0, ""water"": 0.0, ""transport"": 0.0}",0.3,0.1,,0.38314666666666675,1.0,0.6168533333333333,1,"{""energy"": 0.6666666666666667, ""water"": 0.05493333333333334, ""transport"": 0.33333333333333337}","{""energy"": 1.0, ""water"": 1.0, ""transport"": 1.0}","{""energy"": 0.33333333333333326, ""water"": 0.9450666666666666, ""transport"": 0.6666666666666666}",13,0.38314666666666675,,,[],,v2.0,0.7,0.3
S4_water_partial,457,457,7520086679984253987,scenario=S4_water_partial|method=both|duration=0|theta=0.300000|delta_threshold=0.100000|A=v2.0|w=na|run_id=457|seed=7520086679984253987,False,"{""step_1_amount"": 0.1340097621750579}",033832c9a51598bd69064fc3910037f6fde292830c04f0066e6d9779dc60f4ca,0.38314666666666675,0.38314666666666675,0.0,22,0.0,0.0,0.38314666666666675,0.38314666666666675,0,0,0.0,"{""energy"": 0.6666666666666667, ""water"": 0.05493333333333334, ""transport"": 0.33333333333333337}","{""energy"": 0.6666666666666667, ""water"": 0.05493333333333334, ""transport"": 0.33333333333333337}","{""energy"": 0.0, ""water"": 0.0, ""transport"": 0.0}","{""energy"": 0.0, ""water"": 0.0, ""transport"": 0.0}","{""energy"": 0.0, ""water"": 0.0, ""transport"": 0.0}","{""energy"": 0.0, ""water"": 0.0, ""transport"": 0.0}",0.3,0.1,,0.38314666666666675,1.0,0.6168533333333333,1,"{""energy"": 0.6666666666666667, ""water"": 0.05493333333333334, ""transport"": 0.33333333333333337}","{""energy"": 1.0, ""water"": 1.0, ""transport"": 1.0}","{""energy"": 0.33333333333333326, ""water"": 0.9450666666666666, ""transport"": 0.6666666666666666}",13,0.38314666666666675,,,[],,v2.0,0.7,0.3
S4_water_partial,458,458,16802222309417879732,scenario=S4_water_partial|method=both|duration=0|theta=0.300000|delta_threshold=0.100000|A=v2.0|w=na|run_id=458|seed=16802222309417879732,False,"{""step_1_amount"": 0.03453147095308151}",033832c9a51598bd69064fc3910037f6fde292830c04f0066e6d9779dc60f4ca,0.38314666666666675,0.38314666666666675,0.0,19,0.0,0.0,0.38314666666666675,0.38314666666666675,0,0,0.0,"{""energy"": 0.6666666666666667, ""water"": 0.05493333333333334, ""transport"": 0.33333333333333337}","{""energy"": 0.6666666666666667, ""water"": 0.05493333333333334, ""transport"": 0.33333333333333337}","{""energy"": 0.0, ""water"": 0.0, ""transport"": 0.0}","{""energy"": 0.0, ""water"": 0.0, ""transport"": 0.0}","{""energy"": 0.0, ""water"": 0.0, ""transport"": 0.0}","{""energy"": 0.0, ""water"": 0.0, ""transport"": 0.0}",0.3,0.1,,0.38314666666666675,1.0,0.6168533333333333,1,"{""energy"": 0.6666666666666667, ""water"": 0.05493333333333334, ""transport"": 0.33333333333333337}","{""energy"": 1.0, ""water"": 1.0, ""transport"": 1.0}","{""energy"": 0.33333333333333326, ""water"": 0.9450666666666666, ""transport"": 0.6666666666666666}",13,0.38314666666666675,,,[],,v2.0,0.7,0.3
S4_water_partial,459,459,18372887559996627401,scenario=S4_water_partial|method=both|duration=0|theta=0.300000|delta_threshold=0.100000|A=v2.0|w=na|run_id=459|seed=18372887559996627401,False,"{""step_1_amount"": 0.09713707314338958}",033832c9a51598bd69064fc3910037f6fde292830c04f0066e6d9779dc60f4ca,0.38314666666666675,0.38314666666666675,0.0,26,0.0,0.0,0.38314666666666675,0.38314666666666675,0,0,0.0,"{""energy"": 0.6666666666666667, ""water"": 0.05493333333333334, ""transport"": 0.33333333333333337}","{""energy"": 0.6666666666666667, ""water"": 0.05493333333333334, ""transport"": 0.33333333333333337}","{""energy"": 0.0, ""water"": 0.0, ""transport"": 0.0}","{""energy"": 0.0, ""water"": 0.0, ""transport"": 0.0}","{""energy"": 0.0, ""water"": 0.0, ""transport"": 0.0}","{""energy"": 0.0, ""water"": 0.0, ""transport"": 0.0}",0.3,0.1,,0.38314666666666675,1.0,0.6168533333333333,1,"{""energy"": 0.6666666666666667, ""water"": 0.05493333333333334, ""transport"": 0.33333333333333337}","{""energy"": 1.0, ""water"": 1.0, ""transport"": 1.0}","{""energy"": 0.33333333333333326, ""water"": 0.9450666666666666, ""transport"": 0.6666666666666666}",13,0.38314666666666675,,,[],,v2.0,0.7,0.3
S4_water_partial,460,460,17883418026609912994,scenario=S4_water_partial|method=both|duration=0|theta=0.300000|delta_threshold=0.100000|A=v2.0|w=na|run_id=460|seed=17883418026609912994,False,"{""step_1_amount"": 0.11288074287047284}",033832c9a51598bd69064fc3910037f6fde292830c04f0066e6d9779dc60f4ca,0.38314666666666675,0.38314666666666675,0.0,8,0.0,0.0,0.38314666666666675,0.38314666666666675,0,0,0.0,"{""energy"": 0.6666666666666667, ""water"": 0.05493333333333334, ""transport"": 0.33333333333333337}","{""energy"": 0.6666666666666667, ""water"": 0.05493333333333334, ""transport"": 0.33333333333333337}","{""energy"": 0.0, ""water"": 0.0, ""transport"": 0.0}","{""energy"": 0.0, ""water"": 0.0, ""transport"": 0.0}","{""energy"": 0.0, ""water"": 0.0, ""transport"": 0.0}","{""energy"": 0.0, ""water"": 0.0, ""transport"": 0.0}",0.3,0.1,,0.38314666666666675,1.0,0.6168533333333333,1,"{""energy"": 0.6666666666666667, ""water"": 0.05493333333333334, ""transport"": 0.33333333333333337}","{""energy"": 1.0, ""water"": 1.0, ""transport"": 1.0}","{""energy"": 0.33333333333333326, ""water"": 0.9450666666666666, ""transport"": 0.6666666666666666}",13,0.38314666666666675,,,[],,v2.0,0.7,0.3
S4_water_partial,461,461,1003485148060094860,scenario=S4_water_partial|method=both|duration=0|theta=0.300000|delta_threshold=0.100000|A=v2.0|w=na|run_id=461|seed=1003485148060094860,False,"{""step_1_amount"": 0.14635932478049626}",033832c9a51598bd69064fc3910037f6fde292830c04f0066e6d9779dc60f4ca,0.38314666666666675,0.38314666666666675,0.0,29,0.0,0.0,0.38314666666666675,0.38314666666666675,0,0,0.0,"{""energy"": 0.6666666666666667, ""water"": 0.05493333333333334, ""transport"": 0.33333333333333337}","{""energy"": 0.6666666666666667, ""water"": 0.05493333333333334, ""transport"": 0.33333333333333337}","{""energy"": 0.0, ""water"": 0.0, ""transport"": 0.0}","{""energy"": 0.0, ""water"": 0.0, ""transport"": 0.0}","{""energy"": 0.0, ""water"": 0.0, ""transport"": 0.0}","{""energy"": 0.0, ""water"": 0.0, ""transport"": 0.0}",0.3,0.1,,0.38314666666666675,1.0,0.6168533333333333,1,"{""energy"": 0.6666666666666667, ""water"": 0.05493333333333334, ""transport"": 0.33333333333333337}","{""energy"": 1.0, ""water"": 1.0, ""transport"": 1.0}","{""energy"": 0.33333333333333326, ""water"": 0.9450666666666666, ""transport"": 0.6666666666666666}",13,0.38314666666666675,,,[],,v2.0,0.7,0.3
S4_water_partial,462,462,6156577320043096559,scenario=S4_water_partial|method=both|duration=0|theta=0.300000|delta_threshold=0.100000|A=v2.0|w=na|run_id=462|seed=6156577320043096559,False,"{""step_1_amount"": 0.1845398278200114}",033832c9a51598bd69064fc3910037f6fde292830c04f0066e6d9779dc60f4ca,0.38314666666666675,0.38314666666666675,0.0,15,0.0,0.0,0.38314666666666675,0.38314666666666675,0,0,0.0,"{""energy"": 0.6666666666666667, ""water"": 0.05493333333333334, ""transport"": 0.33333333333333337}","{""energy"": 0.6666666666666667, ""water"": 0.05493333333333334, ""transport"": 0.33333333333333337}","{""energy"": 0.0, ""water"": 0.0, ""transport"": 0.0}","{""energy"": 0.0, ""water"": 0.0, ""transport"": 0.0}","{""energy"": 0.0, ""water"": 0.0, ""transport"": 0.0}","{""energy"": 0.0, ""water"": 0.0, ""transport"": 0.0}",0.3,0.1,,0.38314666666666675,1.0,0.6168533333333333,1,"{""energy"": 0.6666666666666667, ""water"": 0.05493333333333334, ""transport"": 0.33333333333333337}","{""energy"": 1.0, ""water"": 1.0, ""transport"": 1.0}","{""energy"": 0.33333333333333326, ""water"": 0.9450666666666666, ""transport"": 0.6666666666666666}",13,0.38314666666666675,,,[],,v2.0,0.7,0.3
S4_water_partial,463,463,2306508522175366214,scenario=S4_water_partial|method=both|duration=0|theta=0.300000|delta_threshold=0.100000|A=v2.0|w=na|run_id=463|seed=2306508522175366214,False,"{""step_1_amount"": 0.1342486511051072}",033832c9a51598bd69064fc3910037f6fde292830c04f0066e6d9779dc60f4ca,0.38314666666666675,0.38314666666666675,0.0,11,0.0,0.0,0.38314666666666675,0.38314666666666675,0,0,0.0,"{""energy"": 0.6666666666666667, ""water"": 0.05493333333333334, ""transport"": 0.33333333333333337}","{""energy"": 0.6666666666666667, ""water"": 0.05493333333333334, ""transport"": 0.33333333333333337}","{""energy"": 0.0, ""water"": 0.0, ""transport"": 0.0}","{""energy"": 0.0, ""water"": 0.0, ""transport"": 0.0}","{""energy"": 0.0, ""water"": 0.0, ""transport"": 0.0}","{""energy"": 0.0, ""water"": 0.0, ""transport"": 0.0}",0.3,0.1,,0.38314666666666675,1.0,0.6168533333333333,1,"{""energy"": 0.6666666666666667, ""water"": 0.05493333333333334, ""transport"": 0.33333333333333337}","{""energy"": 1.0, ""water"": 1.0, ""transport"": 1.0}","{""energy"": 0.33333333333333326, ""water"": 0.9450666666666666, ""transport"": 0.6666666666666666}",13,0.38314666666666675,,,[],,v2.0,0.7,0.3
S4_water_partial,464,464,2115314747210379682,scenario=S4_water_partial|method=both|duration=0|theta=0.300000|delta_threshold=0.100000|A=v2.0|w=na|run_id=464|seed=2115314747210379682,False,"{""step_1_amount"": 0.1925510268903668}",033832c9a51598bd69064fc3910037f6fde292830c04f0066e6d9779dc60f4ca,0.38314666666666675,0.38314666666666675,0.0,10,0.0,0.0,0.38314666666666675,0.38314666666666675,0,0,0.0,"{""energy"": 0.6666666666666667, ""water"": 0.05493333333333334, ""transport"": 0.33333333333333337}","{""energy"": 0.6666666666666667, ""water"": 0.05493333333333334, ""transport"": 0.33333333333333337}","{""energy"": 0.0, ""water"": 0.0, ""transport"": 0.0}","{""energy"": 0.0, ""water"": 0.0, ""transport"": 0.0}","{""energy"": 0.0, ""water"": 0.0, ""transport"": 0.0}","{""energy"": 0.0, ""water"": 0.0, ""transport"": 0.0}",0.3,0.1,,0.38314666666666675,1.0,0.6168533333333333,1,"{""energy"": 0.6666666666666667, ""water"": 0.05493333333333334, ""transport"": 0.33333333333333337}","{""energy"": 1.0, ""water"": 1.0, ""transport"": 1.0}","{""energy"": 0.33333333333333326, ""water"": 0.9450666666666666, ""transport"": 0.6666666666666666}",13,0.38314666666666675,,,[],,v2.0,0.7,0.3
S4_water_partial,465,465,1039757610833235146,scenario=S4_water_partial|method=both|duration=0|theta=0.300000|delta_threshold=0.100000|A=v2.0|w=na|run_id=465|seed=1039757610833235146,False,"{""step_1_amount"": 0.09800827389848743}",033832c9a51598bd69064fc3910037f6fde292830c04f0066e6d9779dc60f4ca,0.38314666666666675,0.38314666666666675,0.0,23,0.0,0.0,0.38314666666666675,0.38314666666666675,0,0,0.0,"{""energy"": 0.6666666666666667, ""water"": 0.05493333333333334, ""transport"": 0.33333333333333337}","{""energy"": 0.6666666666666667, ""water"": 0.05493333333333334, ""transport"": 0.33333333333333337}","{""energy"": 0.0, ""water"": 0.0, ""transport"": 0.0}","{""energy"": 0.0, ""water"": 0.0, ""transport"": 0.0}","{""energy"": 0.0, ""water"": 0.0, ""transport"": 0.0}","{""energy"": 0.0, ""water"": 0.0, ""transport"": 0.0}",0.3,0.1,,0.38314666666666675,1.0,0.6168533333333333,1,"{""energy"": 0.6666666666666667, ""water"": 0.05493333333333334, ""transport"": 0.33333333333333337}","{""energy"": 1.0, ""water"": 1.0, ""transport"": 1.0}","{""energy"": 0.33333333333333326, ""water"": 0.9450666666666666, ""transport"": 0.6666666666666666}",13,0.38314666666666675,,,[],,v2.0,0.7,0.3
S4_water_partial,466,466,2838413073277168773,scenario=S4_water_partial|method=both|duration=0|theta=0.300000|delta_threshold=0.100000|A=v2.0|w=na|run_id=466|seed=2838413073277168773,False,"{""step_1_amount"": 0.05176259709802781}",033832c9a51598bd69064fc3910037f6fde292830c04f0066e6d9779dc60f4ca,0.38314666666666675,0.38314666666666675,0.0,14,0.0,0.0,0.38314666666666675,0.38314666666666675,0,0,0.0,"{""energy"": 0.6666666666666667, ""water"": 0.05493333333333334, ""transport"": 0.33333333333333337}","{""energy"": 0.6666666666666667, ""water"": 0.05493333333333334, ""transport"": 0.33333333333333337}","{""energy"": 0.0, ""water"": 0.0, ""transport"": 0.0}","{""energy"": 0.0, ""water"": 0.0, ""transport"": 0.0}","{""energy"": 0.0, ""water"": 0.0, ""transport"": 0.0}","{""energy"": 0.0, ""water"": 0.0, ""transport"": 0.0}",0.3,0.1,,0.38314666666666675,1.0,0.6168533333333333,1,"{""energy"": 0.6666666666666667, ""water"": 0.05493333333333334, ""transport"": 0.33333333333333337}","{""energy"": 1.0, ""water"": 1.0, ""transport"": 1.0}","{""energy"": 0.33333333333333326, ""water"": 0.9450666666666666, ""transport"": 0.6666666666666666}",13,0.38314666666666675,,,[],,v2.0,0.7,0.3
S4_water_partial,467,467,547342776986504974,scenario=S4_water_partial|method=both|duration=0|theta=0.300000|delta_threshold=0.100000|A=v2.0|w=na|run_id=467|seed=547342776986504974,False,"{""step_1_amount"": 0.1294168731911559}",033832c9a51598bd69064fc3910037f6fde292830c04f0066e6d9779dc60f4ca,0.38314666666666675,0.38314666666666675,0.0,26,0.0,0.0,0.38314666666666675,0.38314666666666675,0,0,0.0,"{""energy"": 0.6666666666666667, ""water"": 0.05493333333333334, ""transport"": 0.33333333333333337}","{""energy"": 0.6666666666666667, ""water"": 0.05493333333333334, ""transport"": 0.33333333333333337}","{""energy"": 0.0, ""water"": 0.0, ""transport"": 0.0}","{""energy"": 0.0, ""water"": 0.0, ""transport"": 0.0}","{""energy"": 0.0, ""water"": 0.0, ""transport"": 0.0}","{""energy"": 0.0, ""water"": 0.0, ""transport"": 0.0}",0.3,0.1,,0.38314666666666675,1.0,0.6168533333333333,1,"{""energy"": 0.6666666666666667, ""water"": 0.05493333333333334, ""transport"": 0.33333333333333337}","{""energy"": 1.0, ""water"": 1.0, ""transport"": 1.0}","{""energy"": 0.33333333333333326, ""water"": 0.9450666666666666, ""transport"": 0.6666666666666666}",13,0.38314666666666675,,,[],,v2.0,0.7,0.3
S4_water_partial,468,468,2007189383184898034,scenario=S4_water_partial|method=both|duration=0|theta=0.300000|delta_threshold=0.100000|A=v2.0|w=na|run_id=468|seed=2007189383184898034,False,"{""step_1_amount"": 0.1189219974433128}",033832c9a51598bd69064fc3910037f6fde292830c04f0066e6d9779dc60f4ca,0.38314666666666675,0.38314666666666675,0.0,12,0.0,0.0,0.38314666666666675,0.38314666666666675,0,0,0.0,"{""energy"": 0.6666666666666667, ""water"": 0.05493333333333334, ""transport"": 0.33333333333333337}","{""energy"": 0.6666666666666667, ""water"": 0.05493333333333334, ""transport"": 0.33333333333333337}","{""energy"": 0.0, ""water"": 0.0, ""transport"": 0.0}","{""energy"": 0.0, ""water"": 0.0, ""transport"": 0.0}","{""energy"": 0.0, ""water"": 0.0, ""transport"": 0.0}","{""energy"": 0.0, ""water"": 0.0, ""transport"": 0.0}",0.3,0.1,,0.38314666666666675,1.0,0.6168533333333333,1,"{""energy"": 0.6666666666666667, ""water"": 0.05493333333333334, ""transport"": 0.33333333333333337}","{""energy"": 1.0, ""water"": 1.0, ""transport"": 1.0}","{""energy"": 0.33333333333333326, ""water"": 0.9450666666666666, ""transport"": 0.6666666666666666}",13,0.38314666666666675,,,[],,v2.0,0.7,0.3
S4_water_partial,469,469,17764087730526079565,scenario=S4_water_partial|method=both|duration=0|theta=0.300000|delta_threshold=0.100000|A=v2.0|w=na|run_id=469|seed=17764087730526079565,False,"{""step_1_amount"": 0.1298382757337724}",033832c9a51598bd69064fc3910037f6fde292830c04f0066e6d9779dc60f4ca,0.38314666666666675,0.38314666666666675,0.0,28,0.0,0.0,0.38314666666666675,0.38314666666666675,0,0,0.0,"{""energy"": 0.6666666666666667, ""water"": 0.05493333333333334, ""transport"": 0.33333333333333337}","{""energy"": 0.6666666666666667, ""water"": 0.05493333333333334, ""transport"": 0.33333333333333337}","{""energy"": 0.0, ""water"": 0.0, ""transport"": 0.0}","{""energy"": 0.0, ""water"": 0.0, ""transport"": 0.0}","{""energy"": 0.0, ""water"": 0.0, ""transport"": 0.0}","{""energy"": 0.0, ""water"": 0.0, ""transport"": 0.0}",0.3,0.1,,0.38314666666666675,1.0,0.6168533333333333,1,"{""energy"": 0.6666666666666667, ""water"": 0.05493333333333334, ""transport"": 0.33333333333333337}","{""energy"": 1.0, ""water"": 1.0, ""transport"": 1.0}","{""energy"": 0.33333333333333326, ""water"": 0.9450666666666666, ""transport"": 0.6666666666666666}",13,0.38314666666666675,,,[],,v2.0,0.7,0.3
S4_water_partial,470,470,10112204967349361398,scenario=S4_water_partial|method=both|duration=0|theta=0.300000|delta_threshold=0.100000|A=v2.0|w=na|run_id=470|seed=10112204967349361398,False,"{""step_1_amount"": 0.15415496199976106}",033832c9a51598bd69064fc3910037f6fde292830c04f0066e6d9779dc60f4ca,0.38314666666666675,0.38314666666666675,0.0,14,0.0,0.0,0.38314666666666675,0.38314666666666675,0,0,0.0,"{""energy"": 0.6666666666666667, ""water"": 0.05493333333333334, ""transport"": 0.33333333333333337}","{""energy"": 0.6666666666666667, ""water"": 0.05493333333333334, ""transport"": 0.33333333333333337}","{""energy"": 0.0, ""water"": 0.0, ""transport"": 0.0}","{""energy"": 0.0, ""water"": 0.0, ""transport"": 0.0}","{""energy"": 0.0, ""water"": 0.0, ""transport"": 0.0}","{""energy"": 0.0, ""water"": 0.0, ""transport"": 0.0}",0.3,0.1,,0.38314666666666675,1.0,0.6168533333333333,1,"{""energy"": 0.6666666666666667, ""water"": 0.05493333333333334, ""transport"": 0.33333333333333337}","{""energy"": 1.0, ""water"": 1.0, ""transport"": 1.0}","{""energy"": 0.33333333333333326, ""water"": 0.9450666666666666, ""transport"": 0.6666666666666666}",13,0.38314666666666675,,,[],,v2.0,0.7,0.3
S4_water_partial,471,471,2302194334835673843,scenario=S4_water_partial|method=both|duration=0|theta=0.300000|delta_threshold=0.100000|A=v2.0|w=na|run_id=471|seed=2302194334835673843,False,"{""step_1_amount"": 0.11847512830938725}",033832c9a51598bd69064fc3910037f6fde292830c04f0066e6d9779dc60f4ca,0.38314666666666675,0.38314666666666675,0.0,27,0.0,0.0,0.38314666666666675,0.38314666666666675,0,0,0.0,"{""energy"": 0.6666666666666667, ""water"": 0.05493333333333334, ""transport"": 0.33333333333333337}","{""energy"": 0.6666666666666667, ""water"": 0.05493333333333334, ""transport"": 0.33333333333333337}","{""energy"": 0.0, ""water"": 0.0, ""transport"": 0.0}","{""energy"": 0.0, ""water"": 0.0, ""transport"": 0.0}","{""energy"": 0.0, ""water"": 0.0, ""transport"": 0.0}","{""energy"": 0.0, ""water"": 0.0, ""transport"": 0.0}",0.3,0.1,,0.38314666666666675,1.0,0.6168533333333333,1,"{""energy"": 0.6666666666666667, ""water"": 0.05493333333333334, ""transport"": 0.33333333333333337}","{""energy"": 1.0, ""water"": 1.0, ""transport"": 1.0}","{""energy"": 0.33333333333333326, ""water"": 0.9450666666666666, ""transport"": 0.6666666666666666}",13,0.38314666666666675,,,[],,v2.0,0.7,0.3
S4_water_partial,472,472,4559883310317253647,scenario=S4_water_partial|method=both|duration=0|theta=0.300000|delta_threshold=0.100000|A=v2.0|w=na|run_id=472|seed=4559883310317253647,False,"{""step_1_amount"": 0.13193283290319674}",033832c9a51598bd69064fc3910037f6fde292830c04f0066e6d9779dc60f4ca,0.38314666666666675,0.38314666666666675,0.0,17,0.0,0.0,0.38314666666666675,0.38314666666666675,0,0,0.0,"{""energy"": 0.6666666666666667, ""water"": 0.05493333333333334, ""transport"": 0.33333333333333337}","{""energy"": 0.6666666666666667, ""water"": 0.05493333333333334, ""transport"": 0.33333333333333337}","{""energy"": 0.0, ""water"": 0.0, ""transport"": 0.0}","{""energy"": 0.0, ""water"": 0.0, ""transport"": 0.0}","{""energy"": 0.0, ""water"": 0.0, ""transport"": 0.0}","{""energy"": 0.0, ""water"": 0.0, ""transport"": 0.0}",0.3,0.1,,0.38314666666666675,1.0,0.6168533333333333,1,"{""energy"": 0.6666666666666667, ""water"": 0.05493333333333334, ""transport"": 0.33333333333333337}","{""energy"": 1.0, ""water"": 1.0, ""transport"": 1.0}","{""energy"": 0.33333333333333326, ""water"": 0.9450666666666666, ""transport"": 0.6666666666666666}",13,0.38314666666666675,,,[],,v2.0,0.7,0.3
S4_water_partial,473,473,3936250831693297081,scenario=S4_water_partial|method=both|duration=0|theta=0.300000|delta_threshold=0.100000|A=v2.0|w=na|run_id=473|seed=3936250831693297081,False,"{""step_1_amount"": 0.17271200802715528}",033832c9a51598bd69064fc3910037f6fde292830c04f0066e6d9779dc60f4ca,0.38314666666666675,0.38314666666666675,0.0,10,0.0,0.0,0.38314666666666675,0.38314666666666675,0,0,0.0,"{""energy"": 0.6666666666666667, ""water"": 0.05493333333333334, ""transport"": 0.33333333333333337}","{""energy"": 0.6666666666666667, ""water"": 0.05493333333333334, ""transport"": 0.33333333333333337}","{""energy"": 0.0, ""water"": 0.0, ""transport"": 0.0}","{""energy"": 0.0, ""water"": 0.0, ""transport"": 0.0}","{""energy"": 0.0, ""water"": 0.0, ""transport"": 0.0}","{""energy"": 0.0, ""water"": 0.0, ""transport"": 0.0}",0.3,0.1,,0.38314666666666675,1.0,0.6168533333333333,1,"{""energy"": 0.6666666666666667, ""water"": 0.05493333333333334, ""transport"": 0.33333333333333337}","{""energy"": 1.0, ""water"": 1.0, ""transport"": 1.0}","{""energy"": 0.33333333333333326, ""water"": 0.9450666666666666, ""transport"": 0.6666666666666666}",13,0.38314666666666675,,,[],,v2.0,0.7,0.3
S4_water_partial,474,474,9671039442937264785,scenario=S4_water_partial|method=both|duration=0|theta=0.300000|delta_threshold=0.100000|A=v2.0|w=na|run_id=474|seed=9671039442937264785,False,"{""step_1_amount"": 0.16930244419964469}",033832c9a51598bd69064fc3910037f6fde292830c04f0066e6d9779dc60f4ca,0.38314666666666675,0.38314666666666675,0.0,25,0.0,0.0,0.38314666666666675,0.38314666666666675,0,0,0.0,"{""energy"": 0.6666666666666667, ""water"": 0.05493333333333334, ""transport"": 0.33333333333333337}","{""energy"": 0.6666666666666667, ""water"": 0.05493333333333334, ""transport"": 0.33333333333333337}","{""energy"": 0.0, ""water"": 0.0, ""transport"": 0.0}","{""energy"": 0.0, ""water"": 0.0, ""transport"": 0.0}","{""energy"": 0.0, ""water"": 0.0, ""transport"": 0.0}","{""energy"": 0.0, ""water"": 0.0, ""transport"": 0.0}",0.3,0.1,,0.38314666666666675,1.0,0.6168533333333333,1,"{""energy"": 0.6666666666666667, ""water"": 0.05493333333333334, ""transport"": 0.33333333333333337}","{""energy"": 1.0, ""water"": 1.0, ""transport"": 1.0}","{""energy"": 0.33333333333333326, ""water"": 0.9450666666666666, ""transport"": 0.6666666666666666}",13,0.38314666666666675,,,[],,v2.0,0.7,0.3
S4_water_partial,475,475,9841589779977950473,scenario=S4_water_partial|method=both|duration=0|theta=0.300000|delta_threshold=0.100000|A=v2.0|w=na|run_id=475|seed=9841589779977950473,False,"{""step_1_amount"": 0.22898731555284568}",033832c9a51598bd69064fc3910037f6fde292830c04f0066e6d9779dc60f4ca,0.38314666666666675,0.40089342593100763,0.017746759264340883,7,0.0,0.0,0.38314666666666675,0.40089342593100763,0,0,0.017746759264340883,"{""energy"": 0.6666666666666667, ""water"": 0.05493333333333334, ""transport"": 0.33333333333333337}","{""energy"": 0.6784282699522338, ""water"": 0.0911674777743904, ""transport"": 0.34057291539265655}","{""energy"": 0.01176160328556708, ""water"": 0.036234144441057055, ""transport"": 0.00723958205932318}","{""energy"": 0.0, ""water"": 0.0, ""transport"": 0.0}","{""energy"": 0.0, ""water"": 0.0, ""transport"": 0.0}","{""energy"": 0.0, ""water"": 0.0, ""transport"": 0.0}",0.3,0.1,,0.38314666666666675,1.0,0.6168533333333333,1,"{""energy"": 0.6666666666666667, ""water"": 0.05493333333333334, ""transport"": 0.33333333333333337}","{""energy"": 1.0, ""water"": 1.0, ""transport"": 1.0}","{""energy"": 0.33333333333333326, ""water"": 0.9450666666666666, ""transport"": 0.6666666666666666}",12,0.40089342593100763,,,[],,v2.0,0.7,0.3
S4_water_partial,476,476,1260484450962774282,scenario=S4_water_partial|method=both|duration=0|theta=0.300000|delta_threshold=0.100000|A=v2.0|w=na|run_id=476|seed=1260484450962774282,False,"{""step_1_amount"": 0.04894085617148307}",033832c9a51598bd69064fc3910037f6fde292830c04f0066e6d9779dc60f4ca,0.38314666666666675,0.38314666666666675,0.0,14,0.0,0.0,0.38314666666666675,0.38314666666666675,0,0,0.0,"{""energy"": 0.6666666666666667, ""water"": 0.05493333333333334, ""transport"": 0.33333333333333337}","{""energy"": 0.6666666666666667, ""water"": 0.05493333333333334, ""transport"": 0.33333333333333337}","{""energy"": 0.0, ""water"": 0.0, ""transport"": 0.0}","{""energy"": 0.0, ""water"": 0.0, ""transport"": 0.0}","{""energy"": 0.0, ""water"": 0.0, ""transport"": 0.0}","{""energy"": 0.0, ""water"": 0.0, ""transport"": 0.0}",0.3,0.1,,0.38314666666666675,1.0,0.6168533333333333,1,"{""energy"": 0.6666666666666667, ""water"": 0.05493333333333334, ""transport"": 0.33333333333333337}","{""energy"": 1.0, ""water"": 1.0, ""transport"": 1.0}","{""energy"": 0.33333333333333326, ""water"": 0.9450666666666666, ""transport"": 0.6666666666666666}",13,0.38314666666666675,,,[],,v2.0,0.7,0.3
S4_water_partial,477,477,157543751578919599,scenario=S4_water_partial|method=both|duration=0|theta=0.300000|delta_threshold=0.100000|A=v2.0|w=na|run_id=477|seed=157543751578919599,False,"{""step_1_amount"": 0.2613545632380113}",033832c9a51598bd69064fc3910037f6fde292830c04f0066e6d9779dc60f4ca,0.38314666666666675,0.4207094641450582,0.037562797478391474,9,0.0,0.0,0.38314666666666675,0.4207094641450582,0,0,0.037562797478391474,"{""energy"": 0.6666666666666667, ""water"": 0.05493333333333334, ""transport"": 0.33333333333333337}","{""energy"": 0.6915612807004898, ""water"": 0.1316265373808475, ""transport"": 0.3486566355020267}","{""energy"": 0.024894614033823093, ""water"": 0.07669320404751417, ""transport"": 0.01532330216869332}","{""energy"": 0.0, ""water"": 0.0, ""transport"": 0.0}","{""energy"": 0.0, ""water"": 0.0, ""transport"": 0.0}","{""energy"": 0.0, ""water"": 0.0, ""transport"": 0.0}",0.3,0.1,,0.38314666666666675,1.0,0.6168533333333333,1,"{""energy"": 0.6666666666666667, ""water"": 0.05493333333333334, ""transport"": 0.33333333333333337}","{""energy"": 1.0, ""water"": 1.0, ""transport"": 1.0}","{""energy"": 0.33333333333333326, ""water"": 0.9450666666666666, ""transport"": 0.6666666666666666}",12,0.4207094641450582,,,[],,v2.0,0.7,0.3
S4_water_partial,478,478,1141748439007385385,scenario=S4_water_partial|method=both|duration=0|theta=0.300000|delta_threshold=0.100000|A=v2.0|w=na|run_id=478|seed=1141748439007385385,False,"{""step_1_amount"": 0.13964517271460802}",033832c9a51598bd69064fc3910037f6fde292830c04f0066e6d9779dc60f4ca,0.38314666666666675,0.38314666666666675,0.0,6,0.0,0.0,0.38314666666666675,0.38314666666666675,0,0,0.0,"{""energy"": 0.6666666666666667, ""water"": 0.05493333333333334, ""transport"": 0.33333333333333337}","{""energy"": 0.6666666666666667, ""water"": 0.05493333333333334, ""transport"": 0.33333333333333337}","{""energy"": 0.0, ""water"": 0.0, ""transport"": 0.0}","{""energy"": 0.0, ""water"": 0.0, ""transport"": 0.0}","{""energy"": 0.0, ""water"": 0.0, ""transport"": 0.0}","{""energy"": 0.0, ""water"": 0.0, ""transport"": 0.0}",0.3,0.1,,0.38314666666666675,1.0,0.6168533333333333,1,"{""energy"": 0.6666666666666667, ""water"": 0.05493333333333334, ""transport"": 0.33333333333333337}","{""energy"": 1.0, ""water"": 1.0, ""transport"": 1.0}","{""energy"": 0.33333333333333326, ""water"": 0.9450666666666666, ""transport"": 0.6666666666666666}",13,0.38314666666666675,,,[],,v2.0,0.7,0.3
S4_water_partial,479,479,8746349022915287118,scenario=S4_water_partial|method=both|duration=0|theta=0.300000|delta_threshold=0.100000|A=v2.0|w=na|run_id=479|seed=8746349022915287118,False,"{""step_1_amount"": 0.1093458937509636}",033832c9a51598bd69064fc3910037f6fde292830c04f0066e6d9779dc60f4ca,0.38314666666666675,0.38314666666666675,0.0,28,0.0,0.0,0.38314666666666675,0.38314666666666675,0,0,0.0,"{""energy"": 0.6666666666666667, ""water"": 0.05493333333333334, ""transport"": 0.33333333333333337}","{""energy"": 0.6666666666666667, ""water"": 0.05493333333333334, ""transport"": 0.33333333333333337}","{""energy"": 0.0, ""water"": 0.0, ""transport"": 0.0}","{""energy"": 0.0, ""water"": 0.0, ""transport"": 0.0}","{""energy"": 0.0, ""water"": 0.0, ""transport"": 0.0}","{""energy"": 0.0, ""water"": 0.0, ""transport"": 0.0}",0.3,0.1,,0.38314666666666675,1.0,0.6168533333333333,1,"{""energy"": 0.6666666666666667, ""water"": 0.05493333333333334, ""transport"": 0.33333333333333337}","{""energy"": 1.0, ""water"": 1.0, ""transport"": 1.0}","{""energy"": 0.33333333333333326, ""water"": 0.9450666666666666, ""transport"": 0.6666666666666666}",13,0.38314666666666675,,,[],,v2.0,0.7,0.3
S4_water_partial,480,480,18285939197893329627,scenario=S4_water_partial|method=both|duration=0|theta=0.300000|delta_threshold=0.100000|A=v2.0|w=na|run_id=480|seed=18285939197893329627,False,"{""step_1_amount"": 0.1656788694775535}",033832c9a51598bd69064fc3910037f6fde292830c04f0066e6d9779dc60f4ca,0.38314666666666675,0.38314666666666675,0.0,28,0.0,0.0,0.38314666666666675,0.38314666666666675,0,0,0.0,"{""energy"": 0.6666666666666667, ""water"": 0.05493333333333334, ""transport"": 0.33333333333333337}","{""energy"": 0.6666666666666667, ""water"": 0.05493333333333334, ""transport"": 0.33333333333333337}","{""energy"": 0.0, ""water"": 0.0, ""transport"": 0.0}","{""energy"": 0.0, ""water"": 0.0, ""transport"": 0.0}","{""energy"": 0.0, ""water"": 0.0, ""transport"": 0.0}","{""energy"": 0.0, ""water"": 0.0, ""transport"": 0.0}",0.3,0.1,,0.38314666666666675,1.0,0.6168533333333333,1,"{""energy"": 0.6666666666666667, ""water"": 0.05493333333333334, ""transport"": 0.33333333333333337}","{""energy"": 1.0, ""water"": 1.0, ""transport"": 1.0}","{""energy"": 0.33333333333333326, ""water"": 0.9450666666666666, ""transport"": 0.6666666666666666}",13,0.38314666666666675,,,[],,v2.0,0.7,0.3
S4_water_partial,481,481,650002809993923131,scenario=S4_water_partial|method=both|duration=0|theta=0.300000|delta_threshold=0.100000|A=v2.0|w=na|run_id=481|seed=650002809993923131,False,"{""step_1_amount"": 0.15482625711308817}",033832c9a51598bd69064fc3910037f6fde292830c04f0066e6d9779dc60f4ca,0.38314666666666675,0.38314666666666675,0.0,25,0.0,0.0,0.38314666666666675,0.38314666666666675,0,0,0.0,"{""energy"": 0.6666666666666667, ""water"": 0.05493333333333334, ""transport"": 0.33333333333333337}","{""energy"": 0.6666666666666667, ""water"": 0.05493333333333334, ""transport"": 0.33333333333333337}","{""energy"": 0.0, ""water"": 0.0, ""transport"": 0.0}","{""energy"": 0.0, ""water"": 0.0, ""transport"": 0.0}","{""energy"": 0.0, ""water"": 0.0, ""transport"": 0.0}","{""energy"": 0.0, ""water"": 0.0, ""transport"": 0.0}",0.3,0.1,,0.38314666666666675,1.0,0.6168533333333333,1,"{""energy"": 0.6666666666666667, ""water"": 0.05493333333333334, ""transport"": 0.33333333333333337}","{""energy"": 1.0, ""water"": 1.0, ""transport"": 1.0}","{""energy"": 0.33333333333333326, ""water"": 0.9450666666666666, ""transport"": 0.6666666666666666}",13,0.38314666666666675,,,[],,v2.0,0.7,0.3
S4_water_partial,482,482,3557458152526550154,scenario=S4_water_partial|method=both|duration=0|theta=0.300000|delta_threshold=0.100000|A=v2.0|w=na|run_id=482|seed=3557458152526550154,False,"{""step_1_amount"": 0.18741308323200553}",033832c9a51598bd69064fc3910037f6fde292830c04f0066e6d9779dc60f4ca,0.38314666666666675,0.38314666666666675,0.0,9,0.0,0.0,0.38314666666666675,0.38314666666666675,0,0,0.0,"{""energy"": 0.6666666666666667, ""water"": 0.05493333333333334, ""transport"": 0.33333333333333337}","{""energy"": 0.6666666666666667, ""water"": 0.05493333333333334, ""transport"": 0.33333333333333337}","{""energy"": 0.0, ""water"": 0.0, ""transport"": 0.0}","{""energy"": 0.0, ""water"": 0.0, ""transport"": 0.0}","{""energy"": 0.0, ""water"": 0.0, ""transport"": 0.0}","{""energy"": 0.0, ""water"": 0.0, ""transport"": 0.0}",0.3,0.1,,0.38314666666666675,1.0,0.6168533333333333,1,"{""energy"": 0.6666666666666667, ""water"": 0.05493333333333334, ""transport"": 0.33333333333333337}","{""energy"": 1.0, ""water"": 1.0, ""transport"": 1.0}","{""energy"": 0.33333333333333326, ""water"": 0.9450666666666666, ""transport"": 0.6666666666666666}",13,0.38314666666666675,,,[],,v2.0,0.7,0.3
S4_water_partial,483,483,10375344734998299573,scenario=S4_water_partial|method=both|duration=0|theta=0.300000|delta_threshold=0.100000|A=v2.0|w=na|run_id=483|seed=10375344734998299573,False,"{""step_1_amount"": 0.09104596954644374}",033832c9a51598bd69064fc3910037f6fde292830c04f0066e6d9779dc60f4ca,0.38314666666666675,0.38314666666666675,0.0,17,0.0,0.0,0.38314666666666675,0.38314666666666675,0,0,0.0,"{""energy"": 0.6666666666666667, ""water"": 0.05493333333333334, ""transport"": 0.33333333333333337}","{""energy"": 0.6666666666666667, ""water"": 0.05493333333333334, ""transport"": 0.33333333333333337}","{""energy"": 0.0, ""water"": 0.0, ""transport"": 0.0}","{""energy"": 0.0, ""water"": 0.0, ""transport"": 0.0}","{""energy"": 0.0, ""water"": 0.0, ""transport"": 0.0}","{""energy"": 0.0, ""water"": 0.0, ""transport"": 0.0}",0.3,0.1,,0.38314666666666675,1.0,0.6168533333333333,1,"{""energy"": 0.6666666666666667, ""water"": 0.05493333333333334, ""transport"": 0.33333333333333337}","{""energy"": 1.0, ""water"": 1.0, ""transport"": 1.0}","{""energy"": 0.33333333333333326, ""water"": 0.9450666666666666, ""transport"": 0.6666666666666666}",13,0.38314666666666675,,,[],,v2.0,0.7,0.3
S4_water_partial,484,484,9963942585534076649,scenario=S4_water_partial|method=both|duration=0|theta=0.300000|delta_threshold=0.100000|A=v2.0|w=na|run_id=484|seed=9963942585534076649,False,"{""step_1_amount"": 0.19648520848540818}",033832c9a51598bd69064fc3910037f6fde292830c04f0066e6d9779dc60f4ca,0.38314666666666675,0.38314666666666675,0.0,23,0.0,0.0,0.38314666666666675,0.38314666666666675,0,0,0.0,"{""energy"": 0.6666666666666667, ""water"": 0.05493333333333334, ""transport"": 0.33333333333333337}","{""energy"": 0.6666666666666667, ""water"": 0.05493333333333334, ""transport"": 0.33333333333333337}","{""energy"": 0.0, ""water"": 0.0, ""transport"": 0.0}","{""energy"": 0.0, ""water"": 0.0, ""transport"": 0.0}","{""energy"": 0.0, ""water"": 0.0, ""transport"": 0.0}","{""energy"": 0.0, ""water"": 0.0, ""transport"": 0.0}",0.3,0.1,,0.38314666666666675,1.0,0.6168533333333333,1,"{""energy"": 0.6666666666666667, ""water"": 0.05493333333333334, ""transport"": 0.33333333333333337}","{""energy"": 1.0, ""water"": 1.0, ""transport"": 1.0}","{""energy"": 0.33333333333333326, ""water"": 0.9450666666666666, ""transport"": 0.6666666666666666}",13,0.38314666666666675,,,[],,v2.0,0.7,0.3
S4_water_partial,485,485,393575839787398843,scenario=S4_water_partial|method=both|duration=0|theta=0.300000|delta_threshold=0.100000|A=v2.0|w=na|run_id=485|seed=393575839787398843,False,"{""step_1_amount"": 0.08751186152263914}",033832c9a51598bd69064fc3910037f6fde292830c04f0066e6d9779dc60f4ca,0.38314666666666675,0.38314666666666675,0.0,14,0.0,0.0,0.38314666666666675,0.38314666666666675,0,0,0.0,"{""energy"": 0.6666666666666667, ""water"": 0.05493333333333334, ""transport"": 0.33333333333333337}","{""energy"": 0.6666666666666667, ""water"": 0.05493333333333334, ""transport"": 0.33333333333333337}","{""energy"": 0.0, ""water"": 0.0, ""transport"": 0.0}","{""energy"": 0.0, ""water"": 0.0, ""transport"": 0.0}","{""energy"": 0.0, ""water"": 0.0, ""transport"": 0.0}","{""energy"": 0.0, ""water"": 0.0, ""transport"": 0.0}",0.3,0.1,,0.38314666666666675,1.0,0.6168533333333333,1,"{""energy"": 0.6666666666666667, ""water"": 0.05493333333333334, ""transport"": 0.33333333333333337}","{""energy"": 1.0, ""water"": 1.0, ""transport"": 1.0}","{""energy"": 0.33333333333333326, ""water"": 0.9450666666666666, ""transport"": 0.6666666666666666}",13,0.38314666666666675,,,[],,v2.0,0.7,0.3
S4_water_partial,486,486,11220654200674298430,scenario=S4_water_partial|method=both|duration=0|theta=0.300000|delta_threshold=0.100000|A=v2.0|w=na|run_id=486|seed=11220654200674298430,False,"{""step_1_amount"": 0.13700147051646241}",033832c9a51598bd69064fc3910037f6fde292830c04f0066e6d9779dc60f4ca,0.38314666666666675,0.38314666666666675,0.0,27,0.0,0.0,0.38314666666666675,0.38314666666666675,0,0,0.0,"{""energy"": 0.6666666666666667, ""water"": 0.05493333333333334, ""transport"": 0.33333333333333337}","{""energy"": 0.6666666666666667, ""water"": 0.05493333333333334, ""transport"": 0.33333333333333337}","{""energy"": 0.0, ""water"": 0.0, ""transport"": 0.0}","{""energy"": 0.0, ""water"": 0.0, ""transport"": 0.0}","{""energy"": 0.0, ""water"": 0.0, ""transport"": 0.0}","{""energy"": 0.0, ""water"": 0.0, ""transport"": 0.0}",0.3,0.1,,0.38314666666666675,1.0,0.6168533333333333,1,"{""energy"": 0.6666666666666667, ""water"": 0.05493333333333334, ""transport"": 0.33333333333333337}","{""energy"": 1.0, ""water"": 1.0, ""transport"": 1.0}","{""energy"": 0.33333333333333326, ""water"": 0.9450666666666666, ""transport"": 0.6666666666666666}",13,0.38314666666666675,,,[],,v2.0,0.7,0.3
S4_water_partial,487,487,14605176674222890597,scenario=S4_water_partial|method=both|duration=0|theta=0.300000|delta_threshold=0.100000|A=v2.0|w=na|run_id=487|seed=14605176674222890597,False,"{""step_1_amount"": 0.15308329247118402}",033832c9a51598bd69064fc3910037f6fde292830c04f0066e6d9779dc60f4ca,0.38314666666666675,0.38314666666666675,0.0,24,0.0,0.0,0.38314666666666675,0.38314666666666675,0,0,0.0,"{""energy"": 0.6666666666666667, ""water"": 0.05493333333333334, ""transport"": 0.33333333333333337}","{""energy"": 0.6666666666666667, ""water"": 0.05493333333333334, ""transport"": 0.33333333333333337}","{""energy"": 0.0, ""water"": 0.0, ""transport"": 0.0}","{""energy"": 0.0, ""water"": 0.0, ""transport"": 0.0}","{""energy"": 0.0, ""water"": 0.0, ""transport"": 0.0}","{""energy"": 0.0, ""water"": 0.0, ""transport"": 0.0}",0.3,0.1,,0.38314666666666675,1.0,0.6168533333333333,1,"{""energy"": 0.6666666666666667, ""water"": 0.05493333333333334, ""transport"": 0.33333333333333337}","{""energy"": 1.0, ""water"": 1.0, ""transport"": 1.0}","{""energy"": 0.33333333333333326, ""water"": 0.9450666666666666, ""transport"": 0.6666666666666666}",13,0.38314666666666675,,,[],,v2.0,0.7,0.3
S4_water_partial,488,488,8625514501581568755,scenario=S4_water_partial|method=both|duration=0|theta=0.300000|delta_threshold=0.100000|A=v2.0|w=na|run_id=488|seed=8625514501581568755,False,"{""step_1_amount"": 0.12562607181188887}",033832c9a51598bd69064fc3910037f6fde292830c04f0066e6d9779dc60f4ca,0.38314666666666675,0.38314666666666675,0.0,27,0.0,0.0,0.38314666666666675,0.38314666666666675,0,0,0.0,"{""energy"": 0.6666666666666667, ""water"": 0.05493333333333334, ""transport"": 0.33333333333333337}","{""energy"": 0.6666666666666667, ""water"": 0.05493333333333334, ""transport"": 0.33333333333333337}","{""energy"": 0.0, ""water"": 0.0, ""transport"": 0.0}","{""energy"": 0.0, ""water"": 0.0, ""transport"": 0.0}","{""energy"": 0.0, ""water"": 0.0, ""transport"": 0.0}","{""energy"": 0.0, ""water"": 0.0, ""transport"": 0.0}",0.3,0.1,,0.38314666666666675,1.0,0.6168533333333333,1,"{""energy"": 0.6666666666666667, ""water"": 0.05493333333333334, ""transport"": 0.33333333333333337}","{""energy"": 1.0, ""water"": 1.0, ""transport"": 1.0}","{""energy"": 0.33333333333333326, ""water"": 0.9450666666666666, ""transport"": 0.6666666666666666}",13,0.38314666666666675,,,[],,v2.0,0.7,0.3
S4_water_partial,489,489,6362350545513019448,scenario=S4_water_partial|method=both|duration=0|theta=0.300000|delta_threshold=0.100000|A=v2.0|w=na|run_id=489|seed=6362350545513019448,False,"{""step_1_amount"": 0.06960009478184671}",033832c9a51598bd69064fc3910037f6fde292830c04f0066e6d9779dc60f4ca,0.38314666666666675,0.38314666666666675,0.0,23,0.0,0.0,0.38314666666666675,0.38314666666666675,0,0,0.0,"{""energy"": 0.6666666666666667, ""water"": 0.05493333333333334, ""transport"": 0.33333333333333337}","{""energy"": 0.6666666666666667, ""water"": 0.05493333333333334, ""transport"": 0.33333333333333337}","{""energy"": 0.0, ""water"": 0.0, ""transport"": 0.0}","{""energy"": 0.0, ""water"": 0.0, ""transport"": 0.0}","{""energy"": 0.0, ""water"": 0.0, ""transport"": 0.0}","{""energy"": 0.0, ""water"": 0.0, ""transport"": 0.0}",0.3,0.1,,0.38314666666666675,1.0,0.6168533333333333,1,"{""energy"": 0.6666666666666667, ""water"": 0.05493333333333334, ""transport"": 0.33333333333333337}","{""energy"": 1.0, ""water"": 1.0, ""transport"": 1.0}","{""energy"": 0.33333333333333326, ""water"": 0.9450666666666666, ""transport"": 0.6666666666666666}",13,0.38314666666666675,,,[],,v2.0,0.7,0.3
S4_water_partial,490,490,17037723140355111693,scenario=S4_water_partial|method=both|duration=0|theta=0.300000|delta_threshold=0.100000|A=v2.0|w=na|run_id=490|seed=17037723140355111693,False,"{""step_1_amount"": 0.12093030415704187}",033832c9a51598bd69064fc3910037f6fde292830c04f0066e6d9779dc60f4ca,0.38314666666666675,0.38314666666666675,0.0,22,0.0,0.0,0.38314666666666675,0.38314666666666675,0,0,0.0,"{""energy"": 0.6666666666666667, ""water"": 0.05493333333333334, ""transport"": 0.33333333333333337}","{""energy"": 0.6666666666666667, ""water"": 0.05493333333333334, ""transport"": 0.33333333333333337}","{""energy"": 0.0, ""water"": 0.0, ""transport"": 0.0}","{""energy"": 0.0, ""water"": 0.0, ""transport"": 0.0}","{""energy"": 0.0, ""water"": 0.0, ""transport"": 0.0}","{""energy"": 0.0, ""water"": 0.0, ""transport"": 0.0}",0.3,0.1,,0.38314666666666675,1.0,0.6168533333333333,1,"{""energy"": 0.6666666666666667, ""water"": 0.05493333333333334, ""transport"": 0.33333333333333337}","{""energy"": 1.0, ""water"": 1.0, ""transport"": 1.0}","{""energy"": 0.33333333333333326, ""water"": 0.9450666666666666, ""transport"": 0.6666666666666666}",13,0.38314666666666675,,,[],,v2.0,0.7,0.3
S4_water_partial,491,491,4659998699085886121,scenario=S4_water_partial|method=both|duration=0|theta=0.300000|delta_threshold=0.100000|A=v2.0|w=na|run_id=491|seed=4659998699085886121,False,"{""step_1_amount"": 0.19732571050887932}",033832c9a51598bd69064fc3910037f6fde292830c04f0066e6d9779dc60f4ca,0.38314666666666675,0.38314666666666675,0.0,8,0.0,0.0,0.38314666666666675,0.38314666666666675,0,0,0.0,"{""energy"": 0.6666666666666667, ""water"": 0.05493333333333334, ""transport"": 0.33333333333333337}","{""energy"": 0.6666666666666667, ""water"": 0.05493333333333334, ""transport"": 0.33333333333333337}","{""energy"": 0.0, ""water"": 0.0, ""transport"": 0.0}","{""energy"": 0.0, ""water"": 0.0, ""transport"": 0.0}","{""energy"": 0.0, ""water"": 0.0, ""transport"": 0.0}","{""energy"": 0.0, ""water"": 0.0, ""transport"": 0.0}",0.3,0.1,,0.38314666666666675,1.0,0.6168533333333333,1,"{""energy"": 0.6666666666666667, ""water"": 0.05493333333333334, ""transport"": 0.33333333333333337}","{""energy"": 1.0, ""water"": 1.0, ""transport"": 1.0}","{""energy"": 0.33333333333333326, ""water"": 0.9450666666666666, ""transport"": 0.6666666666666666}",13,0.38314666666666675,,,[],,v2.0,0.7,0.3
S4_water_partial,492,492,8755890775237521049,scenario=S4_water_partial|method=both|duration=0|theta=0.300000|delta_threshold=0.100000|A=v2.0|w=na|run_id=492|seed=8755890775237521049,False,"{""step_1_amount"": 0.04350071768059393}",033832c9a51598bd69064fc3910037f6fde292830c04f0066e6d9779dc60f4ca,0.38314666666666675,0.38314666666666675,0.0,20,0.0,0.0,0.38314666666666675,0.38314666666666675,0,0,0.0,"{""energy"": 0.6666666666666667, ""water"": 0.05493333333333334, ""transport"": 0.33333333333333337}","{""energy"": 0.6666666666666667, ""water"": 0.05493333333333334, ""transport"": 0.33333333333333337}","{""energy"": 0.0, ""water"": 0.0, ""transport"": 0.0}","{""energy"": 0.0, ""water"": 0.0, ""transport"": 0.0}","{""energy"": 0.0, ""water"": 0.0, ""transport"": 0.0}","{""energy"": 0.0, ""water"": 0.0, ""transport"": 0.0}",0.3,0.1,,0.38314666666666675,1.0,0.6168533333333333,1,"{""energy"": 0.6666666666666667, ""water"": 0.05493333333333334, ""transport"": 0.33333333333333337}","{""energy"": 1.0, ""water"": 1.0, ""transport"": 1.0}","{""energy"": 0.33333333333333326, ""water"": 0.9450666666666666, ""transport"": 0.6666666666666666}",13,0.38314666666666675,,,[],,v2.0,0.7,0.3
S4_water_partial,493,493,1018404534939230953,scenario=S4_water_partial|method=both|duration=0|theta=0.300000|delta_threshold=0.100000|A=v2.0|w=na|run_id=493|seed=1018404534939230953,False,"{""step_1_amount"": 0.056827306135019594}",033832c9a51598bd69064fc3910037f6fde292830c04f0066e6d9779dc60f4ca,0.38314666666666675,0.38314666666666675,0.0,18,0.0,0.0,0.38314666666666675,0.38314666666666675,0,0,0.0,"{""energy"": 0.6666666666666667, ""water"": 0.05493333333333334, ""transport"": 0.33333333333333337}","{""energy"": 0.6666666666666667, ""water"": 0.05493333333333334, ""transport"": 0.33333333333333337}","{""energy"": 0.0, ""water"": 0.0, ""transport"": 0.0}","{""energy"": 0.0, ""water"": 0.0, ""transport"": 0.0}","{""energy"": 0.0, ""water"": 0.0, ""transport"": 0.0}","{""energy"": 0.0, ""water"": 0.0, ""transport"": 0.0}",0.3,0.1,,0.38314666666666675,1.0,0.6168533333333333,1,"{""energy"": 0.6666666666666667, ""water"": 0.05493333333333334, ""transport"": 0.33333333333333337}","{""energy"": 1.0, ""water"": 1.0, ""transport"": 1.0}","{""energy"": 0.33333333333333326, ""water"": 0.9450666666666666, ""transport"": 0.6666666666666666}",13,0.38314666666666675,,,[],,v2.0,0.7,0.3
S4_water_partial,494,494,3473968960332043032,scenario=S4_water_partial|method=both|duration=0|theta=0.300000|delta_threshold=0.100000|A=v2.0|w=na|run_id=494|seed=3473968960332043032,False,"{""step_1_amount"": 0.020037252815519664}",033832c9a51598bd69064fc3910037f6fde292830c04f0066e6d9779dc60f4ca,0.38314666666666675,0.38314666666666675,0.0,21,0.0,0.0,0.38314666666666675,0.38314666666666675,0,0,0.0,"{""energy"": 0.6666666666666667, ""water"": 0.05493333333333334, ""transport"": 0.33333333333333337}","{""energy"": 0.6666666666666667, ""water"": 0.05493333333333334, ""transport"": 0.33333333333333337}","{""energy"": 0.0, ""water"": 0.0, ""transport"": 0.0}","{""energy"": 0.0, ""water"": 0.0, ""transport"": 0.0}","{""energy"": 0.0, ""water"": 0.0, ""transport"": 0.0}","{""energy"": 0.0, ""water"": 0.0, ""transport"": 0.0}",0.3,0.1,,0.38314666666666675,1.0,0.6168533333333333,1,"{""energy"": 0.6666666666666667, ""water"": 0.05493333333333334, ""transport"": 0.33333333333333337}","{""energy"": 1.0, ""water"": 1.0, ""transport"": 1.0}","{""energy"": 0.33333333333333326, ""water"": 0.9450666666666666, ""transport"": 0.6666666666666666}",13,0.38314666666666675,,,[],,v2.0,0.7,0.3
S4_water_partial,495,495,5980861414856933273,scenario=S4_water_partial|method=both|duration=0|theta=0.300000|delta_threshold=0.100000|A=v2.0|w=na|run_id=495|seed=5980861414856933273,False,"{""step_1_amount"": 0.16707343884416803}",033832c9a51598bd69064fc3910037f6fde292830c04f0066e6d9779dc60f4ca,0.38314666666666675,0.38314666666666675,0.0,15,0.0,0.0,0.38314666666666675,0.38314666666666675,0,0,0.0,"{""energy"": 0.6666666666666667, ""water"": 0.05493333333333334, ""transport"": 0.33333333333333337}","{""energy"": 0.6666666666666667, ""water"": 0.05493333333333334, ""transport"": 0.33333333333333337}","{""energy"": 0.0, ""water"": 0.0, ""transport"": 0.0}","{""energy"": 0.0, ""water"": 0.0, ""transport"": 0.0}","{""energy"": 0.0, ""water"": 0.0, ""transport"": 0.0}","{""energy"": 0.0, ""water"": 0.0, ""transport"": 0.0}",0.3,0.1,,0.38314666666666675,1.0,0.6168533333333333,1,"{""energy"": 0.6666666666666667, ""water"": 0.05493333333333334, ""transport"": 0.33333333333333337}","{""energy"": 1.0, ""water"": 1.0, ""transport"": 1.0}","{""energy"": 0.33333333333333326, ""water"": 0.9450666666666666, ""transport"": 0.6666666666666666}",13,0.38314666666666675,,,[],,v2.0,0.7,0.3
S4_water_partial,496,496,9642167557374917876,scenario=S4_water_partial|method=both|duration=0|theta=0.300000|delta_threshold=0.100000|A=v2.0|w=na|run_id=496|seed=9642167557374917876,False,"{""step_1_amount"": 0.1548220993492934}",033832c9a51598bd69064fc3910037f6fde292830c04f0066e6d9779dc60f4ca,0.38314666666666675,0.38314666666666675,0.0,8,0.0,0.0,0.38314666666666675,0.38314666666666675,0,0,0.0,"{""energy"": 0.6666666666666667, ""water"": 0.05493333333333334, ""transport"": 0.33333333333333337}","{""energy"": 0.6666666666666667, ""water"": 0.05493333333333334, ""transport"": 0.33333333333333337}","{""energy"": 0.0, ""water"": 0.0, ""transport"": 0.0}","{""energy"": 0.0, ""water"": 0.0, ""transport"": 0.0}","{""energy"": 0.0, ""water"": 0.0, ""transport"": 0.0}","{""energy"": 0.0, ""water"": 0.0, ""transport"": 0.0}",0.3,0.1,,0.38314666666666675,1.0,0.6168533333333333,1,"{""energy"": 0.6666666666666667, ""water"": 0.05493333333333334, ""transport"": 0.33333333333333337}","{""energy"": 1.0, ""water"": 1.0, ""transport"": 1.0}","{""energy"": 0.33333333333333326, ""water"": 0.9450666666666666, ""transport"": 0.6666666666666666}",13,0.38314666666666675,,,[],,v2.0,0.7,0.3
S4_water_partial,497,497,6379771810797299569,scenario=S4_water_partial|method=both|duration=0|theta=0.300000|delta_threshold=0.100000|A=v2.0|w=na|run_id=497|seed=6379771810797299569,False,"{""step_1_amount"": 0.1500496536586086}",033832c9a51598bd69064fc3910037f6fde292830c04f0066e6d9779dc60f4ca,0.38314666666666675,0.38314666666666675,0.0,13,0.0,0.0,0.38314666666666675,0.38314666666666675,0,0,0.0,"{""energy"": 0.6666666666666667, ""water"": 0.05493333333333334, ""transport"": 0.33333333333333337}","{""energy"": 0.6666666666666667, ""water"": 0.05493333333333334, ""transport"": 0.33333333333333337}","{""energy"": 0.0, ""water"": 0.0, ""transport"": 0.0}","{""energy"": 0.0, ""water"": 0.0, ""transport"": 0.0}","{""energy"": 0.0, ""water"": 0.0, ""transport"": 0.0}","{""energy"": 0.0, ""water"": 0.0, ""transport"": 0.0}",0.3,0.1,,0.38314666666666675,1.0,0.6168533333333333,1,"{""energy"": 0.6666666666666667, ""water"": 0.05493333333333334, ""transport"": 0.33333333333333337}","{""energy"": 1.0, ""water"": 1.0, ""transport"": 1.0}","{""energy"": 0.33333333333333326, ""water"": 0.9450666666666666, ""transport"": 0.6666666666666666}",13,0.38314666666666675,,,[],,v2.0,0.7,0.3
S4_water_partial,498,498,6005426307380712455,scenario=S4_water_partial|method=both|duration=0|theta=0.300000|delta_threshold=0.100000|A=v2.0|w=na|run_id=498|seed=6005426307380712455,False,"{""step_1_amount"": 0.12150137819536563}",033832c9a51598bd69064fc3910037f6fde292830c04f0066e6d9779dc60f4ca,0.38314666666666675,0.38314666666666675,0.0,13,0.0,0.0,0.38314666666666675,0.38314666666666675,0,0,0.0,"{""energy"": 0.6666666666666667, ""water"": 0.05493333333333334, ""transport"": 0.33333333333333337}","{""energy"": 0.6666666666666667, ""water"": 0.05493333333333334, ""transport"": 0.33333333333333337}","{""energy"": 0.0, ""water"": 0.0, ""transport"": 0.0}","{""energy"": 0.0, ""water"": 0.0, ""transport"": 0.0}","{""energy"": 0.0, ""water"": 0.0, ""transport"": 0.0}","{""energy"": 0.0, ""water"": 0.0, ""transport"": 0.0}",0.3,0.1,,0.38314666666666675,1.0,0.6168533333333333,1,"{""energy"": 0.6666666666666667, ""water"": 0.05493333333333334, ""transport"": 0.33333333333333337}","{""energy"": 1.0, ""water"": 1.0, ""transport"": 1.0}","{""energy"": 0.33333333333333326, ""water"": 0.9450666666666666, ""transport"": 0.6666666666666666}",13,0.38314666666666675,,,[],,v2.0,0.7,0.3
S4_water_partial,499,499,14161458081810647263,scenario=S4_water_partial|method=both|duration=0|theta=0.300000|delta_threshold=0.100000|A=v2.0|w=na|run_id=499|seed=14161458081810647263,False,"{""step_1_amount"": 0.12852187159319636}",033832c9a51598bd69064fc3910037f6fde292830c04f0066e6d9779dc60f4ca,0.38314666666666675,0.38314666666666675,0.0,13,0.0,0.0,0.38314666666666675,0.38314666666666675,0,0,0.0,"{""energy"": 0.6666666666666667, ""water"": 0.05493333333333334, ""transport"": 0.33333333333333337}","{""energy"": 0.6666666666666667, ""water"": 0.05493333333333334, ""transport"": 0.33333333333333337}","{""energy"": 0.0, ""water"": 0.0, ""transport"": 0.0}","{""energy"": 0.0, ""water"": 0.0, ""transport"": 0.0}","{""energy"": 0.0, ""water"": 0.0, ""transport"": 0.0}","{""energy"": 0.0, ""water"": 0.0, ""transport"": 0.0}",0.3,0.1,,0.38314666666666675,1.0,0.6168533333333333,1,"{""energy"": 0.6666666666666667, ""water"": 0.05493333333333334, ""transport"": 0.33333333333333337}","{""energy"": 1.0, ""water"": 1.0, ""transport"": 1.0}","{""energy"": 0.33333333333333326, ""water"": 0.9450666666666666, ""transport"": 0.6666666666666666}",13,0.38314666666666675,,,[],,v2.0,0.7,0.3
S4_water_partial,500,500,11194307790884342666,scenario=S4_water_partial|method=both|duration=0|theta=0.300000|delta_threshold=0.100000|A=v2.0|w=na|run_id=500|seed=11194307790884342666,False,"{""step_1_amount"": 0.23129908755993425}",033832c9a51598bd69064fc3910037f6fde292830c04f0066e6d9779dc60f4ca,0.38314666666666675,0.4023087505480475,0.019162083881380743,10,0.0,0.0,0.38314666666666675,0.4023087505480475,0,0,0.019162083881380743,"{""energy"": 0.6666666666666667, ""water"": 0.05493333333333334, ""transport"": 0.33333333333333337}","{""energy"": 0.6793662714441101, ""water"": 0.09405719278325117, ""transport"": 0.341150280451427}","{""energy"": 0.012699604777443363, ""water"": 0.03912385944991783, ""transport"": 0.007816947118093609}","{""energy"": 0.0, ""water"": 0.0, ""transport"": 0.0}","{""energy"": 0.0, ""water"": 0.0, ""transport"": 0.0}","{""energy"": 0.0, ""water"": 0.0, ""transport"": 0.0}",0.3,0.1,,0.38314666666666675,1.0,0.6168533333333333,1,"{""energy"": 0.6666666666666667, ""water"": 0.05493333333333334, ""transport"": 0.33333333333333337}","{""energy"": 1.0, ""water"": 1.0, ""transport"": 1.0}","{""energy"": 0.33333333333333326, ""water"": 0.9450666666666666, ""transport"": 0.6666666666666666}",12,0.4023087505480475,,,[],,v2.0,0.7,0.3
