scenario_id,run_id,run,seed,cache_key,cache_hit,randomized_params,x0_hash,before,after,delta,duration,method_cl_total_before,method_cl_total_after,method_q_total_before,method_q_total_after,I_cl,I_q,delta_R,before_vec_q,after_vec_q,delta_vec_q,before_vec_cl,after_vec_cl,delta_vec_cl,theta_classical,delta_sector_threshold,theta_node,method_qi_total_before,method_qi_total_after,delta_qi,I_qi,before_vec_qi,after_vec_qi,delta_vec_qi,convergence_steps,peak_after_q,final_after_recovery_q,recovery_trajectory_q,cl_activated_sectors,cl_first_activation_step,matrix_version,theta_bin,theta_cascade
S4_water_partial,1,1,10218839302848591282,scenario=S4_water_partial|method=both|duration=0|theta=0.300000|delta_threshold=0.100000|A=v2.0|w=na|run_id=1|seed=10218839302848591282,False,"{""step_1_amount"": 0.982384150888676}",033832c9a51598bd69064fc3910037f6fde292830c04f0066e6d9779dc60f4ca,0.38314666666666675,0.8522677468612329,0.4691210801945661,6,0.0,1.0,0.38314666666666675,0.8522677468612329,1,1,0.4691210801945661,"{""energy"": 0.6666666666666667, ""water"": 0.05493333333333334, ""transport"": 0.33333333333333337}","{""energy"": 0.984119035889747, ""water"": 1.0, ""transport"": 0.5287337750177802}","{""energy"": 0.3174523692230803, ""water"": 0.9450666666666666, ""transport"": 0.1954004416844468}","{""energy"": 0.0, ""water"": 0.0, ""transport"": 0.0}","{""energy"": 1.0, ""water"": 1.0, ""transport"": 1.0}","{""energy"": 1.0, ""water"": 1.0, ""transport"": 1.0}",0.3,0.1,,0.38314666666666675,1.0,0.6168533333333333,1,"{""energy"": 0.6666666666666667, ""water"": 0.05493333333333334, ""transport"": 0.33333333333333337}","{""energy"": 1.0, ""water"": 1.0, ""transport"": 1.0}","{""energy"": 0.33333333333333326, ""water"": 0.9450666666666666, ""transport"": 0.6666666666666666}",3,0.8522677468612329,,,"[""energy"", ""transport""]",1,v2.0,0.7,0.3
S4_water_partial,2,2,1551714282877654289,scenario=S4_water_partial|method=both|duration=0|theta=0.300000|delta_threshold=0.100000|A=v2.0|w=na|run_id=2|seed=1551714282877654289,False,"{""step_1_amount"": 0.9617196470973953}",033832c9a51598bd69064fc3910037f6fde292830c04f0066e6d9779dc60f4ca,0.38314666666666675,0.8473656099493463,0.46421894328267954,12,0.0,1.0,0.38314666666666675,0.8473656099493463,1,1,0.46421894328267954,"{""energy"": 0.6666666666666667, ""water"": 0.05493333333333334, ""transport"": 0.33333333333333337}","{""energy"": 0.9757344134764349, ""water"": 1.0, ""transport"": 0.5235728151959078}","{""energy"": 0.3090677468097681, ""water"": 0.9450666666666666, ""transport"": 0.19023948186257444}","{""energy"": 0.0, ""water"": 0.0, ""transport"": 0.0}","{""energy"": 1.0, ""water"": 1.0, ""transport"": 1.0}","{""energy"": 1.0, ""water"": 1.0, ""transport"": 1.0}",0.3,0.1,,0.38314666666666675,1.0,0.6168533333333333,1,"{""energy"": 0.6666666666666667, ""water"": 0.05493333333333334, ""transport"": 0.33333333333333337}","{""energy"": 1.0, ""water"": 1.0, ""transport"": 1.0}","{""energy"": 0.33333333333333326, ""water"": 0.9450666666666666, ""transport"": 0.6666666666666666}",3,0.8473656099493463,,,"[""energy"", ""transport""]",1,v2.0,0.7,0.3
S4_water_partial,3,3,17165758592708349444,scenario=S4_water_partial|method=both|duration=0|theta=0.300000|delta_threshold=0.100000|A=v2.0|w=na|run_id=3|seed=17165758592708349444,False,"{""step_1_amount"": 0.8919428500043597}",033832c9a51598bd69064fc3910037f6fde292830c04f0066e6d9779dc60f4ca,0.38314666666666675,0.8067713780105858,0.4236247113439191,30,0.0,1.0,0.38314666666666675,0.8067713780105858,1,1,0.4236247113439191,"{""energy"": 0.6666666666666667, ""water"": 0.05493333333333334, ""transport"": 0.33333333333333337}","{""energy"": 0.9474224780559357, ""water"": 0.919861895838783, ""transport"": 0.5061460601219222}","{""energy"": 0.28075581138926897, ""water"": 0.8649285625054496, ""transport"": 0.17281272678858883}","{""energy"": 0.0, ""water"": 0.0, ""transport"": 0.0}","{""energy"": 1.0, ""water"": 1.0, ""transport"": 1.0}","{""energy"": 1.0, ""water"": 1.0, ""transport"": 1.0}",0.3,0.1,,0.38314666666666675,1.0,0.6168533333333333,1,"{""energy"": 0.6666666666666667, ""water"": 0.05493333333333334, ""transport"": 0.33333333333333337}","{""energy"": 1.0, ""water"": 1.0, ""transport"": 1.0}","{""energy"": 0.33333333333333326, ""water"": 0.9450666666666666, ""transport"": 0.6666666666666666}",3,0.8067713780105858,,,"[""energy"", ""transport""]",1,v2.0,0.7,0.3
S4_water_partial,4,4,10277558166160841261,scenario=S4_water_partial|method=both|duration=0|theta=0.300000|delta_threshold=0.100000|A=v2.0|w=na|run_id=4|seed=10277558166160841261,False,"{""step_1_amount"": 0.810633905305044}",033832c9a51598bd69064fc3910037f6fde292830c04f0066e6d9779dc60f4ca,0.38314666666666675,0.7569920093420474,0.3738453426753806,15,0.0,1.0,0.38314666666666675,0.7569920093420474,1,1,0.3738453426753806,"{""energy"": 0.6666666666666667, ""water"": 0.05493333333333334, ""transport"": 0.33333333333333337}","{""energy"": 0.9144313737441884, ""water"": 0.8182257149646384, ""transport"": 0.48583915118326815}","{""energy"": 0.24776470707752163, ""water"": 0.763292381631305, ""transport"": 0.15250581784993478}","{""energy"": 0.0, ""water"": 0.0, ""transport"": 0.0}","{""energy"": 1.0, ""water"": 1.0, ""transport"": 1.0}","{""energy"": 1.0, ""water"": 1.0, ""transport"": 1.0}",0.3,0.1,,0.38314666666666675,1.0,0.6168533333333333,1,"{""energy"": 0.6666666666666667, ""water"": 0.05493333333333334, ""transport"": 0.33333333333333337}","{""energy"": 1.0, ""water"": 1.0, ""transport"": 1.0}","{""energy"": 0.33333333333333326, ""water"": 0.9450666666666666, ""transport"": 0.6666666666666666}",4,0.7569920093420474,,,"[""energy"", ""transport""]",1,v2.0,0.7,0.3
S4_water_partial,5,5,8113601936823812339,scenario=S4_water_partial|method=both|duration=0|theta=0.300000|delta_threshold=0.100000|A=v2.0|w=na|run_id=5|seed=8113601936823812339,False,"{""step_1_amount"": 1.3725665325018432}",033832c9a51598bd69064fc3910037f6fde292830c04f0066e6d9779dc60f4ca,0.38314666666666675,0.8564466666666667,0.47329999999999994,6,0.0,1.0,0.38314666666666675,0.8564466666666667,1,1,0.47329999999999994,"{""energy"": 0.6666666666666667, ""water"": 0.05493333333333334, ""transport"": 0.33333333333333337}","{""energy"": 0.9912666666666667, ""water"": 1.0, ""transport"": 0.5331333333333333}","{""energy"": 0.3246, ""water"": 0.9450666666666666, ""transport"": 0.19979999999999998}","{""energy"": 0.0, ""water"": 0.0, ""transport"": 0.0}","{""energy"": 1.0, ""water"": 1.0, ""transport"": 1.0}","{""energy"": 1.0, ""water"": 1.0, ""transport"": 1.0}",0.3,0.1,,0.38314666666666675,1.0,0.6168533333333333,1,"{""energy"": 0.6666666666666667, ""water"": 0.05493333333333334, ""transport"": 0.33333333333333337}","{""energy"": 1.0, ""water"": 1.0, ""transport"": 1.0}","{""energy"": 0.33333333333333326, ""water"": 0.9450666666666666, ""transport"": 0.6666666666666666}",3,0.8564466666666667,,,"[""energy"", ""transport""]",1,v2.0,0.7,0.3
S4_water_partial,6,6,13820126298588664351,scenario=S4_water_partial|method=both|duration=0|theta=0.300000|delta_threshold=0.100000|A=v2.0|w=na|run_id=6|seed=13820126298588664351,False,"{""step_1_amount"": 0.5284088575910404}",033832c9a51598bd69064fc3910037f6fde292830c04f0066e6d9779dc60f4ca,0.38314666666666675,0.5842067795053414,0.20106011283867464,6,0.0,0.0,0.38314666666666675,0.5842067795053414,0,1,0.20106011283867464,"{""energy"": 0.6666666666666667, ""water"": 0.05493333333333334, ""transport"": 0.33333333333333337}","{""energy"": 0.7999185606342314, ""water"": 0.4654444053221338, ""transport"": 0.41535344551669573}","{""energy"": 0.13325189396756465, ""water"": 0.4105110719888005, ""transport"": 0.08202011218336236}","{""energy"": 0.0, ""water"": 0.0, ""transport"": 0.0}","{""energy"": 0.0, ""water"": 0.0, ""transport"": 0.0}","{""energy"": 0.0, ""water"": 0.0, ""transport"": 0.0}",0.3,0.1,,0.38314666666666675,1.0,0.6168533333333333,1,"{""energy"": 0.6666666666666667, ""water"": 0.05493333333333334, ""transport"": 0.33333333333333337}","{""energy"": 1.0, ""water"": 1.0, ""transport"": 1.0}","{""energy"": 0.33333333333333326, ""water"": 0.9450666666666666, ""transport"": 0.6666666666666666}",8,0.5842067795053414,,,[],,v2.0,0.7,0.3
S4_water_partial,7,7,15259738130958010352,scenario=S4_water_partial|method=both|duration=0|theta=0.300000|delta_threshold=0.100000|A=v2.0|w=na|run_id=7|seed=15259738130958010352,False,"{""step_1_amount"": 0.19982066550454086}",033832c9a51598bd69064fc3910037f6fde292830c04f0066e6d9779dc60f4ca,0.38314666666666675,0.38314666666666675,0.0,21,0.0,0.0,0.38314666666666675,0.38314666666666675,0,0,0.0,"{""energy"": 0.6666666666666667, ""water"": 0.05493333333333334, ""transport"": 0.33333333333333337}","{""energy"": 0.6666666666666667, ""water"": 0.05493333333333334, ""transport"": 0.33333333333333337}","{""energy"": 0.0, ""water"": 0.0, ""transport"": 0.0}","{""energy"": 0.0, ""water"": 0.0, ""transport"": 0.0}","{""energy"": 0.0, ""water"": 0.0, ""transport"": 0.0}","{""energy"": 0.0, ""water"": 0.0, ""transport"": 0.0}",0.3,0.1,,0.38314666666666675,1.0,0.6168533333333333,1,"{""energy"": 0.6666666666666667, ""water"": 0.05493333333333334, ""transport"": 0.33333333333333337}","{""energy"": 1.0, ""water"": 1.0, ""transport"": 1.0}","{""energy"": 0.33333333333333326, ""water"": 0.9450666666666666, ""transport"": 0.6666666666666666}",13,0.38314666666666675,,,[],,v2.0,0.7,0.3
S4_water_partial,8,8,10904579800364905174,scenario=S4_water_partial|method=both|duration=0|theta=0.300000|delta_threshold=0.100000|A=v2.0|w=na|run_id=8|seed=10904579800364905174,False,"{""step_1_amount"": 0.8835950940278405}",033832c9a51598bd69064fc3910037f6fde292830c04f0066e6d9779dc60f4ca,0.38314666666666675,0.8016606731078614,0.41851400644119463,20,0.0,1.0,0.38314666666666675,0.8016606731078614,1,1,0.41851400644119463,"{""energy"": 0.6666666666666667, ""water"": 0.05493333333333334, ""transport"": 0.33333333333333337}","{""energy"": 0.944035376068463, ""water"": 0.9094272008681341, ""transport"": 0.5040612080667866}","{""energy"": 0.27736870940179625, ""water"": 0.8544938675348007, ""transport"": 0.1707278747334532}","{""energy"": 0.0, ""water"": 0.0, ""transport"": 0.0}","{""energy"": 1.0, ""water"": 1.0, ""transport"": 1.0}","{""energy"": 1.0, ""water"": 1.0, ""transport"": 1.0}",0.3,0.1,,0.38314666666666675,1.0,0.6168533333333333,1,"{""energy"": 0.6666666666666667, ""water"": 0.05493333333333334, ""transport"": 0.33333333333333337}","{""energy"": 1.0, ""water"": 1.0, ""transport"": 1.0}","{""energy"": 0.33333333333333326, ""water"": 0.9450666666666666, ""transport"": 0.6666666666666666}",4,0.8016606731078614,,,"[""energy"", ""transport""]",1,v2.0,0.7,0.3
S4_water_partial,9,9,13386037884783960972,scenario=S4_water_partial|method=both|duration=0|theta=0.300000|delta_threshold=0.100000|A=v2.0|w=na|run_id=9|seed=13386037884783960972,False,"{""step_1_amount"": 1.2023612096244403}",033832c9a51598bd69064fc3910037f6fde292830c04f0066e6d9779dc60f4ca,0.38314666666666675,0.8564466666666667,0.47329999999999994,17,0.0,1.0,0.38314666666666675,0.8564466666666667,1,1,0.47329999999999994,"{""energy"": 0.6666666666666667, ""water"": 0.05493333333333334, ""transport"": 0.33333333333333337}","{""energy"": 0.9912666666666667, ""water"": 1.0, ""transport"": 0.5331333333333333}","{""energy"": 0.3246, ""water"": 0.9450666666666666, ""transport"": 0.19979999999999998}","{""energy"": 0.0, ""water"": 0.0, ""transport"": 0.0}","{""energy"": 1.0, ""water"": 1.0, ""transport"": 1.0}","{""energy"": 1.0, ""water"": 1.0, ""transport"": 1.0}",0.3,0.1,,0.38314666666666675,1.0,0.6168533333333333,1,"{""energy"": 0.6666666666666667, ""water"": 0.05493333333333334, ""transport"": 0.33333333333333337}","{""energy"": 1.0, ""water"": 1.0, ""transport"": 1.0}","{""energy"": 0.33333333333333326, ""water"": 0.9450666666666666, ""transport"": 0.6666666666666666}",3,0.8564466666666667,,,"[""energy"", ""transport""]",1,v2.0,0.7,0.3
S4_water_partial,10,10,14060088024156388616,scenario=S4_water_partial|method=both|duration=0|theta=0.300000|delta_threshold=0.100000|A=v2.0|w=na|run_id=10|seed=14060088024156388616,False,"{""step_1_amount"": 0.31001795750943556}",033832c9a51598bd69064fc3910037f6fde292830c04f0066e6d9779dc60f4ca,0.38314666666666675,0.4505024107028809,0.06735574403621414,28,0.0,0.0,0.38314666666666675,0.4505024107028809,0,0,0.06735574403621414,"{""energy"": 0.6666666666666667, ""water"": 0.05493333333333334, ""transport"": 0.33333333333333337}","{""energy"": 0.7113064529261202, ""water"": 0.19245578022012774, ""transport"": 0.3608103182213149}","{""energy"": 0.04463978625945342, ""water"": 0.1375224468867944, ""transport"": 0.027476984887981504}","{""energy"": 0.0, ""water"": 0.0, ""transport"": 0.0}","{""energy"": 0.0, ""water"": 0.0, ""transport"": 0.0}","{""energy"": 0.0, ""water"": 0.0, ""transport"": 0.0}",0.3,0.1,,0.38314666666666675,1.0,0.6168533333333333,1,"{""energy"": 0.6666666666666667, ""water"": 0.05493333333333334, ""transport"": 0.33333333333333337}","{""energy"": 1.0, ""water"": 1.0, ""transport"": 1.0}","{""energy"": 0.33333333333333326, ""water"": 0.9450666666666666, ""transport"": 0.6666666666666666}",11,0.4505024107028809,,,[],,v2.0,0.7,0.3
S4_water_partial,11,11,11107337599642383062,scenario=S4_water_partial|method=both|duration=0|theta=0.300000|delta_threshold=0.100000|A=v2.0|w=na|run_id=11|seed=11107337599642383062,False,"{""step_1_amount"": 0.734287983999293}",033832c9a51598bd69064fc3910037f6fde292830c04f0066e6d9779dc60f4ca,0.38314666666666675,0.7102511276706338,0.32710446100396706,9,0.0,0.0,0.38314666666666675,0.7102511276706338,0,1,0.32710446100396706,"{""energy"": 0.6666666666666667, ""water"": 0.05493333333333334, ""transport"": 0.33333333333333337}","{""energy"": 0.8834540161743798, ""water"": 0.7227933133324496, ""transport"": 0.4667717573371568}","{""energy"": 0.21678734950771306, ""water"": 0.6678599799991162, ""transport"": 0.13343842400382344}","{""energy"": 0.0, ""water"": 0.0, ""transport"": 0.0}","{""energy"": 0.0, ""water"": 0.0, ""transport"": 0.0}","{""energy"": 0.0, ""water"": 0.0, ""transport"": 0.0}",0.3,0.1,,0.38314666666666675,1.0,0.6168533333333333,1,"{""energy"": 0.6666666666666667, ""water"": 0.05493333333333334, ""transport"": 0.33333333333333337}","{""energy"": 1.0, ""water"": 1.0, ""transport"": 1.0}","{""energy"": 0.33333333333333326, ""water"": 0.9450666666666666, ""transport"": 0.6666666666666666}",5,0.7102511276706338,,,[],,v2.0,0.7,0.3
S4_water_partial,12,12,6031167352262539807,scenario=S4_water_partial|method=both|duration=0|theta=0.300000|delta_threshold=0.100000|A=v2.0|w=na|run_id=12|seed=6031167352262539807,False,"{""step_1_amount"": 0.6744559562689598}",033832c9a51598bd69064fc3910037f6fde292830c04f0066e6d9779dc60f4ca,0.38314666666666675,0.6736204644934306,0.29047379782676386,28,0.0,0.0,0.38314666666666675,0.6736204644934306,0,1,0.29047379782676386,"{""energy"": 0.6666666666666667, ""water"": 0.05493333333333334, ""transport"": 0.33333333333333337}","{""energy"": 0.8591771709227971, ""water"": 0.6480032786695331, ""transport"": 0.4518287084115061}","{""energy"": 0.19251050425613037, ""water"": 0.5930699453361997, ""transport"": 0.1184953750781727}","{""energy"": 0.0, ""water"": 0.0, ""transport"": 0.0}","{""energy"": 0.0, ""water"": 0.0, ""transport"": 0.0}","{""energy"": 0.0, ""water"": 0.0, ""transport"": 0.0}",0.3,0.1,,0.38314666666666675,1.0,0.6168533333333333,1,"{""energy"": 0.6666666666666667, ""water"": 0.05493333333333334, ""transport"": 0.33333333333333337}","{""energy"": 1.0, ""water"": 1.0, ""transport"": 1.0}","{""energy"": 0.33333333333333326, ""water"": 0.9450666666666666, ""transport"": 0.6666666666666666}",6,0.6736204644934306,,,[],,v2.0,0.7,0.3
S4_water_partial,13,13,18032369781719048698,scenario=S4_water_partial|method=both|duration=0|theta=0.300000|delta_threshold=0.100000|A=v2.0|w=na|run_id=13|seed=18032369781719048698,False,"{""step_1_amount"": 0.6243109978420468}",033832c9a51598bd69064fc3910037f6fde292830c04f0066e6d9779dc60f4ca,0.38314666666666675,0.6429204673205138,0.25977380065384703,29,0.0,0.0,0.38314666666666675,0.6429204673205138,0,1,0.25977380065384703,"{""energy"": 0.6666666666666667, ""water"": 0.05493333333333334, ""transport"": 0.33333333333333337}","{""energy"": 0.8388308540410773, ""water"": 0.585322080635892, ""transport"": 0.4393050050443846}","{""energy"": 0.17216418737441053, ""water"": 0.5303887473025586, ""transport"": 0.10597167171105121}","{""energy"": 0.0, ""water"": 0.0, ""transport"": 0.0}","{""energy"": 0.0, ""water"": 0.0, ""transport"": 0.0}","{""energy"": 0.0, ""water"": 0.0, ""transport"": 0.0}",0.3,0.1,,0.38314666666666675,1.0,0.6168533333333333,1,"{""energy"": 0.6666666666666667, ""water"": 0.05493333333333334, ""transport"": 0.33333333333333337}","{""energy"": 1.0, ""water"": 1.0, ""transport"": 1.0}","{""energy"": 0.33333333333333326, ""water"": 0.9450666666666666, ""transport"": 0.6666666666666666}",7,0.6429204673205138,,,[],,v2.0,0.7,0.3
S4_water_partial,14,14,11900822515345170755,scenario=S4_water_partial|method=both|duration=0|theta=0.300000|delta_threshold=0.100000|A=v2.0|w=na|run_id=14|seed=11900822515345170755,False,"{""step_1_amount"": 0.4078309510382273}",033832c9a51598bd69064fc3910037f6fde292830c04f0066e6d9779dc60f4ca,0.38314666666666675,0.5103859706660454,0.12723930399937866,25,0.0,0.0,0.38314666666666675,0.5103859706660454,0,0,0.12723930399937866,"{""energy"": 0.6666666666666667, ""water"": 0.05493333333333334, ""transport"": 0.33333333333333337}","{""energy"": 0.7509940750504275, ""water"": 0.3147220221311175, ""transport"": 0.38523911335513067}","{""energy"": 0.08432740838376074, ""water"": 0.25978868879778416, ""transport"": 0.0519057800217973}","{""energy"": 0.0, ""water"": 0.0, ""transport"": 0.0}","{""energy"": 0.0, ""water"": 0.0, ""transport"": 0.0}","{""energy"": 0.0, ""water"": 0.0, ""transport"": 0.0}",0.3,0.1,,0.38314666666666675,1.0,0.6168533333333333,1,"{""energy"": 0.6666666666666667, ""water"": 0.05493333333333334, ""transport"": 0.33333333333333337}","{""energy"": 1.0, ""water"": 1.0, ""transport"": 1.0}","{""energy"": 0.33333333333333326, ""water"": 0.9450666666666666, ""transport"": 0.6666666666666666}",10,0.5103859706660454,,,[],,v2.0,0.7,0.3
S4_water_partial,15,15,15306338854217874014,scenario=S4_water_partial|method=both|duration=0|theta=0.300000|delta_threshold=0.100000|A=v2.0|w=na|run_id=15|seed=15306338854217874014,False,"{""step_1_amount"": 1.061676023739169}",033832c9a51598bd69064fc3910037f6fde292830c04f0066e6d9779dc60f4ca,0.38314666666666675,0.8564466666666667,0.47329999999999994,19,0.0,1.0,0.38314666666666675,0.8564466666666667,1,1,0.47329999999999994,"{""energy"": 0.6666666666666667, ""water"": 0.05493333333333334, ""transport"": 0.33333333333333337}","{""energy"": 0.9912666666666667, ""water"": 1.0, ""transport"": 0.5331333333333333}","{""energy"": 0.3246, ""water"": 0.9450666666666666, ""transport"": 0.19979999999999998}","{""energy"": 0.0, ""water"": 0.0, ""transport"": 0.0}","{""energy"": 1.0, ""water"": 1.0, ""transport"": 1.0}","{""energy"": 1.0, ""water"": 1.0, ""transport"": 1.0}",0.3,0.1,,0.38314666666666675,1.0,0.6168533333333333,1,"{""energy"": 0.6666666666666667, ""water"": 0.05493333333333334, ""transport"": 0.33333333333333337}","{""energy"": 1.0, ""water"": 1.0, ""transport"": 1.0}","{""energy"": 0.33333333333333326, ""water"": 0.9450666666666666, ""transport"": 0.6666666666666666}",3,0.8564466666666667,,,"[""energy"", ""transport""]",1,v2.0,0.7,0.3
S4_water_partial,16,16,5001389734880608894,scenario=S4_water_partial|method=both|duration=0|theta=0.300000|delta_threshold=0.100000|A=v2.0|w=na|run_id=16|seed=5001389734880608894,False,"{""step_1_amount"": 0.6048723361952013}",033832c9a51598bd69064fc3910037f6fde292830c04f0066e6d9779dc60f4ca,0.38314666666666675,0.6310196326937739,0.24787296602710718,18,0.0,0.0,0.38314666666666675,0.6310196326937739,0,1,0.24787296602710718,"{""energy"": 0.6666666666666667, ""water"": 0.05493333333333334, ""transport"": 0.33333333333333337}","{""energy"": 0.8309436170778697, ""water"": 0.561023753577335, ""transport"": 0.4344501992980849}","{""energy"": 0.16427695041120294, ""water"": 0.5060904202440016, ""transport"": 0.10111686596475156}","{""energy"": 0.0, ""water"": 0.0, ""transport"": 0.0}","{""energy"": 0.0, ""water"": 0.0, ""transport"": 0.0}","{""energy"": 0.0, ""water"": 0.0, ""transport"": 0.0}",0.3,0.1,,0.38314666666666675,1.0,0.6168533333333333,1,"{""energy"": 0.6666666666666667, ""water"": 0.05493333333333334, ""transport"": 0.33333333333333337}","{""energy"": 1.0, ""water"": 1.0, ""transport"": 1.0}","{""energy"": 0.33333333333333326, ""water"": 0.9450666666666666, ""transport"": 0.6666666666666666}",7,0.6310196326937739,,,[],,v2.0,0.7,0.3
S4_water_partial,17,17,15617212558855397898,scenario=S4_water_partial|method=both|duration=0|theta=0.300000|delta_threshold=0.100000|A=v2.0|w=na|run_id=17|seed=15617212558855397898,False,"{""step_1_amount"": 0.15601520740057934}",033832c9a51598bd69064fc3910037f6fde292830c04f0066e6d9779dc60f4ca,0.38314666666666675,0.38314666666666675,0.0,23,0.0,0.0,0.38314666666666675,0.38314666666666675,0,0,0.0,"{""energy"": 0.6666666666666667, ""water"": 0.05493333333333334, ""transport"": 0.33333333333333337}","{""energy"": 0.6666666666666667, ""water"": 0.05493333333333334, ""transport"": 0.33333333333333337}","{""energy"": 0.0, ""water"": 0.0, ""transport"": 0.0}","{""energy"": 0.0, ""water"": 0.0, ""transport"": 0.0}","{""energy"": 0.0, ""water"": 0.0, ""transport"": 0.0}","{""energy"": 0.0, ""water"": 0.0, ""transport"": 0.0}",0.3,0.1,,0.38314666666666675,1.0,0.6168533333333333,1,"{""energy"": 0.6666666666666667, ""water"": 0.05493333333333334, ""transport"": 0.33333333333333337}","{""energy"": 1.0, ""water"": 1.0, ""transport"": 1.0}","{""energy"": 0.33333333333333326, ""water"": 0.9450666666666666, ""transport"": 0.6666666666666666}",13,0.38314666666666675,,,[],,v2.0,0.7,0.3
S4_water_partial,18,18,9591140204504375962,scenario=S4_water_partial|method=both|duration=0|theta=0.300000|delta_threshold=0.100000|A=v2.0|w=na|run_id=18|seed=9591140204504375962,False,"{""step_1_amount"": 0.1959915377820175}",033832c9a51598bd69064fc3910037f6fde292830c04f0066e6d9779dc60f4ca,0.38314666666666675,0.38314666666666675,0.0,17,0.0,0.0,0.38314666666666675,0.38314666666666675,0,0,0.0,"{""energy"": 0.6666666666666667, ""water"": 0.05493333333333334, ""transport"": 0.33333333333333337}","{""energy"": 0.6666666666666667, ""water"": 0.05493333333333334, ""transport"": 0.33333333333333337}","{""energy"": 0.0, ""water"": 0.0, ""transport"": 0.0}","{""energy"": 0.0, ""water"": 0.0, ""transport"": 0.0}","{""energy"": 0.0, ""water"": 0.0, ""transport"": 0.0}","{""energy"": 0.0, ""water"": 0.0, ""transport"": 0.0}",0.3,0.1,,0.38314666666666675,1.0,0.6168533333333333,1,"{""energy"": 0.6666666666666667, ""water"": 0.05493333333333334, ""transport"": 0.33333333333333337}","{""energy"": 1.0, ""water"": 1.0, ""transport"": 1.0}","{""energy"": 0.33333333333333326, ""water"": 0.9450666666666666, ""transport"": 0.6666666666666666}",13,0.38314666666666675,,,[],,v2.0,0.7,0.3
S4_water_partial,19,19,15647278731498465250,scenario=S4_water_partial|method=both|duration=0|theta=0.300000|delta_threshold=0.100000|A=v2.0|w=na|run_id=19|seed=15647278731498465250,False,"{""step_1_amount"": 0.5281638325711072}",033832c9a51598bd69064fc3910037f6fde292830c04f0066e6d9779dc60f4ca,0.38314666666666675,0.5840567690625129,0.20091010239584617,21,0.0,0.0,0.38314666666666675,0.5840567690625129,0,1,0.20091010239584617,"{""energy"": 0.6666666666666667, ""water"": 0.05493333333333334, ""transport"": 0.33333333333333337}","{""energy"": 0.7998191417323935, ""water"": 0.46513812404721744, ""transport"": 0.4152922505179674}","{""energy"": 0.1331524750657268, ""water"": 0.4102047907138841, ""transport"": 0.08195891718463405}","{""energy"": 0.0, ""water"": 0.0, ""transport"": 0.0}","{""energy"": 0.0, ""water"": 0.0, ""transport"": 0.0}","{""energy"": 0.0, ""water"": 0.0, ""transport"": 0.0}",0.3,0.1,,0.38314666666666675,1.0,0.6168533333333333,1,"{""energy"": 0.6666666666666667, ""water"": 0.05493333333333334, ""transport"": 0.33333333333333337}","{""energy"": 1.0, ""water"": 1.0, ""transport"": 1.0}","{""energy"": 0.33333333333333326, ""water"": 0.9450666666666666, ""transport"": 0.6666666666666666}",8,0.5840567690625129,,,[],,v2.0,0.7,0.3
S4_water_partial,20,20,13640649211934408472,scenario=S4_water_partial|method=both|duration=0|theta=0.300000|delta_threshold=0.100000|A=v2.0|w=na|run_id=20|seed=13640649211934408472,False,"{""step_1_amount"": 0.5273670688057431}",033832c9a51598bd69064fc3910037f6fde292830c04f0066e6d9779dc60f4ca,0.38314666666666675,0.5835689703662628,0.20042230369959602,30,0.0,0.0,0.38314666666666675,0.5835689703662628,0,1,0.20042230369959602,"{""energy"": 0.6666666666666667, ""water"": 0.05493333333333334, ""transport"": 0.33333333333333337}","{""energy"": 0.799495854834597, ""water"": 0.46414216934051217, ""transport"": 0.4150932587675677}","{""energy"": 0.1328291881679302, ""water"": 0.40920883600717883, ""transport"": 0.08175992543423433}","{""energy"": 0.0, ""water"": 0.0, ""transport"": 0.0}","{""energy"": 0.0, ""water"": 0.0, ""transport"": 0.0}","{""energy"": 0.0, ""water"": 0.0, ""transport"": 0.0}",0.3,0.1,,0.38314666666666675,1.0,0.6168533333333333,1,"{""energy"": 0.6666666666666667, ""water"": 0.05493333333333334, ""transport"": 0.33333333333333337}","{""energy"": 1.0, ""water"": 1.0, ""transport"": 1.0}","{""energy"": 0.33333333333333326, ""water"": 0.9450666666666666, ""transport"": 0.6666666666666666}",8,0.5835689703662628,,,[],,v2.0,0.7,0.3
S4_water_partial,21,21,15470122474697187459,scenario=S4_water_partial|method=both|duration=0|theta=0.300000|delta_threshold=0.100000|A=v2.0|w=na|run_id=21|seed=15470122474697187459,False,"{""step_1_amount"": 1.3244720095284663}",033832c9a51598bd69064fc3910037f6fde292830c04f0066e6d9779dc60f4ca,0.38314666666666675,0.8564466666666667,0.47329999999999994,18,0.0,1.0,0.38314666666666675,0.8564466666666667,1,1,0.47329999999999994,"{""energy"": 0.6666666666666667, ""water"": 0.05493333333333334, ""transport"": 0.33333333333333337}","{""energy"": 0.9912666666666667, ""water"": 1.0, ""transport"": 0.5331333333333333}","{""energy"": 0.3246, ""water"": 0.9450666666666666, ""transport"": 0.19979999999999998}","{""energy"": 0.0, ""water"": 0.0, ""transport"": 0.0}","{""energy"": 1.0, ""water"": 1.0, ""transport"": 1.0}","{""energy"": 1.0, ""water"": 1.0, ""transport"": 1.0}",0.3,0.1,,0.38314666666666675,1.0,0.6168533333333333,1,"{""energy"": 0.6666666666666667, ""water"": 0.05493333333333334, ""transport"": 0.33333333333333337}","{""energy"": 1.0, ""water"": 1.0, ""transport"": 1.0}","{""energy"": 0.33333333333333326, ""water"": 0.9450666666666666, ""transport"": 0.6666666666666666}",3,0.8564466666666667,,,"[""energy"", ""transport""]",1,v2.0,0.7,0.3
S4_water_partial,22,22,5940197039253332730,scenario=S4_water_partial|method=both|duration=0|theta=0.300000|delta_threshold=0.100000|A=v2.0|w=na|run_id=22|seed=5940197039253332730,False,"{""step_1_amount"": 0.433550247302576}",033832c9a51598bd69064fc3910037f6fde292830c04f0066e6d9779dc60f4ca,0.38314666666666675,0.5261319668214863,0.14298530015481958,18,0.0,0.0,0.38314666666666675,0.5261319668214863,0,0,0.14298530015481958,"{""energy"": 0.6666666666666667, ""water"": 0.05493333333333334, ""transport"": 0.33333333333333337}","{""energy"": 0.761429679509687, ""water"": 0.34687114246155343, ""transport"": 0.39166250759715177}","{""energy"": 0.09476301284302024, ""water"": 0.2919378091282201, ""transport"": 0.058329174263818395}","{""energy"": 0.0, ""water"": 0.0, ""transport"": 0.0}","{""energy"": 0.0, ""water"": 0.0, ""transport"": 0.0}","{""energy"": 0.0, ""water"": 0.0, ""transport"": 0.0}",0.3,0.1,,0.38314666666666675,1.0,0.6168533333333333,1,"{""energy"": 0.6666666666666667, ""water"": 0.05493333333333334, ""transport"": 0.33333333333333337}","{""energy"": 1.0, ""water"": 1.0, ""transport"": 1.0}","{""energy"": 0.33333333333333326, ""water"": 0.9450666666666666, ""transport"": 0.6666666666666666}",9,0.5261319668214863,,,[],,v2.0,0.7,0.3
S4_water_partial,23,23,15079937952478830977,scenario=S4_water_partial|method=both|duration=0|theta=0.300000|delta_threshold=0.100000|A=v2.0|w=na|run_id=23|seed=15079937952478830977,False,"{""step_1_amount"": 0.7683347178516973}",033832c9a51598bd69064fc3910037f6fde292830c04f0066e6d9779dc60f4ca,0.38314666666666675,0.7310953893034222,0.34794872263675547,30,0.0,1.0,0.38314666666666675,0.7310953893034222,1,1,0.34794872263675547,"{""energy"": 0.6666666666666667, ""water"": 0.05493333333333334, ""transport"": 0.33333333333333337}","{""energy"": 0.8972684784349929, ""water"": 0.765351730647955, ""transport"": 0.4752749291167948}","{""energy"": 0.23060181176832617, ""water"": 0.7104183973146216, ""transport"": 0.14194159578346144}","{""energy"": 0.0, ""water"": 0.0, ""transport"": 0.0}","{""energy"": 1.0, ""water"": 1.0, ""transport"": 1.0}","{""energy"": 1.0, ""water"": 1.0, ""transport"": 1.0}",0.3,0.1,,0.38314666666666675,1.0,0.6168533333333333,1,"{""energy"": 0.6666666666666667, ""water"": 0.05493333333333334, ""transport"": 0.33333333333333337}","{""energy"": 1.0, ""water"": 1.0, ""transport"": 1.0}","{""energy"": 0.33333333333333326, ""water"": 0.9450666666666666, ""transport"": 0.6666666666666666}",5,0.7310953893034222,,,"[""energy"", ""transport""]",1,v2.0,0.7,0.3
S4_water_partial,24,24,18398304805037614264,scenario=S4_water_partial|method=both|duration=0|theta=0.300000|delta_threshold=0.100000|A=v2.0|w=na|run_id=24|seed=18398304805037614264,False,"{""step_1_amount"": 0.5933651607618502}",033832c9a51598bd69064fc3910037f6fde292830c04f0066e6d9779dc60f4ca,0.38314666666666675,0.6239746522140905,0.2408279855474238,25,0.0,0.0,0.38314666666666675,0.6239746522140905,0,1,0.2408279855474238,"{""energy"": 0.6666666666666667, ""water"": 0.05493333333333334, ""transport"": 0.33333333333333337}","{""energy"": 0.8262745806457875, ""water"": 0.5466397842856462, ""transport"": 0.43157628223360545}","{""energy"": 0.15960791397912077, ""water"": 0.49170645095231286, ""transport"": 0.09824294890027208}","{""energy"": 0.0, ""water"": 0.0, ""transport"": 0.0}","{""energy"": 0.0, ""water"": 0.0, ""transport"": 0.0}","{""energy"": 0.0, ""water"": 0.0, ""transport"": 0.0}",0.3,0.1,,0.38314666666666675,1.0,0.6168533333333333,1,"{""energy"": 0.6666666666666667, ""water"": 0.05493333333333334, ""transport"": 0.33333333333333337}","{""energy"": 1.0, ""water"": 1.0, ""transport"": 1.0}","{""energy"": 0.33333333333333326, ""water"": 0.9450666666666666, ""transport"": 0.6666666666666666}",7,0.6239746522140905,,,[],,v2.0,0.7,0.3
S4_water_partial,25,25,2364586817660495334,scenario=S4_water_partial|method=both|duration=0|theta=0.300000|delta_threshold=0.100000|A=v2.0|w=na|run_id=25|seed=2364586817660495334,False,"{""step_1_amount"": 0.6582942152124914}",033832c9a51598bd69064fc3910037f6fde292830c04f0066e6d9779dc60f4ca,0.38314666666666675,0.6637258425751342,0.2805791759084675,9,0.0,0.0,0.38314666666666675,0.6637258425751342,0,1,0.2805791759084675,"{""energy"": 0.6666666666666667, ""water"": 0.05493333333333334, ""transport"": 0.33333333333333337}","{""energy"": 0.8526195444891351, ""water"": 0.6278011023489476, ""transport"": 0.4477923135826531}","{""energy"": 0.1859528778224684, ""water"": 0.5728677690156142, ""transport"": 0.11445898024931972}","{""energy"": 0.0, ""water"": 0.0, ""transport"": 0.0}","{""energy"": 0.0, ""water"": 0.0, ""transport"": 0.0}","{""energy"": 0.0, ""water"": 0.0, ""transport"": 0.0}",0.3,0.1,,0.38314666666666675,1.0,0.6168533333333333,1,"{""energy"": 0.6666666666666667, ""water"": 0.05493333333333334, ""transport"": 0.33333333333333337}","{""energy"": 1.0, ""water"": 1.0, ""transport"": 1.0}","{""energy"": 0.33333333333333326, ""water"": 0.9450666666666666, ""transport"": 0.6666666666666666}",6,0.6637258425751342,,,[],,v2.0,0.7,0.3
S4_water_partial,26,26,8196816392734326037,scenario=S4_water_partial|method=both|duration=0|theta=0.300000|delta_threshold=0.100000|A=v2.0|w=na|run_id=26|seed=8196816392734326037,False,"{""step_1_amount"": 0.618490567335794}",033832c9a51598bd69064fc3910037f6fde292830c04f0066e6d9779dc60f4ca,0.38314666666666675,0.6393570542538233,0.25621038758715653,28,0.0,0.0,0.38314666666666675,0.6393570542538233,0,1,0.25621038758715653,"{""energy"": 0.6666666666666667, ""water"": 0.05493333333333334, ""transport"": 0.33333333333333337}","{""energy"": 0.8364692143631651, ""water"": 0.578046542503076, ""transport"": 0.43785135252544793}","{""energy"": 0.16980254769649838, ""water"": 0.5231132091697426, ""transport"": 0.10451801919211456}","{""energy"": 0.0, ""water"": 0.0, ""transport"": 0.0}","{""energy"": 0.0, ""water"": 0.0, ""transport"": 0.0}","{""energy"": 0.0, ""water"": 0.0, ""transport"": 0.0}",0.3,0.1,,0.38314666666666675,1.0,0.6168533333333333,1,"{""energy"": 0.6666666666666667, ""water"": 0.05493333333333334, ""transport"": 0.33333333333333337}","{""energy"": 1.0, ""water"": 1.0, ""transport"": 1.0}","{""energy"": 0.33333333333333326, ""water"": 0.9450666666666666, ""transport"": 0.6666666666666666}",7,0.6393570542538233,,,[],,v2.0,0.7,0.3
S4_water_partial,27,27,3007928521934060512,scenario=S4_water_partial|method=both|duration=0|theta=0.300000|delta_threshold=0.100000|A=v2.0|w=na|run_id=27|seed=3007928521934060512,False,"{""step_1_amount"": 0.10202964250294667}",033832c9a51598bd69064fc3910037f6fde292830c04f0066e6d9779dc60f4ca,0.38314666666666675,0.38314666666666675,0.0,18,0.0,0.0,0.38314666666666675,0.38314666666666675,0,0,0.0,"{""energy"": 0.6666666666666667, ""water"": 0.05493333333333334, ""transport"": 0.33333333333333337}","{""energy"": 0.6666666666666667, ""water"": 0.05493333333333334, ""transport"": 0.33333333333333337}","{""energy"": 0.0, ""water"": 0.0, ""transport"": 0.0}","{""energy"": 0.0, ""water"": 0.0, ""transport"": 0.0}","{""energy"": 0.0, ""water"": 0.0, ""transport"": 0.0}","{""energy"": 0.0, ""water"": 0.0, ""transport"": 0.0}",0.3,0.1,,0.38314666666666675,1.0,0.6168533333333333,1,"{""energy"": 0.6666666666666667, ""water"": 0.05493333333333334, ""transport"": 0.33333333333333337}","{""energy"": 1.0, ""water"": 1.0, ""transport"": 1.0}","{""energy"": 0.33333333333333326, ""water"": 0.9450666666666666, ""transport"": 0.6666666666666666}",13,0.38314666666666675,,,[],,v2.0,0.7,0.3
S4_water_partial,28,28,18102942462236469828,scenario=S4_water_partial|method=both|duration=0|theta=0.300000|delta_threshold=0.100000|A=v2.0|w=na|run_id=28|seed=18102942462236469828,False,"{""step_1_amount"": 0.8243199980080753}",033832c9a51598bd69064fc3910037f6fde292830c04f0066e6d9779dc60f4ca,0.38314666666666675,0.7653709774471606,0.3822243107804939,26,0.0,1.0,0.38314666666666675,0.7653709774471606,1,1,0.3822243107804939,"{""energy"": 0.6666666666666667, ""water"": 0.05493333333333334, ""transport"": 0.33333333333333337}","{""energy"": 0.9199845058584433, ""water"": 0.8353333308434275, ""transport"": 0.4892572528358502}","{""energy"": 0.25331783919177653, ""water"": 0.7803999975100941, ""transport"": 0.15592391950251683}","{""energy"": 0.0, ""water"": 0.0, ""transport"": 0.0}","{""energy"": 1.0, ""water"": 1.0, ""transport"": 1.0}","{""energy"": 1.0, ""water"": 1.0, ""transport"": 1.0}",0.3,0.1,,0.38314666666666675,1.0,0.6168533333333333,1,"{""energy"": 0.6666666666666667, ""water"": 0.05493333333333334, ""transport"": 0.33333333333333337}","{""energy"": 1.0, ""water"": 1.0, ""transport"": 1.0}","{""energy"": 0.33333333333333326, ""water"": 0.9450666666666666, ""transport"": 0.6666666666666666}",4,0.7653709774471606,,,"[""energy"", ""transport""]",1,v2.0,0.7,0.3
S4_water_partial,29,29,6413856347726543668,scenario=S4_water_partial|method=both|duration=0|theta=0.300000|delta_threshold=0.100000|A=v2.0|w=na|run_id=29|seed=6413856347726543668,False,"{""step_1_amount"": 0.6930851007104714}",033832c9a51598bd69064fc3910037f6fde292830c04f0066e6d9779dc60f4ca,0.38314666666666675,0.6850256924491351,0.3018790257824684,28,0.0,0.0,0.38314666666666675,0.6850256924491351,0,1,0.3018790257824684,"{""energy"": 0.6666666666666667, ""water"": 0.05493333333333334, ""transport"": 0.33333333333333337}","{""energy"": 0.8667359462799404, ""water"": 0.6712897092214226, ""transport"": 0.4564813372357736}","{""energy"": 0.2000692796132737, ""water"": 0.6163563758880892, ""transport"": 0.12314800390244024}","{""energy"": 0.0, ""water"": 0.0, ""transport"": 0.0}","{""energy"": 0.0, ""water"": 0.0, ""transport"": 0.0}","{""energy"": 0.0, ""water"": 0.0, ""transport"": 0.0}",0.3,0.1,,0.38314666666666675,1.0,0.6168533333333333,1,"{""energy"": 0.6666666666666667, ""water"": 0.05493333333333334, ""transport"": 0.33333333333333337}","{""energy"": 1.0, ""water"": 1.0, ""transport"": 1.0}","{""energy"": 0.33333333333333326, ""water"": 0.9450666666666666, ""transport"": 0.6666666666666666}",6,0.6850256924491351,,,[],,v2.0,0.7,0.3
S4_water_partial,30,30,12627893614935164751,scenario=S4_water_partial|method=both|duration=0|theta=0.300000|delta_threshold=0.100000|A=v2.0|w=na|run_id=30|seed=12627893614935164751,False,"{""step_1_amount"": 0.766471670348311}",033832c9a51598bd69064fc3910037f6fde292830c04f0066e6d9779dc60f4ca,0.38314666666666675,0.7299547850456614,0.3468081183789946,9,0.0,1.0,0.38314666666666675,0.7299547850456614,1,1,0.3468081183789946,"{""energy"": 0.6666666666666667, ""water"": 0.05493333333333334, ""transport"": 0.33333333333333337}","{""energy"": 0.896512546910494, ""water"": 0.7630229212687222, ""transport"": 0.4748096330028241}","{""energy"": 0.22984588024382724, ""water"": 0.7080895879353888, ""transport"": 0.1414762996694907}","{""energy"": 0.0, ""water"": 0.0, ""transport"": 0.0}","{""energy"": 1.0, ""water"": 1.0, ""transport"": 1.0}","{""energy"": 1.0, ""water"": 1.0, ""transport"": 1.0}",0.3,0.1,,0.38314666666666675,1.0,0.6168533333333333,1,"{""energy"": 0.6666666666666667, ""water"": 0.05493333333333334, ""transport"": 0.33333333333333337}","{""energy"": 1.0, ""water"": 1.0, ""transport"": 1.0}","{""energy"": 0.33333333333333326, ""water"": 0.9450666666666666, ""transport"": 0.6666666666666666}",5,0.7299547850456614,,,"[""energy"", ""transport""]",1,v2.0,0.7,0.3
S4_water_partial,31,31,909690535146821269,scenario=S4_water_partial|method=both|duration=0|theta=0.300000|delta_threshold=0.100000|A=v2.0|w=na|run_id=31|seed=909690535146821269,False,"{""step_1_amount"": 0.4981596422472542}",033832c9a51598bd69064fc3910037f6fde292830c04f0066e6d9779dc60f4ca,0.38314666666666675,0.5656874536414919,0.18254078697482512,19,0.0,0.0,0.38314666666666675,0.5656874536414919,0,1,0.18254078697482512,"{""energy"": 0.6666666666666667, ""water"": 0.05493333333333334, ""transport"": 0.33333333333333337}","{""energy"": 0.7876449415084901, ""water"": 0.427632886142401, ""transport"": 0.40779870398458506}","{""energy"": 0.12097827484182333, ""water"": 0.3726995528090677, ""transport"": 0.0744653706512517}","{""energy"": 0.0, ""water"": 0.0, ""transport"": 0.0}","{""energy"": 0.0, ""water"": 0.0, ""transport"": 0.0}","{""energy"": 0.0, ""water"": 0.0, ""transport"": 0.0}",0.3,0.1,,0.38314666666666675,1.0,0.6168533333333333,1,"{""energy"": 0.6666666666666667, ""water"": 0.05493333333333334, ""transport"": 0.33333333333333337}","{""energy"": 1.0, ""water"": 1.0, ""transport"": 1.0}","{""energy"": 0.33333333333333326, ""water"": 0.9450666666666666, ""transport"": 0.6666666666666666}",8,0.5656874536414919,,,[],,v2.0,0.7,0.3
S4_water_partial,32,32,17791115670937532745,scenario=S4_water_partial|method=both|duration=0|theta=0.300000|delta_threshold=0.100000|A=v2.0|w=na|run_id=32|seed=17791115670937532745,False,"{""step_1_amount"": 0.4259071575791944}",033832c9a51598bd69064fc3910037f6fde292830c04f0066e6d9779dc60f4ca,0.38314666666666675,0.521452676215589,0.13830600954892225,17,0.0,0.0,0.38314666666666675,0.521452676215589,0,0,0.13830600954892225,"{""energy"": 0.6666666666666667, ""water"": 0.05493333333333334, ""transport"": 0.33333333333333337}","{""energy"": 0.7583284958544249, ""water"": 0.33731728030732633, ""transport"": 0.3897536459387372}","{""energy"": 0.09166182918775811, ""water"": 0.282383946973993, ""transport"": 0.05642031260540381}","{""energy"": 0.0, ""water"": 0.0, ""transport"": 0.0}","{""energy"": 0.0, ""water"": 0.0, ""transport"": 0.0}","{""energy"": 0.0, ""water"": 0.0, ""transport"": 0.0}",0.3,0.1,,0.38314666666666675,1.0,0.6168533333333333,1,"{""energy"": 0.6666666666666667, ""water"": 0.05493333333333334, ""transport"": 0.33333333333333337}","{""energy"": 1.0, ""water"": 1.0, ""transport"": 1.0}","{""energy"": 0.33333333333333326, ""water"": 0.9450666666666666, ""transport"": 0.6666666666666666}",9,0.521452676215589,,,[],,v2.0,0.7,0.3
S4_water_partial,33,33,10347521973348156400,scenario=S4_water_partial|method=both|duration=0|theta=0.300000|delta_threshold=0.100000|A=v2.0|w=na|run_id=33|seed=10347521973348156400,False,"{""step_1_amount"": 1.2454174310079749}",033832c9a51598bd69064fc3910037f6fde292830c04f0066e6d9779dc60f4ca,0.38314666666666675,0.8564466666666667,0.47329999999999994,23,0.0,1.0,0.38314666666666675,0.8564466666666667,1,1,0.47329999999999994,"{""energy"": 0.6666666666666667, ""water"": 0.05493333333333334, ""transport"": 0.33333333333333337}","{""energy"": 0.9912666666666667, ""water"": 1.0, ""transport"": 0.5331333333333333}","{""energy"": 0.3246, ""water"": 0.9450666666666666, ""transport"": 0.19979999999999998}","{""energy"": 0.0, ""water"": 0.0, ""transport"": 0.0}","{""energy"": 1.0, ""water"": 1.0, ""transport"": 1.0}","{""energy"": 1.0, ""water"": 1.0, ""transport"": 1.0}",0.3,0.1,,0.38314666666666675,1.0,0.6168533333333333,1,"{""energy"": 0.6666666666666667, ""water"": 0.05493333333333334, ""transport"": 0.33333333333333337}","{""energy"": 1.0, ""water"": 1.0, ""transport"": 1.0}","{""energy"": 0.33333333333333326, ""water"": 0.9450666666666666, ""transport"": 0.6666666666666666}",3,0.8564466666666667,,,"[""energy"", ""transport""]",1,v2.0,0.7,0.3
S4_water_partial,34,34,17202410043010978944,scenario=S4_water_partial|method=both|duration=0|theta=0.300000|delta_threshold=0.100000|A=v2.0|w=na|run_id=34|seed=17202410043010978944,False,"{""step_1_amount"": 0.5137671334387419}",033832c9a51598bd69064fc3910037f6fde292830c04f0066e6d9779dc60f4ca,0.38314666666666675,0.5752427499362004,0.19209608326953365,17,0.0,0.0,0.38314666666666675,0.5752427499362004,0,1,0.19209608326953365,"{""energy"": 0.6666666666666667, ""water"": 0.05493333333333334, ""transport"": 0.33333333333333337}","{""energy"": 0.7939776810594362, ""water"": 0.4471422501317607, ""transport"": 0.41169667490965917}","{""energy"": 0.12731101439276948, ""water"": 0.39220891679842734, ""transport"": 0.0783633415763258}","{""energy"": 0.0, ""water"": 0.0, ""transport"": 0.0}","{""energy"": 0.0, ""water"": 0.0, ""transport"": 0.0}","{""energy"": 0.0, ""water"": 0.0, ""transport"": 0.0}",0.3,0.1,,0.38314666666666675,1.0,0.6168533333333333,1,"{""energy"": 0.6666666666666667, ""water"": 0.05493333333333334, ""transport"": 0.33333333333333337}","{""energy"": 1.0, ""water"": 1.0, ""transport"": 1.0}","{""energy"": 0.33333333333333326, ""water"": 0.9450666666666666, ""transport"": 0.6666666666666666}",8,0.5752427499362004,,,[],,v2.0,0.7,0.3
S4_water_partial,35,35,841781259846663069,scenario=S4_water_partial|method=both|duration=0|theta=0.300000|delta_threshold=0.100000|A=v2.0|w=na|run_id=35|seed=841781259846663069,False,"{""step_1_amount"": 0.6448132650951313}",033832c9a51598bd69064fc3910037f6fde292830c04f0066e6d9779dc60f4ca,0.38314666666666675,0.6554724678895334,0.27232580122286665,27,0.0,0.0,0.38314666666666675,0.6554724678895334,0,1,0.27232580122286665,"{""energy"": 0.6666666666666667, ""water"": 0.05493333333333334, ""transport"": 0.33333333333333337}","{""energy"": 0.8471496489790162, ""water"": 0.6109499147022474, ""transport"": 0.44442544629084235}","{""energy"": 0.1804829823123495, ""water"": 0.556016581368914, ""transport"": 0.11109211295750898}","{""energy"": 0.0, ""water"": 0.0, ""transport"": 0.0}","{""energy"": 0.0, ""water"": 0.0, ""transport"": 0.0}","{""energy"": 0.0, ""water"": 0.0, ""transport"": 0.0}",0.3,0.1,,0.38314666666666675,1.0,0.6168533333333333,1,"{""energy"": 0.6666666666666667, ""water"": 0.05493333333333334, ""transport"": 0.33333333333333337}","{""energy"": 1.0, ""water"": 1.0, ""transport"": 1.0}","{""energy"": 0.33333333333333326, ""water"": 0.9450666666666666, ""transport"": 0.6666666666666666}",7,0.6554724678895334,,,[],,v2.0,0.7,0.3
S4_water_partial,36,36,12058017244859475611,scenario=S4_water_partial|method=both|duration=0|theta=0.300000|delta_threshold=0.100000|A=v2.0|w=na|run_id=36|seed=12058017244859475611,False,"{""step_1_amount"": 0.3800949286574928}",033832c9a51598bd69064fc3910037f6fde292830c04f0066e6d9779dc60f4ca,0.38314666666666675,0.4934052843640002,0.11025861769733347,24,0.0,0.0,0.38314666666666675,0.4934052843640002,0,0,0.11025861769733347,"{""energy"": 0.6666666666666667, ""water"": 0.05493333333333334, ""transport"": 0.33333333333333337}","{""energy"": 0.7397401839694444, ""water"": 0.2800519941551993, ""transport"": 0.3783120417655422}","{""energy"": 0.07307351730277767, ""water"": 0.225118660821866, ""transport"": 0.0449787084322088}","{""energy"": 0.0, ""water"": 0.0, ""transport"": 0.0}","{""energy"": 0.0, ""water"": 0.0, ""transport"": 0.0}","{""energy"": 0.0, ""water"": 0.0, ""transport"": 0.0}",0.3,0.1,,0.38314666666666675,1.0,0.6168533333333333,1,"{""energy"": 0.6666666666666667, ""water"": 0.05493333333333334, ""transport"": 0.33333333333333337}","{""energy"": 1.0, ""water"": 1.0, ""transport"": 1.0}","{""energy"": 0.33333333333333326, ""water"": 0.9450666666666666, ""transport"": 0.6666666666666666}",10,0.4934052843640002,,,[],,v2.0,0.7,0.3
S4_water_partial,37,37,13685498511174957915,scenario=S4_water_partial|method=both|duration=0|theta=0.300000|delta_threshold=0.100000|A=v2.0|w=na|run_id=37|seed=13685498511174957915,False,"{""step_1_amount"": 0.5304297119504062}",033832c9a51598bd69064fc3910037f6fde292830c04f0066e6d9779dc60f4ca,0.38314666666666675,0.5854439970655042,0.20229733039883746,12,0.0,0.0,0.38314666666666675,0.5854439970655042,0,1,0.20229733039883746,"{""energy"": 0.6666666666666667, ""water"": 0.05493333333333334, ""transport"": 0.33333333333333337}","{""energy"": 0.8007385222905441, ""water"": 0.46797047327134117, ""transport"": 0.41585815389294734}","{""energy"": 0.13407185562387736, ""water"": 0.41303713993800784, ""transport"": 0.08252482055961397}","{""energy"": 0.0, ""water"": 0.0, ""transport"": 0.0}","{""energy"": 0.0, ""water"": 0.0, ""transport"": 0.0}","{""energy"": 0.0, ""water"": 0.0, ""transport"": 0.0}",0.3,0.1,,0.38314666666666675,1.0,0.6168533333333333,1,"{""energy"": 0.6666666666666667, ""water"": 0.05493333333333334, ""transport"": 0.33333333333333337}","{""energy"": 1.0, ""water"": 1.0, ""transport"": 1.0}","{""energy"": 0.33333333333333326, ""water"": 0.9450666666666666, ""transport"": 0.6666666666666666}",8,0.5854439970655042,,,[],,v2.0,0.7,0.3
S4_water_partial,38,38,4940284560367536149,scenario=S4_water_partial|method=both|duration=0|theta=0.300000|delta_threshold=0.100000|A=v2.0|w=na|run_id=38|seed=4940284560367536149,False,"{""step_1_amount"": 0.8112037493864184}",033832c9a51598bd69064fc3910037f6fde292830c04f0066e6d9779dc60f4ca,0.38314666666666675,0.7573408821347667,0.37419421546809994,17,0.0,1.0,0.38314666666666675,0.7573408821347667,1,1,0.37419421546809994,"{""energy"": 0.6666666666666667, ""water"": 0.05493333333333334, ""transport"": 0.33333333333333337}","{""energy"": 0.9146625879802059, ""water"": 0.8189380200663564, ""transport"": 0.4859814697425914}","{""energy"": 0.2479959213135392, ""water"": 0.764004686733023, ""transport"": 0.152648136409258}","{""energy"": 0.0, ""water"": 0.0, ""transport"": 0.0}","{""energy"": 1.0, ""water"": 1.0, ""transport"": 1.0}","{""energy"": 1.0, ""water"": 1.0, ""transport"": 1.0}",0.3,0.1,,0.38314666666666675,1.0,0.6168533333333333,1,"{""energy"": 0.6666666666666667, ""water"": 0.05493333333333334, ""transport"": 0.33333333333333337}","{""energy"": 1.0, ""water"": 1.0, ""transport"": 1.0}","{""energy"": 0.33333333333333326, ""water"": 0.9450666666666666, ""transport"": 0.6666666666666666}",4,0.7573408821347667,,,"[""energy"", ""transport""]",1,v2.0,0.7,0.3
S4_water_partial,39,39,11740285691425283413,scenario=S4_water_partial|method=both|duration=0|theta=0.300000|delta_threshold=0.100000|A=v2.0|w=na|run_id=39|seed=11740285691425283413,False,"{""step_1_amount"": 0.9602203334088647}",033832c9a51598bd69064fc3910037f6fde292830c04f0066e6d9779dc60f4ca,0.38314666666666675,0.8470099352595847,0.46386326859291793,6,0.0,1.0,0.38314666666666675,0.8470099352595847,1,1,0.46386326859291793,"{""energy"": 0.6666666666666667, ""water"": 0.05493333333333334, ""transport"": 0.33333333333333337}","{""energy"": 0.9751260669473136, ""water"": 1.0, ""transport"": 0.5231983616021973}","{""energy"": 0.3084594002806469, ""water"": 0.9450666666666666, ""transport"": 0.18986502826886398}","{""energy"": 0.0, ""water"": 0.0, ""transport"": 0.0}","{""energy"": 1.0, ""water"": 1.0, ""transport"": 1.0}","{""energy"": 1.0, ""water"": 1.0, ""transport"": 1.0}",0.3,0.1,,0.38314666666666675,1.0,0.6168533333333333,1,"{""energy"": 0.6666666666666667, ""water"": 0.05493333333333334, ""transport"": 0.33333333333333337}","{""energy"": 1.0, ""water"": 1.0, ""transport"": 1.0}","{""energy"": 0.33333333333333326, ""water"": 0.9450666666666666, ""transport"": 0.6666666666666666}",3,0.8470099352595847,,,"[""energy"", ""transport""]",1,v2.0,0.7,0.3
S4_water_partial,40,40,17360560650164099058,scenario=S4_water_partial|method=both|duration=0|theta=0.300000|delta_threshold=0.100000|A=v2.0|w=na|run_id=40|seed=17360560650164099058,False,"{""step_1_amount"": 0.6838814063728988}",033832c9a51598bd69064fc3910037f6fde292830c04f0066e6d9779dc60f4ca,0.38314666666666675,0.6793909606833147,0.296244294016648,11,0.0,0.0,0.38314666666666675,0.6793909606833147,0,1,0.296244294016648,"{""energy"": 0.6666666666666667, ""water"": 0.05493333333333334, ""transport"": 0.33333333333333337}","{""energy"": 0.8630015473024705, ""water"": 0.659785091299457, ""transport"": 0.45418271457496484}","{""energy"": 0.19633488063580373, ""water"": 0.6048517579661236, ""transport"": 0.12084938124163147}","{""energy"": 0.0, ""water"": 0.0, ""transport"": 0.0}","{""energy"": 0.0, ""water"": 0.0, ""transport"": 0.0}","{""energy"": 0.0, ""water"": 0.0, ""transport"": 0.0}",0.3,0.1,,0.38314666666666675,1.0,0.6168533333333333,1,"{""energy"": 0.6666666666666667, ""water"": 0.05493333333333334, ""transport"": 0.33333333333333337}","{""energy"": 1.0, ""water"": 1.0, ""transport"": 1.0}","{""energy"": 0.33333333333333326, ""water"": 0.9450666666666666, ""transport"": 0.6666666666666666}",6,0.6793909606833147,,,[],,v2.0,0.7,0.3
S4_water_partial,41,41,16036444718172029513,scenario=S4_water_partial|method=both|duration=0|theta=0.300000|delta_threshold=0.100000|A=v2.0|w=na|run_id=41|seed=16036444718172029513,False,"{""step_1_amount"": 0.4830662899490657}",033832c9a51598bd69064fc3910037f6fde292830c04f0066e6d9779dc60f4ca,0.38314666666666675,0.5564469260307335,0.1733002593640668,15,0.0,0.0,0.38314666666666675,0.5564469260307335,0,1,0.1733002593640668,"{""energy"": 0.6666666666666667, ""water"": 0.05493333333333334, ""transport"": 0.33333333333333337}","{""energy"": 0.7815208138135001, ""water"": 0.40876619576966555, ""transport"": 0.40402913924811257}","{""energy"": 0.1148541471468334, ""water"": 0.3538328624363322, ""transport"": 0.0706958059147792}","{""energy"": 0.0, ""water"": 0.0, ""transport"": 0.0}","{""energy"": 0.0, ""water"": 0.0, ""transport"": 0.0}","{""energy"": 0.0, ""water"": 0.0, ""transport"": 0.0}",0.3,0.1,,0.38314666666666675,1.0,0.6168533333333333,1,"{""energy"": 0.6666666666666667, ""water"": 0.05493333333333334, ""transport"": 0.33333333333333337}","{""energy"": 1.0, ""water"": 1.0, ""transport"": 1.0}","{""energy"": 0.33333333333333326, ""water"": 0.9450666666666666, ""transport"": 0.6666666666666666}",9,0.5564469260307335,,,[],,v2.0,0.7,0.3
S4_water_partial,42,42,11652405765506262032,scenario=S4_water_partial|method=both|duration=0|theta=0.300000|delta_threshold=0.100000|A=v2.0|w=na|run_id=42|seed=11652405765506262032,False,"{""step_1_amount"": 0.8742051096824184}",033832c9a51598bd69064fc3910037f6fde292830c04f0066e6d9779dc60f4ca,0.38314666666666675,0.7959118899419853,0.4127652232753185,10,0.0,1.0,0.38314666666666675,0.7959118899419853,1,1,0.4127652232753185,"{""energy"": 0.6666666666666667, ""water"": 0.05493333333333334, ""transport"": 0.33333333333333337}","{""energy"": 0.940225389920308, ""water"": 0.8976897204363564, ""transport"": 0.5017160594765173}","{""energy"": 0.2735587232536413, ""water"": 0.842756387103023, ""transport"": 0.16838272614318395}","{""energy"": 0.0, ""water"": 0.0, ""transport"": 0.0}","{""energy"": 1.0, ""water"": 1.0, ""transport"": 1.0}","{""energy"": 1.0, ""water"": 1.0, ""transport"": 1.0}",0.3,0.1,,0.38314666666666675,1.0,0.6168533333333333,1,"{""energy"": 0.6666666666666667, ""water"": 0.05493333333333334, ""transport"": 0.33333333333333337}","{""energy"": 1.0, ""water"": 1.0, ""transport"": 1.0}","{""energy"": 0.33333333333333326, ""water"": 0.9450666666666666, ""transport"": 0.6666666666666666}",4,0.7959118899419853,,,"[""energy"", ""transport""]",1,v2.0,0.7,0.3
S4_water_partial,43,43,2850560672235176225,scenario=S4_water_partial|method=both|duration=0|theta=0.300000|delta_threshold=0.100000|A=v2.0|w=na|run_id=43|seed=2850560672235176225,False,"{""step_1_amount"": 0.4119988747728588}",033832c9a51598bd69064fc3910037f6fde292830c04f0066e6d9779dc60f4ca,0.38314666666666675,0.5129376777744802,0.12979101110781344,20,0.0,0.0,0.38314666666666675,0.5129376777744802,0,0,0.12979101110781344,"{""energy"": 0.6666666666666667, ""water"": 0.05493333333333334, ""transport"": 0.33333333333333337}","{""energy"": 0.7526852101057542, ""water"": 0.31993192679940685, ""transport"": 0.38628005230785484}","{""energy"": 0.08601854343908744, ""water"": 0.2649985934660735, ""transport"": 0.05294671897452147}","{""energy"": 0.0, ""water"": 0.0, ""transport"": 0.0}","{""energy"": 0.0, ""water"": 0.0, ""transport"": 0.0}","{""energy"": 0.0, ""water"": 0.0, ""transport"": 0.0}",0.3,0.1,,0.38314666666666675,1.0,0.6168533333333333,1,"{""energy"": 0.6666666666666667, ""water"": 0.05493333333333334, ""transport"": 0.33333333333333337}","{""energy"": 1.0, ""water"": 1.0, ""transport"": 1.0}","{""energy"": 0.33333333333333326, ""water"": 0.9450666666666666, ""transport"": 0.6666666666666666}",10,0.5129376777744802,,,[],,v2.0,0.7,0.3
S4_water_partial,44,44,10810536567327217450,scenario=S4_water_partial|method=both|duration=0|theta=0.300000|delta_threshold=0.100000|A=v2.0|w=na|run_id=44|seed=10810536567327217450,False,"{""step_1_amount"": 0.611897983989622}",033832c9a51598bd69064fc3910037f6fde292830c04f0066e6d9779dc60f4ca,0.38314666666666675,0.6353209099147131,0.2521742432480464,28,0.0,0.0,0.38314666666666675,0.6353209099147131,0,1,0.2521742432480464,"{""energy"": 0.6666666666666667, ""water"": 0.05493333333333334, ""transport"": 0.33333333333333337}","{""energy"": 0.8337942736704559, ""water"": 0.569805813320361, ""transport"": 0.4362048548347415}","{""energy"": 0.16712760700378915, ""water"": 0.5148724799870276, ""transport"": 0.1028715215014081}","{""energy"": 0.0, ""water"": 0.0, ""transport"": 0.0}","{""energy"": 0.0, ""water"": 0.0, ""transport"": 0.0}","{""energy"": 0.0, ""water"": 0.0, ""transport"": 0.0}",0.3,0.1,,0.38314666666666675,1.0,0.6168533333333333,1,"{""energy"": 0.6666666666666667, ""water"": 0.05493333333333334, ""transport"": 0.33333333333333337}","{""energy"": 1.0, ""water"": 1.0, ""transport"": 1.0}","{""energy"": 0.33333333333333326, ""water"": 0.9450666666666666, ""transport"": 0.6666666666666666}",7,0.6353209099147131,,,[],,v2.0,0.7,0.3
S4_water_partial,45,45,9766553461246277721,scenario=S4_water_partial|method=both|duration=0|theta=0.300000|delta_threshold=0.100000|A=v2.0|w=na|run_id=45|seed=9766553461246277721,False,"{""step_1_amount"": 0.6577914363518472}",033832c9a51598bd69064fc3910037f6fde292830c04f0066e6d9779dc60f4ca,0.38314666666666675,0.6634180287871765,0.28027136212050974,27,0.0,0.0,0.38314666666666675,0.6634180287871765,0,1,0.28027136212050974,"{""energy"": 0.6666666666666667, ""water"": 0.05493333333333334, ""transport"": 0.33333333333333337}","{""energy"": 0.8524155419664288, ""water"": 0.6271726287731424, ""transport"": 0.44766674456220723}","{""energy"": 0.18574887529976203, ""water"": 0.572239295439809, ""transport"": 0.11433341122887386}","{""energy"": 0.0, ""water"": 0.0, ""transport"": 0.0}","{""energy"": 0.0, ""water"": 0.0, ""transport"": 0.0}","{""energy"": 0.0, ""water"": 0.0, ""transport"": 0.0}",0.3,0.1,,0.38314666666666675,1.0,0.6168533333333333,1,"{""energy"": 0.6666666666666667, ""water"": 0.05493333333333334, ""transport"": 0.33333333333333337}","{""energy"": 1.0, ""water"": 1.0, ""transport"": 1.0}","{""energy"": 0.33333333333333326, ""water"": 0.9450666666666666, ""transport"": 0.6666666666666666}",6,0.6634180287871765,,,[],,v2.0,0.7,0.3
S4_water_partial,46,46,8486792860555470012,scenario=S4_water_partial|method=both|duration=0|theta=0.300000|delta_threshold=0.100000|A=v2.0|w=na|run_id=46|seed=8486792860555470012,False,"{""step_1_amount"": 0.4328770149468656}",033832c9a51598bd69064fc3910037f6fde292830c04f0066e6d9779dc60f4ca,0.38314666666666675,0.5257197971425115,0.14257313047584474,24,0.0,0.0,0.38314666666666675,0.5257197971425115,0,0,0.14257313047584474,"{""energy"": 0.6666666666666667, ""water"": 0.05493333333333334, ""transport"": 0.33333333333333337}","{""energy"": 0.7611565154813574, ""water"": 0.34602960201691524, ""transport"": 0.391494367816313}","{""energy"": 0.09448984881469069, ""water"": 0.2910962686835819, ""transport"": 0.05816103448297966}","{""energy"": 0.0, ""water"": 0.0, ""transport"": 0.0}","{""energy"": 0.0, ""water"": 0.0, ""transport"": 0.0}","{""energy"": 0.0, ""water"": 0.0, ""transport"": 0.0}",0.3,0.1,,0.38314666666666675,1.0,0.6168533333333333,1,"{""energy"": 0.6666666666666667, ""water"": 0.05493333333333334, ""transport"": 0.33333333333333337}","{""energy"": 1.0, ""water"": 1.0, ""transport"": 1.0}","{""energy"": 0.33333333333333326, ""water"": 0.9450666666666666, ""transport"": 0.6666666666666666}",9,0.5257197971425115,,,[],,v2.0,0.7,0.3
S4_water_partial,47,47,14718045167175309202,scenario=S4_water_partial|method=both|duration=0|theta=0.300000|delta_threshold=0.100000|A=v2.0|w=na|run_id=47|seed=14718045167175309202,False,"{""step_1_amount"": 0.7470980155368725}",033832c9a51598bd69064fc3910037f6fde292830c04f0066e6d9779dc60f4ca,0.38314666666666675,0.7180937492287285,0.33494708256206174,17,0.0,0.0,0.38314666666666675,0.7180937492287285,0,1,0.33494708256206174,"{""energy"": 0.6666666666666667, ""water"": 0.05493333333333334, ""transport"": 0.33333333333333337}","{""energy"": 0.8886516864707528, ""water"": 0.738805852754424, ""transport"": 0.4699710627136673}","{""energy"": 0.22198501980408603, ""water"": 0.6838725194210906, ""transport"": 0.13663772938033392}","{""energy"": 0.0, ""water"": 0.0, ""transport"": 0.0}","{""energy"": 0.0, ""water"": 0.0, ""transport"": 0.0}","{""energy"": 0.0, ""water"": 0.0, ""transport"": 0.0}",0.3,0.1,,0.38314666666666675,1.0,0.6168533333333333,1,"{""energy"": 0.6666666666666667, ""water"": 0.05493333333333334, ""transport"": 0.33333333333333337}","{""energy"": 1.0, ""water"": 1.0, ""transport"": 1.0}","{""energy"": 0.33333333333333326, ""water"": 0.9450666666666666, ""transport"": 0.6666666666666666}",5,0.7180937492287285,,,[],,v2.0,0.7,0.3
S4_water_partial,48,48,11348723768287533545,scenario=S4_water_partial|method=both|duration=0|theta=0.300000|delta_threshold=0.100000|A=v2.0|w=na|run_id=48|seed=11348723768287533545,False,"{""step_1_amount"": 0.44998990878360956}",033832c9a51598bd69064fc3910037f6fde292830c04f0066e6d9779dc60f4ca,0.38314666666666675,0.536196738571712,0.15305007190504527,15,0.0,0.0,0.38314666666666675,0.536196738571712,0,1,0.15305007190504527,"{""energy"": 0.6666666666666667, ""water"": 0.05493333333333334, ""transport"": 0.33333333333333337}","{""energy"": 0.7681000721556163, ""water"": 0.3674207193128452, ""transport"": 0.39576831305203986}","{""energy"": 0.10143340548894952, ""water"": 0.31248738597951187, ""transport"": 0.062434979718706485}","{""energy"": 0.0, ""water"": 0.0, ""transport"": 0.0}","{""energy"": 0.0, ""water"": 0.0, ""transport"": 0.0}","{""energy"": 0.0, ""water"": 0.0, ""transport"": 0.0}",0.3,0.1,,0.38314666666666675,1.0,0.6168533333333333,1,"{""energy"": 0.6666666666666667, ""water"": 0.05493333333333334, ""transport"": 0.33333333333333337}","{""energy"": 1.0, ""water"": 1.0, ""transport"": 1.0}","{""energy"": 0.33333333333333326, ""water"": 0.9450666666666666, ""transport"": 0.6666666666666666}",9,0.536196738571712,,,[],,v2.0,0.7,0.3
S4_water_partial,49,49,1110684862360046755,scenario=S4_water_partial|method=both|duration=0|theta=0.300000|delta_threshold=0.100000|A=v2.0|w=na|run_id=49|seed=1110684862360046755,False,"{""step_1_amount"": 1.1443521312721712}",033832c9a51598bd69064fc3910037f6fde292830c04f0066e6d9779dc60f4ca,0.38314666666666675,0.8564466666666667,0.47329999999999994,5,0.0,1.0,0.38314666666666675,0.8564466666666667,1,1,0.47329999999999994,"{""energy"": 0.6666666666666667, ""water"": 0.05493333333333334, ""transport"": 0.33333333333333337}","{""energy"": 0.9912666666666667, ""water"": 1.0, ""transport"": 0.5331333333333333}","{""energy"": 0.3246, ""water"": 0.9450666666666666, ""transport"": 0.19979999999999998}","{""energy"": 0.0, ""water"": 0.0, ""transport"": 0.0}","{""energy"": 1.0, ""water"": 1.0, ""transport"": 1.0}","{""energy"": 1.0, ""water"": 1.0, ""transport"": 1.0}",0.3,0.1,,0.38314666666666675,1.0,0.6168533333333333,1,"{""energy"": 0.6666666666666667, ""water"": 0.05493333333333334, ""transport"": 0.33333333333333337}","{""energy"": 1.0, ""water"": 1.0, ""transport"": 1.0}","{""energy"": 0.33333333333333326, ""water"": 0.9450666666666666, ""transport"": 0.6666666666666666}",3,0.8564466666666667,,,"[""energy"", ""transport""]",1,v2.0,0.7,0.3
S4_water_partial,50,50,5741775707253652681,scenario=S4_water_partial|method=both|duration=0|theta=0.300000|delta_threshold=0.100000|A=v2.0|w=na|run_id=50|seed=5741775707253652681,False,"{""step_1_amount"": 0.34638296979567024}",033832c9a51598bd69064fc3910037f6fde292830c04f0066e6d9779dc60f4ca,0.38314666666666675,0.4727659803498209,0.08961931368315418,22,0.0,0.0,0.38314666666666675,0.4727659803498209,0,0,0.08961931368315418,"{""energy"": 0.6666666666666667, ""water"": 0.05493333333333334, ""transport"": 0.33333333333333337}","{""energy"": 0.7260615566612599, ""water"": 0.23791204557792123, ""transport"": 0.369892480039802}","{""energy"": 0.05939488999459319, ""water"": 0.1829787122445879, ""transport"": 0.03655914670646865}","{""energy"": 0.0, ""water"": 0.0, ""transport"": 0.0}","{""energy"": 0.0, ""water"": 0.0, ""transport"": 0.0}","{""energy"": 0.0, ""water"": 0.0, ""transport"": 0.0}",0.3,0.1,,0.38314666666666675,1.0,0.6168533333333333,1,"{""energy"": 0.6666666666666667, ""water"": 0.05493333333333334, ""transport"": 0.33333333333333337}","{""energy"": 1.0, ""water"": 1.0, ""transport"": 1.0}","{""energy"": 0.33333333333333326, ""water"": 0.9450666666666666, ""transport"": 0.6666666666666666}",10,0.4727659803498209,,,[],,v2.0,0.7,0.3
S4_water_partial,51,51,4124506235195252065,scenario=S4_water_partial|method=both|duration=0|theta=0.300000|delta_threshold=0.100000|A=v2.0|w=na|run_id=51|seed=4124506235195252065,False,"{""step_1_amount"": 0.7666595766247426}",033832c9a51598bd69064fc3910037f6fde292830c04f0066e6d9779dc60f4ca,0.38314666666666675,0.7300698259657499,0.34692315929908313,7,0.0,1.0,0.38314666666666675,0.7300698259657499,1,1,0.34692315929908313,"{""energy"": 0.6666666666666667, ""water"": 0.05493333333333334, ""transport"": 0.33333333333333337}","{""energy"": 0.8965887898821561, ""water"": 0.7632578041142617, ""transport"": 0.47485656259536285}","{""energy"": 0.22992212321548933, ""water"": 0.7083244707809283, ""transport"": 0.14152322926202948}","{""energy"": 0.0, ""water"": 0.0, ""transport"": 0.0}","{""energy"": 1.0, ""water"": 1.0, ""transport"": 1.0}","{""energy"": 1.0, ""water"": 1.0, ""transport"": 1.0}",0.3,0.1,,0.38314666666666675,1.0,0.6168533333333333,1,"{""energy"": 0.6666666666666667, ""water"": 0.05493333333333334, ""transport"": 0.33333333333333337}","{""energy"": 1.0, ""water"": 1.0, ""transport"": 1.0}","{""energy"": 0.33333333333333326, ""water"": 0.9450666666666666, ""transport"": 0.6666666666666666}",5,0.7300698259657499,,,"[""energy"", ""transport""]",1,v2.0,0.7,0.3
S4_water_partial,52,52,12033688272786432157,scenario=S4_water_partial|method=both|duration=0|theta=0.300000|delta_threshold=0.100000|A=v2.0|w=na|run_id=52|seed=12033688272786432157,False,"{""step_1_amount"": 0.3950198139577229}",033832c9a51598bd69064fc3910037f6fde292830c04f0066e6d9779dc60f4ca,0.38314666666666675,0.5025426722669335,0.11939600560026675,12,0.0,0.0,0.38314666666666675,0.5025426722669335,0,0,0.11939600560026675,"{""energy"": 0.6666666666666667, ""water"": 0.05493333333333334, ""transport"": 0.33333333333333337}","{""energy"": 0.7457959561800127, ""water"": 0.2987081007804869, ""transport"": 0.38203953186927464}","{""energy"": 0.07912928951334597, ""water"": 0.24377476744715354, ""transport"": 0.04870619853594127}","{""energy"": 0.0, ""water"": 0.0, ""transport"": 0.0}","{""energy"": 0.0, ""water"": 0.0, ""transport"": 0.0}","{""energy"": 0.0, ""water"": 0.0, ""transport"": 0.0}",0.3,0.1,,0.38314666666666675,1.0,0.6168533333333333,1,"{""energy"": 0.6666666666666667, ""water"": 0.05493333333333334, ""transport"": 0.33333333333333337}","{""energy"": 1.0, ""water"": 1.0, ""transport"": 1.0}","{""energy"": 0.33333333333333326, ""water"": 0.9450666666666666, ""transport"": 0.6666666666666666}",10,0.5025426722669335,,,[],,v2.0,0.7,0.3
S4_water_partial,53,53,11546189266912442977,scenario=S4_water_partial|method=both|duration=0|theta=0.300000|delta_threshold=0.100000|A=v2.0|w=na|run_id=53|seed=11546189266912442977,False,"{""step_1_amount"": 0.5565639336141923}",033832c9a51598bd69064fc3910037f6fde292830c04f0066e6d9779dc60f4ca,0.38314666666666675,0.6014440209236157,0.21829735425694896,11,0.0,0.0,0.38314666666666675,0.6014440209236157,0,1,0.21829735425694896,"{""energy"": 0.6666666666666667, ""water"": 0.05493333333333334, ""transport"": 0.33333333333333337}","{""energy"": 0.8113424827306253, ""water"": 0.5006382503510738, ""transport"": 0.4223851757534779}","{""energy"": 0.14467581606395852, ""water"": 0.44570491701774045, ""transport"": 0.08905184242014452}","{""energy"": 0.0, ""water"": 0.0, ""transport"": 0.0}","{""energy"": 0.0, ""water"": 0.0, ""transport"": 0.0}","{""energy"": 0.0, ""water"": 0.0, ""transport"": 0.0}",0.3,0.1,,0.38314666666666675,1.0,0.6168533333333333,1,"{""energy"": 0.6666666666666667, ""water"": 0.05493333333333334, ""transport"": 0.33333333333333337}","{""energy"": 1.0, ""water"": 1.0, ""transport"": 1.0}","{""energy"": 0.33333333333333326, ""water"": 0.9450666666666666, ""transport"": 0.6666666666666666}",8,0.6014440209236157,,,[],,v2.0,0.7,0.3
S4_water_partial,54,54,5311542573671650603,scenario=S4_water_partial|method=both|duration=0|theta=0.300000|delta_threshold=0.100000|A=v2.0|w=na|run_id=54|seed=5311542573671650603,False,"{""step_1_amount"": 0.3884378243950908}",033832c9a51598bd69064fc3910037f6fde292830c04f0066e6d9779dc60f4ca,0.38314666666666675,0.49851301370695117,0.11536634704028442,8,0.0,0.0,0.38314666666666675,0.49851301370695117,0,0,0.11536634704028442,"{""energy"": 0.6666666666666667, ""water"": 0.05493333333333334, ""transport"": 0.33333333333333337}","{""energy"": 0.7431253139149748, ""water"": 0.29048061382719675, ""transport"": 0.38039567997600726}","{""energy"": 0.07645864724830809, ""water"": 0.23554728049386342, ""transport"": 0.04706234664267389}","{""energy"": 0.0, ""water"": 0.0, ""transport"": 0.0}","{""energy"": 0.0, ""water"": 0.0, ""transport"": 0.0}","{""energy"": 0.0, ""water"": 0.0, ""transport"": 0.0}",0.3,0.1,,0.38314666666666675,1.0,0.6168533333333333,1,"{""energy"": 0.6666666666666667, ""water"": 0.05493333333333334, ""transport"": 0.33333333333333337}","{""energy"": 1.0, ""water"": 1.0, ""transport"": 1.0}","{""energy"": 0.33333333333333326, ""water"": 0.9450666666666666, ""transport"": 0.6666666666666666}",10,0.49851301370695117,,,[],,v2.0,0.7,0.3
S4_water_partial,55,55,3267442772181836608,scenario=S4_water_partial|method=both|duration=0|theta=0.300000|delta_threshold=0.100000|A=v2.0|w=na|run_id=55|seed=3267442772181836608,False,"{""step_1_amount"": 0.7459999652859687}",033832c9a51598bd69064fc3910037f6fde292830c04f0066e6d9779dc60f4ca,0.38314666666666675,0.7174214954138689,0.33427482874720216,12,0.0,0.0,0.38314666666666675,0.7174214954138689,0,1,0.33427482874720216,"{""energy"": 0.6666666666666667, ""water"": 0.05493333333333334, ""transport"": 0.33333333333333337}","{""energy"": 0.8882061525814485, ""water"": 0.7374332899407942, ""transport"": 0.46969682466350404}","{""energy"": 0.2215394859147818, ""water"": 0.6824999566074608, ""transport"": 0.13636349133017067}","{""energy"": 0.0, ""water"": 0.0, ""transport"": 0.0}","{""energy"": 0.0, ""water"": 0.0, ""transport"": 0.0}","{""energy"": 0.0, ""water"": 0.0, ""transport"": 0.0}",0.3,0.1,,0.38314666666666675,1.0,0.6168533333333333,1,"{""energy"": 0.6666666666666667, ""water"": 0.05493333333333334, ""transport"": 0.33333333333333337}","{""energy"": 1.0, ""water"": 1.0, ""transport"": 1.0}","{""energy"": 0.33333333333333326, ""water"": 0.9450666666666666, ""transport"": 0.6666666666666666}",5,0.7174214954138689,,,[],,v2.0,0.7,0.3
S4_water_partial,56,56,8647406620607275838,scenario=S4_water_partial|method=both|duration=0|theta=0.300000|delta_threshold=0.100000|A=v2.0|w=na|run_id=56|seed=8647406620607275838,False,"{""step_1_amount"": 0.2909016975203464}",033832c9a51598bd69064fc3910037f6fde292830c04f0066e6d9779dc60f4ca,0.38314666666666675,0.43879895843106076,0.05565229176439401,27,0.0,0.0,0.38314666666666675,0.43879895843106076,0,0,0.05565229176439401,"{""energy"": 0.6666666666666667, ""water"": 0.05493333333333334, ""transport"": 0.33333333333333337}","{""energy"": 0.7035500304355473, ""water"": 0.1685604552337663, ""transport"": 0.3560360322890399}","{""energy"": 0.03688336376888057, ""water"": 0.11362712190043298, ""transport"": 0.022702698955706535}","{""energy"": 0.0, ""water"": 0.0, ""transport"": 0.0}","{""energy"": 0.0, ""water"": 0.0, ""transport"": 0.0}","{""energy"": 0.0, ""water"": 0.0, ""transport"": 0.0}",0.3,0.1,,0.38314666666666675,1.0,0.6168533333333333,1,"{""energy"": 0.6666666666666667, ""water"": 0.05493333333333334, ""transport"": 0.33333333333333337}","{""energy"": 1.0, ""water"": 1.0, ""transport"": 1.0}","{""energy"": 0.33333333333333326, ""water"": 0.9450666666666666, ""transport"": 0.6666666666666666}",11,0.43879895843106076,,,[],,v2.0,0.7,0.3
S4_water_partial,57,57,7454949612748248832,scenario=S4_water_partial|method=both|duration=0|theta=0.300000|delta_threshold=0.100000|A=v2.0|w=na|run_id=57|seed=7454949612748248832,False,"{""step_1_amount"": 0.26793047479051946}",033832c9a51598bd69064fc3910037f6fde292830c04f0066e6d9779dc60f4ca,0.38314666666666675,0.42473540159529244,0.04158873492862569,24,0.0,0.0,0.38314666666666675,0.42473540159529244,0,0,0.04158873492862569,"{""energy"": 0.6666666666666667, ""water"": 0.05493333333333334, ""transport"": 0.33333333333333337}","{""energy"": 0.69422945681292, ""water"": 0.13984642682148257, ""transport"": 0.35029896941226557}","{""energy"": 0.02756279014625329, ""water"": 0.08491309348814924, ""transport"": 0.0169656360789322}","{""energy"": 0.0, ""water"": 0.0, ""transport"": 0.0}","{""energy"": 0.0, ""water"": 0.0, ""transport"": 0.0}","{""energy"": 0.0, ""water"": 0.0, ""transport"": 0.0}",0.3,0.1,,0.38314666666666675,1.0,0.6168533333333333,1,"{""energy"": 0.6666666666666667, ""water"": 0.05493333333333334, ""transport"": 0.33333333333333337}","{""energy"": 1.0, ""water"": 1.0, ""transport"": 1.0}","{""energy"": 0.33333333333333326, ""water"": 0.9450666666666666, ""transport"": 0.6666666666666666}",12,0.42473540159529244,,,[],,v2.0,0.7,0.3
S4_water_partial,58,58,5028326982104737181,scenario=S4_water_partial|method=both|duration=0|theta=0.300000|delta_threshold=0.100000|A=v2.0|w=na|run_id=58|seed=5028326982104737181,False,"{""step_1_amount"": 0.7376991041487213}",033832c9a51598bd69064fc3910037f6fde292830c04f0066e6d9779dc60f4ca,0.38314666666666675,0.7123395007041176,0.3291928340374508,16,0.0,0.0,0.38314666666666675,0.7123395007041176,0,1,0.3291928340374508,"{""energy"": 0.6666666666666667, ""water"": 0.05493333333333334, ""transport"": 0.33333333333333337}","{""energy"": 0.8848380781750105, ""water"": 0.727057213519235, ""transport"": 0.4676236845944765}","{""energy"": 0.21817141150834374, ""water"": 0.6721238801859016, ""transport"": 0.13429035126114314}","{""energy"": 0.0, ""water"": 0.0, ""transport"": 0.0}","{""energy"": 0.0, ""water"": 0.0, ""transport"": 0.0}","{""energy"": 0.0, ""water"": 0.0, ""transport"": 0.0}",0.3,0.1,,0.38314666666666675,1.0,0.6168533333333333,1,"{""energy"": 0.6666666666666667, ""water"": 0.05493333333333334, ""transport"": 0.33333333333333337}","{""energy"": 1.0, ""water"": 1.0, ""transport"": 1.0}","{""energy"": 0.33333333333333326, ""water"": 0.9450666666666666, ""transport"": 0.6666666666666666}",5,0.7123395007041176,,,[],,v2.0,0.7,0.3
S4_water_partial,59,59,8572128630902707358,scenario=S4_water_partial|method=both|duration=0|theta=0.300000|delta_threshold=0.100000|A=v2.0|w=na|run_id=59|seed=8572128630902707358,False,"{""step_1_amount"": 1.1814366013217903}",033832c9a51598bd69064fc3910037f6fde292830c04f0066e6d9779dc60f4ca,0.38314666666666675,0.8564466666666667,0.47329999999999994,7,0.0,1.0,0.38314666666666675,0.8564466666666667,1,1,0.47329999999999994,"{""energy"": 0.6666666666666667, ""water"": 0.05493333333333334, ""transport"": 0.33333333333333337}","{""energy"": 0.9912666666666667, ""water"": 1.0, ""transport"": 0.5331333333333333}","{""energy"": 0.3246, ""water"": 0.9450666666666666, ""transport"": 0.19979999999999998}","{""energy"": 0.0, ""water"": 0.0, ""transport"": 0.0}","{""energy"": 1.0, ""water"": 1.0, ""transport"": 1.0}","{""energy"": 1.0, ""water"": 1.0, ""transport"": 1.0}",0.3,0.1,,0.38314666666666675,1.0,0.6168533333333333,1,"{""energy"": 0.6666666666666667, ""water"": 0.05493333333333334, ""transport"": 0.33333333333333337}","{""energy"": 1.0, ""water"": 1.0, ""transport"": 1.0}","{""energy"": 0.33333333333333326, ""water"": 0.9450666666666666, ""transport"": 0.6666666666666666}",3,0.8564466666666667,,,"[""energy"", ""transport""]",1,v2.0,0.7,0.3
S4_water_partial,60,60,1229984526848907376,scenario=S4_water_partial|method=both|duration=0|theta=0.300000|delta_threshold=0.100000|A=v2.0|w=na|run_id=60|seed=1229984526848907376,False,"{""step_1_amount"": 0.9146206968195078}",033832c9a51598bd69064fc3910037f6fde292830c04f0066e6d9779dc60f4ca,0.38314666666666675,0.8206553227769898,0.4375086561103231,25,0.0,1.0,0.38314666666666675,0.8206553227769898,1,1,0.4375086561103231,"{""energy"": 0.6666666666666667, ""water"": 0.05493333333333334, ""transport"": 0.33333333333333337}","{""energy"": 0.9566240144011819, ""water"": 0.948209204357718, ""transport"": 0.5118098523640054}","{""energy"": 0.2899573477345152, ""water"": 0.8932758710243847, ""transport"": 0.17847651903067208}","{""energy"": 0.0, ""water"": 0.0, ""transport"": 0.0}","{""energy"": 1.0, ""water"": 1.0, ""transport"": 1.0}","{""energy"": 1.0, ""water"": 1.0, ""transport"": 1.0}",0.3,0.1,,0.38314666666666675,1.0,0.6168533333333333,1,"{""energy"": 0.6666666666666667, ""water"": 0.05493333333333334, ""transport"": 0.33333333333333337}","{""energy"": 1.0, ""water"": 1.0, ""transport"": 1.0}","{""energy"": 0.33333333333333326, ""water"": 0.9450666666666666, ""transport"": 0.6666666666666666}",3,0.8206553227769898,,,"[""energy"", ""transport""]",1,v2.0,0.7,0.3
S4_water_partial,61,61,8929698642429340292,scenario=S4_water_partial|method=both|duration=0|theta=0.300000|delta_threshold=0.100000|A=v2.0|w=na|run_id=61|seed=8929698642429340292,False,"{""step_1_amount"": 0.2445101821324058}",033832c9a51598bd69064fc3910037f6fde292830c04f0066e6d9779dc60f4ca,0.38314666666666675,0.4103969129226789,0.027250246256012134,20,0.0,0.0,0.38314666666666675,0.4103969129226789,0,0,0.027250246256012134,"{""energy"": 0.6666666666666667, ""water"": 0.05493333333333334, ""transport"": 0.33333333333333337}","{""energy"": 0.6847266730668904, ""water"": 0.11057106099884062, ""transport"": 0.3444497513209017}","{""energy"": 0.01806000640022365, ""water"": 0.05563772766550728, ""transport"": 0.01111641798756835}","{""energy"": 0.0, ""water"": 0.0, ""transport"": 0.0}","{""energy"": 0.0, ""water"": 0.0, ""transport"": 0.0}","{""energy"": 0.0, ""water"": 0.0, ""transport"": 0.0}",0.3,0.1,,0.38314666666666675,1.0,0.6168533333333333,1,"{""energy"": 0.6666666666666667, ""water"": 0.05493333333333334, ""transport"": 0.33333333333333337}","{""energy"": 1.0, ""water"": 1.0, ""transport"": 1.0}","{""energy"": 0.33333333333333326, ""water"": 0.9450666666666666, ""transport"": 0.6666666666666666}",12,0.4103969129226789,,,[],,v2.0,0.7,0.3
S4_water_partial,62,62,3764674457525266519,scenario=S4_water_partial|method=both|duration=0|theta=0.300000|delta_threshold=0.100000|A=v2.0|w=na|run_id=62|seed=3764674457525266519,False,"{""step_1_amount"": 0.8066080982945562}",033832c9a51598bd69064fc3910037f6fde292830c04f0066e6d9779dc60f4ca,0.38314666666666675,0.7545273096450513,0.3713806429783846,17,0.0,1.0,0.38314666666666675,0.7545273096450513,1,1,0.3713806429783846,"{""energy"": 0.6666666666666667, ""water"": 0.05493333333333334, ""transport"": 0.33333333333333337}","{""energy"": 0.9127979025496828, ""water"": 0.8131934562015286, ""transport"": 0.48483370588239877}","{""energy"": 0.2461312358830161, ""water"": 0.7582601228681952, ""transport"": 0.1515003725490654}","{""energy"": 0.0, ""water"": 0.0, ""transport"": 0.0}","{""energy"": 1.0, ""water"": 1.0, ""transport"": 1.0}","{""energy"": 1.0, ""water"": 1.0, ""transport"": 1.0}",0.3,0.1,,0.38314666666666675,1.0,0.6168533333333333,1,"{""energy"": 0.6666666666666667, ""water"": 0.05493333333333334, ""transport"": 0.33333333333333337}","{""energy"": 1.0, ""water"": 1.0, ""transport"": 1.0}","{""energy"": 0.33333333333333326, ""water"": 0.9450666666666666, ""transport"": 0.6666666666666666}",4,0.7545273096450513,,,"[""energy"", ""transport""]",1,v2.0,0.7,0.3
S4_water_partial,63,63,7141325424481020265,scenario=S4_water_partial|method=both|duration=0|theta=0.300000|delta_threshold=0.100000|A=v2.0|w=na|run_id=63|seed=7141325424481020265,False,"{""step_1_amount"": 0.5463318601678316}",033832c9a51598bd69064fc3910037f6fde292830c04f0066e6d9779dc60f4ca,0.38314666666666675,0.5951796897579174,0.2120330230912506,28,0.0,0.0,0.38314666666666675,0.5951796897579174,0,1,0.2120330230912506,"{""energy"": 0.6666666666666667, ""water"": 0.05493333333333334, ""transport"": 0.33333333333333337}","{""energy"": 0.8071908189297644, ""water"": 0.4878481585431229, ""transport"": 0.4198297154102493}","{""energy"": 0.14052415226309767, ""water"": 0.4329148252097896, ""transport"": 0.08649638207691596}","{""energy"": 0.0, ""water"": 0.0, ""transport"": 0.0}","{""energy"": 0.0, ""water"": 0.0, ""transport"": 0.0}","{""energy"": 0.0, ""water"": 0.0, ""transport"": 0.0}",0.3,0.1,,0.38314666666666675,1.0,0.6168533333333333,1,"{""energy"": 0.6666666666666667, ""water"": 0.05493333333333334, ""transport"": 0.33333333333333337}","{""energy"": 1.0, ""water"": 1.0, ""transport"": 1.0}","{""energy"": 0.33333333333333326, ""water"": 0.9450666666666666, ""transport"": 0.6666666666666666}",8,0.5951796897579174,,,[],,v2.0,0.7,0.3
S4_water_partial,64,64,1774066358495312745,scenario=S4_water_partial|method=both|duration=0|theta=0.300000|delta_threshold=0.100000|A=v2.0|w=na|run_id=64|seed=1774066358495312745,False,"{""step_1_amount"": 0.2584273882481209}",033832c9a51598bd69064fc3910037f6fde292830c04f0066e6d9779dc60f4ca,0.38314666666666675,0.4189173744368725,0.035770707770205745,7,0.0,0.0,0.38314666666666675,0.4189173744368725,0,0,0.035770707770205745,"{""energy"": 0.6666666666666667, ""water"": 0.05493333333333334, ""transport"": 0.33333333333333337}","{""energy"": 0.6903735794483418, ""water"": 0.12796756864348446, ""transport"": 0.34792557354830156}","{""energy"": 0.023706912781675027, ""water"": 0.07303423531015113, ""transport"": 0.014592240214968188}","{""energy"": 0.0, ""water"": 0.0, ""transport"": 0.0}","{""energy"": 0.0, ""water"": 0.0, ""transport"": 0.0}","{""energy"": 0.0, ""water"": 0.0, ""transport"": 0.0}",0.3,0.1,,0.38314666666666675,1.0,0.6168533333333333,1,"{""energy"": 0.6666666666666667, ""water"": 0.05493333333333334, ""transport"": 0.33333333333333337}","{""energy"": 1.0, ""water"": 1.0, ""transport"": 1.0}","{""energy"": 0.33333333333333326, ""water"": 0.9450666666666666, ""transport"": 0.6666666666666666}",12,0.4189173744368725,,,[],,v2.0,0.7,0.3
S4_water_partial,65,65,13655815968418168898,scenario=S4_water_partial|method=both|duration=0|theta=0.300000|delta_threshold=0.100000|A=v2.0|w=na|run_id=65|seed=13655815968418168898,False,"{""step_1_amount"": 0.4406527412554783}",033832c9a51598bd69064fc3910037f6fde292830c04f0066e6d9779dc60f4ca,0.38314666666666675,0.530480291181802,0.1473336245151352,16,0.0,0.0,0.38314666666666675,0.530480291181802,0,0,0.1473336245151352,"{""energy"": 0.6666666666666667, ""water"": 0.05493333333333334, ""transport"": 0.33333333333333337}","{""energy"": 0.7643115164310771, ""water"": 0.3557492599026812, ""transport"": 0.3934363554618891}","{""energy"": 0.09764484976441035, ""water"": 0.30081592656934786, ""transport"": 0.06010302212855573}","{""energy"": 0.0, ""water"": 0.0, ""transport"": 0.0}","{""energy"": 0.0, ""water"": 0.0, ""transport"": 0.0}","{""energy"": 0.0, ""water"": 0.0, ""transport"": 0.0}",0.3,0.1,,0.38314666666666675,1.0,0.6168533333333333,1,"{""energy"": 0.6666666666666667, ""water"": 0.05493333333333334, ""transport"": 0.33333333333333337}","{""energy"": 1.0, ""water"": 1.0, ""transport"": 1.0}","{""energy"": 0.33333333333333326, ""water"": 0.9450666666666666, ""transport"": 0.6666666666666666}",9,0.530480291181802,,,[],,v2.0,0.7,0.3
S4_water_partial,66,66,2775426475770517754,scenario=S4_water_partial|method=both|duration=0|theta=0.300000|delta_threshold=0.100000|A=v2.0|w=na|run_id=66|seed=2775426475770517754,False,"{""step_1_amount"": 0.5662410529646827}",033832c9a51598bd69064fc3910037f6fde292830c04f0066e6d9779dc60f4ca,0.38314666666666675,0.6073685953179696,0.22422192865130286,18,0.0,0.0,0.38314666666666675,0.6073685953179696,0,1,0.22422192865130286,"{""energy"": 0.6666666666666667, ""water"": 0.05493333333333334, ""transport"": 0.33333333333333337}","{""energy"": 0.8152689739070867, ""water"": 0.5127346495391867, ""transport"": 0.4248020363112629}","{""energy"": 0.14860230724042, ""water"": 0.45780131620585335, ""transport"": 0.09146870297792953}","{""energy"": 0.0, ""water"": 0.0, ""transport"": 0.0}","{""energy"": 0.0, ""water"": 0.0, ""transport"": 0.0}","{""energy"": 0.0, ""water"": 0.0, ""transport"": 0.0}",0.3,0.1,,0.38314666666666675,1.0,0.6168533333333333,1,"{""energy"": 0.6666666666666667, ""water"": 0.05493333333333334, ""transport"": 0.33333333333333337}","{""energy"": 1.0, ""water"": 1.0, ""transport"": 1.0}","{""energy"": 0.33333333333333326, ""water"": 0.9450666666666666, ""transport"": 0.6666666666666666}",8,0.6073685953179696,,,[],,v2.0,0.7,0.3
S4_water_partial,67,67,16261945308108820769,scenario=S4_water_partial|method=both|duration=0|theta=0.300000|delta_threshold=0.100000|A=v2.0|w=na|run_id=67|seed=16261945308108820769,False,"{""step_1_amount"": 0.6929522169052416}",033832c9a51598bd69064fc3910037f6fde292830c04f0066e6d9779dc60f4ca,0.38314666666666675,0.6849443376614782,0.3017976709948115,30,0.0,0.0,0.38314666666666675,0.6849443376614782,0,1,0.3017976709948115,"{""energy"": 0.6666666666666667, ""water"": 0.05493333333333334, ""transport"": 0.33333333333333337}","{""energy"": 0.8666820286759686, ""water"": 0.6711236044648854, ""transport"": 0.45644814950541746}","{""energy"": 0.2000153620093018, ""water"": 0.616190271131552, ""transport"": 0.12311481617208409}","{""energy"": 0.0, ""water"": 0.0, ""transport"": 0.0}","{""energy"": 0.0, ""water"": 0.0, ""transport"": 0.0}","{""energy"": 0.0, ""water"": 0.0, ""transport"": 0.0}",0.3,0.1,,0.38314666666666675,1.0,0.6168533333333333,1,"{""energy"": 0.6666666666666667, ""water"": 0.05493333333333334, ""transport"": 0.33333333333333337}","{""energy"": 1.0, ""water"": 1.0, ""transport"": 1.0}","{""energy"": 0.33333333333333326, ""water"": 0.9450666666666666, ""transport"": 0.6666666666666666}",6,0.6849443376614782,,,[],,v2.0,0.7,0.3
S4_water_partial,68,68,7214094352513058112,scenario=S4_water_partial|method=both|duration=0|theta=0.300000|delta_threshold=0.100000|A=v2.0|w=na|run_id=68|seed=7214094352513058112,False,"{""step_1_amount"": 0.5744808812212743}",033832c9a51598bd69064fc3910037f6fde292830c04f0066e6d9779dc60f4ca,0.38314666666666675,0.6124132241723613,0.22926655750569458,10,0.0,0.0,0.38314666666666675,0.6124132241723613,0,1,0.22926655750569458,"{""energy"": 0.6666666666666667, ""water"": 0.05493333333333334, ""transport"": 0.33333333333333337}","{""energy"": 0.8186122842221988, ""water"": 0.5230344348599263, ""transport"": 0.4268599334183466}","{""energy"": 0.15194561755553204, ""water"": 0.46810110152659296, ""transport"": 0.09352660008501323}","{""energy"": 0.0, ""water"": 0.0, ""transport"": 0.0}","{""energy"": 0.0, ""water"": 0.0, ""transport"": 0.0}","{""energy"": 0.0, ""water"": 0.0, ""transport"": 0.0}",0.3,0.1,,0.38314666666666675,1.0,0.6168533333333333,1,"{""energy"": 0.6666666666666667, ""water"": 0.05493333333333334, ""transport"": 0.33333333333333337}","{""energy"": 1.0, ""water"": 1.0, ""transport"": 1.0}","{""energy"": 0.33333333333333326, ""water"": 0.9450666666666666, ""transport"": 0.6666666666666666}",7,0.6124132241723613,,,[],,v2.0,0.7,0.3
S4_water_partial,69,69,14783421248601069761,scenario=S4_water_partial|method=both|duration=0|theta=0.300000|delta_threshold=0.100000|A=v2.0|w=na|run_id=69|seed=14783421248601069761,False,"{""step_1_amount"": 0.20490710193332295}",033832c9a51598bd69064fc3910037f6fde292830c04f0066e6d9779dc60f4ca,0.38314666666666675,0.38615091714779537,0.003004250481128623,13,0.0,0.0,0.38314666666666675,0.38615091714779537,0,0,0.003004250481128623,"{""energy"": 0.6666666666666667, ""water"": 0.05493333333333334, ""transport"": 0.33333333333333337}","{""energy"": 0.6686577232761125, ""water"": 0.06106721074998712, ""transport"": 0.3345588820411808}","{""energy"": 0.0019910566094457627, ""water"": 0.006133877416653777, ""transport"": 0.0012255487078474125}","{""energy"": 0.0, ""water"": 0.0, ""transport"": 0.0}","{""energy"": 0.0, ""water"": 0.0, ""transport"": 0.0}","{""energy"": 0.0, ""water"": 0.0, ""transport"": 0.0}",0.3,0.1,,0.38314666666666675,1.0,0.6168533333333333,1,"{""energy"": 0.6666666666666667, ""water"": 0.05493333333333334, ""transport"": 0.33333333333333337}","{""energy"": 1.0, ""water"": 1.0, ""transport"": 1.0}","{""energy"": 0.33333333333333326, ""water"": 0.9450666666666666, ""transport"": 0.6666666666666666}",12,0.38615091714779537,,,[],,v2.0,0.7,0.3
S4_water_partial,70,70,15944498297609425387,scenario=S4_water_partial|method=both|duration=0|theta=0.300000|delta_threshold=0.100000|A=v2.0|w=na|run_id=70|seed=15944498297609425387,False,"{""step_1_amount"": 0.6943953552850616}",033832c9a51598bd69064fc3910037f6fde292830c04f0066e6d9779dc60f4ca,0.38314666666666675,0.6858278630560635,0.3026811963893967,5,0.0,0.0,0.38314666666666675,0.6858278630560635,0,1,0.3026811963893967,"{""energy"": 0.6666666666666667, ""water"": 0.05493333333333334, ""transport"": 0.33333333333333337}","{""energy"": 0.8672675820735805, ""water"": 0.6729275274396603, ""transport"": 0.4568085733157775}","{""energy"": 0.20060091540691372, ""water"": 0.6179941941063269, ""transport"": 0.12347523998244414}","{""energy"": 0.0, ""water"": 0.0, ""transport"": 0.0}","{""energy"": 0.0, ""water"": 0.0, ""transport"": 0.0}","{""energy"": 0.0, ""water"": 0.0, ""transport"": 0.0}",0.3,0.1,,0.38314666666666675,1.0,0.6168533333333333,1,"{""energy"": 0.6666666666666667, ""water"": 0.05493333333333334, ""transport"": 0.33333333333333337}","{""energy"": 1.0, ""water"": 1.0, ""transport"": 1.0}","{""energy"": 0.33333333333333326, ""water"": 0.9450666666666666, ""transport"": 0.6666666666666666}",6,0.6858278630560635,,,[],,v2.0,0.7,0.3
S4_water_partial,71,71,8002905350515494752,scenario=S4_water_partial|method=both|duration=0|theta=0.300000|delta_threshold=0.100000|A=v2.0|w=na|run_id=71|seed=8002905350515494752,False,"{""step_1_amount"": 0.7605167273805422}",033832c9a51598bd69064fc3910037f6fde292830c04f0066e6d9779dc60f4ca,0.38314666666666675,0.7263090200872191,0.34316235342055235,10,0.0,1.0,0.38314666666666675,0.7263090200872191,1,1,0.34316235342055235,"{""energy"": 0.6666666666666667, ""water"": 0.05493333333333334, ""transport"": 0.33333333333333337}","{""energy"": 0.8940963288013217, ""water"": 0.7555792425590111, ""transport"": 0.4733223859966238}","{""energy"": 0.227429662134655, ""water"": 0.7006459092256777, ""transport"": 0.13998905266329043}","{""energy"": 0.0, ""water"": 0.0, ""transport"": 0.0}","{""energy"": 1.0, ""water"": 1.0, ""transport"": 1.0}","{""energy"": 1.0, ""water"": 1.0, ""transport"": 1.0}",0.3,0.1,,0.38314666666666675,1.0,0.6168533333333333,1,"{""energy"": 0.6666666666666667, ""water"": 0.05493333333333334, ""transport"": 0.33333333333333337}","{""energy"": 1.0, ""water"": 1.0, ""transport"": 1.0}","{""energy"": 0.33333333333333326, ""water"": 0.9450666666666666, ""transport"": 0.6666666666666666}",5,0.7263090200872191,,,"[""energy"", ""transport""]",1,v2.0,0.7,0.3
S4_water_partial,72,72,9562330598974836259,scenario=S4_water_partial|method=both|duration=0|theta=0.300000|delta_threshold=0.100000|A=v2.0|w=na|run_id=72|seed=9562330598974836259,False,"{""step_1_amount"": 0.8349398465780733}",033832c9a51598bd69064fc3910037f6fde292830c04f0066e6d9779dc60f4ca,0.38314666666666675,0.7718727142379277,0.38872604757126095,6,0.0,1.0,0.38314666666666675,0.7718727142379277,1,1,0.38872604757126095,"{""energy"": 0.6666666666666667, ""water"": 0.05493333333333334, ""transport"": 0.33333333333333337}","{""energy"": 0.9242935094157201, ""water"": 0.8486081415559251, ""transport"": 0.4919095600162072}","{""energy"": 0.25762684274905334, ""water"": 0.7936748082225917, ""transport"": 0.15857622668287386}","{""energy"": 0.0, ""water"": 0.0, ""transport"": 0.0}","{""energy"": 1.0, ""water"": 1.0, ""transport"": 1.0}","{""energy"": 1.0, ""water"": 1.0, ""transport"": 1.0}",0.3,0.1,,0.38314666666666675,1.0,0.6168533333333333,1,"{""energy"": 0.6666666666666667, ""water"": 0.05493333333333334, ""transport"": 0.33333333333333337}","{""energy"": 1.0, ""water"": 1.0, ""transport"": 1.0}","{""energy"": 0.33333333333333326, ""water"": 0.9450666666666666, ""transport"": 0.6666666666666666}",4,0.7718727142379277,,,"[""energy"", ""transport""]",1,v2.0,0.7,0.3
S4_water_partial,73,73,7733240352742554039,scenario=S4_water_partial|method=both|duration=0|theta=0.300000|delta_threshold=0.100000|A=v2.0|w=na|run_id=73|seed=7733240352742554039,False,"{""step_1_amount"": 0.47636638125343717}",033832c9a51598bd69064fc3910037f6fde292830c04f0066e6d9779dc60f4ca,0.38314666666666675,0.5523450744295523,0.16919840776288553,25,0.0,0.0,0.38314666666666675,0.5523450744295523,0,1,0.16919840776288553,"{""energy"": 0.6666666666666667, ""water"": 0.05493333333333334, ""transport"": 0.33333333333333337}","{""energy"": 0.7788023258602489, ""water"": 0.4003913099001297, ""transport"": 0.4023558370513793}","{""energy"": 0.11213565919358215, ""water"": 0.3454579765667964, ""transport"": 0.06902250371804591}","{""energy"": 0.0, ""water"": 0.0, ""transport"": 0.0}","{""energy"": 0.0, ""water"": 0.0, ""transport"": 0.0}","{""energy"": 0.0, ""water"": 0.0, ""transport"": 0.0}",0.3,0.1,,0.38314666666666675,1.0,0.6168533333333333,1,"{""energy"": 0.6666666666666667, ""water"": 0.05493333333333334, ""transport"": 0.33333333333333337}","{""energy"": 1.0, ""water"": 1.0, ""transport"": 1.0}","{""energy"": 0.33333333333333326, ""water"": 0.9450666666666666, ""transport"": 0.6666666666666666}",9,0.5523450744295523,,,[],,v2.0,0.7,0.3
S4_water_partial,74,74,18391666356804118016,scenario=S4_water_partial|method=both|duration=0|theta=0.300000|delta_threshold=0.100000|A=v2.0|w=na|run_id=74|seed=18391666356804118016,False,"{""step_1_amount"": 0.223979607415463}",033832c9a51598bd69064fc3910037f6fde292830c04f0066e6d9779dc60f4ca,0.38314666666666675,0.39782758181659855,0.014680915149931806,22,0.0,0.0,0.38314666666666675,0.39782758181659855,0,0,0.014680915149931806,"{""energy"": 0.6666666666666667, ""water"": 0.05493333333333334, ""transport"": 0.33333333333333337}","{""energy"": 0.6763963923754909, ""water"": 0.08490784260266204, ""transport"": 0.33932224028534524}","{""energy"": 0.009729725708824133, ""water"": 0.0299745092693287, ""transport"": 0.005988906952011874}","{""energy"": 0.0, ""water"": 0.0, ""transport"": 0.0}","{""energy"": 0.0, ""water"": 0.0, ""transport"": 0.0}","{""energy"": 0.0, ""water"": 0.0, ""transport"": 0.0}",0.3,0.1,,0.38314666666666675,1.0,0.6168533333333333,1,"{""energy"": 0.6666666666666667, ""water"": 0.05493333333333334, ""transport"": 0.33333333333333337}","{""energy"": 1.0, ""water"": 1.0, ""transport"": 1.0}","{""energy"": 0.33333333333333326, ""water"": 0.9450666666666666, ""transport"": 0.6666666666666666}",12,0.39782758181659855,,,[],,v2.0,0.7,0.3
S4_water_partial,75,75,16988051353415945781,scenario=S4_water_partial|method=both|duration=0|theta=0.300000|delta_threshold=0.100000|A=v2.0|w=na|run_id=75|seed=16988051353415945781,False,"{""step_1_amount"": 0.6682705122341123}",033832c9a51598bd69064fc3910037f6fde292830c04f0066e6d9779dc60f4ca,0.38314666666666675,0.6698335810191961,0.28668691435252935,28,0.0,0.0,0.38314666666666675,0.6698335810191961,0,1,0.28668691435252935,"{""energy"": 0.6666666666666667, ""water"": 0.05493333333333334, ""transport"": 0.33333333333333337}","{""energy"": 0.8566674270056578, ""water"": 0.6402714736259737, ""transport"": 0.4502838937638029}","{""energy"": 0.19000076033899105, ""water"": 0.5853381402926403, ""transport"": 0.11695056043046953}","{""energy"": 0.0, ""water"": 0.0, ""transport"": 0.0}","{""energy"": 0.0, ""water"": 0.0, ""transport"": 0.0}","{""energy"": 0.0, ""water"": 0.0, ""transport"": 0.0}",0.3,0.1,,0.38314666666666675,1.0,0.6168533333333333,1,"{""energy"": 0.6666666666666667, ""water"": 0.05493333333333334, ""transport"": 0.33333333333333337}","{""energy"": 1.0, ""water"": 1.0, ""transport"": 1.0}","{""energy"": 0.33333333333333326, ""water"": 0.9450666666666666, ""transport"": 0.6666666666666666}",6,0.6698335810191961,,,[],,v2.0,0.7,0.3
S4_water_partial,76,76,2092687872990446924,scenario=S4_water_partial|method=both|duration=0|theta=0.300000|delta_threshold=0.100000|A=v2.0|w=na|run_id=76|seed=2092687872990446924,False,"{""step_1_amount"": 0.6281080718030456}",033832c9a51598bd69064fc3910037f6fde292830c04f0066e6d9779dc60f4ca,0.38314666666666675,0.6452451309262863,0.2620984642596196,9,0.0,0.0,0.38314666666666675,0.6452451309262863,0,1,0.2620984642596196,"{""energy"": 0.6666666666666667, ""water"": 0.05493333333333334, ""transport"": 0.33333333333333337}","{""energy"": 0.8403715168007525, ""water"": 0.5900684230871404, ""transport"": 0.440253324266144}","{""energy"": 0.17370485013408576, ""water"": 0.535135089753807, ""transport"": 0.10691999093281063}","{""energy"": 0.0, ""water"": 0.0, ""transport"": 0.0}","{""energy"": 0.0, ""water"": 0.0, ""transport"": 0.0}","{""energy"": 0.0, ""water"": 0.0, ""transport"": 0.0}",0.3,0.1,,0.38314666666666675,1.0,0.6168533333333333,1,"{""energy"": 0.6666666666666667, ""water"": 0.05493333333333334, ""transport"": 0.33333333333333337}","{""energy"": 1.0, ""water"": 1.0, ""transport"": 1.0}","{""energy"": 0.33333333333333326, ""water"": 0.9450666666666666, ""transport"": 0.6666666666666666}",7,0.6452451309262863,,,[],,v2.0,0.7,0.3
S4_water_partial,77,77,1751755269748274299,scenario=S4_water_partial|method=both|duration=0|theta=0.300000|delta_threshold=0.100000|A=v2.0|w=na|run_id=77|seed=1751755269748274299,False,"{""step_1_amount"": 0.5078170971294002}",033832c9a51598bd69064fc3910037f6fde292830c04f0066e6d9779dc60f4ca,0.38314666666666675,0.5715999889567137,0.18845332229004697,12,0.0,0.0,0.38314666666666675,0.5715999889567137,0,1,0.18845332229004697,"{""energy"": 0.6666666666666667, ""water"": 0.05493333333333334, ""transport"": 0.33333333333333337}","{""energy"": 0.7915634538269208, ""water"": 0.43970470474508355, ""transport"": 0.41021065334140105}","{""energy"": 0.1248967871602541, ""water"": 0.3847713714117502, ""transport"": 0.07687732000806768}","{""energy"": 0.0, ""water"": 0.0, ""transport"": 0.0}","{""energy"": 0.0, ""water"": 0.0, ""transport"": 0.0}","{""energy"": 0.0, ""water"": 0.0, ""transport"": 0.0}",0.3,0.1,,0.38314666666666675,1.0,0.6168533333333333,1,"{""energy"": 0.6666666666666667, ""water"": 0.05493333333333334, ""transport"": 0.33333333333333337}","{""energy"": 1.0, ""water"": 1.0, ""transport"": 1.0}","{""energy"": 0.33333333333333326, ""water"": 0.9450666666666666, ""transport"": 0.6666666666666666}",8,0.5715999889567137,,,[],,v2.0,0.7,0.3
S4_water_partial,78,78,8334271184384794293,scenario=S4_water_partial|method=both|duration=0|theta=0.300000|delta_threshold=0.100000|A=v2.0|w=na|run_id=78|seed=8334271184384794293,False,"{""step_1_amount"": 0.5734117948941622}",033832c9a51598bd69064fc3910037f6fde292830c04f0066e6d9779dc60f4ca,0.38314666666666675,0.6117587027957452,0.22861203612907843,7,0.0,0.0,0.38314666666666675,0.6117587027957452,0,1,0.22861203612907843,"{""energy"": 0.6666666666666667, ""water"": 0.05493333333333334, ""transport"": 0.33333333333333337}","{""energy"": 0.818178502444973, ""water"": 0.5216980769510361, ""transport"": 0.4265929291081504}","{""energy"": 0.1515118357783063, ""water"": 0.46676474361770276, ""transport"": 0.09325959577481702}","{""energy"": 0.0, ""water"": 0.0, ""transport"": 0.0}","{""energy"": 0.0, ""water"": 0.0, ""transport"": 0.0}","{""energy"": 0.0, ""water"": 0.0, ""transport"": 0.0}",0.3,0.1,,0.38314666666666675,1.0,0.6168533333333333,1,"{""energy"": 0.6666666666666667, ""water"": 0.05493333333333334, ""transport"": 0.33333333333333337}","{""energy"": 1.0, ""water"": 1.0, ""transport"": 1.0}","{""energy"": 0.33333333333333326, ""water"": 0.9450666666666666, ""transport"": 0.6666666666666666}",7,0.6117587027957452,,,[],,v2.0,0.7,0.3
S4_water_partial,79,79,1642847440866692549,scenario=S4_water_partial|method=both|duration=0|theta=0.300000|delta_threshold=0.100000|A=v2.0|w=na|run_id=79|seed=1642847440866692549,False,"{""step_1_amount"": 0.8263939871974884}",033832c9a51598bd69064fc3910037f6fde292830c04f0066e6d9779dc60f4ca,0.38314666666666675,0.766640725478649,0.3834940588119823,6,0.0,1.0,0.38314666666666675,0.766640725478649,1,1,0.3834940588119823,"{""energy"": 0.6666666666666667, ""water"": 0.05493333333333334, ""transport"": 0.33333333333333337}","{""energy"": 0.9208260269720476, ""water"": 0.8379258173301939, ""transport"": 0.4897752316359061}","{""energy"": 0.2541593603053809, ""water"": 0.7829924839968605, ""transport"": 0.1564418983025727}","{""energy"": 0.0, ""water"": 0.0, ""transport"": 0.0}","{""energy"": 1.0, ""water"": 1.0, ""transport"": 1.0}","{""energy"": 1.0, ""water"": 1.0, ""transport"": 1.0}",0.3,0.1,,0.38314666666666675,1.0,0.6168533333333333,1,"{""energy"": 0.6666666666666667, ""water"": 0.05493333333333334, ""transport"": 0.33333333333333337}","{""energy"": 1.0, ""water"": 1.0, ""transport"": 1.0}","{""energy"": 0.33333333333333326, ""water"": 0.9450666666666666, ""transport"": 0.6666666666666666}",4,0.766640725478649,,,"[""energy"", ""transport""]",1,v2.0,0.7,0.3
S4_water_partial,80,80,1420662767268625284,scenario=S4_water_partial|method=both|duration=0|theta=0.300000|delta_threshold=0.100000|A=v2.0|w=na|run_id=80|seed=1420662767268625284,False,"{""step_1_amount"": 0.42106643801409854}",033832c9a51598bd69064fc3910037f6fde292830c04f0066e6d9779dc60f4ca,0.38314666666666675,0.5184890666798482,0.13534240001318143,20,0.0,0.0,0.38314666666666675,0.5184890666798482,0,0,0.13534240001318143,"{""energy"": 0.6666666666666667, ""water"": 0.05493333333333334, ""transport"": 0.33333333333333337}","{""energy"": 0.7563643738908872, ""water"": 0.33126638085095655, ""transport"": 0.3885446762273545}","{""energy"": 0.08969770722422044, ""water"": 0.2763330475176232, ""transport"": 0.05521134289402113}","{""energy"": 0.0, ""water"": 0.0, ""transport"": 0.0}","{""energy"": 0.0, ""water"": 0.0, ""transport"": 0.0}","{""energy"": 0.0, ""water"": 0.0, ""transport"": 0.0}",0.3,0.1,,0.38314666666666675,1.0,0.6168533333333333,1,"{""energy"": 0.6666666666666667, ""water"": 0.05493333333333334, ""transport"": 0.33333333333333337}","{""energy"": 1.0, ""water"": 1.0, ""transport"": 1.0}","{""energy"": 0.33333333333333326, ""water"": 0.9450666666666666, ""transport"": 0.6666666666666666}",9,0.5184890666798482,,,[],,v2.0,0.7,0.3
S4_water_partial,81,81,14147820851424047205,scenario=S4_water_partial|method=both|duration=0|theta=0.300000|delta_threshold=0.100000|A=v2.0|w=na|run_id=81|seed=14147820851424047205,False,"{""step_1_amount"": 0.5368561821723905}",033832c9a51598bd69064fc3910037f6fde292830c04f0066e6d9779dc60f4ca,0.38314666666666675,0.5893784427971585,0.2062317761304917,30,0.0,0.0,0.38314666666666675,0.5893784427971585,0,1,0.2062317761304917,"{""energy"": 0.6666666666666667, ""water"": 0.05493333333333334, ""transport"": 0.33333333333333337}","{""energy"": 0.8033460625831141, ""water"": 0.47600356104882147, ""transport"": 0.4174631648308879}","{""energy"": 0.1366793959164474, ""water"": 0.42107022771548813, ""transport"": 0.08412983149755454}","{""energy"": 0.0, ""water"": 0.0, ""transport"": 0.0}","{""energy"": 0.0, ""water"": 0.0, ""transport"": 0.0}","{""energy"": 0.0, ""water"": 0.0, ""transport"": 0.0}",0.3,0.1,,0.38314666666666675,1.0,0.6168533333333333,1,"{""energy"": 0.6666666666666667, ""water"": 0.05493333333333334, ""transport"": 0.33333333333333337}","{""energy"": 1.0, ""water"": 1.0, ""transport"": 1.0}","{""energy"": 0.33333333333333326, ""water"": 0.9450666666666666, ""transport"": 0.6666666666666666}",8,0.5893784427971585,,,[],,v2.0,0.7,0.3
S4_water_partial,82,82,8561226425437802968,scenario=S4_water_partial|method=both|duration=0|theta=0.300000|delta_threshold=0.100000|A=v2.0|w=na|run_id=82|seed=8561226425437802968,False,"{""step_1_amount"": 0.1852942938743418}",033832c9a51598bd69064fc3910037f6fde292830c04f0066e6d9779dc60f4ca,0.38314666666666675,0.38314666666666675,0.0,16,0.0,0.0,0.38314666666666675,0.38314666666666675,0,0,0.0,"{""energy"": 0.6666666666666667, ""water"": 0.05493333333333334, ""transport"": 0.33333333333333337}","{""energy"": 0.6666666666666667, ""water"": 0.05493333333333334, ""transport"": 0.33333333333333337}","{""energy"": 0.0, ""water"": 0.0, ""transport"": 0.0}","{""energy"": 0.0, ""water"": 0.0, ""transport"": 0.0}","{""energy"": 0.0, ""water"": 0.0, ""transport"": 0.0}","{""energy"": 0.0, ""water"": 0.0, ""transport"": 0.0}",0.3,0.1,,0.38314666666666675,1.0,0.6168533333333333,1,"{""energy"": 0.6666666666666667, ""water"": 0.05493333333333334, ""transport"": 0.33333333333333337}","{""energy"": 1.0, ""water"": 1.0, ""transport"": 1.0}","{""energy"": 0.33333333333333326, ""water"": 0.9450666666666666, ""transport"": 0.6666666666666666}",13,0.38314666666666675,,,[],,v2.0,0.7,0.3
S4_water_partial,83,83,1250852429173046739,scenario=S4_water_partial|method=both|duration=0|theta=0.300000|delta_threshold=0.100000|A=v2.0|w=na|run_id=83|seed=1250852429173046739,False,"{""step_1_amount"": 0.3184031569832237}",033832c9a51598bd69064fc3910037f6fde292830c04f0066e6d9779dc60f4ca,0.38314666666666675,0.45563603945072084,0.0724893727840541,13,0.0,0.0,0.38314666666666675,0.45563603945072084,0,0,0.0724893727840541,"{""energy"": 0.6666666666666667, ""water"": 0.05493333333333334, ""transport"": 0.33333333333333337}","{""energy"": 0.7147087476126097, ""water"": 0.2029372795623629, ""transport"": 0.36290452178989346}","{""energy"": 0.04804208094594298, ""water"": 0.14800394622902957, ""transport"": 0.029571188456560094}","{""energy"": 0.0, ""water"": 0.0, ""transport"": 0.0}","{""energy"": 0.0, ""water"": 0.0, ""transport"": 0.0}","{""energy"": 0.0, ""water"": 0.0, ""transport"": 0.0}",0.3,0.1,,0.38314666666666675,1.0,0.6168533333333333,1,"{""energy"": 0.6666666666666667, ""water"": 0.05493333333333334, ""transport"": 0.33333333333333337}","{""energy"": 1.0, ""water"": 1.0, ""transport"": 1.0}","{""energy"": 0.33333333333333326, ""water"": 0.9450666666666666, ""transport"": 0.6666666666666666}",11,0.45563603945072084,,,[],,v2.0,0.7,0.3
S4_water_partial,84,84,7425194573735772200,scenario=S4_water_partial|method=both|duration=0|theta=0.300000|delta_threshold=0.100000|A=v2.0|w=na|run_id=84|seed=7425194573735772200,False,"{""step_1_amount"": 0.4091993178973623}",033832c9a51598bd69064fc3910037f6fde292830c04f0066e6d9779dc60f4ca,0.38314666666666675,0.5112237190663793,0.12807705239971257,8,0.0,0.0,0.38314666666666675,0.5112237190663793,0,0,0.12807705239971257,"{""energy"": 0.6666666666666667, ""water"": 0.05493333333333334, ""transport"": 0.33333333333333337}","{""energy"": 0.7515492899035215, ""water"": 0.31643248070503627, ""transport"": 0.3855808629781996}","{""energy"": 0.0848826232368548, ""water"": 0.26149914737170293, ""transport"": 0.05224752964486623}","{""energy"": 0.0, ""water"": 0.0, ""transport"": 0.0}","{""energy"": 0.0, ""water"": 0.0, ""transport"": 0.0}","{""energy"": 0.0, ""water"": 0.0, ""transport"": 0.0}",0.3,0.1,,0.38314666666666675,1.0,0.6168533333333333,1,"{""energy"": 0.6666666666666667, ""water"": 0.05493333333333334, ""transport"": 0.33333333333333337}","{""energy"": 1.0, ""water"": 1.0, ""transport"": 1.0}","{""energy"": 0.33333333333333326, ""water"": 0.9450666666666666, ""transport"": 0.6666666666666666}",10,0.5112237190663793,,,[],,v2.0,0.7,0.3
S4_water_partial,85,85,15260954950351742583,scenario=S4_water_partial|method=both|duration=0|theta=0.300000|delta_threshold=0.100000|A=v2.0|w=na|run_id=85|seed=15260954950351742583,False,"{""step_1_amount"": 0.46221735115099233}",033832c9a51598bd69064fc3910037f6fde292830c04f0066e6d9779dc60f4ca,0.38314666666666675,0.543682684475083,0.1605360178084162,11,0.0,0.0,0.38314666666666675,0.543682684475083,0,1,0.1605360178084162,"{""energy"": 0.6666666666666667, ""water"": 0.05493333333333334, ""transport"": 0.33333333333333337}","{""energy"": 0.7730613568961818, ""water"": 0.38270502227207365, ""transport"": 0.3988221167832937}","{""energy"": 0.10639469022951509, ""water"": 0.3277716889387403, ""transport"": 0.06548878344996034}","{""energy"": 0.0, ""water"": 0.0, ""transport"": 0.0}","{""energy"": 0.0, ""water"": 0.0, ""transport"": 0.0}","{""energy"": 0.0, ""water"": 0.0, ""transport"": 0.0}",0.3,0.1,,0.38314666666666675,1.0,0.6168533333333333,1,"{""energy"": 0.6666666666666667, ""water"": 0.05493333333333334, ""transport"": 0.33333333333333337}","{""energy"": 1.0, ""water"": 1.0, ""transport"": 1.0}","{""energy"": 0.33333333333333326, ""water"": 0.9450666666666666, ""transport"": 0.6666666666666666}",9,0.543682684475083,,,[],,v2.0,0.7,0.3
S4_water_partial,86,86,11381267490594193770,scenario=S4_water_partial|method=both|duration=0|theta=0.300000|delta_threshold=0.100000|A=v2.0|w=na|run_id=86|seed=11381267490594193770,False,"{""step_1_amount"": 0.9491443436568727}",033832c9a51598bd69064fc3910037f6fde292830c04f0066e6d9779dc60f4ca,0.38314666666666675,0.8417915624619955,0.45864489579532874,7,0.0,1.0,0.38314666666666675,0.8417915624619955,1,1,0.45864489579532874,"{""energy"": 0.6666666666666667, ""water"": 0.05493333333333334, ""transport"": 0.33333333333333337}","{""energy"": 0.9706319841054428, ""water"": 0.9913637629044243, ""transport"": 0.5204321331616373}","{""energy"": 0.3039653174387761, ""water"": 0.9364304295710909, ""transport"": 0.1870987998283039}","{""energy"": 0.0, ""water"": 0.0, ""transport"": 0.0}","{""energy"": 1.0, ""water"": 1.0, ""transport"": 1.0}","{""energy"": 1.0, ""water"": 1.0, ""transport"": 1.0}",0.3,0.1,,0.38314666666666675,1.0,0.6168533333333333,1,"{""energy"": 0.6666666666666667, ""water"": 0.05493333333333334, ""transport"": 0.33333333333333337}","{""energy"": 1.0, ""water"": 1.0, ""transport"": 1.0}","{""energy"": 0.33333333333333326, ""water"": 0.9450666666666666, ""transport"": 0.6666666666666666}",3,0.8417915624619955,,,"[""energy"", ""transport""]",1,v2.0,0.7,0.3
S4_water_partial,87,87,80164666388430721,scenario=S4_water_partial|method=both|duration=0|theta=0.300000|delta_threshold=0.100000|A=v2.0|w=na|run_id=87|seed=80164666388430721,False,"{""step_1_amount"": 0.6547719038058039}",033832c9a51598bd69064fc3910037f6fde292830c04f0066e6d9779dc60f4ca,0.38314666666666675,0.661569395474175,0.2784227288075083,21,0.0,0.0,0.38314666666666675,0.661569395474175,0,1,0.2784227288075083,"{""energy"": 0.6666666666666667, ""water"": 0.05493333333333334, ""transport"": 0.33333333333333337}","{""energy"": 0.8511903666358717, ""water"": 0.6233982130905882, ""transport"": 0.4469126163088329}","{""energy"": 0.18452369996920492, ""water"": 0.5684648797572548, ""transport"": 0.11357928297549952}","{""energy"": 0.0, ""water"": 0.0, ""transport"": 0.0}","{""energy"": 0.0, ""water"": 0.0, ""transport"": 0.0}","{""energy"": 0.0, ""water"": 0.0, ""transport"": 0.0}",0.3,0.1,,0.38314666666666675,1.0,0.6168533333333333,1,"{""energy"": 0.6666666666666667, ""water"": 0.05493333333333334, ""transport"": 0.33333333333333337}","{""energy"": 1.0, ""water"": 1.0, ""transport"": 1.0}","{""energy"": 0.33333333333333326, ""water"": 0.9450666666666666, ""transport"": 0.6666666666666666}",6,0.661569395474175,,,[],,v2.0,0.7,0.3
S4_water_partial,88,88,12708113422258725747,scenario=S4_water_partial|method=both|duration=0|theta=0.300000|delta_threshold=0.100000|A=v2.0|w=na|run_id=88|seed=12708113422258725747,False,"{""step_1_amount"": 0.5291116633928131}",033832c9a51598bd69064fc3910037f6fde292830c04f0066e6d9779dc60f4ca,0.38314666666666675,0.5846370547873317,0.201490388120665,15,0.0,0.0,0.38314666666666675,0.5846370547873317,0,1,0.201490388120665,"{""energy"": 0.6666666666666667, ""water"": 0.05493333333333334, ""transport"": 0.33333333333333337}","{""energy"": 0.8002037240883006, ""water"": 0.4663229125743498, ""transport"": 0.41552897126568844}","{""energy"": 0.1335370574216339, ""water"": 0.4113895792410165, ""transport"": 0.08219563793235507}","{""energy"": 0.0, ""water"": 0.0, ""transport"": 0.0}","{""energy"": 0.0, ""water"": 0.0, ""transport"": 0.0}","{""energy"": 0.0, ""water"": 0.0, ""transport"": 0.0}",0.3,0.1,,0.38314666666666675,1.0,0.6168533333333333,1,"{""energy"": 0.6666666666666667, ""water"": 0.05493333333333334, ""transport"": 0.33333333333333337}","{""energy"": 1.0, ""water"": 1.0, ""transport"": 1.0}","{""energy"": 0.33333333333333326, ""water"": 0.9450666666666666, ""transport"": 0.6666666666666666}",8,0.5846370547873317,,,[],,v2.0,0.7,0.3
S4_water_partial,89,89,8867120843981940346,scenario=S4_water_partial|method=both|duration=0|theta=0.300000|delta_threshold=0.100000|A=v2.0|w=na|run_id=89|seed=8867120843981940346,False,"{""step_1_amount"": 0.7727589822429696}",033832c9a51598bd69064fc3910037f6fde292830c04f0066e6d9779dc60f4ca,0.38314666666666675,0.7338040345703687,0.35065736790370194,10,0.0,1.0,0.38314666666666675,0.7338040345703687,1,1,0.35065736790370194,"{""energy"": 0.6666666666666667, ""water"": 0.05493333333333334, ""transport"": 0.33333333333333337}","{""energy"": 0.8990636237117516, ""water"": 0.7708820611370453, ""transport"": 0.47637988914851503}","{""energy"": 0.2323969570450849, ""water"": 0.7159487278037119, ""transport"": 0.14304655581518166}","{""energy"": 0.0, ""water"": 0.0, ""transport"": 0.0}","{""energy"": 1.0, ""water"": 1.0, ""transport"": 1.0}","{""energy"": 1.0, ""water"": 1.0, ""transport"": 1.0}",0.3,0.1,,0.38314666666666675,1.0,0.6168533333333333,1,"{""energy"": 0.6666666666666667, ""water"": 0.05493333333333334, ""transport"": 0.33333333333333337}","{""energy"": 1.0, ""water"": 1.0, ""transport"": 1.0}","{""energy"": 0.33333333333333326, ""water"": 0.9450666666666666, ""transport"": 0.6666666666666666}",5,0.7338040345703687,,,"[""energy"", ""transport""]",1,v2.0,0.7,0.3
S4_water_partial,90,90,4058492044138165467,scenario=S4_water_partial|method=both|duration=0|theta=0.300000|delta_threshold=0.100000|A=v2.0|w=na|run_id=90|seed=4058492044138165467,False,"{""step_1_amount"": 1.2323441511700004}",033832c9a51598bd69064fc3910037f6fde292830c04f0066e6d9779dc60f4ca,0.38314666666666675,0.8564466666666667,0.47329999999999994,15,0.0,1.0,0.38314666666666675,0.8564466666666667,1,1,0.47329999999999994,"{""energy"": 0.6666666666666667, ""water"": 0.05493333333333334, ""transport"": 0.33333333333333337}","{""energy"": 0.9912666666666667, ""water"": 1.0, ""transport"": 0.5331333333333333}","{""energy"": 0.3246, ""water"": 0.9450666666666666, ""transport"": 0.19979999999999998}","{""energy"": 0.0, ""water"": 0.0, ""transport"": 0.0}","{""energy"": 1.0, ""water"": 1.0, ""transport"": 1.0}","{""energy"": 1.0, ""water"": 1.0, ""transport"": 1.0}",0.3,0.1,,0.38314666666666675,1.0,0.6168533333333333,1,"{""energy"": 0.6666666666666667, ""water"": 0.05493333333333334, ""transport"": 0.33333333333333337}","{""energy"": 1.0, ""water"": 1.0, ""transport"": 1.0}","{""energy"": 0.33333333333333326, ""water"": 0.9450666666666666, ""transport"": 0.6666666666666666}",3,0.8564466666666667,,,"[""energy"", ""transport""]",1,v2.0,0.7,0.3
S4_water_partial,91,91,15912074883326657484,scenario=S4_water_partial|method=both|duration=0|theta=0.300000|delta_threshold=0.100000|A=v2.0|w=na|run_id=91|seed=15912074883326657484,False,"{""step_1_amount"": 0.8516248387309774}",033832c9a51598bd69064fc3910037f6fde292830c04f0066e6d9779dc60f4ca,0.38314666666666675,0.7820876835587394,0.3989410168920726,11,0.0,1.0,0.38314666666666675,0.7820876835587394,1,1,0.3989410168920726,"{""energy"": 0.6666666666666667, ""water"": 0.05493333333333334, ""transport"": 0.33333333333333337}","{""energy"": 0.9310634449817607, ""water"": 0.8694643817470551, ""transport"": 0.49607663680639497}","{""energy"": 0.264396778315094, ""water"": 0.8145310484137217, ""transport"": 0.1627433034730616}","{""energy"": 0.0, ""water"": 0.0, ""transport"": 0.0}","{""energy"": 1.0, ""water"": 1.0, ""transport"": 1.0}","{""energy"": 1.0, ""water"": 1.0, ""transport"": 1.0}",0.3,0.1,,0.38314666666666675,1.0,0.6168533333333333,1,"{""energy"": 0.6666666666666667, ""water"": 0.05493333333333334, ""transport"": 0.33333333333333337}","{""energy"": 1.0, ""water"": 1.0, ""transport"": 1.0}","{""energy"": 0.33333333333333326, ""water"": 0.9450666666666666, ""transport"": 0.6666666666666666}",4,0.7820876835587394,,,"[""energy"", ""transport""]",1,v2.0,0.7,0.3
S4_water_partial,92,92,7392199704636312351,scenario=S4_water_partial|method=both|duration=0|theta=0.300000|delta_threshold=0.100000|A=v2.0|w=na|run_id=92|seed=7392199704636312351,False,"{""step_1_amount"": 0.6164012810261584}",033832c9a51598bd69064fc3910037f6fde292830c04f0066e6d9779dc60f4ca,0.38314666666666675,0.6380779409429066,0.25493127427623985,18,0.0,0.0,0.38314666666666675,0.6380779409429066,0,1,0.25493127427623985,"{""energy"": 0.6666666666666667, ""water"": 0.05493333333333334, ""transport"": 0.33333333333333337}","{""energy"": 0.8356214864430305, ""water"": 0.5754349346160315, ""transport"": 0.4373295532696164}","{""energy"": 0.16895481977636373, ""water"": 0.5205016012826981, ""transport"": 0.10399621993628305}","{""energy"": 0.0, ""water"": 0.0, ""transport"": 0.0}","{""energy"": 0.0, ""water"": 0.0, ""transport"": 0.0}","{""energy"": 0.0, ""water"": 0.0, ""transport"": 0.0}",0.3,0.1,,0.38314666666666675,1.0,0.6168533333333333,1,"{""energy"": 0.6666666666666667, ""water"": 0.05493333333333334, ""transport"": 0.33333333333333337}","{""energy"": 1.0, ""water"": 1.0, ""transport"": 1.0}","{""energy"": 0.33333333333333326, ""water"": 0.9450666666666666, ""transport"": 0.6666666666666666}",7,0.6380779409429066,,,[],,v2.0,0.7,0.3
S4_water_partial,93,93,11504188257648308180,scenario=S4_water_partial|method=both|duration=0|theta=0.300000|delta_threshold=0.100000|A=v2.0|w=na|run_id=93|seed=11504188257648308180,False,"{""step_1_amount"": 0.9047479148696967}",033832c9a51598bd69064fc3910037f6fde292830c04f0066e6d9779dc60f4ca,0.38314666666666675,0.8146109588477668,0.43146429218110005,30,0.0,1.0,0.38314666666666675,0.8146109588477668,1,1,0.43146429218110005,"{""energy"": 0.6666666666666667, ""water"": 0.05493333333333334, ""transport"": 0.33333333333333337}","{""energy"": 0.9526181331250463, ""water"": 0.9358682269204543, ""transport"": 0.5093441250720401}","{""energy"": 0.28595146645837954, ""water"": 0.880934893587121, ""transport"": 0.1760107917387067}","{""energy"": 0.0, ""water"": 0.0, ""transport"": 0.0}","{""energy"": 1.0, ""water"": 1.0, ""transport"": 1.0}","{""energy"": 1.0, ""water"": 1.0, ""transport"": 1.0}",0.3,0.1,,0.38314666666666675,1.0,0.6168533333333333,1,"{""energy"": 0.6666666666666667, ""water"": 0.05493333333333334, ""transport"": 0.33333333333333337}","{""energy"": 1.0, ""water"": 1.0, ""transport"": 1.0}","{""energy"": 0.33333333333333326, ""water"": 0.9450666666666666, ""transport"": 0.6666666666666666}",3,0.8146109588477668,,,"[""energy"", ""transport""]",1,v2.0,0.7,0.3
S4_water_partial,94,94,5635282467787295542,scenario=S4_water_partial|method=both|duration=0|theta=0.300000|delta_threshold=0.100000|A=v2.0|w=na|run_id=94|seed=5635282467787295542,False,"{""step_1_amount"": 0.5251329722508878}",033832c9a51598bd69064fc3910037f6fde292830c04f0066e6d9779dc60f4ca,0.38314666666666675,0.5822012006029665,0.1990545339362998,13,0.0,0.0,0.38314666666666675,0.5822012006029665,0,1,0.1990545339362998,"{""energy"": 0.6666666666666667, ""water"": 0.05493333333333334, ""transport"": 0.33333333333333337}","{""energy"": 0.7985893701574645, ""water"": 0.46134954864694316, ""transport"": 0.41453529315299265}","{""energy"": 0.1319227034907977, ""water"": 0.40641621531360983, ""transport"": 0.08120195981965928}","{""energy"": 0.0, ""water"": 0.0, ""transport"": 0.0}","{""energy"": 0.0, ""water"": 0.0, ""transport"": 0.0}","{""energy"": 0.0, ""water"": 0.0, ""transport"": 0.0}",0.3,0.1,,0.38314666666666675,1.0,0.6168533333333333,1,"{""energy"": 0.6666666666666667, ""water"": 0.05493333333333334, ""transport"": 0.33333333333333337}","{""energy"": 1.0, ""water"": 1.0, ""transport"": 1.0}","{""energy"": 0.33333333333333326, ""water"": 0.9450666666666666, ""transport"": 0.6666666666666666}",8,0.5822012006029665,,,[],,v2.0,0.7,0.3
S4_water_partial,95,95,3875456935289174021,scenario=S4_water_partial|method=both|duration=0|theta=0.300000|delta_threshold=0.100000|A=v2.0|w=na|run_id=95|seed=3875456935289174021,False,"{""step_1_amount"": 0.7341277903008274}",033832c9a51598bd69064fc3910037f6fde292830c04f0066e6d9779dc60f4ca,0.38314666666666675,0.7101530530835908,0.32700638641692403,11,0.0,0.0,0.38314666666666675,0.7101530530835908,0,1,0.32700638641692403,"{""energy"": 0.6666666666666667, ""water"": 0.05493333333333334, ""transport"": 0.33333333333333337}","{""energy"": 0.8833890175812275, ""water"": 0.7225930712093677, ""transport"": 0.46673174896096503}","{""energy"": 0.2167223509145607, ""water"": 0.6676597378760343, ""transport"": 0.13339841562763166}","{""energy"": 0.0, ""water"": 0.0, ""transport"": 0.0}","{""energy"": 0.0, ""water"": 0.0, ""transport"": 0.0}","{""energy"": 0.0, ""water"": 0.0, ""transport"": 0.0}",0.3,0.1,,0.38314666666666675,1.0,0.6168533333333333,1,"{""energy"": 0.6666666666666667, ""water"": 0.05493333333333334, ""transport"": 0.33333333333333337}","{""energy"": 1.0, ""water"": 1.0, ""transport"": 1.0}","{""energy"": 0.33333333333333326, ""water"": 0.9450666666666666, ""transport"": 0.6666666666666666}",5,0.7101530530835908,,,[],,v2.0,0.7,0.3
S4_water_partial,96,96,18169044808566949883,scenario=S4_water_partial|method=both|duration=0|theta=0.300000|delta_threshold=0.100000|A=v2.0|w=na|run_id=96|seed=18169044808566949883,False,"{""step_1_amount"": 0.17177771789059418}",033832c9a51598bd69064fc3910037f6fde292830c04f0066e6d9779dc60f4ca,0.38314666666666675,0.38314666666666675,0.0,21,0.0,0.0,0.38314666666666675,0.38314666666666675,0,0,0.0,"{""energy"": 0.6666666666666667, ""water"": 0.05493333333333334, ""transport"": 0.33333333333333337}","{""energy"": 0.6666666666666667, ""water"": 0.05493333333333334, ""transport"": 0.33333333333333337}","{""energy"": 0.0, ""water"": 0.0, ""transport"": 0.0}","{""energy"": 0.0, ""water"": 0.0, ""transport"": 0.0}","{""energy"": 0.0, ""water"": 0.0, ""transport"": 0.0}","{""energy"": 0.0, ""water"": 0.0, ""transport"": 0.0}",0.3,0.1,,0.38314666666666675,1.0,0.6168533333333333,1,"{""energy"": 0.6666666666666667, ""water"": 0.05493333333333334, ""transport"": 0.33333333333333337}","{""energy"": 1.0, ""water"": 1.0, ""transport"": 1.0}","{""energy"": 0.33333333333333326, ""water"": 0.9450666666666666, ""transport"": 0.6666666666666666}",13,0.38314666666666675,,,[],,v2.0,0.7,0.3
S4_water_partial,97,97,16980838789281089329,scenario=S4_water_partial|method=both|duration=0|theta=0.300000|delta_threshold=0.100000|A=v2.0|w=na|run_id=97|seed=16980838789281089329,False,"{""step_1_amount"": 0.6599077363513136}",033832c9a51598bd69064fc3910037f6fde292830c04f0066e6d9779dc60f4ca,0.38314666666666675,0.6647136805543497,0.2815670138876829,11,0.0,0.0,0.38314666666666675,0.6647136805543497,0,1,0.2815670138876829,"{""energy"": 0.6666666666666667, ""water"": 0.05493333333333334, ""transport"": 0.33333333333333337}","{""energy"": 0.8532742306912122, ""water"": 0.6298180037724753, ""transport"": 0.44819529048707396}","{""energy"": 0.18660756402454548, ""water"": 0.5748846704391419, ""transport"": 0.11486195715374059}","{""energy"": 0.0, ""water"": 0.0, ""transport"": 0.0}","{""energy"": 0.0, ""water"": 0.0, ""transport"": 0.0}","{""energy"": 0.0, ""water"": 0.0, ""transport"": 0.0}",0.3,0.1,,0.38314666666666675,1.0,0.6168533333333333,1,"{""energy"": 0.6666666666666667, ""water"": 0.05493333333333334, ""transport"": 0.33333333333333337}","{""energy"": 1.0, ""water"": 1.0, ""transport"": 1.0}","{""energy"": 0.33333333333333326, ""water"": 0.9450666666666666, ""transport"": 0.6666666666666666}",6,0.6647136805543497,,,[],,v2.0,0.7,0.3
S4_water_partial,98,98,17896873331811656149,scenario=S4_water_partial|method=both|duration=0|theta=0.300000|delta_threshold=0.100000|A=v2.0|w=na|run_id=98|seed=17896873331811656149,False,"{""step_1_amount"": 0.7682321692949924}",033832c9a51598bd69064fc3910037f6fde292830c04f0066e6d9779dc60f4ca,0.38314666666666675,0.7310326065132934,0.34788593984662664,9,0.0,1.0,0.38314666666666675,0.7310326065132934,1,1,0.34788593984662664,"{""energy"": 0.6666666666666667, ""water"": 0.05493333333333334, ""transport"": 0.33333333333333337}","{""energy"": 0.8972268693581099, ""water"": 0.7652235449520738, ""transport"": 0.4752493176147577}","{""energy"": 0.23056020269144317, ""water"": 0.7102902116187404, ""transport"": 0.14191598428142432}","{""energy"": 0.0, ""water"": 0.0, ""transport"": 0.0}","{""energy"": 1.0, ""water"": 1.0, ""transport"": 1.0}","{""energy"": 1.0, ""water"": 1.0, ""transport"": 1.0}",0.3,0.1,,0.38314666666666675,1.0,0.6168533333333333,1,"{""energy"": 0.6666666666666667, ""water"": 0.05493333333333334, ""transport"": 0.33333333333333337}","{""energy"": 1.0, ""water"": 1.0, ""transport"": 1.0}","{""energy"": 0.33333333333333326, ""water"": 0.9450666666666666, ""transport"": 0.6666666666666666}",5,0.7310326065132934,,,"[""energy"", ""transport""]",1,v2.0,0.7,0.3
S4_water_partial,99,99,7529843156918877302,scenario=S4_water_partial|method=both|duration=0|theta=0.300000|delta_threshold=0.100000|A=v2.0|w=na|run_id=99|seed=7529843156918877302,False,"{""step_1_amount"": 0.6199700720818752}",033832c9a51598bd69064fc3910037f6fde292830c04f0066e6d9779dc60f4ca,0.38314666666666675,0.6402628440469927,0.257116177380326,19,0.0,0.0,0.38314666666666675,0.6402628440469927,0,1,0.257116177380326,"{""energy"": 0.6666666666666667, ""water"": 0.05493333333333334, ""transport"": 0.33333333333333337}","{""energy"": 0.8370695234138876, ""water"": 0.5798959234356773, ""transport"": 0.43822085883578166}","{""energy"": 0.1704028567472209, ""water"": 0.5249625901023439, ""transport"": 0.10488752550244829}","{""energy"": 0.0, ""water"": 0.0, ""transport"": 0.0}","{""energy"": 0.0, ""water"": 0.0, ""transport"": 0.0}","{""energy"": 0.0, ""water"": 0.0, ""transport"": 0.0}",0.3,0.1,,0.38314666666666675,1.0,0.6168533333333333,1,"{""energy"": 0.6666666666666667, ""water"": 0.05493333333333334, ""transport"": 0.33333333333333337}","{""energy"": 1.0, ""water"": 1.0, ""transport"": 1.0}","{""energy"": 0.33333333333333326, ""water"": 0.9450666666666666, ""transport"": 0.6666666666666666}",7,0.6402628440469927,,,[],,v2.0,0.7,0.3
S4_water_partial,100,100,6236880601955346558,scenario=S4_water_partial|method=both|duration=0|theta=0.300000|delta_threshold=0.100000|A=v2.0|w=na|run_id=100|seed=6236880601955346558,False,"{""step_1_amount"": 0.26542048110941263}",033832c9a51598bd69064fc3910037f6fde292830c04f0066e6d9779dc60f4ca,0.38314666666666675,0.4231987207138768,0.04005205404721007,18,0.0,0.0,0.38314666666666675,0.4231987207138768,0,0,0.04005205404721007,"{""energy"": 0.6666666666666667, ""water"": 0.05493333333333334, ""transport"": 0.33333333333333337}","{""energy"": 0.6932110268768109, ""water"": 0.13670893472009904, ""transport"": 0.34967209849040914}","{""energy"": 0.02654436021014417, ""water"": 0.0817756013867657, ""transport"": 0.016338765157075774}","{""energy"": 0.0, ""water"": 0.0, ""transport"": 0.0}","{""energy"": 0.0, ""water"": 0.0, ""transport"": 0.0}","{""energy"": 0.0, ""water"": 0.0, ""transport"": 0.0}",0.3,0.1,,0.38314666666666675,1.0,0.6168533333333333,1,"{""energy"": 0.6666666666666667, ""water"": 0.05493333333333334, ""transport"": 0.33333333333333337}","{""energy"": 1.0, ""water"": 1.0, ""transport"": 1.0}","{""energy"": 0.33333333333333326, ""water"": 0.9450666666666666, ""transport"": 0.6666666666666666}",12,0.4231987207138768,,,[],,v2.0,0.7,0.3
S4_water_partial,101,101,3202870699627197442,scenario=S4_water_partial|method=both|duration=0|theta=0.300000|delta_threshold=0.100000|A=v2.0|w=na|run_id=101|seed=3202870699627197442,False,"{""step_1_amount"": 0.9895667948305308}",033832c9a51598bd69064fc3910037f6fde292830c04f0066e6d9779dc60f4ca,0.38314666666666675,0.8539716495703393,0.4708249829036726,16,0.0,1.0,0.38314666666666675,0.8539716495703393,1,1,0.4708249829036726,"{""energy"": 0.6666666666666667, ""water"": 0.05493333333333334, ""transport"": 0.33333333333333337}","{""energy"": 0.9870333936691547, ""water"": 1.0, ""transport"": 0.5305276403422584}","{""energy"": 0.3203667270024879, ""water"": 0.9450666666666666, ""transport"": 0.19719430700892504}","{""energy"": 0.0, ""water"": 0.0, ""transport"": 0.0}","{""energy"": 1.0, ""water"": 1.0, ""transport"": 1.0}","{""energy"": 1.0, ""water"": 1.0, ""transport"": 1.0}",0.3,0.1,,0.38314666666666675,1.0,0.6168533333333333,1,"{""energy"": 0.6666666666666667, ""water"": 0.05493333333333334, ""transport"": 0.33333333333333337}","{""energy"": 1.0, ""water"": 1.0, ""transport"": 1.0}","{""energy"": 0.33333333333333326, ""water"": 0.9450666666666666, ""transport"": 0.6666666666666666}",3,0.8539716495703393,,,"[""energy"", ""transport""]",1,v2.0,0.7,0.3
S4_water_partial,102,102,9645308021149465444,scenario=S4_water_partial|method=both|duration=0|theta=0.300000|delta_threshold=0.100000|A=v2.0|w=na|run_id=102|seed=9645308021149465444,False,"{""step_1_amount"": 1.1743432975518322}",033832c9a51598bd69064fc3910037f6fde292830c04f0066e6d9779dc60f4ca,0.38314666666666675,0.8564466666666667,0.47329999999999994,8,0.0,1.0,0.38314666666666675,0.8564466666666667,1,1,0.47329999999999994,"{""energy"": 0.6666666666666667, ""water"": 0.05493333333333334, ""transport"": 0.33333333333333337}","{""energy"": 0.9912666666666667, ""water"": 1.0, ""transport"": 0.5331333333333333}","{""energy"": 0.3246, ""water"": 0.9450666666666666, ""transport"": 0.19979999999999998}","{""energy"": 0.0, ""water"": 0.0, ""transport"": 0.0}","{""energy"": 1.0, ""water"": 1.0, ""transport"": 1.0}","{""energy"": 1.0, ""water"": 1.0, ""transport"": 1.0}",0.3,0.1,,0.38314666666666675,1.0,0.6168533333333333,1,"{""energy"": 0.6666666666666667, ""water"": 0.05493333333333334, ""transport"": 0.33333333333333337}","{""energy"": 1.0, ""water"": 1.0, ""transport"": 1.0}","{""energy"": 0.33333333333333326, ""water"": 0.9450666666666666, ""transport"": 0.6666666666666666}",3,0.8564466666666667,,,"[""energy"", ""transport""]",1,v2.0,0.7,0.3
S4_water_partial,103,103,2872931880959988800,scenario=S4_water_partial|method=both|duration=0|theta=0.300000|delta_threshold=0.100000|A=v2.0|w=na|run_id=103|seed=2872931880959988800,False,"{""step_1_amount"": 0.4637304628525417}",033832c9a51598bd69064fc3910037f6fde292830c04f0066e6d9779dc60f4ca,0.38314666666666675,0.5446090492865641,0.16146238261989732,26,0.0,0.0,0.38314666666666675,0.5446090492865641,0,1,0.16146238261989732,"{""energy"": 0.6666666666666667, ""water"": 0.05493333333333334, ""transport"": 0.33333333333333337}","{""energy"": 0.7736753019690855, ""water"": 0.38459641189901045, ""transport"": 0.39920001643075564}","{""energy"": 0.10700863530241878, ""water"": 0.3296630785656771, ""transport"": 0.06586668309742227}","{""energy"": 0.0, ""water"": 0.0, ""transport"": 0.0}","{""energy"": 0.0, ""water"": 0.0, ""transport"": 0.0}","{""energy"": 0.0, ""water"": 0.0, ""transport"": 0.0}",0.3,0.1,,0.38314666666666675,1.0,0.6168533333333333,1,"{""energy"": 0.6666666666666667, ""water"": 0.05493333333333334, ""transport"": 0.33333333333333337}","{""energy"": 1.0, ""water"": 1.0, ""transport"": 1.0}","{""energy"": 0.33333333333333326, ""water"": 0.9450666666666666, ""transport"": 0.6666666666666666}",9,0.5446090492865641,,,[],,v2.0,0.7,0.3
S4_water_partial,104,104,12882127452950557209,scenario=S4_water_partial|method=both|duration=0|theta=0.300000|delta_threshold=0.100000|A=v2.0|w=na|run_id=104|seed=12882127452950557209,False,"{""step_1_amount"": 0.9528258909567924}",033832c9a51598bd69064fc3910037f6fde292830c04f0066e6d9779dc60f4ca,0.38314666666666675,0.844045497757689,0.46089883109102225,29,0.0,1.0,0.38314666666666675,0.844045497757689,1,1,0.46089883109102225,"{""energy"": 0.6666666666666667, ""water"": 0.05493333333333334, ""transport"": 0.33333333333333337}","{""energy"": 0.9721257719223853, ""water"": 0.9959656970293238, ""transport"": 0.5213515995997923}","{""energy"": 0.3054591052557185, ""water"": 0.9410323636959904, ""transport"": 0.1880182662664589}","{""energy"": 0.0, ""water"": 0.0, ""transport"": 0.0}","{""energy"": 1.0, ""water"": 1.0, ""transport"": 1.0}","{""energy"": 1.0, ""water"": 1.0, ""transport"": 1.0}",0.3,0.1,,0.38314666666666675,1.0,0.6168533333333333,1,"{""energy"": 0.6666666666666667, ""water"": 0.05493333333333334, ""transport"": 0.33333333333333337}","{""energy"": 1.0, ""water"": 1.0, ""transport"": 1.0}","{""energy"": 0.33333333333333326, ""water"": 0.9450666666666666, ""transport"": 0.6666666666666666}",3,0.844045497757689,,,"[""energy"", ""transport""]",1,v2.0,0.7,0.3
S4_water_partial,105,105,3259301995958845072,scenario=S4_water_partial|method=both|duration=0|theta=0.300000|delta_threshold=0.100000|A=v2.0|w=na|run_id=105|seed=3259301995958845072,False,"{""step_1_amount"": 0.8900475845535534}",033832c9a51598bd69064fc3910037f6fde292830c04f0066e6d9779dc60f4ca,0.38314666666666675,0.805611049119966,0.4224643824532992,13,0.0,1.0,0.38314666666666675,0.805611049119966,1,1,0.4224643824532992,"{""energy"": 0.6666666666666667, ""water"": 0.05493333333333334, ""transport"": 0.33333333333333337}","{""energy"": 0.946653474099271, ""water"": 0.9174928140252752, ""transport"": 0.5056727175755833}","{""energy"": 0.2799868074326043, ""water"": 0.8625594806919418, ""transport"": 0.17233938424224993}","{""energy"": 0.0, ""water"": 0.0, ""transport"": 0.0}","{""energy"": 1.0, ""water"": 1.0, ""transport"": 1.0}","{""energy"": 1.0, ""water"": 1.0, ""transport"": 1.0}",0.3,0.1,,0.38314666666666675,1.0,0.6168533333333333,1,"{""energy"": 0.6666666666666667, ""water"": 0.05493333333333334, ""transport"": 0.33333333333333337}","{""energy"": 1.0, ""water"": 1.0, ""transport"": 1.0}","{""energy"": 0.33333333333333326, ""water"": 0.9450666666666666, ""transport"": 0.6666666666666666}",3,0.805611049119966,,,"[""energy"", ""transport""]",1,v2.0,0.7,0.3
S4_water_partial,106,106,6363985526561579889,scenario=S4_water_partial|method=both|duration=0|theta=0.300000|delta_threshold=0.100000|A=v2.0|w=na|run_id=106|seed=6363985526561579889,False,"{""step_1_amount"": 0.5979385614417124}",033832c9a51598bd69064fc3910037f6fde292830c04f0066e6d9779dc60f4ca,0.38314666666666675,0.6267746024453191,0.24362793577865238,11,0.0,0.0,0.38314666666666675,0.6267746024453191,0,1,0.24362793577865238,"{""energy"": 0.6666666666666667, ""water"": 0.05493333333333334, ""transport"": 0.33333333333333337}","{""energy"": 0.8281302379716415, ""water"": 0.5523565351354739, ""transport"": 0.43271848905340105}","{""energy"": 0.1614635713049748, ""water"": 0.49742320180214056, ""transport"": 0.09938515572006767}","{""energy"": 0.0, ""water"": 0.0, ""transport"": 0.0}","{""energy"": 0.0, ""water"": 0.0, ""transport"": 0.0}","{""energy"": 0.0, ""water"": 0.0, ""transport"": 0.0}",0.3,0.1,,0.38314666666666675,1.0,0.6168533333333333,1,"{""energy"": 0.6666666666666667, ""water"": 0.05493333333333334, ""transport"": 0.33333333333333337}","{""energy"": 1.0, ""water"": 1.0, ""transport"": 1.0}","{""energy"": 0.33333333333333326, ""water"": 0.9450666666666666, ""transport"": 0.6666666666666666}",7,0.6267746024453191,,,[],,v2.0,0.7,0.3
S4_water_partial,107,107,13972553651988277184,scenario=S4_water_partial|method=both|duration=0|theta=0.300000|delta_threshold=0.100000|A=v2.0|w=na|run_id=107|seed=13972553651988277184,False,"{""step_1_amount"": 0.51398876914519}",033832c9a51598bd69064fc3910037f6fde292830c04f0066e6d9779dc60f4ca,0.38314666666666675,0.5753784408565806,0.19223177418991388,14,0.0,0.0,0.38314666666666675,0.5753784408565806,0,1,0.19223177418991388,"{""energy"": 0.6666666666666667, ""water"": 0.05493333333333334, ""transport"": 0.33333333333333337}","{""energy"": 0.7940676097473276, ""water"": 0.4474192947648208, ""transport"": 0.4117520284273446}","{""energy"": 0.12740094308066086, ""water"": 0.39248596143148745, ""transport"": 0.07841869509401123}","{""energy"": 0.0, ""water"": 0.0, ""transport"": 0.0}","{""energy"": 0.0, ""water"": 0.0, ""transport"": 0.0}","{""energy"": 0.0, ""water"": 0.0, ""transport"": 0.0}",0.3,0.1,,0.38314666666666675,1.0,0.6168533333333333,1,"{""energy"": 0.6666666666666667, ""water"": 0.05493333333333334, ""transport"": 0.33333333333333337}","{""energy"": 1.0, ""water"": 1.0, ""transport"": 1.0}","{""energy"": 0.33333333333333326, ""water"": 0.9450666666666666, ""transport"": 0.6666666666666666}",8,0.5753784408565806,,,[],,v2.0,0.7,0.3
S4_water_partial,108,108,4231657141098102745,scenario=S4_water_partial|method=both|duration=0|theta=0.300000|delta_threshold=0.100000|A=v2.0|w=na|run_id=108|seed=4231657141098102745,False,"{""step_1_amount"": 0.6566722301218443}",033832c9a51598bd69064fc3910037f6fde292830c04f0066e6d9779dc60f4ca,0.38314666666666675,0.6627328227530129,0.2795861560863462,18,0.0,0.0,0.38314666666666675,0.6627328227530129,0,1,0.2795861560863462,"{""energy"": 0.6666666666666667, ""water"": 0.05493333333333334, ""transport"": 0.33333333333333337}","{""energy"": 0.8519614240386051, ""water"": 0.6257736209856388, ""transport"": 0.447387222806264}","{""energy"": 0.18529475737193835, ""water"": 0.5708402876523054, ""transport"": 0.1140538894729306}","{""energy"": 0.0, ""water"": 0.0, ""transport"": 0.0}","{""energy"": 0.0, ""water"": 0.0, ""transport"": 0.0}","{""energy"": 0.0, ""water"": 0.0, ""transport"": 0.0}",0.3,0.1,,0.38314666666666675,1.0,0.6168533333333333,1,"{""energy"": 0.6666666666666667, ""water"": 0.05493333333333334, ""transport"": 0.33333333333333337}","{""energy"": 1.0, ""water"": 1.0, ""transport"": 1.0}","{""energy"": 0.33333333333333326, ""water"": 0.9450666666666666, ""transport"": 0.6666666666666666}",6,0.6627328227530129,,,[],,v2.0,0.7,0.3
S4_water_partial,109,109,11558983879828057581,scenario=S4_water_partial|method=both|duration=0|theta=0.300000|delta_threshold=0.100000|A=v2.0|w=na|run_id=109|seed=11558983879828057581,False,"{""step_1_amount"": 0.6430919706406728}",033832c9a51598bd69064fc3910037f6fde292830c04f0066e6d9779dc60f4ca,0.38314666666666675,0.6544186483921526,0.27127198172548583,28,0.0,0.0,0.38314666666666675,0.6544186483921526,0,1,0.27127198172548583,"{""energy"": 0.6666666666666667, ""water"": 0.05493333333333334, ""transport"": 0.33333333333333337}","{""energy"": 0.8464512337541197, ""water"": 0.6087982966341744, ""transport"": 0.4439955530008414}","{""energy"": 0.17978456708745294, ""water"": 0.553864963300841, ""transport"": 0.11066221966750805}","{""energy"": 0.0, ""water"": 0.0, ""transport"": 0.0}","{""energy"": 0.0, ""water"": 0.0, ""transport"": 0.0}","{""energy"": 0.0, ""water"": 0.0, ""transport"": 0.0}",0.3,0.1,,0.38314666666666675,1.0,0.6168533333333333,1,"{""energy"": 0.6666666666666667, ""water"": 0.05493333333333334, ""transport"": 0.33333333333333337}","{""energy"": 1.0, ""water"": 1.0, ""transport"": 1.0}","{""energy"": 0.33333333333333326, ""water"": 0.9450666666666666, ""transport"": 0.6666666666666666}",7,0.6544186483921526,,,[],,v2.0,0.7,0.3
S4_water_partial,110,110,9717427414962563713,scenario=S4_water_partial|method=both|duration=0|theta=0.300000|delta_threshold=0.100000|A=v2.0|w=na|run_id=110|seed=9717427414962563713,False,"{""step_1_amount"": 0.3907069635610736}",033832c9a51598bd69064fc3910037f6fde292830c04f0066e6d9779dc60f4ca,0.38314666666666675,0.499902237432845,0.11675557076617826,24,0.0,0.0,0.38314666666666675,0.499902237432845,0,0,0.11675557076617826,"{""energy"": 0.6666666666666667, ""water"": 0.05493333333333334, ""transport"": 0.33333333333333337}","{""energy"": 0.7440460171315724, ""water"": 0.2933170377846754, ""transport"": 0.3809623974827115}","{""energy"": 0.07737935046490563, ""water"": 0.23838370445134205, ""transport"": 0.04762906414937812}","{""energy"": 0.0, ""water"": 0.0, ""transport"": 0.0}","{""energy"": 0.0, ""water"": 0.0, ""transport"": 0.0}","{""energy"": 0.0, ""water"": 0.0, ""transport"": 0.0}",0.3,0.1,,0.38314666666666675,1.0,0.6168533333333333,1,"{""energy"": 0.6666666666666667, ""water"": 0.05493333333333334, ""transport"": 0.33333333333333337}","{""energy"": 1.0, ""water"": 1.0, ""transport"": 1.0}","{""energy"": 0.33333333333333326, ""water"": 0.9450666666666666, ""transport"": 0.6666666666666666}",10,0.499902237432845,,,[],,v2.0,0.7,0.3
S4_water_partial,111,111,17832487453011794874,scenario=S4_water_partial|method=both|duration=0|theta=0.300000|delta_threshold=0.100000|A=v2.0|w=na|run_id=111|seed=17832487453011794874,False,"{""step_1_amount"": 0.34477917289061094}",033832c9a51598bd69064fc3910037f6fde292830c04f0066e6d9779dc60f4ca,0.38314666666666675,0.471784095789621,0.08863742912295425,28,0.0,0.0,0.38314666666666675,0.471784095789621,0,0,0.08863742912295425,"{""energy"": 0.6666666666666667, ""water"": 0.05493333333333334, ""transport"": 0.33333333333333337}","{""energy"": 0.7254108160670321, ""water"": 0.23590729944659694, ""transport"": 0.36949193176276346}","{""energy"": 0.05874414940036532, ""water"": 0.1809739661132636, ""transport"": 0.03615859842943009}","{""energy"": 0.0, ""water"": 0.0, ""transport"": 0.0}","{""energy"": 0.0, ""water"": 0.0, ""transport"": 0.0}","{""energy"": 0.0, ""water"": 0.0, ""transport"": 0.0}",0.3,0.1,,0.38314666666666675,1.0,0.6168533333333333,1,"{""energy"": 0.6666666666666667, ""water"": 0.05493333333333334, ""transport"": 0.33333333333333337}","{""energy"": 1.0, ""water"": 1.0, ""transport"": 1.0}","{""energy"": 0.33333333333333326, ""water"": 0.9450666666666666, ""transport"": 0.6666666666666666}",10,0.471784095789621,,,[],,v2.0,0.7,0.3
S4_water_partial,112,112,2064569625172225795,scenario=S4_water_partial|method=both|duration=0|theta=0.300000|delta_threshold=0.100000|A=v2.0|w=na|run_id=112|seed=2064569625172225795,False,"{""step_1_amount"": 0.3773194346010002}",033832c9a51598bd69064fc3910037f6fde292830c04f0066e6d9779dc60f4ca,0.38314666666666675,0.4917060575152641,0.10855939084859734,23,0.0,0.0,0.38314666666666675,0.4917060575152641,0,0,0.10855939084859734,"{""energy"": 0.6666666666666667, ""water"": 0.05493333333333334, ""transport"": 0.33333333333333337}","{""energy"": 0.7386140272560225, ""water"": 0.27658262658458366, ""transport"": 0.3776188621249332}","{""energy"": 0.0719473605893558, ""water"": 0.22164929325125032, ""transport"": 0.044285528791599804}","{""energy"": 0.0, ""water"": 0.0, ""transport"": 0.0}","{""energy"": 0.0, ""water"": 0.0, ""transport"": 0.0}","{""energy"": 0.0, ""water"": 0.0, ""transport"": 0.0}",0.3,0.1,,0.38314666666666675,1.0,0.6168533333333333,1,"{""energy"": 0.6666666666666667, ""water"": 0.05493333333333334, ""transport"": 0.33333333333333337}","{""energy"": 1.0, ""water"": 1.0, ""transport"": 1.0}","{""energy"": 0.33333333333333326, ""water"": 0.9450666666666666, ""transport"": 0.6666666666666666}",10,0.4917060575152641,,,[],,v2.0,0.7,0.3
S4_water_partial,113,113,10983703025618322661,scenario=S4_water_partial|method=both|duration=0|theta=0.300000|delta_threshold=0.100000|A=v2.0|w=na|run_id=113|seed=10983703025618322661,False,"{""step_1_amount"": 0.5548575776054027}",033832c9a51598bd69064fc3910037f6fde292830c04f0066e6d9779dc60f4ca,0.38314666666666675,0.6003993471161344,0.21725268044946766,19,0.0,0.0,0.38314666666666675,0.6003993471161344,0,1,0.21725268044946766,"{""energy"": 0.6666666666666667, ""water"": 0.05493333333333334, ""transport"": 0.33333333333333337}","{""energy"": 0.8106501287800588, ""water"": 0.49850530534008664, ""transport"": 0.4219590133402827}","{""energy"": 0.14398346211339208, ""water"": 0.4435719720067533, ""transport"": 0.08862568000694931}","{""energy"": 0.0, ""water"": 0.0, ""transport"": 0.0}","{""energy"": 0.0, ""water"": 0.0, ""transport"": 0.0}","{""energy"": 0.0, ""water"": 0.0, ""transport"": 0.0}",0.3,0.1,,0.38314666666666675,1.0,0.6168533333333333,1,"{""energy"": 0.6666666666666667, ""water"": 0.05493333333333334, ""transport"": 0.33333333333333337}","{""energy"": 1.0, ""water"": 1.0, ""transport"": 1.0}","{""energy"": 0.33333333333333326, ""water"": 0.9450666666666666, ""transport"": 0.6666666666666666}",8,0.6003993471161344,,,[],,v2.0,0.7,0.3
S4_water_partial,114,114,11590338830153397132,scenario=S4_water_partial|method=both|duration=0|theta=0.300000|delta_threshold=0.100000|A=v2.0|w=na|run_id=114|seed=11590338830153397132,False,"{""step_1_amount"": 0.4718295000157661}",033832c9a51598bd69064fc3910037f6fde292830c04f0066e6d9779dc60f4ca,0.38314666666666675,0.5495674823138191,0.1664208156471524,18,0.0,0.0,0.38314666666666675,0.5495674823138191,0,1,0.1664208156471524,"{""energy"": 0.6666666666666667, ""water"": 0.05493333333333334, ""transport"": 0.33333333333333337}","{""energy"": 0.7769614862980638, ""water"": 0.394720208353041, ""transport"": 0.40122275096227095}","{""energy"": 0.11029481963139709, ""water"": 0.33978687501970767, ""transport"": 0.06788941762893758}","{""energy"": 0.0, ""water"": 0.0, ""transport"": 0.0}","{""energy"": 0.0, ""water"": 0.0, ""transport"": 0.0}","{""energy"": 0.0, ""water"": 0.0, ""transport"": 0.0}",0.3,0.1,,0.38314666666666675,1.0,0.6168533333333333,1,"{""energy"": 0.6666666666666667, ""water"": 0.05493333333333334, ""transport"": 0.33333333333333337}","{""energy"": 1.0, ""water"": 1.0, ""transport"": 1.0}","{""energy"": 0.33333333333333326, ""water"": 0.9450666666666666, ""transport"": 0.6666666666666666}",9,0.5495674823138191,,,[],,v2.0,0.7,0.3
S4_water_partial,115,115,13134083137611370163,scenario=S4_water_partial|method=both|duration=0|theta=0.300000|delta_threshold=0.100000|A=v2.0|w=na|run_id=115|seed=13134083137611370163,False,"{""step_1_amount"": 0.45815187707652555}",033832c9a51598bd69064fc3910037f6fde292830c04f0066e6d9779dc60f4ca,0.38314666666666675,0.5411936996098425,0.1580470329431758,22,0.0,0.0,0.38314666666666675,0.5411936996098425,0,1,0.1580470329431758,"{""energy"": 0.6666666666666667, ""water"": 0.05493333333333334, ""transport"": 0.33333333333333337}","{""energy"": 0.771411790790467, ""water"": 0.3776231796789903, ""transport"": 0.39780676463319564}","{""energy"": 0.10474512412380022, ""water"": 0.32268984634565695, ""transport"": 0.06447343129986227}","{""energy"": 0.0, ""water"": 0.0, ""transport"": 0.0}","{""energy"": 0.0, ""water"": 0.0, ""transport"": 0.0}","{""energy"": 0.0, ""water"": 0.0, ""transport"": 0.0}",0.3,0.1,,0.38314666666666675,1.0,0.6168533333333333,1,"{""energy"": 0.6666666666666667, ""water"": 0.05493333333333334, ""transport"": 0.33333333333333337}","{""energy"": 1.0, ""water"": 1.0, ""transport"": 1.0}","{""energy"": 0.33333333333333326, ""water"": 0.9450666666666666, ""transport"": 0.6666666666666666}",9,0.5411936996098425,,,[],,v2.0,0.7,0.3
S4_water_partial,116,116,5437935216268317803,scenario=S4_water_partial|method=both|duration=0|theta=0.300000|delta_threshold=0.100000|A=v2.0|w=na|run_id=116|seed=5437935216268317803,False,"{""step_1_amount"": 0.7529412890419857}",033832c9a51598bd69064fc3910037f6fde292830c04f0066e6d9779dc60f4ca,0.38314666666666675,0.7216711473503965,0.33852448068372976,12,0.0,0.0,0.38314666666666675,0.7216711473503965,0,1,0.33852448068372976,"{""energy"": 0.6666666666666667, ""water"": 0.05493333333333334, ""transport"": 0.33333333333333337}","{""energy"": 0.8910225946954524, ""water"": 0.7461099446358155, ""transport"": 0.4714304202715693}","{""energy"": 0.22435592802878568, ""water"": 0.6911766113024821, ""transport"": 0.1380970869382359}","{""energy"": 0.0, ""water"": 0.0, ""transport"": 0.0}","{""energy"": 0.0, ""water"": 0.0, ""transport"": 0.0}","{""energy"": 0.0, ""water"": 0.0, ""transport"": 0.0}",0.3,0.1,,0.38314666666666675,1.0,0.6168533333333333,1,"{""energy"": 0.6666666666666667, ""water"": 0.05493333333333334, ""transport"": 0.33333333333333337}","{""energy"": 1.0, ""water"": 1.0, ""transport"": 1.0}","{""energy"": 0.33333333333333326, ""water"": 0.9450666666666666, ""transport"": 0.6666666666666666}",5,0.7216711473503965,,,[],,v2.0,0.7,0.3
S4_water_partial,117,117,17299668817907180624,scenario=S4_water_partial|method=both|duration=0|theta=0.300000|delta_threshold=0.100000|A=v2.0|w=na|run_id=117|seed=17299668817907180624,False,"{""step_1_amount"": 0.5832267749985026}",033832c9a51598bd69064fc3910037f6fde292830c04f0066e6d9779dc60f4ca,0.38314666666666675,0.617767678990125,0.23462101232345822,27,0.0,0.0,0.38314666666666675,0.617767678990125,0,1,0.23462101232345822,"{""energy"": 0.6666666666666667, ""water"": 0.05493333333333334, ""transport"": 0.33333333333333337}","{""energy"": 0.8221609306223092, ""water"": 0.5339668020814616, ""transport"": 0.4290442203892094}","{""energy"": 0.15549426395564248, ""water"": 0.4790334687481283, ""transport"": 0.09571088705587605}","{""energy"": 0.0, ""water"": 0.0, ""transport"": 0.0}","{""energy"": 0.0, ""water"": 0.0, ""transport"": 0.0}","{""energy"": 0.0, ""water"": 0.0, ""transport"": 0.0}",0.3,0.1,,0.38314666666666675,1.0,0.6168533333333333,1,"{""energy"": 0.6666666666666667, ""water"": 0.05493333333333334, ""transport"": 0.33333333333333337}","{""energy"": 1.0, ""water"": 1.0, ""transport"": 1.0}","{""energy"": 0.33333333333333326, ""water"": 0.9450666666666666, ""transport"": 0.6666666666666666}",7,0.617767678990125,,,[],,v2.0,0.7,0.3
S4_water_partial,118,118,16889645723530469267,scenario=S4_water_partial|method=both|duration=0|theta=0.300000|delta_threshold=0.100000|A=v2.0|w=na|run_id=118|seed=16889645723530469267,False,"{""step_1_amount"": 1.0492685212243262}",033832c9a51598bd69064fc3910037f6fde292830c04f0066e6d9779dc60f4ca,0.38314666666666675,0.8564466666666667,0.47329999999999994,29,0.0,1.0,0.38314666666666675,0.8564466666666667,1,1,0.47329999999999994,"{""energy"": 0.6666666666666667, ""water"": 0.05493333333333334, ""transport"": 0.33333333333333337}","{""energy"": 0.9912666666666667, ""water"": 1.0, ""transport"": 0.5331333333333333}","{""energy"": 0.3246, ""water"": 0.9450666666666666, ""transport"": 0.19979999999999998}","{""energy"": 0.0, ""water"": 0.0, ""transport"": 0.0}","{""energy"": 1.0, ""water"": 1.0, ""transport"": 1.0}","{""energy"": 1.0, ""water"": 1.0, ""transport"": 1.0}",0.3,0.1,,0.38314666666666675,1.0,0.6168533333333333,1,"{""energy"": 0.6666666666666667, ""water"": 0.05493333333333334, ""transport"": 0.33333333333333337}","{""energy"": 1.0, ""water"": 1.0, ""transport"": 1.0}","{""energy"": 0.33333333333333326, ""water"": 0.9450666666666666, ""transport"": 0.6666666666666666}",3,0.8564466666666667,,,"[""energy"", ""transport""]",1,v2.0,0.7,0.3
S4_water_partial,119,119,3568346795489745485,scenario=S4_water_partial|method=both|duration=0|theta=0.300000|delta_threshold=0.100000|A=v2.0|w=na|run_id=119|seed=3568346795489745485,False,"{""step_1_amount"": 0.7887804699154956}",033832c9a51598bd69064fc3910037f6fde292830c04f0066e6d9779dc60f4ca,0.38314666666666675,0.743612789860681,0.3604661231940143,5,0.0,1.0,0.38314666666666675,0.743612789860681,1,1,0.3604661231940143,"{""energy"": 0.6666666666666667, ""water"": 0.05493333333333334, ""transport"": 0.33333333333333337}","{""energy"": 0.9055643423348791, ""water"": 0.7909089207277029, ""transport"": 0.4803812556947284}","{""energy"": 0.2388976756682124, ""water"": 0.7359755873943695, ""transport"": 0.14704792236139502}","{""energy"": 0.0, ""water"": 0.0, ""transport"": 0.0}","{""energy"": 1.0, ""water"": 1.0, ""transport"": 1.0}","{""energy"": 1.0, ""water"": 1.0, ""transport"": 1.0}",0.3,0.1,,0.38314666666666675,1.0,0.6168533333333333,1,"{""energy"": 0.6666666666666667, ""water"": 0.05493333333333334, ""transport"": 0.33333333333333337}","{""energy"": 1.0, ""water"": 1.0, ""transport"": 1.0}","{""energy"": 0.33333333333333326, ""water"": 0.9450666666666666, ""transport"": 0.6666666666666666}",5,0.743612789860681,,,"[""energy"", ""transport""]",1,v2.0,0.7,0.3
S4_water_partial,120,120,2358892468676828321,scenario=S4_water_partial|method=both|duration=0|theta=0.300000|delta_threshold=0.100000|A=v2.0|w=na|run_id=120|seed=2358892468676828321,False,"{""step_1_amount"": 1.154829403952375}",033832c9a51598bd69064fc3910037f6fde292830c04f0066e6d9779dc60f4ca,0.38314666666666675,0.8564466666666667,0.47329999999999994,27,0.0,1.0,0.38314666666666675,0.8564466666666667,1,1,0.47329999999999994,"{""energy"": 0.6666666666666667, ""water"": 0.05493333333333334, ""transport"": 0.33333333333333337}","{""energy"": 0.9912666666666667, ""water"": 1.0, ""transport"": 0.5331333333333333}","{""energy"": 0.3246, ""water"": 0.9450666666666666, ""transport"": 0.19979999999999998}","{""energy"": 0.0, ""water"": 0.0, ""transport"": 0.0}","{""energy"": 1.0, ""water"": 1.0, ""transport"": 1.0}","{""energy"": 1.0, ""water"": 1.0, ""transport"": 1.0}",0.3,0.1,,0.38314666666666675,1.0,0.6168533333333333,1,"{""energy"": 0.6666666666666667, ""water"": 0.05493333333333334, ""transport"": 0.33333333333333337}","{""energy"": 1.0, ""water"": 1.0, ""transport"": 1.0}","{""energy"": 0.33333333333333326, ""water"": 0.9450666666666666, ""transport"": 0.6666666666666666}",3,0.8564466666666667,,,"[""energy"", ""transport""]",1,v2.0,0.7,0.3
S4_water_partial,121,121,16040726160265837466,scenario=S4_water_partial|method=both|duration=0|theta=0.300000|delta_threshold=0.100000|A=v2.0|w=na|run_id=121|seed=16040726160265837466,False,"{""step_1_amount"": 0.6900340303369336}",033832c9a51598bd69064fc3910037f6fde292830c04f0066e6d9779dc60f4ca,0.38314666666666675,0.6831577508896959,0.30001108422302913,8,0.0,0.0,0.38314666666666675,0.6831577508896959,0,1,0.30001108422302913,"{""energy"": 0.6666666666666667, ""water"": 0.05493333333333334, ""transport"": 0.33333333333333337}","{""energy"": 0.8654979744758775, ""water"": 0.6674758712545004, ""transport"": 0.4557193324099825}","{""energy"": 0.19883130780921077, ""water"": 0.612542537921167, ""transport"": 0.12238599907664915}","{""energy"": 0.0, ""water"": 0.0, ""transport"": 0.0}","{""energy"": 0.0, ""water"": 0.0, ""transport"": 0.0}","{""energy"": 0.0, ""water"": 0.0, ""transport"": 0.0}",0.3,0.1,,0.38314666666666675,1.0,0.6168533333333333,1,"{""energy"": 0.6666666666666667, ""water"": 0.05493333333333334, ""transport"": 0.33333333333333337}","{""energy"": 1.0, ""water"": 1.0, ""transport"": 1.0}","{""energy"": 0.33333333333333326, ""water"": 0.9450666666666666, ""transport"": 0.6666666666666666}",6,0.6831577508896959,,,[],,v2.0,0.7,0.3
S4_water_partial,122,122,2419752967199803610,scenario=S4_water_partial|method=both|duration=0|theta=0.300000|delta_threshold=0.100000|A=v2.0|w=na|run_id=122|seed=2419752967199803610,False,"{""step_1_amount"": 0.6164882346912088}",033832c9a51598bd69064fc3910037f6fde292830c04f0066e6d9779dc60f4ca,0.38314666666666675,0.6381311761504921,0.25498450948382534,21,0.0,0.0,0.38314666666666675,0.6381311761504921,0,1,0.25498450948382534,"{""energy"": 0.6666666666666667, ""water"": 0.05493333333333334, ""transport"": 0.33333333333333337}","{""energy"": 0.8356567678926248, ""water"": 0.5755436266973445, ""transport"": 0.43735126994746276}","{""energy"": 0.16899010122595803, ""water"": 0.5206102933640111, ""transport"": 0.10401793661412939}","{""energy"": 0.0, ""water"": 0.0, ""transport"": 0.0}","{""energy"": 0.0, ""water"": 0.0, ""transport"": 0.0}","{""energy"": 0.0, ""water"": 0.0, ""transport"": 0.0}",0.3,0.1,,0.38314666666666675,1.0,0.6168533333333333,1,"{""energy"": 0.6666666666666667, ""water"": 0.05493333333333334, ""transport"": 0.33333333333333337}","{""energy"": 1.0, ""water"": 1.0, ""transport"": 1.0}","{""energy"": 0.33333333333333326, ""water"": 0.9450666666666666, ""transport"": 0.6666666666666666}",7,0.6381311761504921,,,[],,v2.0,0.7,0.3
S4_water_partial,123,123,7582683123122314749,scenario=S4_water_partial|method=both|duration=0|theta=0.300000|delta_threshold=0.100000|A=v2.0|w=na|run_id=123|seed=7582683123122314749,False,"{""step_1_amount"": 0.6914093110756028}",033832c9a51598bd69064fc3910037f6fde292830c04f0066e6d9779dc60f4ca,0.38314666666666675,0.6839997321399277,0.30085306547326096,6,0.0,0.0,0.38314666666666675,0.6839997321399277,0,1,0.30085306547326096,"{""energy"": 0.6666666666666667, ""water"": 0.05493333333333334, ""transport"": 0.33333333333333337}","{""energy"": 0.8660559946355926, ""water"": 0.6691949721778369, ""transport"": 0.45606280877446514}","{""energy"": 0.19938932796892583, ""water"": 0.6142616388445035, ""transport"": 0.12272947544113177}","{""energy"": 0.0, ""water"": 0.0, ""transport"": 0.0}","{""energy"": 0.0, ""water"": 0.0, ""transport"": 0.0}","{""energy"": 0.0, ""water"": 0.0, ""transport"": 0.0}",0.3,0.1,,0.38314666666666675,1.0,0.6168533333333333,1,"{""energy"": 0.6666666666666667, ""water"": 0.05493333333333334, ""transport"": 0.33333333333333337}","{""energy"": 1.0, ""water"": 1.0, ""transport"": 1.0}","{""energy"": 0.33333333333333326, ""water"": 0.9450666666666666, ""transport"": 0.6666666666666666}",6,0.6839997321399277,,,[],,v2.0,0.7,0.3
S4_water_partial,124,124,5122162463558271141,scenario=S4_water_partial|method=both|duration=0|theta=0.300000|delta_threshold=0.100000|A=v2.0|w=na|run_id=124|seed=5122162463558271141,False,"{""step_1_amount"": 0.7337543243902479}",033832c9a51598bd69064fc3910037f6fde292830c04f0066e6d9779dc60f4ca,0.38314666666666675,0.7099244079164863,0.3267777412498195,13,0.0,0.0,0.38314666666666675,0.7099244079164863,0,1,0.3267777412498195,"{""energy"": 0.6666666666666667, ""water"": 0.05493333333333334, ""transport"": 0.33333333333333337}","{""energy"": 0.8832374837880098, ""water"": 0.7221262388211432, ""transport"": 0.4666384758497978}","{""energy"": 0.21657081712134307, ""water"": 0.6671929054878099, ""transport"": 0.13330514251646441}","{""energy"": 0.0, ""water"": 0.0, ""transport"": 0.0}","{""energy"": 0.0, ""water"": 0.0, ""transport"": 0.0}","{""energy"": 0.0, ""water"": 0.0, ""transport"": 0.0}",0.3,0.1,,0.38314666666666675,1.0,0.6168533333333333,1,"{""energy"": 0.6666666666666667, ""water"": 0.05493333333333334, ""transport"": 0.33333333333333337}","{""energy"": 1.0, ""water"": 1.0, ""transport"": 1.0}","{""energy"": 0.33333333333333326, ""water"": 0.9450666666666666, ""transport"": 0.6666666666666666}",5,0.7099244079164863,,,[],,v2.0,0.7,0.3
S4_water_partial,125,125,5159572393011275637,scenario=S4_water_partial|method=both|duration=0|theta=0.300000|delta_threshold=0.100000|A=v2.0|w=na|run_id=125|seed=5159572393011275637,False,"{""step_1_amount"": 0.5773117637070382}",033832c9a51598bd69064fc3910037f6fde292830c04f0066e6d9779dc60f4ca,0.38314666666666675,0.6141463612022082,0.23099969453554148,8,0.0,0.0,0.38314666666666675,0.6141463612022082,0,1,0.23099969453554148,"{""energy"": 0.6666666666666667, ""water"": 0.05493333333333334, ""transport"": 0.33333333333333337}","{""energy"": 0.8197609147907975, ""water"": 0.5265730379671311, ""transport"": 0.42756694631916614}","{""energy"": 0.15309424812413075, ""water"": 0.47163970463379773, ""transport"": 0.09423361298583277}","{""energy"": 0.0, ""water"": 0.0, ""transport"": 0.0}","{""energy"": 0.0, ""water"": 0.0, ""transport"": 0.0}","{""energy"": 0.0, ""water"": 0.0, ""transport"": 0.0}",0.3,0.1,,0.38314666666666675,1.0,0.6168533333333333,1,"{""energy"": 0.6666666666666667, ""water"": 0.05493333333333334, ""transport"": 0.33333333333333337}","{""energy"": 1.0, ""water"": 1.0, ""transport"": 1.0}","{""energy"": 0.33333333333333326, ""water"": 0.9450666666666666, ""transport"": 0.6666666666666666}",7,0.6141463612022082,,,[],,v2.0,0.7,0.3
S4_water_partial,126,126,5366257443094583920,scenario=S4_water_partial|method=both|duration=0|theta=0.300000|delta_threshold=0.100000|A=v2.0|w=na|run_id=126|seed=5366257443094583920,False,"{""step_1_amount"": 0.2261489140362335}",033832c9a51598bd69064fc3910037f6fde292830c04f0066e6d9779dc60f4ca,0.38314666666666675,0.39915568556249975,0.016009018895833005,24,0.0,0.0,0.38314666666666675,0.39915568556249975,0,0,0.016009018895833005,"{""energy"": 0.6666666666666667, ""water"": 0.05493333333333334, ""transport"": 0.33333333333333337}","{""energy"": 0.6772765885368685, ""water"": 0.08761947587862517, ""transport"": 0.33986402461388265}","{""energy"": 0.01060992187020171, ""water"": 0.032686142545291834, ""transport"": 0.006530691280549283}","{""energy"": 0.0, ""water"": 0.0, ""transport"": 0.0}","{""energy"": 0.0, ""water"": 0.0, ""transport"": 0.0}","{""energy"": 0.0, ""water"": 0.0, ""transport"": 0.0}",0.3,0.1,,0.38314666666666675,1.0,0.6168533333333333,1,"{""energy"": 0.6666666666666667, ""water"": 0.05493333333333334, ""transport"": 0.33333333333333337}","{""energy"": 1.0, ""water"": 1.0, ""transport"": 1.0}","{""energy"": 0.33333333333333326, ""water"": 0.9450666666666666, ""transport"": 0.6666666666666666}",12,0.39915568556249975,,,[],,v2.0,0.7,0.3
S4_water_partial,127,127,5688338078344993574,scenario=S4_water_partial|method=both|duration=0|theta=0.300000|delta_threshold=0.100000|A=v2.0|w=na|run_id=127|seed=5688338078344993574,False,"{""step_1_amount"": 0.5305581572901975}",033832c9a51598bd69064fc3910037f6fde292830c04f0066e6d9779dc60f4ca,0.38314666666666675,0.5855226345136579,0.2023759678469912,22,0.0,0.0,0.38314666666666675,0.5855226345136579,0,1,0.2023759678469912,"{""energy"": 0.6666666666666667, ""water"": 0.05493333333333334, ""transport"": 0.33333333333333337}","{""energy"": 0.8007906389871644, ""water"": 0.46813102994608025, ""transport"": 0.4158902331165602}","{""energy"": 0.13412397232049766, ""water"": 0.4131976966127469, ""transport"": 0.08255689978322683}","{""energy"": 0.0, ""water"": 0.0, ""transport"": 0.0}","{""energy"": 0.0, ""water"": 0.0, ""transport"": 0.0}","{""energy"": 0.0, ""water"": 0.0, ""transport"": 0.0}",0.3,0.1,,0.38314666666666675,1.0,0.6168533333333333,1,"{""energy"": 0.6666666666666667, ""water"": 0.05493333333333334, ""transport"": 0.33333333333333337}","{""energy"": 1.0, ""water"": 1.0, ""transport"": 1.0}","{""energy"": 0.33333333333333326, ""water"": 0.9450666666666666, ""transport"": 0.6666666666666666}",8,0.5855226345136579,,,[],,v2.0,0.7,0.3
S4_water_partial,128,128,3245237835861648387,scenario=S4_water_partial|method=both|duration=0|theta=0.300000|delta_threshold=0.100000|A=v2.0|w=na|run_id=128|seed=3245237835861648387,False,"{""step_1_amount"": 0.28417336829651063}",033832c9a51598bd69064fc3910037f6fde292830c04f0066e6d9779dc60f4ca,0.38314666666666675,0.4346797070719979,0.05153304040533113,23,0.0,0.0,0.38314666666666675,0.4346797070719979,0,0,0.05153304040533113,"{""energy"": 0.6666666666666667, ""water"": 0.05493333333333334, ""transport"": 0.33333333333333337}","{""energy"": 0.700820010852976, ""water"": 0.1601500437039716, ""transport"": 0.3543556320653869}","{""energy"": 0.03415334418630922, ""water"": 0.10521671037063826, ""transport"": 0.021022298732053524}","{""energy"": 0.0, ""water"": 0.0, ""transport"": 0.0}","{""energy"": 0.0, ""water"": 0.0, ""transport"": 0.0}","{""energy"": 0.0, ""water"": 0.0, ""transport"": 0.0}",0.3,0.1,,0.38314666666666675,1.0,0.6168533333333333,1,"{""energy"": 0.6666666666666667, ""water"": 0.05493333333333334, ""transport"": 0.33333333333333337}","{""energy"": 1.0, ""water"": 1.0, ""transport"": 1.0}","{""energy"": 0.33333333333333326, ""water"": 0.9450666666666666, ""transport"": 0.6666666666666666}",11,0.4346797070719979,,,[],,v2.0,0.7,0.3
S4_water_partial,129,129,14551212614602043779,scenario=S4_water_partial|method=both|duration=0|theta=0.300000|delta_threshold=0.100000|A=v2.0|w=na|run_id=129|seed=14551212614602043779,False,"{""step_1_amount"": 0.41880089296528467}",033832c9a51598bd69064fc3910037f6fde292830c04f0066e6d9779dc60f4ca,0.38314666666666675,0.5171020433623381,0.13395537669567137,29,0.0,0.0,0.38314666666666675,0.5171020433623381,0,0,0.13395537669567137,"{""energy"": 0.6666666666666667, ""water"": 0.05493333333333334, ""transport"": 0.33333333333333337}","{""energy"": 0.755445128987331, ""water"": 0.32843444953993917, ""transport"": 0.3879788563514132}","{""energy"": 0.08877846232066422, ""water"": 0.27350111620660583, ""transport"": 0.054645523018079845}","{""energy"": 0.0, ""water"": 0.0, ""transport"": 0.0}","{""energy"": 0.0, ""water"": 0.0, ""transport"": 0.0}","{""energy"": 0.0, ""water"": 0.0, ""transport"": 0.0}",0.3,0.1,,0.38314666666666675,1.0,0.6168533333333333,1,"{""energy"": 0.6666666666666667, ""water"": 0.05493333333333334, ""transport"": 0.33333333333333337}","{""energy"": 1.0, ""water"": 1.0, ""transport"": 1.0}","{""energy"": 0.33333333333333326, ""water"": 0.9450666666666666, ""transport"": 0.6666666666666666}",9,0.5171020433623381,,,[],,v2.0,0.7,0.3
S4_water_partial,130,130,16547033424172754494,scenario=S4_water_partial|method=both|duration=0|theta=0.300000|delta_threshold=0.100000|A=v2.0|w=na|run_id=130|seed=16547033424172754494,False,"{""step_1_amount"": 0.4941455307272164}",033832c9a51598bd69064fc3910037f6fde292830c04f0066e6d9779dc60f4ca,0.38314666666666675,0.5632299142161368,0.18008324754947003,18,0.0,0.0,0.38314666666666675,0.5632299142161368,0,1,0.18008324754947003,"{""energy"": 0.6666666666666667, ""water"": 0.05493333333333334, ""transport"": 0.33333333333333337}","{""energy"": 0.7860162157592347, ""water"": 0.42261524674235385, ""transport"": 0.4067961796324557}","{""energy"": 0.11934954909256801, ""water"": 0.3676819134090205, ""transport"": 0.07346284629912231}","{""energy"": 0.0, ""water"": 0.0, ""transport"": 0.0}","{""energy"": 0.0, ""water"": 0.0, ""transport"": 0.0}","{""energy"": 0.0, ""water"": 0.0, ""transport"": 0.0}",0.3,0.1,,0.38314666666666675,1.0,0.6168533333333333,1,"{""energy"": 0.6666666666666667, ""water"": 0.05493333333333334, ""transport"": 0.33333333333333337}","{""energy"": 1.0, ""water"": 1.0, ""transport"": 1.0}","{""energy"": 0.33333333333333326, ""water"": 0.9450666666666666, ""transport"": 0.6666666666666666}",8,0.5632299142161368,,,[],,v2.0,0.7,0.3
S4_water_partial,131,131,1423063168468187864,scenario=S4_water_partial|method=both|duration=0|theta=0.300000|delta_threshold=0.100000|A=v2.0|w=na|run_id=131|seed=1423063168468187864,False,"{""step_1_amount"": 1.4352348695095336}",033832c9a51598bd69064fc3910037f6fde292830c04f0066e6d9779dc60f4ca,0.38314666666666675,0.8564466666666667,0.47329999999999994,5,0.0,1.0,0.38314666666666675,0.8564466666666667,1,1,0.47329999999999994,"{""energy"": 0.6666666666666667, ""water"": 0.05493333333333334, ""transport"": 0.33333333333333337}","{""energy"": 0.9912666666666667, ""water"": 1.0, ""transport"": 0.5331333333333333}","{""energy"": 0.3246, ""water"": 0.9450666666666666, ""transport"": 0.19979999999999998}","{""energy"": 0.0, ""water"": 0.0, ""transport"": 0.0}","{""energy"": 1.0, ""water"": 1.0, ""transport"": 1.0}","{""energy"": 1.0, ""water"": 1.0, ""transport"": 1.0}",0.3,0.1,,0.38314666666666675,1.0,0.6168533333333333,1,"{""energy"": 0.6666666666666667, ""water"": 0.05493333333333334, ""transport"": 0.33333333333333337}","{""energy"": 1.0, ""water"": 1.0, ""transport"": 1.0}","{""energy"": 0.33333333333333326, ""water"": 0.9450666666666666, ""transport"": 0.6666666666666666}",3,0.8564466666666667,,,"[""energy"", ""transport""]",1,v2.0,0.7,0.3
S4_water_partial,132,132,11718429063157009964,scenario=S4_water_partial|method=both|duration=0|theta=0.300000|delta_threshold=0.100000|A=v2.0|w=na|run_id=132|seed=11718429063157009964,False,"{""step_1_amount"": 0.6043124993942973}",033832c9a51598bd69064fc3910037f6fde292830c04f0066e6d9779dc60f4ca,0.38314666666666675,0.6306768866083404,0.24753021994167368,7,0.0,0.0,0.38314666666666675,0.6306768866083404,0,1,0.24753021994167368,"{""energy"": 0.6666666666666667, ""water"": 0.05493333333333334, ""transport"": 0.33333333333333337}","{""energy"": 0.8307164632959029, ""water"": 0.560323957576205, ""transport"": 0.43431038005705913}","{""energy"": 0.16404979662923613, ""water"": 0.5053906242428716, ""transport"": 0.10097704672372576}","{""energy"": 0.0, ""water"": 0.0, ""transport"": 0.0}","{""energy"": 0.0, ""water"": 0.0, ""transport"": 0.0}","{""energy"": 0.0, ""water"": 0.0, ""transport"": 0.0}",0.3,0.1,,0.38314666666666675,1.0,0.6168533333333333,1,"{""energy"": 0.6666666666666667, ""water"": 0.05493333333333334, ""transport"": 0.33333333333333337}","{""energy"": 1.0, ""water"": 1.0, ""transport"": 1.0}","{""energy"": 0.33333333333333326, ""water"": 0.9450666666666666, ""transport"": 0.6666666666666666}",7,0.6306768866083404,,,[],,v2.0,0.7,0.3
S4_water_partial,133,133,2694788552367647774,scenario=S4_water_partial|method=both|duration=0|theta=0.300000|delta_threshold=0.100000|A=v2.0|w=na|run_id=133|seed=2694788552367647774,False,"{""step_1_amount"": 0.3755543022953388}",033832c9a51598bd69064fc3910037f6fde292830c04f0066e6d9779dc60f4ca,0.38314666666666675,0.49062539938943056,0.10747873272276381,8,0.0,0.0,0.38314666666666675,0.49062539938943056,0,0,0.10747873272276381,"{""energy"": 0.6666666666666667, ""water"": 0.05493333333333334, ""transport"": 0.33333333333333337}","{""energy"": 0.7378978248230005, ""water"": 0.27437621120250694, ""transport"": 0.37717802033159425}","{""energy"": 0.07123115815633374, ""water"": 0.2194428778691736, ""transport"": 0.043844686998260884}","{""energy"": 0.0, ""water"": 0.0, ""transport"": 0.0}","{""energy"": 0.0, ""water"": 0.0, ""transport"": 0.0}","{""energy"": 0.0, ""water"": 0.0, ""transport"": 0.0}",0.3,0.1,,0.38314666666666675,1.0,0.6168533333333333,1,"{""energy"": 0.6666666666666667, ""water"": 0.05493333333333334, ""transport"": 0.33333333333333337}","{""energy"": 1.0, ""water"": 1.0, ""transport"": 1.0}","{""energy"": 0.33333333333333326, ""water"": 0.9450666666666666, ""transport"": 0.6666666666666666}",10,0.49062539938943056,,,[],,v2.0,0.7,0.3
S4_water_partial,134,134,13144185464367992222,scenario=S4_water_partial|method=both|duration=0|theta=0.300000|delta_threshold=0.100000|A=v2.0|w=na|run_id=134|seed=13144185464367992222,False,"{""step_1_amount"": 1.243275672390225}",033832c9a51598bd69064fc3910037f6fde292830c04f0066e6d9779dc60f4ca,0.38314666666666675,0.8564466666666667,0.47329999999999994,7,0.0,1.0,0.38314666666666675,0.8564466666666667,1,1,0.47329999999999994,"{""energy"": 0.6666666666666667, ""water"": 0.05493333333333334, ""transport"": 0.33333333333333337}","{""energy"": 0.9912666666666667, ""water"": 1.0, ""transport"": 0.5331333333333333}","{""energy"": 0.3246, ""water"": 0.9450666666666666, ""transport"": 0.19979999999999998}","{""energy"": 0.0, ""water"": 0.0, ""transport"": 0.0}","{""energy"": 1.0, ""water"": 1.0, ""transport"": 1.0}","{""energy"": 1.0, ""water"": 1.0, ""transport"": 1.0}",0.3,0.1,,0.38314666666666675,1.0,0.6168533333333333,1,"{""energy"": 0.6666666666666667, ""water"": 0.05493333333333334, ""transport"": 0.33333333333333337}","{""energy"": 1.0, ""water"": 1.0, ""transport"": 1.0}","{""energy"": 0.33333333333333326, ""water"": 0.9450666666666666, ""transport"": 0.6666666666666666}",3,0.8564466666666667,,,"[""energy"", ""transport""]",1,v2.0,0.7,0.3
S4_water_partial,135,135,7145247598061843865,scenario=S4_water_partial|method=both|duration=0|theta=0.300000|delta_threshold=0.100000|A=v2.0|w=na|run_id=135|seed=7145247598061843865,False,"{""step_1_amount"": 0.32876398769669374}",033832c9a51598bd69064fc3910037f6fde292830c04f0066e6d9779dc60f4ca,0.38314666666666675,0.461979199034275,0.07883253236760823,23,0.0,0.0,0.38314666666666675,0.461979199034275,0,0,0.07883253236760823,"{""energy"": 0.6666666666666667, ""water"": 0.05493333333333334, ""transport"": 0.33333333333333337}","{""energy"": 0.7189126546746002, ""water"": 0.21588831795420044, ""transport"": 0.3654921392605826}","{""energy"": 0.05224598800793345, ""water"": 0.1609549846208671, ""transport"": 0.032158805927249234}","{""energy"": 0.0, ""water"": 0.0, ""transport"": 0.0}","{""energy"": 0.0, ""water"": 0.0, ""transport"": 0.0}","{""energy"": 0.0, ""water"": 0.0, ""transport"": 0.0}",0.3,0.1,,0.38314666666666675,1.0,0.6168533333333333,1,"{""energy"": 0.6666666666666667, ""water"": 0.05493333333333334, ""transport"": 0.33333333333333337}","{""energy"": 1.0, ""water"": 1.0, ""transport"": 1.0}","{""energy"": 0.33333333333333326, ""water"": 0.9450666666666666, ""transport"": 0.6666666666666666}",11,0.461979199034275,,,[],,v2.0,0.7,0.3
S4_water_partial,136,136,12278068838436954405,scenario=S4_water_partial|method=both|duration=0|theta=0.300000|delta_threshold=0.100000|A=v2.0|w=na|run_id=136|seed=12278068838436954405,False,"{""step_1_amount"": 0.7599222000554775}",033832c9a51598bd69064fc3910037f6fde292830c04f0066e6d9779dc60f4ca,0.38314666666666675,0.7259450355956315,0.34279836892896476,10,0.0,0.0,0.38314666666666675,0.7259450355956315,0,1,0.34279836892896476,"{""energy"": 0.6666666666666667, ""water"": 0.05493333333333334, ""transport"": 0.33333333333333337}","{""energy"": 0.8938550993391767, ""water"": 0.7548360834026804, ""transport"": 0.4731739027971889}","{""energy"": 0.22718843267251, ""water"": 0.699902750069347, ""transport"": 0.13984056946385554}","{""energy"": 0.0, ""water"": 0.0, ""transport"": 0.0}","{""energy"": 0.0, ""water"": 0.0, ""transport"": 0.0}","{""energy"": 0.0, ""water"": 0.0, ""transport"": 0.0}",0.3,0.1,,0.38314666666666675,1.0,0.6168533333333333,1,"{""energy"": 0.6666666666666667, ""water"": 0.05493333333333334, ""transport"": 0.33333333333333337}","{""energy"": 1.0, ""water"": 1.0, ""transport"": 1.0}","{""energy"": 0.33333333333333326, ""water"": 0.9450666666666666, ""transport"": 0.6666666666666666}",5,0.7259450355956315,,,[],,v2.0,0.7,0.3
S4_water_partial,137,137,17360938780243760848,scenario=S4_water_partial|method=both|duration=0|theta=0.300000|delta_threshold=0.100000|A=v2.0|w=na|run_id=137|seed=17360938780243760848,False,"{""step_1_amount"": 0.8923948949845907}",033832c9a51598bd69064fc3910037f6fde292830c04f0066e6d9779dc60f4ca,0.38314666666666675,0.8070481312486077,0.423901464581941,12,0.0,1.0,0.38314666666666675,0.8070481312486077,1,1,0.423901464581941,"{""energy"": 0.6666666666666667, ""water"": 0.05493333333333334, ""transport"": 0.33333333333333337}","{""energy"": 0.9476058953066644, ""water"": 0.9204269520640718, ""transport"": 0.5062589583557349}","{""energy"": 0.28093922863999765, ""water"": 0.8654936187307384, ""transport"": 0.1729256250224015}","{""energy"": 0.0, ""water"": 0.0, ""transport"": 0.0}","{""energy"": 1.0, ""water"": 1.0, ""transport"": 1.0}","{""energy"": 1.0, ""water"": 1.0, ""transport"": 1.0}",0.3,0.1,,0.38314666666666675,1.0,0.6168533333333333,1,"{""energy"": 0.6666666666666667, ""water"": 0.05493333333333334, ""transport"": 0.33333333333333337}","{""energy"": 1.0, ""water"": 1.0, ""transport"": 1.0}","{""energy"": 0.33333333333333326, ""water"": 0.9450666666666666, ""transport"": 0.6666666666666666}",3,0.8070481312486077,,,"[""energy"", ""transport""]",1,v2.0,0.7,0.3
S4_water_partial,138,138,4855816038719797377,scenario=S4_water_partial|method=both|duration=0|theta=0.300000|delta_threshold=0.100000|A=v2.0|w=na|run_id=138|seed=4855816038719797377,False,"{""step_1_amount"": 0.6143943277838493}",033832c9a51598bd69064fc3910037f6fde292830c04f0066e6d9779dc60f4ca,0.38314666666666675,0.6368492339941337,0.253702567327467,13,0.0,0.0,0.38314666666666675,0.6368492339941337,0,1,0.253702567327467,"{""energy"": 0.6666666666666667, ""water"": 0.05493333333333334, ""transport"": 0.33333333333333337}","{""energy"": 0.8348071651649636, ""water"": 0.5729262430631449, ""transport"": 0.43682831669734973}","{""energy"": 0.16814049849829682, ""water"": 0.5179929097298115, ""transport"": 0.10349498336401636}","{""energy"": 0.0, ""water"": 0.0, ""transport"": 0.0}","{""energy"": 0.0, ""water"": 0.0, ""transport"": 0.0}","{""energy"": 0.0, ""water"": 0.0, ""transport"": 0.0}",0.3,0.1,,0.38314666666666675,1.0,0.6168533333333333,1,"{""energy"": 0.6666666666666667, ""water"": 0.05493333333333334, ""transport"": 0.33333333333333337}","{""energy"": 1.0, ""water"": 1.0, ""transport"": 1.0}","{""energy"": 0.33333333333333326, ""water"": 0.9450666666666666, ""transport"": 0.6666666666666666}",7,0.6368492339941337,,,[],,v2.0,0.7,0.3
S4_water_partial,139,139,15134950050830545838,scenario=S4_water_partial|method=both|duration=0|theta=0.300000|delta_threshold=0.100000|A=v2.0|w=na|run_id=139|seed=15134950050830545838,False,"{""step_1_amount"": 0.4008785091782419}",033832c9a51598bd69064fc3910037f6fde292830c04f0066e6d9779dc60f4ca,0.38314666666666675,0.5061295119483159,0.12298284528164916,17,0.0,0.0,0.38314666666666675,0.5061295119483159,0,0,0.12298284528164916,"{""energy"": 0.6666666666666667, ""water"": 0.05493333333333334, ""transport"": 0.33333333333333337}","{""energy"": 0.7481731217657385, ""water"": 0.3060314698061358, ""transport"": 0.38350274100059933}","{""energy"": 0.08150645509907173, ""water"": 0.2510981364728025, ""transport"": 0.050169407667265964}","{""energy"": 0.0, ""water"": 0.0, ""transport"": 0.0}","{""energy"": 0.0, ""water"": 0.0, ""transport"": 0.0}","{""energy"": 0.0, ""water"": 0.0, ""transport"": 0.0}",0.3,0.1,,0.38314666666666675,1.0,0.6168533333333333,1,"{""energy"": 0.6666666666666667, ""water"": 0.05493333333333334, ""transport"": 0.33333333333333337}","{""energy"": 1.0, ""water"": 1.0, ""transport"": 1.0}","{""energy"": 0.33333333333333326, ""water"": 0.9450666666666666, ""transport"": 0.6666666666666666}",10,0.5061295119483159,,,[],,v2.0,0.7,0.3
S4_water_partial,140,140,14242932692080615762,scenario=S4_water_partial|method=both|duration=0|theta=0.300000|delta_threshold=0.100000|A=v2.0|w=na|run_id=140|seed=14242932692080615762,False,"{""step_1_amount"": 0.7302319560645553}",033832c9a51598bd69064fc3910037f6fde292830c04f0066e6d9779dc60f4ca,0.38314666666666675,0.707767925968289,0.3246212593016222,10,0.0,0.0,0.38314666666666675,0.707767925968289,0,1,0.3246212593016222,"{""energy"": 0.6666666666666667, ""water"": 0.05493333333333334, ""transport"": 0.33333333333333337}","{""energy"": 0.88180828283986, ""water"": 0.7177232784140274, ""transport"": 0.46575876436045605}","{""energy"": 0.21514161617319327, ""water"": 0.662789945080694, ""transport"": 0.13242543102712268}","{""energy"": 0.0, ""water"": 0.0, ""transport"": 0.0}","{""energy"": 0.0, ""water"": 0.0, ""transport"": 0.0}","{""energy"": 0.0, ""water"": 0.0, ""transport"": 0.0}",0.3,0.1,,0.38314666666666675,1.0,0.6168533333333333,1,"{""energy"": 0.6666666666666667, ""water"": 0.05493333333333334, ""transport"": 0.33333333333333337}","{""energy"": 1.0, ""water"": 1.0, ""transport"": 1.0}","{""energy"": 0.33333333333333326, ""water"": 0.9450666666666666, ""transport"": 0.6666666666666666}",5,0.707767925968289,,,[],,v2.0,0.7,0.3
S4_water_partial,141,141,11035396351164656495,scenario=S4_water_partial|method=both|duration=0|theta=0.300000|delta_threshold=0.100000|A=v2.0|w=na|run_id=141|seed=11035396351164656495,False,"{""step_1_amount"": 0.5815996464092118}",033832c9a51598bd69064fc3910037f6fde292830c04f0066e6d9779dc60f4ca,0.38314666666666675,0.6167715101895465,0.2336248435228797,13,0.0,0.0,0.38314666666666675,0.6167715101895465,0,1,0.2336248435228797,"{""energy"": 0.6666666666666667, ""water"": 0.05493333333333334, ""transport"": 0.33333333333333337}","{""energy"": 0.8215007231972045, ""water"": 0.5319328913448481, ""transport"": 0.428637845024034}","{""energy"": 0.15483405653053772, ""water"": 0.4769995580115148, ""transport"": 0.09530451169070064}","{""energy"": 0.0, ""water"": 0.0, ""transport"": 0.0}","{""energy"": 0.0, ""water"": 0.0, ""transport"": 0.0}","{""energy"": 0.0, ""water"": 0.0, ""transport"": 0.0}",0.3,0.1,,0.38314666666666675,1.0,0.6168533333333333,1,"{""energy"": 0.6666666666666667, ""water"": 0.05493333333333334, ""transport"": 0.33333333333333337}","{""energy"": 1.0, ""water"": 1.0, ""transport"": 1.0}","{""energy"": 0.33333333333333326, ""water"": 0.9450666666666666, ""transport"": 0.6666666666666666}",7,0.6167715101895465,,,[],,v2.0,0.7,0.3
S4_water_partial,142,142,12582132735856590451,scenario=S4_water_partial|method=both|duration=0|theta=0.300000|delta_threshold=0.100000|A=v2.0|w=na|run_id=142|seed=12582132735856590451,False,"{""step_1_amount"": 0.2622338375522945}",033832c9a51598bd69064fc3910037f6fde292830c04f0066e6d9779dc60f4ca,0.38314666666666675,0.4212477778621202,0.03810111119545345,14,0.0,0.0,0.38314666666666675,0.4212477778621202,0,0,0.03810111119545345,"{""energy"": 0.6666666666666667, ""water"": 0.05493333333333334, ""transport"": 0.33333333333333337}","{""energy"": 0.6919180462535103, ""water"": 0.1327256302737015, ""transport"": 0.3488762342620189}","{""energy"": 0.025251379586843536, ""water"": 0.07779229694036816, ""transport"": 0.015542900928685544}","{""energy"": 0.0, ""water"": 0.0, ""transport"": 0.0}","{""energy"": 0.0, ""water"": 0.0, ""transport"": 0.0}","{""energy"": 0.0, ""water"": 0.0, ""transport"": 0.0}",0.3,0.1,,0.38314666666666675,1.0,0.6168533333333333,1,"{""energy"": 0.6666666666666667, ""water"": 0.05493333333333334, ""transport"": 0.33333333333333337}","{""energy"": 1.0, ""water"": 1.0, ""transport"": 1.0}","{""energy"": 0.33333333333333326, ""water"": 0.9450666666666666, ""transport"": 0.6666666666666666}",12,0.4212477778621202,,,[],,v2.0,0.7,0.3
S4_water_partial,143,143,12024434515397110655,scenario=S4_water_partial|method=both|duration=0|theta=0.300000|delta_threshold=0.100000|A=v2.0|w=na|run_id=143|seed=12024434515397110655,False,"{""step_1_amount"": 0.45267799220785304}",033832c9a51598bd69064fc3910037f6fde292830c04f0066e6d9779dc60f4ca,0.38314666666666675,0.5378424504461196,0.1546957837794528,16,0.0,0.0,0.38314666666666675,0.5378424504461196,0,1,0.1546957837794528,"{""energy"": 0.6666666666666667, ""water"": 0.05493333333333334, ""transport"": 0.33333333333333337}","{""energy"": 0.7691907620050031, ""water"": 0.3707808235931497, ""transport"": 0.39643966188724467}","{""energy"": 0.1025240953383364, ""water"": 0.31584749025981634, ""transport"": 0.0631063285539113}","{""energy"": 0.0, ""water"": 0.0, ""transport"": 0.0}","{""energy"": 0.0, ""water"": 0.0, ""transport"": 0.0}","{""energy"": 0.0, ""water"": 0.0, ""transport"": 0.0}",0.3,0.1,,0.38314666666666675,1.0,0.6168533333333333,1,"{""energy"": 0.6666666666666667, ""water"": 0.05493333333333334, ""transport"": 0.33333333333333337}","{""energy"": 1.0, ""water"": 1.0, ""transport"": 1.0}","{""energy"": 0.33333333333333326, ""water"": 0.9450666666666666, ""transport"": 0.6666666666666666}",9,0.5378424504461196,,,[],,v2.0,0.7,0.3
S4_water_partial,144,144,15877768168412601776,scenario=S4_water_partial|method=both|duration=0|theta=0.300000|delta_threshold=0.100000|A=v2.0|w=na|run_id=144|seed=15877768168412601776,False,"{""step_1_amount"": 0.21500845322932144}",033832c9a51598bd69064fc3910037f6fde292830c04f0066e6d9779dc60f4ca,0.38314666666666675,0.3923352169449881,0.009188550278321328,20,0.0,0.0,0.38314666666666675,0.3923352169449881,0,0,0.009188550278321328,"{""energy"": 0.6666666666666667, ""water"": 0.05493333333333334, ""transport"": 0.33333333333333337}","{""energy"": 0.6727563465644639, ""water"": 0.07369389986998522, ""transport"": 0.3370816945273564}","{""energy"": 0.0060896798977971844, ""water"": 0.018760566536651875, ""transport"": 0.0037483611940230532}","{""energy"": 0.0, ""water"": 0.0, ""transport"": 0.0}","{""energy"": 0.0, ""water"": 0.0, ""transport"": 0.0}","{""energy"": 0.0, ""water"": 0.0, ""transport"": 0.0}",0.3,0.1,,0.38314666666666675,1.0,0.6168533333333333,1,"{""energy"": 0.6666666666666667, ""water"": 0.05493333333333334, ""transport"": 0.33333333333333337}","{""energy"": 1.0, ""water"": 1.0, ""transport"": 1.0}","{""energy"": 0.33333333333333326, ""water"": 0.9450666666666666, ""transport"": 0.6666666666666666}",12,0.3923352169449881,,,[],,v2.0,0.7,0.3
S4_water_partial,145,145,10480039505632544111,scenario=S4_water_partial|method=both|duration=0|theta=0.300000|delta_threshold=0.100000|A=v2.0|w=na|run_id=145|seed=10480039505632544111,False,"{""step_1_amount"": 1.04011055426663}",033832c9a51598bd69064fc3910037f6fde292830c04f0066e6d9779dc60f4ca,0.38314666666666675,0.8564466666666667,0.47329999999999994,28,0.0,1.0,0.38314666666666675,0.8564466666666667,1,1,0.47329999999999994,"{""energy"": 0.6666666666666667, ""water"": 0.05493333333333334, ""transport"": 0.33333333333333337}","{""energy"": 0.9912666666666667, ""water"": 1.0, ""transport"": 0.5331333333333333}","{""energy"": 0.3246, ""water"": 0.9450666666666666, ""transport"": 0.19979999999999998}","{""energy"": 0.0, ""water"": 0.0, ""transport"": 0.0}","{""energy"": 1.0, ""water"": 1.0, ""transport"": 1.0}","{""energy"": 1.0, ""water"": 1.0, ""transport"": 1.0}",0.3,0.1,,0.38314666666666675,1.0,0.6168533333333333,1,"{""energy"": 0.6666666666666667, ""water"": 0.05493333333333334, ""transport"": 0.33333333333333337}","{""energy"": 1.0, ""water"": 1.0, ""transport"": 1.0}","{""energy"": 0.33333333333333326, ""water"": 0.9450666666666666, ""transport"": 0.6666666666666666}",3,0.8564466666666667,,,"[""energy"", ""transport""]",1,v2.0,0.7,0.3
S4_water_partial,146,146,822849900845961177,scenario=S4_water_partial|method=both|duration=0|theta=0.300000|delta_threshold=0.100000|A=v2.0|w=na|run_id=146|seed=822849900845961177,False,"{""step_1_amount"": 0.4405770852959075}",033832c9a51598bd69064fc3910037f6fde292830c04f0066e6d9779dc60f4ca,0.38314666666666675,0.5304339727119537,0.14728730604528695,29,0.0,0.0,0.38314666666666675,0.5304339727119537,0,0,0.14728730604528695,"{""energy"": 0.6666666666666667, ""water"": 0.05493333333333334, ""transport"": 0.33333333333333337}","{""energy"": 0.7642808190254813, ""water"": 0.35565468995321775, ""transport"": 0.3934174603859863}","{""energy"": 0.09761415235881454, ""water"": 0.3007213566198844, ""transport"": 0.060084127052652925}","{""energy"": 0.0, ""water"": 0.0, ""transport"": 0.0}","{""energy"": 0.0, ""water"": 0.0, ""transport"": 0.0}","{""energy"": 0.0, ""water"": 0.0, ""transport"": 0.0}",0.3,0.1,,0.38314666666666675,1.0,0.6168533333333333,1,"{""energy"": 0.6666666666666667, ""water"": 0.05493333333333334, ""transport"": 0.33333333333333337}","{""energy"": 1.0, ""water"": 1.0, ""transport"": 1.0}","{""energy"": 0.33333333333333326, ""water"": 0.9450666666666666, ""transport"": 0.6666666666666666}",9,0.5304339727119537,,,[],,v2.0,0.7,0.3
S4_water_partial,147,147,11435354437101248179,scenario=S4_water_partial|method=both|duration=0|theta=0.300000|delta_threshold=0.100000|A=v2.0|w=na|run_id=147|seed=11435354437101248179,False,"{""step_1_amount"": 0.7265063527720899}",033832c9a51598bd69064fc3910037f6fde292830c04f0066e6d9779dc60f4ca,0.38314666666666675,0.7054870184925595,0.3223403518258927,28,0.0,0.0,0.38314666666666675,0.7054870184925595,0,1,0.3223403518258927,"{""energy"": 0.6666666666666667, ""water"": 0.05493333333333334, ""transport"": 0.33333333333333337}","{""energy"": 0.8802966193039422, ""water"": 0.7130662742984457, ""transport"": 0.4648282949381628}","{""energy"": 0.21362995263727547, ""water"": 0.6581329409651123, ""transport"": 0.13149496160482943}","{""energy"": 0.0, ""water"": 0.0, ""transport"": 0.0}","{""energy"": 0.0, ""water"": 0.0, ""transport"": 0.0}","{""energy"": 0.0, ""water"": 0.0, ""transport"": 0.0}",0.3,0.1,,0.38314666666666675,1.0,0.6168533333333333,1,"{""energy"": 0.6666666666666667, ""water"": 0.05493333333333334, ""transport"": 0.33333333333333337}","{""energy"": 1.0, ""water"": 1.0, ""transport"": 1.0}","{""energy"": 0.33333333333333326, ""water"": 0.9450666666666666, ""transport"": 0.6666666666666666}",5,0.7054870184925595,,,[],,v2.0,0.7,0.3
S4_water_partial,148,148,11413463212792128670,scenario=S4_water_partial|method=both|duration=0|theta=0.300000|delta_threshold=0.100000|A=v2.0|w=na|run_id=148|seed=11413463212792128670,False,"{""step_1_amount"": 0.6185216490971063}",033832c9a51598bd69064fc3910037f6fde292830c04f0066e6d9779dc60f4ca,0.38314666666666675,0.6393760832851426,0.25622941661847587,24,0.0,0.0,0.38314666666666675,0.6393760832851426,0,1,0.25622941661847587,"{""energy"": 0.6666666666666667, ""water"": 0.05493333333333334, ""transport"": 0.33333333333333337}","{""energy"": 0.8364818257878176, ""water"": 0.5780853947047163, ""transport"": 0.4378591151953357}","{""energy"": 0.16981515912115086, ""water"": 0.5231520613713829, ""transport"": 0.10452578186200234}","{""energy"": 0.0, ""water"": 0.0, ""transport"": 0.0}","{""energy"": 0.0, ""water"": 0.0, ""transport"": 0.0}","{""energy"": 0.0, ""water"": 0.0, ""transport"": 0.0}",0.3,0.1,,0.38314666666666675,1.0,0.6168533333333333,1,"{""energy"": 0.6666666666666667, ""water"": 0.05493333333333334, ""transport"": 0.33333333333333337}","{""energy"": 1.0, ""water"": 1.0, ""transport"": 1.0}","{""energy"": 0.33333333333333326, ""water"": 0.9450666666666666, ""transport"": 0.6666666666666666}",7,0.6393760832851426,,,[],,v2.0,0.7,0.3
S4_water_partial,149,149,18175719327112939914,scenario=S4_water_partial|method=both|duration=0|theta=0.300000|delta_threshold=0.100000|A=v2.0|w=na|run_id=149|seed=18175719327112939914,False,"{""step_1_amount"": 0.7903325528939252}",033832c9a51598bd69064fc3910037f6fde292830c04f0066e6d9779dc60f4ca,0.38314666666666675,0.7445630138621501,0.3614163471954833,17,0.0,1.0,0.38314666666666675,0.7445630138621501,1,1,0.3614163471954833,"{""energy"": 0.6666666666666667, ""water"": 0.05493333333333334, ""transport"": 0.33333333333333337}","{""energy"": 0.9061941000033769, ""water"": 0.7928490244507399, ""transport"": 0.4807688884185912}","{""energy"": 0.23952743333671012, ""water"": 0.7379156911174065, ""transport"": 0.14743555508525785}","{""energy"": 0.0, ""water"": 0.0, ""transport"": 0.0}","{""energy"": 1.0, ""water"": 1.0, ""transport"": 1.0}","{""energy"": 1.0, ""water"": 1.0, ""transport"": 1.0}",0.3,0.1,,0.38314666666666675,1.0,0.6168533333333333,1,"{""energy"": 0.6666666666666667, ""water"": 0.05493333333333334, ""transport"": 0.33333333333333337}","{""energy"": 1.0, ""water"": 1.0, ""transport"": 1.0}","{""energy"": 0.33333333333333326, ""water"": 0.9450666666666666, ""transport"": 0.6666666666666666}",5,0.7445630138621501,,,"[""energy"", ""transport""]",1,v2.0,0.7,0.3
S4_water_partial,150,150,10968740323505239820,scenario=S4_water_partial|method=both|duration=0|theta=0.300000|delta_threshold=0.100000|A=v2.0|w=na|run_id=150|seed=10968740323505239820,False,"{""step_1_amount"": 0.6454604547687836}",033832c9a51598bd69064fc3910037f6fde292830c04f0066e6d9779dc60f4ca,0.38314666666666675,0.6558686935874852,0.2727220269208185,22,0.0,0.0,0.38314666666666675,0.6558686935874852,0,1,0.2727220269208185,"{""energy"": 0.6666666666666667, ""water"": 0.05493333333333334, ""transport"": 0.33333333333333337}","{""energy"": 0.8474122461891007, ""water"": 0.6117589017943128, ""transport"": 0.44458708191183705}","{""energy"": 0.18074557952243397, ""water"": 0.5568255684609794, ""transport"": 0.11125374857850368}","{""energy"": 0.0, ""water"": 0.0, ""transport"": 0.0}","{""energy"": 0.0, ""water"": 0.0, ""transport"": 0.0}","{""energy"": 0.0, ""water"": 0.0, ""transport"": 0.0}",0.3,0.1,,0.38314666666666675,1.0,0.6168533333333333,1,"{""energy"": 0.6666666666666667, ""water"": 0.05493333333333334, ""transport"": 0.33333333333333337}","{""energy"": 1.0, ""water"": 1.0, ""transport"": 1.0}","{""energy"": 0.33333333333333326, ""water"": 0.9450666666666666, ""transport"": 0.6666666666666666}",7,0.6558686935874852,,,[],,v2.0,0.7,0.3
S4_water_partial,151,151,3015616862458464141,scenario=S4_water_partial|method=both|duration=0|theta=0.300000|delta_threshold=0.100000|A=v2.0|w=na|run_id=151|seed=3015616862458464141,False,"{""step_1_amount"": 0.5190815301034575}",033832c9a51598bd69064fc3910037f6fde292830c04f0066e6d9779dc60f4ca,0.38314666666666675,0.5784963564342559,0.19534968976758915,29,0.0,0.0,0.38314666666666675,0.5784963564342559,0,1,0.19534968976758915,"{""energy"": 0.6666666666666667, ""water"": 0.05493333333333334, ""transport"": 0.33333333333333337}","{""energy"": 0.7961339975061446, ""water"": 0.4537852459626551, ""transport"": 0.41302394547667187}","{""energy"": 0.1294673308394778, ""water"": 0.3988519126293218, ""transport"": 0.0796906121433385}","{""energy"": 0.0, ""water"": 0.0, ""transport"": 0.0}","{""energy"": 0.0, ""water"": 0.0, ""transport"": 0.0}","{""energy"": 0.0, ""water"": 0.0, ""transport"": 0.0}",0.3,0.1,,0.38314666666666675,1.0,0.6168533333333333,1,"{""energy"": 0.6666666666666667, ""water"": 0.05493333333333334, ""transport"": 0.33333333333333337}","{""energy"": 1.0, ""water"": 1.0, ""transport"": 1.0}","{""energy"": 0.33333333333333326, ""water"": 0.9450666666666666, ""transport"": 0.6666666666666666}",8,0.5784963564342559,,,[],,v2.0,0.7,0.3
S4_water_partial,152,152,6999988379906346185,scenario=S4_water_partial|method=both|duration=0|theta=0.300000|delta_threshold=0.100000|A=v2.0|w=na|run_id=152|seed=6999988379906346185,False,"{""step_1_amount"": 0.7231987557394003}",033832c9a51598bd69064fc3910037f6fde292830c04f0066e6d9779dc60f4ca,0.38314666666666675,0.7034620248992212,0.3203153582325544,13,0.0,0.0,0.38314666666666675,0.7034620248992212,0,1,0.3203153582325544,"{""energy"": 0.6666666666666667, ""water"": 0.05493333333333334, ""transport"": 0.33333333333333337}","{""energy"": 0.8789545618079284, ""water"": 0.7089317780075838, ""transport"": 0.4640022225792486}","{""energy"": 0.21228789514126167, ""water"": 0.6539984446742504, ""transport"": 0.13066888924591524}","{""energy"": 0.0, ""water"": 0.0, ""transport"": 0.0}","{""energy"": 0.0, ""water"": 0.0, ""transport"": 0.0}","{""energy"": 0.0, ""water"": 0.0, ""transport"": 0.0}",0.3,0.1,,0.38314666666666675,1.0,0.6168533333333333,1,"{""energy"": 0.6666666666666667, ""water"": 0.05493333333333334, ""transport"": 0.33333333333333337}","{""energy"": 1.0, ""water"": 1.0, ""transport"": 1.0}","{""energy"": 0.33333333333333326, ""water"": 0.9450666666666666, ""transport"": 0.6666666666666666}",6,0.7034620248992212,,,[],,v2.0,0.7,0.3
S4_water_partial,153,153,14151184482484555075,scenario=S4_water_partial|method=both|duration=0|theta=0.300000|delta_threshold=0.100000|A=v2.0|w=na|run_id=153|seed=14151184482484555075,False,"{""step_1_amount"": 0.5748143558027181}",033832c9a51598bd69064fc3910037f6fde292830c04f0066e6d9779dc60f4ca,0.38314666666666675,0.6126173856479857,0.229470718981319,15,0.0,0.0,0.38314666666666675,0.6126173856479857,0,1,0.229470718981319,"{""energy"": 0.6666666666666667, ""water"": 0.05493333333333334, ""transport"": 0.33333333333333337}","{""energy"": 0.8187475915336195, ""water"": 0.523451278086731, ""transport"": 0.42694321869506224}","{""energy"": 0.1520809248669528, ""water"": 0.46851794475339764, ""transport"": 0.09360988536172887}","{""energy"": 0.0, ""water"": 0.0, ""transport"": 0.0}","{""energy"": 0.0, ""water"": 0.0, ""transport"": 0.0}","{""energy"": 0.0, ""water"": 0.0, ""transport"": 0.0}",0.3,0.1,,0.38314666666666675,1.0,0.6168533333333333,1,"{""energy"": 0.6666666666666667, ""water"": 0.05493333333333334, ""transport"": 0.33333333333333337}","{""energy"": 1.0, ""water"": 1.0, ""transport"": 1.0}","{""energy"": 0.33333333333333326, ""water"": 0.9450666666666666, ""transport"": 0.6666666666666666}",7,0.6126173856479857,,,[],,v2.0,0.7,0.3
S4_water_partial,154,154,14887914507551434128,scenario=S4_water_partial|method=both|duration=0|theta=0.300000|delta_threshold=0.100000|A=v2.0|w=na|run_id=154|seed=14887914507551434128,False,"{""step_1_amount"": 0.40494900917558546}",033832c9a51598bd69064fc3910037f6fde292830c04f0066e6d9779dc60f4ca,0.38314666666666675,0.5086215738091895,0.12547490714252274,18,0.0,0.0,0.38314666666666675,0.5086215738091895,0,0,0.12547490714252274,"{""energy"": 0.6666666666666667, ""water"": 0.05493333333333334, ""transport"": 0.33333333333333337}","{""energy"": 0.7498247271396605, ""water"": 0.3111195948028151, ""transport"": 0.38451934837493584}","{""energy"": 0.08315806047299379, ""water"": 0.25618626146948176, ""transport"": 0.05118601504160247}","{""energy"": 0.0, ""water"": 0.0, ""transport"": 0.0}","{""energy"": 0.0, ""water"": 0.0, ""transport"": 0.0}","{""energy"": 0.0, ""water"": 0.0, ""transport"": 0.0}",0.3,0.1,,0.38314666666666675,1.0,0.6168533333333333,1,"{""energy"": 0.6666666666666667, ""water"": 0.05493333333333334, ""transport"": 0.33333333333333337}","{""energy"": 1.0, ""water"": 1.0, ""transport"": 1.0}","{""energy"": 0.33333333333333326, ""water"": 0.9450666666666666, ""transport"": 0.6666666666666666}",10,0.5086215738091895,,,[],,v2.0,0.7,0.3
S4_water_partial,155,155,12106453989289032113,scenario=S4_water_partial|method=both|duration=0|theta=0.300000|delta_threshold=0.100000|A=v2.0|w=na|run_id=155|seed=12106453989289032113,False,"{""step_1_amount"": 0.4520655589159904}",033832c9a51598bd69064fc3910037f6fde292830c04f0066e6d9779dc60f4ca,0.38314666666666675,0.537467503474009,0.1543208368073422,18,0.0,0.0,0.38314666666666675,0.537467503474009,0,1,0.1543208368073422,"{""energy"": 0.6666666666666667, ""water"": 0.05493333333333334, ""transport"": 0.33333333333333337}","{""energy"": 0.7689422671968298, ""water"": 0.37001528197832123, ""transport"": 0.39628670667260196}","{""energy"": 0.10227560053016305, ""water"": 0.3150819486449879, ""transport"": 0.06295337333926859}","{""energy"": 0.0, ""water"": 0.0, ""transport"": 0.0}","{""energy"": 0.0, ""water"": 0.0, ""transport"": 0.0}","{""energy"": 0.0, ""water"": 0.0, ""transport"": 0.0}",0.3,0.1,,0.38314666666666675,1.0,0.6168533333333333,1,"{""energy"": 0.6666666666666667, ""water"": 0.05493333333333334, ""transport"": 0.33333333333333337}","{""energy"": 1.0, ""water"": 1.0, ""transport"": 1.0}","{""energy"": 0.33333333333333326, ""water"": 0.9450666666666666, ""transport"": 0.6666666666666666}",9,0.537467503474009,,,[],,v2.0,0.7,0.3
S4_water_partial,156,156,9134063263097761689,scenario=S4_water_partial|method=both|duration=0|theta=0.300000|delta_threshold=0.100000|A=v2.0|w=na|run_id=156|seed=9134063263097761689,False,"{""step_1_amount"": 0.7919588328022871}",033832c9a51598bd69064fc3910037f6fde292830c04f0066e6d9779dc60f4ca,0.38314666666666675,0.7455586630790468,0.3624119964123801,11,0.0,1.0,0.38314666666666675,0.7455586630790468,1,1,0.3624119964123801,"{""energy"": 0.6666666666666667, ""water"": 0.05493333333333334, ""transport"": 0.33333333333333337}","{""energy"": 0.9068539630761947, ""water"": 0.7948818743361922, ""transport"": 0.4811750518257045}","{""energy"": 0.24018729640952796, ""water"": 0.7399485410028588, ""transport"": 0.14784171849237115}","{""energy"": 0.0, ""water"": 0.0, ""transport"": 0.0}","{""energy"": 1.0, ""water"": 1.0, ""transport"": 1.0}","{""energy"": 1.0, ""water"": 1.0, ""transport"": 1.0}",0.3,0.1,,0.38314666666666675,1.0,0.6168533333333333,1,"{""energy"": 0.6666666666666667, ""water"": 0.05493333333333334, ""transport"": 0.33333333333333337}","{""energy"": 1.0, ""water"": 1.0, ""transport"": 1.0}","{""energy"": 0.33333333333333326, ""water"": 0.9450666666666666, ""transport"": 0.6666666666666666}",5,0.7455586630790468,,,"[""energy"", ""transport""]",1,v2.0,0.7,0.3
S4_water_partial,157,157,12549063340412504958,scenario=S4_water_partial|method=both|duration=0|theta=0.300000|delta_threshold=0.100000|A=v2.0|w=na|run_id=157|seed=12549063340412504958,False,"{""step_1_amount"": 1.0780674598709967}",033832c9a51598bd69064fc3910037f6fde292830c04f0066e6d9779dc60f4ca,0.38314666666666675,0.8564466666666667,0.47329999999999994,12,0.0,1.0,0.38314666666666675,0.8564466666666667,1,1,0.47329999999999994,"{""energy"": 0.6666666666666667, ""water"": 0.05493333333333334, ""transport"": 0.33333333333333337}","{""energy"": 0.9912666666666667, ""water"": 1.0, ""transport"": 0.5331333333333333}","{""energy"": 0.3246, ""water"": 0.9450666666666666, ""transport"": 0.19979999999999998}","{""energy"": 0.0, ""water"": 0.0, ""transport"": 0.0}","{""energy"": 1.0, ""water"": 1.0, ""transport"": 1.0}","{""energy"": 1.0, ""water"": 1.0, ""transport"": 1.0}",0.3,0.1,,0.38314666666666675,1.0,0.6168533333333333,1,"{""energy"": 0.6666666666666667, ""water"": 0.05493333333333334, ""transport"": 0.33333333333333337}","{""energy"": 1.0, ""water"": 1.0, ""transport"": 1.0}","{""energy"": 0.33333333333333326, ""water"": 0.9450666666666666, ""transport"": 0.6666666666666666}",3,0.8564466666666667,,,"[""energy"", ""transport""]",1,v2.0,0.7,0.3
S4_water_partial,158,158,2822720678171713138,scenario=S4_water_partial|method=both|duration=0|theta=0.300000|delta_threshold=0.100000|A=v2.0|w=na|run_id=158|seed=2822720678171713138,False,"{""step_1_amount"": 0.705732453126642}",033832c9a51598bd69064fc3910037f6fde292830c04f0066e6d9779dc60f4ca,0.38314666666666675,0.6927687177821251,0.3096220511154584,16,0.0,0.0,0.38314666666666675,0.6927687177821251,0,1,0.3096220511154584,"{""energy"": 0.6666666666666667, ""water"": 0.05493333333333334, ""transport"": 0.33333333333333337}","{""energy"": 0.8718676095228017, ""water"": 0.6870988997416358, ""transport"": 0.45964001350171224}","{""energy"": 0.205200942856135, ""water"": 0.6321655664083025, ""transport"": 0.12630668016837887}","{""energy"": 0.0, ""water"": 0.0, ""transport"": 0.0}","{""energy"": 0.0, ""water"": 0.0, ""transport"": 0.0}","{""energy"": 0.0, ""water"": 0.0, ""transport"": 0.0}",0.3,0.1,,0.38314666666666675,1.0,0.6168533333333333,1,"{""energy"": 0.6666666666666667, ""water"": 0.05493333333333334, ""transport"": 0.33333333333333337}","{""energy"": 1.0, ""water"": 1.0, ""transport"": 1.0}","{""energy"": 0.33333333333333326, ""water"": 0.9450666666666666, ""transport"": 0.6666666666666666}",6,0.6927687177821251,,,[],,v2.0,0.7,0.3
S4_water_partial,159,159,16547813494320969182,scenario=S4_water_partial|method=both|duration=0|theta=0.300000|delta_threshold=0.100000|A=v2.0|w=na|run_id=159|seed=16547813494320969182,False,"{""step_1_amount"": 0.11435969179086304}",033832c9a51598bd69064fc3910037f6fde292830c04f0066e6d9779dc60f4ca,0.38314666666666675,0.38314666666666675,0.0,16,0.0,0.0,0.38314666666666675,0.38314666666666675,0,0,0.0,"{""energy"": 0.6666666666666667, ""water"": 0.05493333333333334, ""transport"": 0.33333333333333337}","{""energy"": 0.6666666666666667, ""water"": 0.05493333333333334, ""transport"": 0.33333333333333337}","{""energy"": 0.0, ""water"": 0.0, ""transport"": 0.0}","{""energy"": 0.0, ""water"": 0.0, ""transport"": 0.0}","{""energy"": 0.0, ""water"": 0.0, ""transport"": 0.0}","{""energy"": 0.0, ""water"": 0.0, ""transport"": 0.0}",0.3,0.1,,0.38314666666666675,1.0,0.6168533333333333,1,"{""energy"": 0.6666666666666667, ""water"": 0.05493333333333334, ""transport"": 0.33333333333333337}","{""energy"": 1.0, ""water"": 1.0, ""transport"": 1.0}","{""energy"": 0.33333333333333326, ""water"": 0.9450666666666666, ""transport"": 0.6666666666666666}",13,0.38314666666666675,,,[],,v2.0,0.7,0.3
S4_water_partial,160,160,1026292351187235597,scenario=S4_water_partial|method=both|duration=0|theta=0.300000|delta_threshold=0.100000|A=v2.0|w=na|run_id=160|seed=1026292351187235597,False,"{""step_1_amount"": 0.482614714984175}",033832c9a51598bd69064fc3910037f6fde292830c04f0066e6d9779dc60f4ca,0.38314666666666675,0.5561704605478532,0.1730237938811865,27,0.0,0.0,0.38314666666666675,0.5561704605478532,0,1,0.1730237938811865,"{""energy"": 0.6666666666666667, ""water"": 0.05493333333333334, ""transport"": 0.33333333333333337}","{""energy"": 0.7813375872714957, ""water"": 0.408201727063552, ""transport"": 0.40391635840063106}","{""energy"": 0.11467092060482897, ""water"": 0.3532683937302187, ""transport"": 0.07058302506729769}","{""energy"": 0.0, ""water"": 0.0, ""transport"": 0.0}","{""energy"": 0.0, ""water"": 0.0, ""transport"": 0.0}","{""energy"": 0.0, ""water"": 0.0, ""transport"": 0.0}",0.3,0.1,,0.38314666666666675,1.0,0.6168533333333333,1,"{""energy"": 0.6666666666666667, ""water"": 0.05493333333333334, ""transport"": 0.33333333333333337}","{""energy"": 1.0, ""water"": 1.0, ""transport"": 1.0}","{""energy"": 0.33333333333333326, ""water"": 0.9450666666666666, ""transport"": 0.6666666666666666}",9,0.5561704605478532,,,[],,v2.0,0.7,0.3
S4_water_partial,161,161,7309096543448563349,scenario=S4_water_partial|method=both|duration=0|theta=0.300000|delta_threshold=0.100000|A=v2.0|w=na|run_id=161|seed=7309096543448563349,False,"{""step_1_amount"": 0.6878635766997065}",033832c9a51598bd69064fc3910037f6fde292830c04f0066e6d9779dc60f4ca,0.38314666666666675,0.6818289449116446,0.29868227824497784,12,0.0,0.0,0.38314666666666675,0.6818289449116446,0,1,0.29868227824497784,"{""energy"": 0.6666666666666667, ""water"": 0.05493333333333334, ""transport"": 0.33333333333333337}","{""energy"": 0.8646173129125727, ""water"": 0.6647628042079665, ""transport"": 0.45517726161408506}","{""energy"": 0.19795064624590597, ""water"": 0.6098294708746331, ""transport"": 0.12184392828075169}","{""energy"": 0.0, ""water"": 0.0, ""transport"": 0.0}","{""energy"": 0.0, ""water"": 0.0, ""transport"": 0.0}","{""energy"": 0.0, ""water"": 0.0, ""transport"": 0.0}",0.3,0.1,,0.38314666666666675,1.0,0.6168533333333333,1,"{""energy"": 0.6666666666666667, ""water"": 0.05493333333333334, ""transport"": 0.33333333333333337}","{""energy"": 1.0, ""water"": 1.0, ""transport"": 1.0}","{""energy"": 0.33333333333333326, ""water"": 0.9450666666666666, ""transport"": 0.6666666666666666}",6,0.6818289449116446,,,[],,v2.0,0.7,0.3
S4_water_partial,162,162,15256891086887283819,scenario=S4_water_partial|method=both|duration=0|theta=0.300000|delta_threshold=0.100000|A=v2.0|w=na|run_id=162|seed=15256891086887283819,False,"{""step_1_amount"": 0.6022249923627364}",033832c9a51598bd69064fc3910037f6fde292830c04f0066e6d9779dc60f4ca,0.38314666666666675,0.6293988626159431,0.2462521959492764,28,0.0,0.0,0.38314666666666675,0.6293988626159431,0,1,0.2462521959492764,"{""energy"": 0.6666666666666667, ""water"": 0.05493333333333334, ""transport"": 0.33333333333333337}","{""energy"": 0.8298694573178471, ""water"": 0.5577145737867539, ""transport"": 0.43378902517592677}","{""energy"": 0.16320279065118037, ""water"": 0.5027812404534205, ""transport"": 0.1004556918425934}","{""energy"": 0.0, ""water"": 0.0, ""transport"": 0.0}","{""energy"": 0.0, ""water"": 0.0, ""transport"": 0.0}","{""energy"": 0.0, ""water"": 0.0, ""transport"": 0.0}",0.3,0.1,,0.38314666666666675,1.0,0.6168533333333333,1,"{""energy"": 0.6666666666666667, ""water"": 0.05493333333333334, ""transport"": 0.33333333333333337}","{""energy"": 1.0, ""water"": 1.0, ""transport"": 1.0}","{""energy"": 0.33333333333333326, ""water"": 0.9450666666666666, ""transport"": 0.6666666666666666}",7,0.6293988626159431,,,[],,v2.0,0.7,0.3
S4_water_partial,163,163,6492862095374446957,scenario=S4_water_partial|method=both|duration=0|theta=0.300000|delta_threshold=0.100000|A=v2.0|w=na|run_id=163|seed=6492862095374446957,False,"{""step_1_amount"": 0.7211256203992965}",033832c9a51598bd69064fc3910037f6fde292830c04f0066e6d9779dc60f4ca,0.38314666666666675,0.7021927996156261,0.31904613294895934,30,0.0,0.0,0.38314666666666675,0.7021927996156261,0,1,0.31904613294895934,"{""energy"": 0.6666666666666667, ""water"": 0.05493333333333334, ""transport"": 0.33333333333333337}","{""energy"": 0.8781133871436813, ""water"": 0.706340358832454, ""transport"": 0.4634844570280577}","{""energy"": 0.21144672047701452, ""water"": 0.6514070254991207, ""transport"": 0.1301511236947243}","{""energy"": 0.0, ""water"": 0.0, ""transport"": 0.0}","{""energy"": 0.0, ""water"": 0.0, ""transport"": 0.0}","{""energy"": 0.0, ""water"": 0.0, ""transport"": 0.0}",0.3,0.1,,0.38314666666666675,1.0,0.6168533333333333,1,"{""energy"": 0.6666666666666667, ""water"": 0.05493333333333334, ""transport"": 0.33333333333333337}","{""energy"": 1.0, ""water"": 1.0, ""transport"": 1.0}","{""energy"": 0.33333333333333326, ""water"": 0.9450666666666666, ""transport"": 0.6666666666666666}",6,0.7021927996156261,,,[],,v2.0,0.7,0.3
S4_water_partial,164,164,1294763237732403702,scenario=S4_water_partial|method=both|duration=0|theta=0.300000|delta_threshold=0.100000|A=v2.0|w=na|run_id=164|seed=1294763237732403702,False,"{""step_1_amount"": 0.9750586482788159}",033832c9a51598bd69064fc3910037f6fde292830c04f0066e6d9779dc60f4ca,0.38314666666666675,0.8505299545046088,0.46738328783794203,5,0.0,1.0,0.38314666666666675,0.8505299545046088,1,1,0.46738328783794203,"{""energy"": 0.6666666666666667, ""water"": 0.05493333333333334, ""transport"": 0.33333333333333337}","{""energy"": 0.9811467132057963, ""water"": 1.0, ""transport"": 0.5269042307409677}","{""energy"": 0.31448004653912953, ""water"": 0.9450666666666666, ""transport"": 0.19357089740763433}","{""energy"": 0.0, ""water"": 0.0, ""transport"": 0.0}","{""energy"": 1.0, ""water"": 1.0, ""transport"": 1.0}","{""energy"": 1.0, ""water"": 1.0, ""transport"": 1.0}",0.3,0.1,,0.38314666666666675,1.0,0.6168533333333333,1,"{""energy"": 0.6666666666666667, ""water"": 0.05493333333333334, ""transport"": 0.33333333333333337}","{""energy"": 1.0, ""water"": 1.0, ""transport"": 1.0}","{""energy"": 0.33333333333333326, ""water"": 0.9450666666666666, ""transport"": 0.6666666666666666}",3,0.8505299545046088,,,"[""energy"", ""transport""]",1,v2.0,0.7,0.3
S4_water_partial,165,165,261705463904703409,scenario=S4_water_partial|method=both|duration=0|theta=0.300000|delta_threshold=0.100000|A=v2.0|w=na|run_id=165|seed=261705463904703409,False,"{""step_1_amount"": 0.38324353605323697}",033832c9a51598bd69064fc3910037f6fde292830c04f0066e6d9779dc60f4ca,0.38314666666666675,0.4953329405268597,0.11218627386019298,30,0.0,0.0,0.38314666666666675,0.4953329405268597,0,0,0.11218627386019298,"{""energy"": 0.6666666666666667, ""water"": 0.05493333333333334, ""transport"": 0.33333333333333337}","{""energy"": 0.7410177314202676, ""water"": 0.2839877533998796, ""transport"": 0.3790984064626293}","{""energy"": 0.07435106475360087, ""water"": 0.22905442006654625, ""transport"": 0.04576507312929595}","{""energy"": 0.0, ""water"": 0.0, ""transport"": 0.0}","{""energy"": 0.0, ""water"": 0.0, ""transport"": 0.0}","{""energy"": 0.0, ""water"": 0.0, ""transport"": 0.0}",0.3,0.1,,0.38314666666666675,1.0,0.6168533333333333,1,"{""energy"": 0.6666666666666667, ""water"": 0.05493333333333334, ""transport"": 0.33333333333333337}","{""energy"": 1.0, ""water"": 1.0, ""transport"": 1.0}","{""energy"": 0.33333333333333326, ""water"": 0.9450666666666666, ""transport"": 0.6666666666666666}",10,0.4953329405268597,,,[],,v2.0,0.7,0.3
S4_water_partial,166,166,8277001547369344569,scenario=S4_water_partial|method=both|duration=0|theta=0.300000|delta_threshold=0.100000|A=v2.0|w=na|run_id=166|seed=8277001547369344569,False,"{""step_1_amount"": 1.2037323916457912}",033832c9a51598bd69064fc3910037f6fde292830c04f0066e6d9779dc60f4ca,0.38314666666666675,0.8564466666666667,0.47329999999999994,5,0.0,1.0,0.38314666666666675,0.8564466666666667,1,1,0.47329999999999994,"{""energy"": 0.6666666666666667, ""water"": 0.05493333333333334, ""transport"": 0.33333333333333337}","{""energy"": 0.9912666666666667, ""water"": 1.0, ""transport"": 0.5331333333333333}","{""energy"": 0.3246, ""water"": 0.9450666666666666, ""transport"": 0.19979999999999998}","{""energy"": 0.0, ""water"": 0.0, ""transport"": 0.0}","{""energy"": 1.0, ""water"": 1.0, ""transport"": 1.0}","{""energy"": 1.0, ""water"": 1.0, ""transport"": 1.0}",0.3,0.1,,0.38314666666666675,1.0,0.6168533333333333,1,"{""energy"": 0.6666666666666667, ""water"": 0.05493333333333334, ""transport"": 0.33333333333333337}","{""energy"": 1.0, ""water"": 1.0, ""transport"": 1.0}","{""energy"": 0.33333333333333326, ""water"": 0.9450666666666666, ""transport"": 0.6666666666666666}",3,0.8564466666666667,,,"[""energy"", ""transport""]",1,v2.0,0.7,0.3
S4_water_partial,167,167,10247379012770192258,scenario=S4_water_partial|method=both|duration=0|theta=0.300000|delta_threshold=0.100000|A=v2.0|w=na|run_id=167|seed=10247379012770192258,False,"{""step_1_amount"": 0.43994633193288635}",033832c9a51598bd69064fc3910037f6fde292830c04f0066e6d9779dc60f4ca,0.38314666666666675,0.530047809734278,0.14690114306761126,16,0.0,0.0,0.38314666666666675,0.530047809734278,0,0,0.14690114306761126,"{""energy"": 0.6666666666666667, ""water"": 0.05493333333333334, ""transport"": 0.33333333333333337}","{""energy"": 0.7640248908484354, ""water"": 0.35486624824944124, ""transport"": 0.3932599297335717}","{""energy"": 0.09735822418176865, ""water"": 0.2999329149161079, ""transport"": 0.05992659640023834}","{""energy"": 0.0, ""water"": 0.0, ""transport"": 0.0}","{""energy"": 0.0, ""water"": 0.0, ""transport"": 0.0}","{""energy"": 0.0, ""water"": 0.0, ""transport"": 0.0}",0.3,0.1,,0.38314666666666675,1.0,0.6168533333333333,1,"{""energy"": 0.6666666666666667, ""water"": 0.05493333333333334, ""transport"": 0.33333333333333337}","{""energy"": 1.0, ""water"": 1.0, ""transport"": 1.0}","{""energy"": 0.33333333333333326, ""water"": 0.9450666666666666, ""transport"": 0.6666666666666666}",9,0.530047809734278,,,[],,v2.0,0.7,0.3
S4_water_partial,168,168,10974135110597787909,scenario=S4_water_partial|method=both|duration=0|theta=0.300000|delta_threshold=0.100000|A=v2.0|w=na|run_id=168|seed=10974135110597787909,False,"{""step_1_amount"": 0.032132145095222296}",033832c9a51598bd69064fc3910037f6fde292830c04f0066e6d9779dc60f4ca,0.38314666666666675,0.38314666666666675,0.0,30,0.0,0.0,0.38314666666666675,0.38314666666666675,0,0,0.0,"{""energy"": 0.6666666666666667, ""water"": 0.05493333333333334, ""transport"": 0.33333333333333337}","{""energy"": 0.6666666666666667, ""water"": 0.05493333333333334, ""transport"": 0.33333333333333337}","{""energy"": 0.0, ""water"": 0.0, ""transport"": 0.0}","{""energy"": 0.0, ""water"": 0.0, ""transport"": 0.0}","{""energy"": 0.0, ""water"": 0.0, ""transport"": 0.0}","{""energy"": 0.0, ""water"": 0.0, ""transport"": 0.0}",0.3,0.1,,0.38314666666666675,1.0,0.6168533333333333,1,"{""energy"": 0.6666666666666667, ""water"": 0.05493333333333334, ""transport"": 0.33333333333333337}","{""energy"": 1.0, ""water"": 1.0, ""transport"": 1.0}","{""energy"": 0.33333333333333326, ""water"": 0.9450666666666666, ""transport"": 0.6666666666666666}",13,0.38314666666666675,,,[],,v2.0,0.7,0.3
S4_water_partial,169,169,5930033845584582276,scenario=S4_water_partial|method=both|duration=0|theta=0.300000|delta_threshold=0.100000|A=v2.0|w=na|run_id=169|seed=5930033845584582276,False,"{""step_1_amount"": 0.7902243165507907}",033832c9a51598bd69064fc3910037f6fde292830c04f0066e6d9779dc60f4ca,0.38314666666666675,0.7444967488669746,0.36135008220030784,14,0.0,1.0,0.38314666666666675,0.7444967488669746,1,1,0.36135008220030784,"{""energy"": 0.6666666666666667, ""water"": 0.05493333333333334, ""transport"": 0.33333333333333337}","{""energy"": 0.9061501831071501, ""water"": 0.7927137290218218, ""transport"": 0.4807418563918934}","{""energy"": 0.23948351644048338, ""water"": 0.7377803956884884, ""transport"": 0.14740852305856}","{""energy"": 0.0, ""water"": 0.0, ""transport"": 0.0}","{""energy"": 1.0, ""water"": 1.0, ""transport"": 1.0}","{""energy"": 1.0, ""water"": 1.0, ""transport"": 1.0}",0.3,0.1,,0.38314666666666675,1.0,0.6168533333333333,1,"{""energy"": 0.6666666666666667, ""water"": 0.05493333333333334, ""transport"": 0.33333333333333337}","{""energy"": 1.0, ""water"": 1.0, ""transport"": 1.0}","{""energy"": 0.33333333333333326, ""water"": 0.9450666666666666, ""transport"": 0.6666666666666666}",5,0.7444967488669746,,,"[""energy"", ""transport""]",1,v2.0,0.7,0.3
S4_water_partial,170,170,15238018040537367665,scenario=S4_water_partial|method=both|duration=0|theta=0.300000|delta_threshold=0.100000|A=v2.0|w=na|run_id=170|seed=15238018040537367665,False,"{""step_1_amount"": 0.41865146588385255}",033832c9a51598bd69064fc3910037f6fde292830c04f0066e6d9779dc60f4ca,0.38314666666666675,0.5170105603674083,0.1338638937007416,14,0.0,0.0,0.38314666666666675,0.5170105603674083,0,0,0.1338638937007416,"{""energy"": 0.6666666666666667, ""water"": 0.05493333333333334, ""transport"": 0.33333333333333337}","{""energy"": 0.7553844989490399, ""water"": 0.328247665688149, ""transport"": 0.3879415369378255}","{""energy"": 0.08871783228237318, ""water"": 0.27331433235481567, ""transport"": 0.054608203604492145}","{""energy"": 0.0, ""water"": 0.0, ""transport"": 0.0}","{""energy"": 0.0, ""water"": 0.0, ""transport"": 0.0}","{""energy"": 0.0, ""water"": 0.0, ""transport"": 0.0}",0.3,0.1,,0.38314666666666675,1.0,0.6168533333333333,1,"{""energy"": 0.6666666666666667, ""water"": 0.05493333333333334, ""transport"": 0.33333333333333337}","{""energy"": 1.0, ""water"": 1.0, ""transport"": 1.0}","{""energy"": 0.33333333333333326, ""water"": 0.9450666666666666, ""transport"": 0.6666666666666666}",9,0.5170105603674083,,,[],,v2.0,0.7,0.3
S4_water_partial,171,171,7930116514883572282,scenario=S4_water_partial|method=both|duration=0|theta=0.300000|delta_threshold=0.100000|A=v2.0|w=na|run_id=171|seed=7930116514883572282,False,"{""step_1_amount"": 0.4083295713835}",033832c9a51598bd69064fc3910037f6fde292830c04f0066e6d9779dc60f4ca,0.38314666666666675,0.51069123850693,0.12754457184026324,14,0.0,0.0,0.38314666666666675,0.51069123850693,0,0,0.12754457184026324,"{""energy"": 0.6666666666666667, ""water"": 0.05493333333333334, ""transport"": 0.33333333333333337}","{""energy"": 0.7511963902555219, ""water"": 0.31534529756270835, ""transport"": 0.3853636437863625}","{""energy"": 0.08452972358885513, ""water"": 0.260411964229375, ""transport"": 0.05203031045302914}","{""energy"": 0.0, ""water"": 0.0, ""transport"": 0.0}","{""energy"": 0.0, ""water"": 0.0, ""transport"": 0.0}","{""energy"": 0.0, ""water"": 0.0, ""transport"": 0.0}",0.3,0.1,,0.38314666666666675,1.0,0.6168533333333333,1,"{""energy"": 0.6666666666666667, ""water"": 0.05493333333333334, ""transport"": 0.33333333333333337}","{""energy"": 1.0, ""water"": 1.0, ""transport"": 1.0}","{""energy"": 0.33333333333333326, ""water"": 0.9450666666666666, ""transport"": 0.6666666666666666}",10,0.51069123850693,,,[],,v2.0,0.7,0.3
S4_water_partial,172,172,4438524096854737134,scenario=S4_water_partial|method=both|duration=0|theta=0.300000|delta_threshold=0.100000|A=v2.0|w=na|run_id=172|seed=4438524096854737134,False,"{""step_1_amount"": 0.17058821194292473}",033832c9a51598bd69064fc3910037f6fde292830c04f0066e6d9779dc60f4ca,0.38314666666666675,0.38314666666666675,0.0,17,0.0,0.0,0.38314666666666675,0.38314666666666675,0,0,0.0,"{""energy"": 0.6666666666666667, ""water"": 0.05493333333333334, ""transport"": 0.33333333333333337}","{""energy"": 0.6666666666666667, ""water"": 0.05493333333333334, ""transport"": 0.33333333333333337}","{""energy"": 0.0, ""water"": 0.0, ""transport"": 0.0}","{""energy"": 0.0, ""water"": 0.0, ""transport"": 0.0}","{""energy"": 0.0, ""water"": 0.0, ""transport"": 0.0}","{""energy"": 0.0, ""water"": 0.0, ""transport"": 0.0}",0.3,0.1,,0.38314666666666675,1.0,0.6168533333333333,1,"{""energy"": 0.6666666666666667, ""water"": 0.05493333333333334, ""transport"": 0.33333333333333337}","{""energy"": 1.0, ""water"": 1.0, ""transport"": 1.0}","{""energy"": 0.33333333333333326, ""water"": 0.9450666666666666, ""transport"": 0.6666666666666666}",13,0.38314666666666675,,,[],,v2.0,0.7,0.3
S4_water_partial,173,173,2540029836188668300,scenario=S4_water_partial|method=both|duration=0|theta=0.300000|delta_threshold=0.100000|A=v2.0|w=na|run_id=173|seed=2540029836188668300,False,"{""step_1_amount"": 1.034315629075606}",033832c9a51598bd69064fc3910037f6fde292830c04f0066e6d9779dc60f4ca,0.38314666666666675,0.8564466666666667,0.47329999999999994,28,0.0,1.0,0.38314666666666675,0.8564466666666667,1,1,0.47329999999999994,"{""energy"": 0.6666666666666667, ""water"": 0.05493333333333334, ""transport"": 0.33333333333333337}","{""energy"": 0.9912666666666667, ""water"": 1.0, ""transport"": 0.5331333333333333}","{""energy"": 0.3246, ""water"": 0.9450666666666666, ""transport"": 0.19979999999999998}","{""energy"": 0.0, ""water"": 0.0, ""transport"": 0.0}","{""energy"": 1.0, ""water"": 1.0, ""transport"": 1.0}","{""energy"": 1.0, ""water"": 1.0, ""transport"": 1.0}",0.3,0.1,,0.38314666666666675,1.0,0.6168533333333333,1,"{""energy"": 0.6666666666666667, ""water"": 0.05493333333333334, ""transport"": 0.33333333333333337}","{""energy"": 1.0, ""water"": 1.0, ""transport"": 1.0}","{""energy"": 0.33333333333333326, ""water"": 0.9450666666666666, ""transport"": 0.6666666666666666}",3,0.8564466666666667,,,"[""energy"", ""transport""]",1,v2.0,0.7,0.3
S4_water_partial,174,174,5216708074242937460,scenario=S4_water_partial|method=both|duration=0|theta=0.300000|delta_threshold=0.100000|A=v2.0|w=na|run_id=174|seed=5216708074242937460,False,"{""step_1_amount"": 0.6987229487797217}",033832c9a51598bd69064fc3910037f6fde292830c04f0066e6d9779dc60f4ca,0.38314666666666675,0.6884773239833318,0.3053306573166651,29,0.0,0.0,0.38314666666666675,0.6884773239833318,0,1,0.3053306573166651,"{""energy"": 0.6666666666666667, ""water"": 0.05493333333333334, ""transport"": 0.33333333333333337}","{""energy"": 0.8690235031340388, ""water"": 0.6783370193079855, ""transport"": 0.45788938979106886}","{""energy"": 0.20235683646737201, ""water"": 0.6234036859746521, ""transport"": 0.12455605645773549}","{""energy"": 0.0, ""water"": 0.0, ""transport"": 0.0}","{""energy"": 0.0, ""water"": 0.0, ""transport"": 0.0}","{""energy"": 0.0, ""water"": 0.0, ""transport"": 0.0}",0.3,0.1,,0.38314666666666675,1.0,0.6168533333333333,1,"{""energy"": 0.6666666666666667, ""water"": 0.05493333333333334, ""transport"": 0.33333333333333337}","{""energy"": 1.0, ""water"": 1.0, ""transport"": 1.0}","{""energy"": 0.33333333333333326, ""water"": 0.9450666666666666, ""transport"": 0.6666666666666666}",6,0.6884773239833318,,,[],,v2.0,0.7,0.3
S4_water_partial,175,175,6370444299671953694,scenario=S4_water_partial|method=both|duration=0|theta=0.300000|delta_threshold=0.100000|A=v2.0|w=na|run_id=175|seed=6370444299671953694,False,"{""step_1_amount"": 0.5463442199113255}",033832c9a51598bd69064fc3910037f6fde292830c04f0066e6d9779dc60f4ca,0.38314666666666675,0.595187256701878,0.21204059003521125,16,0.0,0.0,0.38314666666666675,0.595187256701878,0,1,0.21204059003521125,"{""energy"": 0.6666666666666667, ""water"": 0.05493333333333334, ""transport"": 0.33333333333333337}","{""energy"": 0.807195833895687, ""water"": 0.4878636082224903, ""transport"": 0.4198328022561869}","{""energy"": 0.1405291672290203, ""water"": 0.432930274889157, ""transport"": 0.08649946892285354}","{""energy"": 0.0, ""water"": 0.0, ""transport"": 0.0}","{""energy"": 0.0, ""water"": 0.0, ""transport"": 0.0}","{""energy"": 0.0, ""water"": 0.0, ""transport"": 0.0}",0.3,0.1,,0.38314666666666675,1.0,0.6168533333333333,1,"{""energy"": 0.6666666666666667, ""water"": 0.05493333333333334, ""transport"": 0.33333333333333337}","{""energy"": 1.0, ""water"": 1.0, ""transport"": 1.0}","{""energy"": 0.33333333333333326, ""water"": 0.9450666666666666, ""transport"": 0.6666666666666666}",8,0.595187256701878,,,[],,v2.0,0.7,0.3
S4_water_partial,176,176,9975050831078869761,scenario=S4_water_partial|method=both|duration=0|theta=0.300000|delta_threshold=0.100000|A=v2.0|w=na|run_id=176|seed=9975050831078869761,False,"{""step_1_amount"": 0.67357067977781}",033832c9a51598bd69064fc3910037f6fde292830c04f0066e6d9779dc60f4ca,0.38314666666666675,0.6730784760936365,0.2899318094269697,8,0.0,0.0,0.38314666666666675,0.6730784760936365,0,1,0.2899318094269697,"{""energy"": 0.6666666666666667, ""water"": 0.05493333333333334, ""transport"": 0.33333333333333337}","{""energy"": 0.8588179699865132, ""water"": 0.6468966830555959, ""transport"": 0.45160761060784144}","{""energy"": 0.19215130331984642, ""water"": 0.5919633497222625, ""transport"": 0.11827427727450807}","{""energy"": 0.0, ""water"": 0.0, ""transport"": 0.0}","{""energy"": 0.0, ""water"": 0.0, ""transport"": 0.0}","{""energy"": 0.0, ""water"": 0.0, ""transport"": 0.0}",0.3,0.1,,0.38314666666666675,1.0,0.6168533333333333,1,"{""energy"": 0.6666666666666667, ""water"": 0.05493333333333334, ""transport"": 0.33333333333333337}","{""energy"": 1.0, ""water"": 1.0, ""transport"": 1.0}","{""energy"": 0.33333333333333326, ""water"": 0.9450666666666666, ""transport"": 0.6666666666666666}",6,0.6730784760936365,,,[],,v2.0,0.7,0.3
S4_water_partial,177,177,6221179847562989283,scenario=S4_water_partial|method=both|duration=0|theta=0.300000|delta_threshold=0.100000|A=v2.0|w=na|run_id=177|seed=6221179847562989283,False,"{""step_1_amount"": 0.16039864075133628}",033832c9a51598bd69064fc3910037f6fde292830c04f0066e6d9779dc60f4ca,0.38314666666666675,0.38314666666666675,0.0,26,0.0,0.0,0.38314666666666675,0.38314666666666675,0,0,0.0,"{""energy"": 0.6666666666666667, ""water"": 0.05493333333333334, ""transport"": 0.33333333333333337}","{""energy"": 0.6666666666666667, ""water"": 0.05493333333333334, ""transport"": 0.33333333333333337}","{""energy"": 0.0, ""water"": 0.0, ""transport"": 0.0}","{""energy"": 0.0, ""water"": 0.0, ""transport"": 0.0}","{""energy"": 0.0, ""water"": 0.0, ""transport"": 0.0}","{""energy"": 0.0, ""water"": 0.0, ""transport"": 0.0}",0.3,0.1,,0.38314666666666675,1.0,0.6168533333333333,1,"{""energy"": 0.6666666666666667, ""water"": 0.05493333333333334, ""transport"": 0.33333333333333337}","{""energy"": 1.0, ""water"": 1.0, ""transport"": 1.0}","{""energy"": 0.33333333333333326, ""water"": 0.9450666666666666, ""transport"": 0.6666666666666666}",13,0.38314666666666675,,,[],,v2.0,0.7,0.3
S4_water_partial,178,178,3744741835261648142,scenario=S4_water_partial|method=both|duration=0|theta=0.300000|delta_threshold=0.100000|A=v2.0|w=na|run_id=178|seed=3744741835261648142,False,"{""step_1_amount"": 0.9238239574192386}",033832c9a51598bd69064fc3910037f6fde292830c04f0066e6d9779dc60f4ca,0.38314666666666675,0.82628978899766,0.4431431223309933,22,0.0,1.0,0.38314666666666675,0.82628978899766,1,1,0.4431431223309933,"{""energy"": 0.6666666666666667, ""water"": 0.05493333333333334, ""transport"": 0.33333333333333337}","{""energy"": 0.9603582373895228, ""water"": 0.9597132801073817, ""transport"": 0.5141083666987882}","{""energy"": 0.293691570722856, ""water"": 0.9047799467740483, ""transport"": 0.18077503336545486}","{""energy"": 0.0, ""water"": 0.0, ""transport"": 0.0}","{""energy"": 1.0, ""water"": 1.0, ""transport"": 1.0}","{""energy"": 1.0, ""water"": 1.0, ""transport"": 1.0}",0.3,0.1,,0.38314666666666675,1.0,0.6168533333333333,1,"{""energy"": 0.6666666666666667, ""water"": 0.05493333333333334, ""transport"": 0.33333333333333337}","{""energy"": 1.0, ""water"": 1.0, ""transport"": 1.0}","{""energy"": 0.33333333333333326, ""water"": 0.9450666666666666, ""transport"": 0.6666666666666666}",3,0.82628978899766,,,"[""energy"", ""transport""]",1,v2.0,0.7,0.3
S4_water_partial,179,179,18418591024747808428,scenario=S4_water_partial|method=both|duration=0|theta=0.300000|delta_threshold=0.100000|A=v2.0|w=na|run_id=179|seed=18418591024747808428,False,"{""step_1_amount"": 0.642235035807688}",033832c9a51598bd69064fc3910037f6fde292830c04f0066e6d9779dc60f4ca,0.38314666666666675,0.6538940114640286,0.27074734479736184,25,0.0,0.0,0.38314666666666675,0.6538940114640286,0,1,0.27074734479736184,"{""energy"": 0.6666666666666667, ""water"": 0.05493333333333334, ""transport"": 0.33333333333333337}","{""energy"": 0.8461035324456362, ""water"": 0.6077271280929435, ""transport"": 0.44378153352630345}","{""energy"": 0.17943686577896945, ""water"": 0.5527937947596101, ""transport"": 0.11044820019297008}","{""energy"": 0.0, ""water"": 0.0, ""transport"": 0.0}","{""energy"": 0.0, ""water"": 0.0, ""transport"": 0.0}","{""energy"": 0.0, ""water"": 0.0, ""transport"": 0.0}",0.3,0.1,,0.38314666666666675,1.0,0.6168533333333333,1,"{""energy"": 0.6666666666666667, ""water"": 0.05493333333333334, ""transport"": 0.33333333333333337}","{""energy"": 1.0, ""water"": 1.0, ""transport"": 1.0}","{""energy"": 0.33333333333333326, ""water"": 0.9450666666666666, ""transport"": 0.6666666666666666}",7,0.6538940114640286,,,[],,v2.0,0.7,0.3
S4_water_partial,180,180,6663071228932407077,scenario=S4_water_partial|method=both|duration=0|theta=0.300000|delta_threshold=0.100000|A=v2.0|w=na|run_id=180|seed=6663071228932407077,False,"{""step_1_amount"": 0.7958531921434484}",033832c9a51598bd69064fc3910037f6fde292830c04f0066e6d9779dc60f4ca,0.38314666666666675,0.7479428872266894,0.3647962205600227,29,0.0,1.0,0.38314666666666675,0.7479428872266894,1,1,0.3647962205600227,"{""energy"": 0.6666666666666667, ""water"": 0.05493333333333334, ""transport"": 0.33333333333333337}","{""energy"": 0.9084340993788709, ""water"": 0.7997498235126439, ""transport"": 0.4821476680711596}","{""energy"": 0.24176743271220413, ""water"": 0.7448164901793105, ""transport"": 0.14881433473782624}","{""energy"": 0.0, ""water"": 0.0, ""transport"": 0.0}","{""energy"": 1.0, ""water"": 1.0, ""transport"": 1.0}","{""energy"": 1.0, ""water"": 1.0, ""transport"": 1.0}",0.3,0.1,,0.38314666666666675,1.0,0.6168533333333333,1,"{""energy"": 0.6666666666666667, ""water"": 0.05493333333333334, ""transport"": 0.33333333333333337}","{""energy"": 1.0, ""water"": 1.0, ""transport"": 1.0}","{""energy"": 0.33333333333333326, ""water"": 0.9450666666666666, ""transport"": 0.6666666666666666}",5,0.7479428872266894,,,"[""energy"", ""transport""]",1,v2.0,0.7,0.3
S4_water_partial,181,181,2211197352133667687,scenario=S4_water_partial|method=both|duration=0|theta=0.300000|delta_threshold=0.100000|A=v2.0|w=na|run_id=181|seed=2211197352133667687,False,"{""step_1_amount"": 0.34036066071905585}",033832c9a51598bd69064fc3910037f6fde292830c04f0066e6d9779dc60f4ca,0.38314666666666675,0.4690789721753907,0.08593230550872394,20,0.0,0.0,0.38314666666666675,0.4690789721753907,0,0,0.08593230550872394,"{""energy"": 0.6666666666666667, ""water"": 0.05493333333333334, ""transport"": 0.33333333333333337}","{""energy"": 0.7236180047534236, ""water"": 0.2303841592321532, ""transport"": 0.3683884083479176}","{""energy"": 0.0569513380867569, ""water"": 0.17545082589881986, ""transport"": 0.035055075014584214}","{""energy"": 0.0, ""water"": 0.0, ""transport"": 0.0}","{""energy"": 0.0, ""water"": 0.0, ""transport"": 0.0}","{""energy"": 0.0, ""water"": 0.0, ""transport"": 0.0}",0.3,0.1,,0.38314666666666675,1.0,0.6168533333333333,1,"{""energy"": 0.6666666666666667, ""water"": 0.05493333333333334, ""transport"": 0.33333333333333337}","{""energy"": 1.0, ""water"": 1.0, ""transport"": 1.0}","{""energy"": 0.33333333333333326, ""water"": 0.9450666666666666, ""transport"": 0.6666666666666666}",11,0.4690789721753907,,,[],,v2.0,0.7,0.3
S4_water_partial,182,182,13500908726514455281,scenario=S4_water_partial|method=both|duration=0|theta=0.300000|delta_threshold=0.100000|A=v2.0|w=na|run_id=182|seed=13500908726514455281,False,"{""step_1_amount"": 0.26750523658243935}",033832c9a51598bd69064fc3910037f6fde292830c04f0066e6d9779dc60f4ca,0.38314666666666675,0.4244750601333507,0.04132839346668393,23,0.0,0.0,0.38314666666666675,0.4244750601333507,0,0,0.04132839346668393,"{""energy"": 0.6666666666666667, ""water"": 0.05493333333333334, ""transport"": 0.33333333333333337}","{""energy"": 0.6940569164099915, ""water"": 0.13931487906138254, ""transport"": 0.3501927661697976}","{""energy"": 0.027390249743324713, ""water"": 0.0843815457280492, ""transport"": 0.01685943283646424}","{""energy"": 0.0, ""water"": 0.0, ""transport"": 0.0}","{""energy"": 0.0, ""water"": 0.0, ""transport"": 0.0}","{""energy"": 0.0, ""water"": 0.0, ""transport"": 0.0}",0.3,0.1,,0.38314666666666675,1.0,0.6168533333333333,1,"{""energy"": 0.6666666666666667, ""water"": 0.05493333333333334, ""transport"": 0.33333333333333337}","{""energy"": 1.0, ""water"": 1.0, ""transport"": 1.0}","{""energy"": 0.33333333333333326, ""water"": 0.9450666666666666, ""transport"": 0.6666666666666666}",12,0.4244750601333507,,,[],,v2.0,0.7,0.3
S4_water_partial,183,183,16748736034227582733,scenario=S4_water_partial|method=both|duration=0|theta=0.300000|delta_threshold=0.100000|A=v2.0|w=na|run_id=183|seed=16748736034227582733,False,"{""step_1_amount"": 0.5863750822812874}",033832c9a51598bd69064fc3910037f6fde292830c04f0066e6d9779dc60f4ca,0.38314666666666675,0.6196951514163279,0.23654848474966117,12,0.0,0.0,0.38314666666666675,0.6196951514163279,0,1,0.23654848474966117,"{""energy"": 0.6666666666666667, ""water"": 0.05493333333333334, ""transport"": 0.33333333333333337}","{""energy"": 0.8234383563022991, ""water"": 0.5379021861849426, ""transport"": 0.42983051013308493}","{""energy"": 0.15677168963563237, ""water"": 0.48296885285160923, ""transport"": 0.09649717679975156}","{""energy"": 0.0, ""water"": 0.0, ""transport"": 0.0}","{""energy"": 0.0, ""water"": 0.0, ""transport"": 0.0}","{""energy"": 0.0, ""water"": 0.0, ""transport"": 0.0}",0.3,0.1,,0.38314666666666675,1.0,0.6168533333333333,1,"{""energy"": 0.6666666666666667, ""water"": 0.05493333333333334, ""transport"": 0.33333333333333337}","{""energy"": 1.0, ""water"": 1.0, ""transport"": 1.0}","{""energy"": 0.33333333333333326, ""water"": 0.9450666666666666, ""transport"": 0.6666666666666666}",7,0.6196951514163279,,,[],,v2.0,0.7,0.3
S4_water_partial,184,184,4393309216767779320,scenario=S4_water_partial|method=both|duration=0|theta=0.300000|delta_threshold=0.100000|A=v2.0|w=na|run_id=184|seed=4393309216767779320,False,"{""step_1_amount"": 0.22291707076156556}",033832c9a51598bd69064fc3910037f6fde292830c04f0066e6d9779dc60f4ca,0.38314666666666675,0.39717707031366617,0.014030403646999423,17,0.0,0.0,0.38314666666666675,0.39717707031366617,0,0,0.014030403646999423,"{""energy"": 0.6666666666666667, ""water"": 0.05493333333333334, ""transport"": 0.33333333333333337}","{""energy"": 0.6759652681281719, ""water"": 0.08357967178529033, ""transport"": 0.3390568717560344}","{""energy"": 0.009298601461505185, ""water"": 0.028646338451956986, ""transport"": 0.005723538422701013}","{""energy"": 0.0, ""water"": 0.0, ""transport"": 0.0}","{""energy"": 0.0, ""water"": 0.0, ""transport"": 0.0}","{""energy"": 0.0, ""water"": 0.0, ""transport"": 0.0}",0.3,0.1,,0.38314666666666675,1.0,0.6168533333333333,1,"{""energy"": 0.6666666666666667, ""water"": 0.05493333333333334, ""transport"": 0.33333333333333337}","{""energy"": 1.0, ""water"": 1.0, ""transport"": 1.0}","{""energy"": 0.33333333333333326, ""water"": 0.9450666666666666, ""transport"": 0.6666666666666666}",12,0.39717707031366617,,,[],,v2.0,0.7,0.3
S4_water_partial,185,185,14726463720518671677,scenario=S4_water_partial|method=both|duration=0|theta=0.300000|delta_threshold=0.100000|A=v2.0|w=na|run_id=185|seed=14726463720518671677,False,"{""step_1_amount"": 1.3852085067397668}",033832c9a51598bd69064fc3910037f6fde292830c04f0066e6d9779dc60f4ca,0.38314666666666675,0.8564466666666667,0.47329999999999994,25,0.0,1.0,0.38314666666666675,0.8564466666666667,1,1,0.47329999999999994,"{""energy"": 0.6666666666666667, ""water"": 0.05493333333333334, ""transport"": 0.33333333333333337}","{""energy"": 0.9912666666666667, ""water"": 1.0, ""transport"": 0.5331333333333333}","{""energy"": 0.3246, ""water"": 0.9450666666666666, ""transport"": 0.19979999999999998}","{""energy"": 0.0, ""water"": 0.0, ""transport"": 0.0}","{""energy"": 1.0, ""water"": 1.0, ""transport"": 1.0}","{""energy"": 1.0, ""water"": 1.0, ""transport"": 1.0}",0.3,0.1,,0.38314666666666675,1.0,0.6168533333333333,1,"{""energy"": 0.6666666666666667, ""water"": 0.05493333333333334, ""transport"": 0.33333333333333337}","{""energy"": 1.0, ""water"": 1.0, ""transport"": 1.0}","{""energy"": 0.33333333333333326, ""water"": 0.9450666666666666, ""transport"": 0.6666666666666666}",3,0.8564466666666667,,,"[""energy"", ""transport""]",1,v2.0,0.7,0.3
S4_water_partial,186,186,8291788841512945464,scenario=S4_water_partial|method=both|duration=0|theta=0.300000|delta_threshold=0.100000|A=v2.0|w=na|run_id=186|seed=8291788841512945464,False,"{""step_1_amount"": 0.899348115438385}",033832c9a51598bd69064fc3910037f6fde292830c04f0066e6d9779dc60f4ca,0.38314666666666675,0.8113050666409319,0.4281583999742652,15,0.0,1.0,0.38314666666666675,0.8113050666409319,1,1,0.4281583999742652,"{""energy"": 0.6666666666666667, ""water"": 0.05493333333333334, ""transport"": 0.33333333333333337}","{""energy"": 0.9504271645057915, ""water"": 0.9291184776313146, ""transport"": 0.50799552516407}","{""energy"": 0.2837604978391247, ""water"": 0.8741851442979812, ""transport"": 0.1746621918307366}","{""energy"": 0.0, ""water"": 0.0, ""transport"": 0.0}","{""energy"": 1.0, ""water"": 1.0, ""transport"": 1.0}","{""energy"": 1.0, ""water"": 1.0, ""transport"": 1.0}",0.3,0.1,,0.38314666666666675,1.0,0.6168533333333333,1,"{""energy"": 0.6666666666666667, ""water"": 0.05493333333333334, ""transport"": 0.33333333333333337}","{""energy"": 1.0, ""water"": 1.0, ""transport"": 1.0}","{""energy"": 0.33333333333333326, ""water"": 0.9450666666666666, ""transport"": 0.6666666666666666}",3,0.8113050666409319,,,"[""energy"", ""transport""]",1,v2.0,0.7,0.3
S4_water_partial,187,187,256752218625524155,scenario=S4_water_partial|method=both|duration=0|theta=0.300000|delta_threshold=0.100000|A=v2.0|w=na|run_id=187|seed=256752218625524155,False,"{""step_1_amount"": 0.9313486046747972}",033832c9a51598bd69064fc3910037f6fde292830c04f0066e6d9779dc60f4ca,0.38314666666666675,0.8308965661636944,0.4477498994970277,12,0.0,1.0,0.38314666666666675,0.8308965661636944,1,1,0.4477498994970277,"{""energy"": 0.6666666666666667, ""water"": 0.05493333333333334, ""transport"": 0.33333333333333337}","{""energy"": 0.9634113630134657, ""water"": 0.9691190891768299, ""transport"": 0.515987647350864}","{""energy"": 0.296744696346799, ""water"": 0.9141857558434965, ""transport"": 0.18265431401753063}","{""energy"": 0.0, ""water"": 0.0, ""transport"": 0.0}","{""energy"": 1.0, ""water"": 1.0, ""transport"": 1.0}","{""energy"": 1.0, ""water"": 1.0, ""transport"": 1.0}",0.3,0.1,,0.38314666666666675,1.0,0.6168533333333333,1,"{""energy"": 0.6666666666666667, ""water"": 0.05493333333333334, ""transport"": 0.33333333333333337}","{""energy"": 1.0, ""water"": 1.0, ""transport"": 1.0}","{""energy"": 0.33333333333333326, ""water"": 0.9450666666666666, ""transport"": 0.6666666666666666}",3,0.8308965661636944,,,"[""energy"", ""transport""]",1,v2.0,0.7,0.3
S4_water_partial,188,188,18254885089835973671,scenario=S4_water_partial|method=both|duration=0|theta=0.300000|delta_threshold=0.100000|A=v2.0|w=na|run_id=188|seed=18254885089835973671,False,"{""step_1_amount"": 0.5696198111712579}",033832c9a51598bd69064fc3910037f6fde292830c04f0066e6d9779dc60f4ca,0.38314666666666675,0.6094371555609901,0.22629048889432335,30,0.0,0.0,0.38314666666666675,0.6094371555609901,0,1,0.22629048889432335,"{""energy"": 0.6666666666666667, ""water"": 0.05493333333333334, ""transport"": 0.33333333333333337}","{""energy"": 0.8166399050494046, ""water"": 0.5169580972974057, ""transport"": 0.425645881173355}","{""energy"": 0.1499732383827379, ""water"": 0.4620247639640724, ""transport"": 0.09231254784002163}","{""energy"": 0.0, ""water"": 0.0, ""transport"": 0.0}","{""energy"": 0.0, ""water"": 0.0, ""transport"": 0.0}","{""energy"": 0.0, ""water"": 0.0, ""transport"": 0.0}",0.3,0.1,,0.38314666666666675,1.0,0.6168533333333333,1,"{""energy"": 0.6666666666666667, ""water"": 0.05493333333333334, ""transport"": 0.33333333333333337}","{""energy"": 1.0, ""water"": 1.0, ""transport"": 1.0}","{""energy"": 0.33333333333333326, ""water"": 0.9450666666666666, ""transport"": 0.6666666666666666}",7,0.6094371555609901,,,[],,v2.0,0.7,0.3
S4_water_partial,189,189,18337707501264237844,scenario=S4_water_partial|method=both|duration=0|theta=0.300000|delta_threshold=0.100000|A=v2.0|w=na|run_id=189|seed=18337707501264237844,False,"{""step_1_amount"": 0.4524673301447643}",033832c9a51598bd69064fc3910037f6fde292830c04f0066e6d9779dc60f4ca,0.38314666666666675,0.537713477864545,0.1545668111978783,17,0.0,0.0,0.38314666666666675,0.537713477864545,0,1,0.1545668111978783,"{""energy"": 0.6666666666666667, ""water"": 0.05493333333333334, ""transport"": 0.33333333333333337}","{""energy"": 0.7691052858729048, ""water"": 0.37051749601428874, ""transport"": 0.3963870490369883}","{""energy"": 0.10243861920623809, ""water"": 0.3155841626809554, ""transport"": 0.06305371570365492}","{""energy"": 0.0, ""water"": 0.0, ""transport"": 0.0}","{""energy"": 0.0, ""water"": 0.0, ""transport"": 0.0}","{""energy"": 0.0, ""water"": 0.0, ""transport"": 0.0}",0.3,0.1,,0.38314666666666675,1.0,0.6168533333333333,1,"{""energy"": 0.6666666666666667, ""water"": 0.05493333333333334, ""transport"": 0.33333333333333337}","{""energy"": 1.0, ""water"": 1.0, ""transport"": 1.0}","{""energy"": 0.33333333333333326, ""water"": 0.9450666666666666, ""transport"": 0.6666666666666666}",9,0.537713477864545,,,[],,v2.0,0.7,0.3
S4_water_partial,190,190,10358691409670915190,scenario=S4_water_partial|method=both|duration=0|theta=0.300000|delta_threshold=0.100000|A=v2.0|w=na|run_id=190|seed=10358691409670915190,False,"{""step_1_amount"": 0.554630560081523}",033832c9a51598bd69064fc3910037f6fde292830c04f0066e6d9779dc60f4ca,0.38314666666666675,0.6002603613125771,0.21711369464591035,26,0.0,0.0,0.38314666666666675,0.6002603613125771,0,1,0.21711369464591035,"{""energy"": 0.6666666666666667, ""water"": 0.05493333333333334, ""transport"": 0.33333333333333337}","{""energy"": 0.8105580164197447, ""water"": 0.498221533435237, ""transport"": 0.42190231571369374}","{""energy"": 0.14389134975307794, ""water"": 0.4432882001019037, ""transport"": 0.08856898238036037}","{""energy"": 0.0, ""water"": 0.0, ""transport"": 0.0}","{""energy"": 0.0, ""water"": 0.0, ""transport"": 0.0}","{""energy"": 0.0, ""water"": 0.0, ""transport"": 0.0}",0.3,0.1,,0.38314666666666675,1.0,0.6168533333333333,1,"{""energy"": 0.6666666666666667, ""water"": 0.05493333333333334, ""transport"": 0.33333333333333337}","{""energy"": 1.0, ""water"": 1.0, ""transport"": 1.0}","{""energy"": 0.33333333333333326, ""water"": 0.9450666666666666, ""transport"": 0.6666666666666666}",8,0.6002603613125771,,,[],,v2.0,0.7,0.3
S4_water_partial,191,191,6372617620572214768,scenario=S4_water_partial|method=both|duration=0|theta=0.300000|delta_threshold=0.100000|A=v2.0|w=na|run_id=191|seed=6372617620572214768,False,"{""step_1_amount"": 0.8325898787358451}",033832c9a51598bd69064fc3910037f6fde292830c04f0066e6d9779dc60f4ca,0.38314666666666675,0.7704340051757195,0.3872873385090527,29,0.0,1.0,0.38314666666666675,0.7704340051757195,1,1,0.3872873385090527,"{""energy"": 0.6666666666666667, ""water"": 0.05493333333333334, ""transport"": 0.33333333333333337}","{""energy"": 0.9233400099637359, ""water"": 0.8456706817531398, ""transport"": 0.4913226555476107}","{""energy"": 0.25667334329706915, ""water"": 0.7907373484198064, ""transport"": 0.1579893222142773}","{""energy"": 0.0, ""water"": 0.0, ""transport"": 0.0}","{""energy"": 1.0, ""water"": 1.0, ""transport"": 1.0}","{""energy"": 1.0, ""water"": 1.0, ""transport"": 1.0}",0.3,0.1,,0.38314666666666675,1.0,0.6168533333333333,1,"{""energy"": 0.6666666666666667, ""water"": 0.05493333333333334, ""transport"": 0.33333333333333337}","{""energy"": 1.0, ""water"": 1.0, ""transport"": 1.0}","{""energy"": 0.33333333333333326, ""water"": 0.9450666666666666, ""transport"": 0.6666666666666666}",4,0.7704340051757195,,,"[""energy"", ""transport""]",1,v2.0,0.7,0.3
S4_water_partial,192,192,3351217991810535275,scenario=S4_water_partial|method=both|duration=0|theta=0.300000|delta_threshold=0.100000|A=v2.0|w=na|run_id=192|seed=3351217991810535275,False,"{""step_1_amount"": 0.8011242406593667}",033832c9a51598bd69064fc3910037f6fde292830c04f0066e6d9779dc60f4ca,0.38314666666666675,0.7511699549043476,0.3680232882376808,6,0.0,1.0,0.38314666666666675,0.7511699549043476,1,1,0.3680232882376808,"{""energy"": 0.6666666666666667, ""water"": 0.05493333333333334, ""transport"": 0.33333333333333337}","{""energy"": 0.9105728273142049, ""water"": 0.8063386341575418, ""transport"": 0.48346411243801024}","{""energy"": 0.24390616064753812, ""water"": 0.7514053008242084, ""transport"": 0.15013077910467687}","{""energy"": 0.0, ""water"": 0.0, ""transport"": 0.0}","{""energy"": 1.0, ""water"": 1.0, ""transport"": 1.0}","{""energy"": 1.0, ""water"": 1.0, ""transport"": 1.0}",0.3,0.1,,0.38314666666666675,1.0,0.6168533333333333,1,"{""energy"": 0.6666666666666667, ""water"": 0.05493333333333334, ""transport"": 0.33333333333333337}","{""energy"": 1.0, ""water"": 1.0, ""transport"": 1.0}","{""energy"": 0.33333333333333326, ""water"": 0.9450666666666666, ""transport"": 0.6666666666666666}",5,0.7511699549043476,,,"[""energy"", ""transport""]",1,v2.0,0.7,0.3
S4_water_partial,193,193,5647112583067504293,scenario=S4_water_partial|method=both|duration=0|theta=0.300000|delta_threshold=0.100000|A=v2.0|w=na|run_id=193|seed=5647112583067504293,False,"{""step_1_amount"": 0.8488595440346547}",033832c9a51598bd69064fc3910037f6fde292830c04f0066e6d9779dc60f4ca,0.38314666666666675,0.7803947010132831,0.3972480343466164,12,0.0,1.0,0.38314666666666675,0.7803947010132831,1,1,0.3972480343466164,"{""energy"": 0.6666666666666667, ""water"": 0.05493333333333334, ""transport"": 0.33333333333333337}","{""energy"": 0.9299414266587278, ""water"": 0.8660077633766518, ""transport"": 0.49538600445598835}","{""energy"": 0.26327475999206107, ""water"": 0.8110744300433184, ""transport"": 0.16205267112265498}","{""energy"": 0.0, ""water"": 0.0, ""transport"": 0.0}","{""energy"": 1.0, ""water"": 1.0, ""transport"": 1.0}","{""energy"": 1.0, ""water"": 1.0, ""transport"": 1.0}",0.3,0.1,,0.38314666666666675,1.0,0.6168533333333333,1,"{""energy"": 0.6666666666666667, ""water"": 0.05493333333333334, ""transport"": 0.33333333333333337}","{""energy"": 1.0, ""water"": 1.0, ""transport"": 1.0}","{""energy"": 0.33333333333333326, ""water"": 0.9450666666666666, ""transport"": 0.6666666666666666}",4,0.7803947010132831,,,"[""energy"", ""transport""]",1,v2.0,0.7,0.3
S4_water_partial,194,194,10320266190911014127,scenario=S4_water_partial|method=both|duration=0|theta=0.300000|delta_threshold=0.100000|A=v2.0|w=na|run_id=194|seed=10320266190911014127,False,"{""step_1_amount"": 0.6441758996381982}",033832c9a51598bd69064fc3910037f6fde292830c04f0066e6d9779dc60f4ca,0.38314666666666675,0.6550822568226626,0.2719355901559959,10,0.0,0.0,0.38314666666666675,0.6550822568226626,0,1,0.2719355901559959,"{""energy"": 0.6666666666666667, ""water"": 0.05493333333333334, ""transport"": 0.33333333333333337}","{""energy"": 0.8468910379448656, ""water"": 0.6101532078810811, ""transport"": 0.44426626426797333}","{""energy"": 0.1802243712781989, ""water"": 0.5552198745477477, ""transport"": 0.11093293093463996}","{""energy"": 0.0, ""water"": 0.0, ""transport"": 0.0}","{""energy"": 0.0, ""water"": 0.0, ""transport"": 0.0}","{""energy"": 0.0, ""water"": 0.0, ""transport"": 0.0}",0.3,0.1,,0.38314666666666675,1.0,0.6168533333333333,1,"{""energy"": 0.6666666666666667, ""water"": 0.05493333333333334, ""transport"": 0.33333333333333337}","{""energy"": 1.0, ""water"": 1.0, ""transport"": 1.0}","{""energy"": 0.33333333333333326, ""water"": 0.9450666666666666, ""transport"": 0.6666666666666666}",7,0.6550822568226626,,,[],,v2.0,0.7,0.3
S4_water_partial,195,195,17643555025775051485,scenario=S4_water_partial|method=both|duration=0|theta=0.300000|delta_threshold=0.100000|A=v2.0|w=na|run_id=195|seed=17643555025775051485,False,"{""step_1_amount"": 0.49833518446260233}",033832c9a51598bd69064fc3910037f6fde292830c04f0066e6d9779dc60f4ca,0.38314666666666675,0.5657949249742834,0.18264825830761666,16,0.0,0.0,0.38314666666666675,0.5657949249742834,0,1,0.18264825830761666,"{""energy"": 0.6666666666666667, ""water"": 0.05493333333333334, ""transport"": 0.33333333333333337}","{""energy"": 0.7877161677623676, ""water"": 0.42785231391158624, ""transport"": 0.4078425456528683}","{""energy"": 0.1210495010957009, ""water"": 0.3729189805782529, ""transport"": 0.07450921231953495}","{""energy"": 0.0, ""water"": 0.0, ""transport"": 0.0}","{""energy"": 0.0, ""water"": 0.0, ""transport"": 0.0}","{""energy"": 0.0, ""water"": 0.0, ""transport"": 0.0}",0.3,0.1,,0.38314666666666675,1.0,0.6168533333333333,1,"{""energy"": 0.6666666666666667, ""water"": 0.05493333333333334, ""transport"": 0.33333333333333337}","{""energy"": 1.0, ""water"": 1.0, ""transport"": 1.0}","{""energy"": 0.33333333333333326, ""water"": 0.9450666666666666, ""transport"": 0.6666666666666666}",8,0.5657949249742834,,,[],,v2.0,0.7,0.3
S4_water_partial,196,196,1023001308128001646,scenario=S4_water_partial|method=both|duration=0|theta=0.300000|delta_threshold=0.100000|A=v2.0|w=na|run_id=196|seed=1023001308128001646,False,"{""step_1_amount"": 0.18514519823451656}",033832c9a51598bd69064fc3910037f6fde292830c04f0066e6d9779dc60f4ca,0.38314666666666675,0.38314666666666675,0.0,23,0.0,0.0,0.38314666666666675,0.38314666666666675,0,0,0.0,"{""energy"": 0.6666666666666667, ""water"": 0.05493333333333334, ""transport"": 0.33333333333333337}","{""energy"": 0.6666666666666667, ""water"": 0.05493333333333334, ""transport"": 0.33333333333333337}","{""energy"": 0.0, ""water"": 0.0, ""transport"": 0.0}","{""energy"": 0.0, ""water"": 0.0, ""transport"": 0.0}","{""energy"": 0.0, ""water"": 0.0, ""transport"": 0.0}","{""energy"": 0.0, ""water"": 0.0, ""transport"": 0.0}",0.3,0.1,,0.38314666666666675,1.0,0.6168533333333333,1,"{""energy"": 0.6666666666666667, ""water"": 0.05493333333333334, ""transport"": 0.33333333333333337}","{""energy"": 1.0, ""water"": 1.0, ""transport"": 1.0}","{""energy"": 0.33333333333333326, ""water"": 0.9450666666666666, ""transport"": 0.6666666666666666}",13,0.38314666666666675,,,[],,v2.0,0.7,0.3
S4_water_partial,197,197,8460839253726747940,scenario=S4_water_partial|method=both|duration=0|theta=0.300000|delta_threshold=0.100000|A=v2.0|w=na|run_id=197|seed=8460839253726747940,False,"{""step_1_amount"": 0.28406835825558274}",033832c9a51598bd69064fc3910037f6fde292830c04f0066e6d9779dc60f4ca,0.38314666666666675,0.4346154172996909,0.05146875063302414,23,0.0,0.0,0.38314666666666675,0.4346154172996909,0,0,0.05146875063302414,"{""energy"": 0.6666666666666667, ""water"": 0.05493333333333334, ""transport"": 0.33333333333333337}","{""energy"": 0.7007774030288695, ""water"": 0.16001878115281182, ""transport"": 0.35432940580766514}","{""energy"": 0.03411073636220274, ""water"": 0.10508544781947848, ""transport"": 0.020996072474331773}","{""energy"": 0.0, ""water"": 0.0, ""transport"": 0.0}","{""energy"": 0.0, ""water"": 0.0, ""transport"": 0.0}","{""energy"": 0.0, ""water"": 0.0, ""transport"": 0.0}",0.3,0.1,,0.38314666666666675,1.0,0.6168533333333333,1,"{""energy"": 0.6666666666666667, ""water"": 0.05493333333333334, ""transport"": 0.33333333333333337}","{""energy"": 1.0, ""water"": 1.0, ""transport"": 1.0}","{""energy"": 0.33333333333333326, ""water"": 0.9450666666666666, ""transport"": 0.6666666666666666}",11,0.4346154172996909,,,[],,v2.0,0.7,0.3
S4_water_partial,198,198,2843110811441619285,scenario=S4_water_partial|method=both|duration=0|theta=0.300000|delta_threshold=0.100000|A=v2.0|w=na|run_id=198|seed=2843110811441619285,False,"{""step_1_amount"": 0.8618636236679476}",033832c9a51598bd69064fc3910037f6fde292830c04f0066e6d9779dc60f4ca,0.38314666666666675,0.7883561236667759,0.40520945700010913,24,0.0,1.0,0.38314666666666675,0.7883561236667759,1,1,0.40520945700010913,"{""energy"": 0.6666666666666667, ""water"": 0.05493333333333334, ""transport"": 0.33333333333333337}","{""energy"": 0.9352178319699365, ""water"": 0.8822628629182678, ""transport"": 0.4986337733444033}","{""energy"": 0.2685511653032697, ""water"": 0.8273295295849344, ""transport"": 0.16530044001106992}","{""energy"": 0.0, ""water"": 0.0, ""transport"": 0.0}","{""energy"": 1.0, ""water"": 1.0, ""transport"": 1.0}","{""energy"": 1.0, ""water"": 1.0, ""transport"": 1.0}",0.3,0.1,,0.38314666666666675,1.0,0.6168533333333333,1,"{""energy"": 0.6666666666666667, ""water"": 0.05493333333333334, ""transport"": 0.33333333333333337}","{""energy"": 1.0, ""water"": 1.0, ""transport"": 1.0}","{""energy"": 0.33333333333333326, ""water"": 0.9450666666666666, ""transport"": 0.6666666666666666}",4,0.7883561236667759,,,"[""energy"", ""transport""]",1,v2.0,0.7,0.3
S4_water_partial,199,199,16612625381537250129,scenario=S4_water_partial|method=both|duration=0|theta=0.300000|delta_threshold=0.100000|A=v2.0|w=na|run_id=199|seed=16612625381537250129,False,"{""step_1_amount"": 0.4768716153809527}",033832c9a51598bd69064fc3910037f6fde292830c04f0066e6d9779dc60f4ca,0.38314666666666675,0.5526543913932705,0.1695077247266038,11,0.0,0.0,0.38314666666666675,0.5526543913932705,0,1,0.1695077247266038,"{""energy"": 0.6666666666666667, ""water"": 0.05493333333333334, ""transport"": 0.33333333333333337}","{""energy"": 0.7790073246074883, ""water"": 0.4010228525595242, ""transport"": 0.4024820192747263}","{""energy"": 0.1123406579408216, ""water"": 0.34608951922619086, ""transport"": 0.06914868594139295}","{""energy"": 0.0, ""water"": 0.0, ""transport"": 0.0}","{""energy"": 0.0, ""water"": 0.0, ""transport"": 0.0}","{""energy"": 0.0, ""water"": 0.0, ""transport"": 0.0}",0.3,0.1,,0.38314666666666675,1.0,0.6168533333333333,1,"{""energy"": 0.6666666666666667, ""water"": 0.05493333333333334, ""transport"": 0.33333333333333337}","{""energy"": 1.0, ""water"": 1.0, ""transport"": 1.0}","{""energy"": 0.33333333333333326, ""water"": 0.9450666666666666, ""transport"": 0.6666666666666666}",9,0.5526543913932705,,,[],,v2.0,0.7,0.3
S4_water_partial,200,200,18367865402235930225,scenario=S4_water_partial|method=both|duration=0|theta=0.300000|delta_threshold=0.100000|A=v2.0|w=na|run_id=200|seed=18367865402235930225,False,"{""step_1_amount"": 0.5804876817654788}",033832c9a51598bd69064fc3910037f6fde292830c04f0066e6d9779dc60f4ca,0.38314666666666675,0.616090737635537,0.23294407096887026,28,0.0,0.0,0.38314666666666675,0.616090737635537,0,1,0.23294407096887026,"{""energy"": 0.6666666666666667, ""water"": 0.05493333333333334, ""transport"": 0.33333333333333337}","{""energy"": 0.8210495435430097, ""water"": 0.5305429355401818, ""transport"": 0.4283601318542617}","{""energy"": 0.154382876876343, ""water"": 0.4756096022068485, ""transport"": 0.09502679852092832}","{""energy"": 0.0, ""water"": 0.0, ""transport"": 0.0}","{""energy"": 0.0, ""water"": 0.0, ""transport"": 0.0}","{""energy"": 0.0, ""water"": 0.0, ""transport"": 0.0}",0.3,0.1,,0.38314666666666675,1.0,0.6168533333333333,1,"{""energy"": 0.6666666666666667, ""water"": 0.05493333333333334, ""transport"": 0.33333333333333337}","{""energy"": 1.0, ""water"": 1.0, ""transport"": 1.0}","{""energy"": 0.33333333333333326, ""water"": 0.9450666666666666, ""transport"": 0.6666666666666666}",7,0.616090737635537,,,[],,v2.0,0.7,0.3
S4_water_partial,201,201,7708777399935570594,scenario=S4_water_partial|method=both|duration=0|theta=0.300000|delta_threshold=0.100000|A=v2.0|w=na|run_id=201|seed=7708777399935570594,False,"{""step_1_amount"": 0.6919497804183882}",033832c9a51598bd69064fc3910037f6fde292830c04f0066e6d9779dc60f4ca,0.38314666666666675,0.6843306209833144,0.3011839543166477,28,0.0,0.0,0.38314666666666675,0.6843306209833144,0,1,0.3011839543166477,"{""energy"": 0.6666666666666667, ""water"": 0.05493333333333334, ""transport"": 0.33333333333333337}","{""energy"": 0.8662752900714278, ""water"": 0.6698705588563186, ""transport"": 0.4561977909928258}","{""energy"": 0.19960862340476104, ""water"": 0.6149372255229852, ""transport"": 0.12286445765949244}","{""energy"": 0.0, ""water"": 0.0, ""transport"": 0.0}","{""energy"": 0.0, ""water"": 0.0, ""transport"": 0.0}","{""energy"": 0.0, ""water"": 0.0, ""transport"": 0.0}",0.3,0.1,,0.38314666666666675,1.0,0.6168533333333333,1,"{""energy"": 0.6666666666666667, ""water"": 0.05493333333333334, ""transport"": 0.33333333333333337}","{""energy"": 1.0, ""water"": 1.0, ""transport"": 1.0}","{""energy"": 0.33333333333333326, ""water"": 0.9450666666666666, ""transport"": 0.6666666666666666}",6,0.6843306209833144,,,[],,v2.0,0.7,0.3
S4_water_partial,202,202,17027518566642376911,scenario=S4_water_partial|method=both|duration=0|theta=0.300000|delta_threshold=0.100000|A=v2.0|w=na|run_id=202|seed=17027518566642376911,False,"{""step_1_amount"": 0.5619788669043454}",033832c9a51598bd69064fc3910037f6fde292830c04f0066e6d9779dc60f4ca,0.38314666666666675,0.6047591784571796,0.2216125117905129,5,0.0,0.0,0.38314666666666675,0.6047591784571796,0,1,0.2216125117905129,"{""energy"": 0.6666666666666667, ""water"": 0.05493333333333334, ""transport"": 0.33333333333333337}","{""energy"": 0.8135395919131049, ""water"": 0.5074069169637652, ""transport"": 0.42373755534269364}","{""energy"": 0.14687292524643814, ""water"": 0.45247358363043183, ""transport"": 0.09040422200936027}","{""energy"": 0.0, ""water"": 0.0, ""transport"": 0.0}","{""energy"": 0.0, ""water"": 0.0, ""transport"": 0.0}","{""energy"": 0.0, ""water"": 0.0, ""transport"": 0.0}",0.3,0.1,,0.38314666666666675,1.0,0.6168533333333333,1,"{""energy"": 0.6666666666666667, ""water"": 0.05493333333333334, ""transport"": 0.33333333333333337}","{""energy"": 1.0, ""water"": 1.0, ""transport"": 1.0}","{""energy"": 0.33333333333333326, ""water"": 0.9450666666666666, ""transport"": 0.6666666666666666}",8,0.6047591784571796,,,[],,v2.0,0.7,0.3
S4_water_partial,203,203,4073314987731530747,scenario=S4_water_partial|method=both|duration=0|theta=0.300000|delta_threshold=0.100000|A=v2.0|w=na|run_id=203|seed=4073314987731530747,False,"{""step_1_amount"": 0.5354795009544209}",033832c9a51598bd69064fc3910037f6fde292830c04f0066e6d9779dc60f4ca,0.38314666666666675,0.588535604138487,0.2053889374718203,8,0.0,0.0,0.38314666666666675,0.588535604138487,0,1,0.2053889374718203,"{""energy"": 0.6666666666666667, ""water"": 0.05493333333333334, ""transport"": 0.33333333333333337}","{""energy"": 0.802787474178923, ""water"": 0.4742827095263595, ""transport"": 0.4171193386967}","{""energy"": 0.1361208075122563, ""water"": 0.41934937619302615, ""transport"": 0.08378600536336661}","{""energy"": 0.0, ""water"": 0.0, ""transport"": 0.0}","{""energy"": 0.0, ""water"": 0.0, ""transport"": 0.0}","{""energy"": 0.0, ""water"": 0.0, ""transport"": 0.0}",0.3,0.1,,0.38314666666666675,1.0,0.6168533333333333,1,"{""energy"": 0.6666666666666667, ""water"": 0.05493333333333334, ""transport"": 0.33333333333333337}","{""energy"": 1.0, ""water"": 1.0, ""transport"": 1.0}","{""energy"": 0.33333333333333326, ""water"": 0.9450666666666666, ""transport"": 0.6666666666666666}",8,0.588535604138487,,,[],,v2.0,0.7,0.3
S4_water_partial,204,204,3580617125738253274,scenario=S4_water_partial|method=both|duration=0|theta=0.300000|delta_threshold=0.100000|A=v2.0|w=na|run_id=204|seed=3580617125738253274,False,"{""step_1_amount"": 1.7749735593756162}",033832c9a51598bd69064fc3910037f6fde292830c04f0066e6d9779dc60f4ca,0.38314666666666675,0.8564466666666667,0.47329999999999994,25,0.0,1.0,0.38314666666666675,0.8564466666666667,1,1,0.47329999999999994,"{""energy"": 0.6666666666666667, ""water"": 0.05493333333333334, ""transport"": 0.33333333333333337}","{""energy"": 0.9912666666666667, ""water"": 1.0, ""transport"": 0.5331333333333333}","{""energy"": 0.3246, ""water"": 0.9450666666666666, ""transport"": 0.19979999999999998}","{""energy"": 0.0, ""water"": 0.0, ""transport"": 0.0}","{""energy"": 1.0, ""water"": 1.0, ""transport"": 1.0}","{""energy"": 1.0, ""water"": 1.0, ""transport"": 1.0}",0.3,0.1,,0.38314666666666675,1.0,0.6168533333333333,1,"{""energy"": 0.6666666666666667, ""water"": 0.05493333333333334, ""transport"": 0.33333333333333337}","{""energy"": 1.0, ""water"": 1.0, ""transport"": 1.0}","{""energy"": 0.33333333333333326, ""water"": 0.9450666666666666, ""transport"": 0.6666666666666666}",3,0.8564466666666667,,,"[""energy"", ""transport""]",1,v2.0,0.7,0.3
S4_water_partial,205,205,4826632332114912928,scenario=S4_water_partial|method=both|duration=0|theta=0.300000|delta_threshold=0.100000|A=v2.0|w=na|run_id=205|seed=4826632332114912928,False,"{""step_1_amount"": 0.13263942697449305}",033832c9a51598bd69064fc3910037f6fde292830c04f0066e6d9779dc60f4ca,0.38314666666666675,0.38314666666666675,0.0,23,0.0,0.0,0.38314666666666675,0.38314666666666675,0,0,0.0,"{""energy"": 0.6666666666666667, ""water"": 0.05493333333333334, ""transport"": 0.33333333333333337}","{""energy"": 0.6666666666666667, ""water"": 0.05493333333333334, ""transport"": 0.33333333333333337}","{""energy"": 0.0, ""water"": 0.0, ""transport"": 0.0}","{""energy"": 0.0, ""water"": 0.0, ""transport"": 0.0}","{""energy"": 0.0, ""water"": 0.0, ""transport"": 0.0}","{""energy"": 0.0, ""water"": 0.0, ""transport"": 0.0}",0.3,0.1,,0.38314666666666675,1.0,0.6168533333333333,1,"{""energy"": 0.6666666666666667, ""water"": 0.05493333333333334, ""transport"": 0.33333333333333337}","{""energy"": 1.0, ""water"": 1.0, ""transport"": 1.0}","{""energy"": 0.33333333333333326, ""water"": 0.9450666666666666, ""transport"": 0.6666666666666666}",13,0.38314666666666675,,,[],,v2.0,0.7,0.3
S4_water_partial,206,206,3730427745991711657,scenario=S4_water_partial|method=both|duration=0|theta=0.300000|delta_threshold=0.100000|A=v2.0|w=na|run_id=206|seed=3730427745991711657,False,"{""step_1_amount"": 0.8503997737840858}",033832c9a51598bd69064fc3910037f6fde292830c04f0066e6d9779dc60f4ca,0.38314666666666675,0.7813376681716286,0.3981910015049619,13,0.0,1.0,0.38314666666666675,0.7813376681716286,1,1,0.3981910015049619,"{""energy"": 0.6666666666666667, ""water"": 0.05493333333333334, ""transport"": 0.33333333333333337}","{""energy"": 0.9305663748795596, ""water"": 0.8679330505634407, ""transport"": 0.4957706768359088}","{""energy"": 0.2638997082128929, ""water"": 0.8129997172301073, ""transport"": 0.16243734350257544}","{""energy"": 0.0, ""water"": 0.0, ""transport"": 0.0}","{""energy"": 1.0, ""water"": 1.0, ""transport"": 1.0}","{""energy"": 1.0, ""water"": 1.0, ""transport"": 1.0}",0.3,0.1,,0.38314666666666675,1.0,0.6168533333333333,1,"{""energy"": 0.6666666666666667, ""water"": 0.05493333333333334, ""transport"": 0.33333333333333337}","{""energy"": 1.0, ""water"": 1.0, ""transport"": 1.0}","{""energy"": 0.33333333333333326, ""water"": 0.9450666666666666, ""transport"": 0.6666666666666666}",4,0.7813376681716286,,,"[""energy"", ""transport""]",1,v2.0,0.7,0.3
S4_water_partial,207,207,4285642799282676962,scenario=S4_water_partial|method=both|duration=0|theta=0.300000|delta_threshold=0.100000|A=v2.0|w=na|run_id=207|seed=4285642799282676962,False,"{""step_1_amount"": 0.7962664074977384}",033832c9a51598bd69064fc3910037f6fde292830c04f0066e6d9779dc60f4ca,0.38314666666666675,0.7481958679969696,0.36504920133030283,12,0.0,1.0,0.38314666666666675,0.7481958679969696,1,1,0.36504920133030283,"{""energy"": 0.6666666666666667, ""water"": 0.05493333333333334, ""transport"": 0.33333333333333337}","{""energy"": 0.9086017615088741, ""water"": 0.8002663427055063, ""transport"": 0.4822508686058935}","{""energy"": 0.24193509484220732, ""water"": 0.745333009372173, ""transport"": 0.14891753527256013}","{""energy"": 0.0, ""water"": 0.0, ""transport"": 0.0}","{""energy"": 1.0, ""water"": 1.0, ""transport"": 1.0}","{""energy"": 1.0, ""water"": 1.0, ""transport"": 1.0}",0.3,0.1,,0.38314666666666675,1.0,0.6168533333333333,1,"{""energy"": 0.6666666666666667, ""water"": 0.05493333333333334, ""transport"": 0.33333333333333337}","{""energy"": 1.0, ""water"": 1.0, ""transport"": 1.0}","{""energy"": 0.33333333333333326, ""water"": 0.9450666666666666, ""transport"": 0.6666666666666666}",5,0.7481958679969696,,,"[""energy"", ""transport""]",1,v2.0,0.7,0.3
S4_water_partial,208,208,9013095267819747455,scenario=S4_water_partial|method=both|duration=0|theta=0.300000|delta_threshold=0.100000|A=v2.0|w=na|run_id=208|seed=9013095267819747455,False,"{""step_1_amount"": 0.6030569435448603}",033832c9a51598bd69064fc3910037f6fde292830c04f0066e6d9779dc60f4ca,0.38314666666666675,0.6299082039284187,0.24676153726175198,28,0.0,0.0,0.38314666666666675,0.6299082039284187,0,1,0.24676153726175198,"{""energy"": 0.6666666666666667, ""water"": 0.05493333333333334, ""transport"": 0.33333333333333337}","{""energy"": 0.8302070215099938, ""water"": 0.5587545127644087, ""transport"": 0.4339968049836622}","{""energy"": 0.16354035484332707, ""water"": 0.5038211794310753, ""transport"": 0.10066347165032885}","{""energy"": 0.0, ""water"": 0.0, ""transport"": 0.0}","{""energy"": 0.0, ""water"": 0.0, ""transport"": 0.0}","{""energy"": 0.0, ""water"": 0.0, ""transport"": 0.0}",0.3,0.1,,0.38314666666666675,1.0,0.6168533333333333,1,"{""energy"": 0.6666666666666667, ""water"": 0.05493333333333334, ""transport"": 0.33333333333333337}","{""energy"": 1.0, ""water"": 1.0, ""transport"": 1.0}","{""energy"": 0.33333333333333326, ""water"": 0.9450666666666666, ""transport"": 0.6666666666666666}",7,0.6299082039284187,,,[],,v2.0,0.7,0.3
S4_water_partial,209,209,1034589253643259822,scenario=S4_water_partial|method=both|duration=0|theta=0.300000|delta_threshold=0.100000|A=v2.0|w=na|run_id=209|seed=1034589253643259822,False,"{""step_1_amount"": 0.6189636087925015}",033832c9a51598bd69064fc3910037f6fde292830c04f0066e6d9779dc60f4ca,0.38314666666666675,0.6396466620596559,0.2564999953929892,27,0.0,0.0,0.38314666666666675,0.6396466620596559,0,1,0.2564999953929892,"{""energy"": 0.6666666666666667, ""water"": 0.05493333333333334, ""transport"": 0.33333333333333337}","{""energy"": 0.8366611509342242, ""water"": 0.5786378443239601, ""transport"": 0.4379694946292606}","{""energy"": 0.16999448426755748, ""water"": 0.5237045109906268, ""transport"": 0.10463616129592723}","{""energy"": 0.0, ""water"": 0.0, ""transport"": 0.0}","{""energy"": 0.0, ""water"": 0.0, ""transport"": 0.0}","{""energy"": 0.0, ""water"": 0.0, ""transport"": 0.0}",0.3,0.1,,0.38314666666666675,1.0,0.6168533333333333,1,"{""energy"": 0.6666666666666667, ""water"": 0.05493333333333334, ""transport"": 0.33333333333333337}","{""energy"": 1.0, ""water"": 1.0, ""transport"": 1.0}","{""energy"": 0.33333333333333326, ""water"": 0.9450666666666666, ""transport"": 0.6666666666666666}",7,0.6396466620596559,,,[],,v2.0,0.7,0.3
S4_water_partial,210,210,7078389679354832829,scenario=S4_water_partial|method=both|duration=0|theta=0.300000|delta_threshold=0.100000|A=v2.0|w=na|run_id=210|seed=7078389679354832829,False,"{""step_1_amount"": 0.07146999628435217}",033832c9a51598bd69064fc3910037f6fde292830c04f0066e6d9779dc60f4ca,0.38314666666666675,0.38314666666666675,0.0,19,0.0,0.0,0.38314666666666675,0.38314666666666675,0,0,0.0,"{""energy"": 0.6666666666666667, ""water"": 0.05493333333333334, ""transport"": 0.33333333333333337}","{""energy"": 0.6666666666666667, ""water"": 0.05493333333333334, ""transport"": 0.33333333333333337}","{""energy"": 0.0, ""water"": 0.0, ""transport"": 0.0}","{""energy"": 0.0, ""water"": 0.0, ""transport"": 0.0}","{""energy"": 0.0, ""water"": 0.0, ""transport"": 0.0}","{""energy"": 0.0, ""water"": 0.0, ""transport"": 0.0}",0.3,0.1,,0.38314666666666675,1.0,0.6168533333333333,1,"{""energy"": 0.6666666666666667, ""water"": 0.05493333333333334, ""transport"": 0.33333333333333337}","{""energy"": 1.0, ""water"": 1.0, ""transport"": 1.0}","{""energy"": 0.33333333333333326, ""water"": 0.9450666666666666, ""transport"": 0.6666666666666666}",13,0.38314666666666675,,,[],,v2.0,0.7,0.3
S4_water_partial,211,211,15796211656734346150,scenario=S4_water_partial|method=both|duration=0|theta=0.300000|delta_threshold=0.100000|A=v2.0|w=na|run_id=211|seed=15796211656734346150,False,"{""step_1_amount"": 0.33506588767668344}",033832c9a51598bd69064fc3910037f6fde292830c04f0066e6d9779dc60f4ca,0.38314666666666675,0.4658373797495242,0.08269071308285747,19,0.0,0.0,0.38314666666666675,0.4658373797495242,0,0,0.08269071308285747,"{""energy"": 0.6666666666666667, ""water"": 0.05493333333333334, ""transport"": 0.33333333333333337}","{""energy"": 0.721469650591481, ""water"": 0.22376569292918752, ""transport"": 0.367066038780585}","{""energy"": 0.05480298392481431, ""water"": 0.1688323595958542, ""transport"": 0.033732705447251654}","{""energy"": 0.0, ""water"": 0.0, ""transport"": 0.0}","{""energy"": 0.0, ""water"": 0.0, ""transport"": 0.0}","{""energy"": 0.0, ""water"": 0.0, ""transport"": 0.0}",0.3,0.1,,0.38314666666666675,1.0,0.6168533333333333,1,"{""energy"": 0.6666666666666667, ""water"": 0.05493333333333334, ""transport"": 0.33333333333333337}","{""energy"": 1.0, ""water"": 1.0, ""transport"": 1.0}","{""energy"": 0.33333333333333326, ""water"": 0.9450666666666666, ""transport"": 0.6666666666666666}",11,0.4658373797495242,,,[],,v2.0,0.7,0.3
S4_water_partial,212,212,9830929464424593240,scenario=S4_water_partial|method=both|duration=0|theta=0.300000|delta_threshold=0.100000|A=v2.0|w=na|run_id=212|seed=9830929464424593240,False,"{""step_1_amount"": 0.847574202958048}",033832c9a51598bd69064fc3910037f6fde292830c04f0066e6d9779dc60f4ca,0.38314666666666675,0.7796077830726575,0.3964611164059908,5,0.0,1.0,0.38314666666666675,0.7796077830726575,1,1,0.3964611164059908,"{""energy"": 0.6666666666666667, ""water"": 0.05493333333333334, ""transport"": 0.33333333333333337}","{""energy"": 0.9294198995168947, ""water"": 0.8644010870308934, ""transport"": 0.49506499052210584}","{""energy"": 0.262753232850228, ""water"": 0.80946775369756, ""transport"": 0.16173165718877247}","{""energy"": 0.0, ""water"": 0.0, ""transport"": 0.0}","{""energy"": 1.0, ""water"": 1.0, ""transport"": 1.0}","{""energy"": 1.0, ""water"": 1.0, ""transport"": 1.0}",0.3,0.1,,0.38314666666666675,1.0,0.6168533333333333,1,"{""energy"": 0.6666666666666667, ""water"": 0.05493333333333334, ""transport"": 0.33333333333333337}","{""energy"": 1.0, ""water"": 1.0, ""transport"": 1.0}","{""energy"": 0.33333333333333326, ""water"": 0.9450666666666666, ""transport"": 0.6666666666666666}",4,0.7796077830726575,,,"[""energy"", ""transport""]",1,v2.0,0.7,0.3
S4_water_partial,213,213,14662242894549067180,scenario=S4_water_partial|method=both|duration=0|theta=0.300000|delta_threshold=0.100000|A=v2.0|w=na|run_id=213|seed=14662242894549067180,False,"{""step_1_amount"": 0.7268279875526419}",033832c9a51598bd69064fc3910037f6fde292830c04f0066e6d9779dc60f4ca,0.38314666666666675,0.705683931346083,0.32253726467941624,29,0.0,0.0,0.38314666666666675,0.705683931346083,0,1,0.32253726467941624,"{""energy"": 0.6666666666666667, ""water"": 0.05493333333333334, ""transport"": 0.33333333333333337}","{""energy"": 0.8804271226161512, ""water"": 0.7134683177741357, ""transport"": 0.4649086232246057}","{""energy"": 0.21376045594948445, ""water"": 0.6585349844408023, ""transport"": 0.13157528989127232}","{""energy"": 0.0, ""water"": 0.0, ""transport"": 0.0}","{""energy"": 0.0, ""water"": 0.0, ""transport"": 0.0}","{""energy"": 0.0, ""water"": 0.0, ""transport"": 0.0}",0.3,0.1,,0.38314666666666675,1.0,0.6168533333333333,1,"{""energy"": 0.6666666666666667, ""water"": 0.05493333333333334, ""transport"": 0.33333333333333337}","{""energy"": 1.0, ""water"": 1.0, ""transport"": 1.0}","{""energy"": 0.33333333333333326, ""water"": 0.9450666666666666, ""transport"": 0.6666666666666666}",5,0.705683931346083,,,[],,v2.0,0.7,0.3
S4_water_partial,214,214,9022639961817238901,scenario=S4_water_partial|method=both|duration=0|theta=0.300000|delta_threshold=0.100000|A=v2.0|w=na|run_id=214|seed=9022639961817238901,False,"{""step_1_amount"": 0.6504762158924785}",033832c9a51598bd69064fc3910037f6fde292830c04f0066e6d9779dc60f4ca,0.38314666666666675,0.6589394679414394,0.2757928012747727,26,0.0,0.0,0.38314666666666675,0.6589394679414394,0,1,0.2757928012747727,"{""energy"": 0.6666666666666667, ""water"": 0.05493333333333334, ""transport"": 0.33333333333333337}","{""energy"": 0.84944739126504, ""water"": 0.6180286031989316, ""transport"": 0.4458397682524799}","{""energy"": 0.18278072459837325, ""water"": 0.5630952698655982, ""transport"": 0.11250643491914653}","{""energy"": 0.0, ""water"": 0.0, ""transport"": 0.0}","{""energy"": 0.0, ""water"": 0.0, ""transport"": 0.0}","{""energy"": 0.0, ""water"": 0.0, ""transport"": 0.0}",0.3,0.1,,0.38314666666666675,1.0,0.6168533333333333,1,"{""energy"": 0.6666666666666667, ""water"": 0.05493333333333334, ""transport"": 0.33333333333333337}","{""energy"": 1.0, ""water"": 1.0, ""transport"": 1.0}","{""energy"": 0.33333333333333326, ""water"": 0.9450666666666666, ""transport"": 0.6666666666666666}",6,0.6589394679414394,,,[],,v2.0,0.7,0.3
S4_water_partial,215,215,7338719157354193578,scenario=S4_water_partial|method=both|duration=0|theta=0.300000|delta_threshold=0.100000|A=v2.0|w=na|run_id=215|seed=7338719157354193578,False,"{""step_1_amount"": 0.7014582321237698}",033832c9a51598bd69064fc3910037f6fde292830c04f0066e6d9779dc60f4ca,0.38314666666666675,0.6901519328286417,0.307005266161975,11,0.0,0.0,0.38314666666666675,0.6901519328286417,0,1,0.307005266161975,"{""energy"": 0.6666666666666667, ""water"": 0.05493333333333334, ""transport"": 0.33333333333333337}","{""energy"": 0.8701333443508863, ""water"": 0.6817561234880456, ""transport"": 0.4585725268062449}","{""energy"": 0.20346667768421955, ""water"": 0.6268227901547122, ""transport"": 0.12523919347291151}","{""energy"": 0.0, ""water"": 0.0, ""transport"": 0.0}","{""energy"": 0.0, ""water"": 0.0, ""transport"": 0.0}","{""energy"": 0.0, ""water"": 0.0, ""transport"": 0.0}",0.3,0.1,,0.38314666666666675,1.0,0.6168533333333333,1,"{""energy"": 0.6666666666666667, ""water"": 0.05493333333333334, ""transport"": 0.33333333333333337}","{""energy"": 1.0, ""water"": 1.0, ""transport"": 1.0}","{""energy"": 0.33333333333333326, ""water"": 0.9450666666666666, ""transport"": 0.6666666666666666}",6,0.6901519328286417,,,[],,v2.0,0.7,0.3
S4_water_partial,216,216,16605033489344107484,scenario=S4_water_partial|method=both|duration=0|theta=0.300000|delta_threshold=0.100000|A=v2.0|w=na|run_id=216|seed=16605033489344107484,False,"{""step_1_amount"": 0.45557583347217795}",033832c9a51598bd69064fc3910037f6fde292830c04f0066e6d9779dc60f4ca,0.38314666666666675,0.5396165813141709,0.15646991464750415,26,0.0,0.0,0.38314666666666675,0.5396165813141709,0,1,0.15646991464750415,"{""energy"": 0.6666666666666667, ""water"": 0.05493333333333334, ""transport"": 0.33333333333333337}","{""energy"": 0.7703665610980029, ""water"": 0.37440312517355573, ""transport"": 0.3971633977430098}","{""energy"": 0.1036998944313362, ""water"": 0.3194697918402224, ""transport"": 0.06383006440967642}","{""energy"": 0.0, ""water"": 0.0, ""transport"": 0.0}","{""energy"": 0.0, ""water"": 0.0, ""transport"": 0.0}","{""energy"": 0.0, ""water"": 0.0, ""transport"": 0.0}",0.3,0.1,,0.38314666666666675,1.0,0.6168533333333333,1,"{""energy"": 0.6666666666666667, ""water"": 0.05493333333333334, ""transport"": 0.33333333333333337}","{""energy"": 1.0, ""water"": 1.0, ""transport"": 1.0}","{""energy"": 0.33333333333333326, ""water"": 0.9450666666666666, ""transport"": 0.6666666666666666}",9,0.5396165813141709,,,[],,v2.0,0.7,0.3
S4_water_partial,217,217,8667746702949266342,scenario=S4_water_partial|method=both|duration=0|theta=0.300000|delta_threshold=0.100000|A=v2.0|w=na|run_id=217|seed=8667746702949266342,False,"{""step_1_amount"": 0.5109358737993515}",033832c9a51598bd69064fc3910037f6fde292830c04f0066e6d9779dc60f4ca,0.38314666666666675,0.5735093820034747,0.19036271533680793,14,0.0,0.0,0.38314666666666675,0.5735093820034747,0,1,0.19036271533680793,"{""energy"": 0.6666666666666667, ""water"": 0.05493333333333334, ""transport"": 0.33333333333333337}","{""energy"": 0.7928288974607536, ""water"": 0.44360317558252266, ""transport"": 0.4109895678147214}","{""energy"": 0.12616223079408684, ""water"": 0.3886698422491893, ""transport"": 0.07765623448138803}","{""energy"": 0.0, ""water"": 0.0, ""transport"": 0.0}","{""energy"": 0.0, ""water"": 0.0, ""transport"": 0.0}","{""energy"": 0.0, ""water"": 0.0, ""transport"": 0.0}",0.3,0.1,,0.38314666666666675,1.0,0.6168533333333333,1,"{""energy"": 0.6666666666666667, ""water"": 0.05493333333333334, ""transport"": 0.33333333333333337}","{""energy"": 1.0, ""water"": 1.0, ""transport"": 1.0}","{""energy"": 0.33333333333333326, ""water"": 0.9450666666666666, ""transport"": 0.6666666666666666}",8,0.5735093820034747,,,[],,v2.0,0.7,0.3
S4_water_partial,218,218,10261775477346982685,scenario=S4_water_partial|method=both|duration=0|theta=0.300000|delta_threshold=0.100000|A=v2.0|w=na|run_id=218|seed=10261775477346982685,False,"{""step_1_amount"": 0.47580839652653606}",033832c9a51598bd69064fc3910037f6fde292830c04f0066e6d9779dc60f4ca,0.38314666666666675,0.5520034622301253,0.16885679556345856,17,0.0,0.0,0.38314666666666675,0.5520034622301253,0,1,0.16885679556345856,"{""energy"": 0.6666666666666667, ""water"": 0.05493333333333334, ""transport"": 0.33333333333333337}","{""energy"": 0.7785759235573088, ""water"": 0.3996938289915034, ""transport"": 0.40221648036583574}","{""energy"": 0.11190925689064202, ""water"": 0.3447604956581701, ""transport"": 0.06888314703250237}","{""energy"": 0.0, ""water"": 0.0, ""transport"": 0.0}","{""energy"": 0.0, ""water"": 0.0, ""transport"": 0.0}","{""energy"": 0.0, ""water"": 0.0, ""transport"": 0.0}",0.3,0.1,,0.38314666666666675,1.0,0.6168533333333333,1,"{""energy"": 0.6666666666666667, ""water"": 0.05493333333333334, ""transport"": 0.33333333333333337}","{""energy"": 1.0, ""water"": 1.0, ""transport"": 1.0}","{""energy"": 0.33333333333333326, ""water"": 0.9450666666666666, ""transport"": 0.6666666666666666}",9,0.5520034622301253,,,[],,v2.0,0.7,0.3
S4_water_partial,219,219,14897055637632722081,scenario=S4_water_partial|method=both|duration=0|theta=0.300000|delta_threshold=0.100000|A=v2.0|w=na|run_id=219|seed=14897055637632722081,False,"{""step_1_amount"": 0.5616763932955854}",033832c9a51598bd69064fc3910037f6fde292830c04f0066e6d9779dc60f4ca,0.38314666666666675,0.6045739965520565,0.2214273298853897,13,0.0,0.0,0.38314666666666675,0.6045739965520565,0,1,0.2214273298853897,"{""energy"": 0.6666666666666667, ""water"": 0.05493333333333334, ""transport"": 0.33333333333333337}","{""energy"": 0.8134168632463505, ""water"": 0.5070288249528151, ""transport"": 0.42366201255890584}","{""energy"": 0.1467501965796838, ""water"": 0.45209549161948176, ""transport"": 0.09032867922557247}","{""energy"": 0.0, ""water"": 0.0, ""transport"": 0.0}","{""energy"": 0.0, ""water"": 0.0, ""transport"": 0.0}","{""energy"": 0.0, ""water"": 0.0, ""transport"": 0.0}",0.3,0.1,,0.38314666666666675,1.0,0.6168533333333333,1,"{""energy"": 0.6666666666666667, ""water"": 0.05493333333333334, ""transport"": 0.33333333333333337}","{""energy"": 1.0, ""water"": 1.0, ""transport"": 1.0}","{""energy"": 0.33333333333333326, ""water"": 0.9450666666666666, ""transport"": 0.6666666666666666}",8,0.6045739965520565,,,[],,v2.0,0.7,0.3
S4_water_partial,220,220,5987367339448560015,scenario=S4_water_partial|method=both|duration=0|theta=0.300000|delta_threshold=0.100000|A=v2.0|w=na|run_id=220|seed=5987367339448560015,False,"{""step_1_amount"": 0.6601719045150046}",033832c9a51598bd69064fc3910037f6fde292830c04f0066e6d9779dc60f4ca,0.38314666666666675,0.6648754109083653,0.2817287442416986,8,0.0,0.0,0.38314666666666675,0.6648754109083653,0,1,0.2817287442416986,"{""energy"": 0.6666666666666667, ""water"": 0.05493333333333334, ""transport"": 0.33333333333333337}","{""energy"": 0.8533814169236298, ""water"": 0.6301482139770891, ""transport"": 0.44826126648595577}","{""energy"": 0.18671475025696305, ""water"": 0.5752148806437557, ""transport"": 0.1149279331526224}","{""energy"": 0.0, ""water"": 0.0, ""transport"": 0.0}","{""energy"": 0.0, ""water"": 0.0, ""transport"": 0.0}","{""energy"": 0.0, ""water"": 0.0, ""transport"": 0.0}",0.3,0.1,,0.38314666666666675,1.0,0.6168533333333333,1,"{""energy"": 0.6666666666666667, ""water"": 0.05493333333333334, ""transport"": 0.33333333333333337}","{""energy"": 1.0, ""water"": 1.0, ""transport"": 1.0}","{""energy"": 0.33333333333333326, ""water"": 0.9450666666666666, ""transport"": 0.6666666666666666}",6,0.6648754109083653,,,[],,v2.0,0.7,0.3
S4_water_partial,221,221,6621918885542015023,scenario=S4_water_partial|method=both|duration=0|theta=0.300000|delta_threshold=0.100000|A=v2.0|w=na|run_id=221|seed=6621918885542015023,False,"{""step_1_amount"": 0.5421675184846766}",033832c9a51598bd69064fc3910037f6fde292830c04f0066e6d9779dc60f4ca,0.38314666666666675,0.5926301756709479,0.20948350900428114,17,0.0,0.0,0.38314666666666675,0.5926301756709479,0,1,0.20948350900428114,"{""energy"": 0.6666666666666667, ""water"": 0.05493333333333334, ""transport"": 0.33333333333333337}","{""energy"": 0.8055011372918243, ""water"": 0.48264273143917913, ""transport"": 0.41878967107488135}","{""energy"": 0.13883447062515752, ""water"": 0.4277093981058458, ""transport"": 0.08545633774154798}","{""energy"": 0.0, ""water"": 0.0, ""transport"": 0.0}","{""energy"": 0.0, ""water"": 0.0, ""transport"": 0.0}","{""energy"": 0.0, ""water"": 0.0, ""transport"": 0.0}",0.3,0.1,,0.38314666666666675,1.0,0.6168533333333333,1,"{""energy"": 0.6666666666666667, ""water"": 0.05493333333333334, ""transport"": 0.33333333333333337}","{""energy"": 1.0, ""water"": 1.0, ""transport"": 1.0}","{""energy"": 0.33333333333333326, ""water"": 0.9450666666666666, ""transport"": 0.6666666666666666}",8,0.5926301756709479,,,[],,v2.0,0.7,0.3
S4_water_partial,222,222,18063512608376831276,scenario=S4_water_partial|method=both|duration=0|theta=0.300000|delta_threshold=0.100000|A=v2.0|w=na|run_id=222|seed=18063512608376831276,False,"{""step_1_amount"": 0.7666744922873948}",033832c9a51598bd69064fc3910037f6fde292830c04f0066e6d9779dc60f4ca,0.38314666666666675,0.7300789577073171,0.3469322910406504,5,0.0,1.0,0.38314666666666675,0.7300789577073171,1,1,0.3469322910406504,"{""energy"": 0.6666666666666667, ""water"": 0.05493333333333334, ""transport"": 0.33333333333333337}","{""energy"": 0.8965948419122772, ""water"": 0.7632764486925769, ""transport"": 0.4748602877821102}","{""energy"": 0.2299281752456105, ""water"": 0.7083431153592435, ""transport"": 0.14152695444877683}","{""energy"": 0.0, ""water"": 0.0, ""transport"": 0.0}","{""energy"": 1.0, ""water"": 1.0, ""transport"": 1.0}","{""energy"": 1.0, ""water"": 1.0, ""transport"": 1.0}",0.3,0.1,,0.38314666666666675,1.0,0.6168533333333333,1,"{""energy"": 0.6666666666666667, ""water"": 0.05493333333333334, ""transport"": 0.33333333333333337}","{""energy"": 1.0, ""water"": 1.0, ""transport"": 1.0}","{""energy"": 0.33333333333333326, ""water"": 0.9450666666666666, ""transport"": 0.6666666666666666}",5,0.7300789577073171,,,"[""energy"", ""transport""]",1,v2.0,0.7,0.3
S4_water_partial,223,223,4518830521010876958,scenario=S4_water_partial|method=both|duration=0|theta=0.300000|delta_threshold=0.100000|A=v2.0|w=na|run_id=223|seed=4518830521010876958,False,"{""step_1_amount"": 0.6855411009357046}",033832c9a51598bd69064fc3910037f6fde292830c04f0066e6d9779dc60f4ca,0.38314666666666675,0.6804070671870286,0.29726040052036184,28,0.0,0.0,0.38314666666666675,0.6804070671870286,0,1,0.29726040052036184,"{""energy"": 0.6666666666666667, ""water"": 0.05493333333333334, ""transport"": 0.33333333333333337}","{""energy"": 0.863674968371329, ""water"": 0.6618597095029642, ""transport"": 0.4545972232920256}","{""energy"": 0.19700830170466221, ""water"": 0.6069263761696309, ""transport"": 0.12126388995869225}","{""energy"": 0.0, ""water"": 0.0, ""transport"": 0.0}","{""energy"": 0.0, ""water"": 0.0, ""transport"": 0.0}","{""energy"": 0.0, ""water"": 0.0, ""transport"": 0.0}",0.3,0.1,,0.38314666666666675,1.0,0.6168533333333333,1,"{""energy"": 0.6666666666666667, ""water"": 0.05493333333333334, ""transport"": 0.33333333333333337}","{""energy"": 1.0, ""water"": 1.0, ""transport"": 1.0}","{""energy"": 0.33333333333333326, ""water"": 0.9450666666666666, ""transport"": 0.6666666666666666}",6,0.6804070671870286,,,[],,v2.0,0.7,0.3
S4_water_partial,224,224,6144532568587209704,scenario=S4_water_partial|method=both|duration=0|theta=0.300000|delta_threshold=0.100000|A=v2.0|w=na|run_id=224|seed=6144532568587209704,False,"{""step_1_amount"": 0.929247109119174}",033832c9a51598bd69064fc3910037f6fde292830c04f0066e6d9779dc60f4ca,0.38314666666666675,0.829609978047153,0.4464633113804862,19,0.0,1.0,0.38314666666666675,0.829609978047153,1,1,0.4464633113804862,"{""energy"": 0.6666666666666667, ""water"": 0.05493333333333334, ""transport"": 0.33333333333333337}","{""energy"": 0.9625586811917716, ""water"": 0.9664922197323008, ""transport"": 0.5154627988358471}","{""energy"": 0.29589201452510483, ""water"": 0.9115588863989674, ""transport"": 0.18212946550251374}","{""energy"": 0.0, ""water"": 0.0, ""transport"": 0.0}","{""energy"": 1.0, ""water"": 1.0, ""transport"": 1.0}","{""energy"": 1.0, ""water"": 1.0, ""transport"": 1.0}",0.3,0.1,,0.38314666666666675,1.0,0.6168533333333333,1,"{""energy"": 0.6666666666666667, ""water"": 0.05493333333333334, ""transport"": 0.33333333333333337}","{""energy"": 1.0, ""water"": 1.0, ""transport"": 1.0}","{""energy"": 0.33333333333333326, ""water"": 0.9450666666666666, ""transport"": 0.6666666666666666}",3,0.829609978047153,,,"[""energy"", ""transport""]",1,v2.0,0.7,0.3
S4_water_partial,225,225,11383605643073830716,scenario=S4_water_partial|method=both|duration=0|theta=0.300000|delta_threshold=0.100000|A=v2.0|w=na|run_id=225|seed=11383605643073830716,False,"{""step_1_amount"": 0.33944052230738253}",033832c9a51598bd69064fc3910037f6fde292830c04f0066e6d9779dc60f4ca,0.38314666666666675,0.468515640436304,0.08536897376963726,22,0.0,0.0,0.38314666666666675,0.468515640436304,0,0,0.08536897376963726,"{""energy"": 0.6666666666666667, ""water"": 0.05493333333333334, ""transport"": 0.33333333333333337}","{""energy"": 0.7232446585928872, ""water"": 0.22923398621756144, ""transport"": 0.36815860377960213}","{""energy"": 0.05657799192622048, ""water"": 0.1743006528842281, ""transport"": 0.03482527044626876}","{""energy"": 0.0, ""water"": 0.0, ""transport"": 0.0}","{""energy"": 0.0, ""water"": 0.0, ""transport"": 0.0}","{""energy"": 0.0, ""water"": 0.0, ""transport"": 0.0}",0.3,0.1,,0.38314666666666675,1.0,0.6168533333333333,1,"{""energy"": 0.6666666666666667, ""water"": 0.05493333333333334, ""transport"": 0.33333333333333337}","{""energy"": 1.0, ""water"": 1.0, ""transport"": 1.0}","{""energy"": 0.33333333333333326, ""water"": 0.9450666666666666, ""transport"": 0.6666666666666666}",11,0.468515640436304,,,[],,v2.0,0.7,0.3
S4_water_partial,226,226,12044237653699331120,scenario=S4_water_partial|method=both|duration=0|theta=0.300000|delta_threshold=0.100000|A=v2.0|w=na|run_id=226|seed=12044237653699331120,False,"{""step_1_amount"": 0.4198210057131084}",033832c9a51598bd69064fc3910037f6fde292830c04f0066e6d9779dc60f4ca,0.38314666666666675,0.5177265818893745,0.13457991522270774,24,0.0,0.0,0.38314666666666675,0.5177265818893745,0,0,0.13457991522270774,"{""energy"": 0.6666666666666667, ""water"": 0.05493333333333334, ""transport"": 0.33333333333333337}","{""energy"": 0.7558590397347604, ""water"": 0.32970959047471887, ""transport"": 0.3882336295101822}","{""energy"": 0.08919237306809369, ""water"": 0.27477625714138554, ""transport"": 0.05490029617684883}","{""energy"": 0.0, ""water"": 0.0, ""transport"": 0.0}","{""energy"": 0.0, ""water"": 0.0, ""transport"": 0.0}","{""energy"": 0.0, ""water"": 0.0, ""transport"": 0.0}",0.3,0.1,,0.38314666666666675,1.0,0.6168533333333333,1,"{""energy"": 0.6666666666666667, ""water"": 0.05493333333333334, ""transport"": 0.33333333333333337}","{""energy"": 1.0, ""water"": 1.0, ""transport"": 1.0}","{""energy"": 0.33333333333333326, ""water"": 0.9450666666666666, ""transport"": 0.6666666666666666}",9,0.5177265818893745,,,[],,v2.0,0.7,0.3
S4_water_partial,227,227,5400105592762802710,scenario=S4_water_partial|method=both|duration=0|theta=0.300000|delta_threshold=0.100000|A=v2.0|w=na|run_id=227|seed=5400105592762802710,False,"{""step_1_amount"": 0.5558084302828771}",033832c9a51598bd69064fc3910037f6fde292830c04f0066e6d9779dc60f4ca,0.38314666666666675,0.6009814828966011,0.2178348162299344,13,0.0,0.0,0.38314666666666675,0.6009814828966011,0,1,0.2178348162299344,"{""energy"": 0.6666666666666667, ""water"": 0.05493333333333334, ""transport"": 0.33333333333333337}","{""energy"": 0.8110359372539442, ""water"": 0.4996938711869297, ""transport"": 0.4221964887964819}","{""energy"": 0.14436927058727744, ""water"": 0.44476053785359637, ""transport"": 0.08886315546314855}","{""energy"": 0.0, ""water"": 0.0, ""transport"": 0.0}","{""energy"": 0.0, ""water"": 0.0, ""transport"": 0.0}","{""energy"": 0.0, ""water"": 0.0, ""transport"": 0.0}",0.3,0.1,,0.38314666666666675,1.0,0.6168533333333333,1,"{""energy"": 0.6666666666666667, ""water"": 0.05493333333333334, ""transport"": 0.33333333333333337}","{""energy"": 1.0, ""water"": 1.0, ""transport"": 1.0}","{""energy"": 0.33333333333333326, ""water"": 0.9450666666666666, ""transport"": 0.6666666666666666}",8,0.6009814828966011,,,[],,v2.0,0.7,0.3
S4_water_partial,228,228,6697774447647806351,scenario=S4_water_partial|method=both|duration=0|theta=0.300000|delta_threshold=0.100000|A=v2.0|w=na|run_id=228|seed=6697774447647806351,False,"{""step_1_amount"": 0.24088511371932292}",033832c9a51598bd69064fc3910037f6fde292830c04f0066e6d9779dc60f4ca,0.38314666666666675,0.4081775554134792,0.025030888746812474,19,0.0,0.0,0.38314666666666675,0.4081775554134792,0,0,0.025030888746812474,"{""energy"": 0.6666666666666667, ""water"": 0.05493333333333334, ""transport"": 0.33333333333333337}","{""energy"": 0.683255801558282, ""water"": 0.106039725482487, ""transport"": 0.3435443904847343}","{""energy"": 0.016589134891615287, ""water"": 0.051106392149153655, ""transport"": 0.010211057151400915}","{""energy"": 0.0, ""water"": 0.0, ""transport"": 0.0}","{""energy"": 0.0, ""water"": 0.0, ""transport"": 0.0}","{""energy"": 0.0, ""water"": 0.0, ""transport"": 0.0}",0.3,0.1,,0.38314666666666675,1.0,0.6168533333333333,1,"{""energy"": 0.6666666666666667, ""water"": 0.05493333333333334, ""transport"": 0.33333333333333337}","{""energy"": 1.0, ""water"": 1.0, ""transport"": 1.0}","{""energy"": 0.33333333333333326, ""water"": 0.9450666666666666, ""transport"": 0.6666666666666666}",12,0.4081775554134792,,,[],,v2.0,0.7,0.3
S4_water_partial,229,229,3314450818963715993,scenario=S4_water_partial|method=both|duration=0|theta=0.300000|delta_threshold=0.100000|A=v2.0|w=na|run_id=229|seed=3314450818963715993,False,"{""step_1_amount"": 0.19399265959249998}",033832c9a51598bd69064fc3910037f6fde292830c04f0066e6d9779dc60f4ca,0.38314666666666675,0.38314666666666675,0.0,22,0.0,0.0,0.38314666666666675,0.38314666666666675,0,0,0.0,"{""energy"": 0.6666666666666667, ""water"": 0.05493333333333334, ""transport"": 0.33333333333333337}","{""energy"": 0.6666666666666667, ""water"": 0.05493333333333334, ""transport"": 0.33333333333333337}","{""energy"": 0.0, ""water"": 0.0, ""transport"": 0.0}","{""energy"": 0.0, ""water"": 0.0, ""transport"": 0.0}","{""energy"": 0.0, ""water"": 0.0, ""transport"": 0.0}","{""energy"": 0.0, ""water"": 0.0, ""transport"": 0.0}",0.3,0.1,,0.38314666666666675,1.0,0.6168533333333333,1,"{""energy"": 0.6666666666666667, ""water"": 0.05493333333333334, ""transport"": 0.33333333333333337}","{""energy"": 1.0, ""water"": 1.0, ""transport"": 1.0}","{""energy"": 0.33333333333333326, ""water"": 0.9450666666666666, ""transport"": 0.6666666666666666}",13,0.38314666666666675,,,[],,v2.0,0.7,0.3
S4_water_partial,230,230,9087725540877920480,scenario=S4_water_partial|method=both|duration=0|theta=0.300000|delta_threshold=0.100000|A=v2.0|w=na|run_id=230|seed=9087725540877920480,False,"{""step_1_amount"": 0.31217891525909536}",033832c9a51598bd69064fc3910037f6fde292830c04f0066e6d9779dc60f4ca,0.38314666666666675,0.4518254030611663,0.06867873639449956,20,0.0,0.0,0.38314666666666675,0.4518254030611663,0,0,0.06867873639449956,"{""energy"": 0.6666666666666667, ""water"": 0.05493333333333334, ""transport"": 0.33333333333333337}","{""energy"": 0.7121832615330447, ""water"": 0.1951569774072025, ""transport"": 0.3613500174192924}","{""energy"": 0.045516594866377935, ""water"": 0.14022364407386917, ""transport"": 0.02801668408595903}","{""energy"": 0.0, ""water"": 0.0, ""transport"": 0.0}","{""energy"": 0.0, ""water"": 0.0, ""transport"": 0.0}","{""energy"": 0.0, ""water"": 0.0, ""transport"": 0.0}",0.3,0.1,,0.38314666666666675,1.0,0.6168533333333333,1,"{""energy"": 0.6666666666666667, ""water"": 0.05493333333333334, ""transport"": 0.33333333333333337}","{""energy"": 1.0, ""water"": 1.0, ""transport"": 1.0}","{""energy"": 0.33333333333333326, ""water"": 0.9450666666666666, ""transport"": 0.6666666666666666}",11,0.4518254030611663,,,[],,v2.0,0.7,0.3
S4_water_partial,231,231,9293243913261967225,scenario=S4_water_partial|method=both|duration=0|theta=0.300000|delta_threshold=0.100000|A=v2.0|w=na|run_id=231|seed=9293243913261967225,False,"{""step_1_amount"": 0.355178055437381}",033832c9a51598bd69064fc3910037f6fde292830c04f0066e6d9779dc60f4ca,0.38314666666666675,0.4781505516568173,0.09500388499015056,24,0.0,0.0,0.38314666666666675,0.4781505516568173,0,0,0.09500388499015056,"{""energy"": 0.6666666666666667, ""water"": 0.05493333333333334, ""transport"": 0.33333333333333337}","{""energy"": 0.729630162660384, ""water"": 0.24890590263005968, ""transport"": 0.3720890526788193}","{""energy"": 0.06296349599371731, ""water"": 0.19397256929672635, ""transport"": 0.03875571934548594}","{""energy"": 0.0, ""water"": 0.0, ""transport"": 0.0}","{""energy"": 0.0, ""water"": 0.0, ""transport"": 0.0}","{""energy"": 0.0, ""water"": 0.0, ""transport"": 0.0}",0.3,0.1,,0.38314666666666675,1.0,0.6168533333333333,1,"{""energy"": 0.6666666666666667, ""water"": 0.05493333333333334, ""transport"": 0.33333333333333337}","{""energy"": 1.0, ""water"": 1.0, ""transport"": 1.0}","{""energy"": 0.33333333333333326, ""water"": 0.9450666666666666, ""transport"": 0.6666666666666666}",10,0.4781505516568173,,,[],,v2.0,0.7,0.3
S4_water_partial,232,232,17242592692679583099,scenario=S4_water_partial|method=both|duration=0|theta=0.300000|delta_threshold=0.100000|A=v2.0|w=na|run_id=232|seed=17242592692679583099,False,"{""step_1_amount"": 0.5723180363991476}",033832c9a51598bd69064fc3910037f6fde292830c04f0066e6d9779dc60f4ca,0.38314666666666675,0.6110890765011349,0.22794240983446812,12,0.0,0.0,0.38314666666666675,0.6110890765011349,0,1,0.22794240983446812,"{""energy"": 0.6666666666666667, ""water"": 0.05493333333333334, ""transport"": 0.33333333333333337}","{""energy"": 0.8177347099356209, ""water"": 0.5203308788322678, ""transport"": 0.42631976292402046}","{""energy"": 0.15106804326895418, ""water"": 0.4653975454989345, ""transport"": 0.09298642959068709}","{""energy"": 0.0, ""water"": 0.0, ""transport"": 0.0}","{""energy"": 0.0, ""water"": 0.0, ""transport"": 0.0}","{""energy"": 0.0, ""water"": 0.0, ""transport"": 0.0}",0.3,0.1,,0.38314666666666675,1.0,0.6168533333333333,1,"{""energy"": 0.6666666666666667, ""water"": 0.05493333333333334, ""transport"": 0.33333333333333337}","{""energy"": 1.0, ""water"": 1.0, ""transport"": 1.0}","{""energy"": 0.33333333333333326, ""water"": 0.9450666666666666, ""transport"": 0.6666666666666666}",7,0.6110890765011349,,,[],,v2.0,0.7,0.3
S4_water_partial,233,233,13283062073988954493,scenario=S4_water_partial|method=both|duration=0|theta=0.300000|delta_threshold=0.100000|A=v2.0|w=na|run_id=233|seed=13283062073988954493,False,"{""step_1_amount"": 0.8066297094351659}",033832c9a51598bd69064fc3910037f6fde292830c04f0066e6d9779dc60f4ca,0.38314666666666675,0.7545405405256111,0.3713938738589444,8,0.0,1.0,0.38314666666666675,0.7545405405256111,1,1,0.3713938738589444,"{""energy"": 0.6666666666666667, ""water"": 0.05493333333333334, ""transport"": 0.33333333333333337}","{""energy"": 0.9128066712699853, ""water"": 0.8132204701272907, ""transport"": 0.48483910326476604}","{""energy"": 0.24614000460331853, ""water"": 0.7582871367939573, ""transport"": 0.15150576993143267}","{""energy"": 0.0, ""water"": 0.0, ""transport"": 0.0}","{""energy"": 1.0, ""water"": 1.0, ""transport"": 1.0}","{""energy"": 1.0, ""water"": 1.0, ""transport"": 1.0}",0.3,0.1,,0.38314666666666675,1.0,0.6168533333333333,1,"{""energy"": 0.6666666666666667, ""water"": 0.05493333333333334, ""transport"": 0.33333333333333337}","{""energy"": 1.0, ""water"": 1.0, ""transport"": 1.0}","{""energy"": 0.33333333333333326, ""water"": 0.9450666666666666, ""transport"": 0.6666666666666666}",4,0.7545405405256111,,,"[""energy"", ""transport""]",1,v2.0,0.7,0.3
S4_water_partial,234,234,8304396769935107814,scenario=S4_water_partial|method=both|duration=0|theta=0.300000|delta_threshold=0.100000|A=v2.0|w=na|run_id=234|seed=8304396769935107814,False,"{""step_1_amount"": 0.3017380695307526}",033832c9a51598bd69064fc3910037f6fde292830c04f0066e6d9779dc60f4ca,0.38314666666666675,0.44543325628513175,0.062286589618465005,13,0.0,0.0,0.38314666666666675,0.44543325628513175,0,0,0.062286589618465005,"{""energy"": 0.6666666666666667, ""water"": 0.05493333333333334, ""transport"": 0.33333333333333337}","{""energy"": 0.7079468883787696, ""water"": 0.1821059202467742, ""transport"": 0.35874241619863884}","{""energy"": 0.04128022171210288, ""water"": 0.12717258691344085, ""transport"": 0.025409082865305466}","{""energy"": 0.0, ""water"": 0.0, ""transport"": 0.0}","{""energy"": 0.0, ""water"": 0.0, ""transport"": 0.0}","{""energy"": 0.0, ""water"": 0.0, ""transport"": 0.0}",0.3,0.1,,0.38314666666666675,1.0,0.6168533333333333,1,"{""energy"": 0.6666666666666667, ""water"": 0.05493333333333334, ""transport"": 0.33333333333333337}","{""energy"": 1.0, ""water"": 1.0, ""transport"": 1.0}","{""energy"": 0.33333333333333326, ""water"": 0.9450666666666666, ""transport"": 0.6666666666666666}",11,0.44543325628513175,,,[],,v2.0,0.7,0.3
S4_water_partial,235,235,15732487363772118666,scenario=S4_water_partial|method=both|duration=0|theta=0.300000|delta_threshold=0.100000|A=v2.0|w=na|run_id=235|seed=15732487363772118666,False,"{""step_1_amount"": 0.41803451890946475}",033832c9a51598bd69064fc3910037f6fde292830c04f0066e6d9779dc60f4ca,0.38314666666666675,0.5166328500060138,0.13348618333934703,29,0.0,0.0,0.38314666666666675,0.5166328500060138,0,0,0.13348618333934703,"{""energy"": 0.6666666666666667, ""water"": 0.05493333333333334, ""transport"": 0.33333333333333337}","{""energy"": 0.755134172714182, ""water"": 0.32747648197016427, ""transport"": 0.3877874544309722}","{""energy"": 0.0884675060475153, ""water"": 0.27254314863683093, ""transport"": 0.05445412109763881}","{""energy"": 0.0, ""water"": 0.0, ""transport"": 0.0}","{""energy"": 0.0, ""water"": 0.0, ""transport"": 0.0}","{""energy"": 0.0, ""water"": 0.0, ""transport"": 0.0}",0.3,0.1,,0.38314666666666675,1.0,0.6168533333333333,1,"{""energy"": 0.6666666666666667, ""water"": 0.05493333333333334, ""transport"": 0.33333333333333337}","{""energy"": 1.0, ""water"": 1.0, ""transport"": 1.0}","{""energy"": 0.33333333333333326, ""water"": 0.9450666666666666, ""transport"": 0.6666666666666666}",9,0.5166328500060138,,,[],,v2.0,0.7,0.3
S4_water_partial,236,236,17652264925674904497,scenario=S4_water_partial|method=both|duration=0|theta=0.300000|delta_threshold=0.100000|A=v2.0|w=na|run_id=236|seed=17652264925674904497,False,"{""step_1_amount"": 0.9413607582217496}",033832c9a51598bd69064fc3910037f6fde292830c04f0066e6d9779dc60f4ca,0.38314666666666675,0.8370262568689774,0.4538795902023106,16,0.0,1.0,0.38314666666666675,0.8370262568689774,1,1,0.4538795902023106,"{""energy"": 0.6666666666666667, ""water"": 0.05493333333333334, ""transport"": 0.33333333333333337}","{""energy"": 0.9674737943151417, ""water"": 0.9816342811105204, ""transport"": 0.5184881826992154}","{""energy"": 0.30080712764847495, ""water"": 0.926700947777187, ""transport"": 0.185154849365882}","{""energy"": 0.0, ""water"": 0.0, ""transport"": 0.0}","{""energy"": 1.0, ""water"": 1.0, ""transport"": 1.0}","{""energy"": 1.0, ""water"": 1.0, ""transport"": 1.0}",0.3,0.1,,0.38314666666666675,1.0,0.6168533333333333,1,"{""energy"": 0.6666666666666667, ""water"": 0.05493333333333334, ""transport"": 0.33333333333333337}","{""energy"": 1.0, ""water"": 1.0, ""transport"": 1.0}","{""energy"": 0.33333333333333326, ""water"": 0.9450666666666666, ""transport"": 0.6666666666666666}",3,0.8370262568689774,,,"[""energy"", ""transport""]",1,v2.0,0.7,0.3
S4_water_partial,237,237,16920986518664041208,scenario=S4_water_partial|method=both|duration=0|theta=0.300000|delta_threshold=0.100000|A=v2.0|w=na|run_id=237|seed=16920986518664041208,False,"{""step_1_amount"": 0.41426866436913135}",033832c9a51598bd69064fc3910037f6fde292830c04f0066e6d9779dc60f4ca,0.38314666666666675,0.5143272997100582,0.13118063304339145,17,0.0,0.0,0.38314666666666675,0.5143272997100582,0,0,0.13118063304339145,"{""energy"": 0.6666666666666667, ""water"": 0.05493333333333334, ""transport"": 0.33333333333333337}","{""energy"": 0.7536061772344418, ""water"": 0.3227691637947475, ""transport"": 0.38684693225952393}","{""energy"": 0.08693951056777505, ""water"": 0.2678358304614142, ""transport"": 0.053513598926190564}","{""energy"": 0.0, ""water"": 0.0, ""transport"": 0.0}","{""energy"": 0.0, ""water"": 0.0, ""transport"": 0.0}","{""energy"": 0.0, ""water"": 0.0, ""transport"": 0.0}",0.3,0.1,,0.38314666666666675,1.0,0.6168533333333333,1,"{""energy"": 0.6666666666666667, ""water"": 0.05493333333333334, ""transport"": 0.33333333333333337}","{""energy"": 1.0, ""water"": 1.0, ""transport"": 1.0}","{""energy"": 0.33333333333333326, ""water"": 0.9450666666666666, ""transport"": 0.6666666666666666}",10,0.5143272997100582,,,[],,v2.0,0.7,0.3
S4_water_partial,238,238,5599485550851730114,scenario=S4_water_partial|method=both|duration=0|theta=0.300000|delta_threshold=0.100000|A=v2.0|w=na|run_id=238|seed=5599485550851730114,False,"{""step_1_amount"": 0.8127311449425755}",033832c9a51598bd69064fc3910037f6fde292830c04f0066e6d9779dc60f4ca,0.38314666666666675,0.758275991879135,0.3751293252124682,11,0.0,1.0,0.38314666666666675,0.758275991879135,1,1,0.3751293252124682,"{""energy"": 0.6666666666666667, ""water"": 0.05493333333333334, ""transport"": 0.33333333333333337}","{""energy"": 0.9152823287271168, ""water"": 0.8208472645115528, ""transport"": 0.4863629367827416}","{""energy"": 0.24861566206045005, ""water"": 0.7659139311782194, ""transport"": 0.15302960344940825}","{""energy"": 0.0, ""water"": 0.0, ""transport"": 0.0}","{""energy"": 1.0, ""water"": 1.0, ""transport"": 1.0}","{""energy"": 1.0, ""water"": 1.0, ""transport"": 1.0}",0.3,0.1,,0.38314666666666675,1.0,0.6168533333333333,1,"{""energy"": 0.6666666666666667, ""water"": 0.05493333333333334, ""transport"": 0.33333333333333337}","{""energy"": 1.0, ""water"": 1.0, ""transport"": 1.0}","{""energy"": 0.33333333333333326, ""water"": 0.9450666666666666, ""transport"": 0.6666666666666666}",4,0.758275991879135,,,"[""energy"", ""transport""]",1,v2.0,0.7,0.3
S4_water_partial,239,239,6077858718438942800,scenario=S4_water_partial|method=both|duration=0|theta=0.300000|delta_threshold=0.100000|A=v2.0|w=na|run_id=239|seed=6077858718438942800,False,"{""step_1_amount"": 1.14621860065622}",033832c9a51598bd69064fc3910037f6fde292830c04f0066e6d9779dc60f4ca,0.38314666666666675,0.8564466666666667,0.47329999999999994,23,0.0,1.0,0.38314666666666675,0.8564466666666667,1,1,0.47329999999999994,"{""energy"": 0.6666666666666667, ""water"": 0.05493333333333334, ""transport"": 0.33333333333333337}","{""energy"": 0.9912666666666667, ""water"": 1.0, ""transport"": 0.5331333333333333}","{""energy"": 0.3246, ""water"": 0.9450666666666666, ""transport"": 0.19979999999999998}","{""energy"": 0.0, ""water"": 0.0, ""transport"": 0.0}","{""energy"": 1.0, ""water"": 1.0, ""transport"": 1.0}","{""energy"": 1.0, ""water"": 1.0, ""transport"": 1.0}",0.3,0.1,,0.38314666666666675,1.0,0.6168533333333333,1,"{""energy"": 0.6666666666666667, ""water"": 0.05493333333333334, ""transport"": 0.33333333333333337}","{""energy"": 1.0, ""water"": 1.0, ""transport"": 1.0}","{""energy"": 0.33333333333333326, ""water"": 0.9450666666666666, ""transport"": 0.6666666666666666}",3,0.8564466666666667,,,"[""energy"", ""transport""]",1,v2.0,0.7,0.3
S4_water_partial,240,240,14317375776692479773,scenario=S4_water_partial|method=both|duration=0|theta=0.300000|delta_threshold=0.100000|A=v2.0|w=na|run_id=240|seed=14317375776692479773,False,"{""step_1_amount"": 0.7437581489983632}",033832c9a51598bd69064fc3910037f6fde292830c04f0066e6d9779dc60f4ca,0.38314666666666675,0.7160489994371897,0.33290233277052295,8,0.0,0.0,0.38314666666666675,0.7160489994371897,0,1,0.33290233277052295,"{""energy"": 0.6666666666666667, ""water"": 0.05493333333333334, ""transport"": 0.33333333333333337}","{""energy"": 0.8872965356227527, ""water"": 0.7346310195812874, ""transport"": 0.46913693104567455}","{""energy"": 0.22062986895608594, ""water"": 0.679697686247954, ""transport"": 0.13580359771234118}","{""energy"": 0.0, ""water"": 0.0, ""transport"": 0.0}","{""energy"": 0.0, ""water"": 0.0, ""transport"": 0.0}","{""energy"": 0.0, ""water"": 0.0, ""transport"": 0.0}",0.3,0.1,,0.38314666666666675,1.0,0.6168533333333333,1,"{""energy"": 0.6666666666666667, ""water"": 0.05493333333333334, ""transport"": 0.33333333333333337}","{""energy"": 1.0, ""water"": 1.0, ""transport"": 1.0}","{""energy"": 0.33333333333333326, ""water"": 0.9450666666666666, ""transport"": 0.6666666666666666}",5,0.7160489994371897,,,[],,v2.0,0.7,0.3
S4_water_partial,241,241,3757349226887218991,scenario=S4_water_partial|method=both|duration=0|theta=0.300000|delta_threshold=0.100000|A=v2.0|w=na|run_id=241|seed=3757349226887218991,False,"{""step_1_amount"": 0.7426334634411449}",033832c9a51598bd69064fc3910037f6fde292830c04f0066e6d9779dc60f4ca,0.38314666666666675,0.7153604388219217,0.33221377215525494,12,0.0,0.0,0.38314666666666675,0.7153604388219217,0,1,0.33221377215525494,"{""energy"": 0.6666666666666667, ""water"": 0.05493333333333334, ""transport"": 0.33333333333333337}","{""energy"": 0.8868401944579113, ""water"": 0.7332251626347644, ""transport"": 0.46885604082775933}","{""energy"": 0.22017352779124455, ""water"": 0.6782918293014311, ""transport"": 0.13552270749442596}","{""energy"": 0.0, ""water"": 0.0, ""transport"": 0.0}","{""energy"": 0.0, ""water"": 0.0, ""transport"": 0.0}","{""energy"": 0.0, ""water"": 0.0, ""transport"": 0.0}",0.3,0.1,,0.38314666666666675,1.0,0.6168533333333333,1,"{""energy"": 0.6666666666666667, ""water"": 0.05493333333333334, ""transport"": 0.33333333333333337}","{""energy"": 1.0, ""water"": 1.0, ""transport"": 1.0}","{""energy"": 0.33333333333333326, ""water"": 0.9450666666666666, ""transport"": 0.6666666666666666}",5,0.7153604388219217,,,[],,v2.0,0.7,0.3
S4_water_partial,242,242,3152298532013024546,scenario=S4_water_partial|method=both|duration=0|theta=0.300000|delta_threshold=0.100000|A=v2.0|w=na|run_id=242|seed=3152298532013024546,False,"{""step_1_amount"": 0.3883424127826309}",033832c9a51598bd69064fc3910037f6fde292830c04f0066e6d9779dc60f4ca,0.38314666666666675,0.4984546003325129,0.11530793366584613,18,0.0,0.0,0.38314666666666675,0.4984546003325129,0,0,0.11530793366584613,"{""energy"": 0.6666666666666667, ""water"": 0.05493333333333334, ""transport"": 0.33333333333333337}","{""energy"": 0.7430866006532192, ""water"": 0.2903613493116219, ""transport"": 0.3803718509257954}","{""energy"": 0.07641993398655245, ""water"": 0.23542801597828855, ""transport"": 0.047038517592462026}","{""energy"": 0.0, ""water"": 0.0, ""transport"": 0.0}","{""energy"": 0.0, ""water"": 0.0, ""transport"": 0.0}","{""energy"": 0.0, ""water"": 0.0, ""transport"": 0.0}",0.3,0.1,,0.38314666666666675,1.0,0.6168533333333333,1,"{""energy"": 0.6666666666666667, ""water"": 0.05493333333333334, ""transport"": 0.33333333333333337}","{""energy"": 1.0, ""water"": 1.0, ""transport"": 1.0}","{""energy"": 0.33333333333333326, ""water"": 0.9450666666666666, ""transport"": 0.6666666666666666}",10,0.4984546003325129,,,[],,v2.0,0.7,0.3
S4_water_partial,243,243,13395081949567507287,scenario=S4_water_partial|method=both|duration=0|theta=0.300000|delta_threshold=0.100000|A=v2.0|w=na|run_id=243|seed=13395081949567507287,False,"{""step_1_amount"": 0.683275774872019}",033832c9a51598bd69064fc3910037f6fde292830c04f0066e6d9779dc60f4ca,0.38314666666666675,0.6790201779376885,0.2958735112710218,26,0.0,0.0,0.38314666666666675,0.6790201779376885,0,1,0.2958735112710218,"{""energy"": 0.6666666666666667, ""water"": 0.05493333333333334, ""transport"": 0.33333333333333337}","{""energy"": 0.8627558123209884, ""water"": 0.659028051923357, ""transport"": 0.4540314581076201}","{""energy"": 0.19608914565432167, ""water"": 0.6040947185900236, ""transport"": 0.12069812477428671}","{""energy"": 0.0, ""water"": 0.0, ""transport"": 0.0}","{""energy"": 0.0, ""water"": 0.0, ""transport"": 0.0}","{""energy"": 0.0, ""water"": 0.0, ""transport"": 0.0}",0.3,0.1,,0.38314666666666675,1.0,0.6168533333333333,1,"{""energy"": 0.6666666666666667, ""water"": 0.05493333333333334, ""transport"": 0.33333333333333337}","{""energy"": 1.0, ""water"": 1.0, ""transport"": 1.0}","{""energy"": 0.33333333333333326, ""water"": 0.9450666666666666, ""transport"": 0.6666666666666666}",6,0.6790201779376885,,,[],,v2.0,0.7,0.3
S4_water_partial,244,244,6056072998014009543,scenario=S4_water_partial|method=both|duration=0|theta=0.300000|delta_threshold=0.100000|A=v2.0|w=na|run_id=244|seed=6056072998014009543,False,"{""step_1_amount"": 0.3048090079014266}",033832c9a51598bd69064fc3910037f6fde292830c04f0066e6d9779dc60f4ca,0.38314666666666675,0.4473133615291176,0.06416669486245086,17,0.0,0.0,0.38314666666666675,0.4473133615291176,0,0,0.06416669486245086,"{""energy"": 0.6666666666666667, ""water"": 0.05493333333333334, ""transport"": 0.33333333333333337}","{""energy"": 0.7091929216226706, ""water"": 0.18594459321011664, ""transport"": 0.35950938305671465}","{""energy"": 0.04252625495600382, ""water"": 0.1310112598767833, ""transport"": 0.02617604972338128}","{""energy"": 0.0, ""water"": 0.0, ""transport"": 0.0}","{""energy"": 0.0, ""water"": 0.0, ""transport"": 0.0}","{""energy"": 0.0, ""water"": 0.0, ""transport"": 0.0}",0.3,0.1,,0.38314666666666675,1.0,0.6168533333333333,1,"{""energy"": 0.6666666666666667, ""water"": 0.05493333333333334, ""transport"": 0.33333333333333337}","{""energy"": 1.0, ""water"": 1.0, ""transport"": 1.0}","{""energy"": 0.33333333333333326, ""water"": 0.9450666666666666, ""transport"": 0.6666666666666666}",11,0.4473133615291176,,,[],,v2.0,0.7,0.3
S4_water_partial,245,245,773009128104310757,scenario=S4_water_partial|method=both|duration=0|theta=0.300000|delta_threshold=0.100000|A=v2.0|w=na|run_id=245|seed=773009128104310757,False,"{""step_1_amount"": 0.6190596227569146}",033832c9a51598bd69064fc3910037f6fde292830c04f0066e6d9779dc60f4ca,0.38314666666666675,0.6397054442090188,0.256558777542352,18,0.0,0.0,0.38314666666666675,0.6397054442090188,0,1,0.256558777542352,"{""energy"": 0.6666666666666667, ""water"": 0.05493333333333334, ""transport"": 0.33333333333333337}","{""energy"": 0.8367001086002849, ""water"": 0.5787578617794766, ""transport"": 0.4379934741168728}","{""energy"": 0.17003344193361813, ""water"": 0.5238245284461432, ""transport"": 0.10466014078353941}","{""energy"": 0.0, ""water"": 0.0, ""transport"": 0.0}","{""energy"": 0.0, ""water"": 0.0, ""transport"": 0.0}","{""energy"": 0.0, ""water"": 0.0, ""transport"": 0.0}",0.3,0.1,,0.38314666666666675,1.0,0.6168533333333333,1,"{""energy"": 0.6666666666666667, ""water"": 0.05493333333333334, ""transport"": 0.33333333333333337}","{""energy"": 1.0, ""water"": 1.0, ""transport"": 1.0}","{""energy"": 0.33333333333333326, ""water"": 0.9450666666666666, ""transport"": 0.6666666666666666}",7,0.6397054442090188,,,[],,v2.0,0.7,0.3
S4_water_partial,246,246,5029357869793215267,scenario=S4_water_partial|method=both|duration=0|theta=0.300000|delta_threshold=0.100000|A=v2.0|w=na|run_id=246|seed=5029357869793215267,False,"{""step_1_amount"": 0.7180356583903796}",033832c9a51598bd69064fc3910037f6fde292830c04f0066e6d9779dc60f4ca,0.38314666666666675,0.7003010476247169,0.31715438095805015,14,0.0,0.0,0.38314666666666675,0.7003010476247169,0,1,0.31715438095805015,"{""energy"": 0.6666666666666667, ""water"": 0.05493333333333334, ""transport"": 0.33333333333333337}","{""energy"": 0.8768596350585633, ""water"": 0.702477906321308, ""transport"": 0.4627127390163307}","{""energy"": 0.2101929683918966, ""water"": 0.6475445729879746, ""transport"": 0.12937940568299733}","{""energy"": 0.0, ""water"": 0.0, ""transport"": 0.0}","{""energy"": 0.0, ""water"": 0.0, ""transport"": 0.0}","{""energy"": 0.0, ""water"": 0.0, ""transport"": 0.0}",0.3,0.1,,0.38314666666666675,1.0,0.6168533333333333,1,"{""energy"": 0.6666666666666667, ""water"": 0.05493333333333334, ""transport"": 0.33333333333333337}","{""energy"": 1.0, ""water"": 1.0, ""transport"": 1.0}","{""energy"": 0.33333333333333326, ""water"": 0.9450666666666666, ""transport"": 0.6666666666666666}",6,0.7003010476247169,,,[],,v2.0,0.7,0.3
S4_water_partial,247,247,8282517523305274076,scenario=S4_water_partial|method=both|duration=0|theta=0.300000|delta_threshold=0.100000|A=v2.0|w=na|run_id=247|seed=8282517523305274076,False,"{""step_1_amount"": 0.8191148678229357}",033832c9a51598bd69064fc3910037f6fde292830c04f0066e6d9779dc60f4ca,0.38314666666666675,0.7621842666195635,0.37903759995289676,21,0.0,1.0,0.38314666666666675,0.7621842666195635,1,1,0.37903759995289676,"{""energy"": 0.6666666666666667, ""water"": 0.05493333333333334, ""transport"": 0.33333333333333337}","{""energy"": 0.9178725242858229, ""water"": 0.828826918112003, ""transport"": 0.48795727157211155}","{""energy"": 0.25120585761915615, ""water"": 0.7738935847786697, ""transport"": 0.15462393823877818}","{""energy"": 0.0, ""water"": 0.0, ""transport"": 0.0}","{""energy"": 1.0, ""water"": 1.0, ""transport"": 1.0}","{""energy"": 1.0, ""water"": 1.0, ""transport"": 1.0}",0.3,0.1,,0.38314666666666675,1.0,0.6168533333333333,1,"{""energy"": 0.6666666666666667, ""water"": 0.05493333333333334, ""transport"": 0.33333333333333337}","{""energy"": 1.0, ""water"": 1.0, ""transport"": 1.0}","{""energy"": 0.33333333333333326, ""water"": 0.9450666666666666, ""transport"": 0.6666666666666666}",4,0.7621842666195635,,,"[""energy"", ""transport""]",1,v2.0,0.7,0.3
S4_water_partial,248,248,11828230636872109814,scenario=S4_water_partial|method=both|duration=0|theta=0.300000|delta_threshold=0.100000|A=v2.0|w=na|run_id=248|seed=11828230636872109814,False,"{""step_1_amount"": 0.6730059019225465}",033832c9a51598bd69064fc3910037f6fde292830c04f0066e6d9779dc60f4ca,0.38314666666666675,0.6727327049711979,0.2895860383045311,29,0.0,0.0,0.38314666666666675,0.6727327049711979,0,1,0.2895860383045311,"{""energy"": 0.6666666666666667, ""water"": 0.05493333333333334, ""transport"": 0.33333333333333337}","{""energy"": 0.85858881137174, ""water"": 0.6461907107365166, ""transport"": 0.4514665573384894}","{""energy"": 0.1919221447050733, ""water"": 0.5912573774031832, ""transport"": 0.11813322400515602}","{""energy"": 0.0, ""water"": 0.0, ""transport"": 0.0}","{""energy"": 0.0, ""water"": 0.0, ""transport"": 0.0}","{""energy"": 0.0, ""water"": 0.0, ""transport"": 0.0}",0.3,0.1,,0.38314666666666675,1.0,0.6168533333333333,1,"{""energy"": 0.6666666666666667, ""water"": 0.05493333333333334, ""transport"": 0.33333333333333337}","{""energy"": 1.0, ""water"": 1.0, ""transport"": 1.0}","{""energy"": 0.33333333333333326, ""water"": 0.9450666666666666, ""transport"": 0.6666666666666666}",6,0.6727327049711979,,,[],,v2.0,0.7,0.3
S4_water_partial,249,249,16820205131626011943,scenario=S4_water_partial|method=both|duration=0|theta=0.300000|delta_threshold=0.100000|A=v2.0|w=na|run_id=249|seed=16820205131626011943,False,"{""step_1_amount"": 0.5277606553527058}",033832c9a51598bd69064fc3910037f6fde292830c04f0066e6d9779dc60f4ca,0.38314666666666675,0.5838099338899769,0.20066326722331018,30,0.0,0.0,0.38314666666666675,0.5838099338899769,0,1,0.20066326722331018,"{""energy"": 0.6666666666666667, ""water"": 0.05493333333333334, ""transport"": 0.33333333333333337}","{""energy"": 0.799655552576027, ""water"": 0.46463415252421547, ""transport"": 0.41519155700767163}","{""energy"": 0.1329888859093603, ""water"": 0.40970081919088214, ""transport"": 0.08185822367433826}","{""energy"": 0.0, ""water"": 0.0, ""transport"": 0.0}","{""energy"": 0.0, ""water"": 0.0, ""transport"": 0.0}","{""energy"": 0.0, ""water"": 0.0, ""transport"": 0.0}",0.3,0.1,,0.38314666666666675,1.0,0.6168533333333333,1,"{""energy"": 0.6666666666666667, ""water"": 0.05493333333333334, ""transport"": 0.33333333333333337}","{""energy"": 1.0, ""water"": 1.0, ""transport"": 1.0}","{""energy"": 0.33333333333333326, ""water"": 0.9450666666666666, ""transport"": 0.6666666666666666}",8,0.5838099338899769,,,[],,v2.0,0.7,0.3
S4_water_partial,250,250,8073889792284042461,scenario=S4_water_partial|method=both|duration=0|theta=0.300000|delta_threshold=0.100000|A=v2.0|w=na|run_id=250|seed=8073889792284042461,False,"{""step_1_amount"": 0.4841843404614692}",033832c9a51598bd69064fc3910037f6fde292830c04f0066e6d9779dc60f4ca,0.38314666666666675,0.5571314245056898,0.173984757839023,19,0.0,0.0,0.38314666666666675,0.5571314245056898,0,1,0.173984757839023,"{""energy"": 0.6666666666666667, ""water"": 0.05493333333333334, ""transport"": 0.33333333333333337}","{""energy"": 0.7819744628089079, ""water"": 0.4101637589101699, ""transport"": 0.4043083723635853}","{""energy"": 0.11530779614224118, ""water"": 0.35523042557683654, ""transport"": 0.07097503903025193}","{""energy"": 0.0, ""water"": 0.0, ""transport"": 0.0}","{""energy"": 0.0, ""water"": 0.0, ""transport"": 0.0}","{""energy"": 0.0, ""water"": 0.0, ""transport"": 0.0}",0.3,0.1,,0.38314666666666675,1.0,0.6168533333333333,1,"{""energy"": 0.6666666666666667, ""water"": 0.05493333333333334, ""transport"": 0.33333333333333337}","{""energy"": 1.0, ""water"": 1.0, ""transport"": 1.0}","{""energy"": 0.33333333333333326, ""water"": 0.9450666666666666, ""transport"": 0.6666666666666666}",9,0.5571314245056898,,,[],,v2.0,0.7,0.3
S4_water_partial,251,251,7705760685586959960,scenario=S4_water_partial|method=both|duration=0|theta=0.300000|delta_threshold=0.100000|A=v2.0|w=na|run_id=251|seed=7705760685586959960,False,"{""step_1_amount"": 1.1709642099677218}",033832c9a51598bd69064fc3910037f6fde292830c04f0066e6d9779dc60f4ca,0.38314666666666675,0.8564466666666667,0.47329999999999994,8,0.0,1.0,0.38314666666666675,0.8564466666666667,1,1,0.47329999999999994,"{""energy"": 0.6666666666666667, ""water"": 0.05493333333333334, ""transport"": 0.33333333333333337}","{""energy"": 0.9912666666666667, ""water"": 1.0, ""transport"": 0.5331333333333333}","{""energy"": 0.3246, ""water"": 0.9450666666666666, ""transport"": 0.19979999999999998}","{""energy"": 0.0, ""water"": 0.0, ""transport"": 0.0}","{""energy"": 1.0, ""water"": 1.0, ""transport"": 1.0}","{""energy"": 1.0, ""water"": 1.0, ""transport"": 1.0}",0.3,0.1,,0.38314666666666675,1.0,0.6168533333333333,1,"{""energy"": 0.6666666666666667, ""water"": 0.05493333333333334, ""transport"": 0.33333333333333337}","{""energy"": 1.0, ""water"": 1.0, ""transport"": 1.0}","{""energy"": 0.33333333333333326, ""water"": 0.9450666666666666, ""transport"": 0.6666666666666666}",3,0.8564466666666667,,,"[""energy"", ""transport""]",1,v2.0,0.7,0.3
S4_water_partial,252,252,3526804154298916838,scenario=S4_water_partial|method=both|duration=0|theta=0.300000|delta_threshold=0.100000|A=v2.0|w=na|run_id=252|seed=3526804154298916838,False,"{""step_1_amount"": 0.967711015146863}",033832c9a51598bd69064fc3910037f6fde292830c04f0066e6d9779dc60f4ca,0.38314666666666675,0.8487869122348813,0.4656402455682146,5,0.0,1.0,0.38314666666666675,0.8487869122348813,1,1,0.4656402455682146,"{""energy"": 0.6666666666666667, ""water"": 0.05493333333333334, ""transport"": 0.33333333333333337}","{""energy"": 0.9781654110625064, ""water"": 1.0, ""transport"": 0.5250691593662624}","{""energy"": 0.3114987443958397, ""water"": 0.9450666666666666, ""transport"": 0.19173582603292905}","{""energy"": 0.0, ""water"": 0.0, ""transport"": 0.0}","{""energy"": 1.0, ""water"": 1.0, ""transport"": 1.0}","{""energy"": 1.0, ""water"": 1.0, ""transport"": 1.0}",0.3,0.1,,0.38314666666666675,1.0,0.6168533333333333,1,"{""energy"": 0.6666666666666667, ""water"": 0.05493333333333334, ""transport"": 0.33333333333333337}","{""energy"": 1.0, ""water"": 1.0, ""transport"": 1.0}","{""energy"": 0.33333333333333326, ""water"": 0.9450666666666666, ""transport"": 0.6666666666666666}",3,0.8487869122348813,,,"[""energy"", ""transport""]",1,v2.0,0.7,0.3
S4_water_partial,253,253,3922056785877321933,scenario=S4_water_partial|method=both|duration=0|theta=0.300000|delta_threshold=0.100000|A=v2.0|w=na|run_id=253|seed=3922056785877321933,False,"{""step_1_amount"": 0.8341077589788723}",033832c9a51598bd69064fc3910037f6fde292830c04f0066e6d9779dc60f4ca,0.38314666666666675,0.7713632894075069,0.3882166227408401,10,0.0,1.0,0.38314666666666675,0.7713632894075069,1,1,0.3882166227408401,"{""energy"": 0.6666666666666667, ""water"": 0.05493333333333334, ""transport"": 0.33333333333333337}","{""energy"": 0.9239558898723441, ""water"": 0.8475680320569238, ""transport"": 0.49170174613830675}","{""energy"": 0.2572892232056774, ""water"": 0.7926346987235904, ""transport"": 0.15836841280497338}","{""energy"": 0.0, ""water"": 0.0, ""transport"": 0.0}","{""energy"": 1.0, ""water"": 1.0, ""transport"": 1.0}","{""energy"": 1.0, ""water"": 1.0, ""transport"": 1.0}",0.3,0.1,,0.38314666666666675,1.0,0.6168533333333333,1,"{""energy"": 0.6666666666666667, ""water"": 0.05493333333333334, ""transport"": 0.33333333333333337}","{""energy"": 1.0, ""water"": 1.0, ""transport"": 1.0}","{""energy"": 0.33333333333333326, ""water"": 0.9450666666666666, ""transport"": 0.6666666666666666}",4,0.7713632894075069,,,"[""energy"", ""transport""]",1,v2.0,0.7,0.3
S4_water_partial,254,254,7727351927119672105,scenario=S4_water_partial|method=both|duration=0|theta=0.300000|delta_threshold=0.100000|A=v2.0|w=na|run_id=254|seed=7727351927119672105,False,"{""step_1_amount"": 0.551942684466781}",033832c9a51598bd69064fc3910037f6fde292830c04f0066e6d9779dc60f4ca,0.38314666666666675,0.5986147766643417,0.21546810999767496,28,0.0,0.0,0.38314666666666675,0.5986147766643417,0,1,0.21546810999767496,"{""energy"": 0.6666666666666667, ""water"": 0.05493333333333334, ""transport"": 0.33333333333333337}","{""energy"": 0.8094674108890632, ""water"": 0.49486168891680954, ""transport"": 0.4212310187789119}","{""energy"": 0.14280074422239641, ""water"": 0.4399283555834762, ""transport"": 0.08789768544557852}","{""energy"": 0.0, ""water"": 0.0, ""transport"": 0.0}","{""energy"": 0.0, ""water"": 0.0, ""transport"": 0.0}","{""energy"": 0.0, ""water"": 0.0, ""transport"": 0.0}",0.3,0.1,,0.38314666666666675,1.0,0.6168533333333333,1,"{""energy"": 0.6666666666666667, ""water"": 0.05493333333333334, ""transport"": 0.33333333333333337}","{""energy"": 1.0, ""water"": 1.0, ""transport"": 1.0}","{""energy"": 0.33333333333333326, ""water"": 0.9450666666666666, ""transport"": 0.6666666666666666}",8,0.5986147766643417,,,[],,v2.0,0.7,0.3
S4_water_partial,255,255,7073381154389801629,scenario=S4_water_partial|method=both|duration=0|theta=0.300000|delta_threshold=0.100000|A=v2.0|w=na|run_id=255|seed=7073381154389801629,False,"{""step_1_amount"": 0.4002556317109673}",033832c9a51598bd69064fc3910037f6fde292830c04f0066e6d9779dc60f4ca,0.38314666666666675,0.5057481707909136,0.12260150412424686,11,0.0,0.0,0.38314666666666675,0.5057481707909136,0,0,0.12260150412424686,"{""energy"": 0.6666666666666667, ""water"": 0.05493333333333334, ""transport"": 0.33333333333333337}","{""energy"": 0.7479203892333917, ""water"": 0.3052528729720424, ""transport"": 0.38334717735314744}","{""energy"": 0.08125372256672492, ""water"": 0.25031953963870907, ""transport"": 0.05001384401981407}","{""energy"": 0.0, ""water"": 0.0, ""transport"": 0.0}","{""energy"": 0.0, ""water"": 0.0, ""transport"": 0.0}","{""energy"": 0.0, ""water"": 0.0, ""transport"": 0.0}",0.3,0.1,,0.38314666666666675,1.0,0.6168533333333333,1,"{""energy"": 0.6666666666666667, ""water"": 0.05493333333333334, ""transport"": 0.33333333333333337}","{""energy"": 1.0, ""water"": 1.0, ""transport"": 1.0}","{""energy"": 0.33333333333333326, ""water"": 0.9450666666666666, ""transport"": 0.6666666666666666}",10,0.5057481707909136,,,[],,v2.0,0.7,0.3
S4_water_partial,256,256,10886670620313985832,scenario=S4_water_partial|method=both|duration=0|theta=0.300000|delta_threshold=0.100000|A=v2.0|w=na|run_id=256|seed=10886670620313985832,False,"{""step_1_amount"": 0.46406124205001426}",033832c9a51598bd69064fc3910037f6fde292830c04f0066e6d9779dc60f4ca,0.38314666666666675,0.5448115605807367,0.1616648939140699,27,0.0,0.0,0.38314666666666675,0.5448115605807367,0,1,0.1616648939140699,"{""energy"": 0.6666666666666667, ""water"": 0.05493333333333334, ""transport"": 0.33333333333333337}","{""energy"": 0.77380951562846, ""water"": 0.3850098858958511, ""transport"": 0.3992826285353244}","{""energy"": 0.10714284896179327, ""water"": 0.3300765525625178, ""transport"": 0.06594929520199105}","{""energy"": 0.0, ""water"": 0.0, ""transport"": 0.0}","{""energy"": 0.0, ""water"": 0.0, ""transport"": 0.0}","{""energy"": 0.0, ""water"": 0.0, ""transport"": 0.0}",0.3,0.1,,0.38314666666666675,1.0,0.6168533333333333,1,"{""energy"": 0.6666666666666667, ""water"": 0.05493333333333334, ""transport"": 0.33333333333333337}","{""energy"": 1.0, ""water"": 1.0, ""transport"": 1.0}","{""energy"": 0.33333333333333326, ""water"": 0.9450666666666666, ""transport"": 0.6666666666666666}",9,0.5448115605807367,,,[],,v2.0,0.7,0.3
S4_water_partial,257,257,1243420533343809697,scenario=S4_water_partial|method=both|duration=0|theta=0.300000|delta_threshold=0.100000|A=v2.0|w=na|run_id=257|seed=1243420533343809697,False,"{""step_1_amount"": 0.8760248101437597}",033832c9a51598bd69064fc3910037f6fde292830c04f0066e6d9779dc60f4ca,0.38314666666666675,0.7970259560569299,0.4138792893902632,30,0.0,1.0,0.38314666666666675,0.7970259560569299,1,1,0.4138792893902632,"{""energy"": 0.6666666666666667, ""water"": 0.05493333333333334, ""transport"": 0.33333333333333337}","{""energy"": 0.9409637333824972, ""water"": 0.8999643460130329, ""transport"": 0.5021705296667374}","{""energy"": 0.27429706671583043, ""water"": 0.8450310126796995, ""transport"": 0.168837196333404}","{""energy"": 0.0, ""water"": 0.0, ""transport"": 0.0}","{""energy"": 1.0, ""water"": 1.0, ""transport"": 1.0}","{""energy"": 1.0, ""water"": 1.0, ""transport"": 1.0}",0.3,0.1,,0.38314666666666675,1.0,0.6168533333333333,1,"{""energy"": 0.6666666666666667, ""water"": 0.05493333333333334, ""transport"": 0.33333333333333337}","{""energy"": 1.0, ""water"": 1.0, ""transport"": 1.0}","{""energy"": 0.33333333333333326, ""water"": 0.9450666666666666, ""transport"": 0.6666666666666666}",4,0.7970259560569299,,,"[""energy"", ""transport""]",1,v2.0,0.7,0.3
S4_water_partial,258,258,15244541334168579325,scenario=S4_water_partial|method=both|duration=0|theta=0.300000|delta_threshold=0.100000|A=v2.0|w=na|run_id=258|seed=15244541334168579325,False,"{""step_1_amount"": 0.9644798787246497}",033832c9a51598bd69064fc3910037f6fde292830c04f0066e6d9779dc60f4ca,0.38314666666666675,0.8480204058971217,0.46487373923045494,10,0.0,1.0,0.38314666666666675,0.8480204058971217,1,1,0.46487373923045494,"{""energy"": 0.6666666666666667, ""water"": 0.05493333333333334, ""transport"": 0.33333333333333337}","{""energy"": 0.9768543774591933, ""water"": 1.0, ""transport"": 0.5242621830448146}","{""energy"": 0.3101877107925266, ""water"": 0.9450666666666666, ""transport"": 0.19092884971148127}","{""energy"": 0.0, ""water"": 0.0, ""transport"": 0.0}","{""energy"": 1.0, ""water"": 1.0, ""transport"": 1.0}","{""energy"": 1.0, ""water"": 1.0, ""transport"": 1.0}",0.3,0.1,,0.38314666666666675,1.0,0.6168533333333333,1,"{""energy"": 0.6666666666666667, ""water"": 0.05493333333333334, ""transport"": 0.33333333333333337}","{""energy"": 1.0, ""water"": 1.0, ""transport"": 1.0}","{""energy"": 0.33333333333333326, ""water"": 0.9450666666666666, ""transport"": 0.6666666666666666}",3,0.8480204058971217,,,"[""energy"", ""transport""]",1,v2.0,0.7,0.3
S4_water_partial,259,259,15439748292438212473,scenario=S4_water_partial|method=both|duration=0|theta=0.300000|delta_threshold=0.100000|A=v2.0|w=na|run_id=259|seed=15439748292438212473,False,"{""step_1_amount"": 0.7017906414621496}",033832c9a51598bd69064fc3910037f6fde292830c04f0066e6d9779dc60f4ca,0.38314666666666675,0.6903554421358313,0.3072087754691646,28,0.0,0.0,0.38314666666666675,0.6903554421358313,0,1,0.3072087754691646,"{""energy"": 0.6666666666666667, ""water"": 0.05493333333333334, ""transport"": 0.33333333333333337}","{""energy"": 0.8702682194399339, ""water"": 0.6821716351610204, ""transport"": 0.4586555460385052}","{""energy"": 0.2036015527732672, ""water"": 0.627238301827687, ""transport"": 0.12532221270517185}","{""energy"": 0.0, ""water"": 0.0, ""transport"": 0.0}","{""energy"": 0.0, ""water"": 0.0, ""transport"": 0.0}","{""energy"": 0.0, ""water"": 0.0, ""transport"": 0.0}",0.3,0.1,,0.38314666666666675,1.0,0.6168533333333333,1,"{""energy"": 0.6666666666666667, ""water"": 0.05493333333333334, ""transport"": 0.33333333333333337}","{""energy"": 1.0, ""water"": 1.0, ""transport"": 1.0}","{""energy"": 0.33333333333333326, ""water"": 0.9450666666666666, ""transport"": 0.6666666666666666}",6,0.6903554421358313,,,[],,v2.0,0.7,0.3
S4_water_partial,260,260,854345690412942281,scenario=S4_water_partial|method=both|duration=0|theta=0.300000|delta_threshold=0.100000|A=v2.0|w=na|run_id=260|seed=854345690412942281,False,"{""step_1_amount"": 0.4681596596386041}",033832c9a51598bd69064fc3910037f6fde292830c04f0066e6d9779dc60f4ca,0.38314666666666675,0.5473207142889112,0.1641740476222444,26,0.0,0.0,0.38314666666666675,0.5473207142889112,0,1,0.1641740476222444,"{""energy"": 0.6666666666666667, ""water"": 0.05493333333333334, ""transport"": 0.33333333333333337}","{""energy"": 0.7754724485650304, ""water"": 0.3901329078815885, ""transport"": 0.40030620832807473}","{""energy"": 0.10880578189836365, ""water"": 0.33519957454825516, ""transport"": 0.06697287499474136}","{""energy"": 0.0, ""water"": 0.0, ""transport"": 0.0}","{""energy"": 0.0, ""water"": 0.0, ""transport"": 0.0}","{""energy"": 0.0, ""water"": 0.0, ""transport"": 0.0}",0.3,0.1,,0.38314666666666675,1.0,0.6168533333333333,1,"{""energy"": 0.6666666666666667, ""water"": 0.05493333333333334, ""transport"": 0.33333333333333337}","{""energy"": 1.0, ""water"": 1.0, ""transport"": 1.0}","{""energy"": 0.33333333333333326, ""water"": 0.9450666666666666, ""transport"": 0.6666666666666666}",9,0.5473207142889112,,,[],,v2.0,0.7,0.3
S4_water_partial,261,261,17513880283274102299,scenario=S4_water_partial|method=both|duration=0|theta=0.300000|delta_threshold=0.100000|A=v2.0|w=na|run_id=261|seed=17513880283274102299,False,"{""step_1_amount"": 0.5923078418863644}",033832c9a51598bd69064fc3910037f6fde292830c04f0066e6d9779dc60f4ca,0.38314666666666675,0.6233273351655462,0.24018066849887942,27,0.0,0.0,0.38314666666666675,0.6233273351655462,0,1,0.24018066849887942,"{""energy"": 0.6666666666666667, ""water"": 0.05493333333333334, ""transport"": 0.33333333333333337}","{""energy"": 0.8258455735120591, ""water"": 0.5453181356912888, ""transport"": 0.43131221684445287}","{""energy"": 0.15917890684539238, ""water"": 0.4903848023579555, ""transport"": 0.0979788835111195}","{""energy"": 0.0, ""water"": 0.0, ""transport"": 0.0}","{""energy"": 0.0, ""water"": 0.0, ""transport"": 0.0}","{""energy"": 0.0, ""water"": 0.0, ""transport"": 0.0}",0.3,0.1,,0.38314666666666675,1.0,0.6168533333333333,1,"{""energy"": 0.6666666666666667, ""water"": 0.05493333333333334, ""transport"": 0.33333333333333337}","{""energy"": 1.0, ""water"": 1.0, ""transport"": 1.0}","{""energy"": 0.33333333333333326, ""water"": 0.9450666666666666, ""transport"": 0.6666666666666666}",7,0.6233273351655462,,,[],,v2.0,0.7,0.3
S4_water_partial,262,262,13754148185629297635,scenario=S4_water_partial|method=both|duration=0|theta=0.300000|delta_threshold=0.100000|A=v2.0|w=na|run_id=262|seed=13754148185629297635,False,"{""step_1_amount"": 0.7754990006648539}",033832c9a51598bd69064fc3910037f6fde292830c04f0066e6d9779dc60f4ca,0.38314666666666675,0.7354815423487069,0.35233487568204014,7,0.0,1.0,0.38314666666666675,0.7354815423487069,1,1,0.35233487568204014,"{""energy"": 0.6666666666666667, ""water"": 0.05493333333333334, ""transport"": 0.33333333333333337}","{""energy"": 0.9001753861864312, ""water"": 0.7743070841644006, ""transport"": 0.4770642087493806}","{""energy"": 0.23350871951976448, ""water"": 0.7193737508310672, ""transport"": 0.14373087541604723}","{""energy"": 0.0, ""water"": 0.0, ""transport"": 0.0}","{""energy"": 1.0, ""water"": 1.0, ""transport"": 1.0}","{""energy"": 1.0, ""water"": 1.0, ""transport"": 1.0}",0.3,0.1,,0.38314666666666675,1.0,0.6168533333333333,1,"{""energy"": 0.6666666666666667, ""water"": 0.05493333333333334, ""transport"": 0.33333333333333337}","{""energy"": 1.0, ""water"": 1.0, ""transport"": 1.0}","{""energy"": 0.33333333333333326, ""water"": 0.9450666666666666, ""transport"": 0.6666666666666666}",5,0.7354815423487069,,,"[""energy"", ""transport""]",1,v2.0,0.7,0.3
S4_water_partial,263,263,16351076330531093070,scenario=S4_water_partial|method=both|duration=0|theta=0.300000|delta_threshold=0.100000|A=v2.0|w=na|run_id=263|seed=16351076330531093070,False,"{""step_1_amount"": 0.30863754916093106}",033832c9a51598bd69064fc3910037f6fde292830c04f0066e6d9779dc60f4ca,0.38314666666666675,0.44965729020171774,0.066510623535051,20,0.0,0.0,0.38314666666666675,0.44965729020171774,0,0,0.066510623535051,"{""energy"": 0.6666666666666667, ""water"": 0.05493333333333334, ""transport"": 0.33333333333333337}","{""energy"": 0.7107463522387145, ""water"": 0.19073026978449711, ""transport"": 0.3604655612362759}","{""energy"": 0.04407968557204778, ""water"": 0.13579693645116378, ""transport"": 0.027132227902942507}","{""energy"": 0.0, ""water"": 0.0, ""transport"": 0.0}","{""energy"": 0.0, ""water"": 0.0, ""transport"": 0.0}","{""energy"": 0.0, ""water"": 0.0, ""transport"": 0.0}",0.3,0.1,,0.38314666666666675,1.0,0.6168533333333333,1,"{""energy"": 0.6666666666666667, ""water"": 0.05493333333333334, ""transport"": 0.33333333333333337}","{""energy"": 1.0, ""water"": 1.0, ""transport"": 1.0}","{""energy"": 0.33333333333333326, ""water"": 0.9450666666666666, ""transport"": 0.6666666666666666}",11,0.44965729020171774,,,[],,v2.0,0.7,0.3
S4_water_partial,264,264,15539151709732100954,scenario=S4_water_partial|method=both|duration=0|theta=0.300000|delta_threshold=0.100000|A=v2.0|w=na|run_id=264|seed=15539151709732100954,False,"{""step_1_amount"": 0.6647357814433363}",033832c9a51598bd69064fc3910037f6fde292830c04f0066e6d9779dc60f4ca,0.38314666666666675,0.6676695304608133,0.2845228637941466,11,0.0,0.0,0.38314666666666675,0.6676695304608133,0,1,0.2845228637941466,"{""energy"": 0.6666666666666667, ""water"": 0.05493333333333334, ""transport"": 0.33333333333333337}","{""energy"": 0.8552332099873005, ""water"": 0.6358530601375039, ""transport"": 0.44940109474880663}","{""energy"": 0.18856654332063372, ""water"": 0.5809197268041705, ""transport"": 0.11606776141547326}","{""energy"": 0.0, ""water"": 0.0, ""transport"": 0.0}","{""energy"": 0.0, ""water"": 0.0, ""transport"": 0.0}","{""energy"": 0.0, ""water"": 0.0, ""transport"": 0.0}",0.3,0.1,,0.38314666666666675,1.0,0.6168533333333333,1,"{""energy"": 0.6666666666666667, ""water"": 0.05493333333333334, ""transport"": 0.33333333333333337}","{""energy"": 1.0, ""water"": 1.0, ""transport"": 1.0}","{""energy"": 0.33333333333333326, ""water"": 0.9450666666666666, ""transport"": 0.6666666666666666}",6,0.6676695304608133,,,[],,v2.0,0.7,0.3
S4_water_partial,265,265,453926223625900049,scenario=S4_water_partial|method=both|duration=0|theta=0.300000|delta_threshold=0.100000|A=v2.0|w=na|run_id=265|seed=453926223625900049,False,"{""step_1_amount"": 0.4397526382016317}",033832c9a51598bd69064fc3910037f6fde292830c04f0066e6d9779dc60f4ca,0.38314666666666675,0.5299292255896607,0.14678255892299397,28,0.0,0.0,0.38314666666666675,0.5299292255896607,0,0,0.14678255892299397,"{""energy"": 0.6666666666666667, ""water"": 0.05493333333333334, ""transport"": 0.33333333333333337}","{""energy"": 0.7639462996169788, ""water"": 0.354624131085373, ""transport"": 0.3932115547241909}","{""energy"": 0.09727963295031206, ""water"": 0.29969079775203966, ""transport"": 0.05987822139085752}","{""energy"": 0.0, ""water"": 0.0, ""transport"": 0.0}","{""energy"": 0.0, ""water"": 0.0, ""transport"": 0.0}","{""energy"": 0.0, ""water"": 0.0, ""transport"": 0.0}",0.3,0.1,,0.38314666666666675,1.0,0.6168533333333333,1,"{""energy"": 0.6666666666666667, ""water"": 0.05493333333333334, ""transport"": 0.33333333333333337}","{""energy"": 1.0, ""water"": 1.0, ""transport"": 1.0}","{""energy"": 0.33333333333333326, ""water"": 0.9450666666666666, ""transport"": 0.6666666666666666}",9,0.5299292255896607,,,[],,v2.0,0.7,0.3
S4_water_partial,266,266,13703356871717614054,scenario=S4_water_partial|method=both|duration=0|theta=0.300000|delta_threshold=0.100000|A=v2.0|w=na|run_id=266|seed=13703356871717614054,False,"{""step_1_amount"": 1.0567693474813573}",033832c9a51598bd69064fc3910037f6fde292830c04f0066e6d9779dc60f4ca,0.38314666666666675,0.8564466666666667,0.47329999999999994,5,0.0,1.0,0.38314666666666675,0.8564466666666667,1,1,0.47329999999999994,"{""energy"": 0.6666666666666667, ""water"": 0.05493333333333334, ""transport"": 0.33333333333333337}","{""energy"": 0.9912666666666667, ""water"": 1.0, ""transport"": 0.5331333333333333}","{""energy"": 0.3246, ""water"": 0.9450666666666666, ""transport"": 0.19979999999999998}","{""energy"": 0.0, ""water"": 0.0, ""transport"": 0.0}","{""energy"": 1.0, ""water"": 1.0, ""transport"": 1.0}","{""energy"": 1.0, ""water"": 1.0, ""transport"": 1.0}",0.3,0.1,,0.38314666666666675,1.0,0.6168533333333333,1,"{""energy"": 0.6666666666666667, ""water"": 0.05493333333333334, ""transport"": 0.33333333333333337}","{""energy"": 1.0, ""water"": 1.0, ""transport"": 1.0}","{""energy"": 0.33333333333333326, ""water"": 0.9450666666666666, ""transport"": 0.6666666666666666}",3,0.8564466666666667,,,"[""energy"", ""transport""]",1,v2.0,0.7,0.3
S4_water_partial,267,267,9751044757411054580,scenario=S4_water_partial|method=both|duration=0|theta=0.300000|delta_threshold=0.100000|A=v2.0|w=na|run_id=267|seed=9751044757411054580,False,"{""step_1_amount"": 0.636765252210006}",033832c9a51598bd69064fc3910037f6fde292830c04f0066e6d9779dc60f4ca,0.38314666666666675,0.6505452732009376,0.26739860653427083,15,0.0,0.0,0.38314666666666675,0.6505452732009376,0,1,0.26739860653427083,"{""energy"": 0.6666666666666667, ""water"": 0.05493333333333334, ""transport"": 0.33333333333333337}","{""energy"": 0.8438841677508766, ""water"": 0.6008898985958409, ""transport"": 0.44241545507278235}","{""energy"": 0.17721750108420986, ""water"": 0.5459565652625075, ""transport"": 0.10908212173944898}","{""energy"": 0.0, ""water"": 0.0, ""transport"": 0.0}","{""energy"": 0.0, ""water"": 0.0, ""transport"": 0.0}","{""energy"": 0.0, ""water"": 0.0, ""transport"": 0.0}",0.3,0.1,,0.38314666666666675,1.0,0.6168533333333333,1,"{""energy"": 0.6666666666666667, ""water"": 0.05493333333333334, ""transport"": 0.33333333333333337}","{""energy"": 1.0, ""water"": 1.0, ""transport"": 1.0}","{""energy"": 0.33333333333333326, ""water"": 0.9450666666666666, ""transport"": 0.6666666666666666}",7,0.6505452732009376,,,[],,v2.0,0.7,0.3
S4_water_partial,268,268,909944336841312719,scenario=S4_water_partial|method=both|duration=0|theta=0.300000|delta_threshold=0.100000|A=v2.0|w=na|run_id=268|seed=909944336841312719,False,"{""step_1_amount"": 0.37571475506296453}",033832c9a51598bd69064fc3910037f6fde292830c04f0066e6d9779dc60f4ca,0.38314666666666675,0.4907236325850901,0.10757696591842336,21,0.0,0.0,0.38314666666666675,0.4907236325850901,0,0,0.10757696591842336,"{""energy"": 0.6666666666666667, ""water"": 0.05493333333333334, ""transport"": 0.33333333333333337}","{""energy"": 0.7379629285334646, ""water"": 0.274576777162039, ""transport"": 0.37721809341030876}","{""energy"": 0.07129626186679783, ""water"": 0.21964344382870565, ""transport"": 0.04388476007697539}","{""energy"": 0.0, ""water"": 0.0, ""transport"": 0.0}","{""energy"": 0.0, ""water"": 0.0, ""transport"": 0.0}","{""energy"": 0.0, ""water"": 0.0, ""transport"": 0.0}",0.3,0.1,,0.38314666666666675,1.0,0.6168533333333333,1,"{""energy"": 0.6666666666666667, ""water"": 0.05493333333333334, ""transport"": 0.33333333333333337}","{""energy"": 1.0, ""water"": 1.0, ""transport"": 1.0}","{""energy"": 0.33333333333333326, ""water"": 0.9450666666666666, ""transport"": 0.6666666666666666}",10,0.4907236325850901,,,[],,v2.0,0.7,0.3
S4_water_partial,269,269,10817718308959878234,scenario=S4_water_partial|method=both|duration=0|theta=0.300000|delta_threshold=0.100000|A=v2.0|w=na|run_id=269|seed=10817718308959878234,False,"{""step_1_amount"": 0.47983945937984895}",033832c9a51598bd69064fc3910037f6fde292830c04f0066e6d9779dc60f4ca,0.38314666666666675,0.5544713796854948,0.171324713018828,19,0.0,0.0,0.38314666666666675,0.5544713796854948,0,1,0.171324713018828,"{""energy"": 0.6666666666666667, ""water"": 0.05493333333333334, ""transport"": 0.33333333333333337}","{""energy"": 0.7802115273100404, ""water"": 0.40473265755814447, ""transport"": 0.40322323831345064}","{""energy"": 0.11354486064337366, ""water"": 0.34979932422481114, ""transport"": 0.06988990498011727}","{""energy"": 0.0, ""water"": 0.0, ""transport"": 0.0}","{""energy"": 0.0, ""water"": 0.0, ""transport"": 0.0}","{""energy"": 0.0, ""water"": 0.0, ""transport"": 0.0}",0.3,0.1,,0.38314666666666675,1.0,0.6168533333333333,1,"{""energy"": 0.6666666666666667, ""water"": 0.05493333333333334, ""transport"": 0.33333333333333337}","{""energy"": 1.0, ""water"": 1.0, ""transport"": 1.0}","{""energy"": 0.33333333333333326, ""water"": 0.9450666666666666, ""transport"": 0.6666666666666666}",9,0.5544713796854948,,,[],,v2.0,0.7,0.3
S4_water_partial,270,270,17572094698809650287,scenario=S4_water_partial|method=both|duration=0|theta=0.300000|delta_threshold=0.100000|A=v2.0|w=na|run_id=270|seed=17572094698809650287,False,"{""step_1_amount"": 0.31137295140577037}",033832c9a51598bd69064fc3910037f6fde292830c04f0066e6d9779dc60f4ca,0.38314666666666675,0.45133197184106455,0.0681853051743978,26,0.0,0.0,0.38314666666666675,0.45133197184106455,0,0,0.0681853051743978,"{""energy"": 0.6666666666666667, ""water"": 0.05493333333333334, ""transport"": 0.33333333333333337}","{""energy"": 0.7118562416995581, ""water"": 0.19414952259054638, ""transport"": 0.36114872794692454}","{""energy"": 0.04518957503289134, ""water"": 0.13921618925721305, ""transport"": 0.02781539461359117}","{""energy"": 0.0, ""water"": 0.0, ""transport"": 0.0}","{""energy"": 0.0, ""water"": 0.0, ""transport"": 0.0}","{""energy"": 0.0, ""water"": 0.0, ""transport"": 0.0}",0.3,0.1,,0.38314666666666675,1.0,0.6168533333333333,1,"{""energy"": 0.6666666666666667, ""water"": 0.05493333333333334, ""transport"": 0.33333333333333337}","{""energy"": 1.0, ""water"": 1.0, ""transport"": 1.0}","{""energy"": 0.33333333333333326, ""water"": 0.9450666666666666, ""transport"": 0.6666666666666666}",11,0.45133197184106455,,,[],,v2.0,0.7,0.3
S4_water_partial,271,271,11829614613804119085,scenario=S4_water_partial|method=both|duration=0|theta=0.300000|delta_threshold=0.100000|A=v2.0|w=na|run_id=271|seed=11829614613804119085,False,"{""step_1_amount"": 0.5874921161273345}",033832c9a51598bd69064fc3910037f6fde292830c04f0066e6d9779dc60f4ca,0.38314666666666675,0.6203790274627241,0.23723236079605736,18,0.0,0.0,0.38314666666666675,0.6203790274627241,0,1,0.23723236079605736,"{""energy"": 0.6666666666666667, ""water"": 0.05493333333333334, ""transport"": 0.33333333333333337}","{""energy"": 0.8238915927853327, ""water"": 0.5392984784925015, ""transport"": 0.43010948933613513}","{""energy"": 0.157224926118666, ""water"": 0.4843651451591681, ""transport"": 0.09677615600280176}","{""energy"": 0.0, ""water"": 0.0, ""transport"": 0.0}","{""energy"": 0.0, ""water"": 0.0, ""transport"": 0.0}","{""energy"": 0.0, ""water"": 0.0, ""transport"": 0.0}",0.3,0.1,,0.38314666666666675,1.0,0.6168533333333333,1,"{""energy"": 0.6666666666666667, ""water"": 0.05493333333333334, ""transport"": 0.33333333333333337}","{""energy"": 1.0, ""water"": 1.0, ""transport"": 1.0}","{""energy"": 0.33333333333333326, ""water"": 0.9450666666666666, ""transport"": 0.6666666666666666}",7,0.6203790274627241,,,[],,v2.0,0.7,0.3
S4_water_partial,272,272,8713841294267645402,scenario=S4_water_partial|method=both|duration=0|theta=0.300000|delta_threshold=0.100000|A=v2.0|w=na|run_id=272|seed=8713841294267645402,False,"{""step_1_amount"": 0.4990055247587108}",033832c9a51598bd69064fc3910037f6fde292830c04f0066e6d9779dc60f4ca,0.38314666666666675,0.5662053240620685,0.18305865739540172,30,0.0,0.0,0.38314666666666675,0.5662053240620685,0,1,0.18305865739540172,"{""energy"": 0.6666666666666667, ""water"": 0.05493333333333334, ""transport"": 0.33333333333333337}","{""energy"": 0.7879881583375137, ""water"": 0.42869023928172184, ""transport"": 0.40800996314182136}","{""energy"": 0.12132149167084694, ""water"": 0.3737569059483885, ""transport"": 0.074676629808488}","{""energy"": 0.0, ""water"": 0.0, ""transport"": 0.0}","{""energy"": 0.0, ""water"": 0.0, ""transport"": 0.0}","{""energy"": 0.0, ""water"": 0.0, ""transport"": 0.0}",0.3,0.1,,0.38314666666666675,1.0,0.6168533333333333,1,"{""energy"": 0.6666666666666667, ""water"": 0.05493333333333334, ""transport"": 0.33333333333333337}","{""energy"": 1.0, ""water"": 1.0, ""transport"": 1.0}","{""energy"": 0.33333333333333326, ""water"": 0.9450666666666666, ""transport"": 0.6666666666666666}",8,0.5662053240620685,,,[],,v2.0,0.7,0.3
S4_water_partial,273,273,8637765889936689710,scenario=S4_water_partial|method=both|duration=0|theta=0.300000|delta_threshold=0.100000|A=v2.0|w=na|run_id=273|seed=8637765889936689710,False,"{""step_1_amount"": 0.7155491881776187}",033832c9a51598bd69064fc3910037f6fde292830c04f0066e6d9779dc60f4ca,0.38314666666666675,0.6987787683987093,0.3156321017320426,25,0.0,0.0,0.38314666666666675,0.6987787683987093,0,1,0.3156321017320426,"{""energy"": 0.6666666666666667, ""water"": 0.05493333333333334, ""transport"": 0.33333333333333337}","{""energy"": 0.8758507497697355, ""water"": 0.6993698185553567, ""transport"": 0.4620917430806937}","{""energy"": 0.2091840831030688, ""water"": 0.6444364852220233, ""transport"": 0.1287584097473603}","{""energy"": 0.0, ""water"": 0.0, ""transport"": 0.0}","{""energy"": 0.0, ""water"": 0.0, ""transport"": 0.0}","{""energy"": 0.0, ""water"": 0.0, ""transport"": 0.0}",0.3,0.1,,0.38314666666666675,1.0,0.6168533333333333,1,"{""energy"": 0.6666666666666667, ""water"": 0.05493333333333334, ""transport"": 0.33333333333333337}","{""energy"": 1.0, ""water"": 1.0, ""transport"": 1.0}","{""energy"": 0.33333333333333326, ""water"": 0.9450666666666666, ""transport"": 0.6666666666666666}",6,0.6987787683987093,,,[],,v2.0,0.7,0.3
S4_water_partial,274,274,10241442834937571788,scenario=S4_water_partial|method=both|duration=0|theta=0.300000|delta_threshold=0.100000|A=v2.0|w=na|run_id=274|seed=10241442834937571788,False,"{""step_1_amount"": 0.9073884295826964}",033832c9a51598bd69064fc3910037f6fde292830c04f0066e6d9779dc60f4ca,0.38314666666666675,0.8162275479679331,0.4330808813012663,7,0.0,1.0,0.38314666666666675,0.8162275479679331,1,1,0.4330808813012663,"{""energy"": 0.6666666666666667, ""water"": 0.05493333333333334, ""transport"": 0.33333333333333337}","{""energy"": 0.9536895219698458, ""water"": 0.9391688703117039, ""transport"": 0.5100035936216119}","{""energy"": 0.28702285530317906, ""water"": 0.8842355369783705, ""transport"": 0.17667026028827848}","{""energy"": 0.0, ""water"": 0.0, ""transport"": 0.0}","{""energy"": 1.0, ""water"": 1.0, ""transport"": 1.0}","{""energy"": 1.0, ""water"": 1.0, ""transport"": 1.0}",0.3,0.1,,0.38314666666666675,1.0,0.6168533333333333,1,"{""energy"": 0.6666666666666667, ""water"": 0.05493333333333334, ""transport"": 0.33333333333333337}","{""energy"": 1.0, ""water"": 1.0, ""transport"": 1.0}","{""energy"": 0.33333333333333326, ""water"": 0.9450666666666666, ""transport"": 0.6666666666666666}",3,0.8162275479679331,,,"[""energy"", ""transport""]",1,v2.0,0.7,0.3
S4_water_partial,275,275,10415111990289331446,scenario=S4_water_partial|method=both|duration=0|theta=0.300000|delta_threshold=0.100000|A=v2.0|w=na|run_id=275|seed=10415111990289331446,False,"{""step_1_amount"": 1.4235445701031544}",033832c9a51598bd69064fc3910037f6fde292830c04f0066e6d9779dc60f4ca,0.38314666666666675,0.8564466666666667,0.47329999999999994,24,0.0,1.0,0.38314666666666675,0.8564466666666667,1,1,0.47329999999999994,"{""energy"": 0.6666666666666667, ""water"": 0.05493333333333334, ""transport"": 0.33333333333333337}","{""energy"": 0.9912666666666667, ""water"": 1.0, ""transport"": 0.5331333333333333}","{""energy"": 0.3246, ""water"": 0.9450666666666666, ""transport"": 0.19979999999999998}","{""energy"": 0.0, ""water"": 0.0, ""transport"": 0.0}","{""energy"": 1.0, ""water"": 1.0, ""transport"": 1.0}","{""energy"": 1.0, ""water"": 1.0, ""transport"": 1.0}",0.3,0.1,,0.38314666666666675,1.0,0.6168533333333333,1,"{""energy"": 0.6666666666666667, ""water"": 0.05493333333333334, ""transport"": 0.33333333333333337}","{""energy"": 1.0, ""water"": 1.0, ""transport"": 1.0}","{""energy"": 0.33333333333333326, ""water"": 0.9450666666666666, ""transport"": 0.6666666666666666}",3,0.8564466666666667,,,"[""energy"", ""transport""]",1,v2.0,0.7,0.3
S4_water_partial,276,276,943705418146902337,scenario=S4_water_partial|method=both|duration=0|theta=0.300000|delta_threshold=0.100000|A=v2.0|w=na|run_id=276|seed=943705418146902337,False,"{""step_1_amount"": 0.9853109970376273}",033832c9a51598bd69064fc3910037f6fde292830c04f0066e6d9779dc60f4ca,0.38314666666666675,0.8529620679389178,0.4698154012722511,27,0.0,1.0,0.38314666666666675,0.8529620679389178,1,1,0.4698154012722511,"{""energy"": 0.6666666666666667, ""water"": 0.05493333333333334, ""transport"": 0.33333333333333337}","{""energy"": 0.985306603714684, ""water"": 1.0, ""transport"": 0.5294647548434808}","{""energy"": 0.3186399370480173, ""water"": 0.9450666666666666, ""transport"": 0.1961314215101474}","{""energy"": 0.0, ""water"": 0.0, ""transport"": 0.0}","{""energy"": 1.0, ""water"": 1.0, ""transport"": 1.0}","{""energy"": 1.0, ""water"": 1.0, ""transport"": 1.0}",0.3,0.1,,0.38314666666666675,1.0,0.6168533333333333,1,"{""energy"": 0.6666666666666667, ""water"": 0.05493333333333334, ""transport"": 0.33333333333333337}","{""energy"": 1.0, ""water"": 1.0, ""transport"": 1.0}","{""energy"": 0.33333333333333326, ""water"": 0.9450666666666666, ""transport"": 0.6666666666666666}",3,0.8529620679389178,,,"[""energy"", ""transport""]",1,v2.0,0.7,0.3
S4_water_partial,277,277,13575999784026345263,scenario=S4_water_partial|method=both|duration=0|theta=0.300000|delta_threshold=0.100000|A=v2.0|w=na|run_id=277|seed=13575999784026345263,False,"{""step_1_amount"": 0.5345816609181554}",033832c9a51598bd69064fc3910037f6fde292830c04f0066e6d9779dc60f4ca,0.38314666666666675,0.5879859240222844,0.2048392573556177,27,0.0,0.0,0.38314666666666675,0.5879859240222844,0,1,0.2048392573556177,"{""energy"": 0.6666666666666667, ""water"": 0.05493333333333334, ""transport"": 0.33333333333333337}","{""energy"": 0.8024231755842083, ""water"": 0.4731604094810276, ""transport"": 0.41689510314764266}","{""energy"": 0.13575650891754154, ""water"": 0.4182270761476943, ""transport"": 0.0835617698143093}","{""energy"": 0.0, ""water"": 0.0, ""transport"": 0.0}","{""energy"": 0.0, ""water"": 0.0, ""transport"": 0.0}","{""energy"": 0.0, ""water"": 0.0, ""transport"": 0.0}",0.3,0.1,,0.38314666666666675,1.0,0.6168533333333333,1,"{""energy"": 0.6666666666666667, ""water"": 0.05493333333333334, ""transport"": 0.33333333333333337}","{""energy"": 1.0, ""water"": 1.0, ""transport"": 1.0}","{""energy"": 0.33333333333333326, ""water"": 0.9450666666666666, ""transport"": 0.6666666666666666}",8,0.5879859240222844,,,[],,v2.0,0.7,0.3
S4_water_partial,278,278,13177608523291596164,scenario=S4_water_partial|method=both|duration=0|theta=0.300000|delta_threshold=0.100000|A=v2.0|w=na|run_id=278|seed=13177608523291596164,False,"{""step_1_amount"": 0.2559789388039993}",033832c9a51598bd69064fc3910037f6fde292830c04f0066e6d9779dc60f4ca,0.38314666666666675,0.4174183724759452,0.03427170580927846,10,0.0,0.0,0.38314666666666675,0.4174183724759452,0,0,0.03427170580927846,"{""energy"": 0.6666666666666667, ""water"": 0.05493333333333334, ""transport"": 0.33333333333333337}","{""energy"": 0.6893801210863895, ""water"": 0.12490700683833247, ""transport"": 0.3473140732996322}","{""energy"": 0.022713454419722723, ""water"": 0.06997367350499914, ""transport"": 0.013980739966298839}","{""energy"": 0.0, ""water"": 0.0, ""transport"": 0.0}","{""energy"": 0.0, ""water"": 0.0, ""transport"": 0.0}","{""energy"": 0.0, ""water"": 0.0, ""transport"": 0.0}",0.3,0.1,,0.38314666666666675,1.0,0.6168533333333333,1,"{""energy"": 0.6666666666666667, ""water"": 0.05493333333333334, ""transport"": 0.33333333333333337}","{""energy"": 1.0, ""water"": 1.0, ""transport"": 1.0}","{""energy"": 0.33333333333333326, ""water"": 0.9450666666666666, ""transport"": 0.6666666666666666}",12,0.4174183724759452,,,[],,v2.0,0.7,0.3
S4_water_partial,279,279,9030992554437011418,scenario=S4_water_partial|method=both|duration=0|theta=0.300000|delta_threshold=0.100000|A=v2.0|w=na|run_id=279|seed=9030992554437011418,False,"{""step_1_amount"": 0.19119733840992506}",033832c9a51598bd69064fc3910037f6fde292830c04f0066e6d9779dc60f4ca,0.38314666666666675,0.38314666666666675,0.0,14,0.0,0.0,0.38314666666666675,0.38314666666666675,0,0,0.0,"{""energy"": 0.6666666666666667, ""water"": 0.05493333333333334, ""transport"": 0.33333333333333337}","{""energy"": 0.6666666666666667, ""water"": 0.05493333333333334, ""transport"": 0.33333333333333337}","{""energy"": 0.0, ""water"": 0.0, ""transport"": 0.0}","{""energy"": 0.0, ""water"": 0.0, ""transport"": 0.0}","{""energy"": 0.0, ""water"": 0.0, ""transport"": 0.0}","{""energy"": 0.0, ""water"": 0.0, ""transport"": 0.0}",0.3,0.1,,0.38314666666666675,1.0,0.6168533333333333,1,"{""energy"": 0.6666666666666667, ""water"": 0.05493333333333334, ""transport"": 0.33333333333333337}","{""energy"": 1.0, ""water"": 1.0, ""transport"": 1.0}","{""energy"": 0.33333333333333326, ""water"": 0.9450666666666666, ""transport"": 0.6666666666666666}",13,0.38314666666666675,,,[],,v2.0,0.7,0.3
S4_water_partial,280,280,2236341155934124823,scenario=S4_water_partial|method=both|duration=0|theta=0.300000|delta_threshold=0.100000|A=v2.0|w=na|run_id=280|seed=2236341155934124823,False,"{""step_1_amount"": 0.6407242831955589}",033832c9a51598bd69064fc3910037f6fde292830c04f0066e6d9779dc60f4ca,0.38314666666666675,0.6529690909460678,0.26982242427940106,20,0.0,0.0,0.38314666666666675,0.6529690909460678,0,1,0.26982242427940106,"{""energy"": 0.6666666666666667, ""water"": 0.05493333333333334, ""transport"": 0.33333333333333337}","{""energy"": 0.8454905445732648, ""water"": 0.605838687327782, ""transport"": 0.44340422306142424}","{""energy"": 0.17882387790659804, ""water"": 0.5509053539944486, ""transport"": 0.11007088972809087}","{""energy"": 0.0, ""water"": 0.0, ""transport"": 0.0}","{""energy"": 0.0, ""water"": 0.0, ""transport"": 0.0}","{""energy"": 0.0, ""water"": 0.0, ""transport"": 0.0}",0.3,0.1,,0.38314666666666675,1.0,0.6168533333333333,1,"{""energy"": 0.6666666666666667, ""water"": 0.05493333333333334, ""transport"": 0.33333333333333337}","{""energy"": 1.0, ""water"": 1.0, ""transport"": 1.0}","{""energy"": 0.33333333333333326, ""water"": 0.9450666666666666, ""transport"": 0.6666666666666666}",7,0.6529690909460678,,,[],,v2.0,0.7,0.3
S4_water_partial,281,281,14231420730959162739,scenario=S4_water_partial|method=both|duration=0|theta=0.300000|delta_threshold=0.100000|A=v2.0|w=na|run_id=281|seed=14231420730959162739,False,"{""step_1_amount"": 0.726188515321168}",033832c9a51598bd69064fc3910037f6fde292830c04f0066e6d9779dc60f4ca,0.38314666666666675,0.7052924304591688,0.32214576379250204,29,0.0,0.0,0.38314666666666675,0.7052924304591688,0,1,0.32214576379250204,"{""energy"": 0.6666666666666667, ""water"": 0.05493333333333334, ""transport"": 0.33333333333333337}","{""energy"": 0.8801676567582306, ""water"": 0.7126689774847934, ""transport"": 0.4647489150347951}","{""energy"": 0.21350099009156387, ""water"": 0.65773564415146, ""transport"": 0.13141558170146173}","{""energy"": 0.0, ""water"": 0.0, ""transport"": 0.0}","{""energy"": 0.0, ""water"": 0.0, ""transport"": 0.0}","{""energy"": 0.0, ""water"": 0.0, ""transport"": 0.0}",0.3,0.1,,0.38314666666666675,1.0,0.6168533333333333,1,"{""energy"": 0.6666666666666667, ""water"": 0.05493333333333334, ""transport"": 0.33333333333333337}","{""energy"": 1.0, ""water"": 1.0, ""transport"": 1.0}","{""energy"": 0.33333333333333326, ""water"": 0.9450666666666666, ""transport"": 0.6666666666666666}",5,0.7052924304591688,,,[],,v2.0,0.7,0.3
S4_water_partial,282,282,8872723521414209879,scenario=S4_water_partial|method=both|duration=0|theta=0.300000|delta_threshold=0.100000|A=v2.0|w=na|run_id=282|seed=8872723521414209879,False,"{""step_1_amount"": 0.4902578169797053}",033832c9a51598bd69064fc3910037f6fde292830c04f0066e6d9779dc60f4ca,0.38314666666666675,0.5608497586670668,0.17770309200040002,11,0.0,0.0,0.38314666666666675,0.5608497586670668,0,1,0.17770309200040002,"{""energy"": 0.6666666666666667, ""water"": 0.05493333333333334, ""transport"": 0.33333333333333337}","{""energy"": 0.7844387759061822, ""water"": 0.41775560455796495, ""transport"": 0.40582522312401476}","{""energy"": 0.11777210923951542, ""water"": 0.3628222712246316, ""transport"": 0.07249188979068139}","{""energy"": 0.0, ""water"": 0.0, ""transport"": 0.0}","{""energy"": 0.0, ""water"": 0.0, ""transport"": 0.0}","{""energy"": 0.0, ""water"": 0.0, ""transport"": 0.0}",0.3,0.1,,0.38314666666666675,1.0,0.6168533333333333,1,"{""energy"": 0.6666666666666667, ""water"": 0.05493333333333334, ""transport"": 0.33333333333333337}","{""energy"": 1.0, ""water"": 1.0, ""transport"": 1.0}","{""energy"": 0.33333333333333326, ""water"": 0.9450666666666666, ""transport"": 0.6666666666666666}",9,0.5608497586670668,,,[],,v2.0,0.7,0.3
S4_water_partial,283,283,16886163148480853515,scenario=S4_water_partial|method=both|duration=0|theta=0.300000|delta_threshold=0.100000|A=v2.0|w=na|run_id=283|seed=16886163148480853515,False,"{""step_1_amount"": 0.94181125401848}",033832c9a51598bd69064fc3910037f6fde292830c04f0066e6d9779dc60f4ca,0.38314666666666675,0.8373020616581307,0.45415539499146396,12,0.0,1.0,0.38314666666666675,0.8373020616581307,1,1,0.45415539499146396,"{""energy"": 0.6666666666666667, ""water"": 0.05493333333333334, ""transport"": 0.33333333333333337}","{""energy"": 0.9676565829846651, ""water"": 0.9821974008564334, ""transport"": 0.5186006940244487}","{""energy"": 0.3009899163179983, ""water"": 0.9272640675231, ""transport"": 0.18526736069111538}","{""energy"": 0.0, ""water"": 0.0, ""transport"": 0.0}","{""energy"": 1.0, ""water"": 1.0, ""transport"": 1.0}","{""energy"": 1.0, ""water"": 1.0, ""transport"": 1.0}",0.3,0.1,,0.38314666666666675,1.0,0.6168533333333333,1,"{""energy"": 0.6666666666666667, ""water"": 0.05493333333333334, ""transport"": 0.33333333333333337}","{""energy"": 1.0, ""water"": 1.0, ""transport"": 1.0}","{""energy"": 0.33333333333333326, ""water"": 0.9450666666666666, ""transport"": 0.6666666666666666}",3,0.8373020616581307,,,"[""energy"", ""transport""]",1,v2.0,0.7,0.3
S4_water_partial,284,284,3763421239561538785,scenario=S4_water_partial|method=both|duration=0|theta=0.300000|delta_threshold=0.100000|A=v2.0|w=na|run_id=284|seed=3763421239561538785,False,"{""step_1_amount"": 0.36968453728230194}",033832c9a51598bd69064fc3910037f6fde292830c04f0066e6d9779dc60f4ca,0.38314666666666675,0.48703178250432405,0.1038851158376573,29,0.0,0.0,0.38314666666666675,0.48703178250432405,0,0,0.1038851158376573,"{""energy"": 0.6666666666666667, ""water"": 0.05493333333333334, ""transport"": 0.33333333333333337}","{""energy"": 0.7355161676689608, ""water"": 0.26703900493621086, ""transport"": 0.3757120465195883}","{""energy"": 0.06884950100229403, ""water"": 0.21210567160287752, ""transport"": 0.04237871318625491}","{""energy"": 0.0, ""water"": 0.0, ""transport"": 0.0}","{""energy"": 0.0, ""water"": 0.0, ""transport"": 0.0}","{""energy"": 0.0, ""water"": 0.0, ""transport"": 0.0}",0.3,0.1,,0.38314666666666675,1.0,0.6168533333333333,1,"{""energy"": 0.6666666666666667, ""water"": 0.05493333333333334, ""transport"": 0.33333333333333337}","{""energy"": 1.0, ""water"": 1.0, ""transport"": 1.0}","{""energy"": 0.33333333333333326, ""water"": 0.9450666666666666, ""transport"": 0.6666666666666666}",10,0.48703178250432405,,,[],,v2.0,0.7,0.3
S4_water_partial,285,285,12467703867463386967,scenario=S4_water_partial|method=both|duration=0|theta=0.300000|delta_threshold=0.100000|A=v2.0|w=na|run_id=285|seed=12467703867463386967,False,"{""step_1_amount"": 0.41255587129891874}",033832c9a51598bd69064fc3910037f6fde292830c04f0066e6d9779dc60f4ca,0.38314666666666675,0.5132786849726473,0.13013201830598053,15,0.0,0.0,0.38314666666666675,0.5132786849726473,0,0,0.13013201830598053,"{""energy"": 0.6666666666666667, ""water"": 0.05493333333333334, ""transport"": 0.33333333333333337}","{""energy"": 0.752911211446203, ""water"": 0.3206281724569818, ""transport"": 0.3864191621902383}","{""energy"": 0.08624454477953625, ""water"": 0.26569483912364844, ""transport"": 0.05308582885690494}","{""energy"": 0.0, ""water"": 0.0, ""transport"": 0.0}","{""energy"": 0.0, ""water"": 0.0, ""transport"": 0.0}","{""energy"": 0.0, ""water"": 0.0, ""transport"": 0.0}",0.3,0.1,,0.38314666666666675,1.0,0.6168533333333333,1,"{""energy"": 0.6666666666666667, ""water"": 0.05493333333333334, ""transport"": 0.33333333333333337}","{""energy"": 1.0, ""water"": 1.0, ""transport"": 1.0}","{""energy"": 0.33333333333333326, ""water"": 0.9450666666666666, ""transport"": 0.6666666666666666}",10,0.5132786849726473,,,[],,v2.0,0.7,0.3
S4_water_partial,286,286,8752999389769043003,scenario=S4_water_partial|method=both|duration=0|theta=0.300000|delta_threshold=0.100000|A=v2.0|w=na|run_id=286|seed=8752999389769043003,False,"{""step_1_amount"": 0.5361430249996451}",033832c9a51598bd69064fc3910037f6fde292830c04f0066e6d9779dc60f4ca,0.38314666666666675,0.5889418301470744,0.2057951634804076,14,0.0,0.0,0.38314666666666675,0.5889418301470744,0,1,0.2057951634804076,"{""energy"": 0.6666666666666667, ""water"": 0.05493333333333334, ""transport"": 0.33333333333333337}","{""energy"": 0.8030566990602728, ""water"": 0.47511211458288966, ""transport"": 0.4172850538269947}","{""energy"": 0.13639003239360603, ""water"": 0.4201787812495563, ""transport"": 0.08395172049366134}","{""energy"": 0.0, ""water"": 0.0, ""transport"": 0.0}","{""energy"": 0.0, ""water"": 0.0, ""transport"": 0.0}","{""energy"": 0.0, ""water"": 0.0, ""transport"": 0.0}",0.3,0.1,,0.38314666666666675,1.0,0.6168533333333333,1,"{""energy"": 0.6666666666666667, ""water"": 0.05493333333333334, ""transport"": 0.33333333333333337}","{""energy"": 1.0, ""water"": 1.0, ""transport"": 1.0}","{""energy"": 0.33333333333333326, ""water"": 0.9450666666666666, ""transport"": 0.6666666666666666}",8,0.5889418301470744,,,[],,v2.0,0.7,0.3
S4_water_partial,287,287,17141336315510783514,scenario=S4_water_partial|method=both|duration=0|theta=0.300000|delta_threshold=0.100000|A=v2.0|w=na|run_id=287|seed=17141336315510783514,False,"{""step_1_amount"": 0.23154948776805093}",033832c9a51598bd69064fc3910037f6fde292830c04f0066e6d9779dc60f4ca,0.38314666666666675,0.40246205181546174,0.019315385148794995,19,0.0,0.0,0.38314666666666675,0.40246205181546174,0,0,0.019315385148794995,"{""energy"": 0.6666666666666667, ""water"": 0.05493333333333334, ""transport"": 0.33333333333333337}","{""energy"": 0.6794678713285535, ""water"": 0.09437019304339708, ""transport"": 0.34121281790340413}","{""energy"": 0.012801204661886723, ""water"": 0.03943685971006374, ""transport"": 0.00787948457007076}","{""energy"": 0.0, ""water"": 0.0, ""transport"": 0.0}","{""energy"": 0.0, ""water"": 0.0, ""transport"": 0.0}","{""energy"": 0.0, ""water"": 0.0, ""transport"": 0.0}",0.3,0.1,,0.38314666666666675,1.0,0.6168533333333333,1,"{""energy"": 0.6666666666666667, ""water"": 0.05493333333333334, ""transport"": 0.33333333333333337}","{""energy"": 1.0, ""water"": 1.0, ""transport"": 1.0}","{""energy"": 0.33333333333333326, ""water"": 0.9450666666666666, ""transport"": 0.6666666666666666}",12,0.40246205181546174,,,[],,v2.0,0.7,0.3
S4_water_partial,288,288,6735087050841250278,scenario=S4_water_partial|method=both|duration=0|theta=0.300000|delta_threshold=0.100000|A=v2.0|w=na|run_id=288|seed=6735087050841250278,False,"{""step_1_amount"": 0.836890163685536}",033832c9a51598bd69064fc3910037f6fde292830c04f0066e6d9779dc60f4ca,0.38314666666666675,0.773066747129044,0.38992008046237725,8,0.0,1.0,0.38314666666666675,0.773066747129044,1,1,0.38992008046237725,"{""energy"": 0.6666666666666667, ""water"": 0.05493333333333334, ""transport"": 0.33333333333333337}","{""energy"": 0.925084850582073, ""water"": 0.8510460379402534, ""transport"": 0.492396651713796}","{""energy"": 0.2584181839154063, ""water"": 0.79611270460692, ""transport"": 0.15906331838046261}","{""energy"": 0.0, ""water"": 0.0, ""transport"": 0.0}","{""energy"": 1.0, ""water"": 1.0, ""transport"": 1.0}","{""energy"": 1.0, ""water"": 1.0, ""transport"": 1.0}",0.3,0.1,,0.38314666666666675,1.0,0.6168533333333333,1,"{""energy"": 0.6666666666666667, ""water"": 0.05493333333333334, ""transport"": 0.33333333333333337}","{""energy"": 1.0, ""water"": 1.0, ""transport"": 1.0}","{""energy"": 0.33333333333333326, ""water"": 0.9450666666666666, ""transport"": 0.6666666666666666}",4,0.773066747129044,,,"[""energy"", ""transport""]",1,v2.0,0.7,0.3
S4_water_partial,289,289,4284011998483556065,scenario=S4_water_partial|method=both|duration=0|theta=0.300000|delta_threshold=0.100000|A=v2.0|w=na|run_id=289|seed=4284011998483556065,False,"{""step_1_amount"": 1.0463463212194588}",033832c9a51598bd69064fc3910037f6fde292830c04f0066e6d9779dc60f4ca,0.38314666666666675,0.8564466666666667,0.47329999999999994,6,0.0,1.0,0.38314666666666675,0.8564466666666667,1,1,0.47329999999999994,"{""energy"": 0.6666666666666667, ""water"": 0.05493333333333334, ""transport"": 0.33333333333333337}","{""energy"": 0.9912666666666667, ""water"": 1.0, ""transport"": 0.5331333333333333}","{""energy"": 0.3246, ""water"": 0.9450666666666666, ""transport"": 0.19979999999999998}","{""energy"": 0.0, ""water"": 0.0, ""transport"": 0.0}","{""energy"": 1.0, ""water"": 1.0, ""transport"": 1.0}","{""energy"": 1.0, ""water"": 1.0, ""transport"": 1.0}",0.3,0.1,,0.38314666666666675,1.0,0.6168533333333333,1,"{""energy"": 0.6666666666666667, ""water"": 0.05493333333333334, ""transport"": 0.33333333333333337}","{""energy"": 1.0, ""water"": 1.0, ""transport"": 1.0}","{""energy"": 0.33333333333333326, ""water"": 0.9450666666666666, ""transport"": 0.6666666666666666}",3,0.8564466666666667,,,"[""energy"", ""transport""]",1,v2.0,0.7,0.3
S4_water_partial,290,290,12474345760978598655,scenario=S4_water_partial|method=both|duration=0|theta=0.300000|delta_threshold=0.100000|A=v2.0|w=na|run_id=290|seed=12474345760978598655,False,"{""step_1_amount"": 0.5773953278734952}",033832c9a51598bd69064fc3910037f6fde292830c04f0066e6d9779dc60f4ca,0.38314666666666675,0.6141975212740174,0.23105085460735064,22,0.0,0.0,0.38314666666666675,0.6141975212740174,0,1,0.23105085460735064,"{""energy"": 0.6666666666666667, ""water"": 0.05493333333333334, ""transport"": 0.33333333333333337}","{""energy"": 0.8197948209513375, ""water"": 0.5266774931752024, ""transport"": 0.4275878164697388}","{""energy"": 0.15312815428467075, ""water"": 0.47174415984186907, ""transport"": 0.09425448313640544}","{""energy"": 0.0, ""water"": 0.0, ""transport"": 0.0}","{""energy"": 0.0, ""water"": 0.0, ""transport"": 0.0}","{""energy"": 0.0, ""water"": 0.0, ""transport"": 0.0}",0.3,0.1,,0.38314666666666675,1.0,0.6168533333333333,1,"{""energy"": 0.6666666666666667, ""water"": 0.05493333333333334, ""transport"": 0.33333333333333337}","{""energy"": 1.0, ""water"": 1.0, ""transport"": 1.0}","{""energy"": 0.33333333333333326, ""water"": 0.9450666666666666, ""transport"": 0.6666666666666666}",7,0.6141975212740174,,,[],,v2.0,0.7,0.3
S4_water_partial,291,291,15881386235931988120,scenario=S4_water_partial|method=both|duration=0|theta=0.300000|delta_threshold=0.100000|A=v2.0|w=na|run_id=291|seed=15881386235931988120,False,"{""step_1_amount"": 0.3248019461095232}",033832c9a51598bd69064fc3910037f6fde292830c04f0066e6d9779dc60f4ca,0.38314666666666675,0.4595535381235696,0.07640687145690284,16,0.0,0.0,0.38314666666666675,0.4595535381235696,0,0,0.07640687145690284,"{""energy"": 0.6666666666666667, ""water"": 0.05493333333333334, ""transport"": 0.33333333333333337}","{""energy"": 0.7173050563006058, ""water"": 0.21093576597023736, ""transport"": 0.3645026193741868}","{""energy"": 0.050638389633939074, ""water"": 0.15600243263690403, ""transport"": 0.03116928604085345}","{""energy"": 0.0, ""water"": 0.0, ""transport"": 0.0}","{""energy"": 0.0, ""water"": 0.0, ""transport"": 0.0}","{""energy"": 0.0, ""water"": 0.0, ""transport"": 0.0}",0.3,0.1,,0.38314666666666675,1.0,0.6168533333333333,1,"{""energy"": 0.6666666666666667, ""water"": 0.05493333333333334, ""transport"": 0.33333333333333337}","{""energy"": 1.0, ""water"": 1.0, ""transport"": 1.0}","{""energy"": 0.33333333333333326, ""water"": 0.9450666666666666, ""transport"": 0.6666666666666666}",11,0.4595535381235696,,,[],,v2.0,0.7,0.3
S4_water_partial,292,292,1176370138726374185,scenario=S4_water_partial|method=both|duration=0|theta=0.300000|delta_threshold=0.100000|A=v2.0|w=na|run_id=292|seed=1176370138726374185,False,"{""step_1_amount"": 0.3809992709343757}",033832c9a51598bd69064fc3910037f6fde292830c04f0066e6d9779dc60f4ca,0.38314666666666675,0.4939589453144649,0.11081227864779813,22,0.0,0.0,0.38314666666666675,0.4939589453144649,0,0,0.11081227864779813,"{""energy"": 0.6666666666666667, ""water"": 0.05493333333333334, ""transport"": 0.33333333333333337}","{""energy"": 0.7401071208482897, ""water"": 0.28118242200130306, ""transport"": 0.37853790124919373}","{""energy"": 0.07344045418162293, ""water"": 0.22624908866796972, ""transport"": 0.04520456791586036}","{""energy"": 0.0, ""water"": 0.0, ""transport"": 0.0}","{""energy"": 0.0, ""water"": 0.0, ""transport"": 0.0}","{""energy"": 0.0, ""water"": 0.0, ""transport"": 0.0}",0.3,0.1,,0.38314666666666675,1.0,0.6168533333333333,1,"{""energy"": 0.6666666666666667, ""water"": 0.05493333333333334, ""transport"": 0.33333333333333337}","{""energy"": 1.0, ""water"": 1.0, ""transport"": 1.0}","{""energy"": 0.33333333333333326, ""water"": 0.9450666666666666, ""transport"": 0.6666666666666666}",10,0.4939589453144649,,,[],,v2.0,0.7,0.3
S4_water_partial,293,293,7183762918999369421,scenario=S4_water_partial|method=both|duration=0|theta=0.300000|delta_threshold=0.100000|A=v2.0|w=na|run_id=293|seed=7183762918999369421,False,"{""step_1_amount"": 0.34510122813528127}",033832c9a51598bd69064fc3910037f6fde292830c04f0066e6d9779dc60f4ca,0.38314666666666675,0.47198126606178925,0.0888345993951225,7,0.0,0.0,0.38314666666666675,0.47198126606178925,0,0,0.0888345993951225,"{""energy"": 0.6666666666666667, ""water"": 0.05493333333333334, ""transport"": 0.33333333333333337}","{""energy"": 0.7255414899825571, ""water"": 0.23630986850243482, ""transport"": 0.36957236506011987}","{""energy"": 0.058874823315890334, ""water"": 0.1813765351691015, ""transport"": 0.0362390317267865}","{""energy"": 0.0, ""water"": 0.0, ""transport"": 0.0}","{""energy"": 0.0, ""water"": 0.0, ""transport"": 0.0}","{""energy"": 0.0, ""water"": 0.0, ""transport"": 0.0}",0.3,0.1,,0.38314666666666675,1.0,0.6168533333333333,1,"{""energy"": 0.6666666666666667, ""water"": 0.05493333333333334, ""transport"": 0.33333333333333337}","{""energy"": 1.0, ""water"": 1.0, ""transport"": 1.0}","{""energy"": 0.33333333333333326, ""water"": 0.9450666666666666, ""transport"": 0.6666666666666666}",10,0.47198126606178925,,,[],,v2.0,0.7,0.3
S4_water_partial,294,294,3084412978088198423,scenario=S4_water_partial|method=both|duration=0|theta=0.300000|delta_threshold=0.100000|A=v2.0|w=na|run_id=294|seed=3084412978088198423,False,"{""step_1_amount"": 0.8102293897683055}",033832c9a51598bd69064fc3910037f6fde292830c04f0066e6d9779dc60f4ca,0.38314666666666675,0.7567443548175676,0.3735976881509009,12,0.0,1.0,0.38314666666666675,0.7567443548175676,1,1,0.3735976881509009,"{""energy"": 0.6666666666666667, ""water"": 0.05493333333333334, ""transport"": 0.33333333333333337}","{""energy"": 0.9142672415651567, ""water"": 0.8177200705437153, ""transport"": 0.4857381234279677}","{""energy"": 0.24760057489848997, ""water"": 0.7627867372103819, ""transport"": 0.1524047900946343}","{""energy"": 0.0, ""water"": 0.0, ""transport"": 0.0}","{""energy"": 1.0, ""water"": 1.0, ""transport"": 1.0}","{""energy"": 1.0, ""water"": 1.0, ""transport"": 1.0}",0.3,0.1,,0.38314666666666675,1.0,0.6168533333333333,1,"{""energy"": 0.6666666666666667, ""water"": 0.05493333333333334, ""transport"": 0.33333333333333337}","{""energy"": 1.0, ""water"": 1.0, ""transport"": 1.0}","{""energy"": 0.33333333333333326, ""water"": 0.9450666666666666, ""transport"": 0.6666666666666666}",4,0.7567443548175676,,,"[""energy"", ""transport""]",1,v2.0,0.7,0.3
S4_water_partial,295,295,1970773042920346306,scenario=S4_water_partial|method=both|duration=0|theta=0.300000|delta_threshold=0.100000|A=v2.0|w=na|run_id=295|seed=1970773042920346306,False,"{""step_1_amount"": 0.6382350549719127}",033832c9a51598bd69064fc3910037f6fde292830c04f0066e6d9779dc60f4ca,0.38314666666666675,0.6514451231968459,0.26829845653017914,12,0.0,0.0,0.38314666666666675,0.6514451231968459,0,1,0.26829845653017914,"{""energy"": 0.6666666666666667, ""water"": 0.05493333333333334, ""transport"": 0.33333333333333337}","{""energy"": 0.8444805402215203, ""water"": 0.6027271520482241, ""transport"": 0.44278253831256853}","{""energy"": 0.17781387355485356, ""water"": 0.5477938187148907, ""transport"": 0.10944920497923516}","{""energy"": 0.0, ""water"": 0.0, ""transport"": 0.0}","{""energy"": 0.0, ""water"": 0.0, ""transport"": 0.0}","{""energy"": 0.0, ""water"": 0.0, ""transport"": 0.0}",0.3,0.1,,0.38314666666666675,1.0,0.6168533333333333,1,"{""energy"": 0.6666666666666667, ""water"": 0.05493333333333334, ""transport"": 0.33333333333333337}","{""energy"": 1.0, ""water"": 1.0, ""transport"": 1.0}","{""energy"": 0.33333333333333326, ""water"": 0.9450666666666666, ""transport"": 0.6666666666666666}",7,0.6514451231968459,,,[],,v2.0,0.7,0.3
S4_water_partial,296,296,7426928864501059004,scenario=S4_water_partial|method=both|duration=0|theta=0.300000|delta_threshold=0.100000|A=v2.0|w=na|run_id=296|seed=7426928864501059004,False,"{""step_1_amount"": 0.7669791207360378}",033832c9a51598bd69064fc3910037f6fde292830c04f0066e6d9779dc60f4ca,0.38314666666666675,0.7302654588592875,0.34711879219262076,16,0.0,1.0,0.38314666666666675,0.7302654588592875,1,1,0.34711879219262076,"{""energy"": 0.6666666666666667, ""water"": 0.05493333333333334, ""transport"": 0.33333333333333337}","{""energy"": 0.896718444905314, ""water"": 0.7636572342533806, ""transport"": 0.47493636873715883}","{""energy"": 0.2300517782386473, ""water"": 0.7087239009200472, ""transport"": 0.14160303540382546}","{""energy"": 0.0, ""water"": 0.0, ""transport"": 0.0}","{""energy"": 1.0, ""water"": 1.0, ""transport"": 1.0}","{""energy"": 1.0, ""water"": 1.0, ""transport"": 1.0}",0.3,0.1,,0.38314666666666675,1.0,0.6168533333333333,1,"{""energy"": 0.6666666666666667, ""water"": 0.05493333333333334, ""transport"": 0.33333333333333337}","{""energy"": 1.0, ""water"": 1.0, ""transport"": 1.0}","{""energy"": 0.33333333333333326, ""water"": 0.9450666666666666, ""transport"": 0.6666666666666666}",5,0.7302654588592875,,,"[""energy"", ""transport""]",1,v2.0,0.7,0.3
S4_water_partial,297,297,5706147629929808473,scenario=S4_water_partial|method=both|duration=0|theta=0.300000|delta_threshold=0.100000|A=v2.0|w=na|run_id=297|seed=5706147629929808473,False,"{""step_1_amount"": 0.44493528337100313}",033832c9a51598bd69064fc3910037f6fde292830c04f0066e6d9779dc60f4ca,0.38314666666666675,0.5331021705284791,0.14995550386181233,15,0.0,0.0,0.38314666666666675,0.5331021705284791,0,0,0.14995550386181233,"{""energy"": 0.6666666666666667, ""water"": 0.05493333333333334, ""transport"": 0.33333333333333337}","{""energy"": 0.7660491578944513, ""water"": 0.36110243754708726, ""transport"": 0.3945059203552414}","{""energy"": 0.09938249122778453, ""water"": 0.30616910421375393, ""transport"": 0.06117258702190803}","{""energy"": 0.0, ""water"": 0.0, ""transport"": 0.0}","{""energy"": 0.0, ""water"": 0.0, ""transport"": 0.0}","{""energy"": 0.0, ""water"": 0.0, ""transport"": 0.0}",0.3,0.1,,0.38314666666666675,1.0,0.6168533333333333,1,"{""energy"": 0.6666666666666667, ""water"": 0.05493333333333334, ""transport"": 0.33333333333333337}","{""energy"": 1.0, ""water"": 1.0, ""transport"": 1.0}","{""energy"": 0.33333333333333326, ""water"": 0.9450666666666666, ""transport"": 0.6666666666666666}",9,0.5331021705284791,,,[],,v2.0,0.7,0.3
S4_water_partial,298,298,4676526018073695090,scenario=S4_water_partial|method=both|duration=0|theta=0.300000|delta_threshold=0.100000|A=v2.0|w=na|run_id=298|seed=4676526018073695090,False,"{""step_1_amount"": 0.8934232206653153}",033832c9a51598bd69064fc3910037f6fde292830c04f0066e6d9779dc60f4ca,0.38314666666666675,0.8076776979384894,0.4245310312718227,8,0.0,1.0,0.38314666666666675,0.8076776979384894,1,1,0.4245310312718227,"{""energy"": 0.6666666666666667, ""water"": 0.05493333333333334, ""transport"": 0.33333333333333337}","{""energy"": 0.9480231384516185, ""water"": 0.9217123591649775, ""transport"": 0.5065157826944959}","{""energy"": 0.2813564717849517, ""water"": 0.8667790258316441, ""transport"": 0.17318244936116256}","{""energy"": 0.0, ""water"": 0.0, ""transport"": 0.0}","{""energy"": 1.0, ""water"": 1.0, ""transport"": 1.0}","{""energy"": 1.0, ""water"": 1.0, ""transport"": 1.0}",0.3,0.1,,0.38314666666666675,1.0,0.6168533333333333,1,"{""energy"": 0.6666666666666667, ""water"": 0.05493333333333334, ""transport"": 0.33333333333333337}","{""energy"": 1.0, ""water"": 1.0, ""transport"": 1.0}","{""energy"": 0.33333333333333326, ""water"": 0.9450666666666666, ""transport"": 0.6666666666666666}",3,0.8076776979384894,,,"[""energy"", ""transport""]",1,v2.0,0.7,0.3
S4_water_partial,299,299,12513474571713366121,scenario=S4_water_partial|method=both|duration=0|theta=0.300000|delta_threshold=0.100000|A=v2.0|w=na|run_id=299|seed=12513474571713366121,False,"{""step_1_amount"": 0.6403059233276572}",033832c9a51598bd69064fc3910037f6fde292830c04f0066e6d9779dc60f4ca,0.38314666666666675,0.6527129605759416,0.2695662939092749,14,0.0,0.0,0.38314666666666675,0.6527129605759416,0,1,0.2695662939092749,"{""energy"": 0.6666666666666667, ""water"": 0.05493333333333334, ""transport"": 0.33333333333333337}","{""energy"": 0.8453207950568636, ""water"": 0.6053157374929049, ""transport"": 0.4432997376844158}","{""energy"": 0.1786541283901969, ""water"": 0.5503824041595715, ""transport"": 0.1099664043510824}","{""energy"": 0.0, ""water"": 0.0, ""transport"": 0.0}","{""energy"": 0.0, ""water"": 0.0, ""transport"": 0.0}","{""energy"": 0.0, ""water"": 0.0, ""transport"": 0.0}",0.3,0.1,,0.38314666666666675,1.0,0.6168533333333333,1,"{""energy"": 0.6666666666666667, ""water"": 0.05493333333333334, ""transport"": 0.33333333333333337}","{""energy"": 1.0, ""water"": 1.0, ""transport"": 1.0}","{""energy"": 0.33333333333333326, ""water"": 0.9450666666666666, ""transport"": 0.6666666666666666}",7,0.6527129605759416,,,[],,v2.0,0.7,0.3
S4_water_partial,300,300,15191617818154426982,scenario=S4_water_partial|method=both|duration=0|theta=0.300000|delta_threshold=0.100000|A=v2.0|w=na|run_id=300|seed=15191617818154426982,False,"{""step_1_amount"": 0.6599995191717999}",033832c9a51598bd69064fc3910037f6fde292830c04f0066e6d9779dc60f4ca,0.38314666666666675,0.6647698722916219,0.28162320562495513,21,0.0,0.0,0.38314666666666675,0.6647698722916219,0,1,0.28162320562495513,"{""energy"": 0.6666666666666667, ""water"": 0.05493333333333334, ""transport"": 0.33333333333333337}","{""energy"": 0.8533114715706245, ""water"": 0.6299327322980832, ""transport"": 0.44821821324649036}","{""energy"": 0.18664480490395774, ""water"": 0.5749993989647498, ""transport"": 0.11488487991315699}","{""energy"": 0.0, ""water"": 0.0, ""transport"": 0.0}","{""energy"": 0.0, ""water"": 0.0, ""transport"": 0.0}","{""energy"": 0.0, ""water"": 0.0, ""transport"": 0.0}",0.3,0.1,,0.38314666666666675,1.0,0.6168533333333333,1,"{""energy"": 0.6666666666666667, ""water"": 0.05493333333333334, ""transport"": 0.33333333333333337}","{""energy"": 1.0, ""water"": 1.0, ""transport"": 1.0}","{""energy"": 0.33333333333333326, ""water"": 0.9450666666666666, ""transport"": 0.6666666666666666}",6,0.6647698722916219,,,[],,v2.0,0.7,0.3
S4_water_partial,301,301,4729858452794145472,scenario=S4_water_partial|method=both|duration=0|theta=0.300000|delta_threshold=0.100000|A=v2.0|w=na|run_id=301|seed=4729858452794145472,False,"{""step_1_amount"": 0.43204405837394244}",033832c9a51598bd69064fc3910037f6fde292830c04f0066e6d9779dc60f4ca,0.38314666666666675,0.5252098403046537,0.14206317363798693,19,0.0,0.0,0.38314666666666675,0.5252098403046537,0,0,0.14206317363798693,"{""energy"": 0.6666666666666667, ""water"": 0.05493333333333334, ""transport"": 0.33333333333333337}","{""energy"": 0.7608185433518939, ""water"": 0.3449884063007614, ""transport"": 0.3912863369122255}","{""energy"": 0.09415187668522718, ""water"": 0.29005507296742805, ""transport"": 0.057953003578892104}","{""energy"": 0.0, ""water"": 0.0, ""transport"": 0.0}","{""energy"": 0.0, ""water"": 0.0, ""transport"": 0.0}","{""energy"": 0.0, ""water"": 0.0, ""transport"": 0.0}",0.3,0.1,,0.38314666666666675,1.0,0.6168533333333333,1,"{""energy"": 0.6666666666666667, ""water"": 0.05493333333333334, ""transport"": 0.33333333333333337}","{""energy"": 1.0, ""water"": 1.0, ""transport"": 1.0}","{""energy"": 0.33333333333333326, ""water"": 0.9450666666666666, ""transport"": 0.6666666666666666}",9,0.5252098403046537,,,[],,v2.0,0.7,0.3
S4_water_partial,302,302,1820958812984391536,scenario=S4_water_partial|method=both|duration=0|theta=0.300000|delta_threshold=0.100000|A=v2.0|w=na|run_id=302|seed=1820958812984391536,False,"{""step_1_amount"": 0.4991046765330512}",033832c9a51598bd69064fc3910037f6fde292830c04f0066e6d9779dc60f4ca,0.38314666666666675,0.566266027257114,0.1831193605904472,20,0.0,0.0,0.38314666666666675,0.566266027257114,0,1,0.1831193605904472,"{""energy"": 0.6666666666666667, ""water"": 0.05493333333333334, ""transport"": 0.33333333333333337}","{""energy"": 0.7880283891699522, ""water"": 0.4288141789996473, ""transport"": 0.4080347262974629}","{""energy"": 0.12136172250328547, ""water"": 0.37388084566631397, ""transport"": 0.07470139296412953}","{""energy"": 0.0, ""water"": 0.0, ""transport"": 0.0}","{""energy"": 0.0, ""water"": 0.0, ""transport"": 0.0}","{""energy"": 0.0, ""water"": 0.0, ""transport"": 0.0}",0.3,0.1,,0.38314666666666675,1.0,0.6168533333333333,1,"{""energy"": 0.6666666666666667, ""water"": 0.05493333333333334, ""transport"": 0.33333333333333337}","{""energy"": 1.0, ""water"": 1.0, ""transport"": 1.0}","{""energy"": 0.33333333333333326, ""water"": 0.9450666666666666, ""transport"": 0.6666666666666666}",8,0.566266027257114,,,[],,v2.0,0.7,0.3
S4_water_partial,303,303,9614174320401566477,scenario=S4_water_partial|method=both|duration=0|theta=0.300000|delta_threshold=0.100000|A=v2.0|w=na|run_id=303|seed=9614174320401566477,False,"{""step_1_amount"": 0.45304561815762556}",033832c9a51598bd69064fc3910037f6fde292830c04f0066e6d9779dc60f4ca,0.38314666666666675,0.538067520243219,0.15492085357655228,24,0.0,0.0,0.38314666666666675,0.538067520243219,0,1,0.15492085357655228,"{""energy"": 0.6666666666666667, ""water"": 0.05493333333333334, ""transport"": 0.33333333333333337}","{""energy"": 0.7693399262341233, ""water"": 0.37124035603036526, ""transport"": 0.39653147646820036}","{""energy"": 0.10267325956745654, ""water"": 0.3163070226970319, ""transport"": 0.06319814313486699}","{""energy"": 0.0, ""water"": 0.0, ""transport"": 0.0}","{""energy"": 0.0, ""water"": 0.0, ""transport"": 0.0}","{""energy"": 0.0, ""water"": 0.0, ""transport"": 0.0}",0.3,0.1,,0.38314666666666675,1.0,0.6168533333333333,1,"{""energy"": 0.6666666666666667, ""water"": 0.05493333333333334, ""transport"": 0.33333333333333337}","{""energy"": 1.0, ""water"": 1.0, ""transport"": 1.0}","{""energy"": 0.33333333333333326, ""water"": 0.9450666666666666, ""transport"": 0.6666666666666666}",9,0.538067520243219,,,[],,v2.0,0.7,0.3
S4_water_partial,304,304,9775384525396953817,scenario=S4_water_partial|method=both|duration=0|theta=0.300000|delta_threshold=0.100000|A=v2.0|w=na|run_id=304|seed=9775384525396953817,False,"{""step_1_amount"": 0.538659362079985}",033832c9a51598bd69064fc3910037f6fde292830c04f0066e6d9779dc60f4ca,0.38314666666666675,0.5904823946160855,0.2073357279494188,16,0.0,0.0,0.38314666666666675,0.5904823946160855,0,1,0.2073357279494188,"{""energy"": 0.6666666666666667, ""water"": 0.05493333333333334, ""transport"": 0.33333333333333337}","{""energy"": 0.8040777028306207, ""water"": 0.47825753593331466, ""transport"": 0.41791350901280966}","{""energy"": 0.137411036163954, ""water"": 0.4233242025999813, ""transport"": 0.08458017567947629}","{""energy"": 0.0, ""water"": 0.0, ""transport"": 0.0}","{""energy"": 0.0, ""water"": 0.0, ""transport"": 0.0}","{""energy"": 0.0, ""water"": 0.0, ""transport"": 0.0}",0.3,0.1,,0.38314666666666675,1.0,0.6168533333333333,1,"{""energy"": 0.6666666666666667, ""water"": 0.05493333333333334, ""transport"": 0.33333333333333337}","{""energy"": 1.0, ""water"": 1.0, ""transport"": 1.0}","{""energy"": 0.33333333333333326, ""water"": 0.9450666666666666, ""transport"": 0.6666666666666666}",8,0.5904823946160855,,,[],,v2.0,0.7,0.3
S4_water_partial,305,305,12435270042072425255,scenario=S4_water_partial|method=both|duration=0|theta=0.300000|delta_threshold=0.100000|A=v2.0|w=na|run_id=305|seed=12435270042072425255,False,"{""step_1_amount"": 0.43719438671643457}",033832c9a51598bd69064fc3910037f6fde292830c04f0066e6d9779dc60f4ca,0.38314666666666675,0.528363000074136,0.1452163334074692,6,0.0,0.0,0.38314666666666675,0.528363000074136,0,0,0.1452163334074692,"{""energy"": 0.6666666666666667, ""water"": 0.05493333333333334, ""transport"": 0.33333333333333337}","{""energy"": 0.76290828907686, ""water"": 0.35142631672887653, ""transport"": 0.39257263141576293}","{""energy"": 0.0962416224101933, ""water"": 0.2964929833955432, ""transport"": 0.05923929808242956}","{""energy"": 0.0, ""water"": 0.0, ""transport"": 0.0}","{""energy"": 0.0, ""water"": 0.0, ""transport"": 0.0}","{""energy"": 0.0, ""water"": 0.0, ""transport"": 0.0}",0.3,0.1,,0.38314666666666675,1.0,0.6168533333333333,1,"{""energy"": 0.6666666666666667, ""water"": 0.05493333333333334, ""transport"": 0.33333333333333337}","{""energy"": 1.0, ""water"": 1.0, ""transport"": 1.0}","{""energy"": 0.33333333333333326, ""water"": 0.9450666666666666, ""transport"": 0.6666666666666666}",9,0.528363000074136,,,[],,v2.0,0.7,0.3
S4_water_partial,306,306,14270326722727949257,scenario=S4_water_partial|method=both|duration=0|theta=0.300000|delta_threshold=0.100000|A=v2.0|w=na|run_id=306|seed=14270326722727949257,False,"{""step_1_amount"": 1.0954506685126952}",033832c9a51598bd69064fc3910037f6fde292830c04f0066e6d9779dc60f4ca,0.38314666666666675,0.8564466666666667,0.47329999999999994,9,0.0,1.0,0.38314666666666675,0.8564466666666667,1,1,0.47329999999999994,"{""energy"": 0.6666666666666667, ""water"": 0.05493333333333334, ""transport"": 0.33333333333333337}","{""energy"": 0.9912666666666667, ""water"": 1.0, ""transport"": 0.5331333333333333}","{""energy"": 0.3246, ""water"": 0.9450666666666666, ""transport"": 0.19979999999999998}","{""energy"": 0.0, ""water"": 0.0, ""transport"": 0.0}","{""energy"": 1.0, ""water"": 1.0, ""transport"": 1.0}","{""energy"": 1.0, ""water"": 1.0, ""transport"": 1.0}",0.3,0.1,,0.38314666666666675,1.0,0.6168533333333333,1,"{""energy"": 0.6666666666666667, ""water"": 0.05493333333333334, ""transport"": 0.33333333333333337}","{""energy"": 1.0, ""water"": 1.0, ""transport"": 1.0}","{""energy"": 0.33333333333333326, ""water"": 0.9450666666666666, ""transport"": 0.6666666666666666}",3,0.8564466666666667,,,"[""energy"", ""transport""]",1,v2.0,0.7,0.3
S4_water_partial,307,307,3542660455269540399,scenario=S4_water_partial|method=both|duration=0|theta=0.300000|delta_threshold=0.100000|A=v2.0|w=na|run_id=307|seed=3542660455269540399,False,"{""step_1_amount"": 0.7463332584092615}",033832c9a51598bd69064fc3910037f6fde292830c04f0066e6d9779dc60f4ca,0.38314666666666675,0.7176255457962768,0.33447887912961005,14,0.0,0.0,0.38314666666666675,0.7176255457962768,0,1,0.33447887912961005,"{""energy"": 0.6666666666666667, ""water"": 0.05493333333333334, ""transport"": 0.33333333333333337}","{""energy"": 0.8883413862662246, ""water"": 0.7378499063449102, ""transport"": 0.46978006462104643}","{""energy"": 0.22167471959955787, ""water"": 0.6829165730115768, ""transport"": 0.13644673128771306}","{""energy"": 0.0, ""water"": 0.0, ""transport"": 0.0}","{""energy"": 0.0, ""water"": 0.0, ""transport"": 0.0}","{""energy"": 0.0, ""water"": 0.0, ""transport"": 0.0}",0.3,0.1,,0.38314666666666675,1.0,0.6168533333333333,1,"{""energy"": 0.6666666666666667, ""water"": 0.05493333333333334, ""transport"": 0.33333333333333337}","{""energy"": 1.0, ""water"": 1.0, ""transport"": 1.0}","{""energy"": 0.33333333333333326, ""water"": 0.9450666666666666, ""transport"": 0.6666666666666666}",5,0.7176255457962768,,,[],,v2.0,0.7,0.3
S4_water_partial,308,308,7004066909902137995,scenario=S4_water_partial|method=both|duration=0|theta=0.300000|delta_threshold=0.100000|A=v2.0|w=na|run_id=308|seed=7004066909902137995,False,"{""step_1_amount"": 0.9511036520979544}",033832c9a51598bd69064fc3910037f6fde292830c04f0066e6d9779dc60f4ca,0.38314666666666675,0.8429911000723369,0.45984443340567016,8,0.0,1.0,0.38314666666666675,0.8429911000723369,1,1,0.45984443340567016,"{""energy"": 0.6666666666666667, ""water"": 0.05493333333333334, ""transport"": 0.33333333333333337}","{""energy"": 0.9714269735054117, ""water"": 0.9938128984557764, ""transport"": 0.5209214704447975}","{""energy"": 0.304760306838745, ""water"": 0.938879565122443, ""transport"": 0.18758813711146416}","{""energy"": 0.0, ""water"": 0.0, ""transport"": 0.0}","{""energy"": 1.0, ""water"": 1.0, ""transport"": 1.0}","{""energy"": 1.0, ""water"": 1.0, ""transport"": 1.0}",0.3,0.1,,0.38314666666666675,1.0,0.6168533333333333,1,"{""energy"": 0.6666666666666667, ""water"": 0.05493333333333334, ""transport"": 0.33333333333333337}","{""energy"": 1.0, ""water"": 1.0, ""transport"": 1.0}","{""energy"": 0.33333333333333326, ""water"": 0.9450666666666666, ""transport"": 0.6666666666666666}",3,0.8429911000723369,,,"[""energy"", ""transport""]",1,v2.0,0.7,0.3
S4_water_partial,309,309,8580157215818754103,scenario=S4_water_partial|method=both|duration=0|theta=0.300000|delta_threshold=0.100000|A=v2.0|w=na|run_id=309|seed=8580157215818754103,False,"{""step_1_amount"": 0.6071101127526004}",033832c9a51598bd69064fc3910037f6fde292830c04f0066e6d9779dc60f4ca,0.38314666666666675,0.6323896554466275,0.24924298877996076,28,0.0,0.0,0.38314666666666675,0.6323896554466275,0,1,0.24924298877996076,"{""energy"": 0.6666666666666667, ""water"": 0.05493333333333334, ""transport"": 0.33333333333333337}","{""energy"": 0.8318515949160343, ""water"": 0.563820974274084, ""transport"": 0.43500908399329535}","{""energy"": 0.1651849282493676, ""water"": 0.5088876409407506, ""transport"": 0.10167575065996198}","{""energy"": 0.0, ""water"": 0.0, ""transport"": 0.0}","{""energy"": 0.0, ""water"": 0.0, ""transport"": 0.0}","{""energy"": 0.0, ""water"": 0.0, ""transport"": 0.0}",0.3,0.1,,0.38314666666666675,1.0,0.6168533333333333,1,"{""energy"": 0.6666666666666667, ""water"": 0.05493333333333334, ""transport"": 0.33333333333333337}","{""energy"": 1.0, ""water"": 1.0, ""transport"": 1.0}","{""energy"": 0.33333333333333326, ""water"": 0.9450666666666666, ""transport"": 0.6666666666666666}",7,0.6323896554466275,,,[],,v2.0,0.7,0.3
S4_water_partial,310,310,16259523103170838522,scenario=S4_water_partial|method=both|duration=0|theta=0.300000|delta_threshold=0.100000|A=v2.0|w=na|run_id=310|seed=16259523103170838522,False,"{""step_1_amount"": 0.21246800275071426}",033832c9a51598bd69064fc3910037f6fde292830c04f0066e6d9779dc60f4ca,0.38314666666666675,0.39077988965072274,0.007633222984055998,20,0.0,0.0,0.38314666666666675,0.39077988965072274,0,0,0.007633222984055998,"{""energy"": 0.6666666666666667, ""water"": 0.05493333333333334, ""transport"": 0.33333333333333337}","{""energy"": 0.6717255587827691, ""water"": 0.07051833677172618, ""transport"": 0.33644721702032426}","{""energy"": 0.0050588921161023315, ""water"": 0.015585003438392843, ""transport"": 0.0031138836869908926}","{""energy"": 0.0, ""water"": 0.0, ""transport"": 0.0}","{""energy"": 0.0, ""water"": 0.0, ""transport"": 0.0}","{""energy"": 0.0, ""water"": 0.0, ""transport"": 0.0}",0.3,0.1,,0.38314666666666675,1.0,0.6168533333333333,1,"{""energy"": 0.6666666666666667, ""water"": 0.05493333333333334, ""transport"": 0.33333333333333337}","{""energy"": 1.0, ""water"": 1.0, ""transport"": 1.0}","{""energy"": 0.33333333333333326, ""water"": 0.9450666666666666, ""transport"": 0.6666666666666666}",12,0.39077988965072274,,,[],,v2.0,0.7,0.3
S4_water_partial,311,311,1354502391207062954,scenario=S4_water_partial|method=both|duration=0|theta=0.300000|delta_threshold=0.100000|A=v2.0|w=na|run_id=311|seed=1354502391207062954,False,"{""step_1_amount"": 0.45464237558379716}",033832c9a51598bd69064fc3910037f6fde292830c04f0066e6d9779dc60f4ca,0.38314666666666675,0.5390450950584569,0.15589842839179013,17,0.0,0.0,0.38314666666666675,0.5390450950584569,0,1,0.15589842839179013,"{""energy"": 0.6666666666666667, ""water"": 0.05493333333333334, ""transport"": 0.33333333333333337}","{""energy"": 0.7699878105597925, ""water"": 0.3732363028130798, ""transport"": 0.3969302666353867}","{""energy"": 0.10332114389312574, ""water"": 0.31830296947974646, ""transport"": 0.06359693330205335}","{""energy"": 0.0, ""water"": 0.0, ""transport"": 0.0}","{""energy"": 0.0, ""water"": 0.0, ""transport"": 0.0}","{""energy"": 0.0, ""water"": 0.0, ""transport"": 0.0}",0.3,0.1,,0.38314666666666675,1.0,0.6168533333333333,1,"{""energy"": 0.6666666666666667, ""water"": 0.05493333333333334, ""transport"": 0.33333333333333337}","{""energy"": 1.0, ""water"": 1.0, ""transport"": 1.0}","{""energy"": 0.33333333333333326, ""water"": 0.9450666666666666, ""transport"": 0.6666666666666666}",9,0.5390450950584569,,,[],,v2.0,0.7,0.3
S4_water_partial,312,312,17663799295446356460,scenario=S4_water_partial|method=both|duration=0|theta=0.300000|delta_threshold=0.100000|A=v2.0|w=na|run_id=312|seed=17663799295446356460,False,"{""step_1_amount"": 0.4231832763774606}",033832c9a51598bd69064fc3910037f6fde292830c04f0066e6d9779dc60f4ca,0.38314666666666675,0.5197850480468575,0.1366383813801908,23,0.0,0.0,0.38314666666666675,0.5197850480468575,0,0,0.1366383813801908,"{""energy"": 0.6666666666666667, ""water"": 0.05493333333333334, ""transport"": 0.33333333333333337}","{""energy"": 0.7572232810568214, ""water"": 0.33391242880515914, ""transport"": 0.38907335660860415}","{""energy"": 0.09055661439015461, ""water"": 0.2789790954718258, ""transport"": 0.05574002327527078}","{""energy"": 0.0, ""water"": 0.0, ""transport"": 0.0}","{""energy"": 0.0, ""water"": 0.0, ""transport"": 0.0}","{""energy"": 0.0, ""water"": 0.0, ""transport"": 0.0}",0.3,0.1,,0.38314666666666675,1.0,0.6168533333333333,1,"{""energy"": 0.6666666666666667, ""water"": 0.05493333333333334, ""transport"": 0.33333333333333337}","{""energy"": 1.0, ""water"": 1.0, ""transport"": 1.0}","{""energy"": 0.33333333333333326, ""water"": 0.9450666666666666, ""transport"": 0.6666666666666666}",9,0.5197850480468575,,,[],,v2.0,0.7,0.3
S4_water_partial,313,313,15131960894722779388,scenario=S4_water_partial|method=both|duration=0|theta=0.300000|delta_threshold=0.100000|A=v2.0|w=na|run_id=313|seed=15131960894722779388,False,"{""step_1_amount"": 0.4520282676755757}",033832c9a51598bd69064fc3910037f6fde292830c04f0066e6d9779dc60f4ca,0.38314666666666675,0.537444672844346,0.1542980061776793,21,0.0,0.0,0.38314666666666675,0.537444672844346,0,1,0.1542980061776793,"{""energy"": 0.6666666666666667, ""water"": 0.05493333333333334, ""transport"": 0.33333333333333337}","{""energy"": 0.7689271362760316, ""water"": 0.36996866792780303, ""transport"": 0.3962773931853084}","{""energy"": 0.10226046960936486, ""water"": 0.3150353345944697, ""transport"": 0.06294405985197504}","{""energy"": 0.0, ""water"": 0.0, ""transport"": 0.0}","{""energy"": 0.0, ""water"": 0.0, ""transport"": 0.0}","{""energy"": 0.0, ""water"": 0.0, ""transport"": 0.0}",0.3,0.1,,0.38314666666666675,1.0,0.6168533333333333,1,"{""energy"": 0.6666666666666667, ""water"": 0.05493333333333334, ""transport"": 0.33333333333333337}","{""energy"": 1.0, ""water"": 1.0, ""transport"": 1.0}","{""energy"": 0.33333333333333326, ""water"": 0.9450666666666666, ""transport"": 0.6666666666666666}",9,0.537444672844346,,,[],,v2.0,0.7,0.3
S4_water_partial,314,314,16646904315259836365,scenario=S4_water_partial|method=both|duration=0|theta=0.300000|delta_threshold=0.100000|A=v2.0|w=na|run_id=314|seed=16646904315259836365,False,"{""step_1_amount"": 0.4753835252672643}",033832c9a51598bd69064fc3910037f6fde292830c04f0066e6d9779dc60f4ca,0.38314666666666675,0.5517433454234175,0.16859667875675077,14,0.0,0.0,0.38314666666666675,0.5517433454234175,0,1,0.16859667875675077,"{""energy"": 0.6666666666666667, ""water"": 0.05493333333333334, ""transport"": 0.33333333333333337}","{""energy"": 0.7784035320438593, ""water"": 0.3991627399174137, ""transport"": 0.40211036876883266}","{""energy"": 0.11173686537719252, ""water"": 0.34422940658408036, ""transport"": 0.06877703543549929}","{""energy"": 0.0, ""water"": 0.0, ""transport"": 0.0}","{""energy"": 0.0, ""water"": 0.0, ""transport"": 0.0}","{""energy"": 0.0, ""water"": 0.0, ""transport"": 0.0}",0.3,0.1,,0.38314666666666675,1.0,0.6168533333333333,1,"{""energy"": 0.6666666666666667, ""water"": 0.05493333333333334, ""transport"": 0.33333333333333337}","{""energy"": 1.0, ""water"": 1.0, ""transport"": 1.0}","{""energy"": 0.33333333333333326, ""water"": 0.9450666666666666, ""transport"": 0.6666666666666666}",9,0.5517433454234175,,,[],,v2.0,0.7,0.3
S4_water_partial,315,315,17943003380932499578,scenario=S4_water_partial|method=both|duration=0|theta=0.300000|delta_threshold=0.100000|A=v2.0|w=na|run_id=315|seed=17943003380932499578,False,"{""step_1_amount"": 0.9757733866499868}",033832c9a51598bd69064fc3910037f6fde292830c04f0066e6d9779dc60f4ca,0.38314666666666675,0.85069950831471,0.4675528416480432,20,0.0,1.0,0.38314666666666675,0.85069950831471,1,1,0.4675528416480432,"{""energy"": 0.6666666666666667, ""water"": 0.05493333333333334, ""transport"": 0.33333333333333337}","{""energy"": 0.9814367182998989, ""water"": 1.0, ""transport"": 0.5270827366491676}","{""energy"": 0.31477005163323213, ""water"": 0.9450666666666666, ""transport"": 0.19374940331583423}","{""energy"": 0.0, ""water"": 0.0, ""transport"": 0.0}","{""energy"": 1.0, ""water"": 1.0, ""transport"": 1.0}","{""energy"": 1.0, ""water"": 1.0, ""transport"": 1.0}",0.3,0.1,,0.38314666666666675,1.0,0.6168533333333333,1,"{""energy"": 0.6666666666666667, ""water"": 0.05493333333333334, ""transport"": 0.33333333333333337}","{""energy"": 1.0, ""water"": 1.0, ""transport"": 1.0}","{""energy"": 0.33333333333333326, ""water"": 0.9450666666666666, ""transport"": 0.6666666666666666}",3,0.85069950831471,,,"[""energy"", ""transport""]",1,v2.0,0.7,0.3
S4_water_partial,316,316,9772420237477377537,scenario=S4_water_partial|method=both|duration=0|theta=0.300000|delta_threshold=0.100000|A=v2.0|w=na|run_id=316|seed=9772420237477377537,False,"{""step_1_amount"": 1.6079443060593963}",033832c9a51598bd69064fc3910037f6fde292830c04f0066e6d9779dc60f4ca,0.38314666666666675,0.8564466666666667,0.47329999999999994,18,0.0,1.0,0.38314666666666675,0.8564466666666667,1,1,0.47329999999999994,"{""energy"": 0.6666666666666667, ""water"": 0.05493333333333334, ""transport"": 0.33333333333333337}","{""energy"": 0.9912666666666667, ""water"": 1.0, ""transport"": 0.5331333333333333}","{""energy"": 0.3246, ""water"": 0.9450666666666666, ""transport"": 0.19979999999999998}","{""energy"": 0.0, ""water"": 0.0, ""transport"": 0.0}","{""energy"": 1.0, ""water"": 1.0, ""transport"": 1.0}","{""energy"": 1.0, ""water"": 1.0, ""transport"": 1.0}",0.3,0.1,,0.38314666666666675,1.0,0.6168533333333333,1,"{""energy"": 0.6666666666666667, ""water"": 0.05493333333333334, ""transport"": 0.33333333333333337}","{""energy"": 1.0, ""water"": 1.0, ""transport"": 1.0}","{""energy"": 0.33333333333333326, ""water"": 0.9450666666666666, ""transport"": 0.6666666666666666}",3,0.8564466666666667,,,"[""energy"", ""transport""]",1,v2.0,0.7,0.3
S4_water_partial,317,317,9453760456129897535,scenario=S4_water_partial|method=both|duration=0|theta=0.300000|delta_threshold=0.100000|A=v2.0|w=na|run_id=317|seed=9453760456129897535,False,"{""step_1_amount"": 0.680223411941734}",033832c9a51598bd69064fc3910037f6fde292830c04f0066e6d9779dc60f4ca,0.38314666666666675,0.6771514450426949,0.2940047783760281,25,0.0,0.0,0.38314666666666675,0.6771514450426949,0,1,0.2940047783760281,"{""energy"": 0.6666666666666667, ""water"": 0.05493333333333334, ""transport"": 0.33333333333333337}","{""energy"": 0.8615173160620253, ""water"": 0.6552125982605008, ""transport"": 0.45326913046578143}","{""energy"": 0.19485064939535857, ""water"": 0.6002792649271674, ""transport"": 0.11993579713244806}","{""energy"": 0.0, ""water"": 0.0, ""transport"": 0.0}","{""energy"": 0.0, ""water"": 0.0, ""transport"": 0.0}","{""energy"": 0.0, ""water"": 0.0, ""transport"": 0.0}",0.3,0.1,,0.38314666666666675,1.0,0.6168533333333333,1,"{""energy"": 0.6666666666666667, ""water"": 0.05493333333333334, ""transport"": 0.33333333333333337}","{""energy"": 1.0, ""water"": 1.0, ""transport"": 1.0}","{""energy"": 0.33333333333333326, ""water"": 0.9450666666666666, ""transport"": 0.6666666666666666}",6,0.6771514450426949,,,[],,v2.0,0.7,0.3
S4_water_partial,318,318,4681731842728148668,scenario=S4_water_partial|method=both|duration=0|theta=0.300000|delta_threshold=0.100000|A=v2.0|w=na|run_id=318|seed=4681731842728148668,False,"{""step_1_amount"": 0.9426325727686029}",033832c9a51598bd69064fc3910037f6fde292830c04f0066e6d9779dc60f4ca,0.38314666666666675,0.8378048935299246,0.45465822686325785,5,0.0,1.0,0.38314666666666675,0.8378048935299246,1,1,0.45465822686325785,"{""energy"": 0.6666666666666667, ""water"": 0.05493333333333334, ""transport"": 0.33333333333333337}","{""energy"": 0.9679898330675274, ""water"": 0.983224049294087, ""transport"": 0.5188058183822919}","{""energy"": 0.30132316640086065, ""water"": 0.9282907159607536, ""transport"": 0.18547248504895852}","{""energy"": 0.0, ""water"": 0.0, ""transport"": 0.0}","{""energy"": 1.0, ""water"": 1.0, ""transport"": 1.0}","{""energy"": 1.0, ""water"": 1.0, ""transport"": 1.0}",0.3,0.1,,0.38314666666666675,1.0,0.6168533333333333,1,"{""energy"": 0.6666666666666667, ""water"": 0.05493333333333334, ""transport"": 0.33333333333333337}","{""energy"": 1.0, ""water"": 1.0, ""transport"": 1.0}","{""energy"": 0.33333333333333326, ""water"": 0.9450666666666666, ""transport"": 0.6666666666666666}",3,0.8378048935299246,,,"[""energy"", ""transport""]",1,v2.0,0.7,0.3
S4_water_partial,319,319,14951413918161027312,scenario=S4_water_partial|method=both|duration=0|theta=0.300000|delta_threshold=0.100000|A=v2.0|w=na|run_id=319|seed=14951413918161027312,False,"{""step_1_amount"": 0.66767589846989}",033832c9a51598bd69064fc3910037f6fde292830c04f0066e6d9779dc60f4ca,0.38314666666666675,0.6694695436073951,0.28632287694072833,14,0.0,0.0,0.38314666666666675,0.6694695436073951,0,1,0.28632287694072833,"{""energy"": 0.6666666666666667, ""water"": 0.05493333333333334, ""transport"": 0.33333333333333337}","{""energy"": 0.8564261624708246, ""water"": 0.6395282064206959, ""transport"": 0.4501353889761884}","{""energy"": 0.18975949580415785, ""water"": 0.5845948730873625, ""transport"": 0.11680205564285501}","{""energy"": 0.0, ""water"": 0.0, ""transport"": 0.0}","{""energy"": 0.0, ""water"": 0.0, ""transport"": 0.0}","{""energy"": 0.0, ""water"": 0.0, ""transport"": 0.0}",0.3,0.1,,0.38314666666666675,1.0,0.6168533333333333,1,"{""energy"": 0.6666666666666667, ""water"": 0.05493333333333334, ""transport"": 0.33333333333333337}","{""energy"": 1.0, ""water"": 1.0, ""transport"": 1.0}","{""energy"": 0.33333333333333326, ""water"": 0.9450666666666666, ""transport"": 0.6666666666666666}",6,0.6694695436073951,,,[],,v2.0,0.7,0.3
S4_water_partial,320,320,5209133241568780584,scenario=S4_water_partial|method=both|duration=0|theta=0.300000|delta_threshold=0.100000|A=v2.0|w=na|run_id=320|seed=5209133241568780584,False,"{""step_1_amount"": 0.7173708712310619}",033832c9a51598bd69064fc3910037f6fde292830c04f0066e6d9779dc60f4ca,0.38314666666666675,0.6998940483061036,0.31674738163943683,8,0.0,0.0,0.38314666666666675,0.6998940483061036,0,1,0.31674738163943683,"{""energy"": 0.6666666666666667, ""water"": 0.05493333333333334, ""transport"": 0.33333333333333337}","{""energy"": 0.8765898976686701, ""water"": 0.7016469223721608, ""transport"": 0.46254670842329104}","{""energy"": 0.20992323100200339, ""water"": 0.6467135890388274, ""transport"": 0.12921337508995767}","{""energy"": 0.0, ""water"": 0.0, ""transport"": 0.0}","{""energy"": 0.0, ""water"": 0.0, ""transport"": 0.0}","{""energy"": 0.0, ""water"": 0.0, ""transport"": 0.0}",0.3,0.1,,0.38314666666666675,1.0,0.6168533333333333,1,"{""energy"": 0.6666666666666667, ""water"": 0.05493333333333334, ""transport"": 0.33333333333333337}","{""energy"": 1.0, ""water"": 1.0, ""transport"": 1.0}","{""energy"": 0.33333333333333326, ""water"": 0.9450666666666666, ""transport"": 0.6666666666666666}",6,0.6998940483061036,,,[],,v2.0,0.7,0.3
S4_water_partial,321,321,15081348860382180055,scenario=S4_water_partial|method=both|duration=0|theta=0.300000|delta_threshold=0.100000|A=v2.0|w=na|run_id=321|seed=15081348860382180055,False,"{""step_1_amount"": 0.26459662161588343}",033832c9a51598bd69064fc3910037f6fde292830c04f0066e6d9779dc60f4ca,0.38314666666666675,0.42269433333545087,0.03954766666878412,17,0.0,0.0,0.38314666666666675,0.42269433333545087,0,0,0.03954766666878412,"{""energy"": 0.6666666666666667, ""water"": 0.05493333333333334, ""transport"": 0.33333333333333337}","{""energy"": 0.6928767458873114, ""water"": 0.13567911035318753, ""transport"": 0.3494663395819002}","{""energy"": 0.026210079220644666, ""water"": 0.08074577701985419, ""transport"": 0.01613300624856684}","{""energy"": 0.0, ""water"": 0.0, ""transport"": 0.0}","{""energy"": 0.0, ""water"": 0.0, ""transport"": 0.0}","{""energy"": 0.0, ""water"": 0.0, ""transport"": 0.0}",0.3,0.1,,0.38314666666666675,1.0,0.6168533333333333,1,"{""energy"": 0.6666666666666667, ""water"": 0.05493333333333334, ""transport"": 0.33333333333333337}","{""energy"": 1.0, ""water"": 1.0, ""transport"": 1.0}","{""energy"": 0.33333333333333326, ""water"": 0.9450666666666666, ""transport"": 0.6666666666666666}",12,0.42269433333545087,,,[],,v2.0,0.7,0.3
S4_water_partial,322,322,15670493266361904699,scenario=S4_water_partial|method=both|duration=0|theta=0.300000|delta_threshold=0.100000|A=v2.0|w=na|run_id=322|seed=15670493266361904699,False,"{""step_1_amount"": 0.783907917752567}",033832c9a51598bd69064fc3910037f6fde292830c04f0066e6d9779dc60f4ca,0.38314666666666675,0.7406296916127321,0.3574830249460653,30,0.0,1.0,0.38314666666666675,0.7406296916127321,1,1,0.3574830249460653,"{""energy"": 0.6666666666666667, ""water"": 0.05493333333333334, ""transport"": 0.33333333333333337}","{""energy"": 0.9035873042947709, ""water"": 0.7848182305240421, ""transport"": 0.479164335792037}","{""energy"": 0.2369206376281041, ""water"": 0.7298848971907087, ""transport"": 0.14583100245870362}","{""energy"": 0.0, ""water"": 0.0, ""transport"": 0.0}","{""energy"": 1.0, ""water"": 1.0, ""transport"": 1.0}","{""energy"": 1.0, ""water"": 1.0, ""transport"": 1.0}",0.3,0.1,,0.38314666666666675,1.0,0.6168533333333333,1,"{""energy"": 0.6666666666666667, ""water"": 0.05493333333333334, ""transport"": 0.33333333333333337}","{""energy"": 1.0, ""water"": 1.0, ""transport"": 1.0}","{""energy"": 0.33333333333333326, ""water"": 0.9450666666666666, ""transport"": 0.6666666666666666}",5,0.7406296916127321,,,"[""energy"", ""transport""]",1,v2.0,0.7,0.3
S4_water_partial,323,323,2777518767011924630,scenario=S4_water_partial|method=both|duration=0|theta=0.300000|delta_threshold=0.100000|A=v2.0|w=na|run_id=323|seed=2777518767011924630,False,"{""step_1_amount"": 0.8852495322614934}",033832c9a51598bd69064fc3910037f6fde292830c04f0066e6d9779dc60f4ca,0.38314666666666675,0.8026735615554595,0.4195268948887928,10,0.0,1.0,0.38314666666666675,0.8026735615554595,1,1,0.4195268948887928,"{""energy"": 0.6666666666666667, ""water"": 0.05493333333333334, ""transport"": 0.33333333333333337}","{""energy"": 0.9447066643817676, ""water"": 0.9114952486602002, ""transport"": 0.5044744040156414}","{""energy"": 0.2780399977151009, ""water"": 0.8565619153268668, ""transport"": 0.171141070682308}","{""energy"": 0.0, ""water"": 0.0, ""transport"": 0.0}","{""energy"": 1.0, ""water"": 1.0, ""transport"": 1.0}","{""energy"": 1.0, ""water"": 1.0, ""transport"": 1.0}",0.3,0.1,,0.38314666666666675,1.0,0.6168533333333333,1,"{""energy"": 0.6666666666666667, ""water"": 0.05493333333333334, ""transport"": 0.33333333333333337}","{""energy"": 1.0, ""water"": 1.0, ""transport"": 1.0}","{""energy"": 0.33333333333333326, ""water"": 0.9450666666666666, ""transport"": 0.6666666666666666}",3,0.8026735615554595,,,"[""energy"", ""transport""]",1,v2.0,0.7,0.3
S4_water_partial,324,324,9440331306239723693,scenario=S4_water_partial|method=both|duration=0|theta=0.300000|delta_threshold=0.100000|A=v2.0|w=na|run_id=324|seed=9440331306239723693,False,"{""step_1_amount"": 0.2913440036422127}",033832c9a51598bd69064fc3910037f6fde292830c04f0066e6d9779dc60f4ca,0.38314666666666675,0.4390697492965203,0.05592308262985357,16,0.0,0.0,0.38314666666666675,0.4390697492965203,0,0,0.05592308262985357,"{""energy"": 0.6666666666666667, ""water"": 0.05493333333333334, ""transport"": 0.33333333333333337}","{""energy"": 0.7037294961444945, ""water"": 0.16911333788609917, ""transport"": 0.356146498242976}","{""energy"": 0.0370628294778278, ""water"": 0.11418000455276583, ""transport"": 0.022813164909642636}","{""energy"": 0.0, ""water"": 0.0, ""transport"": 0.0}","{""energy"": 0.0, ""water"": 0.0, ""transport"": 0.0}","{""energy"": 0.0, ""water"": 0.0, ""transport"": 0.0}",0.3,0.1,,0.38314666666666675,1.0,0.6168533333333333,1,"{""energy"": 0.6666666666666667, ""water"": 0.05493333333333334, ""transport"": 0.33333333333333337}","{""energy"": 1.0, ""water"": 1.0, ""transport"": 1.0}","{""energy"": 0.33333333333333326, ""water"": 0.9450666666666666, ""transport"": 0.6666666666666666}",11,0.4390697492965203,,,[],,v2.0,0.7,0.3
S4_water_partial,325,325,13367138709918835517,scenario=S4_water_partial|method=both|duration=0|theta=0.300000|delta_threshold=0.100000|A=v2.0|w=na|run_id=325|seed=13367138709918835517,False,"{""step_1_amount"": 0.9417489659744739}",033832c9a51598bd69064fc3910037f6fde292830c04f0066e6d9779dc60f4ca,0.38314666666666675,0.837263927360389,0.45411726069372227,6,0.0,1.0,0.38314666666666675,0.837263927360389,1,1,0.45411726069372227,"{""energy"": 0.6666666666666667, ""water"": 0.05493333333333334, ""transport"": 0.33333333333333337}","{""energy"": 0.9676313096108096, ""water"": 0.9821195408014257, ""transport"": 0.5185851375854582}","{""energy"": 0.3009646429441428, ""water"": 0.9271862074680923, ""transport"": 0.18525180425212484}","{""energy"": 0.0, ""water"": 0.0, ""transport"": 0.0}","{""energy"": 1.0, ""water"": 1.0, ""transport"": 1.0}","{""energy"": 1.0, ""water"": 1.0, ""transport"": 1.0}",0.3,0.1,,0.38314666666666675,1.0,0.6168533333333333,1,"{""energy"": 0.6666666666666667, ""water"": 0.05493333333333334, ""transport"": 0.33333333333333337}","{""energy"": 1.0, ""water"": 1.0, ""transport"": 1.0}","{""energy"": 0.33333333333333326, ""water"": 0.9450666666666666, ""transport"": 0.6666666666666666}",3,0.837263927360389,,,"[""energy"", ""transport""]",1,v2.0,0.7,0.3
S4_water_partial,326,326,11403947692768091291,scenario=S4_water_partial|method=both|duration=0|theta=0.300000|delta_threshold=0.100000|A=v2.0|w=na|run_id=326|seed=11403947692768091291,False,"{""step_1_amount"": 0.7786237169873637}",033832c9a51598bd69064fc3910037f6fde292830c04f0066e6d9779dc60f4ca,0.38314666666666675,0.7373945717992555,0.35424790513258875,13,0.0,1.0,0.38314666666666675,0.7373945717992555,1,1,0.35424790513258875,"{""energy"": 0.6666666666666667, ""water"": 0.05493333333333334, ""transport"": 0.33333333333333337}","{""energy"": 0.9014432398342895, ""water"": 0.778212979567538, ""transport"": 0.47784460665092743}","{""energy"": 0.2347765731676228, ""water"": 0.7232796462342046, ""transport"": 0.14451127331759406}","{""energy"": 0.0, ""water"": 0.0, ""transport"": 0.0}","{""energy"": 1.0, ""water"": 1.0, ""transport"": 1.0}","{""energy"": 1.0, ""water"": 1.0, ""transport"": 1.0}",0.3,0.1,,0.38314666666666675,1.0,0.6168533333333333,1,"{""energy"": 0.6666666666666667, ""water"": 0.05493333333333334, ""transport"": 0.33333333333333337}","{""energy"": 1.0, ""water"": 1.0, ""transport"": 1.0}","{""energy"": 0.33333333333333326, ""water"": 0.9450666666666666, ""transport"": 0.6666666666666666}",5,0.7373945717992555,,,"[""energy"", ""transport""]",1,v2.0,0.7,0.3
S4_water_partial,327,327,6692175995342059163,scenario=S4_water_partial|method=both|duration=0|theta=0.300000|delta_threshold=0.100000|A=v2.0|w=na|run_id=327|seed=6692175995342059163,False,"{""step_1_amount"": 0.7609704514137453}",033832c9a51598bd69064fc3910037f6fde292830c04f0066e6d9779dc60f4ca,0.38314666666666675,0.726586801283447,0.34344013461678025,25,0.0,1.0,0.38314666666666675,0.726586801283447,1,1,0.34344013461678025,"{""energy"": 0.6666666666666667, ""water"": 0.05493333333333334, ""transport"": 0.33333333333333337}","{""energy"": 0.8942804273277939, ""water"": 0.756146397600515, ""transport"": 0.4734357035739163}","{""energy"": 0.22761376066112715, ""water"": 0.7012130642671817, ""transport"": 0.14010237024058292}","{""energy"": 0.0, ""water"": 0.0, ""transport"": 0.0}","{""energy"": 1.0, ""water"": 1.0, ""transport"": 1.0}","{""energy"": 1.0, ""water"": 1.0, ""transport"": 1.0}",0.3,0.1,,0.38314666666666675,1.0,0.6168533333333333,1,"{""energy"": 0.6666666666666667, ""water"": 0.05493333333333334, ""transport"": 0.33333333333333337}","{""energy"": 1.0, ""water"": 1.0, ""transport"": 1.0}","{""energy"": 0.33333333333333326, ""water"": 0.9450666666666666, ""transport"": 0.6666666666666666}",5,0.726586801283447,,,"[""energy"", ""transport""]",1,v2.0,0.7,0.3
S4_water_partial,328,328,1961541181980137932,scenario=S4_water_partial|method=both|duration=0|theta=0.300000|delta_threshold=0.100000|A=v2.0|w=na|run_id=328|seed=1961541181980137932,False,"{""step_1_amount"": 0.599347224301111}",033832c9a51598bd69064fc3910037f6fde292830c04f0066e6d9779dc60f4ca,0.38314666666666675,0.6276370210644144,0.2444903543977477,10,0.0,0.0,0.38314666666666675,0.6276370210644144,0,1,0.2444903543977477,"{""energy"": 0.6666666666666667, ""water"": 0.05493333333333334, ""transport"": 0.33333333333333337}","{""energy"": 0.8287018029268425, ""water"": 0.5541173637097221, ""transport"": 0.4330703026025358}","{""energy"": 0.16203513626017574, ""water"": 0.49918403037638875, ""transport"": 0.09973696926920245}","{""energy"": 0.0, ""water"": 0.0, ""transport"": 0.0}","{""energy"": 0.0, ""water"": 0.0, ""transport"": 0.0}","{""energy"": 0.0, ""water"": 0.0, ""transport"": 0.0}",0.3,0.1,,0.38314666666666675,1.0,0.6168533333333333,1,"{""energy"": 0.6666666666666667, ""water"": 0.05493333333333334, ""transport"": 0.33333333333333337}","{""energy"": 1.0, ""water"": 1.0, ""transport"": 1.0}","{""energy"": 0.33333333333333326, ""water"": 0.9450666666666666, ""transport"": 0.6666666666666666}",7,0.6276370210644144,,,[],,v2.0,0.7,0.3
S4_water_partial,329,329,13170094510868649642,scenario=S4_water_partial|method=both|duration=0|theta=0.300000|delta_threshold=0.100000|A=v2.0|w=na|run_id=329|seed=13170094510868649642,False,"{""step_1_amount"": 1.0587133682424468}",033832c9a51598bd69064fc3910037f6fde292830c04f0066e6d9779dc60f4ca,0.38314666666666675,0.8564466666666667,0.47329999999999994,9,0.0,1.0,0.38314666666666675,0.8564466666666667,1,1,0.47329999999999994,"{""energy"": 0.6666666666666667, ""water"": 0.05493333333333334, ""transport"": 0.33333333333333337}","{""energy"": 0.9912666666666667, ""water"": 1.0, ""transport"": 0.5331333333333333}","{""energy"": 0.3246, ""water"": 0.9450666666666666, ""transport"": 0.19979999999999998}","{""energy"": 0.0, ""water"": 0.0, ""transport"": 0.0}","{""energy"": 1.0, ""water"": 1.0, ""transport"": 1.0}","{""energy"": 1.0, ""water"": 1.0, ""transport"": 1.0}",0.3,0.1,,0.38314666666666675,1.0,0.6168533333333333,1,"{""energy"": 0.6666666666666667, ""water"": 0.05493333333333334, ""transport"": 0.33333333333333337}","{""energy"": 1.0, ""water"": 1.0, ""transport"": 1.0}","{""energy"": 0.33333333333333326, ""water"": 0.9450666666666666, ""transport"": 0.6666666666666666}",3,0.8564466666666667,,,"[""energy"", ""transport""]",1,v2.0,0.7,0.3
S4_water_partial,330,330,9240519427180800340,scenario=S4_water_partial|method=both|duration=0|theta=0.300000|delta_threshold=0.100000|A=v2.0|w=na|run_id=330|seed=9240519427180800340,False,"{""step_1_amount"": 0.30590167397841317}",033832c9a51598bd69064fc3910037f6fde292830c04f0066e6d9779dc60f4ca,0.38314666666666675,0.4479823190181007,0.06483565235143396,26,0.0,0.0,0.38314666666666675,0.4479823190181007,0,0,0.06483565235143396,"{""energy"": 0.6666666666666667, ""water"": 0.05493333333333334, ""transport"": 0.33333333333333337}","{""energy"": 0.7096362708834079, ""water"": 0.1873104258063497, ""transport"": 0.35978227640944205}","{""energy"": 0.04296960421674112, ""water"": 0.13237709247301638, ""transport"": 0.026448943076108677}","{""energy"": 0.0, ""water"": 0.0, ""transport"": 0.0}","{""energy"": 0.0, ""water"": 0.0, ""transport"": 0.0}","{""energy"": 0.0, ""water"": 0.0, ""transport"": 0.0}",0.3,0.1,,0.38314666666666675,1.0,0.6168533333333333,1,"{""energy"": 0.6666666666666667, ""water"": 0.05493333333333334, ""transport"": 0.33333333333333337}","{""energy"": 1.0, ""water"": 1.0, ""transport"": 1.0}","{""energy"": 0.33333333333333326, ""water"": 0.9450666666666666, ""transport"": 0.6666666666666666}",11,0.4479823190181007,,,[],,v2.0,0.7,0.3
S4_water_partial,331,331,11682113352670015135,scenario=S4_water_partial|method=both|duration=0|theta=0.300000|delta_threshold=0.100000|A=v2.0|w=na|run_id=331|seed=11682113352670015135,False,"{""step_1_amount"": 0.34805983386948086}",033832c9a51598bd69064fc3910037f6fde292830c04f0066e6d9779dc60f4ca,0.38314666666666675,0.4737925984574096,0.09064593179074287,27,0.0,0.0,0.38314666666666675,0.4737925984574096,0,0,0.09064593179074287,"{""energy"": 0.6666666666666667, ""water"": 0.05493333333333334, ""transport"": 0.33333333333333337}","{""energy"": 0.7267419442592086, ""water"": 0.24000812567018437, ""transport"": 0.3703112768422362}","{""energy"": 0.06007527759254183, ""water"": 0.18507479233685104, ""transport"": 0.03697794350890282}","{""energy"": 0.0, ""water"": 0.0, ""transport"": 0.0}","{""energy"": 0.0, ""water"": 0.0, ""transport"": 0.0}","{""energy"": 0.0, ""water"": 0.0, ""transport"": 0.0}",0.3,0.1,,0.38314666666666675,1.0,0.6168533333333333,1,"{""energy"": 0.6666666666666667, ""water"": 0.05493333333333334, ""transport"": 0.33333333333333337}","{""energy"": 1.0, ""water"": 1.0, ""transport"": 1.0}","{""energy"": 0.33333333333333326, ""water"": 0.9450666666666666, ""transport"": 0.6666666666666666}",10,0.4737925984574096,,,[],,v2.0,0.7,0.3
S4_water_partial,332,332,7721279699586728843,scenario=S4_water_partial|method=both|duration=0|theta=0.300000|delta_threshold=0.100000|A=v2.0|w=na|run_id=332|seed=7721279699586728843,False,"{""step_1_amount"": 0.33337814800945953}",033832c9a51598bd69064fc3910037f6fde292830c04f0066e6d9779dc60f4ca,0.38314666666666675,0.4648041033317581,0.08165743666509134,15,0.0,0.0,0.38314666666666675,0.4648041033317581,0,0,0.08165743666509134,"{""energy"": 0.6666666666666667, ""water"": 0.05493333333333334, ""transport"": 0.33333333333333337}","{""energy"": 0.720784850221505, ""water"": 0.22165601834515777, ""transport"": 0.3666445257986959}","{""energy"": 0.05411818355483822, ""water"": 0.16672268501182444, ""transport"": 0.033311192465362516}","{""energy"": 0.0, ""water"": 0.0, ""transport"": 0.0}","{""energy"": 0.0, ""water"": 0.0, ""transport"": 0.0}","{""energy"": 0.0, ""water"": 0.0, ""transport"": 0.0}",0.3,0.1,,0.38314666666666675,1.0,0.6168533333333333,1,"{""energy"": 0.6666666666666667, ""water"": 0.05493333333333334, ""transport"": 0.33333333333333337}","{""energy"": 1.0, ""water"": 1.0, ""transport"": 1.0}","{""energy"": 0.33333333333333326, ""water"": 0.9450666666666666, ""transport"": 0.6666666666666666}",11,0.4648041033317581,,,[],,v2.0,0.7,0.3
S4_water_partial,333,333,14632501934875917944,scenario=S4_water_partial|method=both|duration=0|theta=0.300000|delta_threshold=0.100000|A=v2.0|w=na|run_id=333|seed=14632501934875917944,False,"{""step_1_amount"": 0.71313522157565}",033832c9a51598bd69064fc3910037f6fde292830c04f0066e6d9779dc60f4ca,0.38314666666666675,0.6973008776958192,0.3141542110291524,12,0.0,0.0,0.38314666666666675,0.6973008776958192,0,1,0.3141542110291524,"{""energy"": 0.6666666666666667, ""water"": 0.05493333333333334, ""transport"": 0.33333333333333337}","{""energy"": 0.8748712828209868, ""water"": 0.6963523603028959, ""transport"": 0.461488854921852}","{""energy"": 0.20820461615432007, ""water"": 0.6414190269695625, ""transport"": 0.12815552158851862}","{""energy"": 0.0, ""water"": 0.0, ""transport"": 0.0}","{""energy"": 0.0, ""water"": 0.0, ""transport"": 0.0}","{""energy"": 0.0, ""water"": 0.0, ""transport"": 0.0}",0.3,0.1,,0.38314666666666675,1.0,0.6168533333333333,1,"{""energy"": 0.6666666666666667, ""water"": 0.05493333333333334, ""transport"": 0.33333333333333337}","{""energy"": 1.0, ""water"": 1.0, ""transport"": 1.0}","{""energy"": 0.33333333333333326, ""water"": 0.9450666666666666, ""transport"": 0.6666666666666666}",6,0.6973008776958192,,,[],,v2.0,0.7,0.3
S4_water_partial,334,334,14827408670102961102,scenario=S4_water_partial|method=both|duration=0|theta=0.300000|delta_threshold=0.100000|A=v2.0|w=na|run_id=334|seed=14827408670102961102,False,"{""step_1_amount"": 0.8867704720869065}",033832c9a51598bd69064fc3910037f6fde292830c04f0066e6d9779dc60f4ca,0.38314666666666675,0.803604718940073,0.42045805227340627,20,0.0,1.0,0.38314666666666675,0.803604718940073,1,1,0.42045805227340627,"{""energy"": 0.6666666666666667, ""water"": 0.05493333333333334, ""transport"": 0.33333333333333337}","{""energy"": 0.9453237857159291, ""water"": 0.9133964234419665, ""transport"": 0.5048542587370383}","{""energy"": 0.2786571190492624, ""water"": 0.8584630901086331, ""transport"": 0.1715209254037049}","{""energy"": 0.0, ""water"": 0.0, ""transport"": 0.0}","{""energy"": 1.0, ""water"": 1.0, ""transport"": 1.0}","{""energy"": 1.0, ""water"": 1.0, ""transport"": 1.0}",0.3,0.1,,0.38314666666666675,1.0,0.6168533333333333,1,"{""energy"": 0.6666666666666667, ""water"": 0.05493333333333334, ""transport"": 0.33333333333333337}","{""energy"": 1.0, ""water"": 1.0, ""transport"": 1.0}","{""energy"": 0.33333333333333326, ""water"": 0.9450666666666666, ""transport"": 0.6666666666666666}",3,0.803604718940073,,,"[""energy"", ""transport""]",1,v2.0,0.7,0.3
S4_water_partial,335,335,2655133528006407183,scenario=S4_water_partial|method=both|duration=0|theta=0.300000|delta_threshold=0.100000|A=v2.0|w=na|run_id=335|seed=2655133528006407183,False,"{""step_1_amount"": 0.302941721546998}",033832c9a51598bd69064fc3910037f6fde292830c04f0066e6d9779dc60f4ca,0.38314666666666675,0.44617016214077754,0.06302349547411079,24,0.0,0.0,0.38314666666666675,0.44617016214077754,0,0,0.06302349547411079,"{""energy"": 0.6666666666666667, ""water"": 0.05493333333333334, ""transport"": 0.33333333333333337}","{""energy"": 0.7084352701843611, ""water"": 0.18361048526708082, ""transport"": 0.35904302828969614}","{""energy"": 0.0417686035176944, ""water"": 0.12867715193374749, ""transport"": 0.025709694956362772}","{""energy"": 0.0, ""water"": 0.0, ""transport"": 0.0}","{""energy"": 0.0, ""water"": 0.0, ""transport"": 0.0}","{""energy"": 0.0, ""water"": 0.0, ""transport"": 0.0}",0.3,0.1,,0.38314666666666675,1.0,0.6168533333333333,1,"{""energy"": 0.6666666666666667, ""water"": 0.05493333333333334, ""transport"": 0.33333333333333337}","{""energy"": 1.0, ""water"": 1.0, ""transport"": 1.0}","{""energy"": 0.33333333333333326, ""water"": 0.9450666666666666, ""transport"": 0.6666666666666666}",11,0.44617016214077754,,,[],,v2.0,0.7,0.3
S4_water_partial,336,336,10167970282616934889,scenario=S4_water_partial|method=both|duration=0|theta=0.300000|delta_threshold=0.100000|A=v2.0|w=na|run_id=336|seed=10167970282616934889,False,"{""step_1_amount"": 0.5707505481489934}",033832c9a51598bd69064fc3910037f6fde292830c04f0066e6d9779dc60f4ca,0.38314666666666675,0.6101294210071843,0.2269827543405175,19,0.0,0.0,0.38314666666666675,0.6101294210071843,0,1,0.2269827543405175,"{""energy"": 0.6666666666666667, ""water"": 0.05493333333333334, ""transport"": 0.33333333333333337}","{""energy"": 0.8170987015781208, ""water"": 0.5183715185195751, ""transport"": 0.4259282827335445}","{""energy"": 0.15043203491145407, ""water"": 0.46343818518624175, ""transport"": 0.09259494940021112}","{""energy"": 0.0, ""water"": 0.0, ""transport"": 0.0}","{""energy"": 0.0, ""water"": 0.0, ""transport"": 0.0}","{""energy"": 0.0, ""water"": 0.0, ""transport"": 0.0}",0.3,0.1,,0.38314666666666675,1.0,0.6168533333333333,1,"{""energy"": 0.6666666666666667, ""water"": 0.05493333333333334, ""transport"": 0.33333333333333337}","{""energy"": 1.0, ""water"": 1.0, ""transport"": 1.0}","{""energy"": 0.33333333333333326, ""water"": 0.9450666666666666, ""transport"": 0.6666666666666666}",7,0.6101294210071843,,,[],,v2.0,0.7,0.3
S4_water_partial,337,337,11005755078613705632,scenario=S4_water_partial|method=both|duration=0|theta=0.300000|delta_threshold=0.100000|A=v2.0|w=na|run_id=337|seed=11005755078613705632,False,"{""step_1_amount"": 0.27172121055092496}",033832c9a51598bd69064fc3910037f6fde292830c04f0066e6d9779dc60f4ca,0.38314666666666675,0.4270561847962068,0.043909518129540026,18,0.0,0.0,0.38314666666666675,0.4270561847962068,0,0,0.043909518129540026,"{""energy"": 0.6666666666666667, ""water"": 0.05493333333333334, ""transport"": 0.33333333333333337}","{""energy"": 0.6957675478477046, ""water"": 0.14458484652198955, ""transport"": 0.3512457056684269}","{""energy"": 0.02910088118103782, ""water"": 0.08965151318865622, ""transport"": 0.017912372335093518}","{""energy"": 0.0, ""water"": 0.0, ""transport"": 0.0}","{""energy"": 0.0, ""water"": 0.0, ""transport"": 0.0}","{""energy"": 0.0, ""water"": 0.0, ""transport"": 0.0}",0.3,0.1,,0.38314666666666675,1.0,0.6168533333333333,1,"{""energy"": 0.6666666666666667, ""water"": 0.05493333333333334, ""transport"": 0.33333333333333337}","{""energy"": 1.0, ""water"": 1.0, ""transport"": 1.0}","{""energy"": 0.33333333333333326, ""water"": 0.9450666666666666, ""transport"": 0.6666666666666666}",11,0.4270561847962068,,,[],,v2.0,0.7,0.3
S4_water_partial,338,338,6054842627822103214,scenario=S4_water_partial|method=both|duration=0|theta=0.300000|delta_threshold=0.100000|A=v2.0|w=na|run_id=338|seed=6054842627822103214,False,"{""step_1_amount"": 0.5084076033631331}",033832c9a51598bd69064fc3910037f6fde292830c04f0066e6d9779dc60f4ca,0.38314666666666675,0.5719615116356609,0.18881484496899414,5,0.0,0.0,0.38314666666666675,0.5719615116356609,0,1,0.18881484496899414,"{""energy"": 0.6666666666666667, ""water"": 0.05493333333333334, ""transport"": 0.33333333333333337}","{""energy"": 0.791803051731258, ""water"": 0.4404428375372497, ""transport"": 0.4103581322732759}","{""energy"": 0.12513638506459124, ""water"": 0.3855095042039164, ""transport"": 0.07702479893994252}","{""energy"": 0.0, ""water"": 0.0, ""transport"": 0.0}","{""energy"": 0.0, ""water"": 0.0, ""transport"": 0.0}","{""energy"": 0.0, ""water"": 0.0, ""transport"": 0.0}",0.3,0.1,,0.38314666666666675,1.0,0.6168533333333333,1,"{""energy"": 0.6666666666666667, ""water"": 0.05493333333333334, ""transport"": 0.33333333333333337}","{""energy"": 1.0, ""water"": 1.0, ""transport"": 1.0}","{""energy"": 0.33333333333333326, ""water"": 0.9450666666666666, ""transport"": 0.6666666666666666}",8,0.5719615116356609,,,[],,v2.0,0.7,0.3
S4_water_partial,339,339,8022576253074699477,scenario=S4_water_partial|method=both|duration=0|theta=0.300000|delta_threshold=0.100000|A=v2.0|w=na|run_id=339|seed=8022576253074699477,False,"{""step_1_amount"": 0.7315929285357715}",033832c9a51598bd69064fc3910037f6fde292830c04f0066e6d9779dc60f4ca,0.38314666666666675,0.7086011473394794,0.3254544806728127,27,0.0,0.0,0.38314666666666675,0.7086011473394794,0,1,0.3254544806728127,"{""energy"": 0.6666666666666667, ""water"": 0.05493333333333334, ""transport"": 0.33333333333333337}","{""energy"": 0.8823604974200561, ""water"": 0.7194244940030478, ""transport"": 0.4660986672351423}","{""energy"": 0.21569383075338933, ""water"": 0.6644911606697144, ""transport"": 0.13276533390180895}","{""energy"": 0.0, ""water"": 0.0, ""transport"": 0.0}","{""energy"": 0.0, ""water"": 0.0, ""transport"": 0.0}","{""energy"": 0.0, ""water"": 0.0, ""transport"": 0.0}",0.3,0.1,,0.38314666666666675,1.0,0.6168533333333333,1,"{""energy"": 0.6666666666666667, ""water"": 0.05493333333333334, ""transport"": 0.33333333333333337}","{""energy"": 1.0, ""water"": 1.0, ""transport"": 1.0}","{""energy"": 0.33333333333333326, ""water"": 0.9450666666666666, ""transport"": 0.6666666666666666}",5,0.7086011473394794,,,[],,v2.0,0.7,0.3
S4_water_partial,340,340,17825049972183928134,scenario=S4_water_partial|method=both|duration=0|theta=0.300000|delta_threshold=0.100000|A=v2.0|w=na|run_id=340|seed=17825049972183928134,False,"{""step_1_amount"": 0.6528567406622161}",033832c9a51598bd69064fc3910037f6fde292830c04f0066e6d9779dc60f4ca,0.38314666666666675,0.660396884718592,0.2772502180519253,10,0.0,0.0,0.38314666666666675,0.660396884718592,0,1,0.2772502180519253,"{""energy"": 0.6666666666666667, ""water"": 0.05493333333333334, ""transport"": 0.33333333333333337}","{""energy"": 0.850413289190361, ""water"": 0.6210042591611036, ""transport"": 0.4464343043137219}","{""energy"": 0.18374662252369423, ""water"": 0.5660709258277702, ""transport"": 0.11310097098038852}","{""energy"": 0.0, ""water"": 0.0, ""transport"": 0.0}","{""energy"": 0.0, ""water"": 0.0, ""transport"": 0.0}","{""energy"": 0.0, ""water"": 0.0, ""transport"": 0.0}",0.3,0.1,,0.38314666666666675,1.0,0.6168533333333333,1,"{""energy"": 0.6666666666666667, ""water"": 0.05493333333333334, ""transport"": 0.33333333333333337}","{""energy"": 1.0, ""water"": 1.0, ""transport"": 1.0}","{""energy"": 0.33333333333333326, ""water"": 0.9450666666666666, ""transport"": 0.6666666666666666}",6,0.660396884718592,,,[],,v2.0,0.7,0.3
S4_water_partial,341,341,11011426156367164023,scenario=S4_water_partial|method=both|duration=0|theta=0.300000|delta_threshold=0.100000|A=v2.0|w=na|run_id=341|seed=11011426156367164023,False,"{""step_1_amount"": 0.7004949372444745}",033832c9a51598bd69064fc3910037f6fde292830c04f0066e6d9779dc60f4ca,0.38314666666666675,0.6895621796211652,0.3064155129544984,30,0.0,0.0,0.38314666666666675,0.6895621796211652,0,1,0.3064155129544984,"{""energy"": 0.6666666666666667, ""water"": 0.05493333333333334, ""transport"": 0.33333333333333337}","{""energy"": 0.8697424874536123, ""water"": 0.6805520048889265, ""transport"": 0.45833194391014087}","{""energy"": 0.20307582078694553, ""water"": 0.6256186715555931, ""transport"": 0.1249986105768075}","{""energy"": 0.0, ""water"": 0.0, ""transport"": 0.0}","{""energy"": 0.0, ""water"": 0.0, ""transport"": 0.0}","{""energy"": 0.0, ""water"": 0.0, ""transport"": 0.0}",0.3,0.1,,0.38314666666666675,1.0,0.6168533333333333,1,"{""energy"": 0.6666666666666667, ""water"": 0.05493333333333334, ""transport"": 0.33333333333333337}","{""energy"": 1.0, ""water"": 1.0, ""transport"": 1.0}","{""energy"": 0.33333333333333326, ""water"": 0.9450666666666666, ""transport"": 0.6666666666666666}",6,0.6895621796211652,,,[],,v2.0,0.7,0.3
S4_water_partial,342,342,15741325872885155299,scenario=S4_water_partial|method=both|duration=0|theta=0.300000|delta_threshold=0.100000|A=v2.0|w=na|run_id=342|seed=15741325872885155299,False,"{""step_1_amount"": 0.5974217597568997}",033832c9a51598bd69064fc3910037f6fde292830c04f0066e6d9779dc60f4ca,0.38314666666666675,0.6264582035338346,0.2433115368671679,28,0.0,0.0,0.38314666666666675,0.6264582035338346,0,1,0.2433115368671679,"{""energy"": 0.6666666666666667, ""water"": 0.05493333333333334, ""transport"": 0.33333333333333337}","{""energy"": 0.8279205456880288, ""water"": 0.551710533029458, ""transport"": 0.43258941783261906}","{""energy"": 0.161253879021362, ""water"": 0.4967771996961247, ""transport"": 0.09925608449928569}","{""energy"": 0.0, ""water"": 0.0, ""transport"": 0.0}","{""energy"": 0.0, ""water"": 0.0, ""transport"": 0.0}","{""energy"": 0.0, ""water"": 0.0, ""transport"": 0.0}",0.3,0.1,,0.38314666666666675,1.0,0.6168533333333333,1,"{""energy"": 0.6666666666666667, ""water"": 0.05493333333333334, ""transport"": 0.33333333333333337}","{""energy"": 1.0, ""water"": 1.0, ""transport"": 1.0}","{""energy"": 0.33333333333333326, ""water"": 0.9450666666666666, ""transport"": 0.6666666666666666}",7,0.6264582035338346,,,[],,v2.0,0.7,0.3
S4_water_partial,343,343,15158054306579893817,scenario=S4_water_partial|method=both|duration=0|theta=0.300000|delta_threshold=0.100000|A=v2.0|w=na|run_id=343|seed=15158054306579893817,False,"{""step_1_amount"": 1.5533912008512576}",033832c9a51598bd69064fc3910037f6fde292830c04f0066e6d9779dc60f4ca,0.38314666666666675,0.8564466666666667,0.47329999999999994,5,0.0,1.0,0.38314666666666675,0.8564466666666667,1,1,0.47329999999999994,"{""energy"": 0.6666666666666667, ""water"": 0.05493333333333334, ""transport"": 0.33333333333333337}","{""energy"": 0.9912666666666667, ""water"": 1.0, ""transport"": 0.5331333333333333}","{""energy"": 0.3246, ""water"": 0.9450666666666666, ""transport"": 0.19979999999999998}","{""energy"": 0.0, ""water"": 0.0, ""transport"": 0.0}","{""energy"": 1.0, ""water"": 1.0, ""transport"": 1.0}","{""energy"": 1.0, ""water"": 1.0, ""transport"": 1.0}",0.3,0.1,,0.38314666666666675,1.0,0.6168533333333333,1,"{""energy"": 0.6666666666666667, ""water"": 0.05493333333333334, ""transport"": 0.33333333333333337}","{""energy"": 1.0, ""water"": 1.0, ""transport"": 1.0}","{""energy"": 0.33333333333333326, ""water"": 0.9450666666666666, ""transport"": 0.6666666666666666}",3,0.8564466666666667,,,"[""energy"", ""transport""]",1,v2.0,0.7,0.3
S4_water_partial,344,344,15115540599905219829,scenario=S4_water_partial|method=both|duration=0|theta=0.300000|delta_threshold=0.100000|A=v2.0|w=na|run_id=344|seed=15115540599905219829,False,"{""step_1_amount"": 0.6240112242980097}",033832c9a51598bd69064fc3910037f6fde292830c04f0066e6d9779dc60f4ca,0.38314666666666675,0.6427369384625157,0.2595902717958489,18,0.0,0.0,0.38314666666666675,0.6427369384625157,0,1,0.2595902717958489,"{""energy"": 0.6666666666666667, ""water"": 0.05493333333333334, ""transport"": 0.33333333333333337}","{""energy"": 0.8387092209255842, ""water"": 0.5849473637058454, ""transport"": 0.4392301366017613}","{""energy"": 0.17204255425891746, ""water"": 0.530014030372512, ""transport"": 0.10589680326842793}","{""energy"": 0.0, ""water"": 0.0, ""transport"": 0.0}","{""energy"": 0.0, ""water"": 0.0, ""transport"": 0.0}","{""energy"": 0.0, ""water"": 0.0, ""transport"": 0.0}",0.3,0.1,,0.38314666666666675,1.0,0.6168533333333333,1,"{""energy"": 0.6666666666666667, ""water"": 0.05493333333333334, ""transport"": 0.33333333333333337}","{""energy"": 1.0, ""water"": 1.0, ""transport"": 1.0}","{""energy"": 0.33333333333333326, ""water"": 0.9450666666666666, ""transport"": 0.6666666666666666}",7,0.6427369384625157,,,[],,v2.0,0.7,0.3
S4_water_partial,345,345,13400418488306049216,scenario=S4_water_partial|method=both|duration=0|theta=0.300000|delta_threshold=0.100000|A=v2.0|w=na|run_id=345|seed=13400418488306049216,False,"{""step_1_amount"": 0.6402981601291452}",033832c9a51598bd69064fc3910037f6fde292830c04f0066e6d9779dc60f4ca,0.38314666666666675,0.6527082077517327,0.2695615410850659,25,0.0,0.0,0.38314666666666675,0.6527082077517327,0,1,0.2695615410850659,"{""energy"": 0.6666666666666667, ""water"": 0.05493333333333334, ""transport"": 0.33333333333333337}","{""energy"": 0.8453176451390674, ""water"": 0.605306033494765, ""transport"": 0.4432977988255874}","{""energy"": 0.17865097847240063, ""water"": 0.5503727001614316, ""transport"": 0.10996446549225403}","{""energy"": 0.0, ""water"": 0.0, ""transport"": 0.0}","{""energy"": 0.0, ""water"": 0.0, ""transport"": 0.0}","{""energy"": 0.0, ""water"": 0.0, ""transport"": 0.0}",0.3,0.1,,0.38314666666666675,1.0,0.6168533333333333,1,"{""energy"": 0.6666666666666667, ""water"": 0.05493333333333334, ""transport"": 0.33333333333333337}","{""energy"": 1.0, ""water"": 1.0, ""transport"": 1.0}","{""energy"": 0.33333333333333326, ""water"": 0.9450666666666666, ""transport"": 0.6666666666666666}",7,0.6527082077517327,,,[],,v2.0,0.7,0.3
S4_water_partial,346,346,6288848317314340200,scenario=S4_water_partial|method=both|duration=0|theta=0.300000|delta_threshold=0.100000|A=v2.0|w=na|run_id=346|seed=6288848317314340200,False,"{""step_1_amount"": 0.43293123884777956}",033832c9a51598bd69064fc3910037f6fde292830c04f0066e6d9779dc60f4ca,0.38314666666666675,0.5257529943702486,0.14260632770358184,15,0.0,0.0,0.38314666666666675,0.5257529943702486,0,0,0.14260632770358184,"{""energy"": 0.6666666666666667, ""water"": 0.05493333333333334, ""transport"": 0.33333333333333337}","{""energy"": 0.7611785168291533, ""water"": 0.34609738189305783, ""transport"": 0.3915079102355663}","{""energy"": 0.09451185016248653, ""water"": 0.2911640485597245, ""transport"": 0.05817457690223293}","{""energy"": 0.0, ""water"": 0.0, ""transport"": 0.0}","{""energy"": 0.0, ""water"": 0.0, ""transport"": 0.0}","{""energy"": 0.0, ""water"": 0.0, ""transport"": 0.0}",0.3,0.1,,0.38314666666666675,1.0,0.6168533333333333,1,"{""energy"": 0.6666666666666667, ""water"": 0.05493333333333334, ""transport"": 0.33333333333333337}","{""energy"": 1.0, ""water"": 1.0, ""transport"": 1.0}","{""energy"": 0.33333333333333326, ""water"": 0.9450666666666666, ""transport"": 0.6666666666666666}",9,0.5257529943702486,,,[],,v2.0,0.7,0.3
S4_water_partial,347,347,11774040491247369539,scenario=S4_water_partial|method=both|duration=0|theta=0.300000|delta_threshold=0.100000|A=v2.0|w=na|run_id=347|seed=11774040491247369539,False,"{""step_1_amount"": 0.5877034273305035}",033832c9a51598bd69064fc3910037f6fde292830c04f0066e6d9779dc60f4ca,0.38314666666666675,0.6205083974640843,0.23736173079741751,16,0.0,0.0,0.38314666666666675,0.6205083974640843,0,1,0.23736173079741751,"{""energy"": 0.6666666666666667, ""water"": 0.05493333333333334, ""transport"": 0.33333333333333337}","{""energy"": 0.8239773323060186, ""water"": 0.5395626174964627, ""transport"": 0.43016226430912663}","{""energy"": 0.1573106656393518, ""water"": 0.4846292841631294, ""transport"": 0.09682893097579326}","{""energy"": 0.0, ""water"": 0.0, ""transport"": 0.0}","{""energy"": 0.0, ""water"": 0.0, ""transport"": 0.0}","{""energy"": 0.0, ""water"": 0.0, ""transport"": 0.0}",0.3,0.1,,0.38314666666666675,1.0,0.6168533333333333,1,"{""energy"": 0.6666666666666667, ""water"": 0.05493333333333334, ""transport"": 0.33333333333333337}","{""energy"": 1.0, ""water"": 1.0, ""transport"": 1.0}","{""energy"": 0.33333333333333326, ""water"": 0.9450666666666666, ""transport"": 0.6666666666666666}",7,0.6205083974640843,,,[],,v2.0,0.7,0.3
S4_water_partial,348,348,9781803647767957266,scenario=S4_water_partial|method=both|duration=0|theta=0.300000|delta_threshold=0.100000|A=v2.0|w=na|run_id=348|seed=9781803647767957266,False,"{""step_1_amount"": 0.5338404021859897}",033832c9a51598bd69064fc3910037f6fde292830c04f0066e6d9779dc60f4ca,0.38314666666666675,0.5875321068949843,0.2043854402283175,15,0.0,0.0,0.38314666666666675,0.5875321068949843,0,1,0.2043854402283175,"{""energy"": 0.6666666666666667, ""water"": 0.05493333333333334, ""transport"": 0.33333333333333337}","{""energy"": 0.802122409853632, ""water"": 0.4722338360658204, ""transport"": 0.4167099737792843}","{""energy"": 0.1354557431869653, ""water"": 0.4173005027324871, ""transport"": 0.08337664044595094}","{""energy"": 0.0, ""water"": 0.0, ""transport"": 0.0}","{""energy"": 0.0, ""water"": 0.0, ""transport"": 0.0}","{""energy"": 0.0, ""water"": 0.0, ""transport"": 0.0}",0.3,0.1,,0.38314666666666675,1.0,0.6168533333333333,1,"{""energy"": 0.6666666666666667, ""water"": 0.05493333333333334, ""transport"": 0.33333333333333337}","{""energy"": 1.0, ""water"": 1.0, ""transport"": 1.0}","{""energy"": 0.33333333333333326, ""water"": 0.9450666666666666, ""transport"": 0.6666666666666666}",8,0.5875321068949843,,,[],,v2.0,0.7,0.3
S4_water_partial,349,349,9343051560410541211,scenario=S4_water_partial|method=both|duration=0|theta=0.300000|delta_threshold=0.100000|A=v2.0|w=na|run_id=349|seed=9343051560410541211,False,"{""step_1_amount"": 0.6512924706471899}",033832c9a51598bd69064fc3910037f6fde292830c04f0066e6d9779dc60f4ca,0.38314666666666675,0.6594391995086425,0.27629253284197575,23,0.0,0.0,0.38314666666666675,0.6594391995086425,0,1,0.27629253284197575,"{""energy"": 0.6666666666666667, ""water"": 0.05493333333333334, ""transport"": 0.33333333333333337}","{""energy"": 0.849778586631764, ""water"": 0.6190489216423206, ""transport"": 0.44604362787746904}","{""energy"": 0.18311191996509724, ""water"": 0.5641155883089872, ""transport"": 0.11271029454413567}","{""energy"": 0.0, ""water"": 0.0, ""transport"": 0.0}","{""energy"": 0.0, ""water"": 0.0, ""transport"": 0.0}","{""energy"": 0.0, ""water"": 0.0, ""transport"": 0.0}",0.3,0.1,,0.38314666666666675,1.0,0.6168533333333333,1,"{""energy"": 0.6666666666666667, ""water"": 0.05493333333333334, ""transport"": 0.33333333333333337}","{""energy"": 1.0, ""water"": 1.0, ""transport"": 1.0}","{""energy"": 0.33333333333333326, ""water"": 0.9450666666666666, ""transport"": 0.6666666666666666}",6,0.6594391995086425,,,[],,v2.0,0.7,0.3
S4_water_partial,350,350,18128091578024334624,scenario=S4_water_partial|method=both|duration=0|theta=0.300000|delta_threshold=0.100000|A=v2.0|w=na|run_id=350|seed=18128091578024334624,False,"{""step_1_amount"": 0.4074030240036414}",033832c9a51598bd69064fc3910037f6fde292830c04f0066e6d9779dc60f4ca,0.38314666666666675,0.5101239830372961,0.12697731637062937,30,0.0,0.0,0.38314666666666675,0.5101239830372961,0,0,0.12697731637062937,"{""energy"": 0.6666666666666667, ""water"": 0.05493333333333334, ""transport"": 0.33333333333333337}","{""energy"": 0.7508204436561442, ""water"": 0.314187113337885, ""transport"": 0.3851322385782428}","{""energy"": 0.08415377698947746, ""water"": 0.2592537800045517, ""transport"": 0.05179890524490943}","{""energy"": 0.0, ""water"": 0.0, ""transport"": 0.0}","{""energy"": 0.0, ""water"": 0.0, ""transport"": 0.0}","{""energy"": 0.0, ""water"": 0.0, ""transport"": 0.0}",0.3,0.1,,0.38314666666666675,1.0,0.6168533333333333,1,"{""energy"": 0.6666666666666667, ""water"": 0.05493333333333334, ""transport"": 0.33333333333333337}","{""energy"": 1.0, ""water"": 1.0, ""transport"": 1.0}","{""energy"": 0.33333333333333326, ""water"": 0.9450666666666666, ""transport"": 0.6666666666666666}",10,0.5101239830372961,,,[],,v2.0,0.7,0.3
S4_water_partial,351,351,4954426143412791639,scenario=S4_water_partial|method=both|duration=0|theta=0.300000|delta_threshold=0.100000|A=v2.0|w=na|run_id=351|seed=4954426143412791639,False,"{""step_1_amount"": 0.5097102299891904}",033832c9a51598bd69064fc3910037f6fde292830c04f0066e6d9779dc60f4ca,0.38314666666666675,0.5727590122217988,0.18961234555513207,22,0.0,0.0,0.38314666666666675,0.5727590122217988,0,1,0.18961234555513207,"{""energy"": 0.6666666666666667, ""water"": 0.05493333333333334, ""transport"": 0.33333333333333337}","{""energy"": 0.7923315924847807, ""water"": 0.44207112081982125, ""transport"": 0.41068346327313365}","{""energy"": 0.12566492581811395, ""water"": 0.3871377874864879, ""transport"": 0.07735012993980028}","{""energy"": 0.0, ""water"": 0.0, ""transport"": 0.0}","{""energy"": 0.0, ""water"": 0.0, ""transport"": 0.0}","{""energy"": 0.0, ""water"": 0.0, ""transport"": 0.0}",0.3,0.1,,0.38314666666666675,1.0,0.6168533333333333,1,"{""energy"": 0.6666666666666667, ""water"": 0.05493333333333334, ""transport"": 0.33333333333333337}","{""energy"": 1.0, ""water"": 1.0, ""transport"": 1.0}","{""energy"": 0.33333333333333326, ""water"": 0.9450666666666666, ""transport"": 0.6666666666666666}",8,0.5727590122217988,,,[],,v2.0,0.7,0.3
S4_water_partial,352,352,14914388072818801099,scenario=S4_water_partial|method=both|duration=0|theta=0.300000|delta_threshold=0.100000|A=v2.0|w=na|run_id=352|seed=14914388072818801099,False,"{""step_1_amount"": 0.4637550352770038}",033832c9a51598bd69064fc3910037f6fde292830c04f0066e6d9779dc60f4ca,0.38314666666666675,0.5446240931391304,0.16147742647246366,21,0.0,0.0,0.38314666666666675,0.5446240931391304,0,1,0.16147742647246366,"{""energy"": 0.6666666666666667, ""water"": 0.05493333333333334, ""transport"": 0.33333333333333337}","{""energy"": 0.773685272230311, ""water"": 0.3846271274295881, ""transport"": 0.3992061533937651}","{""energy"": 0.10701860556364429, ""water"": 0.32969379409625477, ""transport"": 0.06587282006043171}","{""energy"": 0.0, ""water"": 0.0, ""transport"": 0.0}","{""energy"": 0.0, ""water"": 0.0, ""transport"": 0.0}","{""energy"": 0.0, ""water"": 0.0, ""transport"": 0.0}",0.3,0.1,,0.38314666666666675,1.0,0.6168533333333333,1,"{""energy"": 0.6666666666666667, ""water"": 0.05493333333333334, ""transport"": 0.33333333333333337}","{""energy"": 1.0, ""water"": 1.0, ""transport"": 1.0}","{""energy"": 0.33333333333333326, ""water"": 0.9450666666666666, ""transport"": 0.6666666666666666}",9,0.5446240931391304,,,[],,v2.0,0.7,0.3
S4_water_partial,353,353,14144826502358182803,scenario=S4_water_partial|method=both|duration=0|theta=0.300000|delta_threshold=0.100000|A=v2.0|w=na|run_id=353|seed=14144826502358182803,False,"{""step_1_amount"": 0.7323642675996687}",033832c9a51598bd69064fc3910037f6fde292830c04f0066e6d9779dc60f4ca,0.38314666666666675,0.7090733803978739,0.3259267137312072,13,0.0,0.0,0.38314666666666675,0.7090733803978739,0,1,0.3259267137312072,"{""energy"": 0.6666666666666667, ""water"": 0.05493333333333334, ""transport"": 0.33333333333333337}","{""energy"": 0.8826734682452323, ""water"": 0.7203886678329192, ""transport"": 0.46629130916635064}","{""energy"": 0.21600680157856555, ""water"": 0.6654553344995858, ""transport"": 0.13295797583301727}","{""energy"": 0.0, ""water"": 0.0, ""transport"": 0.0}","{""energy"": 0.0, ""water"": 0.0, ""transport"": 0.0}","{""energy"": 0.0, ""water"": 0.0, ""transport"": 0.0}",0.3,0.1,,0.38314666666666675,1.0,0.6168533333333333,1,"{""energy"": 0.6666666666666667, ""water"": 0.05493333333333334, ""transport"": 0.33333333333333337}","{""energy"": 1.0, ""water"": 1.0, ""transport"": 1.0}","{""energy"": 0.33333333333333326, ""water"": 0.9450666666666666, ""transport"": 0.6666666666666666}",5,0.7090733803978739,,,[],,v2.0,0.7,0.3
S4_water_partial,354,354,10980802188518457690,scenario=S4_water_partial|method=both|duration=0|theta=0.300000|delta_threshold=0.100000|A=v2.0|w=na|run_id=354|seed=10980802188518457690,False,"{""step_1_amount"": 0.69044593698006}",033832c9a51598bd69064fc3910037f6fde292830c04f0066e6d9779dc60f4ca,0.38314666666666675,0.683409930434284,0.30026326376761725,16,0.0,0.0,0.38314666666666675,0.683409930434284,0,1,0.30026326376761725,"{""energy"": 0.6666666666666667, ""water"": 0.05493333333333334, ""transport"": 0.33333333333333337}","{""energy"": 0.865665105596326, ""water"": 0.6679907545584084, ""transport"": 0.45582220609410334}","{""energy"": 0.1989984389296593, ""water"": 0.613057421225075, ""transport"": 0.12248887276076997}","{""energy"": 0.0, ""water"": 0.0, ""transport"": 0.0}","{""energy"": 0.0, ""water"": 0.0, ""transport"": 0.0}","{""energy"": 0.0, ""water"": 0.0, ""transport"": 0.0}",0.3,0.1,,0.38314666666666675,1.0,0.6168533333333333,1,"{""energy"": 0.6666666666666667, ""water"": 0.05493333333333334, ""transport"": 0.33333333333333337}","{""energy"": 1.0, ""water"": 1.0, ""transport"": 1.0}","{""energy"": 0.33333333333333326, ""water"": 0.9450666666666666, ""transport"": 0.6666666666666666}",6,0.683409930434284,,,[],,v2.0,0.7,0.3
S4_water_partial,355,355,12649090456915976219,scenario=S4_water_partial|method=both|duration=0|theta=0.300000|delta_threshold=0.100000|A=v2.0|w=na|run_id=355|seed=12649090456915976219,False,"{""step_1_amount"": 0.39680069548821395}",033832c9a51598bd69064fc3910037f6fde292830c04f0066e6d9779dc60f4ca,0.38314666666666675,0.5036329724619385,0.12048630579527175,20,0.0,0.0,0.38314666666666675,0.5036329724619385,0,0,0.12048630579527175,"{""energy"": 0.6666666666666667, ""water"": 0.05493333333333334, ""transport"": 0.33333333333333337}","{""energy"": 0.7465185488610095, ""water"": 0.30093420269360077, ""transport"": 0.3824843070315148}","{""energy"": 0.0798518821943428, ""water"": 0.24600086936026744, ""transport"": 0.049150973698181444}","{""energy"": 0.0, ""water"": 0.0, ""transport"": 0.0}","{""energy"": 0.0, ""water"": 0.0, ""transport"": 0.0}","{""energy"": 0.0, ""water"": 0.0, ""transport"": 0.0}",0.3,0.1,,0.38314666666666675,1.0,0.6168533333333333,1,"{""energy"": 0.6666666666666667, ""water"": 0.05493333333333334, ""transport"": 0.33333333333333337}","{""energy"": 1.0, ""water"": 1.0, ""transport"": 1.0}","{""energy"": 0.33333333333333326, ""water"": 0.9450666666666666, ""transport"": 0.6666666666666666}",10,0.5036329724619385,,,[],,v2.0,0.7,0.3
S4_water_partial,356,356,10910638934844066053,scenario=S4_water_partial|method=both|duration=0|theta=0.300000|delta_threshold=0.100000|A=v2.0|w=na|run_id=356|seed=10910638934844066053,False,"{""step_1_amount"": 0.5919275144454189}",033832c9a51598bd69064fc3910037f6fde292830c04f0066e6d9779dc60f4ca,0.38314666666666675,0.6230944891980132,0.2399478225313465,9,0.0,0.0,0.38314666666666675,0.6230944891980132,0,1,0.2399478225313465,"{""energy"": 0.6666666666666667, ""water"": 0.05493333333333334, ""transport"": 0.33333333333333337}","{""energy"": 0.8256912556528955, ""water"": 0.5448427263901069, ""transport"": 0.4312172300660767}","{""energy"": 0.15902458898622873, ""water"": 0.48990939305677356, ""transport"": 0.09788389673274334}","{""energy"": 0.0, ""water"": 0.0, ""transport"": 0.0}","{""energy"": 0.0, ""water"": 0.0, ""transport"": 0.0}","{""energy"": 0.0, ""water"": 0.0, ""transport"": 0.0}",0.3,0.1,,0.38314666666666675,1.0,0.6168533333333333,1,"{""energy"": 0.6666666666666667, ""water"": 0.05493333333333334, ""transport"": 0.33333333333333337}","{""energy"": 1.0, ""water"": 1.0, ""transport"": 1.0}","{""energy"": 0.33333333333333326, ""water"": 0.9450666666666666, ""transport"": 0.6666666666666666}",7,0.6230944891980132,,,[],,v2.0,0.7,0.3
S4_water_partial,357,357,8633257519586032520,scenario=S4_water_partial|method=both|duration=0|theta=0.300000|delta_threshold=0.100000|A=v2.0|w=na|run_id=357|seed=8633257519586032520,False,"{""step_1_amount"": 0.33379078423949277}",033832c9a51598bd69064fc3910037f6fde292830c04f0066e6d9779dc60f4ca,0.38314666666666675,0.4650567295476901,0.08191006288102337,16,0.0,0.0,0.38314666666666675,0.4650567295476901,0,0,0.08191006288102337,"{""energy"": 0.6666666666666667, ""water"": 0.05493333333333334, ""transport"": 0.33333333333333337}","{""energy"": 0.7209522773718409, ""water"": 0.22217181363269925, ""transport"": 0.36674758169714666}","{""energy"": 0.054285610705174125, ""water"": 0.16723848029936592, ""transport"": 0.03341424836381329}","{""energy"": 0.0, ""water"": 0.0, ""transport"": 0.0}","{""energy"": 0.0, ""water"": 0.0, ""transport"": 0.0}","{""energy"": 0.0, ""water"": 0.0, ""transport"": 0.0}",0.3,0.1,,0.38314666666666675,1.0,0.6168533333333333,1,"{""energy"": 0.6666666666666667, ""water"": 0.05493333333333334, ""transport"": 0.33333333333333337}","{""energy"": 1.0, ""water"": 1.0, ""transport"": 1.0}","{""energy"": 0.33333333333333326, ""water"": 0.9450666666666666, ""transport"": 0.6666666666666666}",11,0.4650567295476901,,,[],,v2.0,0.7,0.3
S4_water_partial,358,358,11417465962733976973,scenario=S4_water_partial|method=both|duration=0|theta=0.300000|delta_threshold=0.100000|A=v2.0|w=na|run_id=358|seed=11417465962733976973,False,"{""step_1_amount"": 1.155602998122966}",033832c9a51598bd69064fc3910037f6fde292830c04f0066e6d9779dc60f4ca,0.38314666666666675,0.8564466666666667,0.47329999999999994,8,0.0,1.0,0.38314666666666675,0.8564466666666667,1,1,0.47329999999999994,"{""energy"": 0.6666666666666667, ""water"": 0.05493333333333334, ""transport"": 0.33333333333333337}","{""energy"": 0.9912666666666667, ""water"": 1.0, ""transport"": 0.5331333333333333}","{""energy"": 0.3246, ""water"": 0.9450666666666666, ""transport"": 0.19979999999999998}","{""energy"": 0.0, ""water"": 0.0, ""transport"": 0.0}","{""energy"": 1.0, ""water"": 1.0, ""transport"": 1.0}","{""energy"": 1.0, ""water"": 1.0, ""transport"": 1.0}",0.3,0.1,,0.38314666666666675,1.0,0.6168533333333333,1,"{""energy"": 0.6666666666666667, ""water"": 0.05493333333333334, ""transport"": 0.33333333333333337}","{""energy"": 1.0, ""water"": 1.0, ""transport"": 1.0}","{""energy"": 0.33333333333333326, ""water"": 0.9450666666666666, ""transport"": 0.6666666666666666}",3,0.8564466666666667,,,"[""energy"", ""transport""]",1,v2.0,0.7,0.3
S4_water_partial,359,359,14382178621298493055,scenario=S4_water_partial|method=both|duration=0|theta=0.300000|delta_threshold=0.100000|A=v2.0|w=na|run_id=359|seed=14382178621298493055,False,"{""step_1_amount"": 0.3488367646378725}",033832c9a51598bd69064fc3910037f6fde292830c04f0066e6d9779dc60f4ca,0.38314666666666675,0.4742682548970881,0.09112158823042138,12,0.0,0.0,0.38314666666666675,0.4742682548970881,0,0,0.09112158823042138,"{""energy"": 0.6666666666666667, ""water"": 0.05493333333333334, ""transport"": 0.33333333333333337}","{""energy"": 0.7270571839184835, ""water"": 0.24097928913067385, ""transport"": 0.370505315301642}","{""energy"": 0.06039051725181677, ""water"": 0.1860459557973405, ""transport"": 0.03717198196830862}","{""energy"": 0.0, ""water"": 0.0, ""transport"": 0.0}","{""energy"": 0.0, ""water"": 0.0, ""transport"": 0.0}","{""energy"": 0.0, ""water"": 0.0, ""transport"": 0.0}",0.3,0.1,,0.38314666666666675,1.0,0.6168533333333333,1,"{""energy"": 0.6666666666666667, ""water"": 0.05493333333333334, ""transport"": 0.33333333333333337}","{""energy"": 1.0, ""water"": 1.0, ""transport"": 1.0}","{""energy"": 0.33333333333333326, ""water"": 0.9450666666666666, ""transport"": 0.6666666666666666}",10,0.4742682548970881,,,[],,v2.0,0.7,0.3
S4_water_partial,360,360,6549597326996596826,scenario=S4_water_partial|method=both|duration=0|theta=0.300000|delta_threshold=0.100000|A=v2.0|w=na|run_id=360|seed=6549597326996596826,False,"{""step_1_amount"": 0.6412039890465038}",033832c9a51598bd69064fc3910037f6fde292830c04f0066e6d9779dc60f4ca,0.38314666666666675,0.6532627788606625,0.2701161121939958,9,0.0,0.0,0.38314666666666675,0.6532627788606625,0,1,0.2701161121939958,"{""energy"": 0.6666666666666667, ""water"": 0.05493333333333334, ""transport"": 0.33333333333333337}","{""energy"": 0.8456851852222856, ""water"": 0.6064383196414631, ""transport"": 0.4435240295976977}","{""energy"": 0.1790185185556189, ""water"": 0.5515049863081297, ""transport"": 0.11019069626436434}","{""energy"": 0.0, ""water"": 0.0, ""transport"": 0.0}","{""energy"": 0.0, ""water"": 0.0, ""transport"": 0.0}","{""energy"": 0.0, ""water"": 0.0, ""transport"": 0.0}",0.3,0.1,,0.38314666666666675,1.0,0.6168533333333333,1,"{""energy"": 0.6666666666666667, ""water"": 0.05493333333333334, ""transport"": 0.33333333333333337}","{""energy"": 1.0, ""water"": 1.0, ""transport"": 1.0}","{""energy"": 0.33333333333333326, ""water"": 0.9450666666666666, ""transport"": 0.6666666666666666}",7,0.6532627788606625,,,[],,v2.0,0.7,0.3
S4_water_partial,361,361,10013109524773154426,scenario=S4_water_partial|method=both|duration=0|theta=0.300000|delta_threshold=0.100000|A=v2.0|w=na|run_id=361|seed=10013109524773154426,False,"{""step_1_amount"": 0.8715061600411601}",033832c9a51598bd69064fc3910037f6fde292830c04f0066e6d9779dc60f4ca,0.38314666666666675,0.7942595254978659,0.4111128588311992,10,0.0,1.0,0.38314666666666675,0.7942595254978659,1,1,0.4111128588311992,"{""energy"": 0.6666666666666667, ""water"": 0.05493333333333334, ""transport"": 0.33333333333333337}","{""energy"": 0.9391302911033674, ""water"": 0.8943160333847835, ""transport"": 0.501041996803613}","{""energy"": 0.2724636244367007, ""water"": 0.8393827000514501, ""transport"": 0.16770866347027968}","{""energy"": 0.0, ""water"": 0.0, ""transport"": 0.0}","{""energy"": 1.0, ""water"": 1.0, ""transport"": 1.0}","{""energy"": 1.0, ""water"": 1.0, ""transport"": 1.0}",0.3,0.1,,0.38314666666666675,1.0,0.6168533333333333,1,"{""energy"": 0.6666666666666667, ""water"": 0.05493333333333334, ""transport"": 0.33333333333333337}","{""energy"": 1.0, ""water"": 1.0, ""transport"": 1.0}","{""energy"": 0.33333333333333326, ""water"": 0.9450666666666666, ""transport"": 0.6666666666666666}",4,0.7942595254978659,,,"[""energy"", ""transport""]",1,v2.0,0.7,0.3
S4_water_partial,362,362,17834762237098344704,scenario=S4_water_partial|method=both|duration=0|theta=0.300000|delta_threshold=0.100000|A=v2.0|w=na|run_id=362|seed=17834762237098344704,False,"{""step_1_amount"": 0.7273339981503331}",033832c9a51598bd69064fc3910037f6fde292830c04f0066e6d9779dc60f4ca,0.38314666666666675,0.7059937236842544,0.32284705701758765,10,0.0,0.0,0.38314666666666675,0.7059937236842544,0,1,0.32284705701758765,"{""energy"": 0.6666666666666667, ""water"": 0.05493333333333334, ""transport"": 0.33333333333333337}","{""energy"": 0.8806324364161644, ""water"": 0.7141008310212497, ""transport"": 0.46503499937137904}","{""energy"": 0.21396576974949766, ""water"": 0.6591674976879163, ""transport"": 0.13170166603804567}","{""energy"": 0.0, ""water"": 0.0, ""transport"": 0.0}","{""energy"": 0.0, ""water"": 0.0, ""transport"": 0.0}","{""energy"": 0.0, ""water"": 0.0, ""transport"": 0.0}",0.3,0.1,,0.38314666666666675,1.0,0.6168533333333333,1,"{""energy"": 0.6666666666666667, ""water"": 0.05493333333333334, ""transport"": 0.33333333333333337}","{""energy"": 1.0, ""water"": 1.0, ""transport"": 1.0}","{""energy"": 0.33333333333333326, ""water"": 0.9450666666666666, ""transport"": 0.6666666666666666}",5,0.7059937236842544,,,[],,v2.0,0.7,0.3
S4_water_partial,363,363,4098279891872639821,scenario=S4_water_partial|method=both|duration=0|theta=0.300000|delta_threshold=0.100000|A=v2.0|w=na|run_id=363|seed=4098279891872639821,False,"{""step_1_amount"": 0.8435120217201724}",033832c9a51598bd69064fc3910037f6fde292830c04f0066e6d9779dc60f4ca,0.38314666666666675,0.7771208141642993,0.3939741474976326,21,0.0,1.0,0.38314666666666675,0.7771208141642993,1,1,0.3939741474976326,"{""energy"": 0.6666666666666667, ""water"": 0.05493333333333334, ""transport"": 0.33333333333333337}","{""energy"": 0.9277716694796267, ""water"": 0.8593233604835488, ""transport"": 0.49405046075794645}","{""energy"": 0.26110500281296, ""water"": 0.8043900271502155, ""transport"": 0.16071712742461308}","{""energy"": 0.0, ""water"": 0.0, ""transport"": 0.0}","{""energy"": 1.0, ""water"": 1.0, ""transport"": 1.0}","{""energy"": 1.0, ""water"": 1.0, ""transport"": 1.0}",0.3,0.1,,0.38314666666666675,1.0,0.6168533333333333,1,"{""energy"": 0.6666666666666667, ""water"": 0.05493333333333334, ""transport"": 0.33333333333333337}","{""energy"": 1.0, ""water"": 1.0, ""transport"": 1.0}","{""energy"": 0.33333333333333326, ""water"": 0.9450666666666666, ""transport"": 0.6666666666666666}",4,0.7771208141642993,,,"[""energy"", ""transport""]",1,v2.0,0.7,0.3
S4_water_partial,364,364,13886881316626438498,scenario=S4_water_partial|method=both|duration=0|theta=0.300000|delta_threshold=0.100000|A=v2.0|w=na|run_id=364|seed=13886881316626438498,False,"{""step_1_amount"": 0.5842123314141227}",033832c9a51598bd69064fc3910037f6fde292830c04f0066e6d9779dc60f4ca,0.38314666666666675,0.618371061266678,0.2352243946000112,7,0.0,0.0,0.38314666666666675,0.618371061266678,0,1,0.2352243946000112,"{""energy"": 0.6666666666666667, ""water"": 0.05493333333333334, ""transport"": 0.33333333333333337}","{""energy"": 0.8225608201379471, ""water"": 0.5351987476009867, ""transport"": 0.42929036310401053}","{""energy"": 0.15589415347128033, ""water"": 0.4802654142676534, ""transport"": 0.09595702977067716}","{""energy"": 0.0, ""water"": 0.0, ""transport"": 0.0}","{""energy"": 0.0, ""water"": 0.0, ""transport"": 0.0}","{""energy"": 0.0, ""water"": 0.0, ""transport"": 0.0}",0.3,0.1,,0.38314666666666675,1.0,0.6168533333333333,1,"{""energy"": 0.6666666666666667, ""water"": 0.05493333333333334, ""transport"": 0.33333333333333337}","{""energy"": 1.0, ""water"": 1.0, ""transport"": 1.0}","{""energy"": 0.33333333333333326, ""water"": 0.9450666666666666, ""transport"": 0.6666666666666666}",7,0.618371061266678,,,[],,v2.0,0.7,0.3
S4_water_partial,365,365,11573155421186765285,scenario=S4_water_partial|method=both|duration=0|theta=0.300000|delta_threshold=0.100000|A=v2.0|w=na|run_id=365|seed=11573155421186765285,False,"{""step_1_amount"": 0.536629708826722}",033832c9a51598bd69064fc3910037f6fde292830c04f0066e6d9779dc60f4ca,0.38314666666666675,0.5892397901531066,0.20609312348643982,16,0.0,0.0,0.38314666666666675,0.5892397901531066,0,1,0.20609312348643982,"{""energy"": 0.6666666666666667, ""water"": 0.05493333333333334, ""transport"": 0.33333333333333337}","{""energy"": 0.8032541710231091, ""water"": 0.4757204693667358, ""transport"": 0.4174066031128072}","{""energy"": 0.1365875043564424, ""water"": 0.42078713603340245, ""transport"": 0.08407326977947382}","{""energy"": 0.0, ""water"": 0.0, ""transport"": 0.0}","{""energy"": 0.0, ""water"": 0.0, ""transport"": 0.0}","{""energy"": 0.0, ""water"": 0.0, ""transport"": 0.0}",0.3,0.1,,0.38314666666666675,1.0,0.6168533333333333,1,"{""energy"": 0.6666666666666667, ""water"": 0.05493333333333334, ""transport"": 0.33333333333333337}","{""energy"": 1.0, ""water"": 1.0, ""transport"": 1.0}","{""energy"": 0.33333333333333326, ""water"": 0.9450666666666666, ""transport"": 0.6666666666666666}",8,0.5892397901531066,,,[],,v2.0,0.7,0.3
S4_water_partial,366,366,14839698546922449757,scenario=S4_water_partial|method=both|duration=0|theta=0.300000|delta_threshold=0.100000|A=v2.0|w=na|run_id=366|seed=14839698546922449757,False,"{""step_1_amount"": 0.44964938660291065}",033832c9a51598bd69064fc3910037f6fde292830c04f0066e6d9779dc60f4ca,0.38314666666666675,0.5359882623796337,0.15284159571296696,11,0.0,0.0,0.38314666666666675,0.5359882623796337,0,1,0.15284159571296696,"{""energy"": 0.6666666666666667, ""water"": 0.05493333333333334, ""transport"": 0.33333333333333337}","{""energy"": 0.7679619052807978, ""water"": 0.3669950665869717, ""transport"": 0.3956832676374103}","{""energy"": 0.10129523861413103, ""water"": 0.31206173325363834, ""transport"": 0.062349934304076926}","{""energy"": 0.0, ""water"": 0.0, ""transport"": 0.0}","{""energy"": 0.0, ""water"": 0.0, ""transport"": 0.0}","{""energy"": 0.0, ""water"": 0.0, ""transport"": 0.0}",0.3,0.1,,0.38314666666666675,1.0,0.6168533333333333,1,"{""energy"": 0.6666666666666667, ""water"": 0.05493333333333334, ""transport"": 0.33333333333333337}","{""energy"": 1.0, ""water"": 1.0, ""transport"": 1.0}","{""energy"": 0.33333333333333326, ""water"": 0.9450666666666666, ""transport"": 0.6666666666666666}",9,0.5359882623796337,,,[],,v2.0,0.7,0.3
S4_water_partial,367,367,15012826816764132732,scenario=S4_water_partial|method=both|duration=0|theta=0.300000|delta_threshold=0.100000|A=v2.0|w=na|run_id=367|seed=15012826816764132732,False,"{""step_1_amount"": 0.7722813333553352}",033832c9a51598bd69064fc3910037f6fde292830c04f0066e6d9779dc60f4ca,0.38314666666666675,0.7335116059801368,0.35036493931347,9,0.0,1.0,0.38314666666666675,0.7335116059801368,1,1,0.35036493931347,"{""energy"": 0.6666666666666667, ""water"": 0.05493333333333334, ""transport"": 0.33333333333333337}","{""energy"": 0.898869817675594, ""water"": 0.7702850000275023, ""transport"": 0.47626059633882833}","{""energy"": 0.2322031510089273, ""water"": 0.7153516666941689, ""transport"": 0.14292726300549496}","{""energy"": 0.0, ""water"": 0.0, ""transport"": 0.0}","{""energy"": 1.0, ""water"": 1.0, ""transport"": 1.0}","{""energy"": 1.0, ""water"": 1.0, ""transport"": 1.0}",0.3,0.1,,0.38314666666666675,1.0,0.6168533333333333,1,"{""energy"": 0.6666666666666667, ""water"": 0.05493333333333334, ""transport"": 0.33333333333333337}","{""energy"": 1.0, ""water"": 1.0, ""transport"": 1.0}","{""energy"": 0.33333333333333326, ""water"": 0.9450666666666666, ""transport"": 0.6666666666666666}",5,0.7335116059801368,,,"[""energy"", ""transport""]",1,v2.0,0.7,0.3
S4_water_partial,368,368,5059074180652619777,scenario=S4_water_partial|method=both|duration=0|theta=0.300000|delta_threshold=0.100000|A=v2.0|w=na|run_id=368|seed=5059074180652619777,False,"{""step_1_amount"": 0.6639311608333293}",033832c9a51598bd69064fc3910037f6fde292830c04f0066e6d9779dc60f4ca,0.38314666666666675,0.6671769216078518,0.28403025494118506,12,0.0,0.0,0.38314666666666675,0.6671769216078518,0,1,0.28403025494118506,"{""energy"": 0.6666666666666667, ""water"": 0.05493333333333334, ""transport"": 0.33333333333333337}","{""energy"": 0.8549067351747901, ""water"": 0.6348472843749949, ""transport"": 0.44920014075145737}","{""energy"": 0.18824006850812336, ""water"": 0.5799139510416615, ""transport"": 0.115866807418124}","{""energy"": 0.0, ""water"": 0.0, ""transport"": 0.0}","{""energy"": 0.0, ""water"": 0.0, ""transport"": 0.0}","{""energy"": 0.0, ""water"": 0.0, ""transport"": 0.0}",0.3,0.1,,0.38314666666666675,1.0,0.6168533333333333,1,"{""energy"": 0.6666666666666667, ""water"": 0.05493333333333334, ""transport"": 0.33333333333333337}","{""energy"": 1.0, ""water"": 1.0, ""transport"": 1.0}","{""energy"": 0.33333333333333326, ""water"": 0.9450666666666666, ""transport"": 0.6666666666666666}",6,0.6671769216078518,,,[],,v2.0,0.7,0.3
S4_water_partial,369,369,12683643980706919120,scenario=S4_water_partial|method=both|duration=0|theta=0.300000|delta_threshold=0.100000|A=v2.0|w=na|run_id=369|seed=12683643980706919120,False,"{""step_1_amount"": 1.3550381535594185}",033832c9a51598bd69064fc3910037f6fde292830c04f0066e6d9779dc60f4ca,0.38314666666666675,0.8564466666666667,0.47329999999999994,6,0.0,1.0,0.38314666666666675,0.8564466666666667,1,1,0.47329999999999994,"{""energy"": 0.6666666666666667, ""water"": 0.05493333333333334, ""transport"": 0.33333333333333337}","{""energy"": 0.9912666666666667, ""water"": 1.0, ""transport"": 0.5331333333333333}","{""energy"": 0.3246, ""water"": 0.9450666666666666, ""transport"": 0.19979999999999998}","{""energy"": 0.0, ""water"": 0.0, ""transport"": 0.0}","{""energy"": 1.0, ""water"": 1.0, ""transport"": 1.0}","{""energy"": 1.0, ""water"": 1.0, ""transport"": 1.0}",0.3,0.1,,0.38314666666666675,1.0,0.6168533333333333,1,"{""energy"": 0.6666666666666667, ""water"": 0.05493333333333334, ""transport"": 0.33333333333333337}","{""energy"": 1.0, ""water"": 1.0, ""transport"": 1.0}","{""energy"": 0.33333333333333326, ""water"": 0.9450666666666666, ""transport"": 0.6666666666666666}",3,0.8564466666666667,,,"[""energy"", ""transport""]",1,v2.0,0.7,0.3
S4_water_partial,370,370,7804706905345518127,scenario=S4_water_partial|method=both|duration=0|theta=0.300000|delta_threshold=0.100000|A=v2.0|w=na|run_id=370|seed=7804706905345518127,False,"{""step_1_amount"": 0.6020726205746816}",033832c9a51598bd69064fc3910037f6fde292830c04f0066e6d9779dc60f4ca,0.38314666666666675,0.6293055767980011,0.2461589101313344,6,0.0,0.0,0.38314666666666675,0.6293055767980011,0,1,0.2461589101313344,"{""energy"": 0.6666666666666667, ""water"": 0.05493333333333334, ""transport"": 0.33333333333333337}","{""energy"": 0.8298076324648438, ""water"": 0.5575241090516853, ""transport"": 0.43375097032186005}","{""energy"": 0.16314096579817705, ""water"": 0.5025907757183519, ""transport"": 0.10041763698852668}","{""energy"": 0.0, ""water"": 0.0, ""transport"": 0.0}","{""energy"": 0.0, ""water"": 0.0, ""transport"": 0.0}","{""energy"": 0.0, ""water"": 0.0, ""transport"": 0.0}",0.3,0.1,,0.38314666666666675,1.0,0.6168533333333333,1,"{""energy"": 0.6666666666666667, ""water"": 0.05493333333333334, ""transport"": 0.33333333333333337}","{""energy"": 1.0, ""water"": 1.0, ""transport"": 1.0}","{""energy"": 0.33333333333333326, ""water"": 0.9450666666666666, ""transport"": 0.6666666666666666}",7,0.6293055767980011,,,[],,v2.0,0.7,0.3
S4_water_partial,371,371,822912396406308867,scenario=S4_water_partial|method=both|duration=0|theta=0.300000|delta_threshold=0.100000|A=v2.0|w=na|run_id=371|seed=822912396406308867,False,"{""step_1_amount"": 0.5187453839108611}",033832c9a51598bd69064fc3910037f6fde292830c04f0066e6d9779dc60f4ca,0.38314666666666675,0.5782905593314938,0.195143892664827,23,0.0,0.0,0.38314666666666675,0.5782905593314938,0,1,0.195143892664827,"{""energy"": 0.6666666666666667, ""water"": 0.05493333333333334, ""transport"": 0.33333333333333337}","{""energy"": 0.7959976061884987, ""water"": 0.4533650632219098, ""transport"": 0.41293999296507095}","{""energy"": 0.12933093952183194, ""water"": 0.39843172988857645, ""transport"": 0.07960665963173758}","{""energy"": 0.0, ""water"": 0.0, ""transport"": 0.0}","{""energy"": 0.0, ""water"": 0.0, ""transport"": 0.0}","{""energy"": 0.0, ""water"": 0.0, ""transport"": 0.0}",0.3,0.1,,0.38314666666666675,1.0,0.6168533333333333,1,"{""energy"": 0.6666666666666667, ""water"": 0.05493333333333334, ""transport"": 0.33333333333333337}","{""energy"": 1.0, ""water"": 1.0, ""transport"": 1.0}","{""energy"": 0.33333333333333326, ""water"": 0.9450666666666666, ""transport"": 0.6666666666666666}",8,0.5782905593314938,,,[],,v2.0,0.7,0.3
S4_water_partial,372,372,2143122553018319664,scenario=S4_water_partial|method=both|duration=0|theta=0.300000|delta_threshold=0.100000|A=v2.0|w=na|run_id=372|seed=2143122553018319664,False,"{""step_1_amount"": 0.845814072734978}",033832c9a51598bd69064fc3910037f6fde292830c04f0066e6d9779dc60f4ca,0.38314666666666675,0.7785301873468387,0.3953835206801719,27,0.0,1.0,0.38314666666666675,0.7785301873468387,1,1,0.3953835206801719,"{""energy"": 0.6666666666666667, ""water"": 0.05493333333333334, ""transport"": 0.33333333333333337}","{""energy"": 0.9287057266788841, ""water"": 0.862200924252056, ""transport"": 0.49462539799889416}","{""energy"": 0.26203906001221733, ""water"": 0.8072675909187226, ""transport"": 0.16129206466556079}","{""energy"": 0.0, ""water"": 0.0, ""transport"": 0.0}","{""energy"": 1.0, ""water"": 1.0, ""transport"": 1.0}","{""energy"": 1.0, ""water"": 1.0, ""transport"": 1.0}",0.3,0.1,,0.38314666666666675,1.0,0.6168533333333333,1,"{""energy"": 0.6666666666666667, ""water"": 0.05493333333333334, ""transport"": 0.33333333333333337}","{""energy"": 1.0, ""water"": 1.0, ""transport"": 1.0}","{""energy"": 0.33333333333333326, ""water"": 0.9450666666666666, ""transport"": 0.6666666666666666}",4,0.7785301873468387,,,"[""energy"", ""transport""]",1,v2.0,0.7,0.3
S4_water_partial,373,373,8412405877819800045,scenario=S4_water_partial|method=both|duration=0|theta=0.300000|delta_threshold=0.100000|A=v2.0|w=na|run_id=373|seed=8412405877819800045,False,"{""step_1_amount"": 0.6794640207834561}",033832c9a51598bd69064fc3910037f6fde292830c04f0066e6d9779dc60f4ca,0.38314666666666675,0.6766865267908182,0.29353986012415145,12,0.0,0.0,0.38314666666666675,0.6766865267908182,0,1,0.29353986012415145,"{""energy"": 0.6666666666666667, ""water"": 0.05493333333333334, ""transport"": 0.33333333333333337}","{""energy"": 0.861209193099554, ""water"": 0.6542633593126536, ""transport"": 0.45307947252400155}","{""energy"": 0.19454252643288727, ""water"": 0.5993300259793202, ""transport"": 0.11974613919066818}","{""energy"": 0.0, ""water"": 0.0, ""transport"": 0.0}","{""energy"": 0.0, ""water"": 0.0, ""transport"": 0.0}","{""energy"": 0.0, ""water"": 0.0, ""transport"": 0.0}",0.3,0.1,,0.38314666666666675,1.0,0.6168533333333333,1,"{""energy"": 0.6666666666666667, ""water"": 0.05493333333333334, ""transport"": 0.33333333333333337}","{""energy"": 1.0, ""water"": 1.0, ""transport"": 1.0}","{""energy"": 0.33333333333333326, ""water"": 0.9450666666666666, ""transport"": 0.6666666666666666}",6,0.6766865267908182,,,[],,v2.0,0.7,0.3
S4_water_partial,374,374,9850855318936851616,scenario=S4_water_partial|method=both|duration=0|theta=0.300000|delta_threshold=0.100000|A=v2.0|w=na|run_id=374|seed=9850855318936851616,False,"{""step_1_amount"": 0.4284874030631673}",033832c9a51598bd69064fc3910037f6fde292830c04f0066e6d9779dc60f4ca,0.38314666666666675,0.5230323670070143,0.13988570034034753,13,0.0,0.0,0.38314666666666675,0.5230323670070143,0,0,0.13988570034034753,"{""energy"": 0.6666666666666667, ""water"": 0.05493333333333334, ""transport"": 0.33333333333333337}","{""energy"": 0.7593754304595468, ""water"": 0.34054258716229235, ""transport"": 0.3903980622483594}","{""energy"": 0.09270876379288007, ""water"": 0.285609253828959, ""transport"": 0.05706472891502601}","{""energy"": 0.0, ""water"": 0.0, ""transport"": 0.0}","{""energy"": 0.0, ""water"": 0.0, ""transport"": 0.0}","{""energy"": 0.0, ""water"": 0.0, ""transport"": 0.0}",0.3,0.1,,0.38314666666666675,1.0,0.6168533333333333,1,"{""energy"": 0.6666666666666667, ""water"": 0.05493333333333334, ""transport"": 0.33333333333333337}","{""energy"": 1.0, ""water"": 1.0, ""transport"": 1.0}","{""energy"": 0.33333333333333326, ""water"": 0.9450666666666666, ""transport"": 0.6666666666666666}",9,0.5230323670070143,,,[],,v2.0,0.7,0.3
S4_water_partial,375,375,8180471704716393528,scenario=S4_water_partial|method=both|duration=0|theta=0.300000|delta_threshold=0.100000|A=v2.0|w=na|run_id=375|seed=8180471704716393528,False,"{""step_1_amount"": 0.4986721292566071}",033832c9a51598bd69064fc3910037f6fde292830c04f0066e6d9779dc60f4ca,0.38314666666666675,0.566001211000793,0.1828545443341263,5,0.0,0.0,0.38314666666666675,0.566001211000793,0,1,0.1828545443341263,"{""energy"": 0.6666666666666667, ""water"": 0.05493333333333334, ""transport"": 0.33333333333333337}","{""energy"": 0.7878528831125351, ""water"": 0.4282734949040922, ""transport"": 0.407926697615171}","{""energy"": 0.12118621644586836, ""water"": 0.3733401615707589, ""transport"": 0.0745933642818376}","{""energy"": 0.0, ""water"": 0.0, ""transport"": 0.0}","{""energy"": 0.0, ""water"": 0.0, ""transport"": 0.0}","{""energy"": 0.0, ""water"": 0.0, ""transport"": 0.0}",0.3,0.1,,0.38314666666666675,1.0,0.6168533333333333,1,"{""energy"": 0.6666666666666667, ""water"": 0.05493333333333334, ""transport"": 0.33333333333333337}","{""energy"": 1.0, ""water"": 1.0, ""transport"": 1.0}","{""energy"": 0.33333333333333326, ""water"": 0.9450666666666666, ""transport"": 0.6666666666666666}",8,0.566001211000793,,,[],,v2.0,0.7,0.3
S4_water_partial,376,376,6296379854492106034,scenario=S4_water_partial|method=both|duration=0|theta=0.300000|delta_threshold=0.100000|A=v2.0|w=na|run_id=376|seed=6296379854492106034,False,"{""step_1_amount"": 0.547159687963915}",033832c9a51598bd69064fc3910037f6fde292830c04f0066e6d9779dc60f4ca,0.38314666666666675,0.5956865066303745,0.21253983996370773,19,0.0,0.0,0.38314666666666675,0.5956865066303745,0,1,0.21253983996370773,"{""energy"": 0.6666666666666667, ""water"": 0.05493333333333334, ""transport"": 0.33333333333333337}","{""energy"": 0.8075267100580252, ""water"": 0.488882943288227, ""transport"": 0.42003646540232115}","{""energy"": 0.1408600433913585, ""water"": 0.4339496099548937, ""transport"": 0.08670313206898778}","{""energy"": 0.0, ""water"": 0.0, ""transport"": 0.0}","{""energy"": 0.0, ""water"": 0.0, ""transport"": 0.0}","{""energy"": 0.0, ""water"": 0.0, ""transport"": 0.0}",0.3,0.1,,0.38314666666666675,1.0,0.6168533333333333,1,"{""energy"": 0.6666666666666667, ""water"": 0.05493333333333334, ""transport"": 0.33333333333333337}","{""energy"": 1.0, ""water"": 1.0, ""transport"": 1.0}","{""energy"": 0.33333333333333326, ""water"": 0.9450666666666666, ""transport"": 0.6666666666666666}",8,0.5956865066303745,,,[],,v2.0,0.7,0.3
S4_water_partial,377,377,7692570012796866977,scenario=S4_water_partial|method=both|duration=0|theta=0.300000|delta_threshold=0.100000|A=v2.0|w=na|run_id=377|seed=7692570012796866977,False,"{""step_1_amount"": 0.4289909723122716}",033832c9a51598bd69064fc3910037f6fde292830c04f0066e6d9779dc60f4ca,0.38314666666666675,0.5233406646905472,0.14019399802388044,15,0.0,0.0,0.38314666666666675,0.5233406646905472,0,0,0.14019399802388044,"{""energy"": 0.6666666666666667, ""water"": 0.05493333333333334, ""transport"": 0.33333333333333337}","{""energy"": 0.759579753682371, ""water"": 0.3411720487236729, ""transport"": 0.39052382866832325}","{""energy"": 0.09291308701570422, ""water"": 0.28623871539033957, ""transport"": 0.05719049533498988}","{""energy"": 0.0, ""water"": 0.0, ""transport"": 0.0}","{""energy"": 0.0, ""water"": 0.0, ""transport"": 0.0}","{""energy"": 0.0, ""water"": 0.0, ""transport"": 0.0}",0.3,0.1,,0.38314666666666675,1.0,0.6168533333333333,1,"{""energy"": 0.6666666666666667, ""water"": 0.05493333333333334, ""transport"": 0.33333333333333337}","{""energy"": 1.0, ""water"": 1.0, ""transport"": 1.0}","{""energy"": 0.33333333333333326, ""water"": 0.9450666666666666, ""transport"": 0.6666666666666666}",9,0.5233406646905472,,,[],,v2.0,0.7,0.3
S4_water_partial,378,378,2159574120019709568,scenario=S4_water_partial|method=both|duration=0|theta=0.300000|delta_threshold=0.100000|A=v2.0|w=na|run_id=378|seed=2159574120019709568,False,"{""step_1_amount"": 0.420636280938927}",033832c9a51598bd69064fc3910037f6fde292830c04f0066e6d9779dc60f4ca,0.38314666666666675,0.5182257137645013,0.13507904709783458,22,0.0,0.0,0.38314666666666675,0.5182257137645013,0,0,0.13507904709783458,"{""energy"": 0.6666666666666667, ""water"": 0.05493333333333334, ""transport"": 0.33333333333333337}","{""energy"": 0.7561898376576364, ""water"": 0.3307286845069921, ""transport"": 0.3884372444978304}","{""energy"": 0.08952317099096962, ""water"": 0.2757953511736588, ""transport"": 0.05510391116449703}","{""energy"": 0.0, ""water"": 0.0, ""transport"": 0.0}","{""energy"": 0.0, ""water"": 0.0, ""transport"": 0.0}","{""energy"": 0.0, ""water"": 0.0, ""transport"": 0.0}",0.3,0.1,,0.38314666666666675,1.0,0.6168533333333333,1,"{""energy"": 0.6666666666666667, ""water"": 0.05493333333333334, ""transport"": 0.33333333333333337}","{""energy"": 1.0, ""water"": 1.0, ""transport"": 1.0}","{""energy"": 0.33333333333333326, ""water"": 0.9450666666666666, ""transport"": 0.6666666666666666}",9,0.5182257137645013,,,[],,v2.0,0.7,0.3
S4_water_partial,379,379,15018333800550573044,scenario=S4_water_partial|method=both|duration=0|theta=0.300000|delta_threshold=0.100000|A=v2.0|w=na|run_id=379|seed=15018333800550573044,False,"{""step_1_amount"": 0.6704700329218823}",033832c9a51598bd69064fc3910037f6fde292830c04f0066e6d9779dc60f4ca,0.38314666666666675,0.6711801825722661,0.28803351590559934,13,0.0,0.0,0.38314666666666675,0.6711801825722661,0,1,0.28803351590559934,"{""energy"": 0.6666666666666667, ""water"": 0.05493333333333334, ""transport"": 0.33333333333333337}","{""energy"": 0.8575598825247205, ""water"": 0.6430208744856862, ""transport"": 0.45083322405557347}","{""energy"": 0.19089321585805374, ""water"": 0.5880875411523528, ""transport"": 0.1174998907222401}","{""energy"": 0.0, ""water"": 0.0, ""transport"": 0.0}","{""energy"": 0.0, ""water"": 0.0, ""transport"": 0.0}","{""energy"": 0.0, ""water"": 0.0, ""transport"": 0.0}",0.3,0.1,,0.38314666666666675,1.0,0.6168533333333333,1,"{""energy"": 0.6666666666666667, ""water"": 0.05493333333333334, ""transport"": 0.33333333333333337}","{""energy"": 1.0, ""water"": 1.0, ""transport"": 1.0}","{""energy"": 0.33333333333333326, ""water"": 0.9450666666666666, ""transport"": 0.6666666666666666}",6,0.6711801825722661,,,[],,v2.0,0.7,0.3
S4_water_partial,380,380,14744257246901587938,scenario=S4_water_partial|method=both|duration=0|theta=0.300000|delta_threshold=0.100000|A=v2.0|w=na|run_id=380|seed=14744257246901587938,False,"{""step_1_amount"": 0.3354559722848478}",033832c9a51598bd69064fc3910037f6fde292830c04f0066e6d9779dc60f4ca,0.38314666666666675,0.46607619929875765,0.08292953263209091,16,0.0,0.0,0.38314666666666675,0.46607619929875765,0,0,0.08292953263209091,"{""energy"": 0.6666666666666667, ""water"": 0.05493333333333334, ""transport"": 0.33333333333333337}","{""energy"": 0.7216279274212437, ""water"": 0.2242532986893931, ""transport"": 0.36716346241147413}","{""energy"": 0.05496126075457697, ""water"": 0.16931996535605975, ""transport"": 0.03383012907814076}","{""energy"": 0.0, ""water"": 0.0, ""transport"": 0.0}","{""energy"": 0.0, ""water"": 0.0, ""transport"": 0.0}","{""energy"": 0.0, ""water"": 0.0, ""transport"": 0.0}",0.3,0.1,,0.38314666666666675,1.0,0.6168533333333333,1,"{""energy"": 0.6666666666666667, ""water"": 0.05493333333333334, ""transport"": 0.33333333333333337}","{""energy"": 1.0, ""water"": 1.0, ""transport"": 1.0}","{""energy"": 0.33333333333333326, ""water"": 0.9450666666666666, ""transport"": 0.6666666666666666}",11,0.46607619929875765,,,[],,v2.0,0.7,0.3
S4_water_partial,381,381,2216302561504073020,scenario=S4_water_partial|method=both|duration=0|theta=0.300000|delta_threshold=0.100000|A=v2.0|w=na|run_id=381|seed=2216302561504073020,False,"{""step_1_amount"": 0.5846282461043412}",033832c9a51598bd69064fc3910037f6fde292830c04f0066e6d9779dc60f4ca,0.38314666666666675,0.6186256946378971,0.23547902797123033,10,0.0,0.0,0.38314666666666675,0.6186256946378971,0,1,0.23547902797123033,"{""energy"": 0.6666666666666667, ""water"": 0.05493333333333334, ""transport"": 0.33333333333333337}","{""energy"": 0.8227295775235032, ""water"": 0.5357186409637599, ""transport"": 0.4293942377978926}","{""energy"": 0.15606291085683643, ""water"": 0.48078530763042654, ""transport"": 0.09606090446455923}","{""energy"": 0.0, ""water"": 0.0, ""transport"": 0.0}","{""energy"": 0.0, ""water"": 0.0, ""transport"": 0.0}","{""energy"": 0.0, ""water"": 0.0, ""transport"": 0.0}",0.3,0.1,,0.38314666666666675,1.0,0.6168533333333333,1,"{""energy"": 0.6666666666666667, ""water"": 0.05493333333333334, ""transport"": 0.33333333333333337}","{""energy"": 1.0, ""water"": 1.0, ""transport"": 1.0}","{""energy"": 0.33333333333333326, ""water"": 0.9450666666666666, ""transport"": 0.6666666666666666}",7,0.6186256946378971,,,[],,v2.0,0.7,0.3
S4_water_partial,382,382,9015486847163859709,scenario=S4_water_partial|method=both|duration=0|theta=0.300000|delta_threshold=0.100000|A=v2.0|w=na|run_id=382|seed=9015486847163859709,False,"{""step_1_amount"": 0.6547857536927691}",033832c9a51598bd69064fc3910037f6fde292830c04f0066e6d9779dc60f4ca,0.38314666666666675,0.6615778747212222,0.27843120805455546,6,0.0,0.0,0.38314666666666675,0.6615778747212222,0,1,0.27843120805455546,"{""energy"": 0.6666666666666667, ""water"": 0.05493333333333334, ""transport"": 0.33333333333333337}","{""energy"": 0.8511959862275078, ""water"": 0.6234155254492948, ""transport"": 0.44691607531810246}","{""energy"": 0.18452931956084107, ""water"": 0.5684821921159614, ""transport"": 0.11358274198476909}","{""energy"": 0.0, ""water"": 0.0, ""transport"": 0.0}","{""energy"": 0.0, ""water"": 0.0, ""transport"": 0.0}","{""energy"": 0.0, ""water"": 0.0, ""transport"": 0.0}",0.3,0.1,,0.38314666666666675,1.0,0.6168533333333333,1,"{""energy"": 0.6666666666666667, ""water"": 0.05493333333333334, ""transport"": 0.33333333333333337}","{""energy"": 1.0, ""water"": 1.0, ""transport"": 1.0}","{""energy"": 0.33333333333333326, ""water"": 0.9450666666666666, ""transport"": 0.6666666666666666}",6,0.6615778747212222,,,[],,v2.0,0.7,0.3
S4_water_partial,383,383,9275298997227992468,scenario=S4_water_partial|method=both|duration=0|theta=0.300000|delta_threshold=0.100000|A=v2.0|w=na|run_id=383|seed=9275298997227992468,False,"{""step_1_amount"": 0.646062376081738}",033832c9a51598bd69064fc3910037f6fde292830c04f0066e6d9779dc60f4ca,0.38314666666666675,0.6562372048633087,0.273090538196642,26,0.0,0.0,0.38314666666666675,0.6562372048633087,0,1,0.273090538196642,"{""energy"": 0.6666666666666667, ""water"": 0.05493333333333334, ""transport"": 0.33333333333333337}","{""energy"": 0.8476564757618319, ""water"": 0.6125113034355059, ""transport"": 0.44473741175974746}","{""energy"": 0.18098980909516516, ""water"": 0.5575779701021725, ""transport"": 0.11140407842641409}","{""energy"": 0.0, ""water"": 0.0, ""transport"": 0.0}","{""energy"": 0.0, ""water"": 0.0, ""transport"": 0.0}","{""energy"": 0.0, ""water"": 0.0, ""transport"": 0.0}",0.3,0.1,,0.38314666666666675,1.0,0.6168533333333333,1,"{""energy"": 0.6666666666666667, ""water"": 0.05493333333333334, ""transport"": 0.33333333333333337}","{""energy"": 1.0, ""water"": 1.0, ""transport"": 1.0}","{""energy"": 0.33333333333333326, ""water"": 0.9450666666666666, ""transport"": 0.6666666666666666}",7,0.6562372048633087,,,[],,v2.0,0.7,0.3
S4_water_partial,384,384,474729357118881255,scenario=S4_water_partial|method=both|duration=0|theta=0.300000|delta_threshold=0.100000|A=v2.0|w=na|run_id=384|seed=474729357118881255,False,"{""step_1_amount"": 0.7532457887434261}",033832c9a51598bd69064fc3910037f6fde292830c04f0066e6d9779dc60f4ca,0.38314666666666675,0.7218575696801107,0.338710903013444,7,0.0,0.0,0.38314666666666675,0.7218575696801107,0,1,0.338710903013444,"{""energy"": 0.6666666666666667, ""water"": 0.05493333333333334, ""transport"": 0.33333333333333337}","{""energy"": 0.8911461454493118, ""water"": 0.7464905692626159, ""transport"": 0.471506469072004}","{""energy"": 0.22447947878264507, ""water"": 0.6915572359292825, ""transport"": 0.13817313573867063}","{""energy"": 0.0, ""water"": 0.0, ""transport"": 0.0}","{""energy"": 0.0, ""water"": 0.0, ""transport"": 0.0}","{""energy"": 0.0, ""water"": 0.0, ""transport"": 0.0}",0.3,0.1,,0.38314666666666675,1.0,0.6168533333333333,1,"{""energy"": 0.6666666666666667, ""water"": 0.05493333333333334, ""transport"": 0.33333333333333337}","{""energy"": 1.0, ""water"": 1.0, ""transport"": 1.0}","{""energy"": 0.33333333333333326, ""water"": 0.9450666666666666, ""transport"": 0.6666666666666666}",5,0.7218575696801107,,,[],,v2.0,0.7,0.3
S4_water_partial,385,385,4641073159431705504,scenario=S4_water_partial|method=both|duration=0|theta=0.300000|delta_threshold=0.100000|A=v2.0|w=na|run_id=385|seed=4641073159431705504,False,"{""step_1_amount"": 0.7316476708605281}",033832c9a51598bd69064fc3910037f6fde292830c04f0066e6d9779dc60f4ca,0.38314666666666675,0.7086346619592535,0.32548799529258676,16,0.0,0.0,0.38314666666666675,0.7086346619592535,0,1,0.32548799529258676,"{""energy"": 0.6666666666666667, ""water"": 0.05493333333333334, ""transport"": 0.33333333333333337}","{""energy"": 0.882382709118326, ""water"": 0.7194929219089934, ""transport"": 0.46611233913075023}","{""energy"": 0.2157160424516592, ""water"": 0.66455958857566, ""transport"": 0.13277900579741686}","{""energy"": 0.0, ""water"": 0.0, ""transport"": 0.0}","{""energy"": 0.0, ""water"": 0.0, ""transport"": 0.0}","{""energy"": 0.0, ""water"": 0.0, ""transport"": 0.0}",0.3,0.1,,0.38314666666666675,1.0,0.6168533333333333,1,"{""energy"": 0.6666666666666667, ""water"": 0.05493333333333334, ""transport"": 0.33333333333333337}","{""energy"": 1.0, ""water"": 1.0, ""transport"": 1.0}","{""energy"": 0.33333333333333326, ""water"": 0.9450666666666666, ""transport"": 0.6666666666666666}",5,0.7086346619592535,,,[],,v2.0,0.7,0.3
S4_water_partial,386,386,11078539558729450081,scenario=S4_water_partial|method=both|duration=0|theta=0.300000|delta_threshold=0.100000|A=v2.0|w=na|run_id=386|seed=11078539558729450081,False,"{""step_1_amount"": 0.2650323345467924}",033832c9a51598bd69064fc3910037f6fde292830c04f0066e6d9779dc60f4ca,0.38314666666666675,0.4229610876845767,0.03981442101790994,20,0.0,0.0,0.38314666666666675,0.4229610876845767,0,0,0.03981442101790994,"{""energy"": 0.6666666666666667, ""water"": 0.05493333333333334, ""transport"": 0.33333333333333337}","{""energy"": 0.6930535364090278, ""water"": 0.13622375151682387, ""transport"": 0.3495751588863948}","{""energy"": 0.02638686974236104, ""water"": 0.08129041818349053, ""transport"": 0.016241825553061418}","{""energy"": 0.0, ""water"": 0.0, ""transport"": 0.0}","{""energy"": 0.0, ""water"": 0.0, ""transport"": 0.0}","{""energy"": 0.0, ""water"": 0.0, ""transport"": 0.0}",0.3,0.1,,0.38314666666666675,1.0,0.6168533333333333,1,"{""energy"": 0.6666666666666667, ""water"": 0.05493333333333334, ""transport"": 0.33333333333333337}","{""energy"": 1.0, ""water"": 1.0, ""transport"": 1.0}","{""energy"": 0.33333333333333326, ""water"": 0.9450666666666666, ""transport"": 0.6666666666666666}",12,0.4229610876845767,,,[],,v2.0,0.7,0.3
S4_water_partial,387,387,18211786409031190559,scenario=S4_water_partial|method=both|duration=0|theta=0.300000|delta_threshold=0.100000|A=v2.0|w=na|run_id=387|seed=18211786409031190559,False,"{""step_1_amount"": 0.4139474630657962}",033832c9a51598bd69064fc3910037f6fde292830c04f0066e6d9779dc60f4ca,0.38314666666666675,0.5141306522421238,0.1309839855754571,14,0.0,0.0,0.38314666666666675,0.5141306522421238,0,0,0.1309839855754571,"{""energy"": 0.6666666666666667, ""water"": 0.05493333333333334, ""transport"": 0.33333333333333337}","{""energy"": 0.7534758498056136, ""water"": 0.3223676621655786, ""transport"": 0.386766712234016}","{""energy"": 0.08680918313894681, ""water"": 0.26743432883224527, ""transport"": 0.053433378900682615}","{""energy"": 0.0, ""water"": 0.0, ""transport"": 0.0}","{""energy"": 0.0, ""water"": 0.0, ""transport"": 0.0}","{""energy"": 0.0, ""water"": 0.0, ""transport"": 0.0}",0.3,0.1,,0.38314666666666675,1.0,0.6168533333333333,1,"{""energy"": 0.6666666666666667, ""water"": 0.05493333333333334, ""transport"": 0.33333333333333337}","{""energy"": 1.0, ""water"": 1.0, ""transport"": 1.0}","{""energy"": 0.33333333333333326, ""water"": 0.9450666666666666, ""transport"": 0.6666666666666666}",10,0.5141306522421238,,,[],,v2.0,0.7,0.3
S4_water_partial,388,388,7846211527280270223,scenario=S4_water_partial|method=both|duration=0|theta=0.300000|delta_threshold=0.100000|A=v2.0|w=na|run_id=388|seed=7846211527280270223,False,"{""step_1_amount"": 0.18175184345844697}",033832c9a51598bd69064fc3910037f6fde292830c04f0066e6d9779dc60f4ca,0.38314666666666675,0.38314666666666675,0.0,23,0.0,0.0,0.38314666666666675,0.38314666666666675,0,0,0.0,"{""energy"": 0.6666666666666667, ""water"": 0.05493333333333334, ""transport"": 0.33333333333333337}","{""energy"": 0.6666666666666667, ""water"": 0.05493333333333334, ""transport"": 0.33333333333333337}","{""energy"": 0.0, ""water"": 0.0, ""transport"": 0.0}","{""energy"": 0.0, ""water"": 0.0, ""transport"": 0.0}","{""energy"": 0.0, ""water"": 0.0, ""transport"": 0.0}","{""energy"": 0.0, ""water"": 0.0, ""transport"": 0.0}",0.3,0.1,,0.38314666666666675,1.0,0.6168533333333333,1,"{""energy"": 0.6666666666666667, ""water"": 0.05493333333333334, ""transport"": 0.33333333333333337}","{""energy"": 1.0, ""water"": 1.0, ""transport"": 1.0}","{""energy"": 0.33333333333333326, ""water"": 0.9450666666666666, ""transport"": 0.6666666666666666}",13,0.38314666666666675,,,[],,v2.0,0.7,0.3
S4_water_partial,389,389,453028508599060287,scenario=S4_water_partial|method=both|duration=0|theta=0.300000|delta_threshold=0.100000|A=v2.0|w=na|run_id=389|seed=453028508599060287,False,"{""step_1_amount"": 0.878159034061962}",033832c9a51598bd69064fc3910037f6fde292830c04f0066e6d9779dc60f4ca,0.38314666666666675,0.7983325812952515,0.4151859146285848,5,0.0,1.0,0.38314666666666675,0.7983325812952515,1,1,0.4151859146285848,"{""energy"": 0.6666666666666667, ""water"": 0.05493333333333334, ""transport"": 0.33333333333333337}","{""energy"": 0.9418296947373079, ""water"": 0.902632125910786, ""transport"": 0.5027035520903084}","{""energy"": 0.2751630280706412, ""water"": 0.8476987925774526, ""transport"": 0.169370218756975}","{""energy"": 0.0, ""water"": 0.0, ""transport"": 0.0}","{""energy"": 1.0, ""water"": 1.0, ""transport"": 1.0}","{""energy"": 1.0, ""water"": 1.0, ""transport"": 1.0}",0.3,0.1,,0.38314666666666675,1.0,0.6168533333333333,1,"{""energy"": 0.6666666666666667, ""water"": 0.05493333333333334, ""transport"": 0.33333333333333337}","{""energy"": 1.0, ""water"": 1.0, ""transport"": 1.0}","{""energy"": 0.33333333333333326, ""water"": 0.9450666666666666, ""transport"": 0.6666666666666666}",4,0.7983325812952515,,,"[""energy"", ""transport""]",1,v2.0,0.7,0.3
S4_water_partial,390,390,5931313198780653921,scenario=S4_water_partial|method=both|duration=0|theta=0.300000|delta_threshold=0.100000|A=v2.0|w=na|run_id=390|seed=5931313198780653921,False,"{""step_1_amount"": 0.7403031148918874}",033832c9a51598bd69064fc3910037f6fde292830c04f0066e6d9779dc60f4ca,0.38314666666666675,0.7139337411813524,0.3307870745146857,27,0.0,0.0,0.38314666666666675,0.7139337411813524,0,1,0.3307870745146857,"{""energy"": 0.6666666666666667, ""water"": 0.05493333333333334, ""transport"": 0.33333333333333337}","{""energy"": 0.8858946555340501, ""water"": 0.7303122269481926, ""transport"": 0.46827403627758224}","{""energy"": 0.21922798886738337, ""water"": 0.6753788936148593, ""transport"": 0.13494070294424887}","{""energy"": 0.0, ""water"": 0.0, ""transport"": 0.0}","{""energy"": 0.0, ""water"": 0.0, ""transport"": 0.0}","{""energy"": 0.0, ""water"": 0.0, ""transport"": 0.0}",0.3,0.1,,0.38314666666666675,1.0,0.6168533333333333,1,"{""energy"": 0.6666666666666667, ""water"": 0.05493333333333334, ""transport"": 0.33333333333333337}","{""energy"": 1.0, ""water"": 1.0, ""transport"": 1.0}","{""energy"": 0.33333333333333326, ""water"": 0.9450666666666666, ""transport"": 0.6666666666666666}",5,0.7139337411813524,,,[],,v2.0,0.7,0.3
S4_water_partial,391,391,16523021733180731042,scenario=S4_water_partial|method=both|duration=0|theta=0.300000|delta_threshold=0.100000|A=v2.0|w=na|run_id=391|seed=16523021733180731042,False,"{""step_1_amount"": 0.6160907600532857}",033832c9a51598bd69064fc3910037f6fde292830c04f0066e6d9779dc60f4ca,0.38314666666666675,0.6378878322402894,0.2547411655736227,14,0.0,0.0,0.38314666666666675,0.6378878322402894,0,1,0.2547411655736227,"{""energy"": 0.6666666666666667, ""water"": 0.05493333333333334, ""transport"": 0.33333333333333337}","{""energy"": 0.8354954925582874, ""water"": 0.5750467833999404, ""transport"": 0.43725200065664144}","{""energy"": 0.16882882589162063, ""water"": 0.520113450066607, ""transport"": 0.10391866732330807}","{""energy"": 0.0, ""water"": 0.0, ""transport"": 0.0}","{""energy"": 0.0, ""water"": 0.0, ""transport"": 0.0}","{""energy"": 0.0, ""water"": 0.0, ""transport"": 0.0}",0.3,0.1,,0.38314666666666675,1.0,0.6168533333333333,1,"{""energy"": 0.6666666666666667, ""water"": 0.05493333333333334, ""transport"": 0.33333333333333337}","{""energy"": 1.0, ""water"": 1.0, ""transport"": 1.0}","{""energy"": 0.33333333333333326, ""water"": 0.9450666666666666, ""transport"": 0.6666666666666666}",7,0.6378878322402894,,,[],,v2.0,0.7,0.3
S4_water_partial,392,392,16336263799799312324,scenario=S4_water_partial|method=both|duration=0|theta=0.300000|delta_threshold=0.100000|A=v2.0|w=na|run_id=392|seed=16336263799799312324,False,"{""step_1_amount"": 0.6269236232530419}",033832c9a51598bd69064fc3910037f6fde292830c04f0066e6d9779dc60f4ca,0.38314666666666675,0.6445199819127604,0.26137331524609364,30,0.0,0.0,0.38314666666666675,0.6445199819127604,0,1,0.26137331524609364,"{""energy"": 0.6666666666666667, ""water"": 0.05493333333333334, ""transport"": 0.33333333333333337}","{""energy"": 0.8398909268015885, ""water"": 0.5885878623996357, ""transport"": 0.43995750824078056}","{""energy"": 0.17322426013492176, ""water"": 0.5336545290663023, ""transport"": 0.10662417490744719}","{""energy"": 0.0, ""water"": 0.0, ""transport"": 0.0}","{""energy"": 0.0, ""water"": 0.0, ""transport"": 0.0}","{""energy"": 0.0, ""water"": 0.0, ""transport"": 0.0}",0.3,0.1,,0.38314666666666675,1.0,0.6168533333333333,1,"{""energy"": 0.6666666666666667, ""water"": 0.05493333333333334, ""transport"": 0.33333333333333337}","{""energy"": 1.0, ""water"": 1.0, ""transport"": 1.0}","{""energy"": 0.33333333333333326, ""water"": 0.9450666666666666, ""transport"": 0.6666666666666666}",7,0.6445199819127604,,,[],,v2.0,0.7,0.3
S4_water_partial,393,393,16096319756938268836,scenario=S4_water_partial|method=both|duration=0|theta=0.300000|delta_threshold=0.100000|A=v2.0|w=na|run_id=393|seed=16096319756938268836,False,"{""step_1_amount"": 0.6761428454481354}",033832c9a51598bd69064fc3910037f6fde292830c04f0066e6d9779dc60f4ca,0.38314666666666675,0.6746532202211515,0.29150655355448474,18,0.0,0.0,0.38314666666666675,0.6746532202211515,0,1,0.29150655355448474,"{""energy"": 0.6666666666666667, ""water"": 0.05493333333333334, ""transport"": 0.33333333333333337}","{""energy"": 0.8598616262072477, ""water"": 0.6501118901435027, ""transport"": 0.4522500089840052}","{""energy"": 0.19319495954058097, ""water"": 0.5951785568101693, ""transport"": 0.11891667565067182}","{""energy"": 0.0, ""water"": 0.0, ""transport"": 0.0}","{""energy"": 0.0, ""water"": 0.0, ""transport"": 0.0}","{""energy"": 0.0, ""water"": 0.0, ""transport"": 0.0}",0.3,0.1,,0.38314666666666675,1.0,0.6168533333333333,1,"{""energy"": 0.6666666666666667, ""water"": 0.05493333333333334, ""transport"": 0.33333333333333337}","{""energy"": 1.0, ""water"": 1.0, ""transport"": 1.0}","{""energy"": 0.33333333333333326, ""water"": 0.9450666666666666, ""transport"": 0.6666666666666666}",6,0.6746532202211515,,,[],,v2.0,0.7,0.3
S4_water_partial,394,394,17961463830244375,scenario=S4_water_partial|method=both|duration=0|theta=0.300000|delta_threshold=0.100000|A=v2.0|w=na|run_id=394|seed=17961463830244375,False,"{""step_1_amount"": 0.5619149490229051}",033832c9a51598bd69064fc3910037f6fde292830c04f0066e6d9779dc60f4ca,0.38314666666666675,0.6047200463322148,0.22157337966554802,10,0.0,0.0,0.38314666666666675,0.6047200463322148,0,1,0.22157337966554802,"{""energy"": 0.6666666666666667, ""water"": 0.05493333333333334, ""transport"": 0.33333333333333337}","{""energy"": 0.8135136572327104, ""water"": 0.5073270196119647, ""transport"": 0.4237215918518039}","{""energy"": 0.14684699056604367, ""water"": 0.45239368627863136, ""transport"": 0.09038825851847054}","{""energy"": 0.0, ""water"": 0.0, ""transport"": 0.0}","{""energy"": 0.0, ""water"": 0.0, ""transport"": 0.0}","{""energy"": 0.0, ""water"": 0.0, ""transport"": 0.0}",0.3,0.1,,0.38314666666666675,1.0,0.6168533333333333,1,"{""energy"": 0.6666666666666667, ""water"": 0.05493333333333334, ""transport"": 0.33333333333333337}","{""energy"": 1.0, ""water"": 1.0, ""transport"": 1.0}","{""energy"": 0.33333333333333326, ""water"": 0.9450666666666666, ""transport"": 0.6666666666666666}",8,0.6047200463322148,,,[],,v2.0,0.7,0.3
S4_water_partial,395,395,15960528673143326209,scenario=S4_water_partial|method=both|duration=0|theta=0.300000|delta_threshold=0.100000|A=v2.0|w=na|run_id=395|seed=15960528673143326209,False,"{""step_1_amount"": 0.5498770430253012}",033832c9a51598bd69064fc3910037f6fde292830c04f0066e6d9779dc60f4ca,0.38314666666666675,0.5973501393328318,0.21420347266616502,23,0.0,0.0,0.38314666666666675,0.5973501393328318,0,1,0.21420347266616502,"{""energy"": 0.6666666666666667, ""water"": 0.05493333333333334, ""transport"": 0.33333333333333337}","{""energy"": 0.8086292768741827, ""water"": 0.4922796371149598, ""transport"": 0.42071512482890233}","{""energy"": 0.141962610207516, ""water"": 0.4373463037816265, ""transport"": 0.08738179149556896}","{""energy"": 0.0, ""water"": 0.0, ""transport"": 0.0}","{""energy"": 0.0, ""water"": 0.0, ""transport"": 0.0}","{""energy"": 0.0, ""water"": 0.0, ""transport"": 0.0}",0.3,0.1,,0.38314666666666675,1.0,0.6168533333333333,1,"{""energy"": 0.6666666666666667, ""water"": 0.05493333333333334, ""transport"": 0.33333333333333337}","{""energy"": 1.0, ""water"": 1.0, ""transport"": 1.0}","{""energy"": 0.33333333333333326, ""water"": 0.9450666666666666, ""transport"": 0.6666666666666666}",8,0.5973501393328318,,,[],,v2.0,0.7,0.3
S4_water_partial,396,396,13209068861478630823,scenario=S4_water_partial|method=both|duration=0|theta=0.300000|delta_threshold=0.100000|A=v2.0|w=na|run_id=396|seed=13209068861478630823,False,"{""step_1_amount"": 0.8338165718900447}",033832c9a51598bd69064fc3910037f6fde292830c04f0066e6d9779dc60f4ca,0.38314666666666675,0.7711850173920493,0.3880383507253825,18,0.0,1.0,0.38314666666666675,0.7711850173920493,1,1,0.3880383507253825,"{""energy"": 0.6666666666666667, ""water"": 0.05493333333333334, ""transport"": 0.33333333333333337}","{""energy"": 0.9238377407110523, ""water"": 0.8472040481958892, ""transport"": 0.491629022162872}","{""energy"": 0.25717107404438555, ""water"": 0.7922707148625558, ""transport"": 0.15829568882953865}","{""energy"": 0.0, ""water"": 0.0, ""transport"": 0.0}","{""energy"": 1.0, ""water"": 1.0, ""transport"": 1.0}","{""energy"": 1.0, ""water"": 1.0, ""transport"": 1.0}",0.3,0.1,,0.38314666666666675,1.0,0.6168533333333333,1,"{""energy"": 0.6666666666666667, ""water"": 0.05493333333333334, ""transport"": 0.33333333333333337}","{""energy"": 1.0, ""water"": 1.0, ""transport"": 1.0}","{""energy"": 0.33333333333333326, ""water"": 0.9450666666666666, ""transport"": 0.6666666666666666}",4,0.7711850173920493,,,"[""energy"", ""transport""]",1,v2.0,0.7,0.3
S4_water_partial,397,397,10421118977158241911,scenario=S4_water_partial|method=both|duration=0|theta=0.300000|delta_threshold=0.100000|A=v2.0|w=na|run_id=397|seed=10421118977158241911,False,"{""step_1_amount"": 0.45457252458848446}",033832c9a51598bd69064fc3910037f6fde292830c04f0066e6d9779dc60f4ca,0.38314666666666675,0.5390023305328516,0.15585566386618488,18,0.0,0.0,0.38314666666666675,0.5390023305328516,0,1,0.15585566386618488,"{""energy"": 0.6666666666666667, ""water"": 0.05493333333333334, ""transport"": 0.33333333333333337}","{""energy"": 0.7699594685184443, ""water"": 0.37314898906893884, ""transport"": 0.39691282134930733}","{""energy"": 0.10329280185177758, ""water"": 0.3182156557356055, ""transport"": 0.06357948801597396}","{""energy"": 0.0, ""water"": 0.0, ""transport"": 0.0}","{""energy"": 0.0, ""water"": 0.0, ""transport"": 0.0}","{""energy"": 0.0, ""water"": 0.0, ""transport"": 0.0}",0.3,0.1,,0.38314666666666675,1.0,0.6168533333333333,1,"{""energy"": 0.6666666666666667, ""water"": 0.05493333333333334, ""transport"": 0.33333333333333337}","{""energy"": 1.0, ""water"": 1.0, ""transport"": 1.0}","{""energy"": 0.33333333333333326, ""water"": 0.9450666666666666, ""transport"": 0.6666666666666666}",9,0.5390023305328516,,,[],,v2.0,0.7,0.3
S4_water_partial,398,398,15180273955925239015,scenario=S4_water_partial|method=both|duration=0|theta=0.300000|delta_threshold=0.100000|A=v2.0|w=na|run_id=398|seed=15180273955925239015,False,"{""step_1_amount"": 0.9918956579683008}",033832c9a51598bd69064fc3910037f6fde292830c04f0066e6d9779dc60f4ca,0.38314666666666675,0.8545241141281968,0.4713774474615301,8,0.0,1.0,0.38314666666666675,0.8545241141281968,1,1,0.4713774474615301,"{""energy"": 0.6666666666666667, ""water"": 0.05493333333333334, ""transport"": 0.33333333333333337}","{""energy"": 0.9879783298873048, ""water"": 1.0, ""transport"": 0.5311092739109166}","{""energy"": 0.3213116632206381, ""water"": 0.9450666666666666, ""transport"": 0.1977759405775832}","{""energy"": 0.0, ""water"": 0.0, ""transport"": 0.0}","{""energy"": 1.0, ""water"": 1.0, ""transport"": 1.0}","{""energy"": 1.0, ""water"": 1.0, ""transport"": 1.0}",0.3,0.1,,0.38314666666666675,1.0,0.6168533333333333,1,"{""energy"": 0.6666666666666667, ""water"": 0.05493333333333334, ""transport"": 0.33333333333333337}","{""energy"": 1.0, ""water"": 1.0, ""transport"": 1.0}","{""energy"": 0.33333333333333326, ""water"": 0.9450666666666666, ""transport"": 0.6666666666666666}",3,0.8545241141281968,,,"[""energy"", ""transport""]",1,v2.0,0.7,0.3
S4_water_partial,399,399,1744607771870376202,scenario=S4_water_partial|method=both|duration=0|theta=0.300000|delta_threshold=0.100000|A=v2.0|w=na|run_id=399|seed=1744607771870376202,False,"{""step_1_amount"": 1.2881019788115884}",033832c9a51598bd69064fc3910037f6fde292830c04f0066e6d9779dc60f4ca,0.38314666666666675,0.8564466666666667,0.47329999999999994,26,0.0,1.0,0.38314666666666675,0.8564466666666667,1,1,0.47329999999999994,"{""energy"": 0.6666666666666667, ""water"": 0.05493333333333334, ""transport"": 0.33333333333333337}","{""energy"": 0.9912666666666667, ""water"": 1.0, ""transport"": 0.5331333333333333}","{""energy"": 0.3246, ""water"": 0.9450666666666666, ""transport"": 0.19979999999999998}","{""energy"": 0.0, ""water"": 0.0, ""transport"": 0.0}","{""energy"": 1.0, ""water"": 1.0, ""transport"": 1.0}","{""energy"": 1.0, ""water"": 1.0, ""transport"": 1.0}",0.3,0.1,,0.38314666666666675,1.0,0.6168533333333333,1,"{""energy"": 0.6666666666666667, ""water"": 0.05493333333333334, ""transport"": 0.33333333333333337}","{""energy"": 1.0, ""water"": 1.0, ""transport"": 1.0}","{""energy"": 0.33333333333333326, ""water"": 0.9450666666666666, ""transport"": 0.6666666666666666}",3,0.8564466666666667,,,"[""energy"", ""transport""]",1,v2.0,0.7,0.3
S4_water_partial,400,400,6672364460265250190,scenario=S4_water_partial|method=both|duration=0|theta=0.300000|delta_threshold=0.100000|A=v2.0|w=na|run_id=400|seed=6672364460265250190,False,"{""step_1_amount"": 0.9363219048715831}",033832c9a51598bd69064fc3910037f6fde292830c04f0066e6d9779dc60f4ca,0.38314666666666675,0.8339413448766717,0.45079467821000496,5,0.0,1.0,0.38314666666666675,0.8339413448766717,1,1,0.45079467821000496,"{""energy"": 0.6666666666666667, ""water"": 0.05493333333333334, ""transport"": 0.33333333333333337}","{""energy"": 0.9654292795683116, ""water"": 0.9753357144228123, ""transport"": 0.5172297290750113}","{""energy"": 0.29876261290164485, ""water"": 0.9204023810894789, ""transport"": 0.18389639574167793}","{""energy"": 0.0, ""water"": 0.0, ""transport"": 0.0}","{""energy"": 1.0, ""water"": 1.0, ""transport"": 1.0}","{""energy"": 1.0, ""water"": 1.0, ""transport"": 1.0}",0.3,0.1,,0.38314666666666675,1.0,0.6168533333333333,1,"{""energy"": 0.6666666666666667, ""water"": 0.05493333333333334, ""transport"": 0.33333333333333337}","{""energy"": 1.0, ""water"": 1.0, ""transport"": 1.0}","{""energy"": 0.33333333333333326, ""water"": 0.9450666666666666, ""transport"": 0.6666666666666666}",3,0.8339413448766717,,,"[""energy"", ""transport""]",1,v2.0,0.7,0.3
S4_water_partial,401,401,3611343108101419235,scenario=S4_water_partial|method=both|duration=0|theta=0.300000|delta_threshold=0.100000|A=v2.0|w=na|run_id=401|seed=3611343108101419235,False,"{""step_1_amount"": 0.7948722797471833}",033832c9a51598bd69064fc3910037f6fde292830c04f0066e6d9779dc60f4ca,0.38314666666666675,0.7473423481348861,0.36419568146821935,6,0.0,1.0,0.38314666666666675,0.7473423481348861,1,1,0.36419568146821935,"{""energy"": 0.6666666666666667, ""water"": 0.05493333333333334, ""transport"": 0.33333333333333337}","{""energy"": 0.9080360941740864, ""water"": 0.7985236830173126, ""transport"": 0.4819026852001924}","{""energy"": 0.24136942750741963, ""water"": 0.7435903496839792, ""transport"": 0.14856935186685905}","{""energy"": 0.0, ""water"": 0.0, ""transport"": 0.0}","{""energy"": 1.0, ""water"": 1.0, ""transport"": 1.0}","{""energy"": 1.0, ""water"": 1.0, ""transport"": 1.0}",0.3,0.1,,0.38314666666666675,1.0,0.6168533333333333,1,"{""energy"": 0.6666666666666667, ""water"": 0.05493333333333334, ""transport"": 0.33333333333333337}","{""energy"": 1.0, ""water"": 1.0, ""transport"": 1.0}","{""energy"": 0.33333333333333326, ""water"": 0.9450666666666666, ""transport"": 0.6666666666666666}",5,0.7473423481348861,,,"[""energy"", ""transport""]",1,v2.0,0.7,0.3
S4_water_partial,402,402,5690403713157910674,scenario=S4_water_partial|method=both|duration=0|theta=0.300000|delta_threshold=0.100000|A=v2.0|w=na|run_id=402|seed=5690403713157910674,False,"{""step_1_amount"": 0.3717736454307036}",033832c9a51598bd69064fc3910037f6fde292830c04f0066e6d9779dc60f4ca,0.38314666666666675,0.4883107867404793,0.10516412007381254,28,0.0,0.0,0.38314666666666675,0.4883107867404793,0,0,0.10516412007381254,"{""energy"": 0.6666666666666667, ""water"": 0.05493333333333334, ""transport"": 0.33333333333333337}","{""energy"": 0.7363638233001748, ""water"": 0.269650390121713, ""transport"": 0.3762338012796516}","{""energy"": 0.06969715663350806, ""water"": 0.21471705678837966, ""transport"": 0.042900467946318244}","{""energy"": 0.0, ""water"": 0.0, ""transport"": 0.0}","{""energy"": 0.0, ""water"": 0.0, ""transport"": 0.0}","{""energy"": 0.0, ""water"": 0.0, ""transport"": 0.0}",0.3,0.1,,0.38314666666666675,1.0,0.6168533333333333,1,"{""energy"": 0.6666666666666667, ""water"": 0.05493333333333334, ""transport"": 0.33333333333333337}","{""energy"": 1.0, ""water"": 1.0, ""transport"": 1.0}","{""energy"": 0.33333333333333326, ""water"": 0.9450666666666666, ""transport"": 0.6666666666666666}",10,0.4883107867404793,,,[],,v2.0,0.7,0.3
S4_water_partial,403,403,15724862729775617425,scenario=S4_water_partial|method=both|duration=0|theta=0.300000|delta_threshold=0.100000|A=v2.0|w=na|run_id=403|seed=15724862729775617425,False,"{""step_1_amount"": 0.48139787353811164}",033832c9a51598bd69064fc3910037f6fde292830c04f0066e6d9779dc60f4ca,0.38314666666666675,0.5554254797935371,0.17227881312687032,16,0.0,0.0,0.38314666666666675,0.5554254797935371,0,1,0.17227881312687032,"{""energy"": 0.6666666666666667, ""water"": 0.05493333333333334, ""transport"": 0.33333333333333337}","{""energy"": 0.7808438538547555, ""water"": 0.4066806752559729, ""transport"": 0.4036124522494767}","{""energy"": 0.11417718718808878, ""water"": 0.35174734192263957, ""transport"": 0.07027911891614336}","{""energy"": 0.0, ""water"": 0.0, ""transport"": 0.0}","{""energy"": 0.0, ""water"": 0.0, ""transport"": 0.0}","{""energy"": 0.0, ""water"": 0.0, ""transport"": 0.0}",0.3,0.1,,0.38314666666666675,1.0,0.6168533333333333,1,"{""energy"": 0.6666666666666667, ""water"": 0.05493333333333334, ""transport"": 0.33333333333333337}","{""energy"": 1.0, ""water"": 1.0, ""transport"": 1.0}","{""energy"": 0.33333333333333326, ""water"": 0.9450666666666666, ""transport"": 0.6666666666666666}",9,0.5554254797935371,,,[],,v2.0,0.7,0.3
S4_water_partial,404,404,11759527906627945611,scenario=S4_water_partial|method=both|duration=0|theta=0.300000|delta_threshold=0.100000|A=v2.0|w=na|run_id=404|seed=11759527906627945611,False,"{""step_1_amount"": 0.3763530576272527}",033832c9a51598bd69064fc3910037f6fde292830c04f0066e6d9779dc60f4ca,0.38314666666666675,0.4911144173725115,0.10796775070584474,14,0.0,0.0,0.38314666666666675,0.4911144173725115,0,0,0.10796775070584474,"{""energy"": 0.6666666666666667, ""water"": 0.05493333333333334, ""transport"": 0.33333333333333337}","{""energy"": 0.7382219197989245, ""water"": 0.27537465536739913, ""transport"": 0.3773775094757397}","{""energy"": 0.07155525313225775, ""water"": 0.2204413220340658, ""transport"": 0.044044176142406355}","{""energy"": 0.0, ""water"": 0.0, ""transport"": 0.0}","{""energy"": 0.0, ""water"": 0.0, ""transport"": 0.0}","{""energy"": 0.0, ""water"": 0.0, ""transport"": 0.0}",0.3,0.1,,0.38314666666666675,1.0,0.6168533333333333,1,"{""energy"": 0.6666666666666667, ""water"": 0.05493333333333334, ""transport"": 0.33333333333333337}","{""energy"": 1.0, ""water"": 1.0, ""transport"": 1.0}","{""energy"": 0.33333333333333326, ""water"": 0.9450666666666666, ""transport"": 0.6666666666666666}",10,0.4911144173725115,,,[],,v2.0,0.7,0.3
S4_water_partial,405,405,8816428322790126361,scenario=S4_water_partial|method=both|duration=0|theta=0.300000|delta_threshold=0.100000|A=v2.0|w=na|run_id=405|seed=8816428322790126361,False,"{""step_1_amount"": 0.29083531015087305}",033832c9a51598bd69064fc3910037f6fde292830c04f0066e6d9779dc60f4ca,0.38314666666666675,0.438758314423785,0.05561164775711824,28,0.0,0.0,0.38314666666666675,0.438758314423785,0,0,0.05561164775711824,"{""energy"": 0.6666666666666667, ""water"": 0.05493333333333334, ""transport"": 0.33333333333333337}","{""energy"": 0.7035230937603835, ""water"": 0.16847747102192467, ""transport"": 0.35601945204351393}","{""energy"": 0.036856427093716726, ""water"": 0.11354413768859134, ""transport"": 0.02268611871018056}","{""energy"": 0.0, ""water"": 0.0, ""transport"": 0.0}","{""energy"": 0.0, ""water"": 0.0, ""transport"": 0.0}","{""energy"": 0.0, ""water"": 0.0, ""transport"": 0.0}",0.3,0.1,,0.38314666666666675,1.0,0.6168533333333333,1,"{""energy"": 0.6666666666666667, ""water"": 0.05493333333333334, ""transport"": 0.33333333333333337}","{""energy"": 1.0, ""water"": 1.0, ""transport"": 1.0}","{""energy"": 0.33333333333333326, ""water"": 0.9450666666666666, ""transport"": 0.6666666666666666}",11,0.438758314423785,,,[],,v2.0,0.7,0.3
S4_water_partial,406,406,618502560031417104,scenario=S4_water_partial|method=both|duration=0|theta=0.300000|delta_threshold=0.100000|A=v2.0|w=na|run_id=406|seed=618502560031417104,False,"{""step_1_amount"": 0.6067203350996637}",033832c9a51598bd69064fc3910037f6fde292830c04f0066e6d9779dc60f4ca,0.38314666666666675,0.6321510238230584,0.2490043571563917,12,0.0,0.0,0.38314666666666675,0.6321510238230584,0,1,0.2490043571563917,"{""energy"": 0.6666666666666667, ""water"": 0.05493333333333334, ""transport"": 0.33333333333333337}","{""energy"": 0.8316934426333553, ""water"": 0.5633337522079132, ""transport"": 0.4349117370244744}","{""energy"": 0.16502677596668858, ""water"": 0.5084004188745798, ""transport"": 0.10157840369114102}","{""energy"": 0.0, ""water"": 0.0, ""transport"": 0.0}","{""energy"": 0.0, ""water"": 0.0, ""transport"": 0.0}","{""energy"": 0.0, ""water"": 0.0, ""transport"": 0.0}",0.3,0.1,,0.38314666666666675,1.0,0.6168533333333333,1,"{""energy"": 0.6666666666666667, ""water"": 0.05493333333333334, ""transport"": 0.33333333333333337}","{""energy"": 1.0, ""water"": 1.0, ""transport"": 1.0}","{""energy"": 0.33333333333333326, ""water"": 0.9450666666666666, ""transport"": 0.6666666666666666}",7,0.6321510238230584,,,[],,v2.0,0.7,0.3
S4_water_partial,407,407,9911875186768925705,scenario=S4_water_partial|method=both|duration=0|theta=0.300000|delta_threshold=0.100000|A=v2.0|w=na|run_id=407|seed=9911875186768925705,False,"{""step_1_amount"": 0.5077977676023205}",033832c9a51598bd69064fc3910037f6fde292830c04f0066e6d9779dc60f4ca,0.38314666666666675,0.5715881549369974,0.1884414882703307,13,0.0,0.0,0.38314666666666675,0.5715881549369974,0,1,0.1884414882703307,"{""energy"": 0.6666666666666667, ""water"": 0.05493333333333334, ""transport"": 0.33333333333333337}","{""energy"": 0.7915556108713083, ""water"": 0.43968054283623403, ""transport"": 0.4102058257920129}","{""energy"": 0.12488894420464158, ""water"": 0.3847472095029007, ""transport"": 0.07687249245867955}","{""energy"": 0.0, ""water"": 0.0, ""transport"": 0.0}","{""energy"": 0.0, ""water"": 0.0, ""transport"": 0.0}","{""energy"": 0.0, ""water"": 0.0, ""transport"": 0.0}",0.3,0.1,,0.38314666666666675,1.0,0.6168533333333333,1,"{""energy"": 0.6666666666666667, ""water"": 0.05493333333333334, ""transport"": 0.33333333333333337}","{""energy"": 1.0, ""water"": 1.0, ""transport"": 1.0}","{""energy"": 0.33333333333333326, ""water"": 0.9450666666666666, ""transport"": 0.6666666666666666}",8,0.5715881549369974,,,[],,v2.0,0.7,0.3
S4_water_partial,408,408,14664818539489790796,scenario=S4_water_partial|method=both|duration=0|theta=0.300000|delta_threshold=0.100000|A=v2.0|w=na|run_id=408|seed=14664818539489790796,False,"{""step_1_amount"": 0.4206398592199037}",033832c9a51598bd69064fc3910037f6fde292830c04f0066e6d9779dc60f4ca,0.38314666666666675,0.5182279044775722,0.13508123781090542,21,0.0,0.0,0.38314666666666675,0.5182279044775722,0,0,0.13508123781090542,"{""energy"": 0.6666666666666667, ""water"": 0.05493333333333334, ""transport"": 0.33333333333333337}","{""energy"": 0.7561912895451426, ""water"": 0.3307331573582129, ""transport"": 0.3884381381735043}","{""energy"": 0.08952462287847585, ""water"": 0.27579982402487957, ""transport"": 0.05510480484017094}","{""energy"": 0.0, ""water"": 0.0, ""transport"": 0.0}","{""energy"": 0.0, ""water"": 0.0, ""transport"": 0.0}","{""energy"": 0.0, ""water"": 0.0, ""transport"": 0.0}",0.3,0.1,,0.38314666666666675,1.0,0.6168533333333333,1,"{""energy"": 0.6666666666666667, ""water"": 0.05493333333333334, ""transport"": 0.33333333333333337}","{""energy"": 1.0, ""water"": 1.0, ""transport"": 1.0}","{""energy"": 0.33333333333333326, ""water"": 0.9450666666666666, ""transport"": 0.6666666666666666}",9,0.5182279044775722,,,[],,v2.0,0.7,0.3
S4_water_partial,409,409,3466969784437039697,scenario=S4_water_partial|method=both|duration=0|theta=0.300000|delta_threshold=0.100000|A=v2.0|w=na|run_id=409|seed=3466969784437039697,False,"{""step_1_amount"": 0.6900072092118404}",033832c9a51598bd69064fc3910037f6fde292830c04f0066e6d9779dc60f4ca,0.38314666666666675,0.6831413303263858,0.29999466365971905,18,0.0,0.0,0.38314666666666675,0.6831413303263858,0,1,0.29999466365971905,"{""energy"": 0.6666666666666667, ""water"": 0.05493333333333334, ""transport"": 0.33333333333333337}","{""energy"": 0.865487091804371, ""water"": 0.6674423448481339, ""transport"": 0.4557126338339905}","{""energy"": 0.19882042513770426, ""water"": 0.6125090115148005, ""transport"": 0.12237930050065715}","{""energy"": 0.0, ""water"": 0.0, ""transport"": 0.0}","{""energy"": 0.0, ""water"": 0.0, ""transport"": 0.0}","{""energy"": 0.0, ""water"": 0.0, ""transport"": 0.0}",0.3,0.1,,0.38314666666666675,1.0,0.6168533333333333,1,"{""energy"": 0.6666666666666667, ""water"": 0.05493333333333334, ""transport"": 0.33333333333333337}","{""energy"": 1.0, ""water"": 1.0, ""transport"": 1.0}","{""energy"": 0.33333333333333326, ""water"": 0.9450666666666666, ""transport"": 0.6666666666666666}",6,0.6831413303263858,,,[],,v2.0,0.7,0.3
S4_water_partial,410,410,4234685690672098598,scenario=S4_water_partial|method=both|duration=0|theta=0.300000|delta_threshold=0.100000|A=v2.0|w=na|run_id=410|seed=4234685690672098598,False,"{""step_1_amount"": 0.45726123806657487}",033832c9a51598bd69064fc3910037f6fde292830c04f0066e6d9779dc60f4ca,0.38314666666666675,0.5406484281419754,0.1575017614753087,21,0.0,0.0,0.38314666666666675,0.5406484281419754,0,1,0.1575017614753087,"{""energy"": 0.6666666666666667, ""water"": 0.05493333333333334, ""transport"": 0.33333333333333337}","{""energy"": 0.7710504140121794, ""water"": 0.37650988091655185, ""transport"": 0.3975843275404604}","{""energy"": 0.1043837473455127, ""water"": 0.3215765475832185, ""transport"": 0.06425099420712704}","{""energy"": 0.0, ""water"": 0.0, ""transport"": 0.0}","{""energy"": 0.0, ""water"": 0.0, ""transport"": 0.0}","{""energy"": 0.0, ""water"": 0.0, ""transport"": 0.0}",0.3,0.1,,0.38314666666666675,1.0,0.6168533333333333,1,"{""energy"": 0.6666666666666667, ""water"": 0.05493333333333334, ""transport"": 0.33333333333333337}","{""energy"": 1.0, ""water"": 1.0, ""transport"": 1.0}","{""energy"": 0.33333333333333326, ""water"": 0.9450666666666666, ""transport"": 0.6666666666666666}",9,0.5406484281419754,,,[],,v2.0,0.7,0.3
S4_water_partial,411,411,14546020921961760223,scenario=S4_water_partial|method=both|duration=0|theta=0.300000|delta_threshold=0.100000|A=v2.0|w=na|run_id=411|seed=14546020921961760223,False,"{""step_1_amount"": 0.30053185317228487}",033832c9a51598bd69064fc3910037f6fde292830c04f0066e6d9779dc60f4ca,0.38314666666666675,0.4446947804750688,0.06154811380840203,19,0.0,0.0,0.38314666666666675,0.4446947804750688,0,0,0.06154811380840203,"{""energy"": 0.6666666666666667, ""water"": 0.05493333333333334, ""transport"": 0.33333333333333337}","{""energy"": 0.7074574660913213, ""water"": 0.1805981497986894, ""transport"": 0.3584411636631115}","{""energy"": 0.04079079942465458, ""water"": 0.12566481646535607, ""transport"": 0.025107830329778147}","{""energy"": 0.0, ""water"": 0.0, ""transport"": 0.0}","{""energy"": 0.0, ""water"": 0.0, ""transport"": 0.0}","{""energy"": 0.0, ""water"": 0.0, ""transport"": 0.0}",0.3,0.1,,0.38314666666666675,1.0,0.6168533333333333,1,"{""energy"": 0.6666666666666667, ""water"": 0.05493333333333334, ""transport"": 0.33333333333333337}","{""energy"": 1.0, ""water"": 1.0, ""transport"": 1.0}","{""energy"": 0.33333333333333326, ""water"": 0.9450666666666666, ""transport"": 0.6666666666666666}",11,0.4446947804750688,,,[],,v2.0,0.7,0.3
S4_water_partial,412,412,14137747632901771242,scenario=S4_water_partial|method=both|duration=0|theta=0.300000|delta_threshold=0.100000|A=v2.0|w=na|run_id=412|seed=14137747632901771242,False,"{""step_1_amount"": 0.8470914950406333}",033832c9a51598bd69064fc3910037f6fde292830c04f0066e6d9779dc60f4ca,0.38314666666666675,0.7793122572179184,0.39616559055125167,30,0.0,1.0,0.38314666666666675,0.7793122572179184,1,1,0.39616559055125167,"{""energy"": 0.6666666666666667, ""water"": 0.05493333333333334, ""transport"": 0.33333333333333337}","{""energy"": 0.9292240407794037, ""water"": 0.863797702134125, ""transport"": 0.49494443421973155}","{""energy"": 0.26255737411273694, ""water"": 0.8088643688007916, ""transport"": 0.16161110088639818}","{""energy"": 0.0, ""water"": 0.0, ""transport"": 0.0}","{""energy"": 1.0, ""water"": 1.0, ""transport"": 1.0}","{""energy"": 1.0, ""water"": 1.0, ""transport"": 1.0}",0.3,0.1,,0.38314666666666675,1.0,0.6168533333333333,1,"{""energy"": 0.6666666666666667, ""water"": 0.05493333333333334, ""transport"": 0.33333333333333337}","{""energy"": 1.0, ""water"": 1.0, ""transport"": 1.0}","{""energy"": 0.33333333333333326, ""water"": 0.9450666666666666, ""transport"": 0.6666666666666666}",4,0.7793122572179184,,,"[""energy"", ""transport""]",1,v2.0,0.7,0.3
S4_water_partial,413,413,7371271534056635654,scenario=S4_water_partial|method=both|duration=0|theta=0.300000|delta_threshold=0.100000|A=v2.0|w=na|run_id=413|seed=7371271534056635654,False,"{""step_1_amount"": 0.5873821308583912}",033832c9a51598bd69064fc3910037f6fde292830c04f0066e6d9779dc60f4ca,0.38314666666666675,0.6203116917314453,0.23716502506477855,24,0.0,0.0,0.38314666666666675,0.6203116917314453,0,1,0.23716502506477855,"{""energy"": 0.6666666666666667, ""water"": 0.05493333333333334, ""transport"": 0.33333333333333337}","{""energy"": 0.823846966262459, ""water"": 0.5391609969063224, ""transport"": 0.4300820205152166}","{""energy"": 0.15718029959579227, ""water"": 0.484227663572989, ""transport"": 0.09674868718188323}","{""energy"": 0.0, ""water"": 0.0, ""transport"": 0.0}","{""energy"": 0.0, ""water"": 0.0, ""transport"": 0.0}","{""energy"": 0.0, ""water"": 0.0, ""transport"": 0.0}",0.3,0.1,,0.38314666666666675,1.0,0.6168533333333333,1,"{""energy"": 0.6666666666666667, ""water"": 0.05493333333333334, ""transport"": 0.33333333333333337}","{""energy"": 1.0, ""water"": 1.0, ""transport"": 1.0}","{""energy"": 0.33333333333333326, ""water"": 0.9450666666666666, ""transport"": 0.6666666666666666}",7,0.6203116917314453,,,[],,v2.0,0.7,0.3
S4_water_partial,414,414,11901418952481030482,scenario=S4_water_partial|method=both|duration=0|theta=0.300000|delta_threshold=0.100000|A=v2.0|w=na|run_id=414|seed=11901418952481030482,False,"{""step_1_amount"": 0.783448174975326}",033832c9a51598bd69064fc3910037f6fde292830c04f0066e6d9779dc60f4ca,0.38314666666666675,0.7403482255909358,0.3572015589242691,11,0.0,1.0,0.38314666666666675,0.7403482255909358,1,1,0.3572015589242691,"{""energy"": 0.6666666666666667, ""water"": 0.05493333333333334, ""transport"": 0.33333333333333337}","{""energy"": 0.9034007636629053, ""water"": 0.784243552052491, ""transport"": 0.4790495150334211}","{""energy"": 0.2367340969962386, ""water"": 0.7293102187191576, ""transport"": 0.1457161817000877}","{""energy"": 0.0, ""water"": 0.0, ""transport"": 0.0}","{""energy"": 1.0, ""water"": 1.0, ""transport"": 1.0}","{""energy"": 1.0, ""water"": 1.0, ""transport"": 1.0}",0.3,0.1,,0.38314666666666675,1.0,0.6168533333333333,1,"{""energy"": 0.6666666666666667, ""water"": 0.05493333333333334, ""transport"": 0.33333333333333337}","{""energy"": 1.0, ""water"": 1.0, ""transport"": 1.0}","{""energy"": 0.33333333333333326, ""water"": 0.9450666666666666, ""transport"": 0.6666666666666666}",5,0.7403482255909358,,,"[""energy"", ""transport""]",1,v2.0,0.7,0.3
S4_water_partial,415,415,7123740267946000553,scenario=S4_water_partial|method=both|duration=0|theta=0.300000|delta_threshold=0.100000|A=v2.0|w=na|run_id=415|seed=7123740267946000553,False,"{""step_1_amount"": 0.4007060165354974}",033832c9a51598bd69064fc3910037f6fde292830c04f0066e6d9779dc60f4ca,0.38314666666666675,0.5060239076401116,0.12287724097344488,26,0.0,0.0,0.38314666666666675,0.5060239076401116,0,0,0.12287724097344488,"{""energy"": 0.6666666666666667, ""water"": 0.05493333333333334, ""transport"": 0.33333333333333337}","{""energy"": 0.7481031328759448, ""water"": 0.30581585400270506, ""transport"": 0.3834596609630738}","{""energy"": 0.08143646620927802, ""water"": 0.2508825206693717, ""transport"": 0.05012632762974045}","{""energy"": 0.0, ""water"": 0.0, ""transport"": 0.0}","{""energy"": 0.0, ""water"": 0.0, ""transport"": 0.0}","{""energy"": 0.0, ""water"": 0.0, ""transport"": 0.0}",0.3,0.1,,0.38314666666666675,1.0,0.6168533333333333,1,"{""energy"": 0.6666666666666667, ""water"": 0.05493333333333334, ""transport"": 0.33333333333333337}","{""energy"": 1.0, ""water"": 1.0, ""transport"": 1.0}","{""energy"": 0.33333333333333326, ""water"": 0.9450666666666666, ""transport"": 0.6666666666666666}",10,0.5060239076401116,,,[],,v2.0,0.7,0.3
S4_water_partial,416,416,11761541792196199584,scenario=S4_water_partial|method=both|duration=0|theta=0.300000|delta_threshold=0.100000|A=v2.0|w=na|run_id=416|seed=11761541792196199584,False,"{""step_1_amount"": 0.4453758016656887}",033832c9a51598bd69064fc3910037f6fde292830c04f0066e6d9779dc60f4ca,0.38314666666666675,0.5333718668414429,0.15022520017477614,26,0.0,0.0,0.38314666666666675,0.5333718668414429,0,0,0.15022520017477614,"{""energy"": 0.6666666666666667, ""water"": 0.05493333333333334, ""transport"": 0.33333333333333337}","{""energy"": 0.7662278981925199, ""water"": 0.3616530854154441, ""transport"": 0.3946159397993391}","{""energy"": 0.09956123152585317, ""water"": 0.3067197520821108, ""transport"": 0.06128260646600575}","{""energy"": 0.0, ""water"": 0.0, ""transport"": 0.0}","{""energy"": 0.0, ""water"": 0.0, ""transport"": 0.0}","{""energy"": 0.0, ""water"": 0.0, ""transport"": 0.0}",0.3,0.1,,0.38314666666666675,1.0,0.6168533333333333,1,"{""energy"": 0.6666666666666667, ""water"": 0.05493333333333334, ""transport"": 0.33333333333333337}","{""energy"": 1.0, ""water"": 1.0, ""transport"": 1.0}","{""energy"": 0.33333333333333326, ""water"": 0.9450666666666666, ""transport"": 0.6666666666666666}",9,0.5333718668414429,,,[],,v2.0,0.7,0.3
S4_water_partial,417,417,6929394801876855242,scenario=S4_water_partial|method=both|duration=0|theta=0.300000|delta_threshold=0.100000|A=v2.0|w=na|run_id=417|seed=6929394801876855242,False,"{""step_1_amount"": 0.7124747643713941}",033832c9a51598bd69064fc3910037f6fde292830c04f0066e6d9779dc60f4ca,0.38314666666666675,0.6968965292839435,0.3137498626172768,11,0.0,0.0,0.38314666666666675,0.6968965292839435,0,1,0.3137498626172768,"{""energy"": 0.6666666666666667, ""water"": 0.05493333333333334, ""transport"": 0.33333333333333337}","{""energy"": 0.8746033023103599, ""water"": 0.6955267887975761, ""transport"": 0.4613239057350891}","{""energy"": 0.20793663564369314, ""water"": 0.6405934554642427, ""transport"": 0.1279905724017557}","{""energy"": 0.0, ""water"": 0.0, ""transport"": 0.0}","{""energy"": 0.0, ""water"": 0.0, ""transport"": 0.0}","{""energy"": 0.0, ""water"": 0.0, ""transport"": 0.0}",0.3,0.1,,0.38314666666666675,1.0,0.6168533333333333,1,"{""energy"": 0.6666666666666667, ""water"": 0.05493333333333334, ""transport"": 0.33333333333333337}","{""energy"": 1.0, ""water"": 1.0, ""transport"": 1.0}","{""energy"": 0.33333333333333326, ""water"": 0.9450666666666666, ""transport"": 0.6666666666666666}",6,0.6968965292839435,,,[],,v2.0,0.7,0.3
S4_water_partial,418,418,2346226566332241028,scenario=S4_water_partial|method=both|duration=0|theta=0.300000|delta_threshold=0.100000|A=v2.0|w=na|run_id=418|seed=2346226566332241028,False,"{""step_1_amount"": 0.3491928073951238}",033832c9a51598bd69064fc3910037f6fde292830c04f0066e6d9779dc60f4ca,0.38314666666666675,0.4744862331741463,0.09133956650747954,21,0.0,0.0,0.38314666666666675,0.4744862331741463,0,0,0.09133956650747954,"{""energy"": 0.6666666666666667, ""water"": 0.05493333333333334, ""transport"": 0.33333333333333337}","{""energy"": 0.7272016482672382, ""water"": 0.241424342577238, ""transport"": 0.3705942369802655}","{""energy"": 0.06053498160057147, ""water"": 0.18649100924390466, ""transport"": 0.03726090364693213}","{""energy"": 0.0, ""water"": 0.0, ""transport"": 0.0}","{""energy"": 0.0, ""water"": 0.0, ""transport"": 0.0}","{""energy"": 0.0, ""water"": 0.0, ""transport"": 0.0}",0.3,0.1,,0.38314666666666675,1.0,0.6168533333333333,1,"{""energy"": 0.6666666666666667, ""water"": 0.05493333333333334, ""transport"": 0.33333333333333337}","{""energy"": 1.0, ""water"": 1.0, ""transport"": 1.0}","{""energy"": 0.33333333333333326, ""water"": 0.9450666666666666, ""transport"": 0.6666666666666666}",10,0.4744862331741463,,,[],,v2.0,0.7,0.3
S4_water_partial,419,419,14619351913624005947,scenario=S4_water_partial|method=both|duration=0|theta=0.300000|delta_threshold=0.100000|A=v2.0|w=na|run_id=419|seed=14619351913624005947,False,"{""step_1_amount"": 0.2752755181380609}",033832c9a51598bd69064fc3910037f6fde292830c04f0066e6d9779dc60f4ca,0.38314666666666675,0.42923222075874107,0.04608555409207432,20,0.0,0.0,0.38314666666666675,0.42923222075874107,0,0,0.04608555409207432,"{""energy"": 0.6666666666666667, ""water"": 0.05493333333333334, ""transport"": 0.33333333333333337}","{""energy"": 0.697209708151185, ""water"": 0.14902773100590944, ""transport"": 0.35213339398831406}","{""energy"": 0.030543041484518252, ""water"": 0.0940943976725761, ""transport"": 0.018800060654980688}","{""energy"": 0.0, ""water"": 0.0, ""transport"": 0.0}","{""energy"": 0.0, ""water"": 0.0, ""transport"": 0.0}","{""energy"": 0.0, ""water"": 0.0, ""transport"": 0.0}",0.3,0.1,,0.38314666666666675,1.0,0.6168533333333333,1,"{""energy"": 0.6666666666666667, ""water"": 0.05493333333333334, ""transport"": 0.33333333333333337}","{""energy"": 1.0, ""water"": 1.0, ""transport"": 1.0}","{""energy"": 0.33333333333333326, ""water"": 0.9450666666666666, ""transport"": 0.6666666666666666}",11,0.42923222075874107,,,[],,v2.0,0.7,0.3
S4_water_partial,420,420,12826803924528619683,scenario=S4_water_partial|method=both|duration=0|theta=0.300000|delta_threshold=0.100000|A=v2.0|w=na|run_id=420|seed=12826803924528619683,False,"{""step_1_amount"": 0.4437691397004284}",033832c9a51598bd69064fc3910037f6fde292830c04f0066e6d9779dc60f4ca,0.38314666666666675,0.5323882282197615,0.14924156155309476,5,0.0,0.0,0.38314666666666675,0.5323882282197615,0,0,0.14924156155309476,"{""energy"": 0.6666666666666667, ""water"": 0.05493333333333334, ""transport"": 0.33333333333333337}","{""energy"": 0.7655759951001155, ""water"": 0.3596447579588689, ""transport"": 0.3942146759735154}","{""energy"": 0.0989093284334488, ""water"": 0.3047114246255356, ""transport"": 0.06088134264018202}","{""energy"": 0.0, ""water"": 0.0, ""transport"": 0.0}","{""energy"": 0.0, ""water"": 0.0, ""transport"": 0.0}","{""energy"": 0.0, ""water"": 0.0, ""transport"": 0.0}",0.3,0.1,,0.38314666666666675,1.0,0.6168533333333333,1,"{""energy"": 0.6666666666666667, ""water"": 0.05493333333333334, ""transport"": 0.33333333333333337}","{""energy"": 1.0, ""water"": 1.0, ""transport"": 1.0}","{""energy"": 0.33333333333333326, ""water"": 0.9450666666666666, ""transport"": 0.6666666666666666}",9,0.5323882282197615,,,[],,v2.0,0.7,0.3
S4_water_partial,421,421,4548287138346450048,scenario=S4_water_partial|method=both|duration=0|theta=0.300000|delta_threshold=0.100000|A=v2.0|w=na|run_id=421|seed=4548287138346450048,False,"{""step_1_amount"": 0.20141172788410525}",033832c9a51598bd69064fc3910037f6fde292830c04f0066e6d9779dc60f4ca,0.38314666666666675,0.384010961770513,0.0008642951038462798,22,0.0,0.0,0.38314666666666675,0.384010961770513,0,0,0.0008642951038462798,"{""energy"": 0.6666666666666667, ""water"": 0.05493333333333334, ""transport"": 0.33333333333333337}","{""energy"": 0.6672394752556424, ""water"": 0.05669799318846481, ""transport"": 0.33368591237238865}","{""energy"": 0.0005728085889756818, ""water"": 0.0017646598551314674, ""transport"": 0.00035257903905527854}","{""energy"": 0.0, ""water"": 0.0, ""transport"": 0.0}","{""energy"": 0.0, ""water"": 0.0, ""transport"": 0.0}","{""energy"": 0.0, ""water"": 0.0, ""transport"": 0.0}",0.3,0.1,,0.38314666666666675,1.0,0.6168533333333333,1,"{""energy"": 0.6666666666666667, ""water"": 0.05493333333333334, ""transport"": 0.33333333333333337}","{""energy"": 1.0, ""water"": 1.0, ""transport"": 1.0}","{""energy"": 0.33333333333333326, ""water"": 0.9450666666666666, ""transport"": 0.6666666666666666}",12,0.384010961770513,,,[],,v2.0,0.7,0.3
S4_water_partial,422,422,8698766085997915277,scenario=S4_water_partial|method=both|duration=0|theta=0.300000|delta_threshold=0.100000|A=v2.0|w=na|run_id=422|seed=8698766085997915277,False,"{""step_1_amount"": 0.6854540645694984}",033832c9a51598bd69064fc3910037f6fde292830c04f0066e6d9779dc60f4ca,0.38314666666666675,0.680353781347728,0.2972071146810612,6,0.0,0.0,0.38314666666666675,0.680353781347728,0,1,0.2972071146810612,"{""energy"": 0.6666666666666667, ""water"": 0.05493333333333334, ""transport"": 0.33333333333333337}","{""energy"": 0.8636396533657408, ""water"": 0.6617509140452065, ""transport"": 0.4545754859595656}","{""energy"": 0.19697298669907404, ""water"": 0.6068175807118731, ""transport"": 0.12124215262623222}","{""energy"": 0.0, ""water"": 0.0, ""transport"": 0.0}","{""energy"": 0.0, ""water"": 0.0, ""transport"": 0.0}","{""energy"": 0.0, ""water"": 0.0, ""transport"": 0.0}",0.3,0.1,,0.38314666666666675,1.0,0.6168533333333333,1,"{""energy"": 0.6666666666666667, ""water"": 0.05493333333333334, ""transport"": 0.33333333333333337}","{""energy"": 1.0, ""water"": 1.0, ""transport"": 1.0}","{""energy"": 0.33333333333333326, ""water"": 0.9450666666666666, ""transport"": 0.6666666666666666}",6,0.680353781347728,,,[],,v2.0,0.7,0.3
S4_water_partial,423,423,2984002831485714649,scenario=S4_water_partial|method=both|duration=0|theta=0.300000|delta_threshold=0.100000|A=v2.0|w=na|run_id=423|seed=2984002831485714649,False,"{""step_1_amount"": 0.30684621690749764}",033832c9a51598bd69064fc3910037f6fde292830c04f0066e6d9779dc60f4ca,0.38314666666666675,0.44856059181285945,0.06541392514619271,19,0.0,0.0,0.38314666666666675,0.44856059181285945,0,0,0.06541392514619271,"{""energy"": 0.6666666666666667, ""water"": 0.05493333333333334, ""transport"": 0.33333333333333337}","{""energy"": 0.7100195191768839, ""water"": 0.1884911044677053, ""transport"": 0.3600181760059809}","{""energy"": 0.043352852510217144, ""water"": 0.13355777113437198, ""transport"": 0.026684842672647535}","{""energy"": 0.0, ""water"": 0.0, ""transport"": 0.0}","{""energy"": 0.0, ""water"": 0.0, ""transport"": 0.0}","{""energy"": 0.0, ""water"": 0.0, ""transport"": 0.0}",0.3,0.1,,0.38314666666666675,1.0,0.6168533333333333,1,"{""energy"": 0.6666666666666667, ""water"": 0.05493333333333334, ""transport"": 0.33333333333333337}","{""energy"": 1.0, ""water"": 1.0, ""transport"": 1.0}","{""energy"": 0.33333333333333326, ""water"": 0.9450666666666666, ""transport"": 0.6666666666666666}",11,0.44856059181285945,,,[],,v2.0,0.7,0.3
S4_water_partial,424,424,5020515733756172454,scenario=S4_water_partial|method=both|duration=0|theta=0.300000|delta_threshold=0.100000|A=v2.0|w=na|run_id=424|seed=5020515733756172454,False,"{""step_1_amount"": 0.7138979446842076}",033832c9a51598bd69064fc3910037f6fde292830c04f0066e6d9779dc60f4ca,0.38314666666666675,0.6977678358509558,0.31462116918428906,30,0.0,0.0,0.38314666666666675,0.6977678358509558,0,1,0.31462116918428906,"{""energy"": 0.6666666666666667, ""water"": 0.05493333333333334, ""transport"": 0.33333333333333337}","{""energy"": 0.875180757722284, ""water"": 0.697305764188593, ""transport"": 0.4616793450182143}","{""energy"": 0.20851409105561725, ""water"": 0.6423724308552596, ""transport"": 0.1283460116848809}","{""energy"": 0.0, ""water"": 0.0, ""transport"": 0.0}","{""energy"": 0.0, ""water"": 0.0, ""transport"": 0.0}","{""energy"": 0.0, ""water"": 0.0, ""transport"": 0.0}",0.3,0.1,,0.38314666666666675,1.0,0.6168533333333333,1,"{""energy"": 0.6666666666666667, ""water"": 0.05493333333333334, ""transport"": 0.33333333333333337}","{""energy"": 1.0, ""water"": 1.0, ""transport"": 1.0}","{""energy"": 0.33333333333333326, ""water"": 0.9450666666666666, ""transport"": 0.6666666666666666}",6,0.6977678358509558,,,[],,v2.0,0.7,0.3
S4_water_partial,425,425,15843267019484580065,scenario=S4_water_partial|method=both|duration=0|theta=0.300000|delta_threshold=0.100000|A=v2.0|w=na|run_id=425|seed=15843267019484580065,False,"{""step_1_amount"": 0.5318196512285019}",033832c9a51598bd69064fc3910037f6fde292830c04f0066e6d9779dc60f4ca,0.38314666666666675,0.5862949526400363,0.20314828597336954,11,0.0,0.0,0.38314666666666675,0.5862949526400363,0,1,0.20314828597336954,"{""energy"": 0.6666666666666667, ""water"": 0.05493333333333334, ""transport"": 0.33333333333333337}","{""energy"": 0.8013024901526313, ""water"": 0.46970789736896074, ""transport"": 0.4162052912276517}","{""energy"": 0.1346358234859646, ""water"": 0.4147745640356274, ""transport"": 0.08287195789431834}","{""energy"": 0.0, ""water"": 0.0, ""transport"": 0.0}","{""energy"": 0.0, ""water"": 0.0, ""transport"": 0.0}","{""energy"": 0.0, ""water"": 0.0, ""transport"": 0.0}",0.3,0.1,,0.38314666666666675,1.0,0.6168533333333333,1,"{""energy"": 0.6666666666666667, ""water"": 0.05493333333333334, ""transport"": 0.33333333333333337}","{""energy"": 1.0, ""water"": 1.0, ""transport"": 1.0}","{""energy"": 0.33333333333333326, ""water"": 0.9450666666666666, ""transport"": 0.6666666666666666}",8,0.5862949526400363,,,[],,v2.0,0.7,0.3
S4_water_partial,426,426,8375298192744646707,scenario=S4_water_partial|method=both|duration=0|theta=0.300000|delta_threshold=0.100000|A=v2.0|w=na|run_id=426|seed=8375298192744646707,False,"{""step_1_amount"": 0.49311665248531755}",033832c9a51598bd69064fc3910037f6fde292830c04f0066e6d9779dc60f4ca,0.38314666666666675,0.5626000092344903,0.17945334256782353,28,0.0,0.0,0.38314666666666675,0.5626000092344903,0,1,0.17945334256782353,"{""energy"": 0.6666666666666667, ""water"": 0.05493333333333334, ""transport"": 0.33333333333333337}","{""energy"": 0.7855987484125844, ""water"": 0.4213291489399803, ""transport"": 0.4065392172915414}","{""energy"": 0.11893208174591763, ""water"": 0.36639581560664697, ""transport"": 0.07320588395820804}","{""energy"": 0.0, ""water"": 0.0, ""transport"": 0.0}","{""energy"": 0.0, ""water"": 0.0, ""transport"": 0.0}","{""energy"": 0.0, ""water"": 0.0, ""transport"": 0.0}",0.3,0.1,,0.38314666666666675,1.0,0.6168533333333333,1,"{""energy"": 0.6666666666666667, ""water"": 0.05493333333333334, ""transport"": 0.33333333333333337}","{""energy"": 1.0, ""water"": 1.0, ""transport"": 1.0}","{""energy"": 0.33333333333333326, ""water"": 0.9450666666666666, ""transport"": 0.6666666666666666}",8,0.5626000092344903,,,[],,v2.0,0.7,0.3
S4_water_partial,427,427,6659422395599199151,scenario=S4_water_partial|method=both|duration=0|theta=0.300000|delta_threshold=0.100000|A=v2.0|w=na|run_id=427|seed=6659422395599199151,False,"{""step_1_amount"": 0.3337484930773337}",033832c9a51598bd69064fc3910037f6fde292830c04f0066e6d9779dc60f4ca,0.38314666666666675,0.4650308378409373,0.08188417117427055,28,0.0,0.0,0.38314666666666675,0.4650308378409373,0,0,0.08188417117427055,"{""energy"": 0.6666666666666667, ""water"": 0.05493333333333334, ""transport"": 0.33333333333333337}","{""energy"": 0.7209351177327948, ""water"": 0.22211894968000045, ""transport"": 0.36673701947939746}","{""energy"": 0.0542684510661281, ""water"": 0.16718561634666712, ""transport"": 0.03340368614606409}","{""energy"": 0.0, ""water"": 0.0, ""transport"": 0.0}","{""energy"": 0.0, ""water"": 0.0, ""transport"": 0.0}","{""energy"": 0.0, ""water"": 0.0, ""transport"": 0.0}",0.3,0.1,,0.38314666666666675,1.0,0.6168533333333333,1,"{""energy"": 0.6666666666666667, ""water"": 0.05493333333333334, ""transport"": 0.33333333333333337}","{""energy"": 1.0, ""water"": 1.0, ""transport"": 1.0}","{""energy"": 0.33333333333333326, ""water"": 0.9450666666666666, ""transport"": 0.6666666666666666}",11,0.4650308378409373,,,[],,v2.0,0.7,0.3
S4_water_partial,428,428,4692380829621224773,scenario=S4_water_partial|method=both|duration=0|theta=0.300000|delta_threshold=0.100000|A=v2.0|w=na|run_id=428|seed=4692380829621224773,False,"{""step_1_amount"": 0.37291194766758246}",033832c9a51598bd69064fc3910037f6fde292830c04f0066e6d9779dc60f4ca,0.38314666666666675,0.4890076838274524,0.10586101716078566,15,0.0,0.0,0.38314666666666675,0.4890076838274524,0,0,0.10586101716078566,"{""energy"": 0.6666666666666667, ""water"": 0.05493333333333334, ""transport"": 0.33333333333333337}","{""energy"": 0.7368256894327884, ""water"": 0.27107326791781144, ""transport"": 0.3765180922633121}","{""energy"": 0.07015902276612163, ""water"": 0.2161399345844781, ""transport"": 0.04318475892997875}","{""energy"": 0.0, ""water"": 0.0, ""transport"": 0.0}","{""energy"": 0.0, ""water"": 0.0, ""transport"": 0.0}","{""energy"": 0.0, ""water"": 0.0, ""transport"": 0.0}",0.3,0.1,,0.38314666666666675,1.0,0.6168533333333333,1,"{""energy"": 0.6666666666666667, ""water"": 0.05493333333333334, ""transport"": 0.33333333333333337}","{""energy"": 1.0, ""water"": 1.0, ""transport"": 1.0}","{""energy"": 0.33333333333333326, ""water"": 0.9450666666666666, ""transport"": 0.6666666666666666}",10,0.4890076838274524,,,[],,v2.0,0.7,0.3
S4_water_partial,429,429,8733048772901908286,scenario=S4_water_partial|method=both|duration=0|theta=0.300000|delta_threshold=0.100000|A=v2.0|w=na|run_id=429|seed=8733048772901908286,False,"{""step_1_amount"": 0.4598666147698055}",033832c9a51598bd69064fc3910037f6fde292830c04f0066e6d9779dc60f4ca,0.38314666666666675,0.5422435048941109,0.15909683822744414,18,0.0,0.0,0.38314666666666675,0.5422435048941109,0,1,0.15909683822744414,"{""energy"": 0.6666666666666667, ""water"": 0.05493333333333334, ""transport"": 0.33333333333333337}","{""energy"": 0.7721075456095153, ""water"": 0.37976660179559013, ""transport"": 0.3982350203720923}","{""energy"": 0.10544087894284859, ""water"": 0.3248332684622568, ""transport"": 0.06490168703875893}","{""energy"": 0.0, ""water"": 0.0, ""transport"": 0.0}","{""energy"": 0.0, ""water"": 0.0, ""transport"": 0.0}","{""energy"": 0.0, ""water"": 0.0, ""transport"": 0.0}",0.3,0.1,,0.38314666666666675,1.0,0.6168533333333333,1,"{""energy"": 0.6666666666666667, ""water"": 0.05493333333333334, ""transport"": 0.33333333333333337}","{""energy"": 1.0, ""water"": 1.0, ""transport"": 1.0}","{""energy"": 0.33333333333333326, ""water"": 0.9450666666666666, ""transport"": 0.6666666666666666}",9,0.5422435048941109,,,[],,v2.0,0.7,0.3
S4_water_partial,430,430,14498635803292216714,scenario=S4_water_partial|method=both|duration=0|theta=0.300000|delta_threshold=0.100000|A=v2.0|w=na|run_id=430|seed=14498635803292216714,False,"{""step_1_amount"": 0.7176066110002862}",033832c9a51598bd69064fc3910037f6fde292830c04f0066e6d9779dc60f4ca,0.38314666666666675,0.700038374086317,0.3168917074196502,28,0.0,0.0,0.38314666666666675,0.700038374086317,0,1,0.3168917074196502,"{""energy"": 0.6666666666666667, ""water"": 0.05493333333333334, ""transport"": 0.33333333333333337}","{""energy"": 0.8766855490800328, ""water"": 0.7019415970836911, ""transport"": 0.4626055844306548}","{""energy"": 0.21001888241336608, ""water"": 0.6470082637503577, ""transport"": 0.12927225109732143}","{""energy"": 0.0, ""water"": 0.0, ""transport"": 0.0}","{""energy"": 0.0, ""water"": 0.0, ""transport"": 0.0}","{""energy"": 0.0, ""water"": 0.0, ""transport"": 0.0}",0.3,0.1,,0.38314666666666675,1.0,0.6168533333333333,1,"{""energy"": 0.6666666666666667, ""water"": 0.05493333333333334, ""transport"": 0.33333333333333337}","{""energy"": 1.0, ""water"": 1.0, ""transport"": 1.0}","{""energy"": 0.33333333333333326, ""water"": 0.9450666666666666, ""transport"": 0.6666666666666666}",6,0.700038374086317,,,[],,v2.0,0.7,0.3
S4_water_partial,431,431,17651330708241601398,scenario=S4_water_partial|method=both|duration=0|theta=0.300000|delta_threshold=0.100000|A=v2.0|w=na|run_id=431|seed=17651330708241601398,False,"{""step_1_amount"": 0.31839127026281583}",033832c9a51598bd69064fc3910037f6fde292830c04f0066e6d9779dc60f4ca,0.38314666666666675,0.45562876210331915,0.0724820954366524,26,0.0,0.0,0.38314666666666675,0.45562876210331915,0,0,0.0724820954366524,"{""energy"": 0.6666666666666667, ""water"": 0.05493333333333334, ""transport"": 0.33333333333333337}","{""energy"": 0.7147039245758042, ""water"": 0.20292242116185316, ""transport"": 0.36290155308147165}","{""energy"": 0.04803725790913749, ""water"": 0.14798908782851983, ""transport"": 0.02956821974813828}","{""energy"": 0.0, ""water"": 0.0, ""transport"": 0.0}","{""energy"": 0.0, ""water"": 0.0, ""transport"": 0.0}","{""energy"": 0.0, ""water"": 0.0, ""transport"": 0.0}",0.3,0.1,,0.38314666666666675,1.0,0.6168533333333333,1,"{""energy"": 0.6666666666666667, ""water"": 0.05493333333333334, ""transport"": 0.33333333333333337}","{""energy"": 1.0, ""water"": 1.0, ""transport"": 1.0}","{""energy"": 0.33333333333333326, ""water"": 0.9450666666666666, ""transport"": 0.6666666666666666}",11,0.45562876210331915,,,[],,v2.0,0.7,0.3
S4_water_partial,432,432,15132897181434127291,scenario=S4_water_partial|method=both|duration=0|theta=0.300000|delta_threshold=0.100000|A=v2.0|w=na|run_id=432|seed=15132897181434127291,False,"{""step_1_amount"": 0.42772535354868724}",033832c9a51598bd69064fc3910037f6fde292830c04f0066e6d9779dc60f4ca,0.38314666666666675,0.5225658212430118,0.13941915457634502,11,0.0,0.0,0.38314666666666675,0.5225658212430118,0,0,0.13941915457634502,"{""energy"": 0.6666666666666667, ""water"": 0.05493333333333334, ""transport"": 0.33333333333333337}","{""energy"": 0.7590662288690466, ""water"": 0.3395900252691924, ""transport"": 0.39020774038211803}","{""energy"": 0.09239956220237988, ""water"": 0.2846566919358591, ""transport"": 0.05687440704878466}","{""energy"": 0.0, ""water"": 0.0, ""transport"": 0.0}","{""energy"": 0.0, ""water"": 0.0, ""transport"": 0.0}","{""energy"": 0.0, ""water"": 0.0, ""transport"": 0.0}",0.3,0.1,,0.38314666666666675,1.0,0.6168533333333333,1,"{""energy"": 0.6666666666666667, ""water"": 0.05493333333333334, ""transport"": 0.33333333333333337}","{""energy"": 1.0, ""water"": 1.0, ""transport"": 1.0}","{""energy"": 0.33333333333333326, ""water"": 0.9450666666666666, ""transport"": 0.6666666666666666}",9,0.5225658212430118,,,[],,v2.0,0.7,0.3
S4_water_partial,433,433,13694354791822301369,scenario=S4_water_partial|method=both|duration=0|theta=0.300000|delta_threshold=0.100000|A=v2.0|w=na|run_id=433|seed=13694354791822301369,False,"{""step_1_amount"": 0.9126295754193485}",033832c9a51598bd69064fc3910037f6fde292830c04f0066e6d9779dc60f4ca,0.38314666666666675,0.8194363084777774,0.43628964181111063,9,0.0,1.0,0.38314666666666675,0.8194363084777774,1,1,0.43628964181111063,"{""energy"": 0.6666666666666667, ""water"": 0.05493333333333334, ""transport"": 0.33333333333333337}","{""energy"": 0.9558161168930674, ""water"": 0.945720302607519, ""transport"": 0.5113125697943157}","{""energy"": 0.2891494502264007, ""water"": 0.8907869692741857, ""transport"": 0.17797923646098235}","{""energy"": 0.0, ""water"": 0.0, ""transport"": 0.0}","{""energy"": 1.0, ""water"": 1.0, ""transport"": 1.0}","{""energy"": 1.0, ""water"": 1.0, ""transport"": 1.0}",0.3,0.1,,0.38314666666666675,1.0,0.6168533333333333,1,"{""energy"": 0.6666666666666667, ""water"": 0.05493333333333334, ""transport"": 0.33333333333333337}","{""energy"": 1.0, ""water"": 1.0, ""transport"": 1.0}","{""energy"": 0.33333333333333326, ""water"": 0.9450666666666666, ""transport"": 0.6666666666666666}",3,0.8194363084777774,,,"[""energy"", ""transport""]",1,v2.0,0.7,0.3
S4_water_partial,434,434,7635729891766417556,scenario=S4_water_partial|method=both|duration=0|theta=0.300000|delta_threshold=0.100000|A=v2.0|w=na|run_id=434|seed=7635729891766417556,False,"{""step_1_amount"": 0.8132351095010293}",033832c9a51598bd69064fc3910037f6fde292830c04f0066e6d9779dc60f4ca,0.38314666666666675,0.7585845315809343,0.37543786491426756,5,0.0,1.0,0.38314666666666675,0.7585845315809343,1,1,0.37543786491426756,"{""energy"": 0.6666666666666667, ""water"": 0.05493333333333334, ""transport"": 0.33333333333333337}","{""energy"": 0.9154868123467094, ""water"": 0.8214772202096199, ""transport"": 0.4864888019312154}","{""energy"": 0.24882014568004263, ""water"": 0.7665438868762865, ""transport"": 0.15315546859788204}","{""energy"": 0.0, ""water"": 0.0, ""transport"": 0.0}","{""energy"": 1.0, ""water"": 1.0, ""transport"": 1.0}","{""energy"": 1.0, ""water"": 1.0, ""transport"": 1.0}",0.3,0.1,,0.38314666666666675,1.0,0.6168533333333333,1,"{""energy"": 0.6666666666666667, ""water"": 0.05493333333333334, ""transport"": 0.33333333333333337}","{""energy"": 1.0, ""water"": 1.0, ""transport"": 1.0}","{""energy"": 0.33333333333333326, ""water"": 0.9450666666666666, ""transport"": 0.6666666666666666}",4,0.7585845315809343,,,"[""energy"", ""transport""]",1,v2.0,0.7,0.3
S4_water_partial,435,435,7970392988065809921,scenario=S4_water_partial|method=both|duration=0|theta=0.300000|delta_threshold=0.100000|A=v2.0|w=na|run_id=435|seed=7970392988065809921,False,"{""step_1_amount"": 0.766572242338464}",033832c9a51598bd69064fc3910037f6fde292830c04f0066e6d9779dc60f4ca,0.38314666666666675,0.7300163577323329,0.3468696910656661,7,0.0,1.0,0.38314666666666675,0.7300163577323329,1,1,0.3468696910656661,"{""energy"": 0.6666666666666667, ""water"": 0.05493333333333334, ""transport"": 0.33333333333333337}","{""energy"": 0.8965533539954985, ""water"": 0.7631486362564134, ""transport"": 0.47483475085736476}","{""energy"": 0.22988668732883177, ""water"": 0.70821530292308, ""transport"": 0.1415014175240314}","{""energy"": 0.0, ""water"": 0.0, ""transport"": 0.0}","{""energy"": 1.0, ""water"": 1.0, ""transport"": 1.0}","{""energy"": 1.0, ""water"": 1.0, ""transport"": 1.0}",0.3,0.1,,0.38314666666666675,1.0,0.6168533333333333,1,"{""energy"": 0.6666666666666667, ""water"": 0.05493333333333334, ""transport"": 0.33333333333333337}","{""energy"": 1.0, ""water"": 1.0, ""transport"": 1.0}","{""energy"": 0.33333333333333326, ""water"": 0.9450666666666666, ""transport"": 0.6666666666666666}",5,0.7300163577323329,,,"[""energy"", ""transport""]",1,v2.0,0.7,0.3
S4_water_partial,436,436,15845971405657917536,scenario=S4_water_partial|method=both|duration=0|theta=0.300000|delta_threshold=0.100000|A=v2.0|w=na|run_id=436|seed=15845971405657917536,False,"{""step_1_amount"": 0.5228444926977043}",033832c9a51598bd69064fc3910037f6fde292830c04f0066e6d9779dc60f4ca,0.38314666666666675,0.5808001362085187,0.19765346954185192,28,0.0,0.0,0.38314666666666675,0.5808001362085187,0,1,0.19765346954185192,"{""energy"": 0.6666666666666667, ""water"": 0.05493333333333334, ""transport"": 0.33333333333333337}","{""energy"": 0.7976608195787602, ""water"": 0.4584889492054636, ""transport"": 0.413963745384585}","{""energy"": 0.1309941529120935, ""water"": 0.4035556158721303, ""transport"": 0.08063041205125165}","{""energy"": 0.0, ""water"": 0.0, ""transport"": 0.0}","{""energy"": 0.0, ""water"": 0.0, ""transport"": 0.0}","{""energy"": 0.0, ""water"": 0.0, ""transport"": 0.0}",0.3,0.1,,0.38314666666666675,1.0,0.6168533333333333,1,"{""energy"": 0.6666666666666667, ""water"": 0.05493333333333334, ""transport"": 0.33333333333333337}","{""energy"": 1.0, ""water"": 1.0, ""transport"": 1.0}","{""energy"": 0.33333333333333326, ""water"": 0.9450666666666666, ""transport"": 0.6666666666666666}",8,0.5808001362085187,,,[],,v2.0,0.7,0.3
S4_water_partial,437,437,3632063402133659853,scenario=S4_water_partial|method=both|duration=0|theta=0.300000|delta_threshold=0.100000|A=v2.0|w=na|run_id=437|seed=3632063402133659853,False,"{""step_1_amount"": 0.7535279546547127}",033832c9a51598bd69064fc3910037f6fde292830c04f0066e6d9779dc60f4ca,0.38314666666666675,0.7220303187051482,0.3388836520384815,8,0.0,0.0,0.38314666666666675,0.7220303187051482,0,1,0.3388836520384815,"{""energy"": 0.6666666666666667, ""water"": 0.05493333333333334, ""transport"": 0.33333333333333337}","{""energy"": 0.8912606342678164, ""water"": 0.7468432766517242, ""transport"": 0.4715769400083479}","{""energy"": 0.2245939676011497, ""water"": 0.6919099433183908, ""transport"": 0.1382436066750145}","{""energy"": 0.0, ""water"": 0.0, ""transport"": 0.0}","{""energy"": 0.0, ""water"": 0.0, ""transport"": 0.0}","{""energy"": 0.0, ""water"": 0.0, ""transport"": 0.0}",0.3,0.1,,0.38314666666666675,1.0,0.6168533333333333,1,"{""energy"": 0.6666666666666667, ""water"": 0.05493333333333334, ""transport"": 0.33333333333333337}","{""energy"": 1.0, ""water"": 1.0, ""transport"": 1.0}","{""energy"": 0.33333333333333326, ""water"": 0.9450666666666666, ""transport"": 0.6666666666666666}",5,0.7220303187051482,,,[],,v2.0,0.7,0.3
S4_water_partial,438,438,832557090653065580,scenario=S4_water_partial|method=both|duration=0|theta=0.300000|delta_threshold=0.100000|A=v2.0|w=na|run_id=438|seed=832557090653065580,False,"{""step_1_amount"": 0.6875954242785378}",033832c9a51598bd69064fc3910037f6fde292830c04f0066e6d9779dc60f4ca,0.38314666666666675,0.6816647752955945,0.2985181086289278,22,0.0,0.0,0.38314666666666675,0.6816647752955945,0,1,0.2985181086289278,"{""energy"": 0.6666666666666667, ""water"": 0.05493333333333334, ""transport"": 0.33333333333333337}","{""energy"": 0.8645085100676835, ""water"": 0.6644276136815057, ""transport"": 0.4551102905468982}","{""energy"": 0.19784184340101674, ""water"": 0.6094942803481723, ""transport"": 0.12177695721356485}","{""energy"": 0.0, ""water"": 0.0, ""transport"": 0.0}","{""energy"": 0.0, ""water"": 0.0, ""transport"": 0.0}","{""energy"": 0.0, ""water"": 0.0, ""transport"": 0.0}",0.3,0.1,,0.38314666666666675,1.0,0.6168533333333333,1,"{""energy"": 0.6666666666666667, ""water"": 0.05493333333333334, ""transport"": 0.33333333333333337}","{""energy"": 1.0, ""water"": 1.0, ""transport"": 1.0}","{""energy"": 0.33333333333333326, ""water"": 0.9450666666666666, ""transport"": 0.6666666666666666}",6,0.6816647752955945,,,[],,v2.0,0.7,0.3
S4_water_partial,439,439,3788557952332470812,scenario=S4_water_partial|method=both|duration=0|theta=0.300000|delta_threshold=0.100000|A=v2.0|w=na|run_id=439|seed=3788557952332470812,False,"{""step_1_amount"": 0.449781129718008}",033832c9a51598bd69064fc3910037f6fde292830c04f0066e6d9779dc60f4ca,0.38314666666666675,0.5360689188082742,0.15292225214160748,25,0.0,0.0,0.38314666666666675,0.5360689188082742,0,1,0.15292225214160748,"{""energy"": 0.6666666666666667, ""water"": 0.05493333333333334, ""transport"": 0.33333333333333337}","{""energy"": 0.7680153600497485, ""water"": 0.3671597454808434, ""transport"": 0.39571617048040586}","{""energy"": 0.10134869338308172, ""water"": 0.31222641214751007, ""transport"": 0.06238283714707249}","{""energy"": 0.0, ""water"": 0.0, ""transport"": 0.0}","{""energy"": 0.0, ""water"": 0.0, ""transport"": 0.0}","{""energy"": 0.0, ""water"": 0.0, ""transport"": 0.0}",0.3,0.1,,0.38314666666666675,1.0,0.6168533333333333,1,"{""energy"": 0.6666666666666667, ""water"": 0.05493333333333334, ""transport"": 0.33333333333333337}","{""energy"": 1.0, ""water"": 1.0, ""transport"": 1.0}","{""energy"": 0.33333333333333326, ""water"": 0.9450666666666666, ""transport"": 0.6666666666666666}",9,0.5360689188082742,,,[],,v2.0,0.7,0.3
S4_water_partial,440,440,10371979740185287017,scenario=S4_water_partial|method=both|duration=0|theta=0.300000|delta_threshold=0.100000|A=v2.0|w=na|run_id=440|seed=10371979740185287017,False,"{""step_1_amount"": 0.4226700362280807}",033832c9a51598bd69064fc3910037f6fde292830c04f0066e6d9779dc60f4ca,0.38314666666666675,0.5194708295964034,0.1363241629297367,28,0.0,0.0,0.38314666666666675,0.5194708295964034,0,0,0.1363241629297367,"{""energy"": 0.6666666666666667, ""water"": 0.05493333333333334, ""transport"": 0.33333333333333337}","{""energy"": 0.7570150338662105, ""water"": 0.3332708786184342, ""transport"": 0.38894517488129654}","{""energy"": 0.09034836719954376, ""water"": 0.27833754528510085, ""transport"": 0.05561184154796317}","{""energy"": 0.0, ""water"": 0.0, ""transport"": 0.0}","{""energy"": 0.0, ""water"": 0.0, ""transport"": 0.0}","{""energy"": 0.0, ""water"": 0.0, ""transport"": 0.0}",0.3,0.1,,0.38314666666666675,1.0,0.6168533333333333,1,"{""energy"": 0.6666666666666667, ""water"": 0.05493333333333334, ""transport"": 0.33333333333333337}","{""energy"": 1.0, ""water"": 1.0, ""transport"": 1.0}","{""energy"": 0.33333333333333326, ""water"": 0.9450666666666666, ""transport"": 0.6666666666666666}",9,0.5194708295964034,,,[],,v2.0,0.7,0.3
S4_water_partial,441,441,531541196721211397,scenario=S4_water_partial|method=both|duration=0|theta=0.300000|delta_threshold=0.100000|A=v2.0|w=na|run_id=441|seed=531541196721211397,False,"{""step_1_amount"": 0.3794193938996788}",033832c9a51598bd69064fc3910037f6fde292830c04f0066e6d9779dc60f4ca,0.38314666666666675,0.4929917050968976,0.10984503843023086,26,0.0,0.0,0.38314666666666675,0.4929917050968976,0,0,0.10984503843023086,"{""energy"": 0.6666666666666667, ""water"": 0.05493333333333334, ""transport"": 0.33333333333333337}","{""energy"": 0.7394660857414614, ""water"": 0.2792075757079319, ""transport"": 0.37814332695977815}","{""energy"": 0.0727994190747947, ""water"": 0.2242742423745986, ""transport"": 0.04480999362644478}","{""energy"": 0.0, ""water"": 0.0, ""transport"": 0.0}","{""energy"": 0.0, ""water"": 0.0, ""transport"": 0.0}","{""energy"": 0.0, ""water"": 0.0, ""transport"": 0.0}",0.3,0.1,,0.38314666666666675,1.0,0.6168533333333333,1,"{""energy"": 0.6666666666666667, ""water"": 0.05493333333333334, ""transport"": 0.33333333333333337}","{""energy"": 1.0, ""water"": 1.0, ""transport"": 1.0}","{""energy"": 0.33333333333333326, ""water"": 0.9450666666666666, ""transport"": 0.6666666666666666}",10,0.4929917050968976,,,[],,v2.0,0.7,0.3
S4_water_partial,442,442,2851643654881892313,scenario=S4_water_partial|method=both|duration=0|theta=0.300000|delta_threshold=0.100000|A=v2.0|w=na|run_id=442|seed=2851643654881892313,False,"{""step_1_amount"": 0.4277173201076656}",033832c9a51598bd69064fc3910037f6fde292830c04f0066e6d9779dc60f4ca,0.38314666666666675,0.5225609029695824,0.1394142363029156,26,0.0,0.0,0.38314666666666675,0.5225609029695824,0,0,0.1394142363029156,"{""energy"": 0.6666666666666667, ""water"": 0.05493333333333334, ""transport"": 0.33333333333333337}","{""energy"": 0.7590629693003521, ""water"": 0.33957998346791535, ""transport"": 0.39020573403022285}","{""energy"": 0.09239630263368537, ""water"": 0.284646650134582, ""transport"": 0.05687240069688948}","{""energy"": 0.0, ""water"": 0.0, ""transport"": 0.0}","{""energy"": 0.0, ""water"": 0.0, ""transport"": 0.0}","{""energy"": 0.0, ""water"": 0.0, ""transport"": 0.0}",0.3,0.1,,0.38314666666666675,1.0,0.6168533333333333,1,"{""energy"": 0.6666666666666667, ""water"": 0.05493333333333334, ""transport"": 0.33333333333333337}","{""energy"": 1.0, ""water"": 1.0, ""transport"": 1.0}","{""energy"": 0.33333333333333326, ""water"": 0.9450666666666666, ""transport"": 0.6666666666666666}",9,0.5225609029695824,,,[],,v2.0,0.7,0.3
S4_water_partial,443,443,15104941794917444846,scenario=S4_water_partial|method=both|duration=0|theta=0.300000|delta_threshold=0.100000|A=v2.0|w=na|run_id=443|seed=15104941794917444846,False,"{""step_1_amount"": 0.8733409773014044}",033832c9a51598bd69064fc3910037f6fde292830c04f0066e6d9779dc60f4ca,0.38314666666666675,0.795382846495019,0.41223617982835226,13,0.0,1.0,0.38314666666666675,0.795382846495019,1,1,0.41223617982835226,"{""energy"": 0.6666666666666667, ""water"": 0.05493333333333334, ""transport"": 0.33333333333333337}","{""energy"": 0.9398747682067115, ""water"": 0.8966095549600888, ""transport"": 0.5015002424143591}","{""energy"": 0.2732081015400447, ""water"": 0.8416762216267554, ""transport"": 0.16816690908102572}","{""energy"": 0.0, ""water"": 0.0, ""transport"": 0.0}","{""energy"": 1.0, ""water"": 1.0, ""transport"": 1.0}","{""energy"": 1.0, ""water"": 1.0, ""transport"": 1.0}",0.3,0.1,,0.38314666666666675,1.0,0.6168533333333333,1,"{""energy"": 0.6666666666666667, ""water"": 0.05493333333333334, ""transport"": 0.33333333333333337}","{""energy"": 1.0, ""water"": 1.0, ""transport"": 1.0}","{""energy"": 0.33333333333333326, ""water"": 0.9450666666666666, ""transport"": 0.6666666666666666}",4,0.795382846495019,,,"[""energy"", ""transport""]",1,v2.0,0.7,0.3
S4_water_partial,444,444,9375259197427619471,scenario=S4_water_partial|method=both|duration=0|theta=0.300000|delta_threshold=0.100000|A=v2.0|w=na|run_id=444|seed=9375259197427619471,False,"{""step_1_amount"": 0.7668819037684373}",033832c9a51598bd69064fc3910037f6fde292830c04f0066e6d9779dc60f4ca,0.38314666666666675,0.7302059402012983,0.3470592735346315,7,0.0,1.0,0.38314666666666675,0.7302059402012983,1,1,0.3470592735346315,"{""energy"": 0.6666666666666667, ""water"": 0.05493333333333334, ""transport"": 0.33333333333333337}","{""energy"": 0.8966789991207103, ""water"": 0.7635357130438801, ""transport"": 0.47491208879950064}","{""energy"": 0.2300123324540435, ""water"": 0.7086023797105467, ""transport"": 0.14157875546616727}","{""energy"": 0.0, ""water"": 0.0, ""transport"": 0.0}","{""energy"": 1.0, ""water"": 1.0, ""transport"": 1.0}","{""energy"": 1.0, ""water"": 1.0, ""transport"": 1.0}",0.3,0.1,,0.38314666666666675,1.0,0.6168533333333333,1,"{""energy"": 0.6666666666666667, ""water"": 0.05493333333333334, ""transport"": 0.33333333333333337}","{""energy"": 1.0, ""water"": 1.0, ""transport"": 1.0}","{""energy"": 0.33333333333333326, ""water"": 0.9450666666666666, ""transport"": 0.6666666666666666}",5,0.7302059402012983,,,"[""energy"", ""transport""]",1,v2.0,0.7,0.3
S4_water_partial,445,445,4344036447798051703,scenario=S4_water_partial|method=both|duration=0|theta=0.300000|delta_threshold=0.100000|A=v2.0|w=na|run_id=445|seed=4344036447798051703,False,"{""step_1_amount"": 0.15472069899490498}",033832c9a51598bd69064fc3910037f6fde292830c04f0066e6d9779dc60f4ca,0.38314666666666675,0.38314666666666675,0.0,18,0.0,0.0,0.38314666666666675,0.38314666666666675,0,0,0.0,"{""energy"": 0.6666666666666667, ""water"": 0.05493333333333334, ""transport"": 0.33333333333333337}","{""energy"": 0.6666666666666667, ""water"": 0.05493333333333334, ""transport"": 0.33333333333333337}","{""energy"": 0.0, ""water"": 0.0, ""transport"": 0.0}","{""energy"": 0.0, ""water"": 0.0, ""transport"": 0.0}","{""energy"": 0.0, ""water"": 0.0, ""transport"": 0.0}","{""energy"": 0.0, ""water"": 0.0, ""transport"": 0.0}",0.3,0.1,,0.38314666666666675,1.0,0.6168533333333333,1,"{""energy"": 0.6666666666666667, ""water"": 0.05493333333333334, ""transport"": 0.33333333333333337}","{""energy"": 1.0, ""water"": 1.0, ""transport"": 1.0}","{""energy"": 0.33333333333333326, ""water"": 0.9450666666666666, ""transport"": 0.6666666666666666}",13,0.38314666666666675,,,[],,v2.0,0.7,0.3
S4_water_partial,446,446,9379423561992053237,scenario=S4_water_partial|method=both|duration=0|theta=0.300000|delta_threshold=0.100000|A=v2.0|w=na|run_id=446|seed=9379423561992053237,False,"{""step_1_amount"": 0.7674404875386344}",033832c9a51598bd69064fc3910037f6fde292830c04f0066e6d9779dc60f4ca,0.38314666666666675,0.7305479191500072,0.3474012524833404,29,0.0,1.0,0.38314666666666675,0.7305479191500072,1,1,0.3474012524833404,"{""energy"": 0.6666666666666667, ""water"": 0.05493333333333334, ""transport"": 0.33333333333333337}","{""energy"": 0.8969056444854676, ""water"": 0.7642339427566263, ""transport"": 0.4750515950961073}","{""energy"": 0.23023897781880087, ""water"": 0.7093006094232929, ""transport"": 0.1417182617627739}","{""energy"": 0.0, ""water"": 0.0, ""transport"": 0.0}","{""energy"": 1.0, ""water"": 1.0, ""transport"": 1.0}","{""energy"": 1.0, ""water"": 1.0, ""transport"": 1.0}",0.3,0.1,,0.38314666666666675,1.0,0.6168533333333333,1,"{""energy"": 0.6666666666666667, ""water"": 0.05493333333333334, ""transport"": 0.33333333333333337}","{""energy"": 1.0, ""water"": 1.0, ""transport"": 1.0}","{""energy"": 0.33333333333333326, ""water"": 0.9450666666666666, ""transport"": 0.6666666666666666}",5,0.7305479191500072,,,"[""energy"", ""transport""]",1,v2.0,0.7,0.3
S4_water_partial,447,447,5778192932081110767,scenario=S4_water_partial|method=both|duration=0|theta=0.300000|delta_threshold=0.100000|A=v2.0|w=na|run_id=447|seed=5778192932081110767,False,"{""step_1_amount"": 0.49158832991242074}",033832c9a51598bd69064fc3910037f6fde292830c04f0066e6d9779dc60f4ca,0.38314666666666675,0.5616643319472985,0.17851766528063173,22,0.0,0.0,0.38314666666666675,0.5616643319472985,0,1,0.17851766528063173,"{""energy"": 0.6666666666666667, ""water"": 0.05493333333333334, ""transport"": 0.33333333333333337}","{""energy"": 0.7849786315286315, ""water"": 0.4194187457238593, ""transport"": 0.40615751872896044}","{""energy"": 0.11831196486196471, ""water"": 0.36448541239052595, ""transport"": 0.07282418539562707}","{""energy"": 0.0, ""water"": 0.0, ""transport"": 0.0}","{""energy"": 0.0, ""water"": 0.0, ""transport"": 0.0}","{""energy"": 0.0, ""water"": 0.0, ""transport"": 0.0}",0.3,0.1,,0.38314666666666675,1.0,0.6168533333333333,1,"{""energy"": 0.6666666666666667, ""water"": 0.05493333333333334, ""transport"": 0.33333333333333337}","{""energy"": 1.0, ""water"": 1.0, ""transport"": 1.0}","{""energy"": 0.33333333333333326, ""water"": 0.9450666666666666, ""transport"": 0.6666666666666666}",8,0.5616643319472985,,,[],,v2.0,0.7,0.3
S4_water_partial,448,448,6352307397692006636,scenario=S4_water_partial|method=both|duration=0|theta=0.300000|delta_threshold=0.100000|A=v2.0|w=na|run_id=448|seed=6352307397692006636,False,"{""step_1_amount"": 0.7743342132829152}",033832c9a51598bd69064fc3910037f6fde292830c04f0066e6d9779dc60f4ca,0.38314666666666675,0.7347684303937995,0.3516217637271327,28,0.0,1.0,0.38314666666666675,0.7347684303937995,1,1,0.3516217637271327,"{""energy"": 0.6666666666666667, ""water"": 0.05493333333333334, ""transport"": 0.33333333333333337}","{""energy"": 0.8997027737062095, ""water"": 0.7728510999369773, ""transport"": 0.4767733031007414}","{""energy"": 0.2330361070395428, ""water"": 0.7179177666036439, ""transport"": 0.14343996976740803}","{""energy"": 0.0, ""water"": 0.0, ""transport"": 0.0}","{""energy"": 1.0, ""water"": 1.0, ""transport"": 1.0}","{""energy"": 1.0, ""water"": 1.0, ""transport"": 1.0}",0.3,0.1,,0.38314666666666675,1.0,0.6168533333333333,1,"{""energy"": 0.6666666666666667, ""water"": 0.05493333333333334, ""transport"": 0.33333333333333337}","{""energy"": 1.0, ""water"": 1.0, ""transport"": 1.0}","{""energy"": 0.33333333333333326, ""water"": 0.9450666666666666, ""transport"": 0.6666666666666666}",5,0.7347684303937995,,,"[""energy"", ""transport""]",1,v2.0,0.7,0.3
S4_water_partial,449,449,6030199222689767374,scenario=S4_water_partial|method=both|duration=0|theta=0.300000|delta_threshold=0.100000|A=v2.0|w=na|run_id=449|seed=6030199222689767374,False,"{""step_1_amount"": 1.0331713337972313}",033832c9a51598bd69064fc3910037f6fde292830c04f0066e6d9779dc60f4ca,0.38314666666666675,0.8564466666666667,0.47329999999999994,13,0.0,1.0,0.38314666666666675,0.8564466666666667,1,1,0.47329999999999994,"{""energy"": 0.6666666666666667, ""water"": 0.05493333333333334, ""transport"": 0.33333333333333337}","{""energy"": 0.9912666666666667, ""water"": 1.0, ""transport"": 0.5331333333333333}","{""energy"": 0.3246, ""water"": 0.9450666666666666, ""transport"": 0.19979999999999998}","{""energy"": 0.0, ""water"": 0.0, ""transport"": 0.0}","{""energy"": 1.0, ""water"": 1.0, ""transport"": 1.0}","{""energy"": 1.0, ""water"": 1.0, ""transport"": 1.0}",0.3,0.1,,0.38314666666666675,1.0,0.6168533333333333,1,"{""energy"": 0.6666666666666667, ""water"": 0.05493333333333334, ""transport"": 0.33333333333333337}","{""energy"": 1.0, ""water"": 1.0, ""transport"": 1.0}","{""energy"": 0.33333333333333326, ""water"": 0.9450666666666666, ""transport"": 0.6666666666666666}",3,0.8564466666666667,,,"[""energy"", ""transport""]",1,v2.0,0.7,0.3
S4_water_partial,450,450,6168452616523203100,scenario=S4_water_partial|method=both|duration=0|theta=0.300000|delta_threshold=0.100000|A=v2.0|w=na|run_id=450|seed=6168452616523203100,False,"{""step_1_amount"": 0.6733176591787551}",033832c9a51598bd69064fc3910037f6fde292830c04f0066e6d9779dc60f4ca,0.38314666666666675,0.6729235705573801,0.2897769038907133,14,0.0,0.0,0.38314666666666675,0.6729235705573801,0,1,0.2897769038907133,"{""energy"": 0.6666666666666667, ""water"": 0.05493333333333334, ""transport"": 0.33333333333333337}","{""energy"": 0.8587153068784465, ""water"": 0.6465804073067772, ""transport"": 0.4515444187132275}","{""energy"": 0.1920486402117798, ""water"": 0.5916470739734438, ""transport"": 0.11821108537989411}","{""energy"": 0.0, ""water"": 0.0, ""transport"": 0.0}","{""energy"": 0.0, ""water"": 0.0, ""transport"": 0.0}","{""energy"": 0.0, ""water"": 0.0, ""transport"": 0.0}",0.3,0.1,,0.38314666666666675,1.0,0.6168533333333333,1,"{""energy"": 0.6666666666666667, ""water"": 0.05493333333333334, ""transport"": 0.33333333333333337}","{""energy"": 1.0, ""water"": 1.0, ""transport"": 1.0}","{""energy"": 0.33333333333333326, ""water"": 0.9450666666666666, ""transport"": 0.6666666666666666}",6,0.6729235705573801,,,[],,v2.0,0.7,0.3
S4_water_partial,451,451,1172983460488642831,scenario=S4_water_partial|method=both|duration=0|theta=0.300000|delta_threshold=0.100000|A=v2.0|w=na|run_id=451|seed=1172983460488642831,False,"{""step_1_amount"": 0.6622705894396765}",033832c9a51598bd69064fc3910037f6fde292830c04f0066e6d9779dc60f4ca,0.38314666666666675,0.6661602782863727,0.28301361161970595,23,0.0,0.0,0.38314666666666675,0.6661602782863727,0,1,0.28301361161970595,"{""energy"": 0.6666666666666667, ""water"": 0.05493333333333334, ""transport"": 0.33333333333333337}","{""energy"": 0.8542329583318156, ""water"": 0.6327715701329291, ""transport"": 0.4487854130458926}","{""energy"": 0.18756629166514882, ""water"": 0.5778382367995957, ""transport"": 0.11545207971255922}","{""energy"": 0.0, ""water"": 0.0, ""transport"": 0.0}","{""energy"": 0.0, ""water"": 0.0, ""transport"": 0.0}","{""energy"": 0.0, ""water"": 0.0, ""transport"": 0.0}",0.3,0.1,,0.38314666666666675,1.0,0.6168533333333333,1,"{""energy"": 0.6666666666666667, ""water"": 0.05493333333333334, ""transport"": 0.33333333333333337}","{""energy"": 1.0, ""water"": 1.0, ""transport"": 1.0}","{""energy"": 0.33333333333333326, ""water"": 0.9450666666666666, ""transport"": 0.6666666666666666}",6,0.6661602782863727,,,[],,v2.0,0.7,0.3
S4_water_partial,452,452,11843963828318901317,scenario=S4_water_partial|method=both|duration=0|theta=0.300000|delta_threshold=0.100000|A=v2.0|w=na|run_id=452|seed=11843963828318901317,False,"{""step_1_amount"": 0.5478688994192444}",033832c9a51598bd69064fc3910037f6fde292830c04f0066e6d9779dc60f4ca,0.38314666666666675,0.5961207036136137,0.21297403694694694,22,0.0,0.0,0.38314666666666675,0.5961207036136137,0,1,0.21297403694694694,"{""energy"": 0.6666666666666667, ""water"": 0.05493333333333334, ""transport"": 0.33333333333333337}","{""energy"": 0.8078144726060252, ""water"": 0.48976945760738894, ""transport"": 0.4202135909632897}","{""energy"": 0.1411478059393585, ""water"": 0.4348361242740556, ""transport"": 0.08688025762995633}","{""energy"": 0.0, ""water"": 0.0, ""transport"": 0.0}","{""energy"": 0.0, ""water"": 0.0, ""transport"": 0.0}","{""energy"": 0.0, ""water"": 0.0, ""transport"": 0.0}",0.3,0.1,,0.38314666666666675,1.0,0.6168533333333333,1,"{""energy"": 0.6666666666666667, ""water"": 0.05493333333333334, ""transport"": 0.33333333333333337}","{""energy"": 1.0, ""water"": 1.0, ""transport"": 1.0}","{""energy"": 0.33333333333333326, ""water"": 0.9450666666666666, ""transport"": 0.6666666666666666}",8,0.5961207036136137,,,[],,v2.0,0.7,0.3
S4_water_partial,453,453,3955900357094935312,scenario=S4_water_partial|method=both|duration=0|theta=0.300000|delta_threshold=0.100000|A=v2.0|w=na|run_id=453|seed=3955900357094935312,False,"{""step_1_amount"": 0.34948690423518686}",033832c9a51598bd69064fc3910037f6fde292830c04f0066e6d9779dc60f4ca,0.38314666666666675,0.4746662866120539,0.09151961994538715,15,0.0,0.0,0.38314666666666675,0.4746662866120539,0,0,0.09151961994538715,"{""energy"": 0.6666666666666667, ""water"": 0.05493333333333334, ""transport"": 0.33333333333333337}","{""energy"": 0.7273209780600938, ""water"": 0.2417919636273168, ""transport"": 0.3706676876660713}","{""energy"": 0.06065431139342703, ""water"": 0.18685863029398347, ""transport"": 0.03733435433273791}","{""energy"": 0.0, ""water"": 0.0, ""transport"": 0.0}","{""energy"": 0.0, ""water"": 0.0, ""transport"": 0.0}","{""energy"": 0.0, ""water"": 0.0, ""transport"": 0.0}",0.3,0.1,,0.38314666666666675,1.0,0.6168533333333333,1,"{""energy"": 0.6666666666666667, ""water"": 0.05493333333333334, ""transport"": 0.33333333333333337}","{""energy"": 1.0, ""water"": 1.0, ""transport"": 1.0}","{""energy"": 0.33333333333333326, ""water"": 0.9450666666666666, ""transport"": 0.6666666666666666}",10,0.4746662866120539,,,[],,v2.0,0.7,0.3
S4_water_partial,454,454,16536492835072714050,scenario=S4_water_partial|method=both|duration=0|theta=0.300000|delta_threshold=0.100000|A=v2.0|w=na|run_id=454|seed=16536492835072714050,False,"{""step_1_amount"": 0.9365741899534662}",033832c9a51598bd69064fc3910037f6fde292830c04f0066e6d9779dc60f4ca,0.38314666666666675,0.8340958001109275,0.4509491334442608,22,0.0,1.0,0.38314666666666675,0.8340958001109275,1,1,0.4509491334442608,"{""energy"": 0.6666666666666667, ""water"": 0.05493333333333334, ""transport"": 0.33333333333333337}","{""energy"": 0.9655316442402857, ""water"": 0.9756510707751661, ""transport"": 0.5172927372742115}","{""energy"": 0.29886497757361896, ""water"": 0.9207177374418327, ""transport"": 0.18395940394087817}","{""energy"": 0.0, ""water"": 0.0, ""transport"": 0.0}","{""energy"": 1.0, ""water"": 1.0, ""transport"": 1.0}","{""energy"": 1.0, ""water"": 1.0, ""transport"": 1.0}",0.3,0.1,,0.38314666666666675,1.0,0.6168533333333333,1,"{""energy"": 0.6666666666666667, ""water"": 0.05493333333333334, ""transport"": 0.33333333333333337}","{""energy"": 1.0, ""water"": 1.0, ""transport"": 1.0}","{""energy"": 0.33333333333333326, ""water"": 0.9450666666666666, ""transport"": 0.6666666666666666}",3,0.8340958001109275,,,"[""energy"", ""transport""]",1,v2.0,0.7,0.3
S4_water_partial,455,455,17509450742381067217,scenario=S4_water_partial|method=both|duration=0|theta=0.300000|delta_threshold=0.100000|A=v2.0|w=na|run_id=455|seed=17509450742381067217,False,"{""step_1_amount"": 0.6263535037120137}",033832c9a51598bd69064fc3910037f6fde292830c04f0066e6d9779dc60f4ca,0.38314666666666675,0.6441709404767543,0.2610242738100875,29,0.0,0.0,0.38314666666666675,0.6441709404767543,0,1,0.2610242738100875,"{""energy"": 0.6666666666666667, ""water"": 0.05493333333333334, ""transport"": 0.33333333333333337}","{""energy"": 0.8396596007978163, ""water"": 0.5878752129733504, ""transport"": 0.43981512088540875}","{""energy"": 0.17299293413114958, ""water"": 0.532941879640017, ""transport"": 0.10648178755207538}","{""energy"": 0.0, ""water"": 0.0, ""transport"": 0.0}","{""energy"": 0.0, ""water"": 0.0, ""transport"": 0.0}","{""energy"": 0.0, ""water"": 0.0, ""transport"": 0.0}",0.3,0.1,,0.38314666666666675,1.0,0.6168533333333333,1,"{""energy"": 0.6666666666666667, ""water"": 0.05493333333333334, ""transport"": 0.33333333333333337}","{""energy"": 1.0, ""water"": 1.0, ""transport"": 1.0}","{""energy"": 0.33333333333333326, ""water"": 0.9450666666666666, ""transport"": 0.6666666666666666}",7,0.6441709404767543,,,[],,v2.0,0.7,0.3
S4_water_partial,456,456,16378841120027566334,scenario=S4_water_partial|method=both|duration=0|theta=0.300000|delta_threshold=0.100000|A=v2.0|w=na|run_id=456|seed=16378841120027566334,False,"{""step_1_amount"": 0.565697036272343}",033832c9a51598bd69064fc3910037f6fde292830c04f0066e6d9779dc60f4ca,0.38314666666666675,0.6070355346985019,0.22388886803183516,9,0.0,0.0,0.38314666666666675,0.6070355346985019,0,1,0.22388886803183516,"{""energy"": 0.6666666666666667, ""water"": 0.05493333333333334, ""transport"": 0.33333333333333337}","{""energy"": 0.8150482391341699, ""water"": 0.5120546286737621, ""transport"": 0.42466616814235103}","{""energy"": 0.14838157246750316, ""water"": 0.4571212953404287, ""transport"": 0.09133283480901766}","{""energy"": 0.0, ""water"": 0.0, ""transport"": 0.0}","{""energy"": 0.0, ""water"": 0.0, ""transport"": 0.0}","{""energy"": 0.0, ""water"": 0.0, ""transport"": 0.0}",0.3,0.1,,0.38314666666666675,1.0,0.6168533333333333,1,"{""energy"": 0.6666666666666667, ""water"": 0.05493333333333334, ""transport"": 0.33333333333333337}","{""energy"": 1.0, ""water"": 1.0, ""transport"": 1.0}","{""energy"": 0.33333333333333326, ""water"": 0.9450666666666666, ""transport"": 0.6666666666666666}",8,0.6070355346985019,,,[],,v2.0,0.7,0.3
S4_water_partial,457,457,7520086679984253987,scenario=S4_water_partial|method=both|duration=0|theta=0.300000|delta_threshold=0.100000|A=v2.0|w=na|run_id=457|seed=7520086679984253987,False,"{""step_1_amount"": 0.5360390487002316}",033832c9a51598bd69064fc3910037f6fde292830c04f0066e6d9779dc60f4ca,0.38314666666666675,0.588878173257166,0.2057315065904992,22,0.0,0.0,0.38314666666666675,0.588878173257166,0,1,0.2057315065904992,"{""energy"": 0.6666666666666667, ""water"": 0.05493333333333334, ""transport"": 0.33333333333333337}","{""energy"": 0.8030145106767856, ""water"": 0.4749821442086228, ""transport"": 0.4172590857462162}","{""energy"": 0.1363478440101189, ""water"": 0.42004881087528945, ""transport"": 0.0839257524128828}","{""energy"": 0.0, ""water"": 0.0, ""transport"": 0.0}","{""energy"": 0.0, ""water"": 0.0, ""transport"": 0.0}","{""energy"": 0.0, ""water"": 0.0, ""transport"": 0.0}",0.3,0.1,,0.38314666666666675,1.0,0.6168533333333333,1,"{""energy"": 0.6666666666666667, ""water"": 0.05493333333333334, ""transport"": 0.33333333333333337}","{""energy"": 1.0, ""water"": 1.0, ""transport"": 1.0}","{""energy"": 0.33333333333333326, ""water"": 0.9450666666666666, ""transport"": 0.6666666666666666}",8,0.588878173257166,,,[],,v2.0,0.7,0.3
S4_water_partial,458,458,16802222309417879732,scenario=S4_water_partial|method=both|duration=0|theta=0.300000|delta_threshold=0.100000|A=v2.0|w=na|run_id=458|seed=16802222309417879732,False,"{""step_1_amount"": 0.13812588381232604}",033832c9a51598bd69064fc3910037f6fde292830c04f0066e6d9779dc60f4ca,0.38314666666666675,0.38314666666666675,0.0,19,0.0,0.0,0.38314666666666675,0.38314666666666675,0,0,0.0,"{""energy"": 0.6666666666666667, ""water"": 0.05493333333333334, ""transport"": 0.33333333333333337}","{""energy"": 0.6666666666666667, ""water"": 0.05493333333333334, ""transport"": 0.33333333333333337}","{""energy"": 0.0, ""water"": 0.0, ""transport"": 0.0}","{""energy"": 0.0, ""water"": 0.0, ""transport"": 0.0}","{""energy"": 0.0, ""water"": 0.0, ""transport"": 0.0}","{""energy"": 0.0, ""water"": 0.0, ""transport"": 0.0}",0.3,0.1,,0.38314666666666675,1.0,0.6168533333333333,1,"{""energy"": 0.6666666666666667, ""water"": 0.05493333333333334, ""transport"": 0.33333333333333337}","{""energy"": 1.0, ""water"": 1.0, ""transport"": 1.0}","{""energy"": 0.33333333333333326, ""water"": 0.9450666666666666, ""transport"": 0.6666666666666666}",13,0.38314666666666675,,,[],,v2.0,0.7,0.3
S4_water_partial,459,459,18372887559996627401,scenario=S4_water_partial|method=both|duration=0|theta=0.300000|delta_threshold=0.100000|A=v2.0|w=na|run_id=459|seed=18372887559996627401,False,"{""step_1_amount"": 0.38854829257355833}",033832c9a51598bd69064fc3910037f6fde292830c04f0066e6d9779dc60f4ca,0.38314666666666675,0.4985806450875135,0.11543397842084674,26,0.0,0.0,0.38314666666666675,0.4985806450875135,0,0,0.11543397842084674,"{""energy"": 0.6666666666666667, ""water"": 0.05493333333333334, ""transport"": 0.33333333333333337}","{""energy"": 0.743170136378388, ""water"": 0.29061869905028126, ""transport"": 0.38042326940357957}","{""energy"": 0.07650346971172128, ""water"": 0.23568536571694793, ""transport"": 0.0470899360702462}","{""energy"": 0.0, ""water"": 0.0, ""transport"": 0.0}","{""energy"": 0.0, ""water"": 0.0, ""transport"": 0.0}","{""energy"": 0.0, ""water"": 0.0, ""transport"": 0.0}",0.3,0.1,,0.38314666666666675,1.0,0.6168533333333333,1,"{""energy"": 0.6666666666666667, ""water"": 0.05493333333333334, ""transport"": 0.33333333333333337}","{""energy"": 1.0, ""water"": 1.0, ""transport"": 1.0}","{""energy"": 0.33333333333333326, ""water"": 0.9450666666666666, ""transport"": 0.6666666666666666}",10,0.4985806450875135,,,[],,v2.0,0.7,0.3
S4_water_partial,460,460,17883418026609912994,scenario=S4_water_partial|method=both|duration=0|theta=0.300000|delta_threshold=0.100000|A=v2.0|w=na|run_id=460|seed=17883418026609912994,False,"{""step_1_amount"": 0.45152297148189136}",033832c9a51598bd69064fc3910037f6fde292830c04f0066e6d9779dc60f4ca,0.38314666666666675,0.5371353178821676,0.15398865121550087,8,0.0,0.0,0.38314666666666675,0.5371353178821676,0,1,0.15398865121550087,"{""energy"": 0.6666666666666667, ""water"": 0.05493333333333334, ""transport"": 0.33333333333333337}","{""energy"": 0.7687221123454442, ""water"": 0.3693370476856975, ""transport"": 0.39615119546093575}","{""energy"": 0.10205544567877745, ""water"": 0.31440371435236414, ""transport"": 0.06281786212760238}","{""energy"": 0.0, ""water"": 0.0, ""transport"": 0.0}","{""energy"": 0.0, ""water"": 0.0, ""transport"": 0.0}","{""energy"": 0.0, ""water"": 0.0, ""transport"": 0.0}",0.3,0.1,,0.38314666666666675,1.0,0.6168533333333333,1,"{""energy"": 0.6666666666666667, ""water"": 0.05493333333333334, ""transport"": 0.33333333333333337}","{""energy"": 1.0, ""water"": 1.0, ""transport"": 1.0}","{""energy"": 0.33333333333333326, ""water"": 0.9450666666666666, ""transport"": 0.6666666666666666}",9,0.5371353178821676,,,[],,v2.0,0.7,0.3
S4_water_partial,461,461,1003485148060094860,scenario=S4_water_partial|method=both|duration=0|theta=0.300000|delta_threshold=0.100000|A=v2.0|w=na|run_id=461|seed=1003485148060094860,False,"{""step_1_amount"": 0.585437299121985}",033832c9a51598bd69064fc3910037f6fde292830c04f0066e6d9779dc60f4ca,0.38314666666666675,0.6191210171216239,0.23597435045495718,29,0.0,0.0,0.38314666666666675,0.6191210171216239,0,1,0.23597435045495718,"{""energy"": 0.6666666666666667, ""water"": 0.05493333333333334, ""transport"": 0.33333333333333337}","{""energy"": 0.8230578507854122, ""water"": 0.5367299572358146, ""transport"": 0.42959629878904915}","{""energy"": 0.15639118411874542, ""water"": 0.4817966239024813, ""transport"": 0.09626296545571578}","{""energy"": 0.0, ""water"": 0.0, ""transport"": 0.0}","{""energy"": 0.0, ""water"": 0.0, ""transport"": 0.0}","{""energy"": 0.0, ""water"": 0.0, ""transport"": 0.0}",0.3,0.1,,0.38314666666666675,1.0,0.6168533333333333,1,"{""energy"": 0.6666666666666667, ""water"": 0.05493333333333334, ""transport"": 0.33333333333333337}","{""energy"": 1.0, ""water"": 1.0, ""transport"": 1.0}","{""energy"": 0.33333333333333326, ""water"": 0.9450666666666666, ""transport"": 0.6666666666666666}",7,0.6191210171216239,,,[],,v2.0,0.7,0.3
S4_water_partial,462,462,6156577320043096559,scenario=S4_water_partial|method=both|duration=0|theta=0.300000|delta_threshold=0.100000|A=v2.0|w=na|run_id=462|seed=6156577320043096559,False,"{""step_1_amount"": 0.7381593112800456}",033832c9a51598bd69064fc3910037f6fde292830c04f0066e6d9779dc60f4ca,0.38314666666666675,0.7126212510150927,0.3294745843484259,15,0.0,0.0,0.38314666666666675,0.7126212510150927,0,1,0.3294745843484259,"{""energy"": 0.6666666666666667, ""water"": 0.05493333333333334, ""transport"": 0.33333333333333337}","{""energy"": 0.8850248072185453, ""water"": 0.7276324724333904, ""transport"": 0.4677386213255248}","{""energy"": 0.21835814055187852, ""water"": 0.672699139100057, ""transport"": 0.13440528799219142}","{""energy"": 0.0, ""water"": 0.0, ""transport"": 0.0}","{""energy"": 0.0, ""water"": 0.0, ""transport"": 0.0}","{""energy"": 0.0, ""water"": 0.0, ""transport"": 0.0}",0.3,0.1,,0.38314666666666675,1.0,0.6168533333333333,1,"{""energy"": 0.6666666666666667, ""water"": 0.05493333333333334, ""transport"": 0.33333333333333337}","{""energy"": 1.0, ""water"": 1.0, ""transport"": 1.0}","{""energy"": 0.33333333333333326, ""water"": 0.9450666666666666, ""transport"": 0.6666666666666666}",5,0.7126212510150927,,,[],,v2.0,0.7,0.3
S4_water_partial,463,463,2306508522175366214,scenario=S4_water_partial|method=both|duration=0|theta=0.300000|delta_threshold=0.100000|A=v2.0|w=na|run_id=463|seed=2306508522175366214,False,"{""step_1_amount"": 0.5369946044204288}",033832c9a51598bd69064fc3910037f6fde292830c04f0066e6d9779dc60f4ca,0.38314666666666675,0.5894631883579637,0.206316521691297,11,0.0,0.0,0.38314666666666675,0.5894631883579637,0,1,0.206316521691297,"{""energy"": 0.6666666666666667, ""water"": 0.05493333333333334, ""transport"": 0.33333333333333337}","{""energy"": 0.8034022274102557, ""water"": 0.4761765888588693, ""transport"": 0.41749773578733546}","{""energy"": 0.13673556074358895, ""water"": 0.421243255525536, ""transport"": 0.08416440245400209}","{""energy"": 0.0, ""water"": 0.0, ""transport"": 0.0}","{""energy"": 0.0, ""water"": 0.0, ""transport"": 0.0}","{""energy"": 0.0, ""water"": 0.0, ""transport"": 0.0}",0.3,0.1,,0.38314666666666675,1.0,0.6168533333333333,1,"{""energy"": 0.6666666666666667, ""water"": 0.05493333333333334, ""transport"": 0.33333333333333337}","{""energy"": 1.0, ""water"": 1.0, ""transport"": 1.0}","{""energy"": 0.33333333333333326, ""water"": 0.9450666666666666, ""transport"": 0.6666666666666666}",8,0.5894631883579637,,,[],,v2.0,0.7,0.3
S4_water_partial,464,464,2115314747210379682,scenario=S4_water_partial|method=both|duration=0|theta=0.300000|delta_threshold=0.100000|A=v2.0|w=na|run_id=464|seed=2115314747210379682,False,"{""step_1_amount"": 0.7702041075614672}",033832c9a51598bd69064fc3910037f6fde292830c04f0066e6d9779dc60f4ca,0.38314666666666675,0.732239876418486,0.34909320975181923,10,0.0,1.0,0.38314666666666675,0.732239876418486,1,1,0.34909320975181923,"{""energy"": 0.6666666666666667, ""water"": 0.05493333333333334, ""transport"": 0.33333333333333337}","{""energy"": 0.8980269833097321, ""water"": 0.7676884677851673, ""transport"": 0.47574180919680975}","{""energy"": 0.23136031664306533, ""water"": 0.7127551344518339, ""transport"": 0.14240847586347638}","{""energy"": 0.0, ""water"": 0.0, ""transport"": 0.0}","{""energy"": 1.0, ""water"": 1.0, ""transport"": 1.0}","{""energy"": 1.0, ""water"": 1.0, ""transport"": 1.0}",0.3,0.1,,0.38314666666666675,1.0,0.6168533333333333,1,"{""energy"": 0.6666666666666667, ""water"": 0.05493333333333334, ""transport"": 0.33333333333333337}","{""energy"": 1.0, ""water"": 1.0, ""transport"": 1.0}","{""energy"": 0.33333333333333326, ""water"": 0.9450666666666666, ""transport"": 0.6666666666666666}",5,0.732239876418486,,,"[""energy"", ""transport""]",1,v2.0,0.7,0.3
S4_water_partial,465,465,1039757610833235146,scenario=S4_water_partial|method=both|duration=0|theta=0.300000|delta_threshold=0.100000|A=v2.0|w=na|run_id=465|seed=1039757610833235146,False,"{""step_1_amount"": 0.3920330955939497}",033832c9a51598bd69064fc3910037f6fde292830c04f0066e6d9779dc60f4ca,0.38314666666666675,0.5007141286166725,0.11756746195000578,23,0.0,0.0,0.38314666666666675,0.5007141286166725,0,0,0.11756746195000578,"{""energy"": 0.6666666666666667, ""water"": 0.05493333333333334, ""transport"": 0.33333333333333337}","{""energy"": 0.7445840952039118, ""water"": 0.2949747028257705, ""transport"": 0.3812935989579223}","{""energy"": 0.07791742853724504, ""water"": 0.24004136949243715, ""transport"": 0.04796026562458894}","{""energy"": 0.0, ""water"": 0.0, ""transport"": 0.0}","{""energy"": 0.0, ""water"": 0.0, ""transport"": 0.0}","{""energy"": 0.0, ""water"": 0.0, ""transport"": 0.0}",0.3,0.1,,0.38314666666666675,1.0,0.6168533333333333,1,"{""energy"": 0.6666666666666667, ""water"": 0.05493333333333334, ""transport"": 0.33333333333333337}","{""energy"": 1.0, ""water"": 1.0, ""transport"": 1.0}","{""energy"": 0.33333333333333326, ""water"": 0.9450666666666666, ""transport"": 0.6666666666666666}",10,0.5007141286166725,,,[],,v2.0,0.7,0.3
S4_water_partial,466,466,2838413073277168773,scenario=S4_water_partial|method=both|duration=0|theta=0.300000|delta_threshold=0.100000|A=v2.0|w=na|run_id=466|seed=2838413073277168773,False,"{""step_1_amount"": 0.20705038839211123}",033832c9a51598bd69064fc3910037f6fde292830c04f0066e6d9779dc60f4ca,0.38314666666666675,0.387463090700027,0.004316424033360244,14,0.0,0.0,0.38314666666666675,0.387463090700027,0,0,0.004316424033360244,"{""energy"": 0.6666666666666667, ""water"": 0.05493333333333334, ""transport"": 0.33333333333333337}","{""energy"": 0.6695273617567659, ""water"": 0.0637463188234724, ""transport"": 0.33509416783426316}","{""energy"": 0.002860695090099119, ""water"": 0.008812985490139057, ""transport"": 0.0017608345009297866}","{""energy"": 0.0, ""water"": 0.0, ""transport"": 0.0}","{""energy"": 0.0, ""water"": 0.0, ""transport"": 0.0}","{""energy"": 0.0, ""water"": 0.0, ""transport"": 0.0}",0.3,0.1,,0.38314666666666675,1.0,0.6168533333333333,1,"{""energy"": 0.6666666666666667, ""water"": 0.05493333333333334, ""transport"": 0.33333333333333337}","{""energy"": 1.0, ""water"": 1.0, ""transport"": 1.0}","{""energy"": 0.33333333333333326, ""water"": 0.9450666666666666, ""transport"": 0.6666666666666666}",12,0.387463090700027,,,[],,v2.0,0.7,0.3
S4_water_partial,467,467,547342776986504974,scenario=S4_water_partial|method=both|duration=0|theta=0.300000|delta_threshold=0.100000|A=v2.0|w=na|run_id=467|seed=547342776986504974,False,"{""step_1_amount"": 0.5176674927646236}",033832c9a51598bd69064fc3910037f6fde292830c04f0066e6d9779dc60f4ca,0.38314666666666675,0.5776306474244884,0.1944839807578217,26,0.0,0.0,0.38314666666666675,0.5776306474244884,0,1,0.1944839807578217,"{""energy"": 0.6666666666666667, ""water"": 0.05493333333333334, ""transport"": 0.33333333333333337}","{""energy"": 0.7955602518559128, ""water"": 0.45201769928911284, ""transport"": 0.4126707896512981}","{""energy"": 0.1288935851892461, ""water"": 0.3970843659557795, ""transport"": 0.07933745631796474}","{""energy"": 0.0, ""water"": 0.0, ""transport"": 0.0}","{""energy"": 0.0, ""water"": 0.0, ""transport"": 0.0}","{""energy"": 0.0, ""water"": 0.0, ""transport"": 0.0}",0.3,0.1,,0.38314666666666675,1.0,0.6168533333333333,1,"{""energy"": 0.6666666666666667, ""water"": 0.05493333333333334, ""transport"": 0.33333333333333337}","{""energy"": 1.0, ""water"": 1.0, ""transport"": 1.0}","{""energy"": 0.33333333333333326, ""water"": 0.9450666666666666, ""transport"": 0.6666666666666666}",8,0.5776306474244884,,,[],,v2.0,0.7,0.3
S4_water_partial,468,468,2007189383184898034,scenario=S4_water_partial|method=both|duration=0|theta=0.300000|delta_threshold=0.100000|A=v2.0|w=na|run_id=468|seed=2007189383184898034,False,"{""step_1_amount"": 0.4756879897732512}",033832c9a51598bd69064fc3910037f6fde292830c04f0066e6d9779dc60f4ca,0.38314666666666675,0.5519297462055954,0.16878307953892868,12,0.0,0.0,0.38314666666666675,0.5519297462055954,0,1,0.16878307953892868,"{""energy"": 0.6666666666666667, ""water"": 0.05493333333333334, ""transport"": 0.33333333333333337}","{""energy"": 0.7785270685171635, ""water"": 0.39954332054989744, ""transport"": 0.40218640877920286}","{""energy"": 0.11186040185049673, ""water"": 0.3446099872165641, ""transport"": 0.0688530754458695}","{""energy"": 0.0, ""water"": 0.0, ""transport"": 0.0}","{""energy"": 0.0, ""water"": 0.0, ""transport"": 0.0}","{""energy"": 0.0, ""water"": 0.0, ""transport"": 0.0}",0.3,0.1,,0.38314666666666675,1.0,0.6168533333333333,1,"{""energy"": 0.6666666666666667, ""water"": 0.05493333333333334, ""transport"": 0.33333333333333337}","{""energy"": 1.0, ""water"": 1.0, ""transport"": 1.0}","{""energy"": 0.33333333333333326, ""water"": 0.9450666666666666, ""transport"": 0.6666666666666666}",9,0.5519297462055954,,,[],,v2.0,0.7,0.3
S4_water_partial,469,469,17764087730526079565,scenario=S4_water_partial|method=both|duration=0|theta=0.300000|delta_threshold=0.100000|A=v2.0|w=na|run_id=469|seed=17764087730526079565,False,"{""step_1_amount"": 0.5193531029350896}",033832c9a51598bd69064fc3910037f6fde292830c04f0066e6d9779dc60f4ca,0.38314666666666675,0.5786626201111019,0.19551595344443518,28,0.0,0.0,0.38314666666666675,0.5786626201111019,0,1,0.19551595344443518,"{""energy"": 0.6666666666666667, ""water"": 0.05493333333333334, ""transport"": 0.33333333333333337}","{""energy"": 0.7962441881825794, ""water"": 0.45412471200219534, ""transport"": 0.413091770791372}","{""energy"": 0.12957752151591262, ""water"": 0.399191378668862, ""transport"": 0.07975843745803862}","{""energy"": 0.0, ""water"": 0.0, ""transport"": 0.0}","{""energy"": 0.0, ""water"": 0.0, ""transport"": 0.0}","{""energy"": 0.0, ""water"": 0.0, ""transport"": 0.0}",0.3,0.1,,0.38314666666666675,1.0,0.6168533333333333,1,"{""energy"": 0.6666666666666667, ""water"": 0.05493333333333334, ""transport"": 0.33333333333333337}","{""energy"": 1.0, ""water"": 1.0, ""transport"": 1.0}","{""energy"": 0.33333333333333326, ""water"": 0.9450666666666666, ""transport"": 0.6666666666666666}",8,0.5786626201111019,,,[],,v2.0,0.7,0.3
S4_water_partial,470,470,10112204967349361398,scenario=S4_water_partial|method=both|duration=0|theta=0.300000|delta_threshold=0.100000|A=v2.0|w=na|run_id=470|seed=10112204967349361398,False,"{""step_1_amount"": 0.6166198479990442}",033832c9a51598bd69064fc3910037f6fde292830c04f0066e6d9779dc60f4ca,0.38314666666666675,0.6382117531078817,0.25506508644121495,14,0.0,0.0,0.38314666666666675,0.6382117531078817,0,1,0.25506508644121495,"{""energy"": 0.6666666666666667, ""water"": 0.05493333333333334, ""transport"": 0.33333333333333337}","{""energy"": 0.835710169992279, ""water"": 0.5757081433321387, ""transport"": 0.4373841403710947}","{""energy"": 0.16904350332561224, ""water"": 0.5207748099988053, ""transport"": 0.10405080703776132}","{""energy"": 0.0, ""water"": 0.0, ""transport"": 0.0}","{""energy"": 0.0, ""water"": 0.0, ""transport"": 0.0}","{""energy"": 0.0, ""water"": 0.0, ""transport"": 0.0}",0.3,0.1,,0.38314666666666675,1.0,0.6168533333333333,1,"{""energy"": 0.6666666666666667, ""water"": 0.05493333333333334, ""transport"": 0.33333333333333337}","{""energy"": 1.0, ""water"": 1.0, ""transport"": 1.0}","{""energy"": 0.33333333333333326, ""water"": 0.9450666666666666, ""transport"": 0.6666666666666666}",7,0.6382117531078817,,,[],,v2.0,0.7,0.3
S4_water_partial,471,471,2302194334835673843,scenario=S4_water_partial|method=both|duration=0|theta=0.300000|delta_threshold=0.100000|A=v2.0|w=na|run_id=471|seed=2302194334835673843,False,"{""step_1_amount"": 0.473900513237549}",033832c9a51598bd69064fc3910037f6fde292830c04f0066e6d9779dc60f4ca,0.38314666666666675,0.5508354083835251,0.16768874171685832,27,0.0,0.0,0.38314666666666675,0.5508354083835251,0,1,0.16768874171685832,"{""energy"": 0.6666666666666667, ""water"": 0.05493333333333334, ""transport"": 0.33333333333333337}","{""energy"": 0.7778017999128022, ""water"": 0.3973089748802695, ""transport"": 0.40173998651441123}","{""energy"": 0.11113513324613544, ""water"": 0.34237564154693617, ""transport"": 0.06840665318107786}","{""energy"": 0.0, ""water"": 0.0, ""transport"": 0.0}","{""energy"": 0.0, ""water"": 0.0, ""transport"": 0.0}","{""energy"": 0.0, ""water"": 0.0, ""transport"": 0.0}",0.3,0.1,,0.38314666666666675,1.0,0.6168533333333333,1,"{""energy"": 0.6666666666666667, ""water"": 0.05493333333333334, ""transport"": 0.33333333333333337}","{""energy"": 1.0, ""water"": 1.0, ""transport"": 1.0}","{""energy"": 0.33333333333333326, ""water"": 0.9450666666666666, ""transport"": 0.6666666666666666}",9,0.5508354083835251,,,[],,v2.0,0.7,0.3
S4_water_partial,472,472,4559883310317253647,scenario=S4_water_partial|method=both|duration=0|theta=0.300000|delta_threshold=0.100000|A=v2.0|w=na|run_id=472|seed=4559883310317253647,False,"{""step_1_amount"": 0.527731331612787}",033832c9a51598bd69064fc3910037f6fde292830c04f0066e6d9779dc60f4ca,0.38314666666666675,0.5837919811633052,0.20064531449663847,17,0.0,0.0,0.38314666666666675,0.5837919811633052,0,1,0.20064531449663847,"{""energy"": 0.6666666666666667, ""water"": 0.05493333333333334, ""transport"": 0.33333333333333337}","{""energy"": 0.799643654468555, ""water"": 0.464597497849317, ""transport"": 0.4151842334036269}","{""energy"": 0.13297698780188827, ""water"": 0.40966416451598364, ""transport"": 0.08185090007029355}","{""energy"": 0.0, ""water"": 0.0, ""transport"": 0.0}","{""energy"": 0.0, ""water"": 0.0, ""transport"": 0.0}","{""energy"": 0.0, ""water"": 0.0, ""transport"": 0.0}",0.3,0.1,,0.38314666666666675,1.0,0.6168533333333333,1,"{""energy"": 0.6666666666666667, ""water"": 0.05493333333333334, ""transport"": 0.33333333333333337}","{""energy"": 1.0, ""water"": 1.0, ""transport"": 1.0}","{""energy"": 0.33333333333333326, ""water"": 0.9450666666666666, ""transport"": 0.6666666666666666}",8,0.5837919811633052,,,[],,v2.0,0.7,0.3
S4_water_partial,473,473,3936250831693297081,scenario=S4_water_partial|method=both|duration=0|theta=0.300000|delta_threshold=0.100000|A=v2.0|w=na|run_id=473|seed=3936250831693297081,False,"{""step_1_amount"": 0.6908480321086211}",033832c9a51598bd69064fc3910037f6fde292830c04f0066e6d9779dc60f4ca,0.38314666666666675,0.6836561031243673,0.30050943645770056,10,0.0,0.0,0.38314666666666675,0.6836561031243673,0,1,0.30050943645770056,"{""energy"": 0.6666666666666667, ""water"": 0.05493333333333334, ""transport"": 0.33333333333333337}","{""energy"": 0.8658282556947398, ""water"": 0.6684933734691099, ""transport"": 0.45592262935246153}","{""energy"": 0.19916158902807302, ""water"": 0.6135600401357765, ""transport"": 0.12258929601912816}","{""energy"": 0.0, ""water"": 0.0, ""transport"": 0.0}","{""energy"": 0.0, ""water"": 0.0, ""transport"": 0.0}","{""energy"": 0.0, ""water"": 0.0, ""transport"": 0.0}",0.3,0.1,,0.38314666666666675,1.0,0.6168533333333333,1,"{""energy"": 0.6666666666666667, ""water"": 0.05493333333333334, ""transport"": 0.33333333333333337}","{""energy"": 1.0, ""water"": 1.0, ""transport"": 1.0}","{""energy"": 0.33333333333333326, ""water"": 0.9450666666666666, ""transport"": 0.6666666666666666}",6,0.6836561031243673,,,[],,v2.0,0.7,0.3
S4_water_partial,474,474,9671039442937264785,scenario=S4_water_partial|method=both|duration=0|theta=0.300000|delta_threshold=0.100000|A=v2.0|w=na|run_id=474|seed=9671039442937264785,False,"{""step_1_amount"": 0.6772097767985787}",033832c9a51598bd69064fc3910037f6fde292830c04f0066e6d9779dc60f4ca,0.38314666666666675,0.6753064222671765,0.2921597556005098,25,0.0,0.0,0.38314666666666675,0.6753064222671765,0,1,0.2921597556005098,"{""energy"": 0.6666666666666667, ""water"": 0.05493333333333334, ""transport"": 0.33333333333333337}","{""energy"": 0.86029453360269, ""water"": 0.6514455543315568, ""transport"": 0.4525164750887784}","{""energy"": 0.1936278669360233, ""water"": 0.5965122209982234, ""transport"": 0.11918314175544503}","{""energy"": 0.0, ""water"": 0.0, ""transport"": 0.0}","{""energy"": 0.0, ""water"": 0.0, ""transport"": 0.0}","{""energy"": 0.0, ""water"": 0.0, ""transport"": 0.0}",0.3,0.1,,0.38314666666666675,1.0,0.6168533333333333,1,"{""energy"": 0.6666666666666667, ""water"": 0.05493333333333334, ""transport"": 0.33333333333333337}","{""energy"": 1.0, ""water"": 1.0, ""transport"": 1.0}","{""energy"": 0.33333333333333326, ""water"": 0.9450666666666666, ""transport"": 0.6666666666666666}",6,0.6753064222671765,,,[],,v2.0,0.7,0.3
S4_water_partial,475,475,9841589779977950473,scenario=S4_water_partial|method=both|duration=0|theta=0.300000|delta_threshold=0.100000|A=v2.0|w=na|run_id=475|seed=9841589779977950473,False,"{""step_1_amount"": 0.9159492622113827}",033832c9a51598bd69064fc3910037f6fde292830c04f0066e6d9779dc60f4ca,0.38314666666666675,0.8214687037240305,0.4383220370573637,7,0.0,1.0,0.38314666666666675,0.8214687037240305,1,1,0.4383220370573637,"{""energy"": 0.6666666666666667, ""water"": 0.05493333333333334, ""transport"": 0.33333333333333337}","{""energy"": 0.9571630798089352, ""water"": 0.9498699110975618, ""transport"": 0.5121416615706262}","{""energy"": 0.2904964131422685, ""water"": 0.8949365777642284, ""transport"": 0.17880832823729287}","{""energy"": 0.0, ""water"": 0.0, ""transport"": 0.0}","{""energy"": 1.0, ""water"": 1.0, ""transport"": 1.0}","{""energy"": 1.0, ""water"": 1.0, ""transport"": 1.0}",0.3,0.1,,0.38314666666666675,1.0,0.6168533333333333,1,"{""energy"": 0.6666666666666667, ""water"": 0.05493333333333334, ""transport"": 0.33333333333333337}","{""energy"": 1.0, ""water"": 1.0, ""transport"": 1.0}","{""energy"": 0.33333333333333326, ""water"": 0.9450666666666666, ""transport"": 0.6666666666666666}",3,0.8214687037240305,,,"[""energy"", ""transport""]",1,v2.0,0.7,0.3
S4_water_partial,476,476,1260484450962774282,scenario=S4_water_partial|method=both|duration=0|theta=0.300000|delta_threshold=0.100000|A=v2.0|w=na|run_id=476|seed=1260484450962774282,False,"{""step_1_amount"": 0.19576342468593227}",033832c9a51598bd69064fc3910037f6fde292830c04f0066e6d9779dc60f4ca,0.38314666666666675,0.38314666666666675,0.0,14,0.0,0.0,0.38314666666666675,0.38314666666666675,0,0,0.0,"{""energy"": 0.6666666666666667, ""water"": 0.05493333333333334, ""transport"": 0.33333333333333337}","{""energy"": 0.6666666666666667, ""water"": 0.05493333333333334, ""transport"": 0.33333333333333337}","{""energy"": 0.0, ""water"": 0.0, ""transport"": 0.0}","{""energy"": 0.0, ""water"": 0.0, ""transport"": 0.0}","{""energy"": 0.0, ""water"": 0.0, ""transport"": 0.0}","{""energy"": 0.0, ""water"": 0.0, ""transport"": 0.0}",0.3,0.1,,0.38314666666666675,1.0,0.6168533333333333,1,"{""energy"": 0.6666666666666667, ""water"": 0.05493333333333334, ""transport"": 0.33333333333333337}","{""energy"": 1.0, ""water"": 1.0, ""transport"": 1.0}","{""energy"": 0.33333333333333326, ""water"": 0.9450666666666666, ""transport"": 0.6666666666666666}",13,0.38314666666666675,,,[],,v2.0,0.7,0.3
S4_water_partial,477,477,157543751578919599,scenario=S4_water_partial|method=both|duration=0|theta=0.300000|delta_threshold=0.100000|A=v2.0|w=na|run_id=477|seed=157543751578919599,False,"{""step_1_amount"": 1.0454182529520453}",033832c9a51598bd69064fc3910037f6fde292830c04f0066e6d9779dc60f4ca,0.38314666666666675,0.8564466666666667,0.47329999999999994,9,0.0,1.0,0.38314666666666675,0.8564466666666667,1,1,0.47329999999999994,"{""energy"": 0.6666666666666667, ""water"": 0.05493333333333334, ""transport"": 0.33333333333333337}","{""energy"": 0.9912666666666667, ""water"": 1.0, ""transport"": 0.5331333333333333}","{""energy"": 0.3246, ""water"": 0.9450666666666666, ""transport"": 0.19979999999999998}","{""energy"": 0.0, ""water"": 0.0, ""transport"": 0.0}","{""energy"": 1.0, ""water"": 1.0, ""transport"": 1.0}","{""energy"": 1.0, ""water"": 1.0, ""transport"": 1.0}",0.3,0.1,,0.38314666666666675,1.0,0.6168533333333333,1,"{""energy"": 0.6666666666666667, ""water"": 0.05493333333333334, ""transport"": 0.33333333333333337}","{""energy"": 1.0, ""water"": 1.0, ""transport"": 1.0}","{""energy"": 0.33333333333333326, ""water"": 0.9450666666666666, ""transport"": 0.6666666666666666}",3,0.8564466666666667,,,"[""energy"", ""transport""]",1,v2.0,0.7,0.3
S4_water_partial,478,478,1141748439007385385,scenario=S4_water_partial|method=both|duration=0|theta=0.300000|delta_threshold=0.100000|A=v2.0|w=na|run_id=478|seed=1141748439007385385,False,"{""step_1_amount"": 0.5585806908584321}",033832c9a51598bd69064fc3910037f6fde292830c04f0066e6d9779dc60f4ca,0.38314666666666675,0.6026787301274703,0.21953206346080356,6,0.0,0.0,0.38314666666666675,0.6026787301274703,0,1,0.21953206346080356,"{""energy"": 0.6666666666666667, ""water"": 0.05493333333333334, ""transport"": 0.33333333333333337}","{""energy"": 0.8121607819824755, ""water"": 0.5031591969063736, ""transport"": 0.4228888608752268}","{""energy"": 0.1454941153158088, ""water"": 0.44822586357304023, ""transport"": 0.08955552754189344}","{""energy"": 0.0, ""water"": 0.0, ""transport"": 0.0}","{""energy"": 0.0, ""water"": 0.0, ""transport"": 0.0}","{""energy"": 0.0, ""water"": 0.0, ""transport"": 0.0}",0.3,0.1,,0.38314666666666675,1.0,0.6168533333333333,1,"{""energy"": 0.6666666666666667, ""water"": 0.05493333333333334, ""transport"": 0.33333333333333337}","{""energy"": 1.0, ""water"": 1.0, ""transport"": 1.0}","{""energy"": 0.33333333333333326, ""water"": 0.9450666666666666, ""transport"": 0.6666666666666666}",8,0.6026787301274703,,,[],,v2.0,0.7,0.3
S4_water_partial,479,479,8746349022915287118,scenario=S4_water_partial|method=both|duration=0|theta=0.300000|delta_threshold=0.100000|A=v2.0|w=na|run_id=479|seed=8746349022915287118,False,"{""step_1_amount"": 0.4373835750038544}",033832c9a51598bd69064fc3910037f6fde292830c04f0066e6d9779dc60f4ca,0.38314666666666675,0.5284788258734014,0.1453321592067347,28,0.0,0.0,0.38314666666666675,0.5284788258734014,0,0,0.1453321592067347,"{""energy"": 0.6666666666666667, ""water"": 0.05493333333333334, ""transport"": 0.33333333333333337}","{""energy"": 0.7629850522244807, ""water"": 0.3516628020881513, ""transport"": 0.392619881190546}","{""energy"": 0.09631838555781391, ""water"": 0.296729468754818, ""transport"": 0.05928654785721266}","{""energy"": 0.0, ""water"": 0.0, ""transport"": 0.0}","{""energy"": 0.0, ""water"": 0.0, ""transport"": 0.0}","{""energy"": 0.0, ""water"": 0.0, ""transport"": 0.0}",0.3,0.1,,0.38314666666666675,1.0,0.6168533333333333,1,"{""energy"": 0.6666666666666667, ""water"": 0.05493333333333334, ""transport"": 0.33333333333333337}","{""energy"": 1.0, ""water"": 1.0, ""transport"": 1.0}","{""energy"": 0.33333333333333326, ""water"": 0.9450666666666666, ""transport"": 0.6666666666666666}",9,0.5284788258734014,,,[],,v2.0,0.7,0.3
S4_water_partial,480,480,18285939197893329627,scenario=S4_water_partial|method=both|duration=0|theta=0.300000|delta_threshold=0.100000|A=v2.0|w=na|run_id=480|seed=18285939197893329627,False,"{""step_1_amount"": 0.662715477910214}",033832c9a51598bd69064fc3910037f6fde292830c04f0066e6d9779dc60f4ca,0.38314666666666675,0.6664326501302474,0.2832859834635807,28,0.0,0.0,0.38314666666666675,0.6664326501302474,0,1,0.2832859834635807,"{""energy"": 0.6666666666666667, ""water"": 0.05493333333333334, ""transport"": 0.33333333333333337}","{""energy"": 0.8544134718287361, ""water"": 0.6333276807211008, ""transport"": 0.44889652394140933}","{""energy"": 0.18774680516206932, ""water"": 0.5783943473877674, ""transport"": 0.11556319060807596}","{""energy"": 0.0, ""water"": 0.0, ""transport"": 0.0}","{""energy"": 0.0, ""water"": 0.0, ""transport"": 0.0}","{""energy"": 0.0, ""water"": 0.0, ""transport"": 0.0}",0.3,0.1,,0.38314666666666675,1.0,0.6168533333333333,1,"{""energy"": 0.6666666666666667, ""water"": 0.05493333333333334, ""transport"": 0.33333333333333337}","{""energy"": 1.0, ""water"": 1.0, ""transport"": 1.0}","{""energy"": 0.33333333333333326, ""water"": 0.9450666666666666, ""transport"": 0.6666666666666666}",6,0.6664326501302474,,,[],,v2.0,0.7,0.3
S4_water_partial,481,481,650002809993923131,scenario=S4_water_partial|method=both|duration=0|theta=0.300000|delta_threshold=0.100000|A=v2.0|w=na|run_id=481|seed=650002809993923131,False,"{""step_1_amount"": 0.6193050284523527}",033832c9a51598bd69064fc3910037f6fde292830c04f0066e6d9779dc60f4ca,0.38314666666666675,0.6398556877109083,0.25670902104424154,25,0.0,0.0,0.38314666666666675,0.6398556877109083,0,1,0.25670902104424154,"{""energy"": 0.6666666666666667, ""water"": 0.05493333333333334, ""transport"": 0.33333333333333337}","{""energy"": 0.8367996819612088, ""water"": 0.5790646188987741, ""transport"": 0.43805476418930844}","{""energy"": 0.17013301529454206, ""water"": 0.5241312855654408, ""transport"": 0.10472143085597507}","{""energy"": 0.0, ""water"": 0.0, ""transport"": 0.0}","{""energy"": 0.0, ""water"": 0.0, ""transport"": 0.0}","{""energy"": 0.0, ""water"": 0.0, ""transport"": 0.0}",0.3,0.1,,0.38314666666666675,1.0,0.6168533333333333,1,"{""energy"": 0.6666666666666667, ""water"": 0.05493333333333334, ""transport"": 0.33333333333333337}","{""energy"": 1.0, ""water"": 1.0, ""transport"": 1.0}","{""energy"": 0.33333333333333326, ""water"": 0.9450666666666666, ""transport"": 0.6666666666666666}",7,0.6398556877109083,,,[],,v2.0,0.7,0.3
S4_water_partial,482,482,3557458152526550154,scenario=S4_water_partial|method=both|duration=0|theta=0.300000|delta_threshold=0.100000|A=v2.0|w=na|run_id=482|seed=3557458152526550154,False,"{""step_1_amount"": 0.7496523329280221}",033832c9a51598bd69064fc3910037f6fde292830c04f0066e6d9779dc60f4ca,0.38314666666666675,0.7196575661935251,0.3365108995268583,9,0.0,0.0,0.38314666666666675,0.7196575661935251,0,1,0.3365108995268583,"{""energy"": 0.6666666666666667, ""water"": 0.05493333333333334, ""transport"": 0.33333333333333337}","{""energy"": 0.8896881007522117, ""water"": 0.7419987494933611, ""transport"": 0.4706090034821069}","{""energy"": 0.22302143408554498, ""water"": 0.6870654161600277, ""transport"": 0.1372756701487735}","{""energy"": 0.0, ""water"": 0.0, ""transport"": 0.0}","{""energy"": 0.0, ""water"": 0.0, ""transport"": 0.0}","{""energy"": 0.0, ""water"": 0.0, ""transport"": 0.0}",0.3,0.1,,0.38314666666666675,1.0,0.6168533333333333,1,"{""energy"": 0.6666666666666667, ""water"": 0.05493333333333334, ""transport"": 0.33333333333333337}","{""energy"": 1.0, ""water"": 1.0, ""transport"": 1.0}","{""energy"": 0.33333333333333326, ""water"": 0.9450666666666666, ""transport"": 0.6666666666666666}",5,0.7196575661935251,,,[],,v2.0,0.7,0.3
S4_water_partial,483,483,10375344734998299573,scenario=S4_water_partial|method=both|duration=0|theta=0.300000|delta_threshold=0.100000|A=v2.0|w=na|run_id=483|seed=10375344734998299573,False,"{""step_1_amount"": 0.36418387818577497}",033832c9a51598bd69064fc3910037f6fde292830c04f0066e6d9779dc60f4ca,0.38314666666666675,0.4836641414889528,0.10051747482228607,17,0.0,0.0,0.38314666666666675,0.4836641414889528,0,0,0.10051747482228607,"{""energy"": 0.6666666666666667, ""water"": 0.05493333333333334, ""transport"": 0.33333333333333337}","{""energy"": 0.733284275240545, ""water"": 0.26016318106555214, ""transport"": 0.3743382569102307}","{""energy"": 0.06661760857387822, ""water"": 0.2052298477322188, ""transport"": 0.041004923576897334}","{""energy"": 0.0, ""water"": 0.0, ""transport"": 0.0}","{""energy"": 0.0, ""water"": 0.0, ""transport"": 0.0}","{""energy"": 0.0, ""water"": 0.0, ""transport"": 0.0}",0.3,0.1,,0.38314666666666675,1.0,0.6168533333333333,1,"{""energy"": 0.6666666666666667, ""water"": 0.05493333333333334, ""transport"": 0.33333333333333337}","{""energy"": 1.0, ""water"": 1.0, ""transport"": 1.0}","{""energy"": 0.33333333333333326, ""water"": 0.9450666666666666, ""transport"": 0.6666666666666666}",10,0.4836641414889528,,,[],,v2.0,0.7,0.3
S4_water_partial,484,484,9963942585534076649,scenario=S4_water_partial|method=both|duration=0|theta=0.300000|delta_threshold=0.100000|A=v2.0|w=na|run_id=484|seed=9963942585534076649,False,"{""step_1_amount"": 0.7859408339416327}",033832c9a51598bd69064fc3910037f6fde292830c04f0066e6d9779dc60f4ca,0.38314666666666675,0.7418742937265828,0.358727627059916,23,0.0,1.0,0.38314666666666675,0.7418742937265828,1,1,0.358727627059916,"{""energy"": 0.6666666666666667, ""water"": 0.05493333333333334, ""transport"": 0.33333333333333337}","{""energy"": 0.9044121600384842, ""water"": 0.7873593757603743, ""transport"": 0.47967205661025614}","{""energy"": 0.2377454933718175, ""water"": 0.7324260424270409, ""transport"": 0.14633872327692277}","{""energy"": 0.0, ""water"": 0.0, ""transport"": 0.0}","{""energy"": 1.0, ""water"": 1.0, ""transport"": 1.0}","{""energy"": 1.0, ""water"": 1.0, ""transport"": 1.0}",0.3,0.1,,0.38314666666666675,1.0,0.6168533333333333,1,"{""energy"": 0.6666666666666667, ""water"": 0.05493333333333334, ""transport"": 0.33333333333333337}","{""energy"": 1.0, ""water"": 1.0, ""transport"": 1.0}","{""energy"": 0.33333333333333326, ""water"": 0.9450666666666666, ""transport"": 0.6666666666666666}",5,0.7418742937265828,,,"[""energy"", ""transport""]",1,v2.0,0.7,0.3
S4_water_partial,485,485,393575839787398843,scenario=S4_water_partial|method=both|duration=0|theta=0.300000|delta_threshold=0.100000|A=v2.0|w=na|run_id=485|seed=393575839787398843,False,"{""step_1_amount"": 0.35004744609055655}",033832c9a51598bd69064fc3910037f6fde292830c04f0066e6d9779dc60f4ca,0.38314666666666675,0.4750094643494578,0.09186279768279104,14,0.0,0.0,0.38314666666666675,0.4750094643494578,0,0,0.09186279768279104,"{""energy"": 0.6666666666666667, ""water"": 0.05493333333333334, ""transport"": 0.33333333333333337}","{""energy"": 0.7275484179179101, ""water"": 0.2424926409465291, ""transport"": 0.3708076829944499}","{""energy"": 0.0608817512512434, ""water"": 0.18755930761319575, ""transport"": 0.03747434966111651}","{""energy"": 0.0, ""water"": 0.0, ""transport"": 0.0}","{""energy"": 0.0, ""water"": 0.0, ""transport"": 0.0}","{""energy"": 0.0, ""water"": 0.0, ""transport"": 0.0}",0.3,0.1,,0.38314666666666675,1.0,0.6168533333333333,1,"{""energy"": 0.6666666666666667, ""water"": 0.05493333333333334, ""transport"": 0.33333333333333337}","{""energy"": 1.0, ""water"": 1.0, ""transport"": 1.0}","{""energy"": 0.33333333333333326, ""water"": 0.9450666666666666, ""transport"": 0.6666666666666666}",10,0.4750094643494578,,,[],,v2.0,0.7,0.3
S4_water_partial,486,486,11220654200674298430,scenario=S4_water_partial|method=both|duration=0|theta=0.300000|delta_threshold=0.100000|A=v2.0|w=na|run_id=486|seed=11220654200674298430,False,"{""step_1_amount"": 0.5480058820658497}",033832c9a51598bd69064fc3910037f6fde292830c04f0066e6d9779dc60f4ca,0.38314666666666675,0.5962045678144315,0.2130579011477648,27,0.0,0.0,0.38314666666666675,0.5962045678144315,0,1,0.2130579011477648,"{""energy"": 0.6666666666666667, ""water"": 0.05493333333333334, ""transport"": 0.33333333333333337}","{""energy"": 0.8078700533148853, ""water"": 0.4899406859156454, ""transport"": 0.42024780237927933}","{""energy"": 0.14120338664821852, ""water"": 0.43500735258231205, ""transport"": 0.08691446904594596}","{""energy"": 0.0, ""water"": 0.0, ""transport"": 0.0}","{""energy"": 0.0, ""water"": 0.0, ""transport"": 0.0}","{""energy"": 0.0, ""water"": 0.0, ""transport"": 0.0}",0.3,0.1,,0.38314666666666675,1.0,0.6168533333333333,1,"{""energy"": 0.6666666666666667, ""water"": 0.05493333333333334, ""transport"": 0.33333333333333337}","{""energy"": 1.0, ""water"": 1.0, ""transport"": 1.0}","{""energy"": 0.33333333333333326, ""water"": 0.9450666666666666, ""transport"": 0.6666666666666666}",8,0.5962045678144315,,,[],,v2.0,0.7,0.3
S4_water_partial,487,487,14605176674222890597,scenario=S4_water_partial|method=both|duration=0|theta=0.300000|delta_threshold=0.100000|A=v2.0|w=na|run_id=487|seed=14605176674222890597,False,"{""step_1_amount"": 0.6123331698847361}",033832c9a51598bd69064fc3910037f6fde292830c04f0066e6d9779dc60f4ca,0.38314666666666675,0.6355873415993494,0.25244067493268263,24,0.0,0.0,0.38314666666666675,0.6355873415993494,0,1,0.25244067493268263,"{""energy"": 0.6666666666666667, ""water"": 0.05493333333333334, ""transport"": 0.33333333333333337}","{""energy"": 0.8339708503473984, ""water"": 0.5703497956892535, ""transport"": 0.43631354251204624}","{""energy"": 0.16730418368073163, ""water"": 0.5154164623559201, ""transport"": 0.10298020917871287}","{""energy"": 0.0, ""water"": 0.0, ""transport"": 0.0}","{""energy"": 0.0, ""water"": 0.0, ""transport"": 0.0}","{""energy"": 0.0, ""water"": 0.0, ""transport"": 0.0}",0.3,0.1,,0.38314666666666675,1.0,0.6168533333333333,1,"{""energy"": 0.6666666666666667, ""water"": 0.05493333333333334, ""transport"": 0.33333333333333337}","{""energy"": 1.0, ""water"": 1.0, ""transport"": 1.0}","{""energy"": 0.33333333333333326, ""water"": 0.9450666666666666, ""transport"": 0.6666666666666666}",7,0.6355873415993494,,,[],,v2.0,0.7,0.3
S4_water_partial,488,488,8625514501581568755,scenario=S4_water_partial|method=both|duration=0|theta=0.300000|delta_threshold=0.100000|A=v2.0|w=na|run_id=488|seed=8625514501581568755,False,"{""step_1_amount"": 0.5025042872475555}",033832c9a51598bd69064fc3910037f6fde292830c04f0066e6d9779dc60f4ca,0.38314666666666675,0.5683473539268014,0.1852006872601346,27,0.0,0.0,0.38314666666666675,0.5683473539268014,0,1,0.1852006872601346,"{""energy"": 0.6666666666666667, ""water"": 0.05493333333333334, ""transport"": 0.33333333333333337}","{""energy"": 0.7894077812173623, ""water"": 0.43306369239277764, ""transport"": 0.40888377907341034}","{""energy"": 0.12274111455069558, ""water"": 0.3781303590594443, ""transport"": 0.07555044574007697}","{""energy"": 0.0, ""water"": 0.0, ""transport"": 0.0}","{""energy"": 0.0, ""water"": 0.0, ""transport"": 0.0}","{""energy"": 0.0, ""water"": 0.0, ""transport"": 0.0}",0.3,0.1,,0.38314666666666675,1.0,0.6168533333333333,1,"{""energy"": 0.6666666666666667, ""water"": 0.05493333333333334, ""transport"": 0.33333333333333337}","{""energy"": 1.0, ""water"": 1.0, ""transport"": 1.0}","{""energy"": 0.33333333333333326, ""water"": 0.9450666666666666, ""transport"": 0.6666666666666666}",8,0.5683473539268014,,,[],,v2.0,0.7,0.3
S4_water_partial,489,489,6362350545513019448,scenario=S4_water_partial|method=both|duration=0|theta=0.300000|delta_threshold=0.100000|A=v2.0|w=na|run_id=489|seed=6362350545513019448,False,"{""step_1_amount"": 0.27840037912738685}",033832c9a51598bd69064fc3910037f6fde292830c04f0066e6d9779dc60f4ca,0.38314666666666675,0.43114533877793115,0.04799867211126441,23,0.0,0.0,0.38314666666666675,0.43114533877793115,0,0,0.04799867211126441,"{""energy"": 0.6666666666666667, ""water"": 0.05493333333333334, ""transport"": 0.33333333333333337}","{""energy"": 0.698477620497604, ""water"": 0.1529338072425669, ""transport"": 0.3529138280203982}","{""energy"": 0.03181095383093724, ""water"": 0.09800047390923355, ""transport"": 0.019580494687064853}","{""energy"": 0.0, ""water"": 0.0, ""transport"": 0.0}","{""energy"": 0.0, ""water"": 0.0, ""transport"": 0.0}","{""energy"": 0.0, ""water"": 0.0, ""transport"": 0.0}",0.3,0.1,,0.38314666666666675,1.0,0.6168533333333333,1,"{""energy"": 0.6666666666666667, ""water"": 0.05493333333333334, ""transport"": 0.33333333333333337}","{""energy"": 1.0, ""water"": 1.0, ""transport"": 1.0}","{""energy"": 0.33333333333333326, ""water"": 0.9450666666666666, ""transport"": 0.6666666666666666}",11,0.43114533877793115,,,[],,v2.0,0.7,0.3
S4_water_partial,490,490,17037723140355111693,scenario=S4_water_partial|method=both|duration=0|theta=0.300000|delta_threshold=0.100000|A=v2.0|w=na|run_id=490|seed=17037723140355111693,False,"{""step_1_amount"": 0.48372121662816747}",033832c9a51598bd69064fc3910037f6fde292830c04f0066e6d9779dc60f4ca,0.38314666666666675,0.5568478885168465,0.17370122185017978,22,0.0,0.0,0.38314666666666675,0.5568478885168465,0,1,0.17370122185017978,"{""energy"": 0.6666666666666667, ""water"": 0.05493333333333334, ""transport"": 0.33333333333333337}","{""energy"": 0.7817865503135457, ""water"": 0.4095848541185426, ""transport"": 0.4041927071862182}","{""energy"": 0.11511988364687897, ""water"": 0.3546515207852093, ""transport"": 0.07085937385288482}","{""energy"": 0.0, ""water"": 0.0, ""transport"": 0.0}","{""energy"": 0.0, ""water"": 0.0, ""transport"": 0.0}","{""energy"": 0.0, ""water"": 0.0, ""transport"": 0.0}",0.3,0.1,,0.38314666666666675,1.0,0.6168533333333333,1,"{""energy"": 0.6666666666666667, ""water"": 0.05493333333333334, ""transport"": 0.33333333333333337}","{""energy"": 1.0, ""water"": 1.0, ""transport"": 1.0}","{""energy"": 0.33333333333333326, ""water"": 0.9450666666666666, ""transport"": 0.6666666666666666}",9,0.5568478885168465,,,[],,v2.0,0.7,0.3
S4_water_partial,491,491,4659998699085886121,scenario=S4_water_partial|method=both|duration=0|theta=0.300000|delta_threshold=0.100000|A=v2.0|w=na|run_id=491|seed=4659998699085886121,False,"{""step_1_amount"": 0.7893028420355173}",033832c9a51598bd69064fc3910037f6fde292830c04f0066e6d9779dc60f4ca,0.38314666666666675,0.7439325991318613,0.3607859324651945,8,0.0,1.0,0.38314666666666675,0.7439325991318613,1,1,0.3607859324651945,"{""energy"": 0.6666666666666667, ""water"": 0.05493333333333334, ""transport"": 0.33333333333333337}","{""energy"": 0.9057762948225778, ""water"": 0.79156188587773, ""transport"": 0.4805117181317038}","{""energy"": 0.23910962815591108, ""water"": 0.7366285525443966, ""transport"": 0.14717838479837042}","{""energy"": 0.0, ""water"": 0.0, ""transport"": 0.0}","{""energy"": 1.0, ""water"": 1.0, ""transport"": 1.0}","{""energy"": 1.0, ""water"": 1.0, ""transport"": 1.0}",0.3,0.1,,0.38314666666666675,1.0,0.6168533333333333,1,"{""energy"": 0.6666666666666667, ""water"": 0.05493333333333334, ""transport"": 0.33333333333333337}","{""energy"": 1.0, ""water"": 1.0, ""transport"": 1.0}","{""energy"": 0.33333333333333326, ""water"": 0.9450666666666666, ""transport"": 0.6666666666666666}",5,0.7439325991318613,,,"[""energy"", ""transport""]",1,v2.0,0.7,0.3
S4_water_partial,492,492,8755890775237521049,scenario=S4_water_partial|method=both|duration=0|theta=0.300000|delta_threshold=0.100000|A=v2.0|w=na|run_id=492|seed=8755890775237521049,False,"{""step_1_amount"": 0.17400287072237572}",033832c9a51598bd69064fc3910037f6fde292830c04f0066e6d9779dc60f4ca,0.38314666666666675,0.38314666666666675,0.0,20,0.0,0.0,0.38314666666666675,0.38314666666666675,0,0,0.0,"{""energy"": 0.6666666666666667, ""water"": 0.05493333333333334, ""transport"": 0.33333333333333337}","{""energy"": 0.6666666666666667, ""water"": 0.05493333333333334, ""transport"": 0.33333333333333337}","{""energy"": 0.0, ""water"": 0.0, ""transport"": 0.0}","{""energy"": 0.0, ""water"": 0.0, ""transport"": 0.0}","{""energy"": 0.0, ""water"": 0.0, ""transport"": 0.0}","{""energy"": 0.0, ""water"": 0.0, ""transport"": 0.0}",0.3,0.1,,0.38314666666666675,1.0,0.6168533333333333,1,"{""energy"": 0.6666666666666667, ""water"": 0.05493333333333334, ""transport"": 0.33333333333333337}","{""energy"": 1.0, ""water"": 1.0, ""transport"": 1.0}","{""energy"": 0.33333333333333326, ""water"": 0.9450666666666666, ""transport"": 0.6666666666666666}",13,0.38314666666666675,,,[],,v2.0,0.7,0.3
S4_water_partial,493,493,1018404534939230953,scenario=S4_water_partial|method=both|duration=0|theta=0.300000|delta_threshold=0.100000|A=v2.0|w=na|run_id=493|seed=1018404534939230953,False,"{""step_1_amount"": 0.22730922454007838}",033832c9a51598bd69064fc3910037f6fde292830c04f0066e6d9779dc60f4ca,0.38314666666666675,0.39986605666071623,0.016719389994049483,18,0.0,0.0,0.38314666666666675,0.39986605666071623,0,0,0.016719389994049483,"{""energy"": 0.6666666666666667, ""water"": 0.05493333333333334, ""transport"": 0.33333333333333337}","{""energy"": 0.6777473845238036, ""water"": 0.08906986400843134, ""transport"": 0.34015381216221796}","{""energy"": 0.011080717857136824, ""water"": 0.034136530675098, ""transport"": 0.006820478828884591}","{""energy"": 0.0, ""water"": 0.0, ""transport"": 0.0}","{""energy"": 0.0, ""water"": 0.0, ""transport"": 0.0}","{""energy"": 0.0, ""water"": 0.0, ""transport"": 0.0}",0.3,0.1,,0.38314666666666675,1.0,0.6168533333333333,1,"{""energy"": 0.6666666666666667, ""water"": 0.05493333333333334, ""transport"": 0.33333333333333337}","{""energy"": 1.0, ""water"": 1.0, ""transport"": 1.0}","{""energy"": 0.33333333333333326, ""water"": 0.9450666666666666, ""transport"": 0.6666666666666666}",12,0.39986605666071623,,,[],,v2.0,0.7,0.3
S4_water_partial,494,494,3473968960332043032,scenario=S4_water_partial|method=both|duration=0|theta=0.300000|delta_threshold=0.100000|A=v2.0|w=na|run_id=494|seed=3473968960332043032,False,"{""step_1_amount"": 0.08014901126207866}",033832c9a51598bd69064fc3910037f6fde292830c04f0066e6d9779dc60f4ca,0.38314666666666675,0.38314666666666675,0.0,21,0.0,0.0,0.38314666666666675,0.38314666666666675,0,0,0.0,"{""energy"": 0.6666666666666667, ""water"": 0.05493333333333334, ""transport"": 0.33333333333333337}","{""energy"": 0.6666666666666667, ""water"": 0.05493333333333334, ""transport"": 0.33333333333333337}","{""energy"": 0.0, ""water"": 0.0, ""transport"": 0.0}","{""energy"": 0.0, ""water"": 0.0, ""transport"": 0.0}","{""energy"": 0.0, ""water"": 0.0, ""transport"": 0.0}","{""energy"": 0.0, ""water"": 0.0, ""transport"": 0.0}",0.3,0.1,,0.38314666666666675,1.0,0.6168533333333333,1,"{""energy"": 0.6666666666666667, ""water"": 0.05493333333333334, ""transport"": 0.33333333333333337}","{""energy"": 1.0, ""water"": 1.0, ""transport"": 1.0}","{""energy"": 0.33333333333333326, ""water"": 0.9450666666666666, ""transport"": 0.6666666666666666}",13,0.38314666666666675,,,[],,v2.0,0.7,0.3
S4_water_partial,495,495,5980861414856933273,scenario=S4_water_partial|method=both|duration=0|theta=0.300000|delta_threshold=0.100000|A=v2.0|w=na|run_id=495|seed=5980861414856933273,False,"{""step_1_amount"": 0.6682937553766721}",033832c9a51598bd69064fc3910037f6fde292830c04f0066e6d9779dc60f4ca,0.38314666666666675,0.6698478110521499,0.2867011443854831,15,0.0,0.0,0.38314666666666675,0.6698478110521499,0,1,0.2867011443854831,"{""energy"": 0.6666666666666667, ""water"": 0.05493333333333334, ""transport"": 0.33333333333333337}","{""energy"": 0.8566768579107514, ""water"": 0.6403005275541735, ""transport"": 0.4502896987386572}","{""energy"": 0.1900101912440847, ""water"": 0.5853671942208402, ""transport"": 0.11695636540532384}","{""energy"": 0.0, ""water"": 0.0, ""transport"": 0.0}","{""energy"": 0.0, ""water"": 0.0, ""transport"": 0.0}","{""energy"": 0.0, ""water"": 0.0, ""transport"": 0.0}",0.3,0.1,,0.38314666666666675,1.0,0.6168533333333333,1,"{""energy"": 0.6666666666666667, ""water"": 0.05493333333333334, ""transport"": 0.33333333333333337}","{""energy"": 1.0, ""water"": 1.0, ""transport"": 1.0}","{""energy"": 0.33333333333333326, ""water"": 0.9450666666666666, ""transport"": 0.6666666666666666}",6,0.6698478110521499,,,[],,v2.0,0.7,0.3
S4_water_partial,496,496,9642167557374917876,scenario=S4_water_partial|method=both|duration=0|theta=0.300000|delta_threshold=0.100000|A=v2.0|w=na|run_id=496|seed=9642167557374917876,False,"{""step_1_amount"": 0.6192883973971736}",033832c9a51598bd69064fc3910037f6fde292830c04f0066e6d9779dc60f4ca,0.38314666666666675,0.6398455057631514,0.2566988390964846,8,0.0,0.0,0.38314666666666675,0.6398455057631514,0,1,0.2566988390964846,"{""energy"": 0.6666666666666667, ""water"": 0.05493333333333334, ""transport"": 0.33333333333333337}","{""energy"": 0.83679293391057, ""water"": 0.5790438300798003, ""transport"": 0.43805061058327743}","{""energy"": 0.17012626724390323, ""water"": 0.5241104967464669, ""transport"": 0.10471727724994406}","{""energy"": 0.0, ""water"": 0.0, ""transport"": 0.0}","{""energy"": 0.0, ""water"": 0.0, ""transport"": 0.0}","{""energy"": 0.0, ""water"": 0.0, ""transport"": 0.0}",0.3,0.1,,0.38314666666666675,1.0,0.6168533333333333,1,"{""energy"": 0.6666666666666667, ""water"": 0.05493333333333334, ""transport"": 0.33333333333333337}","{""energy"": 1.0, ""water"": 1.0, ""transport"": 1.0}","{""energy"": 0.33333333333333326, ""water"": 0.9450666666666666, ""transport"": 0.6666666666666666}",7,0.6398455057631514,,,[],,v2.0,0.7,0.3
S4_water_partial,497,497,6379771810797299569,scenario=S4_water_partial|method=both|duration=0|theta=0.300000|delta_threshold=0.100000|A=v2.0|w=na|run_id=497|seed=6379771810797299569,False,"{""step_1_amount"": 0.6001986146344344}",033832c9a51598bd69064fc3910037f6fde292830c04f0066e6d9779dc60f4ca,0.38314666666666675,0.6281582635112333,0.24501159684456653,13,0.0,0.0,0.38314666666666675,0.6281582635112333,0,1,0.24501159684456653,"{""energy"": 0.6666666666666667, ""water"": 0.05493333333333334, ""transport"": 0.33333333333333337}","{""energy"": 0.8290472545545885, ""water"": 0.5551816016263763, ""transport"": 0.4332829373382834}","{""energy"": 0.16238058788792176, ""water"": 0.5002482682930429, ""transport"": 0.09994960400495001}","{""energy"": 0.0, ""water"": 0.0, ""transport"": 0.0}","{""energy"": 0.0, ""water"": 0.0, ""transport"": 0.0}","{""energy"": 0.0, ""water"": 0.0, ""transport"": 0.0}",0.3,0.1,,0.38314666666666675,1.0,0.6168533333333333,1,"{""energy"": 0.6666666666666667, ""water"": 0.05493333333333334, ""transport"": 0.33333333333333337}","{""energy"": 1.0, ""water"": 1.0, ""transport"": 1.0}","{""energy"": 0.33333333333333326, ""water"": 0.9450666666666666, ""transport"": 0.6666666666666666}",7,0.6281582635112333,,,[],,v2.0,0.7,0.3
S4_water_partial,498,498,6005426307380712455,scenario=S4_water_partial|method=both|duration=0|theta=0.300000|delta_threshold=0.100000|A=v2.0|w=na|run_id=498|seed=6005426307380712455,False,"{""step_1_amount"": 0.48600551278146253}",033832c9a51598bd69064fc3910037f6fde292830c04f0066e6d9779dc60f4ca,0.38314666666666675,0.5582463917292977,0.17509972506263094,13,0.0,0.0,0.38314666666666675,0.5582463917292977,0,1,0.17509972506263094,"{""energy"": 0.6666666666666667, ""water"": 0.05493333333333334, ""transport"": 0.33333333333333337}","{""energy"": 0.7827134034777452, ""water"": 0.4124402243101616, ""transport"": 0.40476321015050365}","{""energy"": 0.11604673681107847, ""water"": 0.35750689097682825, ""transport"": 0.07142987681717028}","{""energy"": 0.0, ""water"": 0.0, ""transport"": 0.0}","{""energy"": 0.0, ""water"": 0.0, ""transport"": 0.0}","{""energy"": 0.0, ""water"": 0.0, ""transport"": 0.0}",0.3,0.1,,0.38314666666666675,1.0,0.6168533333333333,1,"{""energy"": 0.6666666666666667, ""water"": 0.05493333333333334, ""transport"": 0.33333333333333337}","{""energy"": 1.0, ""water"": 1.0, ""transport"": 1.0}","{""energy"": 0.33333333333333326, ""water"": 0.9450666666666666, ""transport"": 0.6666666666666666}",9,0.5582463917292977,,,[],,v2.0,0.7,0.3
S4_water_partial,499,499,14161458081810647263,scenario=S4_water_partial|method=both|duration=0|theta=0.300000|delta_threshold=0.100000|A=v2.0|w=na|run_id=499|seed=14161458081810647263,False,"{""step_1_amount"": 0.5140874863727855}",033832c9a51598bd69064fc3910037f6fde292830c04f0066e6d9779dc60f4ca,0.38314666666666675,0.5754388780112453,0.19229221134457852,13,0.0,0.0,0.38314666666666675,0.5754388780112453,0,1,0.19229221134457852,"{""energy"": 0.6666666666666667, ""water"": 0.05493333333333334, ""transport"": 0.33333333333333337}","{""energy"": 0.7941076642624244, ""water"": 0.44754269129931507, ""transport"": 0.41177668305493653}","{""energy"": 0.12744099759575767, ""water"": 0.39260935796598173, ""transport"": 0.07844334972160316}","{""energy"": 0.0, ""water"": 0.0, ""transport"": 0.0}","{""energy"": 0.0, ""water"": 0.0, ""transport"": 0.0}","{""energy"": 0.0, ""water"": 0.0, ""transport"": 0.0}",0.3,0.1,,0.38314666666666675,1.0,0.6168533333333333,1,"{""energy"": 0.6666666666666667, ""water"": 0.05493333333333334, ""transport"": 0.33333333333333337}","{""energy"": 1.0, ""water"": 1.0, ""transport"": 1.0}","{""energy"": 0.33333333333333326, ""water"": 0.9450666666666666, ""transport"": 0.6666666666666666}",8,0.5754388780112453,,,[],,v2.0,0.7,0.3
S4_water_partial,500,500,11194307790884342666,scenario=S4_water_partial|method=both|duration=0|theta=0.300000|delta_threshold=0.100000|A=v2.0|w=na|run_id=500|seed=11194307790884342666,False,"{""step_1_amount"": 0.925196350239737}",033832c9a51598bd69064fc3910037f6fde292830c04f0066e6d9779dc60f4ca,0.38314666666666675,0.8271300021921898,0.44398333552552305,10,0.0,1.0,0.38314666666666675,0.8271300021921898,1,1,0.44398333552552305,"{""energy"": 0.6666666666666667, ""water"": 0.05493333333333334, ""transport"": 0.33333333333333337}","{""energy"": 0.9609150857764401, ""water"": 0.9614287711330047, ""transport"": 0.5144511218057077}","{""energy"": 0.2942484191097734, ""water"": 0.9064954377996713, ""transport"": 0.18111778847237436}","{""energy"": 0.0, ""water"": 0.0, ""transport"": 0.0}","{""energy"": 1.0, ""water"": 1.0, ""transport"": 1.0}","{""energy"": 1.0, ""water"": 1.0, ""transport"": 1.0}",0.3,0.1,,0.38314666666666675,1.0,0.6168533333333333,1,"{""energy"": 0.6666666666666667, ""water"": 0.05493333333333334, ""transport"": 0.33333333333333337}","{""energy"": 1.0, ""water"": 1.0, ""transport"": 1.0}","{""energy"": 0.33333333333333326, ""water"": 0.9450666666666666, ""transport"": 0.6666666666666666}",3,0.8271300021921898,,,"[""energy"", ""transport""]",1,v2.0,0.7,0.3
